[DMCModel]
[InputOutputCount]
2 2
[SampleTime]
1
[DynamicHorizon]
200
[Delay]
1
[ControlHorizon]
20
[PredictionHorizon]
100
[StepTime]
1
[SimulationTime]
200
[InputNames]
2
Input_1	Input_2	
[OutputNames]
2
Output_1	Output_2	
[LowerLimits]
4
0	0	0	0	
[UpperLimits]
4
0	0	0	0	
[VelocityLimits]
2
0	0	
[Amplitudes]
2
1	1	
[Biases]
2
0	0	
[QualityMatrix]
198
1	0	0	0	0	0	0	0	0	0	0	0	0	0	0	0	0	0	0	0	0	0	0	0	0	0	0	0	0	0	0	0	0	0	0	0	0	0	0	0	0	0	0	0	0	0	0	0	0	0	0	0	0	0	0	0	0	0	0	0	0	0	0	0	0	0	0	0	0	0	0	0	0	0	0	0	0	0	0	0	0	0	0	0	0	0	0	0	0	0	0	0	0	0	0	0	0	0	0	0	0	0	0	0	0	0	0	0	0	0	0	0	0	0	0	0	0	0	0	0	0	0	0	0	0	0	0	0	0	0	0	0	0	0	0	0	0	0	0	0	0	0	0	0	0	0	0	0	0	0	0	0	0	0	0	0	0	0	0	0	0	0	0	0	0	0	0	0	0	0	0	0	0	0	0	0	0	0	0	0	0	0	0	0	0	0	0	0	0	0	0	0	0	0	0	0	0	0	
0	1	0	0	0	0	0	0	0	0	0	0	0	0	0	0	0	0	0	0	0	0	0	0	0	0	0	0	0	0	0	0	0	0	0	0	0	0	0	0	0	0	0	0	0	0	0	0	0	0	0	0	0	0	0	0	0	0	0	0	0	0	0	0	0	0	0	0	0	0	0	0	0	0	0	0	0	0	0	0	0	0	0	0	0	0	0	0	0	0	0	0	0	0	0	0	0	0	0	0	0	0	0	0	0	0	0	0	0	0	0	0	0	0	0	0	0	0	0	0	0	0	0	0	0	0	0	0	0	0	0	0	0	0	0	0	0	0	0	0	0	0	0	0	0	0	0	0	0	0	0	0	0	0	0	0	0	0	0	0	0	0	0	0	0	0	0	0	0	0	0	0	0	0	0	0	0	0	0	0	0	0	0	0	0	0	0	0	0	0	0	0	0	0	0	0	0	0	
0	0	1	0	0	0	0	0	0	0	0	0	0	0	0	0	0	0	0	0	0	0	0	0	0	0	0	0	0	0	0	0	0	0	0	0	0	0	0	0	0	0	0	0	0	0	0	0	0	0	0	0	0	0	0	0	0	0	0	0	0	0	0	0	0	0	0	0	0	0	0	0	0	0	0	0	0	0	0	0	0	0	0	0	0	0	0	0	0	0	0	0	0	0	0	0	0	0	0	0	0	0	0	0	0	0	0	0	0	0	0	0	0	0	0	0	0	0	0	0	0	0	0	0	0	0	0	0	0	0	0	0	0	0	0	0	0	0	0	0	0	0	0	0	0	0	0	0	0	0	0	0	0	0	0	0	0	0	0	0	0	0	0	0	0	0	0	0	0	0	0	0	0	0	0	0	0	0	0	0	0	0	0	0	0	0	0	0	0	0	0	0	0	0	0	0	0	0	
0	0	0	1	0	0	0	0	0	0	0	0	0	0	0	0	0	0	0	0	0	0	0	0	0	0	0	0	0	0	0	0	0	0	0	0	0	0	0	0	0	0	0	0	0	0	0	0	0	0	0	0	0	0	0	0	0	0	0	0	0	0	0	0	0	0	0	0	0	0	0	0	0	0	0	0	0	0	0	0	0	0	0	0	0	0	0	0	0	0	0	0	0	0	0	0	0	0	0	0	0	0	0	0	0	0	0	0	0	0	0	0	0	0	0	0	0	0	0	0	0	0	0	0	0	0	0	0	0	0	0	0	0	0	0	0	0	0	0	0	0	0	0	0	0	0	0	0	0	0	0	0	0	0	0	0	0	0	0	0	0	0	0	0	0	0	0	0	0	0	0	0	0	0	0	0	0	0	0	0	0	0	0	0	0	0	0	0	0	0	0	0	0	0	0	0	0	0	
0	0	0	0	1	0	0	0	0	0	0	0	0	0	0	0	0	0	0	0	0	0	0	0	0	0	0	0	0	0	0	0	0	0	0	0	0	0	0	0	0	0	0	0	0	0	0	0	0	0	0	0	0	0	0	0	0	0	0	0	0	0	0	0	0	0	0	0	0	0	0	0	0	0	0	0	0	0	0	0	0	0	0	0	0	0	0	0	0	0	0	0	0	0	0	0	0	0	0	0	0	0	0	0	0	0	0	0	0	0	0	0	0	0	0	0	0	0	0	0	0	0	0	0	0	0	0	0	0	0	0	0	0	0	0	0	0	0	0	0	0	0	0	0	0	0	0	0	0	0	0	0	0	0	0	0	0	0	0	0	0	0	0	0	0	0	0	0	0	0	0	0	0	0	0	0	0	0	0	0	0	0	0	0	0	0	0	0	0	0	0	0	0	0	0	0	0	0	
0	0	0	0	0	1	0	0	0	0	0	0	0	0	0	0	0	0	0	0	0	0	0	0	0	0	0	0	0	0	0	0	0	0	0	0	0	0	0	0	0	0	0	0	0	0	0	0	0	0	0	0	0	0	0	0	0	0	0	0	0	0	0	0	0	0	0	0	0	0	0	0	0	0	0	0	0	0	0	0	0	0	0	0	0	0	0	0	0	0	0	0	0	0	0	0	0	0	0	0	0	0	0	0	0	0	0	0	0	0	0	0	0	0	0	0	0	0	0	0	0	0	0	0	0	0	0	0	0	0	0	0	0	0	0	0	0	0	0	0	0	0	0	0	0	0	0	0	0	0	0	0	0	0	0	0	0	0	0	0	0	0	0	0	0	0	0	0	0	0	0	0	0	0	0	0	0	0	0	0	0	0	0	0	0	0	0	0	0	0	0	0	0	0	0	0	0	0	
0	0	0	0	0	0	1	0	0	0	0	0	0	0	0	0	0	0	0	0	0	0	0	0	0	0	0	0	0	0	0	0	0	0	0	0	0	0	0	0	0	0	0	0	0	0	0	0	0	0	0	0	0	0	0	0	0	0	0	0	0	0	0	0	0	0	0	0	0	0	0	0	0	0	0	0	0	0	0	0	0	0	0	0	0	0	0	0	0	0	0	0	0	0	0	0	0	0	0	0	0	0	0	0	0	0	0	0	0	0	0	0	0	0	0	0	0	0	0	0	0	0	0	0	0	0	0	0	0	0	0	0	0	0	0	0	0	0	0	0	0	0	0	0	0	0	0	0	0	0	0	0	0	0	0	0	0	0	0	0	0	0	0	0	0	0	0	0	0	0	0	0	0	0	0	0	0	0	0	0	0	0	0	0	0	0	0	0	0	0	0	0	0	0	0	0	0	0	
0	0	0	0	0	0	0	1	0	0	0	0	0	0	0	0	0	0	0	0	0	0	0	0	0	0	0	0	0	0	0	0	0	0	0	0	0	0	0	0	0	0	0	0	0	0	0	0	0	0	0	0	0	0	0	0	0	0	0	0	0	0	0	0	0	0	0	0	0	0	0	0	0	0	0	0	0	0	0	0	0	0	0	0	0	0	0	0	0	0	0	0	0	0	0	0	0	0	0	0	0	0	0	0	0	0	0	0	0	0	0	0	0	0	0	0	0	0	0	0	0	0	0	0	0	0	0	0	0	0	0	0	0	0	0	0	0	0	0	0	0	0	0	0	0	0	0	0	0	0	0	0	0	0	0	0	0	0	0	0	0	0	0	0	0	0	0	0	0	0	0	0	0	0	0	0	0	0	0	0	0	0	0	0	0	0	0	0	0	0	0	0	0	0	0	0	0	0	
0	0	0	0	0	0	0	0	1	0	0	0	0	0	0	0	0	0	0	0	0	0	0	0	0	0	0	0	0	0	0	0	0	0	0	0	0	0	0	0	0	0	0	0	0	0	0	0	0	0	0	0	0	0	0	0	0	0	0	0	0	0	0	0	0	0	0	0	0	0	0	0	0	0	0	0	0	0	0	0	0	0	0	0	0	0	0	0	0	0	0	0	0	0	0	0	0	0	0	0	0	0	0	0	0	0	0	0	0	0	0	0	0	0	0	0	0	0	0	0	0	0	0	0	0	0	0	0	0	0	0	0	0	0	0	0	0	0	0	0	0	0	0	0	0	0	0	0	0	0	0	0	0	0	0	0	0	0	0	0	0	0	0	0	0	0	0	0	0	0	0	0	0	0	0	0	0	0	0	0	0	0	0	0	0	0	0	0	0	0	0	0	0	0	0	0	0	0	
0	0	0	0	0	0	0	0	0	1	0	0	0	0	0	0	0	0	0	0	0	0	0	0	0	0	0	0	0	0	0	0	0	0	0	0	0	0	0	0	0	0	0	0	0	0	0	0	0	0	0	0	0	0	0	0	0	0	0	0	0	0	0	0	0	0	0	0	0	0	0	0	0	0	0	0	0	0	0	0	0	0	0	0	0	0	0	0	0	0	0	0	0	0	0	0	0	0	0	0	0	0	0	0	0	0	0	0	0	0	0	0	0	0	0	0	0	0	0	0	0	0	0	0	0	0	0	0	0	0	0	0	0	0	0	0	0	0	0	0	0	0	0	0	0	0	0	0	0	0	0	0	0	0	0	0	0	0	0	0	0	0	0	0	0	0	0	0	0	0	0	0	0	0	0	0	0	0	0	0	0	0	0	0	0	0	0	0	0	0	0	0	0	0	0	0	0	0	
0	0	0	0	0	0	0	0	0	0	1	0	0	0	0	0	0	0	0	0	0	0	0	0	0	0	0	0	0	0	0	0	0	0	0	0	0	0	0	0	0	0	0	0	0	0	0	0	0	0	0	0	0	0	0	0	0	0	0	0	0	0	0	0	0	0	0	0	0	0	0	0	0	0	0	0	0	0	0	0	0	0	0	0	0	0	0	0	0	0	0	0	0	0	0	0	0	0	0	0	0	0	0	0	0	0	0	0	0	0	0	0	0	0	0	0	0	0	0	0	0	0	0	0	0	0	0	0	0	0	0	0	0	0	0	0	0	0	0	0	0	0	0	0	0	0	0	0	0	0	0	0	0	0	0	0	0	0	0	0	0	0	0	0	0	0	0	0	0	0	0	0	0	0	0	0	0	0	0	0	0	0	0	0	0	0	0	0	0	0	0	0	0	0	0	0	0	0	
0	0	0	0	0	0	0	0	0	0	0	1	0	0	0	0	0	0	0	0	0	0	0	0	0	0	0	0	0	0	0	0	0	0	0	0	0	0	0	0	0	0	0	0	0	0	0	0	0	0	0	0	0	0	0	0	0	0	0	0	0	0	0	0	0	0	0	0	0	0	0	0	0	0	0	0	0	0	0	0	0	0	0	0	0	0	0	0	0	0	0	0	0	0	0	0	0	0	0	0	0	0	0	0	0	0	0	0	0	0	0	0	0	0	0	0	0	0	0	0	0	0	0	0	0	0	0	0	0	0	0	0	0	0	0	0	0	0	0	0	0	0	0	0	0	0	0	0	0	0	0	0	0	0	0	0	0	0	0	0	0	0	0	0	0	0	0	0	0	0	0	0	0	0	0	0	0	0	0	0	0	0	0	0	0	0	0	0	0	0	0	0	0	0	0	0	0	0	
0	0	0	0	0	0	0	0	0	0	0	0	1	0	0	0	0	0	0	0	0	0	0	0	0	0	0	0	0	0	0	0	0	0	0	0	0	0	0	0	0	0	0	0	0	0	0	0	0	0	0	0	0	0	0	0	0	0	0	0	0	0	0	0	0	0	0	0	0	0	0	0	0	0	0	0	0	0	0	0	0	0	0	0	0	0	0	0	0	0	0	0	0	0	0	0	0	0	0	0	0	0	0	0	0	0	0	0	0	0	0	0	0	0	0	0	0	0	0	0	0	0	0	0	0	0	0	0	0	0	0	0	0	0	0	0	0	0	0	0	0	0	0	0	0	0	0	0	0	0	0	0	0	0	0	0	0	0	0	0	0	0	0	0	0	0	0	0	0	0	0	0	0	0	0	0	0	0	0	0	0	0	0	0	0	0	0	0	0	0	0	0	0	0	0	0	0	0	
0	0	0	0	0	0	0	0	0	0	0	0	0	1	0	0	0	0	0	0	0	0	0	0	0	0	0	0	0	0	0	0	0	0	0	0	0	0	0	0	0	0	0	0	0	0	0	0	0	0	0	0	0	0	0	0	0	0	0	0	0	0	0	0	0	0	0	0	0	0	0	0	0	0	0	0	0	0	0	0	0	0	0	0	0	0	0	0	0	0	0	0	0	0	0	0	0	0	0	0	0	0	0	0	0	0	0	0	0	0	0	0	0	0	0	0	0	0	0	0	0	0	0	0	0	0	0	0	0	0	0	0	0	0	0	0	0	0	0	0	0	0	0	0	0	0	0	0	0	0	0	0	0	0	0	0	0	0	0	0	0	0	0	0	0	0	0	0	0	0	0	0	0	0	0	0	0	0	0	0	0	0	0	0	0	0	0	0	0	0	0	0	0	0	0	0	0	0	
0	0	0	0	0	0	0	0	0	0	0	0	0	0	1	0	0	0	0	0	0	0	0	0	0	0	0	0	0	0	0	0	0	0	0	0	0	0	0	0	0	0	0	0	0	0	0	0	0	0	0	0	0	0	0	0	0	0	0	0	0	0	0	0	0	0	0	0	0	0	0	0	0	0	0	0	0	0	0	0	0	0	0	0	0	0	0	0	0	0	0	0	0	0	0	0	0	0	0	0	0	0	0	0	0	0	0	0	0	0	0	0	0	0	0	0	0	0	0	0	0	0	0	0	0	0	0	0	0	0	0	0	0	0	0	0	0	0	0	0	0	0	0	0	0	0	0	0	0	0	0	0	0	0	0	0	0	0	0	0	0	0	0	0	0	0	0	0	0	0	0	0	0	0	0	0	0	0	0	0	0	0	0	0	0	0	0	0	0	0	0	0	0	0	0	0	0	0	
0	0	0	0	0	0	0	0	0	0	0	0	0	0	0	1	0	0	0	0	0	0	0	0	0	0	0	0	0	0	0	0	0	0	0	0	0	0	0	0	0	0	0	0	0	0	0	0	0	0	0	0	0	0	0	0	0	0	0	0	0	0	0	0	0	0	0	0	0	0	0	0	0	0	0	0	0	0	0	0	0	0	0	0	0	0	0	0	0	0	0	0	0	0	0	0	0	0	0	0	0	0	0	0	0	0	0	0	0	0	0	0	0	0	0	0	0	0	0	0	0	0	0	0	0	0	0	0	0	0	0	0	0	0	0	0	0	0	0	0	0	0	0	0	0	0	0	0	0	0	0	0	0	0	0	0	0	0	0	0	0	0	0	0	0	0	0	0	0	0	0	0	0	0	0	0	0	0	0	0	0	0	0	0	0	0	0	0	0	0	0	0	0	0	0	0	0	0	
0	0	0	0	0	0	0	0	0	0	0	0	0	0	0	0	1	0	0	0	0	0	0	0	0	0	0	0	0	0	0	0	0	0	0	0	0	0	0	0	0	0	0	0	0	0	0	0	0	0	0	0	0	0	0	0	0	0	0	0	0	0	0	0	0	0	0	0	0	0	0	0	0	0	0	0	0	0	0	0	0	0	0	0	0	0	0	0	0	0	0	0	0	0	0	0	0	0	0	0	0	0	0	0	0	0	0	0	0	0	0	0	0	0	0	0	0	0	0	0	0	0	0	0	0	0	0	0	0	0	0	0	0	0	0	0	0	0	0	0	0	0	0	0	0	0	0	0	0	0	0	0	0	0	0	0	0	0	0	0	0	0	0	0	0	0	0	0	0	0	0	0	0	0	0	0	0	0	0	0	0	0	0	0	0	0	0	0	0	0	0	0	0	0	0	0	0	0	
0	0	0	0	0	0	0	0	0	0	0	0	0	0	0	0	0	1	0	0	0	0	0	0	0	0	0	0	0	0	0	0	0	0	0	0	0	0	0	0	0	0	0	0	0	0	0	0	0	0	0	0	0	0	0	0	0	0	0	0	0	0	0	0	0	0	0	0	0	0	0	0	0	0	0	0	0	0	0	0	0	0	0	0	0	0	0	0	0	0	0	0	0	0	0	0	0	0	0	0	0	0	0	0	0	0	0	0	0	0	0	0	0	0	0	0	0	0	0	0	0	0	0	0	0	0	0	0	0	0	0	0	0	0	0	0	0	0	0	0	0	0	0	0	0	0	0	0	0	0	0	0	0	0	0	0	0	0	0	0	0	0	0	0	0	0	0	0	0	0	0	0	0	0	0	0	0	0	0	0	0	0	0	0	0	0	0	0	0	0	0	0	0	0	0	0	0	0	
0	0	0	0	0	0	0	0	0	0	0	0	0	0	0	0	0	0	1	0	0	0	0	0	0	0	0	0	0	0	0	0	0	0	0	0	0	0	0	0	0	0	0	0	0	0	0	0	0	0	0	0	0	0	0	0	0	0	0	0	0	0	0	0	0	0	0	0	0	0	0	0	0	0	0	0	0	0	0	0	0	0	0	0	0	0	0	0	0	0	0	0	0	0	0	0	0	0	0	0	0	0	0	0	0	0	0	0	0	0	0	0	0	0	0	0	0	0	0	0	0	0	0	0	0	0	0	0	0	0	0	0	0	0	0	0	0	0	0	0	0	0	0	0	0	0	0	0	0	0	0	0	0	0	0	0	0	0	0	0	0	0	0	0	0	0	0	0	0	0	0	0	0	0	0	0	0	0	0	0	0	0	0	0	0	0	0	0	0	0	0	0	0	0	0	0	0	0	
0	0	0	0	0	0	0	0	0	0	0	0	0	0	0	0	0	0	0	1	0	0	0	0	0	0	0	0	0	0	0	0	0	0	0	0	0	0	0	0	0	0	0	0	0	0	0	0	0	0	0	0	0	0	0	0	0	0	0	0	0	0	0	0	0	0	0	0	0	0	0	0	0	0	0	0	0	0	0	0	0	0	0	0	0	0	0	0	0	0	0	0	0	0	0	0	0	0	0	0	0	0	0	0	0	0	0	0	0	0	0	0	0	0	0	0	0	0	0	0	0	0	0	0	0	0	0	0	0	0	0	0	0	0	0	0	0	0	0	0	0	0	0	0	0	0	0	0	0	0	0	0	0	0	0	0	0	0	0	0	0	0	0	0	0	0	0	0	0	0	0	0	0	0	0	0	0	0	0	0	0	0	0	0	0	0	0	0	0	0	0	0	0	0	0	0	0	0	
0	0	0	0	0	0	0	0	0	0	0	0	0	0	0	0	0	0	0	0	1	0	0	0	0	0	0	0	0	0	0	0	0	0	0	0	0	0	0	0	0	0	0	0	0	0	0	0	0	0	0	0	0	0	0	0	0	0	0	0	0	0	0	0	0	0	0	0	0	0	0	0	0	0	0	0	0	0	0	0	0	0	0	0	0	0	0	0	0	0	0	0	0	0	0	0	0	0	0	0	0	0	0	0	0	0	0	0	0	0	0	0	0	0	0	0	0	0	0	0	0	0	0	0	0	0	0	0	0	0	0	0	0	0	0	0	0	0	0	0	0	0	0	0	0	0	0	0	0	0	0	0	0	0	0	0	0	0	0	0	0	0	0	0	0	0	0	0	0	0	0	0	0	0	0	0	0	0	0	0	0	0	0	0	0	0	0	0	0	0	0	0	0	0	0	0	0	0	
0	0	0	0	0	0	0	0	0	0	0	0	0	0	0	0	0	0	0	0	0	1	0	0	0	0	0	0	0	0	0	0	0	0	0	0	0	0	0	0	0	0	0	0	0	0	0	0	0	0	0	0	0	0	0	0	0	0	0	0	0	0	0	0	0	0	0	0	0	0	0	0	0	0	0	0	0	0	0	0	0	0	0	0	0	0	0	0	0	0	0	0	0	0	0	0	0	0	0	0	0	0	0	0	0	0	0	0	0	0	0	0	0	0	0	0	0	0	0	0	0	0	0	0	0	0	0	0	0	0	0	0	0	0	0	0	0	0	0	0	0	0	0	0	0	0	0	0	0	0	0	0	0	0	0	0	0	0	0	0	0	0	0	0	0	0	0	0	0	0	0	0	0	0	0	0	0	0	0	0	0	0	0	0	0	0	0	0	0	0	0	0	0	0	0	0	0	0	
0	0	0	0	0	0	0	0	0	0	0	0	0	0	0	0	0	0	0	0	0	0	1	0	0	0	0	0	0	0	0	0	0	0	0	0	0	0	0	0	0	0	0	0	0	0	0	0	0	0	0	0	0	0	0	0	0	0	0	0	0	0	0	0	0	0	0	0	0	0	0	0	0	0	0	0	0	0	0	0	0	0	0	0	0	0	0	0	0	0	0	0	0	0	0	0	0	0	0	0	0	0	0	0	0	0	0	0	0	0	0	0	0	0	0	0	0	0	0	0	0	0	0	0	0	0	0	0	0	0	0	0	0	0	0	0	0	0	0	0	0	0	0	0	0	0	0	0	0	0	0	0	0	0	0	0	0	0	0	0	0	0	0	0	0	0	0	0	0	0	0	0	0	0	0	0	0	0	0	0	0	0	0	0	0	0	0	0	0	0	0	0	0	0	0	0	0	0	
0	0	0	0	0	0	0	0	0	0	0	0	0	0	0	0	0	0	0	0	0	0	0	1	0	0	0	0	0	0	0	0	0	0	0	0	0	0	0	0	0	0	0	0	0	0	0	0	0	0	0	0	0	0	0	0	0	0	0	0	0	0	0	0	0	0	0	0	0	0	0	0	0	0	0	0	0	0	0	0	0	0	0	0	0	0	0	0	0	0	0	0	0	0	0	0	0	0	0	0	0	0	0	0	0	0	0	0	0	0	0	0	0	0	0	0	0	0	0	0	0	0	0	0	0	0	0	0	0	0	0	0	0	0	0	0	0	0	0	0	0	0	0	0	0	0	0	0	0	0	0	0	0	0	0	0	0	0	0	0	0	0	0	0	0	0	0	0	0	0	0	0	0	0	0	0	0	0	0	0	0	0	0	0	0	0	0	0	0	0	0	0	0	0	0	0	0	0	
0	0	0	0	0	0	0	0	0	0	0	0	0	0	0	0	0	0	0	0	0	0	0	0	1	0	0	0	0	0	0	0	0	0	0	0	0	0	0	0	0	0	0	0	0	0	0	0	0	0	0	0	0	0	0	0	0	0	0	0	0	0	0	0	0	0	0	0	0	0	0	0	0	0	0	0	0	0	0	0	0	0	0	0	0	0	0	0	0	0	0	0	0	0	0	0	0	0	0	0	0	0	0	0	0	0	0	0	0	0	0	0	0	0	0	0	0	0	0	0	0	0	0	0	0	0	0	0	0	0	0	0	0	0	0	0	0	0	0	0	0	0	0	0	0	0	0	0	0	0	0	0	0	0	0	0	0	0	0	0	0	0	0	0	0	0	0	0	0	0	0	0	0	0	0	0	0	0	0	0	0	0	0	0	0	0	0	0	0	0	0	0	0	0	0	0	0	0	
0	0	0	0	0	0	0	0	0	0	0	0	0	0	0	0	0	0	0	0	0	0	0	0	0	1	0	0	0	0	0	0	0	0	0	0	0	0	0	0	0	0	0	0	0	0	0	0	0	0	0	0	0	0	0	0	0	0	0	0	0	0	0	0	0	0	0	0	0	0	0	0	0	0	0	0	0	0	0	0	0	0	0	0	0	0	0	0	0	0	0	0	0	0	0	0	0	0	0	0	0	0	0	0	0	0	0	0	0	0	0	0	0	0	0	0	0	0	0	0	0	0	0	0	0	0	0	0	0	0	0	0	0	0	0	0	0	0	0	0	0	0	0	0	0	0	0	0	0	0	0	0	0	0	0	0	0	0	0	0	0	0	0	0	0	0	0	0	0	0	0	0	0	0	0	0	0	0	0	0	0	0	0	0	0	0	0	0	0	0	0	0	0	0	0	0	0	0	
0	0	0	0	0	0	0	0	0	0	0	0	0	0	0	0	0	0	0	0	0	0	0	0	0	0	1	0	0	0	0	0	0	0	0	0	0	0	0	0	0	0	0	0	0	0	0	0	0	0	0	0	0	0	0	0	0	0	0	0	0	0	0	0	0	0	0	0	0	0	0	0	0	0	0	0	0	0	0	0	0	0	0	0	0	0	0	0	0	0	0	0	0	0	0	0	0	0	0	0	0	0	0	0	0	0	0	0	0	0	0	0	0	0	0	0	0	0	0	0	0	0	0	0	0	0	0	0	0	0	0	0	0	0	0	0	0	0	0	0	0	0	0	0	0	0	0	0	0	0	0	0	0	0	0	0	0	0	0	0	0	0	0	0	0	0	0	0	0	0	0	0	0	0	0	0	0	0	0	0	0	0	0	0	0	0	0	0	0	0	0	0	0	0	0	0	0	0	
0	0	0	0	0	0	0	0	0	0	0	0	0	0	0	0	0	0	0	0	0	0	0	0	0	0	0	1	0	0	0	0	0	0	0	0	0	0	0	0	0	0	0	0	0	0	0	0	0	0	0	0	0	0	0	0	0	0	0	0	0	0	0	0	0	0	0	0	0	0	0	0	0	0	0	0	0	0	0	0	0	0	0	0	0	0	0	0	0	0	0	0	0	0	0	0	0	0	0	0	0	0	0	0	0	0	0	0	0	0	0	0	0	0	0	0	0	0	0	0	0	0	0	0	0	0	0	0	0	0	0	0	0	0	0	0	0	0	0	0	0	0	0	0	0	0	0	0	0	0	0	0	0	0	0	0	0	0	0	0	0	0	0	0	0	0	0	0	0	0	0	0	0	0	0	0	0	0	0	0	0	0	0	0	0	0	0	0	0	0	0	0	0	0	0	0	0	0	
0	0	0	0	0	0	0	0	0	0	0	0	0	0	0	0	0	0	0	0	0	0	0	0	0	0	0	0	1	0	0	0	0	0	0	0	0	0	0	0	0	0	0	0	0	0	0	0	0	0	0	0	0	0	0	0	0	0	0	0	0	0	0	0	0	0	0	0	0	0	0	0	0	0	0	0	0	0	0	0	0	0	0	0	0	0	0	0	0	0	0	0	0	0	0	0	0	0	0	0	0	0	0	0	0	0	0	0	0	0	0	0	0	0	0	0	0	0	0	0	0	0	0	0	0	0	0	0	0	0	0	0	0	0	0	0	0	0	0	0	0	0	0	0	0	0	0	0	0	0	0	0	0	0	0	0	0	0	0	0	0	0	0	0	0	0	0	0	0	0	0	0	0	0	0	0	0	0	0	0	0	0	0	0	0	0	0	0	0	0	0	0	0	0	0	0	0	0	
0	0	0	0	0	0	0	0	0	0	0	0	0	0	0	0	0	0	0	0	0	0	0	0	0	0	0	0	0	1	0	0	0	0	0	0	0	0	0	0	0	0	0	0	0	0	0	0	0	0	0	0	0	0	0	0	0	0	0	0	0	0	0	0	0	0	0	0	0	0	0	0	0	0	0	0	0	0	0	0	0	0	0	0	0	0	0	0	0	0	0	0	0	0	0	0	0	0	0	0	0	0	0	0	0	0	0	0	0	0	0	0	0	0	0	0	0	0	0	0	0	0	0	0	0	0	0	0	0	0	0	0	0	0	0	0	0	0	0	0	0	0	0	0	0	0	0	0	0	0	0	0	0	0	0	0	0	0	0	0	0	0	0	0	0	0	0	0	0	0	0	0	0	0	0	0	0	0	0	0	0	0	0	0	0	0	0	0	0	0	0	0	0	0	0	0	0	0	
0	0	0	0	0	0	0	0	0	0	0	0	0	0	0	0	0	0	0	0	0	0	0	0	0	0	0	0	0	0	1	0	0	0	0	0	0	0	0	0	0	0	0	0	0	0	0	0	0	0	0	0	0	0	0	0	0	0	0	0	0	0	0	0	0	0	0	0	0	0	0	0	0	0	0	0	0	0	0	0	0	0	0	0	0	0	0	0	0	0	0	0	0	0	0	0	0	0	0	0	0	0	0	0	0	0	0	0	0	0	0	0	0	0	0	0	0	0	0	0	0	0	0	0	0	0	0	0	0	0	0	0	0	0	0	0	0	0	0	0	0	0	0	0	0	0	0	0	0	0	0	0	0	0	0	0	0	0	0	0	0	0	0	0	0	0	0	0	0	0	0	0	0	0	0	0	0	0	0	0	0	0	0	0	0	0	0	0	0	0	0	0	0	0	0	0	0	0	
0	0	0	0	0	0	0	0	0	0	0	0	0	0	0	0	0	0	0	0	0	0	0	0	0	0	0	0	0	0	0	1	0	0	0	0	0	0	0	0	0	0	0	0	0	0	0	0	0	0	0	0	0	0	0	0	0	0	0	0	0	0	0	0	0	0	0	0	0	0	0	0	0	0	0	0	0	0	0	0	0	0	0	0	0	0	0	0	0	0	0	0	0	0	0	0	0	0	0	0	0	0	0	0	0	0	0	0	0	0	0	0	0	0	0	0	0	0	0	0	0	0	0	0	0	0	0	0	0	0	0	0	0	0	0	0	0	0	0	0	0	0	0	0	0	0	0	0	0	0	0	0	0	0	0	0	0	0	0	0	0	0	0	0	0	0	0	0	0	0	0	0	0	0	0	0	0	0	0	0	0	0	0	0	0	0	0	0	0	0	0	0	0	0	0	0	0	0	
0	0	0	0	0	0	0	0	0	0	0	0	0	0	0	0	0	0	0	0	0	0	0	0	0	0	0	0	0	0	0	0	1	0	0	0	0	0	0	0	0	0	0	0	0	0	0	0	0	0	0	0	0	0	0	0	0	0	0	0	0	0	0	0	0	0	0	0	0	0	0	0	0	0	0	0	0	0	0	0	0	0	0	0	0	0	0	0	0	0	0	0	0	0	0	0	0	0	0	0	0	0	0	0	0	0	0	0	0	0	0	0	0	0	0	0	0	0	0	0	0	0	0	0	0	0	0	0	0	0	0	0	0	0	0	0	0	0	0	0	0	0	0	0	0	0	0	0	0	0	0	0	0	0	0	0	0	0	0	0	0	0	0	0	0	0	0	0	0	0	0	0	0	0	0	0	0	0	0	0	0	0	0	0	0	0	0	0	0	0	0	0	0	0	0	0	0	0	
0	0	0	0	0	0	0	0	0	0	0	0	0	0	0	0	0	0	0	0	0	0	0	0	0	0	0	0	0	0	0	0	0	1	0	0	0	0	0	0	0	0	0	0	0	0	0	0	0	0	0	0	0	0	0	0	0	0	0	0	0	0	0	0	0	0	0	0	0	0	0	0	0	0	0	0	0	0	0	0	0	0	0	0	0	0	0	0	0	0	0	0	0	0	0	0	0	0	0	0	0	0	0	0	0	0	0	0	0	0	0	0	0	0	0	0	0	0	0	0	0	0	0	0	0	0	0	0	0	0	0	0	0	0	0	0	0	0	0	0	0	0	0	0	0	0	0	0	0	0	0	0	0	0	0	0	0	0	0	0	0	0	0	0	0	0	0	0	0	0	0	0	0	0	0	0	0	0	0	0	0	0	0	0	0	0	0	0	0	0	0	0	0	0	0	0	0	0	
0	0	0	0	0	0	0	0	0	0	0	0	0	0	0	0	0	0	0	0	0	0	0	0	0	0	0	0	0	0	0	0	0	0	1	0	0	0	0	0	0	0	0	0	0	0	0	0	0	0	0	0	0	0	0	0	0	0	0	0	0	0	0	0	0	0	0	0	0	0	0	0	0	0	0	0	0	0	0	0	0	0	0	0	0	0	0	0	0	0	0	0	0	0	0	0	0	0	0	0	0	0	0	0	0	0	0	0	0	0	0	0	0	0	0	0	0	0	0	0	0	0	0	0	0	0	0	0	0	0	0	0	0	0	0	0	0	0	0	0	0	0	0	0	0	0	0	0	0	0	0	0	0	0	0	0	0	0	0	0	0	0	0	0	0	0	0	0	0	0	0	0	0	0	0	0	0	0	0	0	0	0	0	0	0	0	0	0	0	0	0	0	0	0	0	0	0	0	
0	0	0	0	0	0	0	0	0	0	0	0	0	0	0	0	0	0	0	0	0	0	0	0	0	0	0	0	0	0	0	0	0	0	0	1	0	0	0	0	0	0	0	0	0	0	0	0	0	0	0	0	0	0	0	0	0	0	0	0	0	0	0	0	0	0	0	0	0	0	0	0	0	0	0	0	0	0	0	0	0	0	0	0	0	0	0	0	0	0	0	0	0	0	0	0	0	0	0	0	0	0	0	0	0	0	0	0	0	0	0	0	0	0	0	0	0	0	0	0	0	0	0	0	0	0	0	0	0	0	0	0	0	0	0	0	0	0	0	0	0	0	0	0	0	0	0	0	0	0	0	0	0	0	0	0	0	0	0	0	0	0	0	0	0	0	0	0	0	0	0	0	0	0	0	0	0	0	0	0	0	0	0	0	0	0	0	0	0	0	0	0	0	0	0	0	0	0	
0	0	0	0	0	0	0	0	0	0	0	0	0	0	0	0	0	0	0	0	0	0	0	0	0	0	0	0	0	0	0	0	0	0	0	0	1	0	0	0	0	0	0	0	0	0	0	0	0	0	0	0	0	0	0	0	0	0	0	0	0	0	0	0	0	0	0	0	0	0	0	0	0	0	0	0	0	0	0	0	0	0	0	0	0	0	0	0	0	0	0	0	0	0	0	0	0	0	0	0	0	0	0	0	0	0	0	0	0	0	0	0	0	0	0	0	0	0	0	0	0	0	0	0	0	0	0	0	0	0	0	0	0	0	0	0	0	0	0	0	0	0	0	0	0	0	0	0	0	0	0	0	0	0	0	0	0	0	0	0	0	0	0	0	0	0	0	0	0	0	0	0	0	0	0	0	0	0	0	0	0	0	0	0	0	0	0	0	0	0	0	0	0	0	0	0	0	0	
0	0	0	0	0	0	0	0	0	0	0	0	0	0	0	0	0	0	0	0	0	0	0	0	0	0	0	0	0	0	0	0	0	0	0	0	0	1	0	0	0	0	0	0	0	0	0	0	0	0	0	0	0	0	0	0	0	0	0	0	0	0	0	0	0	0	0	0	0	0	0	0	0	0	0	0	0	0	0	0	0	0	0	0	0	0	0	0	0	0	0	0	0	0	0	0	0	0	0	0	0	0	0	0	0	0	0	0	0	0	0	0	0	0	0	0	0	0	0	0	0	0	0	0	0	0	0	0	0	0	0	0	0	0	0	0	0	0	0	0	0	0	0	0	0	0	0	0	0	0	0	0	0	0	0	0	0	0	0	0	0	0	0	0	0	0	0	0	0	0	0	0	0	0	0	0	0	0	0	0	0	0	0	0	0	0	0	0	0	0	0	0	0	0	0	0	0	0	
0	0	0	0	0	0	0	0	0	0	0	0	0	0	0	0	0	0	0	0	0	0	0	0	0	0	0	0	0	0	0	0	0	0	0	0	0	0	1	0	0	0	0	0	0	0	0	0	0	0	0	0	0	0	0	0	0	0	0	0	0	0	0	0	0	0	0	0	0	0	0	0	0	0	0	0	0	0	0	0	0	0	0	0	0	0	0	0	0	0	0	0	0	0	0	0	0	0	0	0	0	0	0	0	0	0	0	0	0	0	0	0	0	0	0	0	0	0	0	0	0	0	0	0	0	0	0	0	0	0	0	0	0	0	0	0	0	0	0	0	0	0	0	0	0	0	0	0	0	0	0	0	0	0	0	0	0	0	0	0	0	0	0	0	0	0	0	0	0	0	0	0	0	0	0	0	0	0	0	0	0	0	0	0	0	0	0	0	0	0	0	0	0	0	0	0	0	0	
0	0	0	0	0	0	0	0	0	0	0	0	0	0	0	0	0	0	0	0	0	0	0	0	0	0	0	0	0	0	0	0	0	0	0	0	0	0	0	1	0	0	0	0	0	0	0	0	0	0	0	0	0	0	0	0	0	0	0	0	0	0	0	0	0	0	0	0	0	0	0	0	0	0	0	0	0	0	0	0	0	0	0	0	0	0	0	0	0	0	0	0	0	0	0	0	0	0	0	0	0	0	0	0	0	0	0	0	0	0	0	0	0	0	0	0	0	0	0	0	0	0	0	0	0	0	0	0	0	0	0	0	0	0	0	0	0	0	0	0	0	0	0	0	0	0	0	0	0	0	0	0	0	0	0	0	0	0	0	0	0	0	0	0	0	0	0	0	0	0	0	0	0	0	0	0	0	0	0	0	0	0	0	0	0	0	0	0	0	0	0	0	0	0	0	0	0	0	
0	0	0	0	0	0	0	0	0	0	0	0	0	0	0	0	0	0	0	0	0	0	0	0	0	0	0	0	0	0	0	0	0	0	0	0	0	0	0	0	1	0	0	0	0	0	0	0	0	0	0	0	0	0	0	0	0	0	0	0	0	0	0	0	0	0	0	0	0	0	0	0	0	0	0	0	0	0	0	0	0	0	0	0	0	0	0	0	0	0	0	0	0	0	0	0	0	0	0	0	0	0	0	0	0	0	0	0	0	0	0	0	0	0	0	0	0	0	0	0	0	0	0	0	0	0	0	0	0	0	0	0	0	0	0	0	0	0	0	0	0	0	0	0	0	0	0	0	0	0	0	0	0	0	0	0	0	0	0	0	0	0	0	0	0	0	0	0	0	0	0	0	0	0	0	0	0	0	0	0	0	0	0	0	0	0	0	0	0	0	0	0	0	0	0	0	0	0	
0	0	0	0	0	0	0	0	0	0	0	0	0	0	0	0	0	0	0	0	0	0	0	0	0	0	0	0	0	0	0	0	0	0	0	0	0	0	0	0	0	1	0	0	0	0	0	0	0	0	0	0	0	0	0	0	0	0	0	0	0	0	0	0	0	0	0	0	0	0	0	0	0	0	0	0	0	0	0	0	0	0	0	0	0	0	0	0	0	0	0	0	0	0	0	0	0	0	0	0	0	0	0	0	0	0	0	0	0	0	0	0	0	0	0	0	0	0	0	0	0	0	0	0	0	0	0	0	0	0	0	0	0	0	0	0	0	0	0	0	0	0	0	0	0	0	0	0	0	0	0	0	0	0	0	0	0	0	0	0	0	0	0	0	0	0	0	0	0	0	0	0	0	0	0	0	0	0	0	0	0	0	0	0	0	0	0	0	0	0	0	0	0	0	0	0	0	0	
0	0	0	0	0	0	0	0	0	0	0	0	0	0	0	0	0	0	0	0	0	0	0	0	0	0	0	0	0	0	0	0	0	0	0	0	0	0	0	0	0	0	1	0	0	0	0	0	0	0	0	0	0	0	0	0	0	0	0	0	0	0	0	0	0	0	0	0	0	0	0	0	0	0	0	0	0	0	0	0	0	0	0	0	0	0	0	0	0	0	0	0	0	0	0	0	0	0	0	0	0	0	0	0	0	0	0	0	0	0	0	0	0	0	0	0	0	0	0	0	0	0	0	0	0	0	0	0	0	0	0	0	0	0	0	0	0	0	0	0	0	0	0	0	0	0	0	0	0	0	0	0	0	0	0	0	0	0	0	0	0	0	0	0	0	0	0	0	0	0	0	0	0	0	0	0	0	0	0	0	0	0	0	0	0	0	0	0	0	0	0	0	0	0	0	0	0	0	
0	0	0	0	0	0	0	0	0	0	0	0	0	0	0	0	0	0	0	0	0	0	0	0	0	0	0	0	0	0	0	0	0	0	0	0	0	0	0	0	0	0	0	1	0	0	0	0	0	0	0	0	0	0	0	0	0	0	0	0	0	0	0	0	0	0	0	0	0	0	0	0	0	0	0	0	0	0	0	0	0	0	0	0	0	0	0	0	0	0	0	0	0	0	0	0	0	0	0	0	0	0	0	0	0	0	0	0	0	0	0	0	0	0	0	0	0	0	0	0	0	0	0	0	0	0	0	0	0	0	0	0	0	0	0	0	0	0	0	0	0	0	0	0	0	0	0	0	0	0	0	0	0	0	0	0	0	0	0	0	0	0	0	0	0	0	0	0	0	0	0	0	0	0	0	0	0	0	0	0	0	0	0	0	0	0	0	0	0	0	0	0	0	0	0	0	0	0	
0	0	0	0	0	0	0	0	0	0	0	0	0	0	0	0	0	0	0	0	0	0	0	0	0	0	0	0	0	0	0	0	0	0	0	0	0	0	0	0	0	0	0	0	1	0	0	0	0	0	0	0	0	0	0	0	0	0	0	0	0	0	0	0	0	0	0	0	0	0	0	0	0	0	0	0	0	0	0	0	0	0	0	0	0	0	0	0	0	0	0	0	0	0	0	0	0	0	0	0	0	0	0	0	0	0	0	0	0	0	0	0	0	0	0	0	0	0	0	0	0	0	0	0	0	0	0	0	0	0	0	0	0	0	0	0	0	0	0	0	0	0	0	0	0	0	0	0	0	0	0	0	0	0	0	0	0	0	0	0	0	0	0	0	0	0	0	0	0	0	0	0	0	0	0	0	0	0	0	0	0	0	0	0	0	0	0	0	0	0	0	0	0	0	0	0	0	0	
0	0	0	0	0	0	0	0	0	0	0	0	0	0	0	0	0	0	0	0	0	0	0	0	0	0	0	0	0	0	0	0	0	0	0	0	0	0	0	0	0	0	0	0	0	1	0	0	0	0	0	0	0	0	0	0	0	0	0	0	0	0	0	0	0	0	0	0	0	0	0	0	0	0	0	0	0	0	0	0	0	0	0	0	0	0	0	0	0	0	0	0	0	0	0	0	0	0	0	0	0	0	0	0	0	0	0	0	0	0	0	0	0	0	0	0	0	0	0	0	0	0	0	0	0	0	0	0	0	0	0	0	0	0	0	0	0	0	0	0	0	0	0	0	0	0	0	0	0	0	0	0	0	0	0	0	0	0	0	0	0	0	0	0	0	0	0	0	0	0	0	0	0	0	0	0	0	0	0	0	0	0	0	0	0	0	0	0	0	0	0	0	0	0	0	0	0	0	
0	0	0	0	0	0	0	0	0	0	0	0	0	0	0	0	0	0	0	0	0	0	0	0	0	0	0	0	0	0	0	0	0	0	0	0	0	0	0	0	0	0	0	0	0	0	1	0	0	0	0	0	0	0	0	0	0	0	0	0	0	0	0	0	0	0	0	0	0	0	0	0	0	0	0	0	0	0	0	0	0	0	0	0	0	0	0	0	0	0	0	0	0	0	0	0	0	0	0	0	0	0	0	0	0	0	0	0	0	0	0	0	0	0	0	0	0	0	0	0	0	0	0	0	0	0	0	0	0	0	0	0	0	0	0	0	0	0	0	0	0	0	0	0	0	0	0	0	0	0	0	0	0	0	0	0	0	0	0	0	0	0	0	0	0	0	0	0	0	0	0	0	0	0	0	0	0	0	0	0	0	0	0	0	0	0	0	0	0	0	0	0	0	0	0	0	0	0	
0	0	0	0	0	0	0	0	0	0	0	0	0	0	0	0	0	0	0	0	0	0	0	0	0	0	0	0	0	0	0	0	0	0	0	0	0	0	0	0	0	0	0	0	0	0	0	1	0	0	0	0	0	0	0	0	0	0	0	0	0	0	0	0	0	0	0	0	0	0	0	0	0	0	0	0	0	0	0	0	0	0	0	0	0	0	0	0	0	0	0	0	0	0	0	0	0	0	0	0	0	0	0	0	0	0	0	0	0	0	0	0	0	0	0	0	0	0	0	0	0	0	0	0	0	0	0	0	0	0	0	0	0	0	0	0	0	0	0	0	0	0	0	0	0	0	0	0	0	0	0	0	0	0	0	0	0	0	0	0	0	0	0	0	0	0	0	0	0	0	0	0	0	0	0	0	0	0	0	0	0	0	0	0	0	0	0	0	0	0	0	0	0	0	0	0	0	0	
0	0	0	0	0	0	0	0	0	0	0	0	0	0	0	0	0	0	0	0	0	0	0	0	0	0	0	0	0	0	0	0	0	0	0	0	0	0	0	0	0	0	0	0	0	0	0	0	1	0	0	0	0	0	0	0	0	0	0	0	0	0	0	0	0	0	0	0	0	0	0	0	0	0	0	0	0	0	0	0	0	0	0	0	0	0	0	0	0	0	0	0	0	0	0	0	0	0	0	0	0	0	0	0	0	0	0	0	0	0	0	0	0	0	0	0	0	0	0	0	0	0	0	0	0	0	0	0	0	0	0	0	0	0	0	0	0	0	0	0	0	0	0	0	0	0	0	0	0	0	0	0	0	0	0	0	0	0	0	0	0	0	0	0	0	0	0	0	0	0	0	0	0	0	0	0	0	0	0	0	0	0	0	0	0	0	0	0	0	0	0	0	0	0	0	0	0	0	
0	0	0	0	0	0	0	0	0	0	0	0	0	0	0	0	0	0	0	0	0	0	0	0	0	0	0	0	0	0	0	0	0	0	0	0	0	0	0	0	0	0	0	0	0	0	0	0	0	1	0	0	0	0	0	0	0	0	0	0	0	0	0	0	0	0	0	0	0	0	0	0	0	0	0	0	0	0	0	0	0	0	0	0	0	0	0	0	0	0	0	0	0	0	0	0	0	0	0	0	0	0	0	0	0	0	0	0	0	0	0	0	0	0	0	0	0	0	0	0	0	0	0	0	0	0	0	0	0	0	0	0	0	0	0	0	0	0	0	0	0	0	0	0	0	0	0	0	0	0	0	0	0	0	0	0	0	0	0	0	0	0	0	0	0	0	0	0	0	0	0	0	0	0	0	0	0	0	0	0	0	0	0	0	0	0	0	0	0	0	0	0	0	0	0	0	0	0	
0	0	0	0	0	0	0	0	0	0	0	0	0	0	0	0	0	0	0	0	0	0	0	0	0	0	0	0	0	0	0	0	0	0	0	0	0	0	0	0	0	0	0	0	0	0	0	0	0	0	1	0	0	0	0	0	0	0	0	0	0	0	0	0	0	0	0	0	0	0	0	0	0	0	0	0	0	0	0	0	0	0	0	0	0	0	0	0	0	0	0	0	0	0	0	0	0	0	0	0	0	0	0	0	0	0	0	0	0	0	0	0	0	0	0	0	0	0	0	0	0	0	0	0	0	0	0	0	0	0	0	0	0	0	0	0	0	0	0	0	0	0	0	0	0	0	0	0	0	0	0	0	0	0	0	0	0	0	0	0	0	0	0	0	0	0	0	0	0	0	0	0	0	0	0	0	0	0	0	0	0	0	0	0	0	0	0	0	0	0	0	0	0	0	0	0	0	0	
0	0	0	0	0	0	0	0	0	0	0	0	0	0	0	0	0	0	0	0	0	0	0	0	0	0	0	0	0	0	0	0	0	0	0	0	0	0	0	0	0	0	0	0	0	0	0	0	0	0	0	1	0	0	0	0	0	0	0	0	0	0	0	0	0	0	0	0	0	0	0	0	0	0	0	0	0	0	0	0	0	0	0	0	0	0	0	0	0	0	0	0	0	0	0	0	0	0	0	0	0	0	0	0	0	0	0	0	0	0	0	0	0	0	0	0	0	0	0	0	0	0	0	0	0	0	0	0	0	0	0	0	0	0	0	0	0	0	0	0	0	0	0	0	0	0	0	0	0	0	0	0	0	0	0	0	0	0	0	0	0	0	0	0	0	0	0	0	0	0	0	0	0	0	0	0	0	0	0	0	0	0	0	0	0	0	0	0	0	0	0	0	0	0	0	0	0	0	
0	0	0	0	0	0	0	0	0	0	0	0	0	0	0	0	0	0	0	0	0	0	0	0	0	0	0	0	0	0	0	0	0	0	0	0	0	0	0	0	0	0	0	0	0	0	0	0	0	0	0	0	1	0	0	0	0	0	0	0	0	0	0	0	0	0	0	0	0	0	0	0	0	0	0	0	0	0	0	0	0	0	0	0	0	0	0	0	0	0	0	0	0	0	0	0	0	0	0	0	0	0	0	0	0	0	0	0	0	0	0	0	0	0	0	0	0	0	0	0	0	0	0	0	0	0	0	0	0	0	0	0	0	0	0	0	0	0	0	0	0	0	0	0	0	0	0	0	0	0	0	0	0	0	0	0	0	0	0	0	0	0	0	0	0	0	0	0	0	0	0	0	0	0	0	0	0	0	0	0	0	0	0	0	0	0	0	0	0	0	0	0	0	0	0	0	0	0	
0	0	0	0	0	0	0	0	0	0	0	0	0	0	0	0	0	0	0	0	0	0	0	0	0	0	0	0	0	0	0	0	0	0	0	0	0	0	0	0	0	0	0	0	0	0	0	0	0	0	0	0	0	1	0	0	0	0	0	0	0	0	0	0	0	0	0	0	0	0	0	0	0	0	0	0	0	0	0	0	0	0	0	0	0	0	0	0	0	0	0	0	0	0	0	0	0	0	0	0	0	0	0	0	0	0	0	0	0	0	0	0	0	0	0	0	0	0	0	0	0	0	0	0	0	0	0	0	0	0	0	0	0	0	0	0	0	0	0	0	0	0	0	0	0	0	0	0	0	0	0	0	0	0	0	0	0	0	0	0	0	0	0	0	0	0	0	0	0	0	0	0	0	0	0	0	0	0	0	0	0	0	0	0	0	0	0	0	0	0	0	0	0	0	0	0	0	0	
0	0	0	0	0	0	0	0	0	0	0	0	0	0	0	0	0	0	0	0	0	0	0	0	0	0	0	0	0	0	0	0	0	0	0	0	0	0	0	0	0	0	0	0	0	0	0	0	0	0	0	0	0	0	1	0	0	0	0	0	0	0	0	0	0	0	0	0	0	0	0	0	0	0	0	0	0	0	0	0	0	0	0	0	0	0	0	0	0	0	0	0	0	0	0	0	0	0	0	0	0	0	0	0	0	0	0	0	0	0	0	0	0	0	0	0	0	0	0	0	0	0	0	0	0	0	0	0	0	0	0	0	0	0	0	0	0	0	0	0	0	0	0	0	0	0	0	0	0	0	0	0	0	0	0	0	0	0	0	0	0	0	0	0	0	0	0	0	0	0	0	0	0	0	0	0	0	0	0	0	0	0	0	0	0	0	0	0	0	0	0	0	0	0	0	0	0	0	
0	0	0	0	0	0	0	0	0	0	0	0	0	0	0	0	0	0	0	0	0	0	0	0	0	0	0	0	0	0	0	0	0	0	0	0	0	0	0	0	0	0	0	0	0	0	0	0	0	0	0	0	0	0	0	1	0	0	0	0	0	0	0	0	0	0	0	0	0	0	0	0	0	0	0	0	0	0	0	0	0	0	0	0	0	0	0	0	0	0	0	0	0	0	0	0	0	0	0	0	0	0	0	0	0	0	0	0	0	0	0	0	0	0	0	0	0	0	0	0	0	0	0	0	0	0	0	0	0	0	0	0	0	0	0	0	0	0	0	0	0	0	0	0	0	0	0	0	0	0	0	0	0	0	0	0	0	0	0	0	0	0	0	0	0	0	0	0	0	0	0	0	0	0	0	0	0	0	0	0	0	0	0	0	0	0	0	0	0	0	0	0	0	0	0	0	0	0	
0	0	0	0	0	0	0	0	0	0	0	0	0	0	0	0	0	0	0	0	0	0	0	0	0	0	0	0	0	0	0	0	0	0	0	0	0	0	0	0	0	0	0	0	0	0	0	0	0	0	0	0	0	0	0	0	1	0	0	0	0	0	0	0	0	0	0	0	0	0	0	0	0	0	0	0	0	0	0	0	0	0	0	0	0	0	0	0	0	0	0	0	0	0	0	0	0	0	0	0	0	0	0	0	0	0	0	0	0	0	0	0	0	0	0	0	0	0	0	0	0	0	0	0	0	0	0	0	0	0	0	0	0	0	0	0	0	0	0	0	0	0	0	0	0	0	0	0	0	0	0	0	0	0	0	0	0	0	0	0	0	0	0	0	0	0	0	0	0	0	0	0	0	0	0	0	0	0	0	0	0	0	0	0	0	0	0	0	0	0	0	0	0	0	0	0	0	0	
0	0	0	0	0	0	0	0	0	0	0	0	0	0	0	0	0	0	0	0	0	0	0	0	0	0	0	0	0	0	0	0	0	0	0	0	0	0	0	0	0	0	0	0	0	0	0	0	0	0	0	0	0	0	0	0	0	1	0	0	0	0	0	0	0	0	0	0	0	0	0	0	0	0	0	0	0	0	0	0	0	0	0	0	0	0	0	0	0	0	0	0	0	0	0	0	0	0	0	0	0	0	0	0	0	0	0	0	0	0	0	0	0	0	0	0	0	0	0	0	0	0	0	0	0	0	0	0	0	0	0	0	0	0	0	0	0	0	0	0	0	0	0	0	0	0	0	0	0	0	0	0	0	0	0	0	0	0	0	0	0	0	0	0	0	0	0	0	0	0	0	0	0	0	0	0	0	0	0	0	0	0	0	0	0	0	0	0	0	0	0	0	0	0	0	0	0	0	
0	0	0	0	0	0	0	0	0	0	0	0	0	0	0	0	0	0	0	0	0	0	0	0	0	0	0	0	0	0	0	0	0	0	0	0	0	0	0	0	0	0	0	0	0	0	0	0	0	0	0	0	0	0	0	0	0	0	1	0	0	0	0	0	0	0	0	0	0	0	0	0	0	0	0	0	0	0	0	0	0	0	0	0	0	0	0	0	0	0	0	0	0	0	0	0	0	0	0	0	0	0	0	0	0	0	0	0	0	0	0	0	0	0	0	0	0	0	0	0	0	0	0	0	0	0	0	0	0	0	0	0	0	0	0	0	0	0	0	0	0	0	0	0	0	0	0	0	0	0	0	0	0	0	0	0	0	0	0	0	0	0	0	0	0	0	0	0	0	0	0	0	0	0	0	0	0	0	0	0	0	0	0	0	0	0	0	0	0	0	0	0	0	0	0	0	0	0	
0	0	0	0	0	0	0	0	0	0	0	0	0	0	0	0	0	0	0	0	0	0	0	0	0	0	0	0	0	0	0	0	0	0	0	0	0	0	0	0	0	0	0	0	0	0	0	0	0	0	0	0	0	0	0	0	0	0	0	1	0	0	0	0	0	0	0	0	0	0	0	0	0	0	0	0	0	0	0	0	0	0	0	0	0	0	0	0	0	0	0	0	0	0	0	0	0	0	0	0	0	0	0	0	0	0	0	0	0	0	0	0	0	0	0	0	0	0	0	0	0	0	0	0	0	0	0	0	0	0	0	0	0	0	0	0	0	0	0	0	0	0	0	0	0	0	0	0	0	0	0	0	0	0	0	0	0	0	0	0	0	0	0	0	0	0	0	0	0	0	0	0	0	0	0	0	0	0	0	0	0	0	0	0	0	0	0	0	0	0	0	0	0	0	0	0	0	0	
0	0	0	0	0	0	0	0	0	0	0	0	0	0	0	0	0	0	0	0	0	0	0	0	0	0	0	0	0	0	0	0	0	0	0	0	0	0	0	0	0	0	0	0	0	0	0	0	0	0	0	0	0	0	0	0	0	0	0	0	1	0	0	0	0	0	0	0	0	0	0	0	0	0	0	0	0	0	0	0	0	0	0	0	0	0	0	0	0	0	0	0	0	0	0	0	0	0	0	0	0	0	0	0	0	0	0	0	0	0	0	0	0	0	0	0	0	0	0	0	0	0	0	0	0	0	0	0	0	0	0	0	0	0	0	0	0	0	0	0	0	0	0	0	0	0	0	0	0	0	0	0	0	0	0	0	0	0	0	0	0	0	0	0	0	0	0	0	0	0	0	0	0	0	0	0	0	0	0	0	0	0	0	0	0	0	0	0	0	0	0	0	0	0	0	0	0	0	
0	0	0	0	0	0	0	0	0	0	0	0	0	0	0	0	0	0	0	0	0	0	0	0	0	0	0	0	0	0	0	0	0	0	0	0	0	0	0	0	0	0	0	0	0	0	0	0	0	0	0	0	0	0	0	0	0	0	0	0	0	1	0	0	0	0	0	0	0	0	0	0	0	0	0	0	0	0	0	0	0	0	0	0	0	0	0	0	0	0	0	0	0	0	0	0	0	0	0	0	0	0	0	0	0	0	0	0	0	0	0	0	0	0	0	0	0	0	0	0	0	0	0	0	0	0	0	0	0	0	0	0	0	0	0	0	0	0	0	0	0	0	0	0	0	0	0	0	0	0	0	0	0	0	0	0	0	0	0	0	0	0	0	0	0	0	0	0	0	0	0	0	0	0	0	0	0	0	0	0	0	0	0	0	0	0	0	0	0	0	0	0	0	0	0	0	0	0	
0	0	0	0	0	0	0	0	0	0	0	0	0	0	0	0	0	0	0	0	0	0	0	0	0	0	0	0	0	0	0	0	0	0	0	0	0	0	0	0	0	0	0	0	0	0	0	0	0	0	0	0	0	0	0	0	0	0	0	0	0	0	1	0	0	0	0	0	0	0	0	0	0	0	0	0	0	0	0	0	0	0	0	0	0	0	0	0	0	0	0	0	0	0	0	0	0	0	0	0	0	0	0	0	0	0	0	0	0	0	0	0	0	0	0	0	0	0	0	0	0	0	0	0	0	0	0	0	0	0	0	0	0	0	0	0	0	0	0	0	0	0	0	0	0	0	0	0	0	0	0	0	0	0	0	0	0	0	0	0	0	0	0	0	0	0	0	0	0	0	0	0	0	0	0	0	0	0	0	0	0	0	0	0	0	0	0	0	0	0	0	0	0	0	0	0	0	0	
0	0	0	0	0	0	0	0	0	0	0	0	0	0	0	0	0	0	0	0	0	0	0	0	0	0	0	0	0	0	0	0	0	0	0	0	0	0	0	0	0	0	0	0	0	0	0	0	0	0	0	0	0	0	0	0	0	0	0	0	0	0	0	1	0	0	0	0	0	0	0	0	0	0	0	0	0	0	0	0	0	0	0	0	0	0	0	0	0	0	0	0	0	0	0	0	0	0	0	0	0	0	0	0	0	0	0	0	0	0	0	0	0	0	0	0	0	0	0	0	0	0	0	0	0	0	0	0	0	0	0	0	0	0	0	0	0	0	0	0	0	0	0	0	0	0	0	0	0	0	0	0	0	0	0	0	0	0	0	0	0	0	0	0	0	0	0	0	0	0	0	0	0	0	0	0	0	0	0	0	0	0	0	0	0	0	0	0	0	0	0	0	0	0	0	0	0	0	
0	0	0	0	0	0	0	0	0	0	0	0	0	0	0	0	0	0	0	0	0	0	0	0	0	0	0	0	0	0	0	0	0	0	0	0	0	0	0	0	0	0	0	0	0	0	0	0	0	0	0	0	0	0	0	0	0	0	0	0	0	0	0	0	1	0	0	0	0	0	0	0	0	0	0	0	0	0	0	0	0	0	0	0	0	0	0	0	0	0	0	0	0	0	0	0	0	0	0	0	0	0	0	0	0	0	0	0	0	0	0	0	0	0	0	0	0	0	0	0	0	0	0	0	0	0	0	0	0	0	0	0	0	0	0	0	0	0	0	0	0	0	0	0	0	0	0	0	0	0	0	0	0	0	0	0	0	0	0	0	0	0	0	0	0	0	0	0	0	0	0	0	0	0	0	0	0	0	0	0	0	0	0	0	0	0	0	0	0	0	0	0	0	0	0	0	0	0	
0	0	0	0	0	0	0	0	0	0	0	0	0	0	0	0	0	0	0	0	0	0	0	0	0	0	0	0	0	0	0	0	0	0	0	0	0	0	0	0	0	0	0	0	0	0	0	0	0	0	0	0	0	0	0	0	0	0	0	0	0	0	0	0	0	1	0	0	0	0	0	0	0	0	0	0	0	0	0	0	0	0	0	0	0	0	0	0	0	0	0	0	0	0	0	0	0	0	0	0	0	0	0	0	0	0	0	0	0	0	0	0	0	0	0	0	0	0	0	0	0	0	0	0	0	0	0	0	0	0	0	0	0	0	0	0	0	0	0	0	0	0	0	0	0	0	0	0	0	0	0	0	0	0	0	0	0	0	0	0	0	0	0	0	0	0	0	0	0	0	0	0	0	0	0	0	0	0	0	0	0	0	0	0	0	0	0	0	0	0	0	0	0	0	0	0	0	0	
0	0	0	0	0	0	0	0	0	0	0	0	0	0	0	0	0	0	0	0	0	0	0	0	0	0	0	0	0	0	0	0	0	0	0	0	0	0	0	0	0	0	0	0	0	0	0	0	0	0	0	0	0	0	0	0	0	0	0	0	0	0	0	0	0	0	1	0	0	0	0	0	0	0	0	0	0	0	0	0	0	0	0	0	0	0	0	0	0	0	0	0	0	0	0	0	0	0	0	0	0	0	0	0	0	0	0	0	0	0	0	0	0	0	0	0	0	0	0	0	0	0	0	0	0	0	0	0	0	0	0	0	0	0	0	0	0	0	0	0	0	0	0	0	0	0	0	0	0	0	0	0	0	0	0	0	0	0	0	0	0	0	0	0	0	0	0	0	0	0	0	0	0	0	0	0	0	0	0	0	0	0	0	0	0	0	0	0	0	0	0	0	0	0	0	0	0	0	
0	0	0	0	0	0	0	0	0	0	0	0	0	0	0	0	0	0	0	0	0	0	0	0	0	0	0	0	0	0	0	0	0	0	0	0	0	0	0	0	0	0	0	0	0	0	0	0	0	0	0	0	0	0	0	0	0	0	0	0	0	0	0	0	0	0	0	1	0	0	0	0	0	0	0	0	0	0	0	0	0	0	0	0	0	0	0	0	0	0	0	0	0	0	0	0	0	0	0	0	0	0	0	0	0	0	0	0	0	0	0	0	0	0	0	0	0	0	0	0	0	0	0	0	0	0	0	0	0	0	0	0	0	0	0	0	0	0	0	0	0	0	0	0	0	0	0	0	0	0	0	0	0	0	0	0	0	0	0	0	0	0	0	0	0	0	0	0	0	0	0	0	0	0	0	0	0	0	0	0	0	0	0	0	0	0	0	0	0	0	0	0	0	0	0	0	0	0	
0	0	0	0	0	0	0	0	0	0	0	0	0	0	0	0	0	0	0	0	0	0	0	0	0	0	0	0	0	0	0	0	0	0	0	0	0	0	0	0	0	0	0	0	0	0	0	0	0	0	0	0	0	0	0	0	0	0	0	0	0	0	0	0	0	0	0	0	1	0	0	0	0	0	0	0	0	0	0	0	0	0	0	0	0	0	0	0	0	0	0	0	0	0	0	0	0	0	0	0	0	0	0	0	0	0	0	0	0	0	0	0	0	0	0	0	0	0	0	0	0	0	0	0	0	0	0	0	0	0	0	0	0	0	0	0	0	0	0	0	0	0	0	0	0	0	0	0	0	0	0	0	0	0	0	0	0	0	0	0	0	0	0	0	0	0	0	0	0	0	0	0	0	0	0	0	0	0	0	0	0	0	0	0	0	0	0	0	0	0	0	0	0	0	0	0	0	0	
0	0	0	0	0	0	0	0	0	0	0	0	0	0	0	0	0	0	0	0	0	0	0	0	0	0	0	0	0	0	0	0	0	0	0	0	0	0	0	0	0	0	0	0	0	0	0	0	0	0	0	0	0	0	0	0	0	0	0	0	0	0	0	0	0	0	0	0	0	1	0	0	0	0	0	0	0	0	0	0	0	0	0	0	0	0	0	0	0	0	0	0	0	0	0	0	0	0	0	0	0	0	0	0	0	0	0	0	0	0	0	0	0	0	0	0	0	0	0	0	0	0	0	0	0	0	0	0	0	0	0	0	0	0	0	0	0	0	0	0	0	0	0	0	0	0	0	0	0	0	0	0	0	0	0	0	0	0	0	0	0	0	0	0	0	0	0	0	0	0	0	0	0	0	0	0	0	0	0	0	0	0	0	0	0	0	0	0	0	0	0	0	0	0	0	0	0	0	
0	0	0	0	0	0	0	0	0	0	0	0	0	0	0	0	0	0	0	0	0	0	0	0	0	0	0	0	0	0	0	0	0	0	0	0	0	0	0	0	0	0	0	0	0	0	0	0	0	0	0	0	0	0	0	0	0	0	0	0	0	0	0	0	0	0	0	0	0	0	1	0	0	0	0	0	0	0	0	0	0	0	0	0	0	0	0	0	0	0	0	0	0	0	0	0	0	0	0	0	0	0	0	0	0	0	0	0	0	0	0	0	0	0	0	0	0	0	0	0	0	0	0	0	0	0	0	0	0	0	0	0	0	0	0	0	0	0	0	0	0	0	0	0	0	0	0	0	0	0	0	0	0	0	0	0	0	0	0	0	0	0	0	0	0	0	0	0	0	0	0	0	0	0	0	0	0	0	0	0	0	0	0	0	0	0	0	0	0	0	0	0	0	0	0	0	0	0	
0	0	0	0	0	0	0	0	0	0	0	0	0	0	0	0	0	0	0	0	0	0	0	0	0	0	0	0	0	0	0	0	0	0	0	0	0	0	0	0	0	0	0	0	0	0	0	0	0	0	0	0	0	0	0	0	0	0	0	0	0	0	0	0	0	0	0	0	0	0	0	1	0	0	0	0	0	0	0	0	0	0	0	0	0	0	0	0	0	0	0	0	0	0	0	0	0	0	0	0	0	0	0	0	0	0	0	0	0	0	0	0	0	0	0	0	0	0	0	0	0	0	0	0	0	0	0	0	0	0	0	0	0	0	0	0	0	0	0	0	0	0	0	0	0	0	0	0	0	0	0	0	0	0	0	0	0	0	0	0	0	0	0	0	0	0	0	0	0	0	0	0	0	0	0	0	0	0	0	0	0	0	0	0	0	0	0	0	0	0	0	0	0	0	0	0	0	0	
0	0	0	0	0	0	0	0	0	0	0	0	0	0	0	0	0	0	0	0	0	0	0	0	0	0	0	0	0	0	0	0	0	0	0	0	0	0	0	0	0	0	0	0	0	0	0	0	0	0	0	0	0	0	0	0	0	0	0	0	0	0	0	0	0	0	0	0	0	0	0	0	1	0	0	0	0	0	0	0	0	0	0	0	0	0	0	0	0	0	0	0	0	0	0	0	0	0	0	0	0	0	0	0	0	0	0	0	0	0	0	0	0	0	0	0	0	0	0	0	0	0	0	0	0	0	0	0	0	0	0	0	0	0	0	0	0	0	0	0	0	0	0	0	0	0	0	0	0	0	0	0	0	0	0	0	0	0	0	0	0	0	0	0	0	0	0	0	0	0	0	0	0	0	0	0	0	0	0	0	0	0	0	0	0	0	0	0	0	0	0	0	0	0	0	0	0	0	
0	0	0	0	0	0	0	0	0	0	0	0	0	0	0	0	0	0	0	0	0	0	0	0	0	0	0	0	0	0	0	0	0	0	0	0	0	0	0	0	0	0	0	0	0	0	0	0	0	0	0	0	0	0	0	0	0	0	0	0	0	0	0	0	0	0	0	0	0	0	0	0	0	1	0	0	0	0	0	0	0	0	0	0	0	0	0	0	0	0	0	0	0	0	0	0	0	0	0	0	0	0	0	0	0	0	0	0	0	0	0	0	0	0	0	0	0	0	0	0	0	0	0	0	0	0	0	0	0	0	0	0	0	0	0	0	0	0	0	0	0	0	0	0	0	0	0	0	0	0	0	0	0	0	0	0	0	0	0	0	0	0	0	0	0	0	0	0	0	0	0	0	0	0	0	0	0	0	0	0	0	0	0	0	0	0	0	0	0	0	0	0	0	0	0	0	0	0	
0	0	0	0	0	0	0	0	0	0	0	0	0	0	0	0	0	0	0	0	0	0	0	0	0	0	0	0	0	0	0	0	0	0	0	0	0	0	0	0	0	0	0	0	0	0	0	0	0	0	0	0	0	0	0	0	0	0	0	0	0	0	0	0	0	0	0	0	0	0	0	0	0	0	1	0	0	0	0	0	0	0	0	0	0	0	0	0	0	0	0	0	0	0	0	0	0	0	0	0	0	0	0	0	0	0	0	0	0	0	0	0	0	0	0	0	0	0	0	0	0	0	0	0	0	0	0	0	0	0	0	0	0	0	0	0	0	0	0	0	0	0	0	0	0	0	0	0	0	0	0	0	0	0	0	0	0	0	0	0	0	0	0	0	0	0	0	0	0	0	0	0	0	0	0	0	0	0	0	0	0	0	0	0	0	0	0	0	0	0	0	0	0	0	0	0	0	0	
0	0	0	0	0	0	0	0	0	0	0	0	0	0	0	0	0	0	0	0	0	0	0	0	0	0	0	0	0	0	0	0	0	0	0	0	0	0	0	0	0	0	0	0	0	0	0	0	0	0	0	0	0	0	0	0	0	0	0	0	0	0	0	0	0	0	0	0	0	0	0	0	0	0	0	1	0	0	0	0	0	0	0	0	0	0	0	0	0	0	0	0	0	0	0	0	0	0	0	0	0	0	0	0	0	0	0	0	0	0	0	0	0	0	0	0	0	0	0	0	0	0	0	0	0	0	0	0	0	0	0	0	0	0	0	0	0	0	0	0	0	0	0	0	0	0	0	0	0	0	0	0	0	0	0	0	0	0	0	0	0	0	0	0	0	0	0	0	0	0	0	0	0	0	0	0	0	0	0	0	0	0	0	0	0	0	0	0	0	0	0	0	0	0	0	0	0	0	
0	0	0	0	0	0	0	0	0	0	0	0	0	0	0	0	0	0	0	0	0	0	0	0	0	0	0	0	0	0	0	0	0	0	0	0	0	0	0	0	0	0	0	0	0	0	0	0	0	0	0	0	0	0	0	0	0	0	0	0	0	0	0	0	0	0	0	0	0	0	0	0	0	0	0	0	1	0	0	0	0	0	0	0	0	0	0	0	0	0	0	0	0	0	0	0	0	0	0	0	0	0	0	0	0	0	0	0	0	0	0	0	0	0	0	0	0	0	0	0	0	0	0	0	0	0	0	0	0	0	0	0	0	0	0	0	0	0	0	0	0	0	0	0	0	0	0	0	0	0	0	0	0	0	0	0	0	0	0	0	0	0	0	0	0	0	0	0	0	0	0	0	0	0	0	0	0	0	0	0	0	0	0	0	0	0	0	0	0	0	0	0	0	0	0	0	0	0	
0	0	0	0	0	0	0	0	0	0	0	0	0	0	0	0	0	0	0	0	0	0	0	0	0	0	0	0	0	0	0	0	0	0	0	0	0	0	0	0	0	0	0	0	0	0	0	0	0	0	0	0	0	0	0	0	0	0	0	0	0	0	0	0	0	0	0	0	0	0	0	0	0	0	0	0	0	1	0	0	0	0	0	0	0	0	0	0	0	0	0	0	0	0	0	0	0	0	0	0	0	0	0	0	0	0	0	0	0	0	0	0	0	0	0	0	0	0	0	0	0	0	0	0	0	0	0	0	0	0	0	0	0	0	0	0	0	0	0	0	0	0	0	0	0	0	0	0	0	0	0	0	0	0	0	0	0	0	0	0	0	0	0	0	0	0	0	0	0	0	0	0	0	0	0	0	0	0	0	0	0	0	0	0	0	0	0	0	0	0	0	0	0	0	0	0	0	0	
0	0	0	0	0	0	0	0	0	0	0	0	0	0	0	0	0	0	0	0	0	0	0	0	0	0	0	0	0	0	0	0	0	0	0	0	0	0	0	0	0	0	0	0	0	0	0	0	0	0	0	0	0	0	0	0	0	0	0	0	0	0	0	0	0	0	0	0	0	0	0	0	0	0	0	0	0	0	1	0	0	0	0	0	0	0	0	0	0	0	0	0	0	0	0	0	0	0	0	0	0	0	0	0	0	0	0	0	0	0	0	0	0	0	0	0	0	0	0	0	0	0	0	0	0	0	0	0	0	0	0	0	0	0	0	0	0	0	0	0	0	0	0	0	0	0	0	0	0	0	0	0	0	0	0	0	0	0	0	0	0	0	0	0	0	0	0	0	0	0	0	0	0	0	0	0	0	0	0	0	0	0	0	0	0	0	0	0	0	0	0	0	0	0	0	0	0	0	
0	0	0	0	0	0	0	0	0	0	0	0	0	0	0	0	0	0	0	0	0	0	0	0	0	0	0	0	0	0	0	0	0	0	0	0	0	0	0	0	0	0	0	0	0	0	0	0	0	0	0	0	0	0	0	0	0	0	0	0	0	0	0	0	0	0	0	0	0	0	0	0	0	0	0	0	0	0	0	1	0	0	0	0	0	0	0	0	0	0	0	0	0	0	0	0	0	0	0	0	0	0	0	0	0	0	0	0	0	0	0	0	0	0	0	0	0	0	0	0	0	0	0	0	0	0	0	0	0	0	0	0	0	0	0	0	0	0	0	0	0	0	0	0	0	0	0	0	0	0	0	0	0	0	0	0	0	0	0	0	0	0	0	0	0	0	0	0	0	0	0	0	0	0	0	0	0	0	0	0	0	0	0	0	0	0	0	0	0	0	0	0	0	0	0	0	0	0	
0	0	0	0	0	0	0	0	0	0	0	0	0	0	0	0	0	0	0	0	0	0	0	0	0	0	0	0	0	0	0	0	0	0	0	0	0	0	0	0	0	0	0	0	0	0	0	0	0	0	0	0	0	0	0	0	0	0	0	0	0	0	0	0	0	0	0	0	0	0	0	0	0	0	0	0	0	0	0	0	1	0	0	0	0	0	0	0	0	0	0	0	0	0	0	0	0	0	0	0	0	0	0	0	0	0	0	0	0	0	0	0	0	0	0	0	0	0	0	0	0	0	0	0	0	0	0	0	0	0	0	0	0	0	0	0	0	0	0	0	0	0	0	0	0	0	0	0	0	0	0	0	0	0	0	0	0	0	0	0	0	0	0	0	0	0	0	0	0	0	0	0	0	0	0	0	0	0	0	0	0	0	0	0	0	0	0	0	0	0	0	0	0	0	0	0	0	0	
0	0	0	0	0	0	0	0	0	0	0	0	0	0	0	0	0	0	0	0	0	0	0	0	0	0	0	0	0	0	0	0	0	0	0	0	0	0	0	0	0	0	0	0	0	0	0	0	0	0	0	0	0	0	0	0	0	0	0	0	0	0	0	0	0	0	0	0	0	0	0	0	0	0	0	0	0	0	0	0	0	1	0	0	0	0	0	0	0	0	0	0	0	0	0	0	0	0	0	0	0	0	0	0	0	0	0	0	0	0	0	0	0	0	0	0	0	0	0	0	0	0	0	0	0	0	0	0	0	0	0	0	0	0	0	0	0	0	0	0	0	0	0	0	0	0	0	0	0	0	0	0	0	0	0	0	0	0	0	0	0	0	0	0	0	0	0	0	0	0	0	0	0	0	0	0	0	0	0	0	0	0	0	0	0	0	0	0	0	0	0	0	0	0	0	0	0	0	
0	0	0	0	0	0	0	0	0	0	0	0	0	0	0	0	0	0	0	0	0	0	0	0	0	0	0	0	0	0	0	0	0	0	0	0	0	0	0	0	0	0	0	0	0	0	0	0	0	0	0	0	0	0	0	0	0	0	0	0	0	0	0	0	0	0	0	0	0	0	0	0	0	0	0	0	0	0	0	0	0	0	1	0	0	0	0	0	0	0	0	0	0	0	0	0	0	0	0	0	0	0	0	0	0	0	0	0	0	0	0	0	0	0	0	0	0	0	0	0	0	0	0	0	0	0	0	0	0	0	0	0	0	0	0	0	0	0	0	0	0	0	0	0	0	0	0	0	0	0	0	0	0	0	0	0	0	0	0	0	0	0	0	0	0	0	0	0	0	0	0	0	0	0	0	0	0	0	0	0	0	0	0	0	0	0	0	0	0	0	0	0	0	0	0	0	0	0	
0	0	0	0	0	0	0	0	0	0	0	0	0	0	0	0	0	0	0	0	0	0	0	0	0	0	0	0	0	0	0	0	0	0	0	0	0	0	0	0	0	0	0	0	0	0	0	0	0	0	0	0	0	0	0	0	0	0	0	0	0	0	0	0	0	0	0	0	0	0	0	0	0	0	0	0	0	0	0	0	0	0	0	1	0	0	0	0	0	0	0	0	0	0	0	0	0	0	0	0	0	0	0	0	0	0	0	0	0	0	0	0	0	0	0	0	0	0	0	0	0	0	0	0	0	0	0	0	0	0	0	0	0	0	0	0	0	0	0	0	0	0	0	0	0	0	0	0	0	0	0	0	0	0	0	0	0	0	0	0	0	0	0	0	0	0	0	0	0	0	0	0	0	0	0	0	0	0	0	0	0	0	0	0	0	0	0	0	0	0	0	0	0	0	0	0	0	0	
0	0	0	0	0	0	0	0	0	0	0	0	0	0	0	0	0	0	0	0	0	0	0	0	0	0	0	0	0	0	0	0	0	0	0	0	0	0	0	0	0	0	0	0	0	0	0	0	0	0	0	0	0	0	0	0	0	0	0	0	0	0	0	0	0	0	0	0	0	0	0	0	0	0	0	0	0	0	0	0	0	0	0	0	1	0	0	0	0	0	0	0	0	0	0	0	0	0	0	0	0	0	0	0	0	0	0	0	0	0	0	0	0	0	0	0	0	0	0	0	0	0	0	0	0	0	0	0	0	0	0	0	0	0	0	0	0	0	0	0	0	0	0	0	0	0	0	0	0	0	0	0	0	0	0	0	0	0	0	0	0	0	0	0	0	0	0	0	0	0	0	0	0	0	0	0	0	0	0	0	0	0	0	0	0	0	0	0	0	0	0	0	0	0	0	0	0	0	
0	0	0	0	0	0	0	0	0	0	0	0	0	0	0	0	0	0	0	0	0	0	0	0	0	0	0	0	0	0	0	0	0	0	0	0	0	0	0	0	0	0	0	0	0	0	0	0	0	0	0	0	0	0	0	0	0	0	0	0	0	0	0	0	0	0	0	0	0	0	0	0	0	0	0	0	0	0	0	0	0	0	0	0	0	1	0	0	0	0	0	0	0	0	0	0	0	0	0	0	0	0	0	0	0	0	0	0	0	0	0	0	0	0	0	0	0	0	0	0	0	0	0	0	0	0	0	0	0	0	0	0	0	0	0	0	0	0	0	0	0	0	0	0	0	0	0	0	0	0	0	0	0	0	0	0	0	0	0	0	0	0	0	0	0	0	0	0	0	0	0	0	0	0	0	0	0	0	0	0	0	0	0	0	0	0	0	0	0	0	0	0	0	0	0	0	0	0	
0	0	0	0	0	0	0	0	0	0	0	0	0	0	0	0	0	0	0	0	0	0	0	0	0	0	0	0	0	0	0	0	0	0	0	0	0	0	0	0	0	0	0	0	0	0	0	0	0	0	0	0	0	0	0	0	0	0	0	0	0	0	0	0	0	0	0	0	0	0	0	0	0	0	0	0	0	0	0	0	0	0	0	0	0	0	1	0	0	0	0	0	0	0	0	0	0	0	0	0	0	0	0	0	0	0	0	0	0	0	0	0	0	0	0	0	0	0	0	0	0	0	0	0	0	0	0	0	0	0	0	0	0	0	0	0	0	0	0	0	0	0	0	0	0	0	0	0	0	0	0	0	0	0	0	0	0	0	0	0	0	0	0	0	0	0	0	0	0	0	0	0	0	0	0	0	0	0	0	0	0	0	0	0	0	0	0	0	0	0	0	0	0	0	0	0	0	0	
0	0	0	0	0	0	0	0	0	0	0	0	0	0	0	0	0	0	0	0	0	0	0	0	0	0	0	0	0	0	0	0	0	0	0	0	0	0	0	0	0	0	0	0	0	0	0	0	0	0	0	0	0	0	0	0	0	0	0	0	0	0	0	0	0	0	0	0	0	0	0	0	0	0	0	0	0	0	0	0	0	0	0	0	0	0	0	1	0	0	0	0	0	0	0	0	0	0	0	0	0	0	0	0	0	0	0	0	0	0	0	0	0	0	0	0	0	0	0	0	0	0	0	0	0	0	0	0	0	0	0	0	0	0	0	0	0	0	0	0	0	0	0	0	0	0	0	0	0	0	0	0	0	0	0	0	0	0	0	0	0	0	0	0	0	0	0	0	0	0	0	0	0	0	0	0	0	0	0	0	0	0	0	0	0	0	0	0	0	0	0	0	0	0	0	0	0	0	
0	0	0	0	0	0	0	0	0	0	0	0	0	0	0	0	0	0	0	0	0	0	0	0	0	0	0	0	0	0	0	0	0	0	0	0	0	0	0	0	0	0	0	0	0	0	0	0	0	0	0	0	0	0	0	0	0	0	0	0	0	0	0	0	0	0	0	0	0	0	0	0	0	0	0	0	0	0	0	0	0	0	0	0	0	0	0	0	1	0	0	0	0	0	0	0	0	0	0	0	0	0	0	0	0	0	0	0	0	0	0	0	0	0	0	0	0	0	0	0	0	0	0	0	0	0	0	0	0	0	0	0	0	0	0	0	0	0	0	0	0	0	0	0	0	0	0	0	0	0	0	0	0	0	0	0	0	0	0	0	0	0	0	0	0	0	0	0	0	0	0	0	0	0	0	0	0	0	0	0	0	0	0	0	0	0	0	0	0	0	0	0	0	0	0	0	0	0	
0	0	0	0	0	0	0	0	0	0	0	0	0	0	0	0	0	0	0	0	0	0	0	0	0	0	0	0	0	0	0	0	0	0	0	0	0	0	0	0	0	0	0	0	0	0	0	0	0	0	0	0	0	0	0	0	0	0	0	0	0	0	0	0	0	0	0	0	0	0	0	0	0	0	0	0	0	0	0	0	0	0	0	0	0	0	0	0	0	1	0	0	0	0	0	0	0	0	0	0	0	0	0	0	0	0	0	0	0	0	0	0	0	0	0	0	0	0	0	0	0	0	0	0	0	0	0	0	0	0	0	0	0	0	0	0	0	0	0	0	0	0	0	0	0	0	0	0	0	0	0	0	0	0	0	0	0	0	0	0	0	0	0	0	0	0	0	0	0	0	0	0	0	0	0	0	0	0	0	0	0	0	0	0	0	0	0	0	0	0	0	0	0	0	0	0	0	0	
0	0	0	0	0	0	0	0	0	0	0	0	0	0	0	0	0	0	0	0	0	0	0	0	0	0	0	0	0	0	0	0	0	0	0	0	0	0	0	0	0	0	0	0	0	0	0	0	0	0	0	0	0	0	0	0	0	0	0	0	0	0	0	0	0	0	0	0	0	0	0	0	0	0	0	0	0	0	0	0	0	0	0	0	0	0	0	0	0	0	1	0	0	0	0	0	0	0	0	0	0	0	0	0	0	0	0	0	0	0	0	0	0	0	0	0	0	0	0	0	0	0	0	0	0	0	0	0	0	0	0	0	0	0	0	0	0	0	0	0	0	0	0	0	0	0	0	0	0	0	0	0	0	0	0	0	0	0	0	0	0	0	0	0	0	0	0	0	0	0	0	0	0	0	0	0	0	0	0	0	0	0	0	0	0	0	0	0	0	0	0	0	0	0	0	0	0	0	
0	0	0	0	0	0	0	0	0	0	0	0	0	0	0	0	0	0	0	0	0	0	0	0	0	0	0	0	0	0	0	0	0	0	0	0	0	0	0	0	0	0	0	0	0	0	0	0	0	0	0	0	0	0	0	0	0	0	0	0	0	0	0	0	0	0	0	0	0	0	0	0	0	0	0	0	0	0	0	0	0	0	0	0	0	0	0	0	0	0	0	1	0	0	0	0	0	0	0	0	0	0	0	0	0	0	0	0	0	0	0	0	0	0	0	0	0	0	0	0	0	0	0	0	0	0	0	0	0	0	0	0	0	0	0	0	0	0	0	0	0	0	0	0	0	0	0	0	0	0	0	0	0	0	0	0	0	0	0	0	0	0	0	0	0	0	0	0	0	0	0	0	0	0	0	0	0	0	0	0	0	0	0	0	0	0	0	0	0	0	0	0	0	0	0	0	0	0	
0	0	0	0	0	0	0	0	0	0	0	0	0	0	0	0	0	0	0	0	0	0	0	0	0	0	0	0	0	0	0	0	0	0	0	0	0	0	0	0	0	0	0	0	0	0	0	0	0	0	0	0	0	0	0	0	0	0	0	0	0	0	0	0	0	0	0	0	0	0	0	0	0	0	0	0	0	0	0	0	0	0	0	0	0	0	0	0	0	0	0	0	1	0	0	0	0	0	0	0	0	0	0	0	0	0	0	0	0	0	0	0	0	0	0	0	0	0	0	0	0	0	0	0	0	0	0	0	0	0	0	0	0	0	0	0	0	0	0	0	0	0	0	0	0	0	0	0	0	0	0	0	0	0	0	0	0	0	0	0	0	0	0	0	0	0	0	0	0	0	0	0	0	0	0	0	0	0	0	0	0	0	0	0	0	0	0	0	0	0	0	0	0	0	0	0	0	0	
0	0	0	0	0	0	0	0	0	0	0	0	0	0	0	0	0	0	0	0	0	0	0	0	0	0	0	0	0	0	0	0	0	0	0	0	0	0	0	0	0	0	0	0	0	0	0	0	0	0	0	0	0	0	0	0	0	0	0	0	0	0	0	0	0	0	0	0	0	0	0	0	0	0	0	0	0	0	0	0	0	0	0	0	0	0	0	0	0	0	0	0	0	1	0	0	0	0	0	0	0	0	0	0	0	0	0	0	0	0	0	0	0	0	0	0	0	0	0	0	0	0	0	0	0	0	0	0	0	0	0	0	0	0	0	0	0	0	0	0	0	0	0	0	0	0	0	0	0	0	0	0	0	0	0	0	0	0	0	0	0	0	0	0	0	0	0	0	0	0	0	0	0	0	0	0	0	0	0	0	0	0	0	0	0	0	0	0	0	0	0	0	0	0	0	0	0	0	
0	0	0	0	0	0	0	0	0	0	0	0	0	0	0	0	0	0	0	0	0	0	0	0	0	0	0	0	0	0	0	0	0	0	0	0	0	0	0	0	0	0	0	0	0	0	0	0	0	0	0	0	0	0	0	0	0	0	0	0	0	0	0	0	0	0	0	0	0	0	0	0	0	0	0	0	0	0	0	0	0	0	0	0	0	0	0	0	0	0	0	0	0	0	1	0	0	0	0	0	0	0	0	0	0	0	0	0	0	0	0	0	0	0	0	0	0	0	0	0	0	0	0	0	0	0	0	0	0	0	0	0	0	0	0	0	0	0	0	0	0	0	0	0	0	0	0	0	0	0	0	0	0	0	0	0	0	0	0	0	0	0	0	0	0	0	0	0	0	0	0	0	0	0	0	0	0	0	0	0	0	0	0	0	0	0	0	0	0	0	0	0	0	0	0	0	0	0	
0	0	0	0	0	0	0	0	0	0	0	0	0	0	0	0	0	0	0	0	0	0	0	0	0	0	0	0	0	0	0	0	0	0	0	0	0	0	0	0	0	0	0	0	0	0	0	0	0	0	0	0	0	0	0	0	0	0	0	0	0	0	0	0	0	0	0	0	0	0	0	0	0	0	0	0	0	0	0	0	0	0	0	0	0	0	0	0	0	0	0	0	0	0	0	1	0	0	0	0	0	0	0	0	0	0	0	0	0	0	0	0	0	0	0	0	0	0	0	0	0	0	0	0	0	0	0	0	0	0	0	0	0	0	0	0	0	0	0	0	0	0	0	0	0	0	0	0	0	0	0	0	0	0	0	0	0	0	0	0	0	0	0	0	0	0	0	0	0	0	0	0	0	0	0	0	0	0	0	0	0	0	0	0	0	0	0	0	0	0	0	0	0	0	0	0	0	0	
0	0	0	0	0	0	0	0	0	0	0	0	0	0	0	0	0	0	0	0	0	0	0	0	0	0	0	0	0	0	0	0	0	0	0	0	0	0	0	0	0	0	0	0	0	0	0	0	0	0	0	0	0	0	0	0	0	0	0	0	0	0	0	0	0	0	0	0	0	0	0	0	0	0	0	0	0	0	0	0	0	0	0	0	0	0	0	0	0	0	0	0	0	0	0	0	1	0	0	0	0	0	0	0	0	0	0	0	0	0	0	0	0	0	0	0	0	0	0	0	0	0	0	0	0	0	0	0	0	0	0	0	0	0	0	0	0	0	0	0	0	0	0	0	0	0	0	0	0	0	0	0	0	0	0	0	0	0	0	0	0	0	0	0	0	0	0	0	0	0	0	0	0	0	0	0	0	0	0	0	0	0	0	0	0	0	0	0	0	0	0	0	0	0	0	0	0	0	
0	0	0	0	0	0	0	0	0	0	0	0	0	0	0	0	0	0	0	0	0	0	0	0	0	0	0	0	0	0	0	0	0	0	0	0	0	0	0	0	0	0	0	0	0	0	0	0	0	0	0	0	0	0	0	0	0	0	0	0	0	0	0	0	0	0	0	0	0	0	0	0	0	0	0	0	0	0	0	0	0	0	0	0	0	0	0	0	0	0	0	0	0	0	0	0	0	1	0	0	0	0	0	0	0	0	0	0	0	0	0	0	0	0	0	0	0	0	0	0	0	0	0	0	0	0	0	0	0	0	0	0	0	0	0	0	0	0	0	0	0	0	0	0	0	0	0	0	0	0	0	0	0	0	0	0	0	0	0	0	0	0	0	0	0	0	0	0	0	0	0	0	0	0	0	0	0	0	0	0	0	0	0	0	0	0	0	0	0	0	0	0	0	0	0	0	0	0	
0	0	0	0	0	0	0	0	0	0	0	0	0	0	0	0	0	0	0	0	0	0	0	0	0	0	0	0	0	0	0	0	0	0	0	0	0	0	0	0	0	0	0	0	0	0	0	0	0	0	0	0	0	0	0	0	0	0	0	0	0	0	0	0	0	0	0	0	0	0	0	0	0	0	0	0	0	0	0	0	0	0	0	0	0	0	0	0	0	0	0	0	0	0	0	0	0	0	1	0	0	0	0	0	0	0	0	0	0	0	0	0	0	0	0	0	0	0	0	0	0	0	0	0	0	0	0	0	0	0	0	0	0	0	0	0	0	0	0	0	0	0	0	0	0	0	0	0	0	0	0	0	0	0	0	0	0	0	0	0	0	0	0	0	0	0	0	0	0	0	0	0	0	0	0	0	0	0	0	0	0	0	0	0	0	0	0	0	0	0	0	0	0	0	0	0	0	0	
0	0	0	0	0	0	0	0	0	0	0	0	0	0	0	0	0	0	0	0	0	0	0	0	0	0	0	0	0	0	0	0	0	0	0	0	0	0	0	0	0	0	0	0	0	0	0	0	0	0	0	0	0	0	0	0	0	0	0	0	0	0	0	0	0	0	0	0	0	0	0	0	0	0	0	0	0	0	0	0	0	0	0	0	0	0	0	0	0	0	0	0	0	0	0	0	0	0	0	1	0	0	0	0	0	0	0	0	0	0	0	0	0	0	0	0	0	0	0	0	0	0	0	0	0	0	0	0	0	0	0	0	0	0	0	0	0	0	0	0	0	0	0	0	0	0	0	0	0	0	0	0	0	0	0	0	0	0	0	0	0	0	0	0	0	0	0	0	0	0	0	0	0	0	0	0	0	0	0	0	0	0	0	0	0	0	0	0	0	0	0	0	0	0	0	0	0	0	
0	0	0	0	0	0	0	0	0	0	0	0	0	0	0	0	0	0	0	0	0	0	0	0	0	0	0	0	0	0	0	0	0	0	0	0	0	0	0	0	0	0	0	0	0	0	0	0	0	0	0	0	0	0	0	0	0	0	0	0	0	0	0	0	0	0	0	0	0	0	0	0	0	0	0	0	0	0	0	0	0	0	0	0	0	0	0	0	0	0	0	0	0	0	0	0	0	0	0	0	1	0	0	0	0	0	0	0	0	0	0	0	0	0	0	0	0	0	0	0	0	0	0	0	0	0	0	0	0	0	0	0	0	0	0	0	0	0	0	0	0	0	0	0	0	0	0	0	0	0	0	0	0	0	0	0	0	0	0	0	0	0	0	0	0	0	0	0	0	0	0	0	0	0	0	0	0	0	0	0	0	0	0	0	0	0	0	0	0	0	0	0	0	0	0	0	0	0	
0	0	0	0	0	0	0	0	0	0	0	0	0	0	0	0	0	0	0	0	0	0	0	0	0	0	0	0	0	0	0	0	0	0	0	0	0	0	0	0	0	0	0	0	0	0	0	0	0	0	0	0	0	0	0	0	0	0	0	0	0	0	0	0	0	0	0	0	0	0	0	0	0	0	0	0	0	0	0	0	0	0	0	0	0	0	0	0	0	0	0	0	0	0	0	0	0	0	0	0	0	1	0	0	0	0	0	0	0	0	0	0	0	0	0	0	0	0	0	0	0	0	0	0	0	0	0	0	0	0	0	0	0	0	0	0	0	0	0	0	0	0	0	0	0	0	0	0	0	0	0	0	0	0	0	0	0	0	0	0	0	0	0	0	0	0	0	0	0	0	0	0	0	0	0	0	0	0	0	0	0	0	0	0	0	0	0	0	0	0	0	0	0	0	0	0	0	0	
0	0	0	0	0	0	0	0	0	0	0	0	0	0	0	0	0	0	0	0	0	0	0	0	0	0	0	0	0	0	0	0	0	0	0	0	0	0	0	0	0	0	0	0	0	0	0	0	0	0	0	0	0	0	0	0	0	0	0	0	0	0	0	0	0	0	0	0	0	0	0	0	0	0	0	0	0	0	0	0	0	0	0	0	0	0	0	0	0	0	0	0	0	0	0	0	0	0	0	0	0	0	1	0	0	0	0	0	0	0	0	0	0	0	0	0	0	0	0	0	0	0	0	0	0	0	0	0	0	0	0	0	0	0	0	0	0	0	0	0	0	0	0	0	0	0	0	0	0	0	0	0	0	0	0	0	0	0	0	0	0	0	0	0	0	0	0	0	0	0	0	0	0	0	0	0	0	0	0	0	0	0	0	0	0	0	0	0	0	0	0	0	0	0	0	0	0	0	
0	0	0	0	0	0	0	0	0	0	0	0	0	0	0	0	0	0	0	0	0	0	0	0	0	0	0	0	0	0	0	0	0	0	0	0	0	0	0	0	0	0	0	0	0	0	0	0	0	0	0	0	0	0	0	0	0	0	0	0	0	0	0	0	0	0	0	0	0	0	0	0	0	0	0	0	0	0	0	0	0	0	0	0	0	0	0	0	0	0	0	0	0	0	0	0	0	0	0	0	0	0	0	1	0	0	0	0	0	0	0	0	0	0	0	0	0	0	0	0	0	0	0	0	0	0	0	0	0	0	0	0	0	0	0	0	0	0	0	0	0	0	0	0	0	0	0	0	0	0	0	0	0	0	0	0	0	0	0	0	0	0	0	0	0	0	0	0	0	0	0	0	0	0	0	0	0	0	0	0	0	0	0	0	0	0	0	0	0	0	0	0	0	0	0	0	0	0	
0	0	0	0	0	0	0	0	0	0	0	0	0	0	0	0	0	0	0	0	0	0	0	0	0	0	0	0	0	0	0	0	0	0	0	0	0	0	0	0	0	0	0	0	0	0	0	0	0	0	0	0	0	0	0	0	0	0	0	0	0	0	0	0	0	0	0	0	0	0	0	0	0	0	0	0	0	0	0	0	0	0	0	0	0	0	0	0	0	0	0	0	0	0	0	0	0	0	0	0	0	0	0	0	1	0	0	0	0	0	0	0	0	0	0	0	0	0	0	0	0	0	0	0	0	0	0	0	0	0	0	0	0	0	0	0	0	0	0	0	0	0	0	0	0	0	0	0	0	0	0	0	0	0	0	0	0	0	0	0	0	0	0	0	0	0	0	0	0	0	0	0	0	0	0	0	0	0	0	0	0	0	0	0	0	0	0	0	0	0	0	0	0	0	0	0	0	0	
0	0	0	0	0	0	0	0	0	0	0	0	0	0	0	0	0	0	0	0	0	0	0	0	0	0	0	0	0	0	0	0	0	0	0	0	0	0	0	0	0	0	0	0	0	0	0	0	0	0	0	0	0	0	0	0	0	0	0	0	0	0	0	0	0	0	0	0	0	0	0	0	0	0	0	0	0	0	0	0	0	0	0	0	0	0	0	0	0	0	0	0	0	0	0	0	0	0	0	0	0	0	0	0	0	1	0	0	0	0	0	0	0	0	0	0	0	0	0	0	0	0	0	0	0	0	0	0	0	0	0	0	0	0	0	0	0	0	0	0	0	0	0	0	0	0	0	0	0	0	0	0	0	0	0	0	0	0	0	0	0	0	0	0	0	0	0	0	0	0	0	0	0	0	0	0	0	0	0	0	0	0	0	0	0	0	0	0	0	0	0	0	0	0	0	0	0	0	
0	0	0	0	0	0	0	0	0	0	0	0	0	0	0	0	0	0	0	0	0	0	0	0	0	0	0	0	0	0	0	0	0	0	0	0	0	0	0	0	0	0	0	0	0	0	0	0	0	0	0	0	0	0	0	0	0	0	0	0	0	0	0	0	0	0	0	0	0	0	0	0	0	0	0	0	0	0	0	0	0	0	0	0	0	0	0	0	0	0	0	0	0	0	0	0	0	0	0	0	0	0	0	0	0	0	1	0	0	0	0	0	0	0	0	0	0	0	0	0	0	0	0	0	0	0	0	0	0	0	0	0	0	0	0	0	0	0	0	0	0	0	0	0	0	0	0	0	0	0	0	0	0	0	0	0	0	0	0	0	0	0	0	0	0	0	0	0	0	0	0	0	0	0	0	0	0	0	0	0	0	0	0	0	0	0	0	0	0	0	0	0	0	0	0	0	0	0	
0	0	0	0	0	0	0	0	0	0	0	0	0	0	0	0	0	0	0	0	0	0	0	0	0	0	0	0	0	0	0	0	0	0	0	0	0	0	0	0	0	0	0	0	0	0	0	0	0	0	0	0	0	0	0	0	0	0	0	0	0	0	0	0	0	0	0	0	0	0	0	0	0	0	0	0	0	0	0	0	0	0	0	0	0	0	0	0	0	0	0	0	0	0	0	0	0	0	0	0	0	0	0	0	0	0	0	1	0	0	0	0	0	0	0	0	0	0	0	0	0	0	0	0	0	0	0	0	0	0	0	0	0	0	0	0	0	0	0	0	0	0	0	0	0	0	0	0	0	0	0	0	0	0	0	0	0	0	0	0	0	0	0	0	0	0	0	0	0	0	0	0	0	0	0	0	0	0	0	0	0	0	0	0	0	0	0	0	0	0	0	0	0	0	0	0	0	0	
0	0	0	0	0	0	0	0	0	0	0	0	0	0	0	0	0	0	0	0	0	0	0	0	0	0	0	0	0	0	0	0	0	0	0	0	0	0	0	0	0	0	0	0	0	0	0	0	0	0	0	0	0	0	0	0	0	0	0	0	0	0	0	0	0	0	0	0	0	0	0	0	0	0	0	0	0	0	0	0	0	0	0	0	0	0	0	0	0	0	0	0	0	0	0	0	0	0	0	0	0	0	0	0	0	0	0	0	1	0	0	0	0	0	0	0	0	0	0	0	0	0	0	0	0	0	0	0	0	0	0	0	0	0	0	0	0	0	0	0	0	0	0	0	0	0	0	0	0	0	0	0	0	0	0	0	0	0	0	0	0	0	0	0	0	0	0	0	0	0	0	0	0	0	0	0	0	0	0	0	0	0	0	0	0	0	0	0	0	0	0	0	0	0	0	0	0	0	
0	0	0	0	0	0	0	0	0	0	0	0	0	0	0	0	0	0	0	0	0	0	0	0	0	0	0	0	0	0	0	0	0	0	0	0	0	0	0	0	0	0	0	0	0	0	0	0	0	0	0	0	0	0	0	0	0	0	0	0	0	0	0	0	0	0	0	0	0	0	0	0	0	0	0	0	0	0	0	0	0	0	0	0	0	0	0	0	0	0	0	0	0	0	0	0	0	0	0	0	0	0	0	0	0	0	0	0	0	1	0	0	0	0	0	0	0	0	0	0	0	0	0	0	0	0	0	0	0	0	0	0	0	0	0	0	0	0	0	0	0	0	0	0	0	0	0	0	0	0	0	0	0	0	0	0	0	0	0	0	0	0	0	0	0	0	0	0	0	0	0	0	0	0	0	0	0	0	0	0	0	0	0	0	0	0	0	0	0	0	0	0	0	0	0	0	0	0	
0	0	0	0	0	0	0	0	0	0	0	0	0	0	0	0	0	0	0	0	0	0	0	0	0	0	0	0	0	0	0	0	0	0	0	0	0	0	0	0	0	0	0	0	0	0	0	0	0	0	0	0	0	0	0	0	0	0	0	0	0	0	0	0	0	0	0	0	0	0	0	0	0	0	0	0	0	0	0	0	0	0	0	0	0	0	0	0	0	0	0	0	0	0	0	0	0	0	0	0	0	0	0	0	0	0	0	0	0	0	1	0	0	0	0	0	0	0	0	0	0	0	0	0	0	0	0	0	0	0	0	0	0	0	0	0	0	0	0	0	0	0	0	0	0	0	0	0	0	0	0	0	0	0	0	0	0	0	0	0	0	0	0	0	0	0	0	0	0	0	0	0	0	0	0	0	0	0	0	0	0	0	0	0	0	0	0	0	0	0	0	0	0	0	0	0	0	0	
0	0	0	0	0	0	0	0	0	0	0	0	0	0	0	0	0	0	0	0	0	0	0	0	0	0	0	0	0	0	0	0	0	0	0	0	0	0	0	0	0	0	0	0	0	0	0	0	0	0	0	0	0	0	0	0	0	0	0	0	0	0	0	0	0	0	0	0	0	0	0	0	0	0	0	0	0	0	0	0	0	0	0	0	0	0	0	0	0	0	0	0	0	0	0	0	0	0	0	0	0	0	0	0	0	0	0	0	0	0	0	1	0	0	0	0	0	0	0	0	0	0	0	0	0	0	0	0	0	0	0	0	0	0	0	0	0	0	0	0	0	0	0	0	0	0	0	0	0	0	0	0	0	0	0	0	0	0	0	0	0	0	0	0	0	0	0	0	0	0	0	0	0	0	0	0	0	0	0	0	0	0	0	0	0	0	0	0	0	0	0	0	0	0	0	0	0	0	
0	0	0	0	0	0	0	0	0	0	0	0	0	0	0	0	0	0	0	0	0	0	0	0	0	0	0	0	0	0	0	0	0	0	0	0	0	0	0	0	0	0	0	0	0	0	0	0	0	0	0	0	0	0	0	0	0	0	0	0	0	0	0	0	0	0	0	0	0	0	0	0	0	0	0	0	0	0	0	0	0	0	0	0	0	0	0	0	0	0	0	0	0	0	0	0	0	0	0	0	0	0	0	0	0	0	0	0	0	0	0	0	1	0	0	0	0	0	0	0	0	0	0	0	0	0	0	0	0	0	0	0	0	0	0	0	0	0	0	0	0	0	0	0	0	0	0	0	0	0	0	0	0	0	0	0	0	0	0	0	0	0	0	0	0	0	0	0	0	0	0	0	0	0	0	0	0	0	0	0	0	0	0	0	0	0	0	0	0	0	0	0	0	0	0	0	0	0	
0	0	0	0	0	0	0	0	0	0	0	0	0	0	0	0	0	0	0	0	0	0	0	0	0	0	0	0	0	0	0	0	0	0	0	0	0	0	0	0	0	0	0	0	0	0	0	0	0	0	0	0	0	0	0	0	0	0	0	0	0	0	0	0	0	0	0	0	0	0	0	0	0	0	0	0	0	0	0	0	0	0	0	0	0	0	0	0	0	0	0	0	0	0	0	0	0	0	0	0	0	0	0	0	0	0	0	0	0	0	0	0	0	1	0	0	0	0	0	0	0	0	0	0	0	0	0	0	0	0	0	0	0	0	0	0	0	0	0	0	0	0	0	0	0	0	0	0	0	0	0	0	0	0	0	0	0	0	0	0	0	0	0	0	0	0	0	0	0	0	0	0	0	0	0	0	0	0	0	0	0	0	0	0	0	0	0	0	0	0	0	0	0	0	0	0	0	0	
0	0	0	0	0	0	0	0	0	0	0	0	0	0	0	0	0	0	0	0	0	0	0	0	0	0	0	0	0	0	0	0	0	0	0	0	0	0	0	0	0	0	0	0	0	0	0	0	0	0	0	0	0	0	0	0	0	0	0	0	0	0	0	0	0	0	0	0	0	0	0	0	0	0	0	0	0	0	0	0	0	0	0	0	0	0	0	0	0	0	0	0	0	0	0	0	0	0	0	0	0	0	0	0	0	0	0	0	0	0	0	0	0	0	1	0	0	0	0	0	0	0	0	0	0	0	0	0	0	0	0	0	0	0	0	0	0	0	0	0	0	0	0	0	0	0	0	0	0	0	0	0	0	0	0	0	0	0	0	0	0	0	0	0	0	0	0	0	0	0	0	0	0	0	0	0	0	0	0	0	0	0	0	0	0	0	0	0	0	0	0	0	0	0	0	0	0	0	
0	0	0	0	0	0	0	0	0	0	0	0	0	0	0	0	0	0	0	0	0	0	0	0	0	0	0	0	0	0	0	0	0	0	0	0	0	0	0	0	0	0	0	0	0	0	0	0	0	0	0	0	0	0	0	0	0	0	0	0	0	0	0	0	0	0	0	0	0	0	0	0	0	0	0	0	0	0	0	0	0	0	0	0	0	0	0	0	0	0	0	0	0	0	0	0	0	0	0	0	0	0	0	0	0	0	0	0	0	0	0	0	0	0	0	1	0	0	0	0	0	0	0	0	0	0	0	0	0	0	0	0	0	0	0	0	0	0	0	0	0	0	0	0	0	0	0	0	0	0	0	0	0	0	0	0	0	0	0	0	0	0	0	0	0	0	0	0	0	0	0	0	0	0	0	0	0	0	0	0	0	0	0	0	0	0	0	0	0	0	0	0	0	0	0	0	0	0	
0	0	0	0	0	0	0	0	0	0	0	0	0	0	0	0	0	0	0	0	0	0	0	0	0	0	0	0	0	0	0	0	0	0	0	0	0	0	0	0	0	0	0	0	0	0	0	0	0	0	0	0	0	0	0	0	0	0	0	0	0	0	0	0	0	0	0	0	0	0	0	0	0	0	0	0	0	0	0	0	0	0	0	0	0	0	0	0	0	0	0	0	0	0	0	0	0	0	0	0	0	0	0	0	0	0	0	0	0	0	0	0	0	0	0	0	1	0	0	0	0	0	0	0	0	0	0	0	0	0	0	0	0	0	0	0	0	0	0	0	0	0	0	0	0	0	0	0	0	0	0	0	0	0	0	0	0	0	0	0	0	0	0	0	0	0	0	0	0	0	0	0	0	0	0	0	0	0	0	0	0	0	0	0	0	0	0	0	0	0	0	0	0	0	0	0	0	0	
0	0	0	0	0	0	0	0	0	0	0	0	0	0	0	0	0	0	0	0	0	0	0	0	0	0	0	0	0	0	0	0	0	0	0	0	0	0	0	0	0	0	0	0	0	0	0	0	0	0	0	0	0	0	0	0	0	0	0	0	0	0	0	0	0	0	0	0	0	0	0	0	0	0	0	0	0	0	0	0	0	0	0	0	0	0	0	0	0	0	0	0	0	0	0	0	0	0	0	0	0	0	0	0	0	0	0	0	0	0	0	0	0	0	0	0	0	1	0	0	0	0	0	0	0	0	0	0	0	0	0	0	0	0	0	0	0	0	0	0	0	0	0	0	0	0	0	0	0	0	0	0	0	0	0	0	0	0	0	0	0	0	0	0	0	0	0	0	0	0	0	0	0	0	0	0	0	0	0	0	0	0	0	0	0	0	0	0	0	0	0	0	0	0	0	0	0	0	
0	0	0	0	0	0	0	0	0	0	0	0	0	0	0	0	0	0	0	0	0	0	0	0	0	0	0	0	0	0	0	0	0	0	0	0	0	0	0	0	0	0	0	0	0	0	0	0	0	0	0	0	0	0	0	0	0	0	0	0	0	0	0	0	0	0	0	0	0	0	0	0	0	0	0	0	0	0	0	0	0	0	0	0	0	0	0	0	0	0	0	0	0	0	0	0	0	0	0	0	0	0	0	0	0	0	0	0	0	0	0	0	0	0	0	0	0	0	1	0	0	0	0	0	0	0	0	0	0	0	0	0	0	0	0	0	0	0	0	0	0	0	0	0	0	0	0	0	0	0	0	0	0	0	0	0	0	0	0	0	0	0	0	0	0	0	0	0	0	0	0	0	0	0	0	0	0	0	0	0	0	0	0	0	0	0	0	0	0	0	0	0	0	0	0	0	0	0	
0	0	0	0	0	0	0	0	0	0	0	0	0	0	0	0	0	0	0	0	0	0	0	0	0	0	0	0	0	0	0	0	0	0	0	0	0	0	0	0	0	0	0	0	0	0	0	0	0	0	0	0	0	0	0	0	0	0	0	0	0	0	0	0	0	0	0	0	0	0	0	0	0	0	0	0	0	0	0	0	0	0	0	0	0	0	0	0	0	0	0	0	0	0	0	0	0	0	0	0	0	0	0	0	0	0	0	0	0	0	0	0	0	0	0	0	0	0	0	1	0	0	0	0	0	0	0	0	0	0	0	0	0	0	0	0	0	0	0	0	0	0	0	0	0	0	0	0	0	0	0	0	0	0	0	0	0	0	0	0	0	0	0	0	0	0	0	0	0	0	0	0	0	0	0	0	0	0	0	0	0	0	0	0	0	0	0	0	0	0	0	0	0	0	0	0	0	0	
0	0	0	0	0	0	0	0	0	0	0	0	0	0	0	0	0	0	0	0	0	0	0	0	0	0	0	0	0	0	0	0	0	0	0	0	0	0	0	0	0	0	0	0	0	0	0	0	0	0	0	0	0	0	0	0	0	0	0	0	0	0	0	0	0	0	0	0	0	0	0	0	0	0	0	0	0	0	0	0	0	0	0	0	0	0	0	0	0	0	0	0	0	0	0	0	0	0	0	0	0	0	0	0	0	0	0	0	0	0	0	0	0	0	0	0	0	0	0	0	1	0	0	0	0	0	0	0	0	0	0	0	0	0	0	0	0	0	0	0	0	0	0	0	0	0	0	0	0	0	0	0	0	0	0	0	0	0	0	0	0	0	0	0	0	0	0	0	0	0	0	0	0	0	0	0	0	0	0	0	0	0	0	0	0	0	0	0	0	0	0	0	0	0	0	0	0	0	
0	0	0	0	0	0	0	0	0	0	0	0	0	0	0	0	0	0	0	0	0	0	0	0	0	0	0	0	0	0	0	0	0	0	0	0	0	0	0	0	0	0	0	0	0	0	0	0	0	0	0	0	0	0	0	0	0	0	0	0	0	0	0	0	0	0	0	0	0	0	0	0	0	0	0	0	0	0	0	0	0	0	0	0	0	0	0	0	0	0	0	0	0	0	0	0	0	0	0	0	0	0	0	0	0	0	0	0	0	0	0	0	0	0	0	0	0	0	0	0	0	1	0	0	0	0	0	0	0	0	0	0	0	0	0	0	0	0	0	0	0	0	0	0	0	0	0	0	0	0	0	0	0	0	0	0	0	0	0	0	0	0	0	0	0	0	0	0	0	0	0	0	0	0	0	0	0	0	0	0	0	0	0	0	0	0	0	0	0	0	0	0	0	0	0	0	0	0	
0	0	0	0	0	0	0	0	0	0	0	0	0	0	0	0	0	0	0	0	0	0	0	0	0	0	0	0	0	0	0	0	0	0	0	0	0	0	0	0	0	0	0	0	0	0	0	0	0	0	0	0	0	0	0	0	0	0	0	0	0	0	0	0	0	0	0	0	0	0	0	0	0	0	0	0	0	0	0	0	0	0	0	0	0	0	0	0	0	0	0	0	0	0	0	0	0	0	0	0	0	0	0	0	0	0	0	0	0	0	0	0	0	0	0	0	0	0	0	0	0	0	1	0	0	0	0	0	0	0	0	0	0	0	0	0	0	0	0	0	0	0	0	0	0	0	0	0	0	0	0	0	0	0	0	0	0	0	0	0	0	0	0	0	0	0	0	0	0	0	0	0	0	0	0	0	0	0	0	0	0	0	0	0	0	0	0	0	0	0	0	0	0	0	0	0	0	0	
0	0	0	0	0	0	0	0	0	0	0	0	0	0	0	0	0	0	0	0	0	0	0	0	0	0	0	0	0	0	0	0	0	0	0	0	0	0	0	0	0	0	0	0	0	0	0	0	0	0	0	0	0	0	0	0	0	0	0	0	0	0	0	0	0	0	0	0	0	0	0	0	0	0	0	0	0	0	0	0	0	0	0	0	0	0	0	0	0	0	0	0	0	0	0	0	0	0	0	0	0	0	0	0	0	0	0	0	0	0	0	0	0	0	0	0	0	0	0	0	0	0	0	1	0	0	0	0	0	0	0	0	0	0	0	0	0	0	0	0	0	0	0	0	0	0	0	0	0	0	0	0	0	0	0	0	0	0	0	0	0	0	0	0	0	0	0	0	0	0	0	0	0	0	0	0	0	0	0	0	0	0	0	0	0	0	0	0	0	0	0	0	0	0	0	0	0	0	
0	0	0	0	0	0	0	0	0	0	0	0	0	0	0	0	0	0	0	0	0	0	0	0	0	0	0	0	0	0	0	0	0	0	0	0	0	0	0	0	0	0	0	0	0	0	0	0	0	0	0	0	0	0	0	0	0	0	0	0	0	0	0	0	0	0	0	0	0	0	0	0	0	0	0	0	0	0	0	0	0	0	0	0	0	0	0	0	0	0	0	0	0	0	0	0	0	0	0	0	0	0	0	0	0	0	0	0	0	0	0	0	0	0	0	0	0	0	0	0	0	0	0	0	1	0	0	0	0	0	0	0	0	0	0	0	0	0	0	0	0	0	0	0	0	0	0	0	0	0	0	0	0	0	0	0	0	0	0	0	0	0	0	0	0	0	0	0	0	0	0	0	0	0	0	0	0	0	0	0	0	0	0	0	0	0	0	0	0	0	0	0	0	0	0	0	0	0	
0	0	0	0	0	0	0	0	0	0	0	0	0	0	0	0	0	0	0	0	0	0	0	0	0	0	0	0	0	0	0	0	0	0	0	0	0	0	0	0	0	0	0	0	0	0	0	0	0	0	0	0	0	0	0	0	0	0	0	0	0	0	0	0	0	0	0	0	0	0	0	0	0	0	0	0	0	0	0	0	0	0	0	0	0	0	0	0	0	0	0	0	0	0	0	0	0	0	0	0	0	0	0	0	0	0	0	0	0	0	0	0	0	0	0	0	0	0	0	0	0	0	0	0	0	1	0	0	0	0	0	0	0	0	0	0	0	0	0	0	0	0	0	0	0	0	0	0	0	0	0	0	0	0	0	0	0	0	0	0	0	0	0	0	0	0	0	0	0	0	0	0	0	0	0	0	0	0	0	0	0	0	0	0	0	0	0	0	0	0	0	0	0	0	0	0	0	0	
0	0	0	0	0	0	0	0	0	0	0	0	0	0	0	0	0	0	0	0	0	0	0	0	0	0	0	0	0	0	0	0	0	0	0	0	0	0	0	0	0	0	0	0	0	0	0	0	0	0	0	0	0	0	0	0	0	0	0	0	0	0	0	0	0	0	0	0	0	0	0	0	0	0	0	0	0	0	0	0	0	0	0	0	0	0	0	0	0	0	0	0	0	0	0	0	0	0	0	0	0	0	0	0	0	0	0	0	0	0	0	0	0	0	0	0	0	0	0	0	0	0	0	0	0	0	1	0	0	0	0	0	0	0	0	0	0	0	0	0	0	0	0	0	0	0	0	0	0	0	0	0	0	0	0	0	0	0	0	0	0	0	0	0	0	0	0	0	0	0	0	0	0	0	0	0	0	0	0	0	0	0	0	0	0	0	0	0	0	0	0	0	0	0	0	0	0	0	
0	0	0	0	0	0	0	0	0	0	0	0	0	0	0	0	0	0	0	0	0	0	0	0	0	0	0	0	0	0	0	0	0	0	0	0	0	0	0	0	0	0	0	0	0	0	0	0	0	0	0	0	0	0	0	0	0	0	0	0	0	0	0	0	0	0	0	0	0	0	0	0	0	0	0	0	0	0	0	0	0	0	0	0	0	0	0	0	0	0	0	0	0	0	0	0	0	0	0	0	0	0	0	0	0	0	0	0	0	0	0	0	0	0	0	0	0	0	0	0	0	0	0	0	0	0	0	1	0	0	0	0	0	0	0	0	0	0	0	0	0	0	0	0	0	0	0	0	0	0	0	0	0	0	0	0	0	0	0	0	0	0	0	0	0	0	0	0	0	0	0	0	0	0	0	0	0	0	0	0	0	0	0	0	0	0	0	0	0	0	0	0	0	0	0	0	0	0	
0	0	0	0	0	0	0	0	0	0	0	0	0	0	0	0	0	0	0	0	0	0	0	0	0	0	0	0	0	0	0	0	0	0	0	0	0	0	0	0	0	0	0	0	0	0	0	0	0	0	0	0	0	0	0	0	0	0	0	0	0	0	0	0	0	0	0	0	0	0	0	0	0	0	0	0	0	0	0	0	0	0	0	0	0	0	0	0	0	0	0	0	0	0	0	0	0	0	0	0	0	0	0	0	0	0	0	0	0	0	0	0	0	0	0	0	0	0	0	0	0	0	0	0	0	0	0	0	1	0	0	0	0	0	0	0	0	0	0	0	0	0	0	0	0	0	0	0	0	0	0	0	0	0	0	0	0	0	0	0	0	0	0	0	0	0	0	0	0	0	0	0	0	0	0	0	0	0	0	0	0	0	0	0	0	0	0	0	0	0	0	0	0	0	0	0	0	0	
0	0	0	0	0	0	0	0	0	0	0	0	0	0	0	0	0	0	0	0	0	0	0	0	0	0	0	0	0	0	0	0	0	0	0	0	0	0	0	0	0	0	0	0	0	0	0	0	0	0	0	0	0	0	0	0	0	0	0	0	0	0	0	0	0	0	0	0	0	0	0	0	0	0	0	0	0	0	0	0	0	0	0	0	0	0	0	0	0	0	0	0	0	0	0	0	0	0	0	0	0	0	0	0	0	0	0	0	0	0	0	0	0	0	0	0	0	0	0	0	0	0	0	0	0	0	0	0	0	1	0	0	0	0	0	0	0	0	0	0	0	0	0	0	0	0	0	0	0	0	0	0	0	0	0	0	0	0	0	0	0	0	0	0	0	0	0	0	0	0	0	0	0	0	0	0	0	0	0	0	0	0	0	0	0	0	0	0	0	0	0	0	0	0	0	0	0	0	
0	0	0	0	0	0	0	0	0	0	0	0	0	0	0	0	0	0	0	0	0	0	0	0	0	0	0	0	0	0	0	0	0	0	0	0	0	0	0	0	0	0	0	0	0	0	0	0	0	0	0	0	0	0	0	0	0	0	0	0	0	0	0	0	0	0	0	0	0	0	0	0	0	0	0	0	0	0	0	0	0	0	0	0	0	0	0	0	0	0	0	0	0	0	0	0	0	0	0	0	0	0	0	0	0	0	0	0	0	0	0	0	0	0	0	0	0	0	0	0	0	0	0	0	0	0	0	0	0	0	1	0	0	0	0	0	0	0	0	0	0	0	0	0	0	0	0	0	0	0	0	0	0	0	0	0	0	0	0	0	0	0	0	0	0	0	0	0	0	0	0	0	0	0	0	0	0	0	0	0	0	0	0	0	0	0	0	0	0	0	0	0	0	0	0	0	0	0	
0	0	0	0	0	0	0	0	0	0	0	0	0	0	0	0	0	0	0	0	0	0	0	0	0	0	0	0	0	0	0	0	0	0	0	0	0	0	0	0	0	0	0	0	0	0	0	0	0	0	0	0	0	0	0	0	0	0	0	0	0	0	0	0	0	0	0	0	0	0	0	0	0	0	0	0	0	0	0	0	0	0	0	0	0	0	0	0	0	0	0	0	0	0	0	0	0	0	0	0	0	0	0	0	0	0	0	0	0	0	0	0	0	0	0	0	0	0	0	0	0	0	0	0	0	0	0	0	0	0	0	1	0	0	0	0	0	0	0	0	0	0	0	0	0	0	0	0	0	0	0	0	0	0	0	0	0	0	0	0	0	0	0	0	0	0	0	0	0	0	0	0	0	0	0	0	0	0	0	0	0	0	0	0	0	0	0	0	0	0	0	0	0	0	0	0	0	0	
0	0	0	0	0	0	0	0	0	0	0	0	0	0	0	0	0	0	0	0	0	0	0	0	0	0	0	0	0	0	0	0	0	0	0	0	0	0	0	0	0	0	0	0	0	0	0	0	0	0	0	0	0	0	0	0	0	0	0	0	0	0	0	0	0	0	0	0	0	0	0	0	0	0	0	0	0	0	0	0	0	0	0	0	0	0	0	0	0	0	0	0	0	0	0	0	0	0	0	0	0	0	0	0	0	0	0	0	0	0	0	0	0	0	0	0	0	0	0	0	0	0	0	0	0	0	0	0	0	0	0	0	1	0	0	0	0	0	0	0	0	0	0	0	0	0	0	0	0	0	0	0	0	0	0	0	0	0	0	0	0	0	0	0	0	0	0	0	0	0	0	0	0	0	0	0	0	0	0	0	0	0	0	0	0	0	0	0	0	0	0	0	0	0	0	0	0	0	
0	0	0	0	0	0	0	0	0	0	0	0	0	0	0	0	0	0	0	0	0	0	0	0	0	0	0	0	0	0	0	0	0	0	0	0	0	0	0	0	0	0	0	0	0	0	0	0	0	0	0	0	0	0	0	0	0	0	0	0	0	0	0	0	0	0	0	0	0	0	0	0	0	0	0	0	0	0	0	0	0	0	0	0	0	0	0	0	0	0	0	0	0	0	0	0	0	0	0	0	0	0	0	0	0	0	0	0	0	0	0	0	0	0	0	0	0	0	0	0	0	0	0	0	0	0	0	0	0	0	0	0	0	1	0	0	0	0	0	0	0	0	0	0	0	0	0	0	0	0	0	0	0	0	0	0	0	0	0	0	0	0	0	0	0	0	0	0	0	0	0	0	0	0	0	0	0	0	0	0	0	0	0	0	0	0	0	0	0	0	0	0	0	0	0	0	0	0	
0	0	0	0	0	0	0	0	0	0	0	0	0	0	0	0	0	0	0	0	0	0	0	0	0	0	0	0	0	0	0	0	0	0	0	0	0	0	0	0	0	0	0	0	0	0	0	0	0	0	0	0	0	0	0	0	0	0	0	0	0	0	0	0	0	0	0	0	0	0	0	0	0	0	0	0	0	0	0	0	0	0	0	0	0	0	0	0	0	0	0	0	0	0	0	0	0	0	0	0	0	0	0	0	0	0	0	0	0	0	0	0	0	0	0	0	0	0	0	0	0	0	0	0	0	0	0	0	0	0	0	0	0	0	1	0	0	0	0	0	0	0	0	0	0	0	0	0	0	0	0	0	0	0	0	0	0	0	0	0	0	0	0	0	0	0	0	0	0	0	0	0	0	0	0	0	0	0	0	0	0	0	0	0	0	0	0	0	0	0	0	0	0	0	0	0	0	0	
0	0	0	0	0	0	0	0	0	0	0	0	0	0	0	0	0	0	0	0	0	0	0	0	0	0	0	0	0	0	0	0	0	0	0	0	0	0	0	0	0	0	0	0	0	0	0	0	0	0	0	0	0	0	0	0	0	0	0	0	0	0	0	0	0	0	0	0	0	0	0	0	0	0	0	0	0	0	0	0	0	0	0	0	0	0	0	0	0	0	0	0	0	0	0	0	0	0	0	0	0	0	0	0	0	0	0	0	0	0	0	0	0	0	0	0	0	0	0	0	0	0	0	0	0	0	0	0	0	0	0	0	0	0	0	1	0	0	0	0	0	0	0	0	0	0	0	0	0	0	0	0	0	0	0	0	0	0	0	0	0	0	0	0	0	0	0	0	0	0	0	0	0	0	0	0	0	0	0	0	0	0	0	0	0	0	0	0	0	0	0	0	0	0	0	0	0	0	
0	0	0	0	0	0	0	0	0	0	0	0	0	0	0	0	0	0	0	0	0	0	0	0	0	0	0	0	0	0	0	0	0	0	0	0	0	0	0	0	0	0	0	0	0	0	0	0	0	0	0	0	0	0	0	0	0	0	0	0	0	0	0	0	0	0	0	0	0	0	0	0	0	0	0	0	0	0	0	0	0	0	0	0	0	0	0	0	0	0	0	0	0	0	0	0	0	0	0	0	0	0	0	0	0	0	0	0	0	0	0	0	0	0	0	0	0	0	0	0	0	0	0	0	0	0	0	0	0	0	0	0	0	0	0	0	1	0	0	0	0	0	0	0	0	0	0	0	0	0	0	0	0	0	0	0	0	0	0	0	0	0	0	0	0	0	0	0	0	0	0	0	0	0	0	0	0	0	0	0	0	0	0	0	0	0	0	0	0	0	0	0	0	0	0	0	0	0	
0	0	0	0	0	0	0	0	0	0	0	0	0	0	0	0	0	0	0	0	0	0	0	0	0	0	0	0	0	0	0	0	0	0	0	0	0	0	0	0	0	0	0	0	0	0	0	0	0	0	0	0	0	0	0	0	0	0	0	0	0	0	0	0	0	0	0	0	0	0	0	0	0	0	0	0	0	0	0	0	0	0	0	0	0	0	0	0	0	0	0	0	0	0	0	0	0	0	0	0	0	0	0	0	0	0	0	0	0	0	0	0	0	0	0	0	0	0	0	0	0	0	0	0	0	0	0	0	0	0	0	0	0	0	0	0	0	1	0	0	0	0	0	0	0	0	0	0	0	0	0	0	0	0	0	0	0	0	0	0	0	0	0	0	0	0	0	0	0	0	0	0	0	0	0	0	0	0	0	0	0	0	0	0	0	0	0	0	0	0	0	0	0	0	0	0	0	0	
0	0	0	0	0	0	0	0	0	0	0	0	0	0	0	0	0	0	0	0	0	0	0	0	0	0	0	0	0	0	0	0	0	0	0	0	0	0	0	0	0	0	0	0	0	0	0	0	0	0	0	0	0	0	0	0	0	0	0	0	0	0	0	0	0	0	0	0	0	0	0	0	0	0	0	0	0	0	0	0	0	0	0	0	0	0	0	0	0	0	0	0	0	0	0	0	0	0	0	0	0	0	0	0	0	0	0	0	0	0	0	0	0	0	0	0	0	0	0	0	0	0	0	0	0	0	0	0	0	0	0	0	0	0	0	0	0	0	1	0	0	0	0	0	0	0	0	0	0	0	0	0	0	0	0	0	0	0	0	0	0	0	0	0	0	0	0	0	0	0	0	0	0	0	0	0	0	0	0	0	0	0	0	0	0	0	0	0	0	0	0	0	0	0	0	0	0	0	
0	0	0	0	0	0	0	0	0	0	0	0	0	0	0	0	0	0	0	0	0	0	0	0	0	0	0	0	0	0	0	0	0	0	0	0	0	0	0	0	0	0	0	0	0	0	0	0	0	0	0	0	0	0	0	0	0	0	0	0	0	0	0	0	0	0	0	0	0	0	0	0	0	0	0	0	0	0	0	0	0	0	0	0	0	0	0	0	0	0	0	0	0	0	0	0	0	0	0	0	0	0	0	0	0	0	0	0	0	0	0	0	0	0	0	0	0	0	0	0	0	0	0	0	0	0	0	0	0	0	0	0	0	0	0	0	0	0	0	1	0	0	0	0	0	0	0	0	0	0	0	0	0	0	0	0	0	0	0	0	0	0	0	0	0	0	0	0	0	0	0	0	0	0	0	0	0	0	0	0	0	0	0	0	0	0	0	0	0	0	0	0	0	0	0	0	0	0	
0	0	0	0	0	0	0	0	0	0	0	0	0	0	0	0	0	0	0	0	0	0	0	0	0	0	0	0	0	0	0	0	0	0	0	0	0	0	0	0	0	0	0	0	0	0	0	0	0	0	0	0	0	0	0	0	0	0	0	0	0	0	0	0	0	0	0	0	0	0	0	0	0	0	0	0	0	0	0	0	0	0	0	0	0	0	0	0	0	0	0	0	0	0	0	0	0	0	0	0	0	0	0	0	0	0	0	0	0	0	0	0	0	0	0	0	0	0	0	0	0	0	0	0	0	0	0	0	0	0	0	0	0	0	0	0	0	0	0	0	1	0	0	0	0	0	0	0	0	0	0	0	0	0	0	0	0	0	0	0	0	0	0	0	0	0	0	0	0	0	0	0	0	0	0	0	0	0	0	0	0	0	0	0	0	0	0	0	0	0	0	0	0	0	0	0	0	0	
0	0	0	0	0	0	0	0	0	0	0	0	0	0	0	0	0	0	0	0	0	0	0	0	0	0	0	0	0	0	0	0	0	0	0	0	0	0	0	0	0	0	0	0	0	0	0	0	0	0	0	0	0	0	0	0	0	0	0	0	0	0	0	0	0	0	0	0	0	0	0	0	0	0	0	0	0	0	0	0	0	0	0	0	0	0	0	0	0	0	0	0	0	0	0	0	0	0	0	0	0	0	0	0	0	0	0	0	0	0	0	0	0	0	0	0	0	0	0	0	0	0	0	0	0	0	0	0	0	0	0	0	0	0	0	0	0	0	0	0	0	1	0	0	0	0	0	0	0	0	0	0	0	0	0	0	0	0	0	0	0	0	0	0	0	0	0	0	0	0	0	0	0	0	0	0	0	0	0	0	0	0	0	0	0	0	0	0	0	0	0	0	0	0	0	0	0	0	
0	0	0	0	0	0	0	0	0	0	0	0	0	0	0	0	0	0	0	0	0	0	0	0	0	0	0	0	0	0	0	0	0	0	0	0	0	0	0	0	0	0	0	0	0	0	0	0	0	0	0	0	0	0	0	0	0	0	0	0	0	0	0	0	0	0	0	0	0	0	0	0	0	0	0	0	0	0	0	0	0	0	0	0	0	0	0	0	0	0	0	0	0	0	0	0	0	0	0	0	0	0	0	0	0	0	0	0	0	0	0	0	0	0	0	0	0	0	0	0	0	0	0	0	0	0	0	0	0	0	0	0	0	0	0	0	0	0	0	0	0	0	1	0	0	0	0	0	0	0	0	0	0	0	0	0	0	0	0	0	0	0	0	0	0	0	0	0	0	0	0	0	0	0	0	0	0	0	0	0	0	0	0	0	0	0	0	0	0	0	0	0	0	0	0	0	0	0	
0	0	0	0	0	0	0	0	0	0	0	0	0	0	0	0	0	0	0	0	0	0	0	0	0	0	0	0	0	0	0	0	0	0	0	0	0	0	0	0	0	0	0	0	0	0	0	0	0	0	0	0	0	0	0	0	0	0	0	0	0	0	0	0	0	0	0	0	0	0	0	0	0	0	0	0	0	0	0	0	0	0	0	0	0	0	0	0	0	0	0	0	0	0	0	0	0	0	0	0	0	0	0	0	0	0	0	0	0	0	0	0	0	0	0	0	0	0	0	0	0	0	0	0	0	0	0	0	0	0	0	0	0	0	0	0	0	0	0	0	0	0	0	1	0	0	0	0	0	0	0	0	0	0	0	0	0	0	0	0	0	0	0	0	0	0	0	0	0	0	0	0	0	0	0	0	0	0	0	0	0	0	0	0	0	0	0	0	0	0	0	0	0	0	0	0	0	0	
0	0	0	0	0	0	0	0	0	0	0	0	0	0	0	0	0	0	0	0	0	0	0	0	0	0	0	0	0	0	0	0	0	0	0	0	0	0	0	0	0	0	0	0	0	0	0	0	0	0	0	0	0	0	0	0	0	0	0	0	0	0	0	0	0	0	0	0	0	0	0	0	0	0	0	0	0	0	0	0	0	0	0	0	0	0	0	0	0	0	0	0	0	0	0	0	0	0	0	0	0	0	0	0	0	0	0	0	0	0	0	0	0	0	0	0	0	0	0	0	0	0	0	0	0	0	0	0	0	0	0	0	0	0	0	0	0	0	0	0	0	0	0	0	1	0	0	0	0	0	0	0	0	0	0	0	0	0	0	0	0	0	0	0	0	0	0	0	0	0	0	0	0	0	0	0	0	0	0	0	0	0	0	0	0	0	0	0	0	0	0	0	0	0	0	0	0	0	
0	0	0	0	0	0	0	0	0	0	0	0	0	0	0	0	0	0	0	0	0	0	0	0	0	0	0	0	0	0	0	0	0	0	0	0	0	0	0	0	0	0	0	0	0	0	0	0	0	0	0	0	0	0	0	0	0	0	0	0	0	0	0	0	0	0	0	0	0	0	0	0	0	0	0	0	0	0	0	0	0	0	0	0	0	0	0	0	0	0	0	0	0	0	0	0	0	0	0	0	0	0	0	0	0	0	0	0	0	0	0	0	0	0	0	0	0	0	0	0	0	0	0	0	0	0	0	0	0	0	0	0	0	0	0	0	0	0	0	0	0	0	0	0	0	1	0	0	0	0	0	0	0	0	0	0	0	0	0	0	0	0	0	0	0	0	0	0	0	0	0	0	0	0	0	0	0	0	0	0	0	0	0	0	0	0	0	0	0	0	0	0	0	0	0	0	0	0	
0	0	0	0	0	0	0	0	0	0	0	0	0	0	0	0	0	0	0	0	0	0	0	0	0	0	0	0	0	0	0	0	0	0	0	0	0	0	0	0	0	0	0	0	0	0	0	0	0	0	0	0	0	0	0	0	0	0	0	0	0	0	0	0	0	0	0	0	0	0	0	0	0	0	0	0	0	0	0	0	0	0	0	0	0	0	0	0	0	0	0	0	0	0	0	0	0	0	0	0	0	0	0	0	0	0	0	0	0	0	0	0	0	0	0	0	0	0	0	0	0	0	0	0	0	0	0	0	0	0	0	0	0	0	0	0	0	0	0	0	0	0	0	0	0	0	1	0	0	0	0	0	0	0	0	0	0	0	0	0	0	0	0	0	0	0	0	0	0	0	0	0	0	0	0	0	0	0	0	0	0	0	0	0	0	0	0	0	0	0	0	0	0	0	0	0	0	0	
0	0	0	0	0	0	0	0	0	0	0	0	0	0	0	0	0	0	0	0	0	0	0	0	0	0	0	0	0	0	0	0	0	0	0	0	0	0	0	0	0	0	0	0	0	0	0	0	0	0	0	0	0	0	0	0	0	0	0	0	0	0	0	0	0	0	0	0	0	0	0	0	0	0	0	0	0	0	0	0	0	0	0	0	0	0	0	0	0	0	0	0	0	0	0	0	0	0	0	0	0	0	0	0	0	0	0	0	0	0	0	0	0	0	0	0	0	0	0	0	0	0	0	0	0	0	0	0	0	0	0	0	0	0	0	0	0	0	0	0	0	0	0	0	0	0	0	1	0	0	0	0	0	0	0	0	0	0	0	0	0	0	0	0	0	0	0	0	0	0	0	0	0	0	0	0	0	0	0	0	0	0	0	0	0	0	0	0	0	0	0	0	0	0	0	0	0	0	
0	0	0	0	0	0	0	0	0	0	0	0	0	0	0	0	0	0	0	0	0	0	0	0	0	0	0	0	0	0	0	0	0	0	0	0	0	0	0	0	0	0	0	0	0	0	0	0	0	0	0	0	0	0	0	0	0	0	0	0	0	0	0	0	0	0	0	0	0	0	0	0	0	0	0	0	0	0	0	0	0	0	0	0	0	0	0	0	0	0	0	0	0	0	0	0	0	0	0	0	0	0	0	0	0	0	0	0	0	0	0	0	0	0	0	0	0	0	0	0	0	0	0	0	0	0	0	0	0	0	0	0	0	0	0	0	0	0	0	0	0	0	0	0	0	0	0	0	1	0	0	0	0	0	0	0	0	0	0	0	0	0	0	0	0	0	0	0	0	0	0	0	0	0	0	0	0	0	0	0	0	0	0	0	0	0	0	0	0	0	0	0	0	0	0	0	0	0	
0	0	0	0	0	0	0	0	0	0	0	0	0	0	0	0	0	0	0	0	0	0	0	0	0	0	0	0	0	0	0	0	0	0	0	0	0	0	0	0	0	0	0	0	0	0	0	0	0	0	0	0	0	0	0	0	0	0	0	0	0	0	0	0	0	0	0	0	0	0	0	0	0	0	0	0	0	0	0	0	0	0	0	0	0	0	0	0	0	0	0	0	0	0	0	0	0	0	0	0	0	0	0	0	0	0	0	0	0	0	0	0	0	0	0	0	0	0	0	0	0	0	0	0	0	0	0	0	0	0	0	0	0	0	0	0	0	0	0	0	0	0	0	0	0	0	0	0	0	1	0	0	0	0	0	0	0	0	0	0	0	0	0	0	0	0	0	0	0	0	0	0	0	0	0	0	0	0	0	0	0	0	0	0	0	0	0	0	0	0	0	0	0	0	0	0	0	0	
0	0	0	0	0	0	0	0	0	0	0	0	0	0	0	0	0	0	0	0	0	0	0	0	0	0	0	0	0	0	0	0	0	0	0	0	0	0	0	0	0	0	0	0	0	0	0	0	0	0	0	0	0	0	0	0	0	0	0	0	0	0	0	0	0	0	0	0	0	0	0	0	0	0	0	0	0	0	0	0	0	0	0	0	0	0	0	0	0	0	0	0	0	0	0	0	0	0	0	0	0	0	0	0	0	0	0	0	0	0	0	0	0	0	0	0	0	0	0	0	0	0	0	0	0	0	0	0	0	0	0	0	0	0	0	0	0	0	0	0	0	0	0	0	0	0	0	0	0	0	1	0	0	0	0	0	0	0	0	0	0	0	0	0	0	0	0	0	0	0	0	0	0	0	0	0	0	0	0	0	0	0	0	0	0	0	0	0	0	0	0	0	0	0	0	0	0	0	
0	0	0	0	0	0	0	0	0	0	0	0	0	0	0	0	0	0	0	0	0	0	0	0	0	0	0	0	0	0	0	0	0	0	0	0	0	0	0	0	0	0	0	0	0	0	0	0	0	0	0	0	0	0	0	0	0	0	0	0	0	0	0	0	0	0	0	0	0	0	0	0	0	0	0	0	0	0	0	0	0	0	0	0	0	0	0	0	0	0	0	0	0	0	0	0	0	0	0	0	0	0	0	0	0	0	0	0	0	0	0	0	0	0	0	0	0	0	0	0	0	0	0	0	0	0	0	0	0	0	0	0	0	0	0	0	0	0	0	0	0	0	0	0	0	0	0	0	0	0	0	1	0	0	0	0	0	0	0	0	0	0	0	0	0	0	0	0	0	0	0	0	0	0	0	0	0	0	0	0	0	0	0	0	0	0	0	0	0	0	0	0	0	0	0	0	0	0	
0	0	0	0	0	0	0	0	0	0	0	0	0	0	0	0	0	0	0	0	0	0	0	0	0	0	0	0	0	0	0	0	0	0	0	0	0	0	0	0	0	0	0	0	0	0	0	0	0	0	0	0	0	0	0	0	0	0	0	0	0	0	0	0	0	0	0	0	0	0	0	0	0	0	0	0	0	0	0	0	0	0	0	0	0	0	0	0	0	0	0	0	0	0	0	0	0	0	0	0	0	0	0	0	0	0	0	0	0	0	0	0	0	0	0	0	0	0	0	0	0	0	0	0	0	0	0	0	0	0	0	0	0	0	0	0	0	0	0	0	0	0	0	0	0	0	0	0	0	0	0	0	1	0	0	0	0	0	0	0	0	0	0	0	0	0	0	0	0	0	0	0	0	0	0	0	0	0	0	0	0	0	0	0	0	0	0	0	0	0	0	0	0	0	0	0	0	0	
0	0	0	0	0	0	0	0	0	0	0	0	0	0	0	0	0	0	0	0	0	0	0	0	0	0	0	0	0	0	0	0	0	0	0	0	0	0	0	0	0	0	0	0	0	0	0	0	0	0	0	0	0	0	0	0	0	0	0	0	0	0	0	0	0	0	0	0	0	0	0	0	0	0	0	0	0	0	0	0	0	0	0	0	0	0	0	0	0	0	0	0	0	0	0	0	0	0	0	0	0	0	0	0	0	0	0	0	0	0	0	0	0	0	0	0	0	0	0	0	0	0	0	0	0	0	0	0	0	0	0	0	0	0	0	0	0	0	0	0	0	0	0	0	0	0	0	0	0	0	0	0	0	1	0	0	0	0	0	0	0	0	0	0	0	0	0	0	0	0	0	0	0	0	0	0	0	0	0	0	0	0	0	0	0	0	0	0	0	0	0	0	0	0	0	0	0	0	
0	0	0	0	0	0	0	0	0	0	0	0	0	0	0	0	0	0	0	0	0	0	0	0	0	0	0	0	0	0	0	0	0	0	0	0	0	0	0	0	0	0	0	0	0	0	0	0	0	0	0	0	0	0	0	0	0	0	0	0	0	0	0	0	0	0	0	0	0	0	0	0	0	0	0	0	0	0	0	0	0	0	0	0	0	0	0	0	0	0	0	0	0	0	0	0	0	0	0	0	0	0	0	0	0	0	0	0	0	0	0	0	0	0	0	0	0	0	0	0	0	0	0	0	0	0	0	0	0	0	0	0	0	0	0	0	0	0	0	0	0	0	0	0	0	0	0	0	0	0	0	0	0	0	1	0	0	0	0	0	0	0	0	0	0	0	0	0	0	0	0	0	0	0	0	0	0	0	0	0	0	0	0	0	0	0	0	0	0	0	0	0	0	0	0	0	0	0	
0	0	0	0	0	0	0	0	0	0	0	0	0	0	0	0	0	0	0	0	0	0	0	0	0	0	0	0	0	0	0	0	0	0	0	0	0	0	0	0	0	0	0	0	0	0	0	0	0	0	0	0	0	0	0	0	0	0	0	0	0	0	0	0	0	0	0	0	0	0	0	0	0	0	0	0	0	0	0	0	0	0	0	0	0	0	0	0	0	0	0	0	0	0	0	0	0	0	0	0	0	0	0	0	0	0	0	0	0	0	0	0	0	0	0	0	0	0	0	0	0	0	0	0	0	0	0	0	0	0	0	0	0	0	0	0	0	0	0	0	0	0	0	0	0	0	0	0	0	0	0	0	0	0	0	1	0	0	0	0	0	0	0	0	0	0	0	0	0	0	0	0	0	0	0	0	0	0	0	0	0	0	0	0	0	0	0	0	0	0	0	0	0	0	0	0	0	0	
0	0	0	0	0	0	0	0	0	0	0	0	0	0	0	0	0	0	0	0	0	0	0	0	0	0	0	0	0	0	0	0	0	0	0	0	0	0	0	0	0	0	0	0	0	0	0	0	0	0	0	0	0	0	0	0	0	0	0	0	0	0	0	0	0	0	0	0	0	0	0	0	0	0	0	0	0	0	0	0	0	0	0	0	0	0	0	0	0	0	0	0	0	0	0	0	0	0	0	0	0	0	0	0	0	0	0	0	0	0	0	0	0	0	0	0	0	0	0	0	0	0	0	0	0	0	0	0	0	0	0	0	0	0	0	0	0	0	0	0	0	0	0	0	0	0	0	0	0	0	0	0	0	0	0	0	1	0	0	0	0	0	0	0	0	0	0	0	0	0	0	0	0	0	0	0	0	0	0	0	0	0	0	0	0	0	0	0	0	0	0	0	0	0	0	0	0	0	
0	0	0	0	0	0	0	0	0	0	0	0	0	0	0	0	0	0	0	0	0	0	0	0	0	0	0	0	0	0	0	0	0	0	0	0	0	0	0	0	0	0	0	0	0	0	0	0	0	0	0	0	0	0	0	0	0	0	0	0	0	0	0	0	0	0	0	0	0	0	0	0	0	0	0	0	0	0	0	0	0	0	0	0	0	0	0	0	0	0	0	0	0	0	0	0	0	0	0	0	0	0	0	0	0	0	0	0	0	0	0	0	0	0	0	0	0	0	0	0	0	0	0	0	0	0	0	0	0	0	0	0	0	0	0	0	0	0	0	0	0	0	0	0	0	0	0	0	0	0	0	0	0	0	0	0	0	1	0	0	0	0	0	0	0	0	0	0	0	0	0	0	0	0	0	0	0	0	0	0	0	0	0	0	0	0	0	0	0	0	0	0	0	0	0	0	0	0	
0	0	0	0	0	0	0	0	0	0	0	0	0	0	0	0	0	0	0	0	0	0	0	0	0	0	0	0	0	0	0	0	0	0	0	0	0	0	0	0	0	0	0	0	0	0	0	0	0	0	0	0	0	0	0	0	0	0	0	0	0	0	0	0	0	0	0	0	0	0	0	0	0	0	0	0	0	0	0	0	0	0	0	0	0	0	0	0	0	0	0	0	0	0	0	0	0	0	0	0	0	0	0	0	0	0	0	0	0	0	0	0	0	0	0	0	0	0	0	0	0	0	0	0	0	0	0	0	0	0	0	0	0	0	0	0	0	0	0	0	0	0	0	0	0	0	0	0	0	0	0	0	0	0	0	0	0	0	1	0	0	0	0	0	0	0	0	0	0	0	0	0	0	0	0	0	0	0	0	0	0	0	0	0	0	0	0	0	0	0	0	0	0	0	0	0	0	0	
0	0	0	0	0	0	0	0	0	0	0	0	0	0	0	0	0	0	0	0	0	0	0	0	0	0	0	0	0	0	0	0	0	0	0	0	0	0	0	0	0	0	0	0	0	0	0	0	0	0	0	0	0	0	0	0	0	0	0	0	0	0	0	0	0	0	0	0	0	0	0	0	0	0	0	0	0	0	0	0	0	0	0	0	0	0	0	0	0	0	0	0	0	0	0	0	0	0	0	0	0	0	0	0	0	0	0	0	0	0	0	0	0	0	0	0	0	0	0	0	0	0	0	0	0	0	0	0	0	0	0	0	0	0	0	0	0	0	0	0	0	0	0	0	0	0	0	0	0	0	0	0	0	0	0	0	0	0	0	1	0	0	0	0	0	0	0	0	0	0	0	0	0	0	0	0	0	0	0	0	0	0	0	0	0	0	0	0	0	0	0	0	0	0	0	0	0	0	
0	0	0	0	0	0	0	0	0	0	0	0	0	0	0	0	0	0	0	0	0	0	0	0	0	0	0	0	0	0	0	0	0	0	0	0	0	0	0	0	0	0	0	0	0	0	0	0	0	0	0	0	0	0	0	0	0	0	0	0	0	0	0	0	0	0	0	0	0	0	0	0	0	0	0	0	0	0	0	0	0	0	0	0	0	0	0	0	0	0	0	0	0	0	0	0	0	0	0	0	0	0	0	0	0	0	0	0	0	0	0	0	0	0	0	0	0	0	0	0	0	0	0	0	0	0	0	0	0	0	0	0	0	0	0	0	0	0	0	0	0	0	0	0	0	0	0	0	0	0	0	0	0	0	0	0	0	0	0	0	1	0	0	0	0	0	0	0	0	0	0	0	0	0	0	0	0	0	0	0	0	0	0	0	0	0	0	0	0	0	0	0	0	0	0	0	0	0	
0	0	0	0	0	0	0	0	0	0	0	0	0	0	0	0	0	0	0	0	0	0	0	0	0	0	0	0	0	0	0	0	0	0	0	0	0	0	0	0	0	0	0	0	0	0	0	0	0	0	0	0	0	0	0	0	0	0	0	0	0	0	0	0	0	0	0	0	0	0	0	0	0	0	0	0	0	0	0	0	0	0	0	0	0	0	0	0	0	0	0	0	0	0	0	0	0	0	0	0	0	0	0	0	0	0	0	0	0	0	0	0	0	0	0	0	0	0	0	0	0	0	0	0	0	0	0	0	0	0	0	0	0	0	0	0	0	0	0	0	0	0	0	0	0	0	0	0	0	0	0	0	0	0	0	0	0	0	0	0	0	1	0	0	0	0	0	0	0	0	0	0	0	0	0	0	0	0	0	0	0	0	0	0	0	0	0	0	0	0	0	0	0	0	0	0	0	0	
0	0	0	0	0	0	0	0	0	0	0	0	0	0	0	0	0	0	0	0	0	0	0	0	0	0	0	0	0	0	0	0	0	0	0	0	0	0	0	0	0	0	0	0	0	0	0	0	0	0	0	0	0	0	0	0	0	0	0	0	0	0	0	0	0	0	0	0	0	0	0	0	0	0	0	0	0	0	0	0	0	0	0	0	0	0	0	0	0	0	0	0	0	0	0	0	0	0	0	0	0	0	0	0	0	0	0	0	0	0	0	0	0	0	0	0	0	0	0	0	0	0	0	0	0	0	0	0	0	0	0	0	0	0	0	0	0	0	0	0	0	0	0	0	0	0	0	0	0	0	0	0	0	0	0	0	0	0	0	0	0	0	1	0	0	0	0	0	0	0	0	0	0	0	0	0	0	0	0	0	0	0	0	0	0	0	0	0	0	0	0	0	0	0	0	0	0	0	
0	0	0	0	0	0	0	0	0	0	0	0	0	0	0	0	0	0	0	0	0	0	0	0	0	0	0	0	0	0	0	0	0	0	0	0	0	0	0	0	0	0	0	0	0	0	0	0	0	0	0	0	0	0	0	0	0	0	0	0	0	0	0	0	0	0	0	0	0	0	0	0	0	0	0	0	0	0	0	0	0	0	0	0	0	0	0	0	0	0	0	0	0	0	0	0	0	0	0	0	0	0	0	0	0	0	0	0	0	0	0	0	0	0	0	0	0	0	0	0	0	0	0	0	0	0	0	0	0	0	0	0	0	0	0	0	0	0	0	0	0	0	0	0	0	0	0	0	0	0	0	0	0	0	0	0	0	0	0	0	0	0	0	1	0	0	0	0	0	0	0	0	0	0	0	0	0	0	0	0	0	0	0	0	0	0	0	0	0	0	0	0	0	0	0	0	0	0	
0	0	0	0	0	0	0	0	0	0	0	0	0	0	0	0	0	0	0	0	0	0	0	0	0	0	0	0	0	0	0	0	0	0	0	0	0	0	0	0	0	0	0	0	0	0	0	0	0	0	0	0	0	0	0	0	0	0	0	0	0	0	0	0	0	0	0	0	0	0	0	0	0	0	0	0	0	0	0	0	0	0	0	0	0	0	0	0	0	0	0	0	0	0	0	0	0	0	0	0	0	0	0	0	0	0	0	0	0	0	0	0	0	0	0	0	0	0	0	0	0	0	0	0	0	0	0	0	0	0	0	0	0	0	0	0	0	0	0	0	0	0	0	0	0	0	0	0	0	0	0	0	0	0	0	0	0	0	0	0	0	0	0	0	1	0	0	0	0	0	0	0	0	0	0	0	0	0	0	0	0	0	0	0	0	0	0	0	0	0	0	0	0	0	0	0	0	0	
0	0	0	0	0	0	0	0	0	0	0	0	0	0	0	0	0	0	0	0	0	0	0	0	0	0	0	0	0	0	0	0	0	0	0	0	0	0	0	0	0	0	0	0	0	0	0	0	0	0	0	0	0	0	0	0	0	0	0	0	0	0	0	0	0	0	0	0	0	0	0	0	0	0	0	0	0	0	0	0	0	0	0	0	0	0	0	0	0	0	0	0	0	0	0	0	0	0	0	0	0	0	0	0	0	0	0	0	0	0	0	0	0	0	0	0	0	0	0	0	0	0	0	0	0	0	0	0	0	0	0	0	0	0	0	0	0	0	0	0	0	0	0	0	0	0	0	0	0	0	0	0	0	0	0	0	0	0	0	0	0	0	0	0	0	1	0	0	0	0	0	0	0	0	0	0	0	0	0	0	0	0	0	0	0	0	0	0	0	0	0	0	0	0	0	0	0	0	
0	0	0	0	0	0	0	0	0	0	0	0	0	0	0	0	0	0	0	0	0	0	0	0	0	0	0	0	0	0	0	0	0	0	0	0	0	0	0	0	0	0	0	0	0	0	0	0	0	0	0	0	0	0	0	0	0	0	0	0	0	0	0	0	0	0	0	0	0	0	0	0	0	0	0	0	0	0	0	0	0	0	0	0	0	0	0	0	0	0	0	0	0	0	0	0	0	0	0	0	0	0	0	0	0	0	0	0	0	0	0	0	0	0	0	0	0	0	0	0	0	0	0	0	0	0	0	0	0	0	0	0	0	0	0	0	0	0	0	0	0	0	0	0	0	0	0	0	0	0	0	0	0	0	0	0	0	0	0	0	0	0	0	0	0	0	1	0	0	0	0	0	0	0	0	0	0	0	0	0	0	0	0	0	0	0	0	0	0	0	0	0	0	0	0	0	0	0	
0	0	0	0	0	0	0	0	0	0	0	0	0	0	0	0	0	0	0	0	0	0	0	0	0	0	0	0	0	0	0	0	0	0	0	0	0	0	0	0	0	0	0	0	0	0	0	0	0	0	0	0	0	0	0	0	0	0	0	0	0	0	0	0	0	0	0	0	0	0	0	0	0	0	0	0	0	0	0	0	0	0	0	0	0	0	0	0	0	0	0	0	0	0	0	0	0	0	0	0	0	0	0	0	0	0	0	0	0	0	0	0	0	0	0	0	0	0	0	0	0	0	0	0	0	0	0	0	0	0	0	0	0	0	0	0	0	0	0	0	0	0	0	0	0	0	0	0	0	0	0	0	0	0	0	0	0	0	0	0	0	0	0	0	0	0	0	1	0	0	0	0	0	0	0	0	0	0	0	0	0	0	0	0	0	0	0	0	0	0	0	0	0	0	0	0	0	0	
0	0	0	0	0	0	0	0	0	0	0	0	0	0	0	0	0	0	0	0	0	0	0	0	0	0	0	0	0	0	0	0	0	0	0	0	0	0	0	0	0	0	0	0	0	0	0	0	0	0	0	0	0	0	0	0	0	0	0	0	0	0	0	0	0	0	0	0	0	0	0	0	0	0	0	0	0	0	0	0	0	0	0	0	0	0	0	0	0	0	0	0	0	0	0	0	0	0	0	0	0	0	0	0	0	0	0	0	0	0	0	0	0	0	0	0	0	0	0	0	0	0	0	0	0	0	0	0	0	0	0	0	0	0	0	0	0	0	0	0	0	0	0	0	0	0	0	0	0	0	0	0	0	0	0	0	0	0	0	0	0	0	0	0	0	0	0	0	1	0	0	0	0	0	0	0	0	0	0	0	0	0	0	0	0	0	0	0	0	0	0	0	0	0	0	0	0	0	
0	0	0	0	0	0	0	0	0	0	0	0	0	0	0	0	0	0	0	0	0	0	0	0	0	0	0	0	0	0	0	0	0	0	0	0	0	0	0	0	0	0	0	0	0	0	0	0	0	0	0	0	0	0	0	0	0	0	0	0	0	0	0	0	0	0	0	0	0	0	0	0	0	0	0	0	0	0	0	0	0	0	0	0	0	0	0	0	0	0	0	0	0	0	0	0	0	0	0	0	0	0	0	0	0	0	0	0	0	0	0	0	0	0	0	0	0	0	0	0	0	0	0	0	0	0	0	0	0	0	0	0	0	0	0	0	0	0	0	0	0	0	0	0	0	0	0	0	0	0	0	0	0	0	0	0	0	0	0	0	0	0	0	0	0	0	0	0	0	1	0	0	0	0	0	0	0	0	0	0	0	0	0	0	0	0	0	0	0	0	0	0	0	0	0	0	0	0	
0	0	0	0	0	0	0	0	0	0	0	0	0	0	0	0	0	0	0	0	0	0	0	0	0	0	0	0	0	0	0	0	0	0	0	0	0	0	0	0	0	0	0	0	0	0	0	0	0	0	0	0	0	0	0	0	0	0	0	0	0	0	0	0	0	0	0	0	0	0	0	0	0	0	0	0	0	0	0	0	0	0	0	0	0	0	0	0	0	0	0	0	0	0	0	0	0	0	0	0	0	0	0	0	0	0	0	0	0	0	0	0	0	0	0	0	0	0	0	0	0	0	0	0	0	0	0	0	0	0	0	0	0	0	0	0	0	0	0	0	0	0	0	0	0	0	0	0	0	0	0	0	0	0	0	0	0	0	0	0	0	0	0	0	0	0	0	0	0	0	1	0	0	0	0	0	0	0	0	0	0	0	0	0	0	0	0	0	0	0	0	0	0	0	0	0	0	0	
0	0	0	0	0	0	0	0	0	0	0	0	0	0	0	0	0	0	0	0	0	0	0	0	0	0	0	0	0	0	0	0	0	0	0	0	0	0	0	0	0	0	0	0	0	0	0	0	0	0	0	0	0	0	0	0	0	0	0	0	0	0	0	0	0	0	0	0	0	0	0	0	0	0	0	0	0	0	0	0	0	0	0	0	0	0	0	0	0	0	0	0	0	0	0	0	0	0	0	0	0	0	0	0	0	0	0	0	0	0	0	0	0	0	0	0	0	0	0	0	0	0	0	0	0	0	0	0	0	0	0	0	0	0	0	0	0	0	0	0	0	0	0	0	0	0	0	0	0	0	0	0	0	0	0	0	0	0	0	0	0	0	0	0	0	0	0	0	0	0	0	1	0	0	0	0	0	0	0	0	0	0	0	0	0	0	0	0	0	0	0	0	0	0	0	0	0	0	
0	0	0	0	0	0	0	0	0	0	0	0	0	0	0	0	0	0	0	0	0	0	0	0	0	0	0	0	0	0	0	0	0	0	0	0	0	0	0	0	0	0	0	0	0	0	0	0	0	0	0	0	0	0	0	0	0	0	0	0	0	0	0	0	0	0	0	0	0	0	0	0	0	0	0	0	0	0	0	0	0	0	0	0	0	0	0	0	0	0	0	0	0	0	0	0	0	0	0	0	0	0	0	0	0	0	0	0	0	0	0	0	0	0	0	0	0	0	0	0	0	0	0	0	0	0	0	0	0	0	0	0	0	0	0	0	0	0	0	0	0	0	0	0	0	0	0	0	0	0	0	0	0	0	0	0	0	0	0	0	0	0	0	0	0	0	0	0	0	0	0	0	1	0	0	0	0	0	0	0	0	0	0	0	0	0	0	0	0	0	0	0	0	0	0	0	0	0	
0	0	0	0	0	0	0	0	0	0	0	0	0	0	0	0	0	0	0	0	0	0	0	0	0	0	0	0	0	0	0	0	0	0	0	0	0	0	0	0	0	0	0	0	0	0	0	0	0	0	0	0	0	0	0	0	0	0	0	0	0	0	0	0	0	0	0	0	0	0	0	0	0	0	0	0	0	0	0	0	0	0	0	0	0	0	0	0	0	0	0	0	0	0	0	0	0	0	0	0	0	0	0	0	0	0	0	0	0	0	0	0	0	0	0	0	0	0	0	0	0	0	0	0	0	0	0	0	0	0	0	0	0	0	0	0	0	0	0	0	0	0	0	0	0	0	0	0	0	0	0	0	0	0	0	0	0	0	0	0	0	0	0	0	0	0	0	0	0	0	0	0	0	1	0	0	0	0	0	0	0	0	0	0	0	0	0	0	0	0	0	0	0	0	0	0	0	0	
0	0	0	0	0	0	0	0	0	0	0	0	0	0	0	0	0	0	0	0	0	0	0	0	0	0	0	0	0	0	0	0	0	0	0	0	0	0	0	0	0	0	0	0	0	0	0	0	0	0	0	0	0	0	0	0	0	0	0	0	0	0	0	0	0	0	0	0	0	0	0	0	0	0	0	0	0	0	0	0	0	0	0	0	0	0	0	0	0	0	0	0	0	0	0	0	0	0	0	0	0	0	0	0	0	0	0	0	0	0	0	0	0	0	0	0	0	0	0	0	0	0	0	0	0	0	0	0	0	0	0	0	0	0	0	0	0	0	0	0	0	0	0	0	0	0	0	0	0	0	0	0	0	0	0	0	0	0	0	0	0	0	0	0	0	0	0	0	0	0	0	0	0	0	1	0	0	0	0	0	0	0	0	0	0	0	0	0	0	0	0	0	0	0	0	0	0	0	
0	0	0	0	0	0	0	0	0	0	0	0	0	0	0	0	0	0	0	0	0	0	0	0	0	0	0	0	0	0	0	0	0	0	0	0	0	0	0	0	0	0	0	0	0	0	0	0	0	0	0	0	0	0	0	0	0	0	0	0	0	0	0	0	0	0	0	0	0	0	0	0	0	0	0	0	0	0	0	0	0	0	0	0	0	0	0	0	0	0	0	0	0	0	0	0	0	0	0	0	0	0	0	0	0	0	0	0	0	0	0	0	0	0	0	0	0	0	0	0	0	0	0	0	0	0	0	0	0	0	0	0	0	0	0	0	0	0	0	0	0	0	0	0	0	0	0	0	0	0	0	0	0	0	0	0	0	0	0	0	0	0	0	0	0	0	0	0	0	0	0	0	0	0	0	1	0	0	0	0	0	0	0	0	0	0	0	0	0	0	0	0	0	0	0	0	0	0	
0	0	0	0	0	0	0	0	0	0	0	0	0	0	0	0	0	0	0	0	0	0	0	0	0	0	0	0	0	0	0	0	0	0	0	0	0	0	0	0	0	0	0	0	0	0	0	0	0	0	0	0	0	0	0	0	0	0	0	0	0	0	0	0	0	0	0	0	0	0	0	0	0	0	0	0	0	0	0	0	0	0	0	0	0	0	0	0	0	0	0	0	0	0	0	0	0	0	0	0	0	0	0	0	0	0	0	0	0	0	0	0	0	0	0	0	0	0	0	0	0	0	0	0	0	0	0	0	0	0	0	0	0	0	0	0	0	0	0	0	0	0	0	0	0	0	0	0	0	0	0	0	0	0	0	0	0	0	0	0	0	0	0	0	0	0	0	0	0	0	0	0	0	0	0	0	1	0	0	0	0	0	0	0	0	0	0	0	0	0	0	0	0	0	0	0	0	0	
0	0	0	0	0	0	0	0	0	0	0	0	0	0	0	0	0	0	0	0	0	0	0	0	0	0	0	0	0	0	0	0	0	0	0	0	0	0	0	0	0	0	0	0	0	0	0	0	0	0	0	0	0	0	0	0	0	0	0	0	0	0	0	0	0	0	0	0	0	0	0	0	0	0	0	0	0	0	0	0	0	0	0	0	0	0	0	0	0	0	0	0	0	0	0	0	0	0	0	0	0	0	0	0	0	0	0	0	0	0	0	0	0	0	0	0	0	0	0	0	0	0	0	0	0	0	0	0	0	0	0	0	0	0	0	0	0	0	0	0	0	0	0	0	0	0	0	0	0	0	0	0	0	0	0	0	0	0	0	0	0	0	0	0	0	0	0	0	0	0	0	0	0	0	0	0	0	1	0	0	0	0	0	0	0	0	0	0	0	0	0	0	0	0	0	0	0	0	
0	0	0	0	0	0	0	0	0	0	0	0	0	0	0	0	0	0	0	0	0	0	0	0	0	0	0	0	0	0	0	0	0	0	0	0	0	0	0	0	0	0	0	0	0	0	0	0	0	0	0	0	0	0	0	0	0	0	0	0	0	0	0	0	0	0	0	0	0	0	0	0	0	0	0	0	0	0	0	0	0	0	0	0	0	0	0	0	0	0	0	0	0	0	0	0	0	0	0	0	0	0	0	0	0	0	0	0	0	0	0	0	0	0	0	0	0	0	0	0	0	0	0	0	0	0	0	0	0	0	0	0	0	0	0	0	0	0	0	0	0	0	0	0	0	0	0	0	0	0	0	0	0	0	0	0	0	0	0	0	0	0	0	0	0	0	0	0	0	0	0	0	0	0	0	0	0	0	1	0	0	0	0	0	0	0	0	0	0	0	0	0	0	0	0	0	0	0	
0	0	0	0	0	0	0	0	0	0	0	0	0	0	0	0	0	0	0	0	0	0	0	0	0	0	0	0	0	0	0	0	0	0	0	0	0	0	0	0	0	0	0	0	0	0	0	0	0	0	0	0	0	0	0	0	0	0	0	0	0	0	0	0	0	0	0	0	0	0	0	0	0	0	0	0	0	0	0	0	0	0	0	0	0	0	0	0	0	0	0	0	0	0	0	0	0	0	0	0	0	0	0	0	0	0	0	0	0	0	0	0	0	0	0	0	0	0	0	0	0	0	0	0	0	0	0	0	0	0	0	0	0	0	0	0	0	0	0	0	0	0	0	0	0	0	0	0	0	0	0	0	0	0	0	0	0	0	0	0	0	0	0	0	0	0	0	0	0	0	0	0	0	0	0	0	0	0	0	1	0	0	0	0	0	0	0	0	0	0	0	0	0	0	0	0	0	0	
0	0	0	0	0	0	0	0	0	0	0	0	0	0	0	0	0	0	0	0	0	0	0	0	0	0	0	0	0	0	0	0	0	0	0	0	0	0	0	0	0	0	0	0	0	0	0	0	0	0	0	0	0	0	0	0	0	0	0	0	0	0	0	0	0	0	0	0	0	0	0	0	0	0	0	0	0	0	0	0	0	0	0	0	0	0	0	0	0	0	0	0	0	0	0	0	0	0	0	0	0	0	0	0	0	0	0	0	0	0	0	0	0	0	0	0	0	0	0	0	0	0	0	0	0	0	0	0	0	0	0	0	0	0	0	0	0	0	0	0	0	0	0	0	0	0	0	0	0	0	0	0	0	0	0	0	0	0	0	0	0	0	0	0	0	0	0	0	0	0	0	0	0	0	0	0	0	0	0	0	1	0	0	0	0	0	0	0	0	0	0	0	0	0	0	0	0	0	
0	0	0	0	0	0	0	0	0	0	0	0	0	0	0	0	0	0	0	0	0	0	0	0	0	0	0	0	0	0	0	0	0	0	0	0	0	0	0	0	0	0	0	0	0	0	0	0	0	0	0	0	0	0	0	0	0	0	0	0	0	0	0	0	0	0	0	0	0	0	0	0	0	0	0	0	0	0	0	0	0	0	0	0	0	0	0	0	0	0	0	0	0	0	0	0	0	0	0	0	0	0	0	0	0	0	0	0	0	0	0	0	0	0	0	0	0	0	0	0	0	0	0	0	0	0	0	0	0	0	0	0	0	0	0	0	0	0	0	0	0	0	0	0	0	0	0	0	0	0	0	0	0	0	0	0	0	0	0	0	0	0	0	0	0	0	0	0	0	0	0	0	0	0	0	0	0	0	0	0	0	1	0	0	0	0	0	0	0	0	0	0	0	0	0	0	0	0	
0	0	0	0	0	0	0	0	0	0	0	0	0	0	0	0	0	0	0	0	0	0	0	0	0	0	0	0	0	0	0	0	0	0	0	0	0	0	0	0	0	0	0	0	0	0	0	0	0	0	0	0	0	0	0	0	0	0	0	0	0	0	0	0	0	0	0	0	0	0	0	0	0	0	0	0	0	0	0	0	0	0	0	0	0	0	0	0	0	0	0	0	0	0	0	0	0	0	0	0	0	0	0	0	0	0	0	0	0	0	0	0	0	0	0	0	0	0	0	0	0	0	0	0	0	0	0	0	0	0	0	0	0	0	0	0	0	0	0	0	0	0	0	0	0	0	0	0	0	0	0	0	0	0	0	0	0	0	0	0	0	0	0	0	0	0	0	0	0	0	0	0	0	0	0	0	0	0	0	0	0	0	1	0	0	0	0	0	0	0	0	0	0	0	0	0	0	0	
0	0	0	0	0	0	0	0	0	0	0	0	0	0	0	0	0	0	0	0	0	0	0	0	0	0	0	0	0	0	0	0	0	0	0	0	0	0	0	0	0	0	0	0	0	0	0	0	0	0	0	0	0	0	0	0	0	0	0	0	0	0	0	0	0	0	0	0	0	0	0	0	0	0	0	0	0	0	0	0	0	0	0	0	0	0	0	0	0	0	0	0	0	0	0	0	0	0	0	0	0	0	0	0	0	0	0	0	0	0	0	0	0	0	0	0	0	0	0	0	0	0	0	0	0	0	0	0	0	0	0	0	0	0	0	0	0	0	0	0	0	0	0	0	0	0	0	0	0	0	0	0	0	0	0	0	0	0	0	0	0	0	0	0	0	0	0	0	0	0	0	0	0	0	0	0	0	0	0	0	0	0	0	1	0	0	0	0	0	0	0	0	0	0	0	0	0	0	
0	0	0	0	0	0	0	0	0	0	0	0	0	0	0	0	0	0	0	0	0	0	0	0	0	0	0	0	0	0	0	0	0	0	0	0	0	0	0	0	0	0	0	0	0	0	0	0	0	0	0	0	0	0	0	0	0	0	0	0	0	0	0	0	0	0	0	0	0	0	0	0	0	0	0	0	0	0	0	0	0	0	0	0	0	0	0	0	0	0	0	0	0	0	0	0	0	0	0	0	0	0	0	0	0	0	0	0	0	0	0	0	0	0	0	0	0	0	0	0	0	0	0	0	0	0	0	0	0	0	0	0	0	0	0	0	0	0	0	0	0	0	0	0	0	0	0	0	0	0	0	0	0	0	0	0	0	0	0	0	0	0	0	0	0	0	0	0	0	0	0	0	0	0	0	0	0	0	0	0	0	0	0	0	1	0	0	0	0	0	0	0	0	0	0	0	0	0	
0	0	0	0	0	0	0	0	0	0	0	0	0	0	0	0	0	0	0	0	0	0	0	0	0	0	0	0	0	0	0	0	0	0	0	0	0	0	0	0	0	0	0	0	0	0	0	0	0	0	0	0	0	0	0	0	0	0	0	0	0	0	0	0	0	0	0	0	0	0	0	0	0	0	0	0	0	0	0	0	0	0	0	0	0	0	0	0	0	0	0	0	0	0	0	0	0	0	0	0	0	0	0	0	0	0	0	0	0	0	0	0	0	0	0	0	0	0	0	0	0	0	0	0	0	0	0	0	0	0	0	0	0	0	0	0	0	0	0	0	0	0	0	0	0	0	0	0	0	0	0	0	0	0	0	0	0	0	0	0	0	0	0	0	0	0	0	0	0	0	0	0	0	0	0	0	0	0	0	0	0	0	0	0	0	1	0	0	0	0	0	0	0	0	0	0	0	0	
0	0	0	0	0	0	0	0	0	0	0	0	0	0	0	0	0	0	0	0	0	0	0	0	0	0	0	0	0	0	0	0	0	0	0	0	0	0	0	0	0	0	0	0	0	0	0	0	0	0	0	0	0	0	0	0	0	0	0	0	0	0	0	0	0	0	0	0	0	0	0	0	0	0	0	0	0	0	0	0	0	0	0	0	0	0	0	0	0	0	0	0	0	0	0	0	0	0	0	0	0	0	0	0	0	0	0	0	0	0	0	0	0	0	0	0	0	0	0	0	0	0	0	0	0	0	0	0	0	0	0	0	0	0	0	0	0	0	0	0	0	0	0	0	0	0	0	0	0	0	0	0	0	0	0	0	0	0	0	0	0	0	0	0	0	0	0	0	0	0	0	0	0	0	0	0	0	0	0	0	0	0	0	0	0	0	1	0	0	0	0	0	0	0	0	0	0	0	
0	0	0	0	0	0	0	0	0	0	0	0	0	0	0	0	0	0	0	0	0	0	0	0	0	0	0	0	0	0	0	0	0	0	0	0	0	0	0	0	0	0	0	0	0	0	0	0	0	0	0	0	0	0	0	0	0	0	0	0	0	0	0	0	0	0	0	0	0	0	0	0	0	0	0	0	0	0	0	0	0	0	0	0	0	0	0	0	0	0	0	0	0	0	0	0	0	0	0	0	0	0	0	0	0	0	0	0	0	0	0	0	0	0	0	0	0	0	0	0	0	0	0	0	0	0	0	0	0	0	0	0	0	0	0	0	0	0	0	0	0	0	0	0	0	0	0	0	0	0	0	0	0	0	0	0	0	0	0	0	0	0	0	0	0	0	0	0	0	0	0	0	0	0	0	0	0	0	0	0	0	0	0	0	0	0	0	1	0	0	0	0	0	0	0	0	0	0	
0	0	0	0	0	0	0	0	0	0	0	0	0	0	0	0	0	0	0	0	0	0	0	0	0	0	0	0	0	0	0	0	0	0	0	0	0	0	0	0	0	0	0	0	0	0	0	0	0	0	0	0	0	0	0	0	0	0	0	0	0	0	0	0	0	0	0	0	0	0	0	0	0	0	0	0	0	0	0	0	0	0	0	0	0	0	0	0	0	0	0	0	0	0	0	0	0	0	0	0	0	0	0	0	0	0	0	0	0	0	0	0	0	0	0	0	0	0	0	0	0	0	0	0	0	0	0	0	0	0	0	0	0	0	0	0	0	0	0	0	0	0	0	0	0	0	0	0	0	0	0	0	0	0	0	0	0	0	0	0	0	0	0	0	0	0	0	0	0	0	0	0	0	0	0	0	0	0	0	0	0	0	0	0	0	0	0	0	1	0	0	0	0	0	0	0	0	0	
0	0	0	0	0	0	0	0	0	0	0	0	0	0	0	0	0	0	0	0	0	0	0	0	0	0	0	0	0	0	0	0	0	0	0	0	0	0	0	0	0	0	0	0	0	0	0	0	0	0	0	0	0	0	0	0	0	0	0	0	0	0	0	0	0	0	0	0	0	0	0	0	0	0	0	0	0	0	0	0	0	0	0	0	0	0	0	0	0	0	0	0	0	0	0	0	0	0	0	0	0	0	0	0	0	0	0	0	0	0	0	0	0	0	0	0	0	0	0	0	0	0	0	0	0	0	0	0	0	0	0	0	0	0	0	0	0	0	0	0	0	0	0	0	0	0	0	0	0	0	0	0	0	0	0	0	0	0	0	0	0	0	0	0	0	0	0	0	0	0	0	0	0	0	0	0	0	0	0	0	0	0	0	0	0	0	0	0	0	1	0	0	0	0	0	0	0	0	
0	0	0	0	0	0	0	0	0	0	0	0	0	0	0	0	0	0	0	0	0	0	0	0	0	0	0	0	0	0	0	0	0	0	0	0	0	0	0	0	0	0	0	0	0	0	0	0	0	0	0	0	0	0	0	0	0	0	0	0	0	0	0	0	0	0	0	0	0	0	0	0	0	0	0	0	0	0	0	0	0	0	0	0	0	0	0	0	0	0	0	0	0	0	0	0	0	0	0	0	0	0	0	0	0	0	0	0	0	0	0	0	0	0	0	0	0	0	0	0	0	0	0	0	0	0	0	0	0	0	0	0	0	0	0	0	0	0	0	0	0	0	0	0	0	0	0	0	0	0	0	0	0	0	0	0	0	0	0	0	0	0	0	0	0	0	0	0	0	0	0	0	0	0	0	0	0	0	0	0	0	0	0	0	0	0	0	0	0	0	1	0	0	0	0	0	0	0	
0	0	0	0	0	0	0	0	0	0	0	0	0	0	0	0	0	0	0	0	0	0	0	0	0	0	0	0	0	0	0	0	0	0	0	0	0	0	0	0	0	0	0	0	0	0	0	0	0	0	0	0	0	0	0	0	0	0	0	0	0	0	0	0	0	0	0	0	0	0	0	0	0	0	0	0	0	0	0	0	0	0	0	0	0	0	0	0	0	0	0	0	0	0	0	0	0	0	0	0	0	0	0	0	0	0	0	0	0	0	0	0	0	0	0	0	0	0	0	0	0	0	0	0	0	0	0	0	0	0	0	0	0	0	0	0	0	0	0	0	0	0	0	0	0	0	0	0	0	0	0	0	0	0	0	0	0	0	0	0	0	0	0	0	0	0	0	0	0	0	0	0	0	0	0	0	0	0	0	0	0	0	0	0	0	0	0	0	0	0	0	1	0	0	0	0	0	0	
0	0	0	0	0	0	0	0	0	0	0	0	0	0	0	0	0	0	0	0	0	0	0	0	0	0	0	0	0	0	0	0	0	0	0	0	0	0	0	0	0	0	0	0	0	0	0	0	0	0	0	0	0	0	0	0	0	0	0	0	0	0	0	0	0	0	0	0	0	0	0	0	0	0	0	0	0	0	0	0	0	0	0	0	0	0	0	0	0	0	0	0	0	0	0	0	0	0	0	0	0	0	0	0	0	0	0	0	0	0	0	0	0	0	0	0	0	0	0	0	0	0	0	0	0	0	0	0	0	0	0	0	0	0	0	0	0	0	0	0	0	0	0	0	0	0	0	0	0	0	0	0	0	0	0	0	0	0	0	0	0	0	0	0	0	0	0	0	0	0	0	0	0	0	0	0	0	0	0	0	0	0	0	0	0	0	0	0	0	0	0	0	1	0	0	0	0	0	
0	0	0	0	0	0	0	0	0	0	0	0	0	0	0	0	0	0	0	0	0	0	0	0	0	0	0	0	0	0	0	0	0	0	0	0	0	0	0	0	0	0	0	0	0	0	0	0	0	0	0	0	0	0	0	0	0	0	0	0	0	0	0	0	0	0	0	0	0	0	0	0	0	0	0	0	0	0	0	0	0	0	0	0	0	0	0	0	0	0	0	0	0	0	0	0	0	0	0	0	0	0	0	0	0	0	0	0	0	0	0	0	0	0	0	0	0	0	0	0	0	0	0	0	0	0	0	0	0	0	0	0	0	0	0	0	0	0	0	0	0	0	0	0	0	0	0	0	0	0	0	0	0	0	0	0	0	0	0	0	0	0	0	0	0	0	0	0	0	0	0	0	0	0	0	0	0	0	0	0	0	0	0	0	0	0	0	0	0	0	0	0	0	1	0	0	0	0	
0	0	0	0	0	0	0	0	0	0	0	0	0	0	0	0	0	0	0	0	0	0	0	0	0	0	0	0	0	0	0	0	0	0	0	0	0	0	0	0	0	0	0	0	0	0	0	0	0	0	0	0	0	0	0	0	0	0	0	0	0	0	0	0	0	0	0	0	0	0	0	0	0	0	0	0	0	0	0	0	0	0	0	0	0	0	0	0	0	0	0	0	0	0	0	0	0	0	0	0	0	0	0	0	0	0	0	0	0	0	0	0	0	0	0	0	0	0	0	0	0	0	0	0	0	0	0	0	0	0	0	0	0	0	0	0	0	0	0	0	0	0	0	0	0	0	0	0	0	0	0	0	0	0	0	0	0	0	0	0	0	0	0	0	0	0	0	0	0	0	0	0	0	0	0	0	0	0	0	0	0	0	0	0	0	0	0	0	0	0	0	0	0	0	1	0	0	0	
0	0	0	0	0	0	0	0	0	0	0	0	0	0	0	0	0	0	0	0	0	0	0	0	0	0	0	0	0	0	0	0	0	0	0	0	0	0	0	0	0	0	0	0	0	0	0	0	0	0	0	0	0	0	0	0	0	0	0	0	0	0	0	0	0	0	0	0	0	0	0	0	0	0	0	0	0	0	0	0	0	0	0	0	0	0	0	0	0	0	0	0	0	0	0	0	0	0	0	0	0	0	0	0	0	0	0	0	0	0	0	0	0	0	0	0	0	0	0	0	0	0	0	0	0	0	0	0	0	0	0	0	0	0	0	0	0	0	0	0	0	0	0	0	0	0	0	0	0	0	0	0	0	0	0	0	0	0	0	0	0	0	0	0	0	0	0	0	0	0	0	0	0	0	0	0	0	0	0	0	0	0	0	0	0	0	0	0	0	0	0	0	0	0	0	1	0	0	
0	0	0	0	0	0	0	0	0	0	0	0	0	0	0	0	0	0	0	0	0	0	0	0	0	0	0	0	0	0	0	0	0	0	0	0	0	0	0	0	0	0	0	0	0	0	0	0	0	0	0	0	0	0	0	0	0	0	0	0	0	0	0	0	0	0	0	0	0	0	0	0	0	0	0	0	0	0	0	0	0	0	0	0	0	0	0	0	0	0	0	0	0	0	0	0	0	0	0	0	0	0	0	0	0	0	0	0	0	0	0	0	0	0	0	0	0	0	0	0	0	0	0	0	0	0	0	0	0	0	0	0	0	0	0	0	0	0	0	0	0	0	0	0	0	0	0	0	0	0	0	0	0	0	0	0	0	0	0	0	0	0	0	0	0	0	0	0	0	0	0	0	0	0	0	0	0	0	0	0	0	0	0	0	0	0	0	0	0	0	0	0	0	0	0	0	1	0	
0	0	0	0	0	0	0	0	0	0	0	0	0	0	0	0	0	0	0	0	0	0	0	0	0	0	0	0	0	0	0	0	0	0	0	0	0	0	0	0	0	0	0	0	0	0	0	0	0	0	0	0	0	0	0	0	0	0	0	0	0	0	0	0	0	0	0	0	0	0	0	0	0	0	0	0	0	0	0	0	0	0	0	0	0	0	0	0	0	0	0	0	0	0	0	0	0	0	0	0	0	0	0	0	0	0	0	0	0	0	0	0	0	0	0	0	0	0	0	0	0	0	0	0	0	0	0	0	0	0	0	0	0	0	0	0	0	0	0	0	0	0	0	0	0	0	0	0	0	0	0	0	0	0	0	0	0	0	0	0	0	0	0	0	0	0	0	0	0	0	0	0	0	0	0	0	0	0	0	0	0	0	0	0	0	0	0	0	0	0	0	0	0	0	0	0	0	1	
[ControlMatrix]
40
0.01	0	0	0	0	0	0	0	0	0	0	0	0	0	0	0	0	0	0	0	0	0	0	0	0	0	0	0	0	0	0	0	0	0	0	0	0	0	0	0	
0	0.01	0	0	0	0	0	0	0	0	0	0	0	0	0	0	0	0	0	0	0	0	0	0	0	0	0	0	0	0	0	0	0	0	0	0	0	0	0	0	
0	0	0.01	0	0	0	0	0	0	0	0	0	0	0	0	0	0	0	0	0	0	0	0	0	0	0	0	0	0	0	0	0	0	0	0	0	0	0	0	0	
0	0	0	0.01	0	0	0	0	0	0	0	0	0	0	0	0	0	0	0	0	0	0	0	0	0	0	0	0	0	0	0	0	0	0	0	0	0	0	0	0	
0	0	0	0	0.01	0	0	0	0	0	0	0	0	0	0	0	0	0	0	0	0	0	0	0	0	0	0	0	0	0	0	0	0	0	0	0	0	0	0	0	
0	0	0	0	0	0.01	0	0	0	0	0	0	0	0	0	0	0	0	0	0	0	0	0	0	0	0	0	0	0	0	0	0	0	0	0	0	0	0	0	0	
0	0	0	0	0	0	0.01	0	0	0	0	0	0	0	0	0	0	0	0	0	0	0	0	0	0	0	0	0	0	0	0	0	0	0	0	0	0	0	0	0	
0	0	0	0	0	0	0	0.01	0	0	0	0	0	0	0	0	0	0	0	0	0	0	0	0	0	0	0	0	0	0	0	0	0	0	0	0	0	0	0	0	
0	0	0	0	0	0	0	0	0.01	0	0	0	0	0	0	0	0	0	0	0	0	0	0	0	0	0	0	0	0	0	0	0	0	0	0	0	0	0	0	0	
0	0	0	0	0	0	0	0	0	0.01	0	0	0	0	0	0	0	0	0	0	0	0	0	0	0	0	0	0	0	0	0	0	0	0	0	0	0	0	0	0	
0	0	0	0	0	0	0	0	0	0	0.01	0	0	0	0	0	0	0	0	0	0	0	0	0	0	0	0	0	0	0	0	0	0	0	0	0	0	0	0	0	
0	0	0	0	0	0	0	0	0	0	0	0.01	0	0	0	0	0	0	0	0	0	0	0	0	0	0	0	0	0	0	0	0	0	0	0	0	0	0	0	0	
0	0	0	0	0	0	0	0	0	0	0	0	0.01	0	0	0	0	0	0	0	0	0	0	0	0	0	0	0	0	0	0	0	0	0	0	0	0	0	0	0	
0	0	0	0	0	0	0	0	0	0	0	0	0	0.01	0	0	0	0	0	0	0	0	0	0	0	0	0	0	0	0	0	0	0	0	0	0	0	0	0	0	
0	0	0	0	0	0	0	0	0	0	0	0	0	0	0.01	0	0	0	0	0	0	0	0	0	0	0	0	0	0	0	0	0	0	0	0	0	0	0	0	0	
0	0	0	0	0	0	0	0	0	0	0	0	0	0	0	0.01	0	0	0	0	0	0	0	0	0	0	0	0	0	0	0	0	0	0	0	0	0	0	0	0	
0	0	0	0	0	0	0	0	0	0	0	0	0	0	0	0	0.01	0	0	0	0	0	0	0	0	0	0	0	0	0	0	0	0	0	0	0	0	0	0	0	
0	0	0	0	0	0	0	0	0	0	0	0	0	0	0	0	0	0.01	0	0	0	0	0	0	0	0	0	0	0	0	0	0	0	0	0	0	0	0	0	0	
0	0	0	0	0	0	0	0	0	0	0	0	0	0	0	0	0	0	0.01	0	0	0	0	0	0	0	0	0	0	0	0	0	0	0	0	0	0	0	0	0	
0	0	0	0	0	0	0	0	0	0	0	0	0	0	0	0	0	0	0	0.01	0	0	0	0	0	0	0	0	0	0	0	0	0	0	0	0	0	0	0	0	
0	0	0	0	0	0	0	0	0	0	0	0	0	0	0	0	0	0	0	0	0.01	0	0	0	0	0	0	0	0	0	0	0	0	0	0	0	0	0	0	0	
0	0	0	0	0	0	0	0	0	0	0	0	0	0	0	0	0	0	0	0	0	0.01	0	0	0	0	0	0	0	0	0	0	0	0	0	0	0	0	0	0	
0	0	0	0	0	0	0	0	0	0	0	0	0	0	0	0	0	0	0	0	0	0	0.01	0	0	0	0	0	0	0	0	0	0	0	0	0	0	0	0	0	
0	0	0	0	0	0	0	0	0	0	0	0	0	0	0	0	0	0	0	0	0	0	0	0.01	0	0	0	0	0	0	0	0	0	0	0	0	0	0	0	0	
0	0	0	0	0	0	0	0	0	0	0	0	0	0	0	0	0	0	0	0	0	0	0	0	0.01	0	0	0	0	0	0	0	0	0	0	0	0	0	0	0	
0	0	0	0	0	0	0	0	0	0	0	0	0	0	0	0	0	0	0	0	0	0	0	0	0	0.01	0	0	0	0	0	0	0	0	0	0	0	0	0	0	
0	0	0	0	0	0	0	0	0	0	0	0	0	0	0	0	0	0	0	0	0	0	0	0	0	0	0.01	0	0	0	0	0	0	0	0	0	0	0	0	0	
0	0	0	0	0	0	0	0	0	0	0	0	0	0	0	0	0	0	0	0	0	0	0	0	0	0	0	0.01	0	0	0	0	0	0	0	0	0	0	0	0	
0	0	0	0	0	0	0	0	0	0	0	0	0	0	0	0	0	0	0	0	0	0	0	0	0	0	0	0	0.01	0	0	0	0	0	0	0	0	0	0	0	
0	0	0	0	0	0	0	0	0	0	0	0	0	0	0	0	0	0	0	0	0	0	0	0	0	0	0	0	0	0.01	0	0	0	0	0	0	0	0	0	0	
0	0	0	0	0	0	0	0	0	0	0	0	0	0	0	0	0	0	0	0	0	0	0	0	0	0	0	0	0	0	0.01	0	0	0	0	0	0	0	0	0	
0	0	0	0	0	0	0	0	0	0	0	0	0	0	0	0	0	0	0	0	0	0	0	0	0	0	0	0	0	0	0	0.01	0	0	0	0	0	0	0	0	
0	0	0	0	0	0	0	0	0	0	0	0	0	0	0	0	0	0	0	0	0	0	0	0	0	0	0	0	0	0	0	0	0.01	0	0	0	0	0	0	0	
0	0	0	0	0	0	0	0	0	0	0	0	0	0	0	0	0	0	0	0	0	0	0	0	0	0	0	0	0	0	0	0	0	0.01	0	0	0	0	0	0	
0	0	0	0	0	0	0	0	0	0	0	0	0	0	0	0	0	0	0	0	0	0	0	0	0	0	0	0	0	0	0	0	0	0	0.01	0	0	0	0	0	
0	0	0	0	0	0	0	0	0	0	0	0	0	0	0	0	0	0	0	0	0	0	0	0	0	0	0	0	0	0	0	0	0	0	0	0.01	0	0	0	0	
0	0	0	0	0	0	0	0	0	0	0	0	0	0	0	0	0	0	0	0	0	0	0	0	0	0	0	0	0	0	0	0	0	0	0	0	0.01	0	0	0	
0	0	0	0	0	0	0	0	0	0	0	0	0	0	0	0	0	0	0	0	0	0	0	0	0	0	0	0	0	0	0	0	0	0	0	0	0	0.01	0	0	
0	0	0	0	0	0	0	0	0	0	0	0	0	0	0	0	0	0	0	0	0	0	0	0	0	0	0	0	0	0	0	0	0	0	0	0	0	0	0.01	0	
0	0	0	0	0	0	0	0	0	0	0	0	0	0	0	0	0	0	0	0	0	0	0	0	0	0	0	0	0	0	0	0	0	0	0	0	0	0	0	0.01	
[HPMatrix]
198 398
0.0196043	0.00283094	0.0194092	0.00456733	0.0192161	0.00618192	0.0190249	0.00768138	0.0188356	0.00907205	0.0186482	0.0103599	0.0184626	0.0115508	0.0182789	0.0126499	0.018097	0.0136625	0.017917	0.0145935	0.0177387	0.0154475	0.0175622	0.0162288	0.0173875	0.0169416	0.0172144	0.0175898	0.0170432	0.0181772	0.0168736	0.0187074	0.0167057	0.0191837	0.0165395	0.0196092	0.0163749	0.019987	0.016212	0.02032	0.0160506	0.0206109	0.0158909	0.0208621	0.0157328	0.0210763	0.0155763	0.0212556	0.0154213	0.0214023	0.0152678	0.0215184	0.0151159	0.0216058	0.0149655	0.0216665	0.0148166	0.0217021	0.0146692	0.0217144	0.0145232	0.0217049	0.0143787	0.0216751	0.0142356	0.0216263	0.014094	0.02156	0.0139538	0.0214773	0.0138149	0.0213795	0.0136775	0.0212676	0.0135414	0.0211428	0.0134066	0.0210059	0.0132732	0.0208581	0.0131412	0.0207001	0.0130104	0.0205328	0.0128809	0.020357	0.0127528	0.0201734	0.0126259	0.0199827	0.0125003	0.0197856	0.0123759	0.0195828	0.0122527	0.0193747	0.0121308	0.019162	0.0120101	0.0189452	0.0118906	0.0187247	0.0117723	0.0185011	0.0116552	0.0182747	0.0115392	0.0180459	0.0114244	0.0178152	0.0113107	0.0175829	0.0111982	0.0173494	0.0110867	0.0171148	0.0109764	0.0168796	0.0108672	0.016644	0.0107591	0.0164082	0.010652	0.0161726	0.010546	0.0159372	0.0104411	0.0157024	0.0103372	0.0154683	0.0102343	0.0152351	0.0101325	0.0150029	0.0100317	0.0147719	0.00993187	0.0145423	0.00983305	0.0143142	0.00973521	0.0140876	0.00963834	0.0138628	0.00954244	0.0136398	0.00944749	0.0134187	0.00935348	0.0131996	0.00926042	0.0129825	0.00916827	0.0127676	0.00907705	0.0125549	0.00898673	0.0123444	0.00889731	0.0121363	0.00880878	0.0119305	0.00872113	0.011727	0.00863435	0.0115261	0.00854844	0.0113275	0.00846338	0.0111315	0.00837917	0.010938	0.0082958	0.0107469	0.00821325	0.0105584	0.00813153	0.0103725	0.00805062	0.0101891	0.00797051	0.0100083	0.00789121	0.00983004	0.00781269	0.00965433	0.00773495	0.00948118	0.00765799	0.00931058	0.00758179	0.00914252	0.00750635	0.008977	0.00743166	0.00881399	0.00735771	0.00865349	0.0072845	0.00849549	0.00721202	0.00833996	0.00714026	0.0081869	0.00706921	0.00803628	0.00699887	0.00788808	0.00692923	0.00774228	0.00686028	0.00759886	0.00679202	0.0074578	0.00672444	0.00731907	0.00665753	0.00718265	0.00659129	0.00704852	0.0065257	0.00691665	0.00646077	0.00678702	0.00639649	0.0066596	0.00633284	0.00653435	0.00626983	0.00641127	0.00620744	0.00629032	0.00614568	0.00617146	0.00608453	0.00605469	0.00602398	0.00593996	0.00596404	0.00582725	0.0059047	0.00571653	0.00584595	0.00560778	0.00578778	0.00550097	0.00573019	0.00539606	0.00567318	0.00529304	0.00561673	0.00519186	0.00556084	0.00509252	0.00550551	0.00499497	0.00545073	0.0048992	0.00539649	0.00480516	0.0053428	0.00471285	0.00528963	0.00462222	0.005237	0.00453326	0.00518489	0.00444593	0.0051333	0.00436022	0.00508222	0.00427609	0.00503165	0.00419351	0.00498159	0.00411247	0.00493202	0.00403294	0.00488295	0.00395489	0.00483436	0.00387829	0.00478626	0.00380313	0.00473863	0.00372938	0.00469148	0.00365701	0.0046448	0.00358601	0.00459859	0.00351634	0.00455283	0.00344798	0.00450753	0.00338092	0.00446268	0.00331512	0.00441827	0.00325057	0.00437431	0.00318725	0.00433079	0.00312513	0.00428769	0.00306419	0.00424503	0.00300441	0.00420279	0.00294578	0.00416097	0.00288826	0.00411957	0.00283184	0.00407858	0.0027765	0.004038	0.00272222	0.00399782	0.00266898	0.00395804	0.00261676	0.00391866	0.00256555	0.00387967	0.00251532	0.00384106	0.00246606	0.00380284	0.00241774	0.003765	0.00237036	0.00372754	0.00232389	0.00369045	0.00227832	0.00365373	0.00223363	0.00361738	0.00218981	0.00358138	0.00214683	0.00354575	0.00210468	0.00351047	0.00206335	0.00347554	0.00202283	0.00344095	0.00198309	0.00340672	0.00194412	0.00337282	0.0019059	0.00333926	0.00186844	0.00330603	0.0018317	0.00327314	0.00179567	0.00324057	0.00176035	0.00320832	0.00172571	0.0031764	0.00169175	0.0031448	0.00165845	0.0031135	0.0016258	0.00308252	0.00159379	0.00305185	0.0015624	0.00302149	0.00153163	0.00299142	0.00150146	0.00296166	0.00147187	0.00293219	0.00144287	0.00290301	0.00141443	0.00287413	0.00138655	0.00284553	0.00135922	0.00281722	0.00133242	0.00278918	0.00130615	0.00138762	0.000646569	0	0	0	0	
0	0.00283094	0	0.00456733	0	0.00618192	0	0.00768138	0	0.00907205	0	0.0103599	0	0.0115508	0	0.0126499	0	0.0136625	0	0.0145935	0	0.0154475	0	0.0162288	0	0.0169416	0	0.0175898	0	0.0181772	0	0.0187074	0	0.0191837	0	0.0196092	0	0.019987	0	0.02032	0	0.0206109	0	0.0208621	0	0.0210763	0	0.0212556	0	0.0214023	0	0.0215184	0	0.0216058	0	0.0216665	0	0.0217021	0	0.0217144	0	0.0217049	0	0.0216751	0	0.0216263	0	0.02156	0	0.0214773	0	0.0213795	0	0.0212676	0	0.0211428	0	0.0210059	0	0.0208581	0	0.0207001	0	0.0205328	0	0.020357	0	0.0201734	0	0.0199827	0	0.0197856	0	0.0195828	0	0.0193747	0	0.019162	0	0.0189452	0	0.0187247	0	0.0185011	0	0.0182747	0	0.0180459	0	0.0178152	0	0.0175829	0	0.0173494	0	0.0171148	0	0.0168796	0	0.016644	0	0.0164082	0	0.0161726	0	0.0159372	0	0.0157024	0	0.0154683	0	0.0152351	0	0.0150029	0	0.0147719	0	0.0145423	0	0.0143142	0	0.0140876	0	0.0138628	0	0.0136398	0	0.0134187	0	0.0131996	0	0.0129825	0	0.0127676	0	0.0125549	0	0.0123444	0	0.0121363	0	0.0119305	0	0.011727	0	0.0115261	0	0.0113275	0	0.0111315	0	0.010938	0	0.0107469	0	0.0105584	0	0.0103725	0	0.0101891	0	0.0100083	0	0.00983004	0	0.00965433	0	0.00948118	0	0.00931058	0	0.00914252	0	0.008977	0	0.00881399	0	0.00865349	0	0.00849549	0	0.00833996	0	0.0081869	0	0.00803628	0	0.00788808	0	0.00774228	0	0.00759886	0	0.0074578	0	0.00731907	0	0.00718265	0	0.00704852	0	0.00691665	0	0.00678702	0	0.0066596	0	0.00653435	0	0.00641127	0	0.00629032	0	0.00617146	0	0.00605469	0	0.00593996	0	0.00582725	0	0.00571653	0	0.00560778	0	0.00550097	0	0.00539606	0	0.00529304	0	0.00519186	0	0.00509252	0	0.00499497	0	0.0048992	0	0.00480516	0	0.00471285	0	0.00462222	0	0.00453326	0	0.00444593	0	0.00436022	0	0.00427609	0	0.00419351	0	0.00411247	0	0.00403294	0	0.00395489	0	0.00387829	0	0.00380313	0	0.00372938	0	0.00365701	0	0.00358601	0	0.00351634	0	0.00344798	0	0.00338092	0	0.00331512	0	0.00325057	0	0.00318725	0	0.00312513	0	0.00306419	0	0.00300441	0	0.00294578	0	0.00288826	0	0.00283184	0	0.0027765	0	0.00272222	0	0.00266898	0	0.00261676	0	0.00256555	0	0.00251532	0	0.00246606	0	0.00241774	0	0.00237036	0	0.00232389	0	0.00227832	0	0.00223363	0	0.00218981	0	0.00214683	0	0.00210468	0	0.00206335	0	0.00202283	0	0.00198309	0	0.00194412	0	0.0019059	0	0.00186844	0	0.0018317	0	0.00179567	0	0.00176035	0	0.00172571	0	0.00169175	0	0.00165845	0	0.0016258	0	0.00159379	0	0.0015624	0	0.00153163	0	0.00150146	0	0.00147187	0	0.00144287	0	0.00141443	0	0.00138655	0	0.00135922	0	0.00133242	0	0.00130615	0	0.000646569	0	0	0	0	
0.0292604	0.00553306	0.0289692	0.00804714	0.028681	0.0103835	0.0283956	0.0125519	0.0281131	0.0145615	0.0278333	0.0164212	0.0275564	0.0181394	0.0272822	0.0197238	0.0270107	0.0211821	0.026742	0.0225214	0.0264759	0.0237483	0.0262125	0.0248694	0.0259516	0.0258907	0.0256934	0.0268179	0.0254378	0.0276565	0.0251847	0.0284118	0.0249341	0.0290885	0.024686	0.0296914	0.0244403	0.0302249	0.0241972	0.0306931	0.0239564	0.0311	0.023718	0.0314493	0.023482	0.0317447	0.0232484	0.0319895	0.023017	0.0321868	0.022788	0.0323397	0.0225613	0.032451	0.0223368	0.0325234	0.0221145	0.0325596	0.0218945	0.0325618	0.0216766	0.0325325	0.0214609	0.0324737	0.0212474	0.0323876	0.021036	0.032276	0.0208267	0.0321407	0.0206195	0.0319836	0.0204143	0.0318062	0.0202112	0.0316101	0.0200101	0.0313967	0.019811	0.0311674	0.0196138	0.0309235	0.0194187	0.0306663	0.0192254	0.0303968	0.0190342	0.0301162	0.0188448	0.0298255	0.0186573	0.0295256	0.0184716	0.0292175	0.0182878	0.028902	0.0181058	0.0285799	0.0179257	0.028252	0.0177473	0.027919	0.0175707	0.0275815	0.0173959	0.0272402	0.0172228	0.0268957	0.0170514	0.0265485	0.0168818	0.0261991	0.0167138	0.025848	0.0165475	0.0254958	0.0163828	0.0251427	0.0162198	0.0247892	0.0160584	0.0244356	0.0158987	0.0240824	0.0157405	0.0237298	0.0155838	0.0233781	0.0154288	0.0230276	0.0152753	0.0226786	0.0151233	0.0223313	0.0149728	0.0219858	0.0148238	0.0216425	0.0146763	0.0213015	0.0145303	0.020963	0.0143857	0.0206272	0.0142426	0.0202941	0.0141008	0.0199639	0.0139605	0.0196368	0.0138216	0.0193128	0.0136841	0.0189921	0.0135479	0.0186747	0.0134131	0.0183608	0.0132797	0.0180503	0.0131475	0.0177434	0.0130167	0.0174401	0.0128872	0.0171405	0.012759	0.0168446	0.012632	0.0165524	0.0125063	0.016264	0.0123819	0.0159794	0.0122587	0.0156985	0.0121367	0.0154216	0.0120159	0.0151484	0.0118964	0.0148791	0.011778	0.0146136	0.0116608	0.014352	0.0115448	0.0140941	0.0114299	0.0138401	0.0113162	0.01359	0.0112036	0.0133436	0.0110921	0.0131009	0.0109818	0.012862	0.0108725	0.0126269	0.0107643	0.0123955	0.0106572	0.0121677	0.0105512	0.0119436	0.0104462	0.0117231	0.0103422	0.0115061	0.0102393	0.0112928	0.0101374	0.0110829	0.0100366	0.0108766	0.0099367	0.0106737	0.00983783	0.0104742	0.00973994	0.010278	0.00964303	0.0100852	0.00954708	0.00989573	0.00945208	0.00970949	0.00935803	0.00952645	0.00926492	0.0093466	0.00917273	0.00916987	0.00908146	0.00899624	0.0089911	0.00882566	0.00890163	0.00865809	0.00881306	0.00849348	0.00872537	0.0083318	0.00863855	0.00817301	0.0085526	0.00801706	0.0084675	0.00786391	0.00838324	0.00771351	0.00829983	0.00756584	0.00821724	0.00742085	0.00813548	0.00727849	0.00805453	0.00713872	0.00797439	0.00700151	0.00789504	0.00686682	0.00781648	0.0067346	0.00773871	0.00660481	0.00766171	0.00647742	0.00758547	0.00635239	0.00751	0.00622968	0.00743527	0.00610924	0.00736129	0.00599105	0.00728804	0.00587507	0.00721552	0.00576125	0.00714373	0.00564956	0.00707265	0.00553997	0.00700227	0.00543243	0.0069326	0.00532692	0.00686362	0.0052234	0.00679533	0.00512183	0.00672771	0.00502219	0.00666077	0.00492443	0.00659449	0.00482852	0.00652888	0.00473443	0.00646391	0.00464214	0.0063996	0.0045516	0.00633592	0.00446278	0.00627288	0.00437566	0.00621046	0.00429021	0.00614866	0.00420639	0.00608748	0.00412417	0.00602691	0.00404353	0.00596694	0.00396443	0.00590757	0.00388686	0.00584879	0.00381077	0.00579059	0.00373615	0.00573298	0.00366297	0.00567593	0.00359119	0.00561946	0.0035208	0.00556354	0.00345177	0.00550818	0.00338407	0.00545338	0.00331768	0.00539911	0.00325258	0.00534539	0.00318874	0.0052922	0.00312613	0.00523955	0.00306473	0.00518741	0.00300453	0.0051358	0.0029455	0.00508469	0.00288761	0.0050341	0.00283085	0.00498401	0.00277519	0.00493442	0.00272061	0.00488532	0.0026671	0.00483671	0.00261463	0.00478858	0.00256318	0.00474094	0.00251273	0.00469376	0.00246327	0.00464706	0.00241477	0.00460082	0.00236722	0.00455504	0.0023206	0.00450972	0.00227489	0.00446485	0.00223007	0.00442042	0.00218613	0.00437644	0.00214305	0.00433289	0.00210081	0.00428978	0.0020594	0.00424709	0.00201879	0.00420483	0.00197899	0.00278918	0.00130615	0.00138762	0.000646569	0	0	0	0	
0	0.00553306	0	0.00804714	0	0.0103835	0	0.0125519	0	0.0145615	0	0.0164212	0	0.0181394	0	0.0197238	0	0.0211821	0	0.0225214	0	0.0237483	0	0.0248694	0	0.0258907	0	0.0268179	0	0.0276565	0	0.0284118	0	0.0290885	0	0.0296914	0	0.0302249	0	0.0306931	0	0.0311	0	0.0314493	0	0.0317447	0	0.0319895	0	0.0321868	0	0.0323397	0	0.032451	0	0.0325234	0	0.0325596	0	0.0325618	0	0.0325325	0	0.0324737	0	0.0323876	0	0.032276	0	0.0321407	0	0.0319836	0	0.0318062	0	0.0316101	0	0.0313967	0	0.0311674	0	0.0309235	0	0.0306663	0	0.0303968	0	0.0301162	0	0.0298255	0	0.0295256	0	0.0292175	0	0.028902	0	0.0285799	0	0.028252	0	0.027919	0	0.0275815	0	0.0272402	0	0.0268957	0	0.0265485	0	0.0261991	0	0.025848	0	0.0254958	0	0.0251427	0	0.0247892	0	0.0244356	0	0.0240824	0	0.0237298	0	0.0233781	0	0.0230276	0	0.0226786	0	0.0223313	0	0.0219858	0	0.0216425	0	0.0213015	0	0.020963	0	0.0206272	0	0.0202941	0	0.0199639	0	0.0196368	0	0.0193128	0	0.0189921	0	0.0186747	0	0.0183608	0	0.0180503	0	0.0177434	0	0.0174401	0	0.0171405	0	0.0168446	0	0.0165524	0	0.016264	0	0.0159794	0	0.0156985	0	0.0154216	0	0.0151484	0	0.0148791	0	0.0146136	0	0.014352	0	0.0140941	0	0.0138401	0	0.01359	0	0.0133436	0	0.0131009	0	0.012862	0	0.0126269	0	0.0123955	0	0.0121677	0	0.0119436	0	0.0117231	0	0.0115061	0	0.0112928	0	0.0110829	0	0.0108766	0	0.0106737	0	0.0104742	0	0.010278	0	0.0100852	0	0.00989573	0	0.00970949	0	0.00952645	0	0.0093466	0	0.00916987	0	0.00899624	0	0.00882566	0	0.00865809	0	0.00849348	0	0.0083318	0	0.00817301	0	0.00801706	0	0.00786391	0	0.00771351	0	0.00756584	0	0.00742085	0	0.00727849	0	0.00713872	0	0.00700151	0	0.00686682	0	0.0067346	0	0.00660481	0	0.00647742	0	0.00635239	0	0.00622968	0	0.00610924	0	0.00599105	0	0.00587507	0	0.00576125	0	0.00564956	0	0.00553997	0	0.00543243	0	0.00532692	0	0.0052234	0	0.00512183	0	0.00502219	0	0.00492443	0	0.00482852	0	0.00473443	0	0.00464214	0	0.0045516	0	0.00446278	0	0.00437566	0	0.00429021	0	0.00420639	0	0.00412417	0	0.00404353	0	0.00396443	0	0.00388686	0	0.00381077	0	0.00373615	0	0.00366297	0	0.00359119	0	0.0035208	0	0.00345177	0	0.00338407	0	0.00331768	0	0.00325258	0	0.00318874	0	0.00312613	0	0.00306473	0	0.00300453	0	0.0029455	0	0.00288761	0	0.00283085	0	0.00277519	0	0.00272061	0	0.0026671	0	0.00261463	0	0.00256318	0	0.00251273	0	0.00246327	0	0.00241477	0	0.00236722	0	0.0023206	0	0.00227489	0	0.00223007	0	0.00218613	0	0.00214305	0	0.00210081	0	0.0020594	0	0.00201879	0	0.00197899	0	0.00130615	0	0.000646569	0	0	0	0	
0.0388204	0.00901287	0.0384341	0.0122487	0.0380517	0.015254	0.0376731	0.0180413	0.0372982	0.0206228	0.0369271	0.0230099	0.0365597	0.0252133	0.0361959	0.0272434	0.0358358	0.02911	0.0354792	0.0308223	0.0351262	0.032389	0.0347766	0.0338186	0.0344306	0.0351188	0.034088	0.0362972	0.0337488	0.0373609	0.033413	0.0383166	0.0330806	0.0391707	0.0327514	0.0399292	0.0324255	0.0405979	0.0321029	0.0411822	0.0317835	0.0416872	0.0314672	0.0421178	0.0311541	0.0424786	0.0308441	0.042774	0.0305372	0.0430081	0.0302334	0.0431848	0.0299325	0.0433079	0.0296347	0.0433809	0.0293398	0.043407	0.0290479	0.0433895	0.0287589	0.0433312	0.0284727	0.043235	0.0281894	0.0431036	0.0279089	0.0429394	0.0276312	0.0427449	0.0273563	0.0425222	0.0270841	0.0422735	0.0268146	0.0420008	0.0265478	0.041706	0.0262836	0.0413909	0.0260221	0.041057	0.0257632	0.0407061	0.0255068	0.0403396	0.025253	0.039959	0.0250018	0.0395654	0.024753	0.0391603	0.0245067	0.0387447	0.0242628	0.0383199	0.0240214	0.0378867	0.0237824	0.0374462	0.0235458	0.0369994	0.0233115	0.036547	0.0230795	0.0360899	0.0228499	0.0356289	0.0226225	0.0351646	0.0223974	0.0346978	0.0221746	0.034229	0.0219539	0.0337588	0.0217355	0.0332879	0.0215192	0.0328166	0.0213051	0.0323455	0.0210931	0.031875	0.0208832	0.0314055	0.0206754	0.0309374	0.0204697	0.0304712	0.020266	0.030007	0.0200644	0.0295452	0.0198647	0.0290861	0.0196671	0.0286299	0.0194714	0.028177	0.0192776	0.0277274	0.0190858	0.0272815	0.0188959	0.0268393	0.0187079	0.0264012	0.0185218	0.0259671	0.0183375	0.0255374	0.018155	0.025112	0.0179744	0.0246911	0.0177955	0.0242749	0.0176184	0.0238633	0.0174431	0.0234565	0.0172696	0.0230546	0.0170977	0.0226575	0.0169276	0.0222655	0.0167592	0.0218784	0.0165924	0.0214964	0.0164273	0.0211194	0.0162639	0.0207476	0.016102	0.0203808	0.0159418	0.0200192	0.0157832	0.0196626	0.0156262	0.0193112	0.0154707	0.0189649	0.0153167	0.0186237	0.0151643	0.0182876	0.0150134	0.0179565	0.0148641	0.0176305	0.0147162	0.0173095	0.0145697	0.0169935	0.0144248	0.0166824	0.0142812	0.0163762	0.0141391	0.016075	0.0139984	0.0157786	0.0138592	0.0154869	0.0137213	0.0152001	0.0135847	0.0149179	0.0134496	0.0146404	0.0133157	0.0143676	0.0131832	0.0140993	0.0130521	0.0138355	0.0129222	0.0135762	0.0127936	0.0133214	0.0126663	0.0130709	0.0125403	0.0128247	0.0124155	0.0125827	0.012292	0.012345	0.0121697	0.0121114	0.0120486	0.0118819	0.0119287	0.0116565	0.01181	0.011435	0.0116925	0.0112175	0.0115761	0.0110038	0.011461	0.010794	0.0113469	0.0105879	0.011234	0.0103856	0.0111222	0.0101868	0.0110116	0.00999171	0.010902	0.00980014	0.0107935	0.00961204	0.0106861	0.00942739	0.0105798	0.00924611	0.0104745	0.00906815	0.0103703	0.00889348	0.0102671	0.00872202	0.010165	0.00855373	0.0100638	0.00838856	0.00996368	0.00822645	0.00986454	0.00806736	0.00976638	0.00791123	0.00966921	0.00775802	0.009573	0.00760767	0.00947774	0.00746014	0.00938344	0.00731539	0.00929007	0.00717335	0.00919763	0.00703399	0.00910611	0.00689725	0.00901551	0.0067631	0.0089258	0.00663149	0.00883699	0.00650237	0.00874906	0.0063757	0.008662	0.00625144	0.00857582	0.00612954	0.00849048	0.00600997	0.008406	0.00589267	0.00832236	0.00577761	0.00823955	0.00566475	0.00815757	0.00555406	0.0080764	0.00544548	0.00799604	0.00533898	0.00791648	0.00523453	0.00783771	0.00513208	0.00775972	0.0050316	0.00768251	0.00493306	0.00760607	0.00483642	0.00753038	0.00474163	0.00745546	0.00464868	0.00738127	0.00455752	0.00730783	0.00446813	0.00723511	0.00438046	0.00716312	0.00429449	0.00709185	0.00421018	0.00702128	0.00412751	0.00695142	0.00404644	0.00688225	0.00396694	0.00681377	0.00388899	0.00674598	0.00381255	0.00667885	0.0037376	0.0066124	0.00366411	0.0065466	0.00359204	0.00648146	0.00352138	0.00641697	0.00345209	0.00635312	0.00338416	0.00628991	0.00331755	0.00622732	0.00325224	0.00616536	0.0031882	0.00610401	0.00312542	0.00604328	0.00306386	0.00598314	0.0030035	0.00592361	0.00294433	0.00586467	0.00288631	0.00580632	0.00282942	0.00574854	0.00277365	0.00569134	0.00271897	0.00563471	0.00266536	0.00420483	0.00197899	0.00278918	0.00130615	0.00138762	0.000646569	0	0	0	0	
0	0.00901287	0	0.0122487	0	0.015254	0	0.0180413	0	0.0206228	0	0.0230099	0	0.0252133	0	0.0272434	0	0.02911	0	0.0308223	0	0.032389	0	0.0338186	0	0.0351188	0	0.0362972	0	0.0373609	0	0.0383166	0	0.0391707	0	0.0399292	0	0.0405979	0	0.0411822	0	0.0416872	0	0.0421178	0	0.0424786	0	0.042774	0	0.0430081	0	0.0431848	0	0.0433079	0	0.0433809	0	0.043407	0	0.0433895	0	0.0433312	0	0.043235	0	0.0431036	0	0.0429394	0	0.0427449	0	0.0425222	0	0.0422735	0	0.0420008	0	0.041706	0	0.0413909	0	0.041057	0	0.0407061	0	0.0403396	0	0.039959	0	0.0395654	0	0.0391603	0	0.0387447	0	0.0383199	0	0.0378867	0	0.0374462	0	0.0369994	0	0.036547	0	0.0360899	0	0.0356289	0	0.0351646	0	0.0346978	0	0.034229	0	0.0337588	0	0.0332879	0	0.0328166	0	0.0323455	0	0.031875	0	0.0314055	0	0.0309374	0	0.0304712	0	0.030007	0	0.0295452	0	0.0290861	0	0.0286299	0	0.028177	0	0.0277274	0	0.0272815	0	0.0268393	0	0.0264012	0	0.0259671	0	0.0255374	0	0.025112	0	0.0246911	0	0.0242749	0	0.0238633	0	0.0234565	0	0.0230546	0	0.0226575	0	0.0222655	0	0.0218784	0	0.0214964	0	0.0211194	0	0.0207476	0	0.0203808	0	0.0200192	0	0.0196626	0	0.0193112	0	0.0189649	0	0.0186237	0	0.0182876	0	0.0179565	0	0.0176305	0	0.0173095	0	0.0169935	0	0.0166824	0	0.0163762	0	0.016075	0	0.0157786	0	0.0154869	0	0.0152001	0	0.0149179	0	0.0146404	0	0.0143676	0	0.0140993	0	0.0138355	0	0.0135762	0	0.0133214	0	0.0130709	0	0.0128247	0	0.0125827	0	0.012345	0	0.0121114	0	0.0118819	0	0.0116565	0	0.011435	0	0.0112175	0	0.0110038	0	0.010794	0	0.0105879	0	0.0103856	0	0.0101868	0	0.00999171	0	0.00980014	0	0.00961204	0	0.00942739	0	0.00924611	0	0.00906815	0	0.00889348	0	0.00872202	0	0.00855373	0	0.00838856	0	0.00822645	0	0.00806736	0	0.00791123	0	0.00775802	0	0.00760767	0	0.00746014	0	0.00731539	0	0.00717335	0	0.00703399	0	0.00689725	0	0.0067631	0	0.00663149	0	0.00650237	0	0.0063757	0	0.00625144	0	0.00612954	0	0.00600997	0	0.00589267	0	0.00577761	0	0.00566475	0	0.00555406	0	0.00544548	0	0.00533898	0	0.00523453	0	0.00513208	0	0.0050316	0	0.00493306	0	0.00483642	0	0.00474163	0	0.00464868	0	0.00455752	0	0.00446813	0	0.00438046	0	0.00429449	0	0.00421018	0	0.00412751	0	0.00404644	0	0.00396694	0	0.00388899	0	0.00381255	0	0.0037376	0	0.00366411	0	0.00359204	0	0.00352138	0	0.00345209	0	0.00338416	0	0.00331755	0	0.00325224	0	0.0031882	0	0.00312542	0	0.00306386	0	0.0030035	0	0.00294433	0	0.00288631	0	0.00282942	0	0.00277365	0	0.00271897	0	0.00266536	0	0.00197899	0	0.00130615	0	0.000646569	0	0	0	0	
0.0482853	0.0132144	0.0478049	0.0171192	0.0473292	0.0207434	0.0468583	0.0241026	0.046392	0.0272114	0.0459304	0.0300838	0.0454734	0.0327329	0.0450209	0.0351713	0.0445729	0.0374109	0.0441294	0.0394629	0.0436903	0.0413381	0.0432556	0.0430467	0.0428252	0.0445981	0.0423991	0.0460016	0.0419772	0.0472657	0.0415595	0.0483988	0.041146	0.0494085	0.0407366	0.0503023	0.0403313	0.051087	0.03993	0.0517693	0.0395327	0.0523556	0.0391393	0.0528516	0.0387499	0.0532631	0.0383643	0.0535953	0.0379826	0.0538532	0.0376046	0.0540418	0.0372305	0.0541654	0.03686	0.0542283	0.0364932	0.0542346	0.0361301	0.0541881	0.0357706	0.0540925	0.0354147	0.053951	0.0350623	0.053767	0.0347134	0.0535436	0.034368	0.0532835	0.0340261	0.0529895	0.0336875	0.0526643	0.0333523	0.0523102	0.0330205	0.0519295	0.0326919	0.0515244	0.0323666	0.0510969	0.0320446	0.050649	0.0317257	0.0501824	0.03141	0.0496989	0.0310975	0.0492002	0.0307881	0.0486876	0.0304817	0.0481626	0.0301784	0.0476267	0.0298781	0.047081	0.0295808	0.0465267	0.0292865	0.0459649	0.0289951	0.0453967	0.0287066	0.0448231	0.028421	0.044245	0.0281382	0.0436633	0.0278582	0.0430787	0.027581	0.042492	0.0273066	0.041904	0.0270349	0.0413153	0.0267659	0.0407264	0.0264995	0.040138	0.0262359	0.0395507	0.0259748	0.0389648	0.0257164	0.038381	0.0254605	0.0377995	0.0252071	0.0372209	0.0249563	0.0366454	0.024708	0.0360735	0.0244622	0.0355053	0.0242188	0.0349413	0.0239778	0.0343817	0.0237392	0.0338267	0.023503	0.0332766	0.0232691	0.0327315	0.0230376	0.0321917	0.0228084	0.0316572	0.0225814	0.0311284	0.0223567	0.0306052	0.0221343	0.0300878	0.021914	0.0295764	0.021696	0.029071	0.0214801	0.0285716	0.0212664	0.0280785	0.0210548	0.0275915	0.0208453	0.0271108	0.0206379	0.0266365	0.0204325	0.0261685	0.0202292	0.0257068	0.0200279	0.0252516	0.0198286	0.0248027	0.0196313	0.0243603	0.019436	0.0239242	0.0192426	0.0234945	0.0190511	0.0230711	0.0188616	0.0226541	0.0186739	0.0222434	0.0184881	0.021839	0.0183041	0.0214409	0.018122	0.0210489	0.0179417	0.0206632	0.0177632	0.0202835	0.0175864	0.01991	0.0174114	0.0195424	0.0172382	0.0191809	0.0170667	0.0188252	0.0168968	0.0184754	0.0167287	0.0181315	0.0165623	0.0177932	0.0163975	0.0174607	0.0162343	0.0171338	0.0160728	0.0168124	0.0159129	0.0164965	0.0157545	0.0161861	0.0155978	0.015881	0.0154426	0.0155811	0.0152889	0.0152866	0.0151368	0.0149971	0.0149862	0.0147128	0.014837	0.0144334	0.0146894	0.0141591	0.0145433	0.0138895	0.0143985	0.0136248	0.0142553	0.0133649	0.0141134	0.0131096	0.013973	0.0128589	0.013834	0.0126127	0.0136963	0.012371	0.01356	0.0121337	0.0134251	0.0119007	0.0132915	0.011672	0.0131593	0.0114474	0.0130283	0.011227	0.0128987	0.0110107	0.0127704	0.0107983	0.0126433	0.0105899	0.0125175	0.0103853	0.0123929	0.0101846	0.0122696	0.00998754	0.0121475	0.00979418	0.0120267	0.00960445	0.011907	0.00941826	0.0117885	0.00923556	0.0116712	0.0090563	0.0115551	0.00888041	0.0114401	0.00870784	0.0113263	0.00853852	0.0112136	0.00837241	0.011102	0.00820944	0.0109916	0.00804956	0.0108822	0.00789271	0.0107739	0.00773885	0.0106667	0.00758791	0.0105606	0.00743985	0.0104555	0.00729462	0.0103515	0.00715216	0.0102485	0.00701242	0.0101465	0.00687536	0.0100455	0.00674093	0.00994557	0.00660907	0.00984661	0.00647975	0.00974863	0.00635291	0.00965163	0.00622851	0.0095556	0.00610651	0.00946052	0.00598686	0.00936638	0.00586951	0.00927319	0.00575443	0.00918092	0.00564158	0.00908957	0.0055309	0.00899912	0.00542237	0.00890958	0.00531593	0.00882093	0.00521156	0.00873316	0.00510921	0.00864626	0.00500885	0.00856023	0.00491044	0.00847506	0.00481393	0.00839073	0.00471931	0.00830724	0.00462652	0.00822458	0.00453553	0.00814274	0.00444632	0.00806172	0.00435885	0.00798151	0.00427308	0.00790209	0.00418898	0.00782346	0.00410652	0.00774562	0.00402567	0.00766855	0.0039464	0.00759224	0.00386868	0.0075167	0.00379247	0.00744191	0.00371776	0.00736786	0.0036445	0.00729455	0.00357268	0.00722197	0.00350227	0.00715011	0.00343323	0.00707896	0.00336554	0.00563471	0.00266536	0.00420483	0.00197899	0.00278918	0.00130615	0.00138762	0.000646569	0	0	0	0	
0	0.0132144	0	0.0171192	0	0.0207434	0	0.0241026	0	0.0272114	0	0.0300838	0	0.0327329	0	0.0351713	0	0.0374109	0	0.0394629	0	0.0413381	0	0.0430467	0	0.0445981	0	0.0460016	0	0.0472657	0	0.0483988	0	0.0494085	0	0.0503023	0	0.051087	0	0.0517693	0	0.0523556	0	0.0528516	0	0.0532631	0	0.0535953	0	0.0538532	0	0.0540418	0	0.0541654	0	0.0542283	0	0.0542346	0	0.0541881	0	0.0540925	0	0.053951	0	0.053767	0	0.0535436	0	0.0532835	0	0.0529895	0	0.0526643	0	0.0523102	0	0.0519295	0	0.0515244	0	0.0510969	0	0.050649	0	0.0501824	0	0.0496989	0	0.0492002	0	0.0486876	0	0.0481626	0	0.0476267	0	0.047081	0	0.0465267	0	0.0459649	0	0.0453967	0	0.0448231	0	0.044245	0	0.0436633	0	0.0430787	0	0.042492	0	0.041904	0	0.0413153	0	0.0407264	0	0.040138	0	0.0395507	0	0.0389648	0	0.038381	0	0.0377995	0	0.0372209	0	0.0366454	0	0.0360735	0	0.0355053	0	0.0349413	0	0.0343817	0	0.0338267	0	0.0332766	0	0.0327315	0	0.0321917	0	0.0316572	0	0.0311284	0	0.0306052	0	0.0300878	0	0.0295764	0	0.029071	0	0.0285716	0	0.0280785	0	0.0275915	0	0.0271108	0	0.0266365	0	0.0261685	0	0.0257068	0	0.0252516	0	0.0248027	0	0.0243603	0	0.0239242	0	0.0234945	0	0.0230711	0	0.0226541	0	0.0222434	0	0.021839	0	0.0214409	0	0.0210489	0	0.0206632	0	0.0202835	0	0.01991	0	0.0195424	0	0.0191809	0	0.0188252	0	0.0184754	0	0.0181315	0	0.0177932	0	0.0174607	0	0.0171338	0	0.0168124	0	0.0164965	0	0.0161861	0	0.015881	0	0.0155811	0	0.0152866	0	0.0149971	0	0.0147128	0	0.0144334	0	0.0141591	0	0.0138895	0	0.0136248	0	0.0133649	0	0.0131096	0	0.0128589	0	0.0126127	0	0.012371	0	0.0121337	0	0.0119007	0	0.011672	0	0.0114474	0	0.011227	0	0.0110107	0	0.0107983	0	0.0105899	0	0.0103853	0	0.0101846	0	0.00998754	0	0.00979418	0	0.00960445	0	0.00941826	0	0.00923556	0	0.0090563	0	0.00888041	0	0.00870784	0	0.00853852	0	0.00837241	0	0.00820944	0	0.00804956	0	0.00789271	0	0.00773885	0	0.00758791	0	0.00743985	0	0.00729462	0	0.00715216	0	0.00701242	0	0.00687536	0	0.00674093	0	0.00660907	0	0.00647975	0	0.00635291	0	0.00622851	0	0.00610651	0	0.00598686	0	0.00586951	0	0.00575443	0	0.00564158	0	0.0055309	0	0.00542237	0	0.00531593	0	0.00521156	0	0.00510921	0	0.00500885	0	0.00491044	0	0.00481393	0	0.00471931	0	0.00462652	0	0.00453553	0	0.00444632	0	0.00435885	0	0.00427308	0	0.00418898	0	0.00410652	0	0.00402567	0	0.0039464	0	0.00386868	0	0.00379247	0	0.00371776	0	0.0036445	0	0.00357268	0	0.00350227	0	0.00343323	0	0.00336554	0	0.00266536	0	0.00197899	0	0.00130615	0	0.000646569	0	0	0	0	
0.057656	0.0180849	0.0570823	0.0226087	0.0565143	0.0268047	0.055952	0.0306912	0.0553953	0.0342854	0.0548441	0.0376034	0.0542984	0.0406608	0.0537581	0.0434722	0.0532232	0.0460516	0.0526936	0.0484121	0.0521693	0.0505663	0.0516502	0.052526	0.0511363	0.0543025	0.0506275	0.0559064	0.0501237	0.0573479	0.049625	0.0586366	0.0491312	0.0597816	0.0486424	0.0607914	0.0481584	0.0616742	0.0476792	0.0624378	0.0472048	0.0630894	0.0467351	0.0636361	0.04627	0.0640844	0.0458096	0.0644404	0.0453538	0.0647102	0.0449025	0.0648992	0.0444558	0.0650128	0.0440134	0.0650559	0.0435755	0.0650333	0.0431419	0.0649494	0.0427126	0.0648085	0.0422876	0.0646145	0.0418669	0.0643712	0.0414503	0.0640822	0.0410378	0.0637508	0.0406295	0.0633803	0.0402252	0.0629736	0.039825	0.0625336	0.0394287	0.062063	0.0390364	0.0615642	0.038648	0.0610397	0.0382634	0.0604917	0.0378827	0.0599224	0.0375058	0.0593337	0.0371326	0.0587274	0.0367631	0.0581055	0.0363973	0.0574695	0.0360351	0.0568209	0.0356766	0.0561614	0.0353216	0.0554922	0.0349701	0.0548146	0.0346222	0.05413	0.0342777	0.0534393	0.0339366	0.0527437	0.0335989	0.0520442	0.0332646	0.0513418	0.0329336	0.0506372	0.0326059	0.0499314	0.0322815	0.0492251	0.0319603	0.048519	0.0316423	0.0478138	0.0313274	0.04711	0.0310157	0.0464084	0.0307071	0.0457094	0.0304016	0.0450135	0.0300991	0.0443211	0.0297996	0.0436328	0.0295031	0.0429489	0.0292095	0.0422697	0.0289189	0.0415956	0.0286311	0.040927	0.0283462	0.040264	0.0280642	0.0396069	0.027785	0.038956	0.0275085	0.0383115	0.0272348	0.0376736	0.0269638	0.0370424	0.0266955	0.0364182	0.0264299	0.0358009	0.0261669	0.0351908	0.0259065	0.034588	0.0256487	0.0339925	0.0253935	0.0334045	0.0251409	0.0328239	0.0248907	0.0322509	0.024643	0.0316855	0.0243978	0.0311278	0.0241551	0.0305776	0.0239147	0.0300352	0.0236768	0.0295004	0.0234412	0.0289732	0.0232079	0.0284537	0.022977	0.0279419	0.0227484	0.0274377	0.022522	0.0269411	0.0222979	0.026452	0.0220761	0.0259705	0.0218564	0.0254964	0.0216389	0.0250297	0.0214236	0.0245705	0.0212105	0.0241185	0.0209994	0.0236738	0.0207905	0.0232363	0.0205836	0.022806	0.0203788	0.0223827	0.020176	0.0219664	0.0199753	0.0215571	0.0197765	0.0211546	0.0195797	0.0207589	0.0193849	0.0203699	0.019192	0.0199875	0.0190011	0.0196117	0.018812	0.0192423	0.0186248	0.0188794	0.0184395	0.0185227	0.018256	0.0181723	0.0180744	0.017828	0.0178945	0.0174897	0.0177165	0.0171575	0.0175402	0.0168311	0.0173657	0.0165105	0.0171929	0.0161957	0.0170218	0.0158865	0.0168524	0.0155829	0.0166847	0.0152848	0.0165187	0.014992	0.0163544	0.0147046	0.0161916	0.0144224	0.0160305	0.0141453	0.015871	0.0138733	0.0157131	0.0136063	0.0155567	0.0133442	0.015402	0.013087	0.0152487	0.0128345	0.015097	0.0125867	0.0149468	0.0123434	0.014798	0.0121047	0.0146508	0.0118705	0.014505	0.0116406	0.0143607	0.011415	0.0142178	0.0111937	0.0140763	0.0109765	0.0139363	0.0107634	0.0137976	0.0105543	0.0136603	0.0103491	0.0135244	0.0101478	0.0133898	0.00995035	0.0132566	0.00975662	0.0131247	0.00956656	0.0129941	0.00938012	0.0128648	0.00919722	0.0127368	0.0090178	0.0126101	0.0088418	0.0124846	0.00866917	0.0123604	0.00849983	0.0122374	0.00833373	0.0121156	0.00817082	0.0119951	0.00801102	0.0118757	0.0078543	0.0117575	0.00770058	0.0116405	0.00754982	0.0115247	0.00740196	0.0114101	0.00725695	0.0112965	0.00711474	0.0111841	0.00697527	0.0110728	0.00683849	0.0109627	0.00670435	0.0108536	0.00657281	0.0107456	0.00644381	0.0106387	0.00631731	0.0105328	0.00619327	0.010428	0.00607163	0.0103242	0.00595234	0.0102215	0.00583538	0.0101198	0.00572069	0.0100191	0.00560822	0.00991942	0.00549795	0.00982072	0.00538981	0.009723	0.00528379	0.00962626	0.00517983	0.00953047	0.00507789	0.00943565	0.00497795	0.00934176	0.00487995	0.00924881	0.00478387	0.00915678	0.00468966	0.00906567	0.00459729	0.00897546	0.00450673	0.00888616	0.00441793	0.00879774	0.00433088	0.0087102	0.00424552	0.00862353	0.00416184	0.00853772	0.0040798	0.00707896	0.00336554	0.00563471	0.00266536	0.00420483	0.00197899	0.00278918	0.00130615	0.00138762	0.000646569	0	0	0	0	
0	0.0180849	0	0.0226087	0	0.0268047	0	0.0306912	0	0.0342854	0	0.0376034	0	0.0406608	0	0.0434722	0	0.0460516	0	0.0484121	0	0.0505663	0	0.052526	0	0.0543025	0	0.0559064	0	0.0573479	0	0.0586366	0	0.0597816	0	0.0607914	0	0.0616742	0	0.0624378	0	0.0630894	0	0.0636361	0	0.0640844	0	0.0644404	0	0.0647102	0	0.0648992	0	0.0650128	0	0.0650559	0	0.0650333	0	0.0649494	0	0.0648085	0	0.0646145	0	0.0643712	0	0.0640822	0	0.0637508	0	0.0633803	0	0.0629736	0	0.0625336	0	0.062063	0	0.0615642	0	0.0610397	0	0.0604917	0	0.0599224	0	0.0593337	0	0.0587274	0	0.0581055	0	0.0574695	0	0.0568209	0	0.0561614	0	0.0554922	0	0.0548146	0	0.05413	0	0.0534393	0	0.0527437	0	0.0520442	0	0.0513418	0	0.0506372	0	0.0499314	0	0.0492251	0	0.048519	0	0.0478138	0	0.04711	0	0.0464084	0	0.0457094	0	0.0450135	0	0.0443211	0	0.0436328	0	0.0429489	0	0.0422697	0	0.0415956	0	0.040927	0	0.040264	0	0.0396069	0	0.038956	0	0.0383115	0	0.0376736	0	0.0370424	0	0.0364182	0	0.0358009	0	0.0351908	0	0.034588	0	0.0339925	0	0.0334045	0	0.0328239	0	0.0322509	0	0.0316855	0	0.0311278	0	0.0305776	0	0.0300352	0	0.0295004	0	0.0289732	0	0.0284537	0	0.0279419	0	0.0274377	0	0.0269411	0	0.026452	0	0.0259705	0	0.0254964	0	0.0250297	0	0.0245705	0	0.0241185	0	0.0236738	0	0.0232363	0	0.022806	0	0.0223827	0	0.0219664	0	0.0215571	0	0.0211546	0	0.0207589	0	0.0203699	0	0.0199875	0	0.0196117	0	0.0192423	0	0.0188794	0	0.0185227	0	0.0181723	0	0.017828	0	0.0174897	0	0.0171575	0	0.0168311	0	0.0165105	0	0.0161957	0	0.0158865	0	0.0155829	0	0.0152848	0	0.014992	0	0.0147046	0	0.0144224	0	0.0141453	0	0.0138733	0	0.0136063	0	0.0133442	0	0.013087	0	0.0128345	0	0.0125867	0	0.0123434	0	0.0121047	0	0.0118705	0	0.0116406	0	0.011415	0	0.0111937	0	0.0109765	0	0.0107634	0	0.0105543	0	0.0103491	0	0.0101478	0	0.00995035	0	0.00975662	0	0.00956656	0	0.00938012	0	0.00919722	0	0.0090178	0	0.0088418	0	0.00866917	0	0.00849983	0	0.00833373	0	0.00817082	0	0.00801102	0	0.0078543	0	0.00770058	0	0.00754982	0	0.00740196	0	0.00725695	0	0.00711474	0	0.00697527	0	0.00683849	0	0.00670435	0	0.00657281	0	0.00644381	0	0.00631731	0	0.00619327	0	0.00607163	0	0.00595234	0	0.00583538	0	0.00572069	0	0.00560822	0	0.00549795	0	0.00538981	0	0.00528379	0	0.00517983	0	0.00507789	0	0.00497795	0	0.00487995	0	0.00478387	0	0.00468966	0	0.00459729	0	0.00450673	0	0.00441793	0	0.00433088	0	0.00424552	0	0.00416184	0	0.0040798	0	0.00336554	0	0.00266536	0	0.00197899	0	0.00130615	0	0.000646569	0	0	0	0	
0.0669335	0.0235744	0.0662675	0.02867	0.0656081	0.0333933	0.0649553	0.0377652	0.064309	0.0418049	0.0636691	0.0455312	0.0630356	0.0489616	0.0624084	0.0521129	0.0617874	0.0550007	0.0611726	0.0576402	0.0605639	0.0600456	0.0599613	0.0622303	0.0593647	0.0642073	0.058774	0.0659886	0.0581892	0.0675858	0.0576102	0.0690097	0.057037	0.0702707	0.0564694	0.0713786	0.0559075	0.0723426	0.0553513	0.0731716	0.0548005	0.0738739	0.0542552	0.0744574	0.0537154	0.0749295	0.0531809	0.0752974	0.0526517	0.0755677	0.0521279	0.0757467	0.0516092	0.0758404	0.0510957	0.0758546	0.0505872	0.0757946	0.0500839	0.0756654	0.0495855	0.0754719	0.0490922	0.0752186	0.0486037	0.0749098	0.0481201	0.0745495	0.0476413	0.0741416	0.0471672	0.0736896	0.0466979	0.0731971	0.0462333	0.0726671	0.0457732	0.0721028	0.0453178	0.0715071	0.0448669	0.0708825	0.0444204	0.0702317	0.0439784	0.0695571	0.0435408	0.0688609	0.0431076	0.0681453	0.0426787	0.0674123	0.042254	0.0666637	0.0418336	0.0659014	0.0414173	0.0651269	0.0410052	0.0643419	0.0405972	0.0635479	0.0401933	0.0627461	0.0397933	0.061938	0.0393974	0.0611247	0.0390054	0.0603073	0.0386173	0.059487	0.038233	0.0586646	0.0378526	0.0578412	0.037476	0.0570177	0.0371031	0.0561947	0.0367339	0.0553731	0.0363684	0.0545536	0.0360065	0.0537368	0.0356482	0.0529233	0.0352935	0.0521137	0.0349423	0.0513085	0.0345947	0.0505082	0.0342504	0.0497132	0.0339096	0.048924	0.0335722	0.0481409	0.0332382	0.0473642	0.0329075	0.0465943	0.03258	0.0458314	0.0322558	0.0450759	0.0319349	0.0443279	0.0316171	0.0435877	0.0313025	0.0428554	0.0309911	0.0421312	0.0306827	0.0414154	0.0303774	0.0407079	0.0300752	0.0400089	0.0297759	0.0393186	0.0294796	0.0386369	0.0291863	0.037964	0.0288959	0.0373	0.0286084	0.0366448	0.0283237	0.0359985	0.0280419	0.0353612	0.0277629	0.0347328	0.0274866	0.0341133	0.0272131	0.0335028	0.0269424	0.0329012	0.0266743	0.0323085	0.0264089	0.0317246	0.0261461	0.0311496	0.0258859	0.0305834	0.0256284	0.0300259	0.0253733	0.0294772	0.0251209	0.028937	0.0248709	0.0284055	0.0246235	0.0278824	0.0243784	0.0273678	0.0241359	0.0268615	0.0238957	0.0263635	0.023658	0.0258737	0.0234226	0.0253921	0.0231895	0.0249185	0.0229588	0.0244528	0.0227303	0.023995	0.0225041	0.023545	0.0222802	0.0231027	0.0220585	0.022668	0.021839	0.0222407	0.0216217	0.0218209	0.0214066	0.0214084	0.0211936	0.0210031	0.0209827	0.0206049	0.0207739	0.0202137	0.0205672	0.0198295	0.0203626	0.0194521	0.02016	0.0190814	0.0199594	0.0187174	0.0197608	0.0183598	0.0195642	0.0180088	0.0193695	0.017664	0.0191768	0.0173256	0.018986	0.0169932	0.018797	0.016667	0.01861	0.0163466	0.0184248	0.0160322	0.0182415	0.0157235	0.01806	0.0154205	0.0178803	0.0151232	0.0177024	0.0148313	0.0175262	0.0145448	0.0173519	0.0142636	0.0171792	0.0139877	0.0170083	0.0137169	0.016839	0.0134512	0.0166715	0.0131905	0.0165056	0.0129346	0.0163414	0.0126835	0.0161788	0.0124372	0.0160178	0.0121955	0.0158584	0.0119584	0.0157006	0.0117258	0.0155444	0.0114975	0.0153897	0.0112736	0.0152366	0.011054	0.015085	0.0108385	0.0149349	0.0106271	0.0147863	0.0104198	0.0146391	0.0102164	0.0144935	0.0100168	0.0143493	0.00982114	0.0142065	0.00962919	0.0140651	0.00944091	0.0139252	0.00925625	0.0137866	0.00907513	0.0136495	0.00889749	0.0135136	0.00872327	0.0133792	0.00855241	0.0132461	0.00838483	0.0131142	0.00822049	0.0129838	0.00805932	0.0128546	0.00790126	0.0127267	0.00774626	0.0126	0.00759426	0.0124747	0.00744519	0.0123505	0.00729902	0.0122276	0.00715568	0.012106	0.00701512	0.0119855	0.00687729	0.0118663	0.00674213	0.0117482	0.0066096	0.0116313	0.00647965	0.0115156	0.00635223	0.011401	0.00622728	0.0112875	0.00610477	0.0111752	0.00598465	0.011064	0.00586687	0.0109539	0.00575138	0.0108449	0.00563815	0.010737	0.00552713	0.0106302	0.00541827	0.0105244	0.00531155	0.0104197	0.0052069	0.010316	0.00510431	0.0102134	0.00500372	0.0101118	0.0049051	0.0100111	0.00480841	0.00853772	0.0040798	0.00707896	0.00336554	0.00563471	0.00266536	0.00420483	0.00197899	0.00278918	0.00130615	0.00138762	0.000646569	0	0	0	0	
0	0.0235744	0	0.02867	0	0.0333933	0	0.0377652	0	0.0418049	0	0.0455312	0	0.0489616	0	0.0521129	0	0.0550007	0	0.0576402	0	0.0600456	0	0.0622303	0	0.0642073	0	0.0659886	0	0.0675858	0	0.0690097	0	0.0702707	0	0.0713786	0	0.0723426	0	0.0731716	0	0.0738739	0	0.0744574	0	0.0749295	0	0.0752974	0	0.0755677	0	0.0757467	0	0.0758404	0	0.0758546	0	0.0757946	0	0.0756654	0	0.0754719	0	0.0752186	0	0.0749098	0	0.0745495	0	0.0741416	0	0.0736896	0	0.0731971	0	0.0726671	0	0.0721028	0	0.0715071	0	0.0708825	0	0.0702317	0	0.0695571	0	0.0688609	0	0.0681453	0	0.0674123	0	0.0666637	0	0.0659014	0	0.0651269	0	0.0643419	0	0.0635479	0	0.0627461	0	0.061938	0	0.0611247	0	0.0603073	0	0.059487	0	0.0586646	0	0.0578412	0	0.0570177	0	0.0561947	0	0.0553731	0	0.0545536	0	0.0537368	0	0.0529233	0	0.0521137	0	0.0513085	0	0.0505082	0	0.0497132	0	0.048924	0	0.0481409	0	0.0473642	0	0.0465943	0	0.0458314	0	0.0450759	0	0.0443279	0	0.0435877	0	0.0428554	0	0.0421312	0	0.0414154	0	0.0407079	0	0.0400089	0	0.0393186	0	0.0386369	0	0.037964	0	0.0373	0	0.0366448	0	0.0359985	0	0.0353612	0	0.0347328	0	0.0341133	0	0.0335028	0	0.0329012	0	0.0323085	0	0.0317246	0	0.0311496	0	0.0305834	0	0.0300259	0	0.0294772	0	0.028937	0	0.0284055	0	0.0278824	0	0.0273678	0	0.0268615	0	0.0263635	0	0.0258737	0	0.0253921	0	0.0249185	0	0.0244528	0	0.023995	0	0.023545	0	0.0231027	0	0.022668	0	0.0222407	0	0.0218209	0	0.0214084	0	0.0210031	0	0.0206049	0	0.0202137	0	0.0198295	0	0.0194521	0	0.0190814	0	0.0187174	0	0.0183598	0	0.0180088	0	0.017664	0	0.0173256	0	0.0169932	0	0.016667	0	0.0163466	0	0.0160322	0	0.0157235	0	0.0154205	0	0.0151232	0	0.0148313	0	0.0145448	0	0.0142636	0	0.0139877	0	0.0137169	0	0.0134512	0	0.0131905	0	0.0129346	0	0.0126835	0	0.0124372	0	0.0121955	0	0.0119584	0	0.0117258	0	0.0114975	0	0.0112736	0	0.011054	0	0.0108385	0	0.0106271	0	0.0104198	0	0.0102164	0	0.0100168	0	0.00982114	0	0.00962919	0	0.00944091	0	0.00925625	0	0.00907513	0	0.00889749	0	0.00872327	0	0.00855241	0	0.00838483	0	0.00822049	0	0.00805932	0	0.00790126	0	0.00774626	0	0.00759426	0	0.00744519	0	0.00729902	0	0.00715568	0	0.00701512	0	0.00687729	0	0.00674213	0	0.0066096	0	0.00647965	0	0.00635223	0	0.00622728	0	0.00610477	0	0.00598465	0	0.00586687	0	0.00575138	0	0.00563815	0	0.00552713	0	0.00541827	0	0.00531155	0	0.0052069	0	0.00510431	0	0.00500372	0	0.0049051	0	0.00480841	0	0.0040798	0	0.00336554	0	0.00266536	0	0.00197899	0	0.00130615	0	0.000646569	0	0	0	0	
0.0761186	0.0296357	0.0753613	0.0352586	0.0746114	0.0404673	0.073869	0.0452848	0.073134	0.0497328	0.0724063	0.0538321	0.0716858	0.0576023	0.0709726	0.061062	0.0702664	0.0642288	0.0695672	0.0671195	0.068875	0.0697499	0.0681897	0.0721352	0.0675112	0.0742895	0.0668394	0.0762264	0.0661744	0.0779588	0.0655159	0.0794988	0.064864	0.0808579	0.0642186	0.082047	0.0635796	0.0830765	0.062947	0.0839561	0.0623207	0.0846952	0.0617006	0.0853026	0.0610866	0.0857865	0.0604788	0.0861548	0.059877	0.0864151	0.0592813	0.0865743	0.0586914	0.0866391	0.0581074	0.0866159	0.0575292	0.0865106	0.0569568	0.0863289	0.0563901	0.0860761	0.055829	0.0857572	0.0552735	0.0853771	0.0547235	0.0849402	0.054179	0.0844509	0.0536399	0.0839131	0.0531062	0.0833306	0.0525778	0.082707	0.0520546	0.0820457	0.0515367	0.0813498	0.0510239	0.0806225	0.0505162	0.0798664	0.0500135	0.0790844	0.0495159	0.0782788	0.0490232	0.0774521	0.0485354	0.0766065	0.0480525	0.0757441	0.0475743	0.0748669	0.047101	0.0739766	0.0466323	0.0730751	0.0461683	0.072164	0.0457089	0.0712448	0.0452541	0.0703189	0.0448038	0.0693877	0.044358	0.0684525	0.0439166	0.0675144	0.0434797	0.0665745	0.043047	0.0656338	0.0426187	0.0646934	0.0421946	0.063754	0.0417748	0.0628166	0.0413591	0.0618819	0.0409476	0.0609507	0.0405402	0.0600235	0.0401368	0.0591011	0.0397374	0.0581839	0.039342	0.0572726	0.0389506	0.0563675	0.038563	0.0554692	0.0381793	0.0545781	0.0377994	0.0536945	0.0374233	0.0528188	0.0370509	0.0519513	0.0366823	0.0510923	0.0363173	0.050242	0.0359559	0.0494007	0.0355981	0.0485685	0.0352439	0.0477457	0.0348932	0.0469324	0.0345461	0.0461288	0.0342023	0.0453349	0.033862	0.044551	0.0335251	0.043777	0.0331915	0.0430131	0.0328612	0.0422592	0.0325342	0.0415156	0.0322105	0.0407821	0.03189	0.0400588	0.0315727	0.0393457	0.0312586	0.0386429	0.0309475	0.0379502	0.0306396	0.0372677	0.0303347	0.0365954	0.0300329	0.0359332	0.0297341	0.035281	0.0294382	0.0346389	0.0291453	0.0340067	0.0288553	0.0333845	0.0285682	0.032772	0.0282839	0.0321693	0.0280025	0.0315763	0.0277239	0.0309929	0.027448	0.030419	0.0271749	0.0298545	0.0269045	0.0292994	0.0266368	0.0287535	0.0263717	0.0282167	0.0261093	0.027689	0.0258496	0.0271702	0.0255923	0.0266602	0.0253377	0.026159	0.0250856	0.0256664	0.024836	0.0251823	0.0245889	0.0247066	0.0243442	0.0242392	0.024102	0.02378	0.0238621	0.0233289	0.0236247	0.0228858	0.0233896	0.0224505	0.0231569	0.022023	0.0229265	0.0216031	0.0226984	0.0211907	0.0224725	0.0207857	0.0222489	0.0203881	0.0220275	0.0199976	0.0218084	0.0196142	0.0215914	0.0192378	0.0213765	0.0188683	0.0211638	0.0185055	0.0209532	0.0181494	0.0207448	0.0177998	0.0205383	0.0174567	0.020334	0.0171199	0.0201317	0.0167894	0.0199313	0.016465	0.019733	0.0161466	0.0195367	0.0158341	0.0193423	0.0155275	0.0191498	0.0152266	0.0189593	0.0149314	0.0187706	0.0146417	0.0185839	0.0143574	0.0183989	0.0140785	0.0182159	0.0138048	0.0180346	0.0135364	0.0178552	0.013273	0.0176775	0.0130145	0.0175016	0.012761	0.0173275	0.0125123	0.0171551	0.0122684	0.0169844	0.0120291	0.0168154	0.0117943	0.0166481	0.011564	0.0164824	0.0113381	0.0163184	0.0111166	0.016156	0.0108993	0.0159953	0.0106861	0.0158361	0.0104771	0.0156785	0.010272	0.0155225	0.0100709	0.0153681	0.00987371	0.0152152	0.00968029	0.0150638	0.00949058	0.0149139	0.00930454	0.0147655	0.00912209	0.0146186	0.00894317	0.0144731	0.00876771	0.0143291	0.00859564	0.0141865	0.0084269	0.0140454	0.00826143	0.0139056	0.00809917	0.0137673	0.00794006	0.0136303	0.00778404	0.0134946	0.00763105	0.0133604	0.00748103	0.0132274	0.00733393	0.0130958	0.00718969	0.0129655	0.00704826	0.0128365	0.00690959	0.0127088	0.00677362	0.0125823	0.0066403	0.0124571	0.00650958	0.0123332	0.00638141	0.0122105	0.00625574	0.012089	0.00613253	0.0119687	0.00601172	0.0118496	0.00589328	0.0117317	0.00577715	0.011615	0.0056633	0.0114994	0.00555167	0.0100111	0.00480841	0.00853772	0.0040798	0.00707896	0.00336554	0.00563471	0.00266536	0.00420483	0.00197899	0.00278918	0.00130615	0.00138762	0.000646569	0	0	0	0	
0	0.0296357	0	0.0352586	0	0.0404673	0	0.0452848	0	0.0497328	0	0.0538321	0	0.0576023	0	0.061062	0	0.0642288	0	0.0671195	0	0.0697499	0	0.0721352	0	0.0742895	0	0.0762264	0	0.0779588	0	0.0794988	0	0.0808579	0	0.082047	0	0.0830765	0	0.0839561	0	0.0846952	0	0.0853026	0	0.0857865	0	0.0861548	0	0.0864151	0	0.0865743	0	0.0866391	0	0.0866159	0	0.0865106	0	0.0863289	0	0.0860761	0	0.0857572	0	0.0853771	0	0.0849402	0	0.0844509	0	0.0839131	0	0.0833306	0	0.082707	0	0.0820457	0	0.0813498	0	0.0806225	0	0.0798664	0	0.0790844	0	0.0782788	0	0.0774521	0	0.0766065	0	0.0757441	0	0.0748669	0	0.0739766	0	0.0730751	0	0.072164	0	0.0712448	0	0.0703189	0	0.0693877	0	0.0684525	0	0.0675144	0	0.0665745	0	0.0656338	0	0.0646934	0	0.063754	0	0.0628166	0	0.0618819	0	0.0609507	0	0.0600235	0	0.0591011	0	0.0581839	0	0.0572726	0	0.0563675	0	0.0554692	0	0.0545781	0	0.0536945	0	0.0528188	0	0.0519513	0	0.0510923	0	0.050242	0	0.0494007	0	0.0485685	0	0.0477457	0	0.0469324	0	0.0461288	0	0.0453349	0	0.044551	0	0.043777	0	0.0430131	0	0.0422592	0	0.0415156	0	0.0407821	0	0.0400588	0	0.0393457	0	0.0386429	0	0.0379502	0	0.0372677	0	0.0365954	0	0.0359332	0	0.035281	0	0.0346389	0	0.0340067	0	0.0333845	0	0.032772	0	0.0321693	0	0.0315763	0	0.0309929	0	0.030419	0	0.0298545	0	0.0292994	0	0.0287535	0	0.0282167	0	0.027689	0	0.0271702	0	0.0266602	0	0.026159	0	0.0256664	0	0.0251823	0	0.0247066	0	0.0242392	0	0.02378	0	0.0233289	0	0.0228858	0	0.0224505	0	0.022023	0	0.0216031	0	0.0211907	0	0.0207857	0	0.0203881	0	0.0199976	0	0.0196142	0	0.0192378	0	0.0188683	0	0.0185055	0	0.0181494	0	0.0177998	0	0.0174567	0	0.0171199	0	0.0167894	0	0.016465	0	0.0161466	0	0.0158341	0	0.0155275	0	0.0152266	0	0.0149314	0	0.0146417	0	0.0143574	0	0.0140785	0	0.0138048	0	0.0135364	0	0.013273	0	0.0130145	0	0.012761	0	0.0125123	0	0.0122684	0	0.0120291	0	0.0117943	0	0.011564	0	0.0113381	0	0.0111166	0	0.0108993	0	0.0106861	0	0.0104771	0	0.010272	0	0.0100709	0	0.00987371	0	0.00968029	0	0.00949058	0	0.00930454	0	0.00912209	0	0.00894317	0	0.00876771	0	0.00859564	0	0.0084269	0	0.00826143	0	0.00809917	0	0.00794006	0	0.00778404	0	0.00763105	0	0.00748103	0	0.00733393	0	0.00718969	0	0.00704826	0	0.00690959	0	0.00677362	0	0.0066403	0	0.00650958	0	0.00638141	0	0.00625574	0	0.00613253	0	0.00601172	0	0.00589328	0	0.00577715	0	0.0056633	0	0.00555167	0	0.00480841	0	0.0040798	0	0.00336554	0	0.00266536	0	0.00197899	0	0.00130615	0	0.000646569	0	0	0	0	
0.0852124	0.0362243	0.0843645	0.0423325	0.0835251	0.0479869	0.082694	0.0532126	0.0818712	0.0580337	0.0810566	0.0624728	0.08025	0.0665515	0.0794515	0.0702901	0.078661	0.0737081	0.0778783	0.0768238	0.0771034	0.0796548	0.0763362	0.0822174	0.0755766	0.0845273	0.0748246	0.0865995	0.0740801	0.0884479	0.073343	0.090086	0.0726132	0.0915263	0.0718907	0.0927808	0.0711754	0.093861	0.0704672	0.0947774	0.069766	0.0955404	0.0690718	0.0961595	0.0683846	0.0966439	0.0677041	0.0970023	0.0670305	0.0972427	0.0663635	0.097373	0.0657032	0.0974004	0.0650494	0.0973319	0.0644022	0.097174	0.0637613	0.096933	0.0631269	0.0966147	0.0624988	0.0962245	0.0618769	0.0957679	0.0612612	0.0952496	0.0606517	0.0946743	0.0600482	0.0940466	0.0594507	0.0933704	0.0588591	0.0926498	0.0582735	0.0918884	0.0576937	0.0910898	0.0571196	0.0902572	0.0565512	0.0893937	0.0559885	0.0885023	0.0554315	0.0875856	0.0548799	0.0866464	0.0543338	0.085687	0.0537932	0.0847097	0.053258	0.0837166	0.052728	0.0827098	0.0522034	0.0816913	0.0516839	0.0806627	0.0511697	0.0796257	0.0506605	0.078582	0.0501565	0.0775329	0.0496574	0.0764799	0.0491633	0.0754242	0.0486741	0.074367	0.0481898	0.0733095	0.0477103	0.0722527	0.0472356	0.0711976	0.0467656	0.070145	0.0463002	0.0690959	0.0458395	0.0680509	0.0453834	0.0670109	0.0449319	0.0659765	0.0444848	0.0649483	0.0440422	0.0639269	0.0436039	0.0629128	0.0431701	0.0619065	0.0427405	0.0609085	0.0423152	0.0599191	0.0418942	0.0589387	0.0414773	0.0579677	0.0410646	0.0570064	0.040656	0.056055	0.0402515	0.0551137	0.039851	0.0541829	0.0394545	0.0532627	0.0390619	0.0523533	0.0386732	0.0514548	0.0382884	0.0505674	0.0379074	0.0496911	0.0375302	0.048826	0.0371568	0.0479723	0.0367871	0.04713	0.0364211	0.0462991	0.0360587	0.0454797	0.0356999	0.0446718	0.0353447	0.0438753	0.034993	0.0430903	0.0346448	0.0423168	0.0343001	0.0415547	0.0339588	0.040804	0.0336209	0.0400646	0.0332863	0.0393365	0.0329551	0.0386197	0.0326272	0.037914	0.0323026	0.0372194	0.0319812	0.0365359	0.0316629	0.0358632	0.0313479	0.0352015	0.031036	0.0345504	0.0307272	0.03391	0.0304214	0.0332802	0.0301187	0.0326608	0.029819	0.0320517	0.0295223	0.0314528	0.0292286	0.0308641	0.0289378	0.0302854	0.0286498	0.0297165	0.0283647	0.0291574	0.0280825	0.0286079	0.0278031	0.028068	0.0275264	0.0275374	0.0272526	0.0270162	0.0269814	0.0265041	0.0267129	0.026001	0.0264471	0.0255068	0.026184	0.0250214	0.0259234	0.0245446	0.0256655	0.0240764	0.0254101	0.0236166	0.0251573	0.023165	0.024907	0.0227216	0.0246591	0.0222863	0.0244138	0.0218588	0.0241708	0.0214392	0.0239303	0.0210272	0.0236922	0.0206227	0.0234565	0.0202257	0.0232231	0.019836	0.022992	0.0194535	0.0227632	0.019078	0.0225367	0.0187096	0.0223125	0.0183479	0.0220905	0.017993	0.0218707	0.0176447	0.0216531	0.0173029	0.0214376	0.0169675	0.0212243	0.0166384	0.0210131	0.0163155	0.020804	0.0159987	0.020597	0.0156878	0.0203921	0.0153828	0.0201892	0.0150835	0.0199883	0.01479	0.0197894	0.014502	0.0195925	0.0142194	0.0193976	0.0139422	0.0192045	0.0136703	0.0190135	0.0134036	0.0188243	0.013142	0.018637	0.0128853	0.0184515	0.0126336	0.0182679	0.0123867	0.0180862	0.0121445	0.0179062	0.011907	0.017728	0.011674	0.0175516	0.0114455	0.017377	0.0112214	0.0172041	0.0110016	0.0170329	0.010786	0.0168634	0.0105746	0.0166956	0.0103673	0.0165295	0.010164	0.016365	0.00996462	0.0162022	0.00976909	0.016041	0.00957734	0.0158814	0.00938931	0.0157234	0.00920492	0.0155669	0.00902412	0.015412	0.00884681	0.0152587	0.00867296	0.0151068	0.00850248	0.0149565	0.00833531	0.0148077	0.0081714	0.0146604	0.00801068	0.0145145	0.00785308	0.0143701	0.00769856	0.0142271	0.00754705	0.0140855	0.00739849	0.0139454	0.00725284	0.0138066	0.00711002	0.0136692	0.00697	0.0135332	0.00683271	0.0133986	0.0066981	0.0132652	0.00656612	0.0131332	0.00643673	0.0130026	0.00630987	0.0114994	0.00555167	0.0100111	0.00480841	0.00853772	0.0040798	0.00707896	0.00336554	0.00563471	0.00266536	0.00420483	0.00197899	0.00278918	0.00130615	0.00138762	0.000646569	0	0	0	0	
0	0.0362243	0	0.0423325	0	0.0479869	0	0.0532126	0	0.0580337	0	0.0624728	0	0.0665515	0	0.0702901	0	0.0737081	0	0.0768238	0	0.0796548	0	0.0822174	0	0.0845273	0	0.0865995	0	0.0884479	0	0.090086	0	0.0915263	0	0.0927808	0	0.093861	0	0.0947774	0	0.0955404	0	0.0961595	0	0.0966439	0	0.0970023	0	0.0972427	0	0.097373	0	0.0974004	0	0.0973319	0	0.097174	0	0.096933	0	0.0966147	0	0.0962245	0	0.0957679	0	0.0952496	0	0.0946743	0	0.0940466	0	0.0933704	0	0.0926498	0	0.0918884	0	0.0910898	0	0.0902572	0	0.0893937	0	0.0885023	0	0.0875856	0	0.0866464	0	0.085687	0	0.0847097	0	0.0837166	0	0.0827098	0	0.0816913	0	0.0806627	0	0.0796257	0	0.078582	0	0.0775329	0	0.0764799	0	0.0754242	0	0.074367	0	0.0733095	0	0.0722527	0	0.0711976	0	0.070145	0	0.0690959	0	0.0680509	0	0.0670109	0	0.0659765	0	0.0649483	0	0.0639269	0	0.0629128	0	0.0619065	0	0.0609085	0	0.0599191	0	0.0589387	0	0.0579677	0	0.0570064	0	0.056055	0	0.0551137	0	0.0541829	0	0.0532627	0	0.0523533	0	0.0514548	0	0.0505674	0	0.0496911	0	0.048826	0	0.0479723	0	0.04713	0	0.0462991	0	0.0454797	0	0.0446718	0	0.0438753	0	0.0430903	0	0.0423168	0	0.0415547	0	0.040804	0	0.0400646	0	0.0393365	0	0.0386197	0	0.037914	0	0.0372194	0	0.0365359	0	0.0358632	0	0.0352015	0	0.0345504	0	0.03391	0	0.0332802	0	0.0326608	0	0.0320517	0	0.0314528	0	0.0308641	0	0.0302854	0	0.0297165	0	0.0291574	0	0.0286079	0	0.028068	0	0.0275374	0	0.0270162	0	0.0265041	0	0.026001	0	0.0255068	0	0.0250214	0	0.0245446	0	0.0240764	0	0.0236166	0	0.023165	0	0.0227216	0	0.0222863	0	0.0218588	0	0.0214392	0	0.0210272	0	0.0206227	0	0.0202257	0	0.019836	0	0.0194535	0	0.019078	0	0.0187096	0	0.0183479	0	0.017993	0	0.0176447	0	0.0173029	0	0.0169675	0	0.0166384	0	0.0163155	0	0.0159987	0	0.0156878	0	0.0153828	0	0.0150835	0	0.01479	0	0.014502	0	0.0142194	0	0.0139422	0	0.0136703	0	0.0134036	0	0.013142	0	0.0128853	0	0.0126336	0	0.0123867	0	0.0121445	0	0.011907	0	0.011674	0	0.0114455	0	0.0112214	0	0.0110016	0	0.010786	0	0.0105746	0	0.0103673	0	0.010164	0	0.00996462	0	0.00976909	0	0.00957734	0	0.00938931	0	0.00920492	0	0.00902412	0	0.00884681	0	0.00867296	0	0.00850248	0	0.00833531	0	0.0081714	0	0.00801068	0	0.00785308	0	0.00769856	0	0.00754705	0	0.00739849	0	0.00725284	0	0.00711002	0	0.00697	0	0.00683271	0	0.0066981	0	0.00656612	0	0.00643673	0	0.00630987	0	0.00555167	0	0.00480841	0	0.0040798	0	0.00336554	0	0.00266536	0	0.00197899	0	0.00130615	0	0.000646569	0	0	0	0	
0.0942157	0.0432982	0.0932782	0.0498521	0.0923501	0.0559147	0.0914312	0.0615135	0.0905214	0.0666744	0.0896207	0.0714219	0.088729	0.0757796	0.0878461	0.0797694	0.0869721	0.0834125	0.0861067	0.0867287	0.0852499	0.089737	0.0844016	0.0924552	0.0835618	0.0949004	0.0827304	0.0970886	0.0819072	0.0990351	0.0810922	0.100754	0.0802853	0.10226	0.0794865	0.103565	0.0786956	0.104682	0.0779125	0.105623	0.0771373	0.106397	0.0763698	0.107017	0.0756099	0.107491	0.0748575	0.10783	0.0741127	0.108041	0.0733753	0.108134	0.0726452	0.108116	0.0719223	0.107995	0.0712067	0.107778	0.0704982	0.107472	0.0697967	0.107082	0.0691022	0.106615	0.0684146	0.106077	0.0677339	0.105473	0.0670599	0.104808	0.0663927	0.104086	0.0657321	0.103313	0.065078	0.102493	0.0644305	0.101628	0.0637894	0.100725	0.0631547	0.0997845	0.0625263	0.0988116	0.0619041	0.0978091	0.0612882	0.0967799	0.0606783	0.0957268	0.0600746	0.0946525	0.0594768	0.0935594	0.058885	0.0924498	0.0582991	0.091326	0.057719	0.09019	0.0571447	0.0890436	0.0565761	0.0878888	0.0560132	0.0867271	0.0554558	0.0855603	0.054904	0.0843897	0.0543577	0.0832167	0.0538169	0.0820427	0.0532814	0.0808689	0.0527512	0.0796962	0.0522263	0.0785259	0.0517067	0.0773589	0.0511922	0.0761961	0.0506828	0.0750383	0.0501785	0.0738863	0.0496792	0.0727409	0.0491849	0.0716026	0.0486955	0.0704721	0.048211	0.06935	0.0477313	0.0682368	0.0472563	0.067133	0.0467861	0.0660389	0.0463206	0.0649551	0.0458597	0.0638818	0.0454034	0.0628193	0.0449516	0.061768	0.0445043	0.0607282	0.0440615	0.0597	0.0436231	0.0586836	0.043189	0.0576793	0.0427593	0.0566872	0.0423338	0.0557074	0.0419126	0.0547401	0.0414956	0.0537853	0.0410827	0.0528431	0.0406739	0.0519136	0.0402692	0.0509968	0.0398685	0.0500927	0.0394718	0.0492013	0.0390791	0.0483227	0.0386902	0.0474569	0.0383052	0.0466037	0.0379241	0.0457632	0.0375467	0.0449354	0.0371732	0.0441201	0.0368033	0.0433173	0.0364371	0.042527	0.0360745	0.041749	0.0357156	0.0409833	0.0353602	0.0402298	0.0350084	0.0394884	0.03466	0.038759	0.0343151	0.0380414	0.0339737	0.0373357	0.0336357	0.0366415	0.033301	0.035959	0.0329696	0.0352878	0.0326416	0.034628	0.0323168	0.0339793	0.0319952	0.0333416	0.0316769	0.0327149	0.0313617	0.0320989	0.0310496	0.0314936	0.0307407	0.0308988	0.0304348	0.0303144	0.030132	0.0297402	0.0298322	0.0291761	0.0295353	0.028622	0.0292414	0.0280776	0.0289505	0.027543	0.0286624	0.0270179	0.0283772	0.0265023	0.0280949	0.0259958	0.0278153	0.0254986	0.0275385	0.0250103	0.0272645	0.0245309	0.0269932	0.0240602	0.0267247	0.023598	0.0264587	0.0231444	0.0261955	0.022699	0.0259348	0.0222619	0.0256768	0.0218328	0.0254213	0.0214116	0.0251683	0.0209982	0.0249179	0.0205925	0.02467	0.0201943	0.0244245	0.0198036	0.0241815	0.0194201	0.0239409	0.0190438	0.0237026	0.0186746	0.0234668	0.0183123	0.0232333	0.0179568	0.0230021	0.017608	0.0227733	0.0172657	0.0225467	0.01693	0.0223223	0.0166005	0.0221002	0.0162774	0.0218803	0.0159603	0.0216626	0.0156493	0.021447	0.0153442	0.0212336	0.0150449	0.0210224	0.0147513	0.0208132	0.0144633	0.0206061	0.0141808	0.0204011	0.0139037	0.0201981	0.0136319	0.0199971	0.0133653	0.0197981	0.0131039	0.0196011	0.0128474	0.0194061	0.0125959	0.019213	0.0123493	0.0190218	0.0121073	0.0188326	0.0118701	0.0186452	0.0116374	0.0184596	0.0114092	0.018276	0.0111854	0.0180941	0.010966	0.0179141	0.0107508	0.0177358	0.0105398	0.0175594	0.0103328	0.0173846	0.0101299	0.0172117	0.00993087	0.0170404	0.00973573	0.0168708	0.00954439	0.016703	0.00935676	0.0165368	0.00917278	0.0163722	0.00899238	0.0162093	0.00881549	0.016048	0.00864205	0.0158884	0.00847199	0.0157303	0.00830525	0.0155738	0.00814175	0.0154188	0.00798145	0.0152654	0.00782428	0.0151135	0.00767017	0.0149631	0.00751908	0.0148142	0.00737094	0.0146668	0.0072257	0.0145209	0.0070833	0.0130026	0.00630987	0.0114994	0.00555167	0.0100111	0.00480841	0.00853772	0.0040798	0.00707896	0.00336554	0.00563471	0.00266536	0.00420483	0.00197899	0.00278918	0.00130615	0.00138762	0.000646569	0	0	0	0	
0	0.0432982	0	0.0498521	0	0.0559147	0	0.0615135	0	0.0666744	0	0.0714219	0	0.0757796	0	0.0797694	0	0.0834125	0	0.0867287	0	0.089737	0	0.0924552	0	0.0949004	0	0.0970886	0	0.0990351	0	0.100754	0	0.10226	0	0.103565	0	0.104682	0	0.105623	0	0.106397	0	0.107017	0	0.107491	0	0.10783	0	0.108041	0	0.108134	0	0.108116	0	0.107995	0	0.107778	0	0.107472	0	0.107082	0	0.106615	0	0.106077	0	0.105473	0	0.104808	0	0.104086	0	0.103313	0	0.102493	0	0.101628	0	0.100725	0	0.0997845	0	0.0988116	0	0.0978091	0	0.0967799	0	0.0957268	0	0.0946525	0	0.0935594	0	0.0924498	0	0.091326	0	0.09019	0	0.0890436	0	0.0878888	0	0.0867271	0	0.0855603	0	0.0843897	0	0.0832167	0	0.0820427	0	0.0808689	0	0.0796962	0	0.0785259	0	0.0773589	0	0.0761961	0	0.0750383	0	0.0738863	0	0.0727409	0	0.0716026	0	0.0704721	0	0.06935	0	0.0682368	0	0.067133	0	0.0660389	0	0.0649551	0	0.0638818	0	0.0628193	0	0.061768	0	0.0607282	0	0.0597	0	0.0586836	0	0.0576793	0	0.0566872	0	0.0557074	0	0.0547401	0	0.0537853	0	0.0528431	0	0.0519136	0	0.0509968	0	0.0500927	0	0.0492013	0	0.0483227	0	0.0474569	0	0.0466037	0	0.0457632	0	0.0449354	0	0.0441201	0	0.0433173	0	0.042527	0	0.041749	0	0.0409833	0	0.0402298	0	0.0394884	0	0.038759	0	0.0380414	0	0.0373357	0	0.0366415	0	0.035959	0	0.0352878	0	0.034628	0	0.0339793	0	0.0333416	0	0.0327149	0	0.0320989	0	0.0314936	0	0.0308988	0	0.0303144	0	0.0297402	0	0.0291761	0	0.028622	0	0.0280776	0	0.027543	0	0.0270179	0	0.0265023	0	0.0259958	0	0.0254986	0	0.0250103	0	0.0245309	0	0.0240602	0	0.023598	0	0.0231444	0	0.022699	0	0.0222619	0	0.0218328	0	0.0214116	0	0.0209982	0	0.0205925	0	0.0201943	0	0.0198036	0	0.0194201	0	0.0190438	0	0.0186746	0	0.0183123	0	0.0179568	0	0.017608	0	0.0172657	0	0.01693	0	0.0166005	0	0.0162774	0	0.0159603	0	0.0156493	0	0.0153442	0	0.0150449	0	0.0147513	0	0.0144633	0	0.0141808	0	0.0139037	0	0.0136319	0	0.0133653	0	0.0131039	0	0.0128474	0	0.0125959	0	0.0123493	0	0.0121073	0	0.0118701	0	0.0116374	0	0.0114092	0	0.0111854	0	0.010966	0	0.0107508	0	0.0105398	0	0.0103328	0	0.0101299	0	0.00993087	0	0.00973573	0	0.00954439	0	0.00935676	0	0.00917278	0	0.00899238	0	0.00881549	0	0.00864205	0	0.00847199	0	0.00830525	0	0.00814175	0	0.00798145	0	0.00782428	0	0.00767017	0	0.00751908	0	0.00737094	0	0.0072257	0	0.0070833	0	0.00630987	0	0.00555167	0	0.00480841	0	0.0040798	0	0.00336554	0	0.00266536	0	0.00197899	0	0.00130615	0	0.000646569	0	0	0	0	
0.103129	0.0508178	0.102103	0.05778	0.101087	0.0642156	0.100081	0.0701542	0.0990856	0.0756235	0.0980997	0.08065	0.0971236	0.0852589	0.0961572	0.0894738	0.0952004	0.0933173	0.0942532	0.0968109	0.0933153	0.0999748	0.0923868	0.102828	0.0914676	0.105389	0.0905575	0.107676	0.0896564	0.109704	0.0887643	0.111488	0.0878811	0.113045	0.0870066	0.114387	0.0861409	0.115527	0.0852838	0.11648	0.0844352	0.117255	0.0835951	0.117864	0.0827633	0.118319	0.0819398	0.118629	0.0811245	0.118803	0.0803173	0.11885	0.0795181	0.11878	0.0787269	0.118599	0.0779435	0.118317	0.077168	0.117939	0.0764001	0.117473	0.0756399	0.116925	0.0748873	0.116301	0.0741422	0.115607	0.0734044	0.114848	0.0726741	0.114029	0.0719509	0.113156	0.071235	0.112233	0.0705262	0.111263	0.0698245	0.110252	0.0691297	0.109202	0.0684419	0.108118	0.0677608	0.107003	0.0670866	0.10586	0.0664191	0.104692	0.0657582	0.103502	0.0651039	0.102293	0.0644561	0.101066	0.0638148	0.0998247	0.0631798	0.0985709	0.0625511	0.0973067	0.0619287	0.096034	0.0613125	0.0947545	0.0607025	0.0934701	0.0600985	0.0921823	0.0595005	0.0908925	0.0589084	0.0896021	0.0583223	0.0883124	0.057742	0.0870246	0.0571674	0.0857399	0.0565986	0.0844592	0.0560354	0.0831835	0.0554779	0.0819137	0.0549259	0.0806507	0.0543793	0.0793952	0.0538383	0.0781478	0.0533026	0.0769094	0.0527722	0.0756804	0.0522471	0.0744614	0.0517272	0.0732529	0.0512125	0.0720553	0.050703	0.0708692	0.0501985	0.0696947	0.049699	0.0685324	0.0492045	0.0673825	0.0487149	0.0662452	0.0482302	0.0651209	0.0477503	0.0640097	0.0472751	0.0629118	0.0468047	0.0618273	0.046339	0.0607565	0.0458779	0.0596994	0.0454215	0.0586561	0.0449695	0.0576267	0.044522	0.0566112	0.044079	0.0556097	0.0436405	0.0546222	0.0432062	0.0536488	0.0427763	0.0526893	0.0423507	0.0517438	0.0419293	0.0508123	0.0415121	0.0498946	0.041099	0.0489909	0.0406901	0.0481009	0.0402852	0.0472246	0.0398844	0.046362	0.0394875	0.0455129	0.0390946	0.0446772	0.0387056	0.043855	0.0383205	0.0430459	0.0379392	0.04225	0.0375617	0.0414671	0.0371879	0.040697	0.0368179	0.0399398	0.0364516	0.0391951	0.0360889	0.038463	0.0357298	0.0377432	0.0353743	0.0370356	0.0350223	0.03634	0.0346738	0.0356565	0.0343288	0.0349846	0.0339872	0.0343245	0.033649	0.0336758	0.0333142	0.0330384	0.0329827	0.0324122	0.0326546	0.0317971	0.0323296	0.0311928	0.032008	0.0305993	0.0316895	0.0300163	0.0313742	0.0294438	0.031062	0.0288815	0.0307529	0.0283294	0.0304469	0.0277872	0.030144	0.0272549	0.029844	0.0267322	0.0295471	0.026219	0.0292531	0.0257152	0.028962	0.0252207	0.0286738	0.0247352	0.0283885	0.0242586	0.028106	0.0237909	0.0278264	0.0233318	0.0275495	0.0228812	0.0272754	0.0224389	0.027004	0.0220049	0.0267353	0.021579	0.0264693	0.021161	0.0262059	0.0207509	0.0259451	0.0203484	0.025687	0.0199536	0.0254314	0.0195661	0.0251783	0.0191859	0.0249278	0.0188129	0.0246798	0.018447	0.0244342	0.018088	0.0241911	0.0177357	0.0239504	0.0173902	0.0237121	0.0170512	0.0234761	0.0167187	0.0232425	0.0163925	0.0230113	0.0160726	0.0227823	0.0157587	0.0225556	0.0154509	0.0223312	0.0151489	0.022109	0.0148527	0.021889	0.0145622	0.0216712	0.0142773	0.0214556	0.0139979	0.0212421	0.0137238	0.0210307	0.013455	0.0208215	0.0131914	0.0206143	0.0129329	0.0204092	0.0126793	0.0202061	0.0124307	0.020005	0.0121868	0.019806	0.0119477	0.0196089	0.0117132	0.0194138	0.0114832	0.0192206	0.0112577	0.0190294	0.0110366	0.01884	0.0108198	0.0186526	0.0106072	0.018467	0.0103987	0.0182832	0.0101942	0.0181013	0.00999376	0.0179212	0.0097972	0.0177429	0.00960447	0.0175663	0.00941549	0.0173916	0.00923019	0.0172185	0.00904851	0.0170472	0.00887037	0.0168776	0.00869571	0.0167096	0.00852445	0.0165434	0.00835655	0.0163787	0.00819192	0.0162158	0.00803052	0.0160544	0.00787227	0.0145209	0.0070833	0.0130026	0.00630987	0.0114994	0.00555167	0.0100111	0.00480841	0.00853772	0.0040798	0.00707896	0.00336554	0.00563471	0.00266536	0.00420483	0.00197899	0.00278918	0.00130615	0.00138762	0.000646569	0	0	0	0	
0	0.0508178	0	0.05778	0	0.0642156	0	0.0701542	0	0.0756235	0	0.08065	0	0.0852589	0	0.0894738	0	0.0933173	0	0.0968109	0	0.0999748	0	0.102828	0	0.105389	0	0.107676	0	0.109704	0	0.111488	0	0.113045	0	0.114387	0	0.115527	0	0.11648	0	0.117255	0	0.117864	0	0.118319	0	0.118629	0	0.118803	0	0.11885	0	0.11878	0	0.118599	0	0.118317	0	0.117939	0	0.117473	0	0.116925	0	0.116301	0	0.115607	0	0.114848	0	0.114029	0	0.113156	0	0.112233	0	0.111263	0	0.110252	0	0.109202	0	0.108118	0	0.107003	0	0.10586	0	0.104692	0	0.103502	0	0.102293	0	0.101066	0	0.0998247	0	0.0985709	0	0.0973067	0	0.096034	0	0.0947545	0	0.0934701	0	0.0921823	0	0.0908925	0	0.0896021	0	0.0883124	0	0.0870246	0	0.0857399	0	0.0844592	0	0.0831835	0	0.0819137	0	0.0806507	0	0.0793952	0	0.0781478	0	0.0769094	0	0.0756804	0	0.0744614	0	0.0732529	0	0.0720553	0	0.0708692	0	0.0696947	0	0.0685324	0	0.0673825	0	0.0662452	0	0.0651209	0	0.0640097	0	0.0629118	0	0.0618273	0	0.0607565	0	0.0596994	0	0.0586561	0	0.0576267	0	0.0566112	0	0.0556097	0	0.0546222	0	0.0536488	0	0.0526893	0	0.0517438	0	0.0508123	0	0.0498946	0	0.0489909	0	0.0481009	0	0.0472246	0	0.046362	0	0.0455129	0	0.0446772	0	0.043855	0	0.0430459	0	0.04225	0	0.0414671	0	0.040697	0	0.0399398	0	0.0391951	0	0.038463	0	0.0377432	0	0.0370356	0	0.03634	0	0.0356565	0	0.0349846	0	0.0343245	0	0.0336758	0	0.0330384	0	0.0324122	0	0.0317971	0	0.0311928	0	0.0305993	0	0.0300163	0	0.0294438	0	0.0288815	0	0.0283294	0	0.0277872	0	0.0272549	0	0.0267322	0	0.026219	0	0.0257152	0	0.0252207	0	0.0247352	0	0.0242586	0	0.0237909	0	0.0233318	0	0.0228812	0	0.0224389	0	0.0220049	0	0.021579	0	0.021161	0	0.0207509	0	0.0203484	0	0.0199536	0	0.0195661	0	0.0191859	0	0.0188129	0	0.018447	0	0.018088	0	0.0177357	0	0.0173902	0	0.0170512	0	0.0167187	0	0.0163925	0	0.0160726	0	0.0157587	0	0.0154509	0	0.0151489	0	0.0148527	0	0.0145622	0	0.0142773	0	0.0139979	0	0.0137238	0	0.013455	0	0.0131914	0	0.0129329	0	0.0126793	0	0.0124307	0	0.0121868	0	0.0119477	0	0.0117132	0	0.0114832	0	0.0112577	0	0.0110366	0	0.0108198	0	0.0106072	0	0.0103987	0	0.0101942	0	0.00999376	0	0.0097972	0	0.00960447	0	0.00941549	0	0.00923019	0	0.00904851	0	0.00887037	0	0.00869571	0	0.00852445	0	0.00835655	0	0.00819192	0	0.00803052	0	0.00787227	0	0.0070833	0	0.00630987	0	0.00555167	0	0.00480841	0	0.0040798	0	0.00336554	0	0.00266536	0	0.00197899	0	0.00130615	0	0.000646569	0	0	0	0	
0.111954	0.0587457	0.11084	0.0660808	0.109738	0.0728563	0.108646	0.0791033	0.107565	0.0848516	0.106494	0.0901293	0.105435	0.0949632	0.104386	0.0993786	0.103347	0.103399	0.102319	0.107049	0.101301	0.110348	0.100293	0.113317	0.0992946	0.115977	0.0983066	0.118344	0.0973285	0.120437	0.09636	0.122273	0.0954012	0.123866	0.094452	0.125232	0.0935122	0.126384	0.0925817	0.127337	0.0916605	0.128102	0.0907485	0.128692	0.0898455	0.129118	0.0889515	0.12939	0.0880665	0.129519	0.0871902	0.129514	0.0863226	0.129384	0.0854637	0.129138	0.0846133	0.128784	0.0837714	0.12833	0.0829379	0.127782	0.0821126	0.127148	0.0812956	0.126434	0.0804867	0.125646	0.0796858	0.124791	0.0788929	0.123872	0.0781079	0.122896	0.0773307	0.121867	0.0765613	0.12079	0.0757995	0.11967	0.0750453	0.118509	0.0742986	0.117313	0.0735593	0.116084	0.0728274	0.114826	0.0721027	0.113542	0.0713853	0.112235	0.070675	0.110909	0.0699718	0.109565	0.0692755	0.108206	0.0685862	0.106834	0.0679038	0.105452	0.0672281	0.104061	0.0665592	0.102664	0.0658969	0.101263	0.0652412	0.099858	0.0645921	0.0984518	0.0639494	0.0970456	0.0633131	0.0956408	0.0626831	0.0942385	0.0620594	0.0928401	0.0614419	0.0914465	0.0608305	0.0900589	0.0602252	0.0886781	0.059626	0.087305	0.0590327	0.0859404	0.0584453	0.0845851	0.0578638	0.0832397	0.057288	0.0819049	0.056718	0.0805812	0.0561536	0.0792692	0.0555949	0.0779694	0.0550417	0.0766821	0.0544941	0.0754078	0.0539518	0.0741469	0.053415	0.0728995	0.0528835	0.0716661	0.0523573	0.0704469	0.0518364	0.0692421	0.0513206	0.0680519	0.0508099	0.0668764	0.0503044	0.0657158	0.0498038	0.0645701	0.0493083	0.0634396	0.0488176	0.0623243	0.0483319	0.0612242	0.047851	0.0601393	0.0473749	0.0590697	0.0469035	0.0580153	0.0464368	0.0569762	0.0459747	0.0559524	0.0455173	0.0549437	0.0450644	0.0539501	0.044616	0.0529716	0.044172	0.0520082	0.0437325	0.0510596	0.0432974	0.0501258	0.0428665	0.0492068	0.04244	0.0483024	0.0420177	0.0474125	0.0415996	0.0465369	0.0411857	0.0456756	0.0407759	0.0448284	0.0403702	0.0439952	0.0399685	0.0431759	0.0395708	0.0423702	0.0391771	0.0415781	0.0387873	0.0407994	0.0384013	0.040034	0.0380192	0.0392816	0.0376409	0.0385422	0.0372664	0.0378155	0.0368956	0.0371014	0.0365285	0.0363998	0.036165	0.0357105	0.0358051	0.0350332	0.0354489	0.034368	0.0350962	0.0337145	0.0347469	0.0330726	0.0344012	0.0324422	0.0340589	0.0318231	0.03372	0.0312151	0.0333845	0.0306181	0.0330523	0.0300318	0.0327234	0.0294562	0.0323978	0.0288911	0.0320755	0.0283362	0.0317563	0.0277916	0.0314403	0.0272568	0.0311275	0.026732	0.0308178	0.0262168	0.0305111	0.0257111	0.0302075	0.0252147	0.029907	0.0247276	0.0296094	0.0242495	0.0293148	0.0237803	0.0290231	0.0233199	0.0287343	0.0228681	0.0284484	0.0224248	0.0281653	0.0219897	0.0278851	0.0215629	0.0276076	0.021144	0.0273329	0.0207331	0.0270609	0.0203299	0.0267917	0.0199344	0.0265251	0.0195463	0.0262612	0.0191656	0.0259999	0.0187922	0.0257412	0.0184258	0.025485	0.0180664	0.0252315	0.0177139	0.0249804	0.017368	0.0247318	0.0170288	0.0244858	0.0166961	0.0242421	0.0163698	0.0240009	0.0160497	0.0237621	0.0157357	0.0235257	0.0154278	0.0232916	0.0151258	0.0230598	0.0148296	0.0228304	0.0145391	0.0226032	0.0142542	0.0223783	0.0139748	0.0221556	0.0137008	0.0219352	0.0134321	0.0217169	0.0131685	0.0215008	0.0129101	0.0212869	0.0126567	0.0210751	0.0124082	0.0208654	0.0121645	0.0206578	0.0119255	0.0204522	0.0116912	0.0202487	0.0114614	0.0200472	0.0112361	0.0198478	0.0110152	0.0196503	0.0107986	0.0194548	0.0105862	0.0192612	0.0103779	0.0190695	0.0101737	0.0188798	0.00997345	0.0186919	0.00977712	0.0185059	0.00958462	0.0183218	0.00939588	0.0181395	0.00921083	0.017959	0.00902939	0.0177803	0.0088515	0.0176034	0.00867709	0.0160544	0.00787227	0.0145209	0.0070833	0.0130026	0.00630987	0.0114994	0.00555167	0.0100111	0.00480841	0.00853772	0.0040798	0.00707896	0.00336554	0.00563471	0.00266536	0.00420483	0.00197899	0.00278918	0.00130615	0.00138762	0.000646569	0	0	0	0	
0	0.0587457	0	0.0660808	0	0.0728563	0	0.0791033	0	0.0848516	0	0.0901293	0	0.0949632	0	0.0993786	0	0.103399	0	0.107049	0	0.110348	0	0.113317	0	0.115977	0	0.118344	0	0.120437	0	0.122273	0	0.123866	0	0.125232	0	0.126384	0	0.127337	0	0.128102	0	0.128692	0	0.129118	0	0.12939	0	0.129519	0	0.129514	0	0.129384	0	0.129138	0	0.128784	0	0.12833	0	0.127782	0	0.127148	0	0.126434	0	0.125646	0	0.124791	0	0.123872	0	0.122896	0	0.121867	0	0.12079	0	0.11967	0	0.118509	0	0.117313	0	0.116084	0	0.114826	0	0.113542	0	0.112235	0	0.110909	0	0.109565	0	0.108206	0	0.106834	0	0.105452	0	0.104061	0	0.102664	0	0.101263	0	0.099858	0	0.0984518	0	0.0970456	0	0.0956408	0	0.0942385	0	0.0928401	0	0.0914465	0	0.0900589	0	0.0886781	0	0.087305	0	0.0859404	0	0.0845851	0	0.0832397	0	0.0819049	0	0.0805812	0	0.0792692	0	0.0779694	0	0.0766821	0	0.0754078	0	0.0741469	0	0.0728995	0	0.0716661	0	0.0704469	0	0.0692421	0	0.0680519	0	0.0668764	0	0.0657158	0	0.0645701	0	0.0634396	0	0.0623243	0	0.0612242	0	0.0601393	0	0.0590697	0	0.0580153	0	0.0569762	0	0.0559524	0	0.0549437	0	0.0539501	0	0.0529716	0	0.0520082	0	0.0510596	0	0.0501258	0	0.0492068	0	0.0483024	0	0.0474125	0	0.0465369	0	0.0456756	0	0.0448284	0	0.0439952	0	0.0431759	0	0.0423702	0	0.0415781	0	0.0407994	0	0.040034	0	0.0392816	0	0.0385422	0	0.0378155	0	0.0371014	0	0.0363998	0	0.0357105	0	0.0350332	0	0.034368	0	0.0337145	0	0.0330726	0	0.0324422	0	0.0318231	0	0.0312151	0	0.0306181	0	0.0300318	0	0.0294562	0	0.0288911	0	0.0283362	0	0.0277916	0	0.0272568	0	0.026732	0	0.0262168	0	0.0257111	0	0.0252147	0	0.0247276	0	0.0242495	0	0.0237803	0	0.0233199	0	0.0228681	0	0.0224248	0	0.0219897	0	0.0215629	0	0.021144	0	0.0207331	0	0.0203299	0	0.0199344	0	0.0195463	0	0.0191656	0	0.0187922	0	0.0184258	0	0.0180664	0	0.0177139	0	0.017368	0	0.0170288	0	0.0166961	0	0.0163698	0	0.0160497	0	0.0157357	0	0.0154278	0	0.0151258	0	0.0148296	0	0.0145391	0	0.0142542	0	0.0139748	0	0.0137008	0	0.0134321	0	0.0131685	0	0.0129101	0	0.0126567	0	0.0124082	0	0.0121645	0	0.0119255	0	0.0116912	0	0.0114614	0	0.0112361	0	0.0110152	0	0.0107986	0	0.0105862	0	0.0103779	0	0.0101737	0	0.00997345	0	0.00977712	0	0.00958462	0	0.00939588	0	0.00921083	0	0.00902939	0	0.0088515	0	0.00867709	0	0.00787227	0	0.0070833	0	0.00630987	0	0.00555167	0	0.00480841	0	0.0040798	0	0.00336554	0	0.00266536	0	0.00197899	0	0.00130615	0	0.000646569	0	0	0	0	
0.120692	0.0670466	0.119491	0.0747215	0.118302	0.0818054	0.117125	0.0883314	0.115959	0.0943309	0.114805	0.0998337	0.113663	0.104868	0.112532	0.109461	0.111412	0.113637	0.110304	0.117422	0.109206	0.120837	0.10812	0.123905	0.107044	0.126645	0.105979	0.129078	0.104924	0.131222	0.10388	0.133094	0.102847	0.134711	0.101823	0.136089	0.10081	0.137242	0.099807	0.138184	0.0988139	0.13893	0.0978307	0.139491	0.0968573	0.139879	0.0958935	0.140106	0.0949394	0.140182	0.0939947	0.140118	0.0930594	0.139923	0.0921335	0.139605	0.0912167	0.139175	0.0903091	0.138639	0.0894105	0.138006	0.0885209	0.137282	0.0876401	0.136474	0.0867681	0.135589	0.0859047	0.134633	0.0850499	0.133612	0.0842037	0.132531	0.0833658	0.131395	0.0825363	0.130208	0.0817151	0.128977	0.080902	0.127703	0.080097	0.126393	0.0793	0.125049	0.078511	0.123676	0.0777298	0.122275	0.0769564	0.120852	0.0761906	0.119407	0.0754325	0.117946	0.074682	0.116469	0.0739389	0.114979	0.0732032	0.113479	0.0724748	0.111971	0.0717536	0.110457	0.0710397	0.108938	0.0703328	0.107417	0.069633	0.105895	0.0689401	0.104374	0.0682542	0.102855	0.067575	0.101339	0.0669026	0.0998275	0.066237	0.098322	0.0655779	0.0968233	0.0649254	0.0953324	0.0642794	0.0938502	0.0636398	0.0923777	0.0630065	0.0909154	0.0623796	0.0894642	0.0617589	0.0880248	0.0611444	0.0865976	0.060536	0.0851833	0.0599337	0.0837824	0.0593373	0.0823952	0.0587469	0.0810223	0.0581624	0.0796639	0.0575836	0.0783204	0.0570107	0.0769922	0.0564434	0.0756793	0.0558818	0.0743822	0.0553258	0.0731009	0.0547753	0.0718356	0.0542302	0.0705865	0.0536906	0.0693537	0.0531564	0.0681373	0.0526275	0.0669372	0.0521038	0.0657537	0.0515854	0.0645867	0.0510721	0.0634362	0.0505639	0.0623022	0.0500608	0.0611848	0.0495627	0.0600838	0.0490695	0.0589992	0.0485813	0.0579309	0.0480979	0.0568789	0.0476193	0.0558431	0.0471455	0.0548235	0.0466764	0.0538198	0.046212	0.0528319	0.0457521	0.0518599	0.0452969	0.0509035	0.0448462	0.0499626	0.0444	0.049037	0.0439582	0.0481267	0.0435208	0.0472314	0.0430877	0.046351	0.042659	0.0454854	0.0422345	0.0446344	0.0418143	0.0437978	0.0413982	0.0429755	0.0409863	0.0421673	0.0405785	0.041373	0.0401747	0.0405924	0.039775	0.0398254	0.0393792	0.0390718	0.0389874	0.0383314	0.0385995	0.0376041	0.0382154	0.0368896	0.0378351	0.0361878	0.0374587	0.0354985	0.037086	0.0348215	0.036717	0.0341567	0.0363516	0.0335038	0.0359899	0.0328627	0.0356318	0.0322332	0.0352773	0.0316151	0.0349262	0.0310083	0.0345787	0.0304125	0.0342347	0.0298277	0.033894	0.0292536	0.0335568	0.0286901	0.0332229	0.0281369	0.0328923	0.027594	0.032565	0.0270612	0.032241	0.0265382	0.0319202	0.0260249	0.0316026	0.0255213	0.0312881	0.025027	0.0309768	0.024542	0.0306686	0.024066	0.0303634	0.023599	0.0300613	0.0231408	0.0297622	0.0226912	0.029466	0.0222501	0.0291729	0.0218173	0.0288826	0.0213928	0.0285952	0.0209762	0.0283107	0.0205676	0.028029	0.0201667	0.0277501	0.0197735	0.027474	0.0193877	0.0272006	0.0190093	0.0269299	0.0186381	0.026662	0.018274	0.0263967	0.0179169	0.026134	0.0175667	0.025874	0.0172231	0.0256165	0.0168861	0.0253617	0.0165556	0.0251093	0.0162315	0.0248595	0.0159136	0.0246121	0.0156018	0.0243672	0.0152961	0.0241248	0.0149962	0.0238847	0.0147021	0.0236471	0.0144138	0.0234118	0.0141309	0.0231788	0.0138536	0.0229482	0.0135816	0.0227198	0.0133149	0.0224938	0.0130534	0.02227	0.012797	0.0220484	0.0125455	0.021829	0.0122989	0.0216118	0.0120571	0.0213967	0.01182	0.0211838	0.0115876	0.0209731	0.0113596	0.0207644	0.0111361	0.0205578	0.0109169	0.0203532	0.0107021	0.0201507	0.0104914	0.0199502	0.0102848	0.0197517	0.0100823	0.0195551	0.00988367	0.0193606	0.00968897	0.0191679	0.00949807	0.0176034	0.00867709	0.0160544	0.00787227	0.0145209	0.0070833	0.0130026	0.00630987	0.0114994	0.00555167	0.0100111	0.00480841	0.00853772	0.0040798	0.00707896	0.00336554	0.00563471	0.00266536	0.00420483	0.00197899	0.00278918	0.00130615	0.00138762	0.000646569	0	0	0	0	
0	0.0670466	0	0.0747215	0	0.0818054	0	0.0883314	0	0.0943309	0	0.0998337	0	0.104868	0	0.109461	0	0.113637	0	0.117422	0	0.120837	0	0.123905	0	0.126645	0	0.129078	0	0.131222	0	0.133094	0	0.134711	0	0.136089	0	0.137242	0	0.138184	0	0.13893	0	0.139491	0	0.139879	0	0.140106	0	0.140182	0	0.140118	0	0.139923	0	0.139605	0	0.139175	0	0.138639	0	0.138006	0	0.137282	0	0.136474	0	0.135589	0	0.134633	0	0.133612	0	0.132531	0	0.131395	0	0.130208	0	0.128977	0	0.127703	0	0.126393	0	0.125049	0	0.123676	0	0.122275	0	0.120852	0	0.119407	0	0.117946	0	0.116469	0	0.114979	0	0.113479	0	0.111971	0	0.110457	0	0.108938	0	0.107417	0	0.105895	0	0.104374	0	0.102855	0	0.101339	0	0.0998275	0	0.098322	0	0.0968233	0	0.0953324	0	0.0938502	0	0.0923777	0	0.0909154	0	0.0894642	0	0.0880248	0	0.0865976	0	0.0851833	0	0.0837824	0	0.0823952	0	0.0810223	0	0.0796639	0	0.0783204	0	0.0769922	0	0.0756793	0	0.0743822	0	0.0731009	0	0.0718356	0	0.0705865	0	0.0693537	0	0.0681373	0	0.0669372	0	0.0657537	0	0.0645867	0	0.0634362	0	0.0623022	0	0.0611848	0	0.0600838	0	0.0589992	0	0.0579309	0	0.0568789	0	0.0558431	0	0.0548235	0	0.0538198	0	0.0528319	0	0.0518599	0	0.0509035	0	0.0499626	0	0.049037	0	0.0481267	0	0.0472314	0	0.046351	0	0.0454854	0	0.0446344	0	0.0437978	0	0.0429755	0	0.0421673	0	0.041373	0	0.0405924	0	0.0398254	0	0.0390718	0	0.0383314	0	0.0376041	0	0.0368896	0	0.0361878	0	0.0354985	0	0.0348215	0	0.0341567	0	0.0335038	0	0.0328627	0	0.0322332	0	0.0316151	0	0.0310083	0	0.0304125	0	0.0298277	0	0.0292536	0	0.0286901	0	0.0281369	0	0.027594	0	0.0270612	0	0.0265382	0	0.0260249	0	0.0255213	0	0.025027	0	0.024542	0	0.024066	0	0.023599	0	0.0231408	0	0.0226912	0	0.0222501	0	0.0218173	0	0.0213928	0	0.0209762	0	0.0205676	0	0.0201667	0	0.0197735	0	0.0193877	0	0.0190093	0	0.0186381	0	0.018274	0	0.0179169	0	0.0175667	0	0.0172231	0	0.0168861	0	0.0165556	0	0.0162315	0	0.0159136	0	0.0156018	0	0.0152961	0	0.0149962	0	0.0147021	0	0.0144138	0	0.0141309	0	0.0138536	0	0.0135816	0	0.0133149	0	0.0130534	0	0.012797	0	0.0125455	0	0.0122989	0	0.0120571	0	0.01182	0	0.0115876	0	0.0113596	0	0.0111361	0	0.0109169	0	0.0107021	0	0.0104914	0	0.0102848	0	0.0100823	0	0.00988367	0	0.00968897	0	0.00949807	0	0.00867709	0	0.00787227	0	0.0070833	0	0.00630987	0	0.00555167	0	0.00480841	0	0.0040798	0	0.00336554	0	0.00266536	0	0.00197899	0	0.00130615	0	0.000646569	0	0	0	0	
0.129342	0.0756872	0.128055	0.0836706	0.126781	0.0910335	0.125519	0.0978107	0.12427	0.104035	0.123034	0.109739	0.12181	0.11495	0.120598	0.119699	0.119398	0.12401	0.11821	0.127911	0.117033	0.131424	0.115869	0.134573	0.114716	0.137379	0.113574	0.139863	0.112444	0.142043	0.111326	0.143939	0.110218	0.145568	0.109121	0.146946	0.108035	0.148089	0.10696	0.149012	0.105896	0.149729	0.104842	0.150252	0.103799	0.150595	0.102766	0.150769	0.101744	0.150786	0.100732	0.150656	0.0997292	0.15039	0.0987369	0.149996	0.0977545	0.149484	0.0967818	0.148862	0.0958188	0.148139	0.0948654	0.147321	0.0939215	0.146417	0.0929869	0.145432	0.0920617	0.144373	0.0911457	0.143247	0.0902388	0.142058	0.0893409	0.140812	0.0884519	0.139515	0.0875718	0.138171	0.0867004	0.136784	0.0858378	0.135359	0.0849837	0.133899	0.0841381	0.132409	0.0833009	0.130891	0.082472	0.12935	0.0816514	0.127788	0.080839	0.126209	0.0800346	0.124614	0.0792382	0.123007	0.0784498	0.121389	0.0776692	0.119764	0.0768964	0.118133	0.0761313	0.116498	0.0753737	0.114861	0.0746238	0.113224	0.0738812	0.111588	0.0731461	0.109955	0.0724183	0.108326	0.0716977	0.106703	0.0709843	0.105086	0.070278	0.103478	0.0695787	0.101878	0.0688864	0.100287	0.068201	0.098708	0.0675224	0.0971399	0.0668505	0.0955841	0.0661853	0.0940411	0.0655268	0.0925117	0.0648748	0.0909963	0.0642293	0.0894954	0.0635902	0.0880097	0.0629574	0.0865393	0.062331	0.0850848	0.0617108	0.0836465	0.0610968	0.0822246	0.0604888	0.0808194	0.059887	0.0794312	0.0592911	0.0780602	0.0587011	0.0767064	0.058117	0.0753701	0.0575388	0.0740513	0.0569662	0.0727502	0.0563994	0.0714668	0.0558382	0.0702011	0.0552826	0.0689533	0.0547326	0.0677232	0.054188	0.0665108	0.0536488	0.0653162	0.053115	0.0641393	0.0525865	0.0629799	0.0520632	0.0618382	0.0515452	0.0607139	0.0510323	0.059607	0.0505245	0.0585174	0.0500218	0.0574449	0.0495241	0.0563895	0.0490313	0.0553509	0.0485434	0.0543291	0.0480604	0.0533239	0.0475822	0.0523352	0.0471088	0.0513628	0.04664	0.0504065	0.0461759	0.0494662	0.0457165	0.0485417	0.0452616	0.0476328	0.0448112	0.0467394	0.0443654	0.0458612	0.0439239	0.0449981	0.0434869	0.0441499	0.0430542	0.0433164	0.0426258	0.0424975	0.0422016	0.0416928	0.0417817	0.0409023	0.041366	0.0401258	0.0409544	0.0393629	0.0405469	0.0386137	0.0401434	0.0378778	0.039744	0.0371551	0.0393485	0.0364453	0.038957	0.0357484	0.0385694	0.035064	0.0381856	0.034392	0.0378057	0.0337323	0.0374295	0.0330846	0.0370571	0.0324487	0.0366883	0.0318245	0.0363233	0.0312117	0.0359619	0.0306103	0.035604	0.0300199	0.0352498	0.0294404	0.034899	0.0288717	0.0345518	0.0283136	0.034208	0.0277659	0.0338676	0.0272283	0.0335306	0.0267008	0.033197	0.0261832	0.0328667	0.0256753	0.0325396	0.025177	0.0322159	0.024688	0.0318953	0.0242082	0.0315779	0.0237375	0.0312637	0.0232757	0.0309527	0.0228226	0.0306447	0.0223782	0.0303398	0.0219421	0.0300379	0.0215144	0.029739	0.0210948	0.0294431	0.0206832	0.0291501	0.0202794	0.0288601	0.0198834	0.0285729	0.0194949	0.0282886	0.0191138	0.0280071	0.0187401	0.0277284	0.0183735	0.0274525	0.018014	0.0271794	0.0176614	0.026909	0.0173156	0.0266412	0.0169764	0.0263761	0.0166438	0.0261137	0.0163175	0.0258538	0.0159976	0.0255966	0.0156839	0.0253419	0.0153762	0.0250897	0.0150744	0.0248401	0.0147785	0.0245929	0.0144884	0.0243482	0.0142039	0.024106	0.0139248	0.0238661	0.0136512	0.0236286	0.013383	0.0233935	0.0131199	0.0231607	0.0128619	0.0229303	0.012609	0.0227021	0.012361	0.0224762	0.0121178	0.0222526	0.0118794	0.0220312	0.0116456	0.021812	0.0114163	0.0215949	0.0111916	0.0213801	0.0109712	0.0211673	0.0107551	0.0209567	0.0105432	0.0207482	0.0103355	0.0191679	0.00949807	0.0176034	0.00867709	0.0160544	0.00787227	0.0145209	0.0070833	0.0130026	0.00630987	0.0114994	0.00555167	0.0100111	0.00480841	0.00853772	0.0040798	0.00707896	0.00336554	0.00563471	0.00266536	0.00420483	0.00197899	0.00278918	0.00130615	0.00138762	0.000646569	0	0	0	0	
0	0.0756872	0	0.0836706	0	0.0910335	0	0.0978107	0	0.104035	0	0.109739	0	0.11495	0	0.119699	0	0.12401	0	0.127911	0	0.131424	0	0.134573	0	0.137379	0	0.139863	0	0.142043	0	0.143939	0	0.145568	0	0.146946	0	0.148089	0	0.149012	0	0.149729	0	0.150252	0	0.150595	0	0.150769	0	0.150786	0	0.150656	0	0.15039	0	0.149996	0	0.149484	0	0.148862	0	0.148139	0	0.147321	0	0.146417	0	0.145432	0	0.144373	0	0.143247	0	0.142058	0	0.140812	0	0.139515	0	0.138171	0	0.136784	0	0.135359	0	0.133899	0	0.132409	0	0.130891	0	0.12935	0	0.127788	0	0.126209	0	0.124614	0	0.123007	0	0.121389	0	0.119764	0	0.118133	0	0.116498	0	0.114861	0	0.113224	0	0.111588	0	0.109955	0	0.108326	0	0.106703	0	0.105086	0	0.103478	0	0.101878	0	0.100287	0	0.098708	0	0.0971399	0	0.0955841	0	0.0940411	0	0.0925117	0	0.0909963	0	0.0894954	0	0.0880097	0	0.0865393	0	0.0850848	0	0.0836465	0	0.0822246	0	0.0808194	0	0.0794312	0	0.0780602	0	0.0767064	0	0.0753701	0	0.0740513	0	0.0727502	0	0.0714668	0	0.0702011	0	0.0689533	0	0.0677232	0	0.0665108	0	0.0653162	0	0.0641393	0	0.0629799	0	0.0618382	0	0.0607139	0	0.059607	0	0.0585174	0	0.0574449	0	0.0563895	0	0.0553509	0	0.0543291	0	0.0533239	0	0.0523352	0	0.0513628	0	0.0504065	0	0.0494662	0	0.0485417	0	0.0476328	0	0.0467394	0	0.0458612	0	0.0449981	0	0.0441499	0	0.0433164	0	0.0424975	0	0.0416928	0	0.0409023	0	0.0401258	0	0.0393629	0	0.0386137	0	0.0378778	0	0.0371551	0	0.0364453	0	0.0357484	0	0.035064	0	0.034392	0	0.0337323	0	0.0330846	0	0.0324487	0	0.0318245	0	0.0312117	0	0.0306103	0	0.0300199	0	0.0294404	0	0.0288717	0	0.0283136	0	0.0277659	0	0.0272283	0	0.0267008	0	0.0261832	0	0.0256753	0	0.025177	0	0.024688	0	0.0242082	0	0.0237375	0	0.0232757	0	0.0228226	0	0.0223782	0	0.0219421	0	0.0215144	0	0.0210948	0	0.0206832	0	0.0202794	0	0.0198834	0	0.0194949	0	0.0191138	0	0.0187401	0	0.0183735	0	0.018014	0	0.0176614	0	0.0173156	0	0.0169764	0	0.0166438	0	0.0163175	0	0.0159976	0	0.0156839	0	0.0153762	0	0.0150744	0	0.0147785	0	0.0144884	0	0.0142039	0	0.0139248	0	0.0136512	0	0.013383	0	0.0131199	0	0.0128619	0	0.012609	0	0.012361	0	0.0121178	0	0.0118794	0	0.0116456	0	0.0114163	0	0.0111916	0	0.0109712	0	0.0107551	0	0.0105432	0	0.0103355	0	0.00949807	0	0.00867709	0	0.00787227	0	0.0070833	0	0.00630987	0	0.00555167	0	0.00480841	0	0.0040798	0	0.00336554	0	0.00266536	0	0.00197899	0	0.00130615	0	0.000646569	0	0	0	0	
0.137906	0.0846364	0.136534	0.0928987	0.135175	0.100513	0.13383	0.107515	0.132499	0.11394	0.13118	0.119821	0.129875	0.125188	0.128583	0.130072	0.127303	0.134499	0.126037	0.138498	0.124783	0.142093	0.123541	0.145307	0.122312	0.148163	0.121095	0.150684	0.11989	0.152888	0.118697	0.154796	0.117516	0.156426	0.116346	0.157794	0.115189	0.158917	0.114043	0.159811	0.112908	0.16049	0.111784	0.160968	0.110672	0.161258	0.109571	0.161373	0.108481	0.161325	0.107401	0.161124	0.106333	0.160781	0.105275	0.160306	0.104227	0.159708	0.10319	0.158996	0.102163	0.158179	0.101147	0.157264	0.10014	0.15626	0.0991439	0.155172	0.0981574	0.154008	0.0971807	0.152774	0.0962138	0.151476	0.0952564	0.150119	0.0943086	0.148709	0.0933702	0.147251	0.0924412	0.145749	0.0915214	0.144208	0.0906107	0.142632	0.0897091	0.141025	0.0888165	0.13939	0.0879328	0.137731	0.0870578	0.136051	0.0861916	0.134354	0.085334	0.132641	0.0844849	0.130916	0.0836442	0.129182	0.082812	0.127439	0.081988	0.125692	0.0811722	0.123941	0.0803645	0.122189	0.0795649	0.120438	0.0787732	0.118688	0.0779894	0.116942	0.0772134	0.115202	0.0764451	0.113467	0.0756844	0.111741	0.0749314	0.110023	0.0741858	0.108315	0.0734476	0.106618	0.0727168	0.104933	0.0719933	0.10326	0.0712769	0.1016	0.0705677	0.0999552	0.0698655	0.0983247	0.0691704	0.0967094	0.0684821	0.0951099	0.0678007	0.0935267	0.0671261	0.0919602	0.0664582	0.0904108	0.0657969	0.0888789	0.0651422	0.0873647	0.064494	0.0858685	0.0638523	0.0843905	0.063217	0.0829309	0.0625879	0.08149	0.0619652	0.0800677	0.0613486	0.0786643	0.0607382	0.0772798	0.0601338	0.0759142	0.0595355	0.0745677	0.0589431	0.0732402	0.0583566	0.0719317	0.057776	0.0706422	0.0572011	0.0693717	0.0566319	0.06812	0.0560684	0.0668872	0.0555105	0.0656732	0.0549582	0.0644778	0.0544113	0.0633009	0.0538699	0.0621425	0.0533339	0.0610024	0.0528032	0.0598805	0.0522778	0.0587765	0.0517577	0.0576905	0.0512427	0.0566221	0.0507328	0.0555714	0.050228	0.0545379	0.0497282	0.0535217	0.0492334	0.0525225	0.0487435	0.0515401	0.0482585	0.0505744	0.0477784	0.0496251	0.0473029	0.0486921	0.0468323	0.0477751	0.0463663	0.046874	0.0459049	0.0459885	0.0454482	0.0451185	0.044996	0.0442637	0.0445482	0.043424	0.044105	0.0425991	0.0436661	0.0417888	0.0432316	0.040993	0.0428015	0.0402113	0.0423756	0.0394437	0.041954	0.0386899	0.0415365	0.0379497	0.0411232	0.0372229	0.040714	0.0365092	0.0403089	0.0358086	0.0399078	0.0351208	0.0395107	0.0344455	0.0391176	0.0337826	0.0387284	0.0331319	0.038343	0.0324932	0.0379615	0.0318663	0.0375838	0.031251	0.0372098	0.0306472	0.0368396	0.0300545	0.036473	0.0294729	0.0361101	0.0289022	0.0357508	0.0283421	0.0353951	0.0277925	0.0350429	0.0272533	0.0346942	0.0267242	0.034349	0.026205	0.0340072	0.0256956	0.0336688	0.0251959	0.0333338	0.0247056	0.0330021	0.0242246	0.0326738	0.0237527	0.0323487	0.0232898	0.0320268	0.0228357	0.0317081	0.0223902	0.0313926	0.0219533	0.0310803	0.0215246	0.030771	0.0211042	0.0304648	0.0206918	0.0301617	0.0202873	0.0298616	0.0198906	0.0295644	0.0195014	0.0292703	0.0191198	0.028979	0.0187455	0.0286907	0.0183783	0.0284052	0.0180183	0.0281226	0.0176652	0.0278428	0.0173189	0.0275657	0.0169793	0.0272914	0.0166463	0.0270199	0.0163197	0.026751	0.0159994	0.0264848	0.0156853	0.0262213	0.0153773	0.0259604	0.0150753	0.0257021	0.0147791	0.0254464	0.0144887	0.0251932	0.0142039	0.0249425	0.0139247	0.0246943	0.0136509	0.0244486	0.0133824	0.0242053	0.0131192	0.0239645	0.0128611	0.023726	0.012608	0.0234899	0.0123598	0.0232562	0.0121165	0.0230248	0.0118779	0.0227957	0.011644	0.0225689	0.0114147	0.0223443	0.0111898	0.0207482	0.0103355	0.0191679	0.00949807	0.0176034	0.00867709	0.0160544	0.00787227	0.0145209	0.0070833	0.0130026	0.00630987	0.0114994	0.00555167	0.0100111	0.00480841	0.00853772	0.0040798	0.00707896	0.00336554	0.00563471	0.00266536	0.00420483	0.00197899	0.00278918	0.00130615	0.00138762	0.000646569	0	0	0	0	
0	0.0846364	0	0.0928987	0	0.100513	0	0.107515	0	0.11394	0	0.119821	0	0.125188	0	0.130072	0	0.134499	0	0.138498	0	0.142093	0	0.145307	0	0.148163	0	0.150684	0	0.152888	0	0.154796	0	0.156426	0	0.157794	0	0.158917	0	0.159811	0	0.16049	0	0.160968	0	0.161258	0	0.161373	0	0.161325	0	0.161124	0	0.160781	0	0.160306	0	0.159708	0	0.158996	0	0.158179	0	0.157264	0	0.15626	0	0.155172	0	0.154008	0	0.152774	0	0.151476	0	0.150119	0	0.148709	0	0.147251	0	0.145749	0	0.144208	0	0.142632	0	0.141025	0	0.13939	0	0.137731	0	0.136051	0	0.134354	0	0.132641	0	0.130916	0	0.129182	0	0.127439	0	0.125692	0	0.123941	0	0.122189	0	0.120438	0	0.118688	0	0.116942	0	0.115202	0	0.113467	0	0.111741	0	0.110023	0	0.108315	0	0.106618	0	0.104933	0	0.10326	0	0.1016	0	0.0999552	0	0.0983247	0	0.0967094	0	0.0951099	0	0.0935267	0	0.0919602	0	0.0904108	0	0.0888789	0	0.0873647	0	0.0858685	0	0.0843905	0	0.0829309	0	0.08149	0	0.0800677	0	0.0786643	0	0.0772798	0	0.0759142	0	0.0745677	0	0.0732402	0	0.0719317	0	0.0706422	0	0.0693717	0	0.06812	0	0.0668872	0	0.0656732	0	0.0644778	0	0.0633009	0	0.0621425	0	0.0610024	0	0.0598805	0	0.0587765	0	0.0576905	0	0.0566221	0	0.0555714	0	0.0545379	0	0.0535217	0	0.0525225	0	0.0515401	0	0.0505744	0	0.0496251	0	0.0486921	0	0.0477751	0	0.046874	0	0.0459885	0	0.0451185	0	0.0442637	0	0.043424	0	0.0425991	0	0.0417888	0	0.040993	0	0.0402113	0	0.0394437	0	0.0386899	0	0.0379497	0	0.0372229	0	0.0365092	0	0.0358086	0	0.0351208	0	0.0344455	0	0.0337826	0	0.0331319	0	0.0324932	0	0.0318663	0	0.031251	0	0.0306472	0	0.0300545	0	0.0294729	0	0.0289022	0	0.0283421	0	0.0277925	0	0.0272533	0	0.0267242	0	0.026205	0	0.0256956	0	0.0251959	0	0.0247056	0	0.0242246	0	0.0237527	0	0.0232898	0	0.0228357	0	0.0223902	0	0.0219533	0	0.0215246	0	0.0211042	0	0.0206918	0	0.0202873	0	0.0198906	0	0.0195014	0	0.0191198	0	0.0187455	0	0.0183783	0	0.0180183	0	0.0176652	0	0.0173189	0	0.0169793	0	0.0166463	0	0.0163197	0	0.0159994	0	0.0156853	0	0.0153773	0	0.0150753	0	0.0147791	0	0.0144887	0	0.0142039	0	0.0139247	0	0.0136509	0	0.0133824	0	0.0131192	0	0.0128611	0	0.012608	0	0.0123598	0	0.0121165	0	0.0118779	0	0.011644	0	0.0114147	0	0.0111898	0	0.0103355	0	0.00949807	0	0.00867709	0	0.00787227	0	0.0070833	0	0.00630987	0	0.00555167	0	0.00480841	0	0.0040798	0	0.00336554	0	0.00266536	0	0.00197899	0	0.00130615	0	0.000646569	0	0	0	0	
0.146385	0.0938645	0.144928	0.102378	0.143486	0.110217	0.142059	0.11742	0.140645	0.124022	0.139246	0.130059	0.13786	0.135561	0.136488	0.140561	0.13513	0.145087	0.133786	0.149166	0.132455	0.152826	0.131137	0.156091	0.129832	0.158985	0.12854	0.161529	0.127261	0.163745	0.125995	0.165654	0.124741	0.167273	0.1235	0.168621	0.122271	0.169716	0.121054	0.170572	0.11985	0.171206	0.118657	0.171631	0.117477	0.171863	0.116308	0.171912	0.115151	0.171792	0.114005	0.171515	0.11287	0.17109	0.111747	0.170529	0.110635	0.169841	0.109535	0.169036	0.108445	0.168122	0.107366	0.167107	0.106297	0.166	0.10524	0.164807	0.104193	0.163535	0.103156	0.162192	0.102129	0.160783	0.101113	0.159314	0.100107	0.15779	0.099111	0.156217	0.0981248	0.154599	0.0971485	0.152942	0.0961818	0.151248	0.0952248	0.149524	0.0942773	0.147771	0.0933392	0.145994	0.0924105	0.144197	0.091491	0.142381	0.0905806	0.140551	0.0896793	0.138709	0.088787	0.136857	0.0879036	0.134999	0.0870289	0.133136	0.0861629	0.13127	0.0853056	0.129403	0.0844568	0.127538	0.0836164	0.125676	0.0827845	0.123818	0.0819607	0.121966	0.0811452	0.120122	0.0803378	0.118286	0.0795384	0.11646	0.078747	0.114645	0.0779635	0.112842	0.0771877	0.111052	0.0764197	0.109276	0.0756593	0.107515	0.0749065	0.105768	0.0741611	0.104038	0.0734232	0.102324	0.0726926	0.100627	0.0719693	0.0989476	0.0712532	0.0972862	0.0705443	0.0956433	0.0698423	0.094019	0.0691474	0.0924137	0.0684594	0.0908277	0.0677782	0.0892613	0.0671038	0.0877145	0.0664361	0.0861876	0.065775	0.0846807	0.0651206	0.0831938	0.0644726	0.0817272	0.0638311	0.0802808	0.063196	0.0788546	0.0625671	0.0774488	0.0619446	0.0760631	0.0613282	0.0746977	0.060718	0.0733525	0.0601138	0.0720273	0.0595157	0.0707222	0.0589235	0.0694371	0.0583372	0.0681717	0.0577568	0.0669261	0.0571821	0.0657	0.0566131	0.0644934	0.0560498	0.0633061	0.0554921	0.0621379	0.0549399	0.0609887	0.0543933	0.0598583	0.053852	0.0587465	0.0533162	0.0576531	0.0527857	0.056578	0.0522605	0.0555209	0.0517405	0.0544817	0.0512256	0.0534601	0.0507159	0.0524559	0.0502113	0.051469	0.0497117	0.0504991	0.0492171	0.049546	0.0487273	0.0486095	0.0482425	0.0476893	0.0477625	0.0467853	0.0472872	0.0458973	0.0468167	0.0450249	0.0463509	0.0441681	0.0458897	0.0433265	0.0454331	0.0425	0.044981	0.0416883	0.0445334	0.0408912	0.0440903	0.0401086	0.0436516	0.0393401	0.0432173	0.0385856	0.0427873	0.0378448	0.0423615	0.0371175	0.04194	0.0364036	0.0415227	0.0357028	0.0411095	0.0350149	0.0407005	0.0343396	0.0402955	0.0336769	0.0398946	0.0330265	0.0394976	0.0323881	0.0391046	0.0317616	0.0387155	0.0311468	0.0383303	0.0305434	0.0379489	0.0299514	0.0375713	0.0293705	0.0371975	0.0288005	0.0368273	0.0282412	0.0364609	0.0276924	0.0360981	0.027154	0.0357389	0.0266258	0.0353833	0.0261075	0.0350312	0.0255991	0.0346827	0.0251004	0.0343376	0.0246111	0.0339959	0.0241311	0.0336576	0.0236603	0.0333227	0.0231985	0.0329912	0.0227455	0.0326629	0.0223011	0.0323379	0.0218652	0.0320161	0.0214377	0.0316976	0.0210184	0.0313822	0.0206072	0.0310699	0.0202038	0.0307608	0.0198082	0.0304547	0.0194202	0.0301517	0.0190397	0.0298517	0.0186666	0.0295546	0.0183006	0.0292606	0.0179417	0.0289694	0.0175898	0.0286812	0.0172446	0.0283958	0.0169061	0.0281132	0.0165742	0.0278335	0.0162487	0.0275565	0.0159296	0.0272824	0.0156166	0.0270109	0.0153097	0.0267421	0.0150088	0.026476	0.0147137	0.0262126	0.0144243	0.0259518	0.0141406	0.0256936	0.0138624	0.0254379	0.0135897	0.0251848	0.0133222	0.0249342	0.01306	0.0246861	0.0128029	0.0244405	0.0125508	0.0241973	0.0123036	0.0239565	0.0120612	0.0223443	0.0111898	0.0207482	0.0103355	0.0191679	0.00949807	0.0176034	0.00867709	0.0160544	0.00787227	0.0145209	0.0070833	0.0130026	0.00630987	0.0114994	0.00555167	0.0100111	0.00480841	0.00853772	0.0040798	0.00707896	0.00336554	0.00563471	0.00266536	0.00420483	0.00197899	0.00278918	0.00130615	0.00138762	0.000646569	0	0	0	0	
0	0.0938645	0	0.102378	0	0.110217	0	0.11742	0	0.124022	0	0.130059	0	0.135561	0	0.140561	0	0.145087	0	0.149166	0	0.152826	0	0.156091	0	0.158985	0	0.161529	0	0.163745	0	0.165654	0	0.167273	0	0.168621	0	0.169716	0	0.170572	0	0.171206	0	0.171631	0	0.171863	0	0.171912	0	0.171792	0	0.171515	0	0.17109	0	0.170529	0	0.169841	0	0.169036	0	0.168122	0	0.167107	0	0.166	0	0.164807	0	0.163535	0	0.162192	0	0.160783	0	0.159314	0	0.15779	0	0.156217	0	0.154599	0	0.152942	0	0.151248	0	0.149524	0	0.147771	0	0.145994	0	0.144197	0	0.142381	0	0.140551	0	0.138709	0	0.136857	0	0.134999	0	0.133136	0	0.13127	0	0.129403	0	0.127538	0	0.125676	0	0.123818	0	0.121966	0	0.120122	0	0.118286	0	0.11646	0	0.114645	0	0.112842	0	0.111052	0	0.109276	0	0.107515	0	0.105768	0	0.104038	0	0.102324	0	0.100627	0	0.0989476	0	0.0972862	0	0.0956433	0	0.094019	0	0.0924137	0	0.0908277	0	0.0892613	0	0.0877145	0	0.0861876	0	0.0846807	0	0.0831938	0	0.0817272	0	0.0802808	0	0.0788546	0	0.0774488	0	0.0760631	0	0.0746977	0	0.0733525	0	0.0720273	0	0.0707222	0	0.0694371	0	0.0681717	0	0.0669261	0	0.0657	0	0.0644934	0	0.0633061	0	0.0621379	0	0.0609887	0	0.0598583	0	0.0587465	0	0.0576531	0	0.056578	0	0.0555209	0	0.0544817	0	0.0534601	0	0.0524559	0	0.051469	0	0.0504991	0	0.049546	0	0.0486095	0	0.0476893	0	0.0467853	0	0.0458973	0	0.0450249	0	0.0441681	0	0.0433265	0	0.0425	0	0.0416883	0	0.0408912	0	0.0401086	0	0.0393401	0	0.0385856	0	0.0378448	0	0.0371175	0	0.0364036	0	0.0357028	0	0.0350149	0	0.0343396	0	0.0336769	0	0.0330265	0	0.0323881	0	0.0317616	0	0.0311468	0	0.0305434	0	0.0299514	0	0.0293705	0	0.0288005	0	0.0282412	0	0.0276924	0	0.027154	0	0.0266258	0	0.0261075	0	0.0255991	0	0.0251004	0	0.0246111	0	0.0241311	0	0.0236603	0	0.0231985	0	0.0227455	0	0.0223011	0	0.0218652	0	0.0214377	0	0.0210184	0	0.0206072	0	0.0202038	0	0.0198082	0	0.0194202	0	0.0190397	0	0.0186666	0	0.0183006	0	0.0179417	0	0.0175898	0	0.0172446	0	0.0169061	0	0.0165742	0	0.0162487	0	0.0159296	0	0.0156166	0	0.0153097	0	0.0150088	0	0.0147137	0	0.0144243	0	0.0141406	0	0.0138624	0	0.0135897	0	0.0133222	0	0.01306	0	0.0128029	0	0.0125508	0	0.0123036	0	0.0120612	0	0.0111898	0	0.0103355	0	0.00949807	0	0.00867709	0	0.00787227	0	0.0070833	0	0.00630987	0	0.00555167	0	0.00480841	0	0.0040798	0	0.00336554	0	0.00266536	0	0.00197899	0	0.00130615	0	0.000646569	0	0	0	0	
0.15478	0.103344	0.15324	0.112082	0.151715	0.120122	0.150205	0.127502	0.148711	0.13426	0.147231	0.140432	0.145766	0.14605	0.144316	0.151148	0.14288	0.155755	0.141458	0.1599	0.14005	0.163611	0.138657	0.166913	0.137277	0.16983	0.135911	0.172386	0.134559	0.174603	0.13322	0.176501	0.131894	0.178101	0.130582	0.17942	0.129283	0.180477	0.127996	0.181288	0.126723	0.181869	0.125462	0.182236	0.124214	0.182401	0.122978	0.182379	0.121754	0.182183	0.120542	0.181824	0.119343	0.181313	0.118156	0.180662	0.11698	0.179881	0.115816	0.178979	0.114664	0.177964	0.113523	0.176847	0.112393	0.175634	0.111275	0.174334	0.110168	0.172953	0.109071	0.171499	0.107986	0.169977	0.106912	0.168394	0.105848	0.166755	0.104795	0.165066	0.103752	0.163332	0.10272	0.161558	0.101697	0.159747	0.100686	0.157905	0.0996837	0.156034	0.0986918	0.154139	0.0977098	0.152224	0.0967376	0.150291	0.0957751	0.148344	0.0948221	0.146385	0.0938786	0.144417	0.0929445	0.142442	0.0920197	0.140464	0.0911041	0.138484	0.0901976	0.136503	0.0893001	0.134525	0.0884115	0.132551	0.0875318	0.130582	0.0866609	0.12862	0.0857986	0.126667	0.0849449	0.124723	0.0840996	0.12279	0.0832628	0.12087	0.0824344	0.118962	0.0816141	0.117069	0.080802	0.11519	0.0799981	0.113328	0.0792021	0.111481	0.078414	0.109652	0.0776338	0.107841	0.0768613	0.106048	0.0760965	0.104274	0.0753393	0.102519	0.0745897	0.100783	0.0738475	0.099068	0.0731127	0.097373	0.0723852	0.0956985	0.071665	0.0940448	0.0709519	0.0924121	0.0702459	0.0908005	0.069547	0.0892102	0.068855	0.0876413	0.0681698	0.0860938	0.0674915	0.0845677	0.06682	0.0830632	0.0661551	0.0815802	0.0654969	0.0801186	0.0648452	0.0786785	0.0641999	0.0772598	0.0635611	0.0758623	0.0629287	0.0744861	0.0623025	0.073131	0.0616826	0.0717969	0.0610689	0.0704836	0.0604612	0.069191	0.0598596	0.0679191	0.059264	0.0666675	0.0586743	0.0654361	0.0580905	0.0642248	0.0575125	0.0630334	0.0569402	0.0618617	0.0563737	0.0607094	0.0558127	0.0595764	0.0552574	0.0584625	0.0547076	0.0573674	0.0541632	0.0562909	0.0536243	0.0552329	0.0530907	0.054193	0.0525625	0.0531711	0.0520395	0.052167	0.0515217	0.0511803	0.051009	0.050211	0.0505015	0.0492587	0.049999	0.0483232	0.0495015	0.0474042	0.0490089	0.0465017	0.0485213	0.0456152	0.0480385	0.0447446	0.0475605	0.0438897	0.0470873	0.0430501	0.0466187	0.0422258	0.0461549	0.0414164	0.0456956	0.0406217	0.0452409	0.0398415	0.0447908	0.0390756	0.0443451	0.0383238	0.0439039	0.0375857	0.043467	0.0368613	0.0430345	0.0361502	0.0426063	0.0354523	0.0421824	0.0347674	0.0417626	0.0340951	0.0413471	0.0334354	0.0409357	0.032788	0.0405284	0.0321528	0.0401251	0.0315294	0.0397259	0.0309177	0.0393306	0.0303175	0.0389392	0.0297286	0.0385518	0.0291508	0.0381682	0.0285839	0.0377884	0.0280277	0.0374124	0.0274821	0.0370401	0.0269468	0.0366716	0.0264217	0.0363067	0.0259066	0.0359454	0.0254012	0.0355878	0.0249055	0.0352337	0.0244193	0.0348831	0.0239424	0.034536	0.0234745	0.0341924	0.0230157	0.0338521	0.0225656	0.0335153	0.0221242	0.0331818	0.0216912	0.0328517	0.0212666	0.0325248	0.0208501	0.0322012	0.0204417	0.0318807	0.0200411	0.0315635	0.0196483	0.0312495	0.019263	0.0309385	0.0188852	0.0306307	0.0185147	0.0303259	0.0181514	0.0300242	0.0177951	0.0297254	0.0174456	0.0294296	0.017103	0.0291368	0.016767	0.0288469	0.0164376	0.0285599	0.0161145	0.0282757	0.0157977	0.0279943	0.0154871	0.0277158	0.0151825	0.02744	0.0148839	0.027167	0.0145911	0.0268967	0.0143039	0.026629	0.0140224	0.0263641	0.0137464	0.0261017	0.0134757	0.025842	0.0132103	0.0255849	0.0129502	0.0239565	0.0120612	0.0223443	0.0111898	0.0207482	0.0103355	0.0191679	0.00949807	0.0176034	0.00867709	0.0160544	0.00787227	0.0145209	0.0070833	0.0130026	0.00630987	0.0114994	0.00555167	0.0100111	0.00480841	0.00853772	0.0040798	0.00707896	0.00336554	0.00563471	0.00266536	0.00420483	0.00197899	0.00278918	0.00130615	0.00138762	0.000646569	0	0	0	0	
0	0.103344	0	0.112082	0	0.120122	0	0.127502	0	0.13426	0	0.140432	0	0.14605	0	0.151148	0	0.155755	0	0.1599	0	0.163611	0	0.166913	0	0.16983	0	0.172386	0	0.174603	0	0.176501	0	0.178101	0	0.17942	0	0.180477	0	0.181288	0	0.181869	0	0.182236	0	0.182401	0	0.182379	0	0.182183	0	0.181824	0	0.181313	0	0.180662	0	0.179881	0	0.178979	0	0.177964	0	0.176847	0	0.175634	0	0.174334	0	0.172953	0	0.171499	0	0.169977	0	0.168394	0	0.166755	0	0.165066	0	0.163332	0	0.161558	0	0.159747	0	0.157905	0	0.156034	0	0.154139	0	0.152224	0	0.150291	0	0.148344	0	0.146385	0	0.144417	0	0.142442	0	0.140464	0	0.138484	0	0.136503	0	0.134525	0	0.132551	0	0.130582	0	0.12862	0	0.126667	0	0.124723	0	0.12279	0	0.12087	0	0.118962	0	0.117069	0	0.11519	0	0.113328	0	0.111481	0	0.109652	0	0.107841	0	0.106048	0	0.104274	0	0.102519	0	0.100783	0	0.099068	0	0.097373	0	0.0956985	0	0.0940448	0	0.0924121	0	0.0908005	0	0.0892102	0	0.0876413	0	0.0860938	0	0.0845677	0	0.0830632	0	0.0815802	0	0.0801186	0	0.0786785	0	0.0772598	0	0.0758623	0	0.0744861	0	0.073131	0	0.0717969	0	0.0704836	0	0.069191	0	0.0679191	0	0.0666675	0	0.0654361	0	0.0642248	0	0.0630334	0	0.0618617	0	0.0607094	0	0.0595764	0	0.0584625	0	0.0573674	0	0.0562909	0	0.0552329	0	0.054193	0	0.0531711	0	0.052167	0	0.0511803	0	0.050211	0	0.0492587	0	0.0483232	0	0.0474042	0	0.0465017	0	0.0456152	0	0.0447446	0	0.0438897	0	0.0430501	0	0.0422258	0	0.0414164	0	0.0406217	0	0.0398415	0	0.0390756	0	0.0383238	0	0.0375857	0	0.0368613	0	0.0361502	0	0.0354523	0	0.0347674	0	0.0340951	0	0.0334354	0	0.032788	0	0.0321528	0	0.0315294	0	0.0309177	0	0.0303175	0	0.0297286	0	0.0291508	0	0.0285839	0	0.0280277	0	0.0274821	0	0.0269468	0	0.0264217	0	0.0259066	0	0.0254012	0	0.0249055	0	0.0244193	0	0.0239424	0	0.0234745	0	0.0230157	0	0.0225656	0	0.0221242	0	0.0216912	0	0.0212666	0	0.0208501	0	0.0204417	0	0.0200411	0	0.0196483	0	0.019263	0	0.0188852	0	0.0185147	0	0.0181514	0	0.0177951	0	0.0174456	0	0.017103	0	0.016767	0	0.0164376	0	0.0161145	0	0.0157977	0	0.0154871	0	0.0151825	0	0.0148839	0	0.0145911	0	0.0143039	0	0.0140224	0	0.0137464	0	0.0134757	0	0.0132103	0	0.0129502	0	0.0120612	0	0.0111898	0	0.0103355	0	0.00949807	0	0.00867709	0	0.00787227	0	0.0070833	0	0.00630987	0	0.00555167	0	0.00480841	0	0.0040798	0	0.00336554	0	0.00266536	0	0.00197899	0	0.00130615	0	0.000646569	0	0	0	0	
0.163091	0.113048	0.161468	0.121987	0.159861	0.130204	0.158271	0.13774	0.156696	0.144633	0.155137	0.150921	0.153593	0.156637	0.152065	0.161816	0.150552	0.166489	0.149054	0.170685	0.147571	0.174432	0.146102	0.177758	0.144648	0.180687	0.143209	0.183243	0.141784	0.18545	0.140373	0.187329	0.138977	0.188899	0.137594	0.190181	0.136225	0.191193	0.134869	0.191951	0.133527	0.192473	0.132199	0.192774	0.130883	0.192868	0.129581	0.19277	0.128292	0.192492	0.127015	0.192047	0.125751	0.191447	0.1245	0.190702	0.123261	0.189824	0.122035	0.188821	0.120821	0.187704	0.119618	0.186482	0.118428	0.185162	0.11725	0.183752	0.116083	0.18226	0.114928	0.180693	0.113785	0.179057	0.112652	0.177359	0.111531	0.175605	0.110422	0.1738	0.109323	0.171948	0.108235	0.170056	0.107158	0.168128	0.106092	0.166168	0.105036	0.164179	0.103991	0.162167	0.102956	0.160134	0.101932	0.158084	0.100918	0.156019	0.0999137	0.153944	0.0989195	0.15186	0.0979352	0.149771	0.0969608	0.147678	0.095996	0.145584	0.0950408	0.143491	0.0940951	0.141401	0.0931589	0.139315	0.0922319	0.137236	0.0913142	0.135165	0.0904056	0.133104	0.0895061	0.131053	0.0886155	0.129015	0.0877337	0.12699	0.0868608	0.124979	0.0859965	0.122983	0.0851408	0.121003	0.0842936	0.119041	0.0834549	0.117096	0.0826245	0.115169	0.0818024	0.113262	0.0809884	0.111374	0.0801826	0.109506	0.0793848	0.107659	0.0785949	0.105832	0.0778128	0.104027	0.0770386	0.102244	0.076272	0.100482	0.0755131	0.0987424	0.0747618	0.0970251	0.0740179	0.0953301	0.0732814	0.0936577	0.0725522	0.0920078	0.0718303	0.0903807	0.0711156	0.0887763	0.070408	0.0871946	0.0697074	0.0856357	0.0690138	0.0840994	0.0683271	0.0825858	0.0676472	0.0810947	0.0669741	0.0796262	0.0663077	0.07818	0.065648	0.0767561	0.0649947	0.0753544	0.064348	0.0739746	0.0637078	0.0726167	0.0630739	0.0712804	0.0624463	0.0699657	0.0618249	0.0686723	0.0612097	0.0674	0.0606007	0.0661486	0.0599977	0.0649179	0.0594007	0.0637078	0.0588097	0.0625179	0.0582245	0.0613482	0.0576452	0.0601982	0.0570716	0.0590679	0.0565037	0.0579569	0.0559415	0.0568651	0.0553849	0.0557921	0.0548338	0.0547379	0.0542882	0.053702	0.053748	0.0526843	0.0532132	0.0516845	0.0526837	0.0507025	0.0521595	0.0497378	0.0516405	0.0487903	0.0511267	0.0478598	0.050618	0.0469459	0.0501143	0.0460485	0.0496157	0.0451673	0.049122	0.0443021	0.0486332	0.0434526	0.0481493	0.0426185	0.0476702	0.0417997	0.0471959	0.0409958	0.0467263	0.0402067	0.0462613	0.0394322	0.045801	0.0386719	0.0453453	0.0379256	0.0448941	0.0371932	0.0444474	0.0364744	0.0440051	0.035769	0.0435673	0.0350767	0.0431338	0.0343973	0.0427046	0.0337307	0.0422797	0.0330765	0.041859	0.0324347	0.0414425	0.0318049	0.0410301	0.0311869	0.0406219	0.0305807	0.0402177	0.0299858	0.0398175	0.0294023	0.0394213	0.0288298	0.0390291	0.0282681	0.0386407	0.0277171	0.0382562	0.0271767	0.0378756	0.0266465	0.0374987	0.0261264	0.0371256	0.0256162	0.0367562	0.0251158	0.0363905	0.024625	0.0360284	0.0241436	0.0356699	0.0236714	0.035315	0.0232082	0.0349636	0.022754	0.0346157	0.0223085	0.0342712	0.0218716	0.0339302	0.0214431	0.0335926	0.0210228	0.0332584	0.0206107	0.0329274	0.0202065	0.0325998	0.0198102	0.0322754	0.0194215	0.0319543	0.0190403	0.0316363	0.0186665	0.0313216	0.0182999	0.0310099	0.0179405	0.0307013	0.017588	0.0303959	0.0172424	0.0300934	0.0169035	0.029794	0.0165712	0.0294975	0.0162453	0.029204	0.0159258	0.0289134	0.0156125	0.0286257	0.0153053	0.0283409	0.0150041	0.0280589	0.0147088	0.0277797	0.0144192	0.0275033	0.0141353	0.0272297	0.0138569	0.0255849	0.0129502	0.0239565	0.0120612	0.0223443	0.0111898	0.0207482	0.0103355	0.0191679	0.00949807	0.0176034	0.00867709	0.0160544	0.00787227	0.0145209	0.0070833	0.0130026	0.00630987	0.0114994	0.00555167	0.0100111	0.00480841	0.00853772	0.0040798	0.00707896	0.00336554	0.00563471	0.00266536	0.00420483	0.00197899	0.00278918	0.00130615	0.00138762	0.000646569	0	0	0	0	
0	0.113048	0	0.121987	0	0.130204	0	0.13774	0	0.144633	0	0.150921	0	0.156637	0	0.161816	0	0.166489	0	0.170685	0	0.174432	0	0.177758	0	0.180687	0	0.183243	0	0.18545	0	0.187329	0	0.188899	0	0.190181	0	0.191193	0	0.191951	0	0.192473	0	0.192774	0	0.192868	0	0.19277	0	0.192492	0	0.192047	0	0.191447	0	0.190702	0	0.189824	0	0.188821	0	0.187704	0	0.186482	0	0.185162	0	0.183752	0	0.18226	0	0.180693	0	0.179057	0	0.177359	0	0.175605	0	0.1738	0	0.171948	0	0.170056	0	0.168128	0	0.166168	0	0.164179	0	0.162167	0	0.160134	0	0.158084	0	0.156019	0	0.153944	0	0.15186	0	0.149771	0	0.147678	0	0.145584	0	0.143491	0	0.141401	0	0.139315	0	0.137236	0	0.135165	0	0.133104	0	0.131053	0	0.129015	0	0.12699	0	0.124979	0	0.122983	0	0.121003	0	0.119041	0	0.117096	0	0.115169	0	0.113262	0	0.111374	0	0.109506	0	0.107659	0	0.105832	0	0.104027	0	0.102244	0	0.100482	0	0.0987424	0	0.0970251	0	0.0953301	0	0.0936577	0	0.0920078	0	0.0903807	0	0.0887763	0	0.0871946	0	0.0856357	0	0.0840994	0	0.0825858	0	0.0810947	0	0.0796262	0	0.07818	0	0.0767561	0	0.0753544	0	0.0739746	0	0.0726167	0	0.0712804	0	0.0699657	0	0.0686723	0	0.0674	0	0.0661486	0	0.0649179	0	0.0637078	0	0.0625179	0	0.0613482	0	0.0601982	0	0.0590679	0	0.0579569	0	0.0568651	0	0.0557921	0	0.0547379	0	0.053702	0	0.0526843	0	0.0516845	0	0.0507025	0	0.0497378	0	0.0487903	0	0.0478598	0	0.0469459	0	0.0460485	0	0.0451673	0	0.0443021	0	0.0434526	0	0.0426185	0	0.0417997	0	0.0409958	0	0.0402067	0	0.0394322	0	0.0386719	0	0.0379256	0	0.0371932	0	0.0364744	0	0.035769	0	0.0350767	0	0.0343973	0	0.0337307	0	0.0330765	0	0.0324347	0	0.0318049	0	0.0311869	0	0.0305807	0	0.0299858	0	0.0294023	0	0.0288298	0	0.0282681	0	0.0277171	0	0.0271767	0	0.0266465	0	0.0261264	0	0.0256162	0	0.0251158	0	0.024625	0	0.0241436	0	0.0236714	0	0.0232082	0	0.022754	0	0.0223085	0	0.0218716	0	0.0214431	0	0.0210228	0	0.0206107	0	0.0202065	0	0.0198102	0	0.0194215	0	0.0190403	0	0.0186665	0	0.0182999	0	0.0179405	0	0.017588	0	0.0172424	0	0.0169035	0	0.0165712	0	0.0162453	0	0.0159258	0	0.0156125	0	0.0153053	0	0.0150041	0	0.0147088	0	0.0144192	0	0.0141353	0	0.0138569	0	0.0129502	0	0.0120612	0	0.0111898	0	0.0103355	0	0.00949807	0	0.00867709	0	0.00787227	0	0.0070833	0	0.00630987	0	0.00555167	0	0.00480841	0	0.0040798	0	0.00336554	0	0.00266536	0	0.00197899	0	0.00130615	0	0.000646569	0	0	0	0	
0.171319	0.122953	0.169614	0.132069	0.167927	0.140442	0.166256	0.148113	0.164602	0.155122	0.162964	0.161508	0.161342	0.167306	0.159737	0.17255	0.158147	0.177273	0.156574	0.181506	0.155016	0.185277	0.153473	0.188615	0.151946	0.191544	0.150435	0.194091	0.148938	0.196278	0.147456	0.198127	0.145988	0.199661	0.144536	0.200897	0.143098	0.201856	0.141674	0.202556	0.140264	0.203012	0.138869	0.203242	0.137487	0.203259	0.136119	0.203079	0.134764	0.202716	0.133423	0.202181	0.132096	0.201487	0.130781	0.200645	0.12948	0.199667	0.128192	0.198561	0.126916	0.197339	0.125653	0.196009	0.124403	0.194579	0.123165	0.193059	0.12194	0.191454	0.120727	0.189773	0.119525	0.188023	0.118336	0.186209	0.117159	0.184338	0.115993	0.182416	0.114839	0.180447	0.113696	0.178437	0.112565	0.176391	0.111445	0.174313	0.110336	0.172207	0.109238	0.170077	0.108151	0.167926	0.107075	0.165759	0.106009	0.163579	0.104955	0.161388	0.10391	0.159189	0.102876	0.156985	0.101853	0.154778	0.100839	0.152571	0.0998359	0.150366	0.0988425	0.148165	0.097859	0.14597	0.0968853	0.143782	0.0959213	0.141603	0.0949668	0.139434	0.0940219	0.137278	0.0930864	0.135135	0.0921601	0.133006	0.0912431	0.130893	0.0903353	0.128796	0.0894364	0.126716	0.0885465	0.124655	0.0876654	0.122613	0.0867932	0.12059	0.0859296	0.118588	0.0850745	0.116606	0.084228	0.114646	0.0833899	0.112708	0.0825602	0.110792	0.0817387	0.108898	0.0809254	0.107027	0.0801202	0.10518	0.079323	0.103355	0.0785337	0.101555	0.0777523	0.0997775	0.0769786	0.0980242	0.0762127	0.0962948	0.0754543	0.0945893	0.0747036	0.0929077	0.0739602	0.0912501	0.0732243	0.0896164	0.0724957	0.0880067	0.0717744	0.0864208	0.0710602	0.0848586	0.0703532	0.0833201	0.0696531	0.0818052	0.0689601	0.0803136	0.0682739	0.0788454	0.0675946	0.0774002	0.066922	0.0759781	0.0662561	0.0745787	0.0655969	0.0732018	0.0649442	0.0718474	0.064298	0.0705152	0.0636582	0.0692049	0.0630248	0.0679164	0.0623977	0.0666494	0.0617768	0.0654036	0.0611621	0.064179	0.0605535	0.0629751	0.059951	0.0617919	0.0593545	0.0606289	0.0587639	0.0594861	0.0581792	0.058363	0.0576003	0.0572595	0.0570272	0.0561753	0.0564597	0.0551102	0.055898	0.0540638	0.0553418	0.053036	0.0547911	0.0520265	0.0542459	0.0510349	0.0537062	0.0500611	0.0531718	0.0491048	0.0526427	0.0481657	0.0521189	0.0472436	0.0516003	0.0463383	0.0510869	0.0454493	0.0505786	0.0445766	0.0500753	0.0437198	0.049577	0.0428788	0.0490837	0.0420532	0.0485953	0.0412427	0.0481118	0.0404473	0.0476331	0.0396666	0.0471591	0.0389003	0.0466899	0.0381483	0.0462253	0.0374103	0.0457654	0.036686	0.04531	0.0359753	0.0448592	0.0352779	0.0444128	0.0345936	0.0439709	0.0339221	0.0435334	0.0332632	0.0431002	0.0326168	0.0426714	0.0319826	0.0422468	0.0313604	0.0418264	0.0307499	0.0414102	0.0301511	0.0409982	0.0295636	0.0405902	0.0289872	0.0401864	0.0284219	0.0397865	0.0278673	0.0393906	0.0273233	0.0389987	0.0267897	0.0386106	0.0262663	0.0382265	0.0257529	0.0378461	0.0252493	0.0374695	0.0247554	0.0370967	0.024271	0.0367276	0.0237959	0.0363621	0.02333	0.0360003	0.022873	0.0356421	0.0224248	0.0352875	0.0219852	0.0349363	0.0215542	0.0345887	0.0211315	0.0342446	0.0207169	0.0339038	0.0203104	0.0335665	0.0199117	0.0332325	0.0195208	0.0329018	0.0191374	0.0325744	0.0187615	0.0322503	0.0183928	0.0319294	0.0180314	0.0316117	0.0176769	0.0312972	0.0173294	0.0309858	0.0169886	0.0306774	0.0166544	0.0303722	0.0163268	0.03007	0.0160055	0.0297708	0.0156905	0.0294746	0.0153816	0.0291813	0.0150788	0.0288909	0.0147819	0.0272297	0.0138569	0.0255849	0.0129502	0.0239565	0.0120612	0.0223443	0.0111898	0.0207482	0.0103355	0.0191679	0.00949807	0.0176034	0.00867709	0.0160544	0.00787227	0.0145209	0.0070833	0.0130026	0.00630987	0.0114994	0.00555167	0.0100111	0.00480841	0.00853772	0.0040798	0.00707896	0.00336554	0.00563471	0.00266536	0.00420483	0.00197899	0.00278918	0.00130615	0.00138762	0.000646569	0	0	0	0	
0	0.122953	0	0.132069	0	0.140442	0	0.148113	0	0.155122	0	0.161508	0	0.167306	0	0.17255	0	0.177273	0	0.181506	0	0.185277	0	0.188615	0	0.191544	0	0.194091	0	0.196278	0	0.198127	0	0.199661	0	0.200897	0	0.201856	0	0.202556	0	0.203012	0	0.203242	0	0.203259	0	0.203079	0	0.202716	0	0.202181	0	0.201487	0	0.200645	0	0.199667	0	0.198561	0	0.197339	0	0.196009	0	0.194579	0	0.193059	0	0.191454	0	0.189773	0	0.188023	0	0.186209	0	0.184338	0	0.182416	0	0.180447	0	0.178437	0	0.176391	0	0.174313	0	0.172207	0	0.170077	0	0.167926	0	0.165759	0	0.163579	0	0.161388	0	0.159189	0	0.156985	0	0.154778	0	0.152571	0	0.150366	0	0.148165	0	0.14597	0	0.143782	0	0.141603	0	0.139434	0	0.137278	0	0.135135	0	0.133006	0	0.130893	0	0.128796	0	0.126716	0	0.124655	0	0.122613	0	0.12059	0	0.118588	0	0.116606	0	0.114646	0	0.112708	0	0.110792	0	0.108898	0	0.107027	0	0.10518	0	0.103355	0	0.101555	0	0.0997775	0	0.0980242	0	0.0962948	0	0.0945893	0	0.0929077	0	0.0912501	0	0.0896164	0	0.0880067	0	0.0864208	0	0.0848586	0	0.0833201	0	0.0818052	0	0.0803136	0	0.0788454	0	0.0774002	0	0.0759781	0	0.0745787	0	0.0732018	0	0.0718474	0	0.0705152	0	0.0692049	0	0.0679164	0	0.0666494	0	0.0654036	0	0.064179	0	0.0629751	0	0.0617919	0	0.0606289	0	0.0594861	0	0.058363	0	0.0572595	0	0.0561753	0	0.0551102	0	0.0540638	0	0.053036	0	0.0520265	0	0.0510349	0	0.0500611	0	0.0491048	0	0.0481657	0	0.0472436	0	0.0463383	0	0.0454493	0	0.0445766	0	0.0437198	0	0.0428788	0	0.0420532	0	0.0412427	0	0.0404473	0	0.0396666	0	0.0389003	0	0.0381483	0	0.0374103	0	0.036686	0	0.0359753	0	0.0352779	0	0.0345936	0	0.0339221	0	0.0332632	0	0.0326168	0	0.0319826	0	0.0313604	0	0.0307499	0	0.0301511	0	0.0295636	0	0.0289872	0	0.0284219	0	0.0278673	0	0.0273233	0	0.0267897	0	0.0262663	0	0.0257529	0	0.0252493	0	0.0247554	0	0.024271	0	0.0237959	0	0.02333	0	0.022873	0	0.0224248	0	0.0219852	0	0.0215542	0	0.0211315	0	0.0207169	0	0.0203104	0	0.0199117	0	0.0195208	0	0.0191374	0	0.0187615	0	0.0183928	0	0.0180314	0	0.0176769	0	0.0173294	0	0.0169886	0	0.0166544	0	0.0163268	0	0.0160055	0	0.0156905	0	0.0153816	0	0.0150788	0	0.0147819	0	0.0138569	0	0.0129502	0	0.0120612	0	0.0111898	0	0.0103355	0	0.00949807	0	0.00867709	0	0.00787227	0	0.0070833	0	0.00630987	0	0.00555167	0	0.00480841	0	0.0040798	0	0.00336554	0	0.00266536	0	0.00197899	0	0.00130615	0	0.000646569	0	0	0	0	
0.179466	0.133035	0.17768	0.142307	0.175912	0.150815	0.174162	0.158602	0.172429	0.165709	0.170713	0.172176	0.169014	0.17804	0.167333	0.183335	0.165668	0.188095	0.164019	0.192351	0.162387	0.196134	0.160771	0.199472	0.159172	0.202392	0.157588	0.204918	0.15602	0.207076	0.154467	0.208889	0.15293	0.210377	0.151409	0.211561	0.149902	0.21246	0.148411	0.213094	0.146934	0.213479	0.145472	0.213632	0.144025	0.213569	0.142591	0.213303	0.141173	0.212849	0.139768	0.212221	0.138377	0.21143	0.137	0.210488	0.135637	0.209407	0.134288	0.208196	0.132951	0.206866	0.131628	0.205427	0.130319	0.203886	0.129022	0.202253	0.127738	0.200535	0.126467	0.198739	0.125209	0.196873	0.123963	0.194942	0.12273	0.192954	0.121508	0.190914	0.120299	0.188828	0.119102	0.1867	0.117917	0.184536	0.116744	0.18234	0.115582	0.180117	0.114432	0.177869	0.113294	0.175602	0.112166	0.173319	0.11105	0.171022	0.109945	0.168716	0.108851	0.166403	0.107768	0.164085	0.106696	0.161765	0.105634	0.159447	0.104583	0.157131	0.103543	0.154819	0.102512	0.152515	0.101492	0.150219	0.100482	0.147933	0.0994827	0.145659	0.0984928	0.143398	0.0975128	0.141151	0.0965425	0.13892	0.0955819	0.136706	0.0946308	0.134509	0.0936893	0.132331	0.092757	0.130172	0.0918341	0.128034	0.0909203	0.125916	0.0900156	0.12382	0.08912	0.121746	0.0882332	0.119695	0.0873553	0.117667	0.0864861	0.115662	0.0856255	0.113682	0.0847735	0.111725	0.08393	0.109793	0.0830949	0.107885	0.0822681	0.106002	0.0814495	0.104144	0.0806391	0.102311	0.0798367	0.100503	0.0790423	0.0987207	0.0782558	0.0969632	0.0774772	0.0952309	0.0767063	0.0935237	0.075943	0.0918417	0.0751874	0.0901846	0.0744393	0.0885525	0.0736986	0.0869453	0.0729653	0.0853627	0.0722392	0.0838046	0.0715205	0.082271	0.0708088	0.0807616	0.0701043	0.0792763	0.0694067	0.0778148	0.0687161	0.076377	0.0680324	0.0749626	0.0673554	0.0735714	0.0666852	0.0722033	0.0660217	0.0708579	0.0653648	0.0695351	0.0647144	0.0682345	0.0640705	0.0669559	0.063433	0.0656992	0.0628018	0.0644639	0.0621769	0.0632499	0.0615582	0.0620569	0.0609457	0.0608847	0.0603393	0.0597328	0.0597389	0.0586012	0.0591445	0.0574895	0.058556	0.0563974	0.0579734	0.0553247	0.0573965	0.0542711	0.0568254	0.0532363	0.05626	0.05222	0.0557002	0.051222	0.055146	0.050242	0.0545972	0.0492798	0.054054	0.048335	0.0535162	0.0474074	0.0529837	0.0464968	0.0524565	0.0456028	0.0519345	0.0447252	0.0514178	0.0438637	0.0509061	0.0430182	0.0503996	0.0421882	0.0498981	0.0413736	0.0494016	0.0405742	0.0489101	0.0397896	0.0484234	0.0390196	0.0479416	0.038264	0.0474646	0.0375225	0.0469923	0.0367949	0.0465247	0.036081	0.0460618	0.0353804	0.0456035	0.0346931	0.0451497	0.0340188	0.0447004	0.0333572	0.0442557	0.0327081	0.0438153	0.0320712	0.0433793	0.0314465	0.0429477	0.0308337	0.0425204	0.0302325	0.0420973	0.0296427	0.0416784	0.0290642	0.0412637	0.0284967	0.0408531	0.0279401	0.0404466	0.0273941	0.0400442	0.0268586	0.0396457	0.0263334	0.0392513	0.0258182	0.0388607	0.0253129	0.038474	0.0248174	0.0380912	0.0243313	0.0377122	0.0238547	0.037337	0.0233872	0.0369654	0.0229287	0.0365976	0.0224791	0.0362335	0.0220382	0.0358729	0.0216058	0.035516	0.0211818	0.0351626	0.020766	0.0348127	0.0203582	0.0344663	0.0199584	0.0341234	0.0195663	0.0337839	0.0191818	0.0334477	0.0188048	0.0331149	0.0184351	0.0327854	0.0180726	0.0324592	0.0177172	0.0321362	0.0173687	0.0318165	0.0170269	0.0314999	0.0166919	0.0311864	0.0163633	0.0308761	0.0160412	0.0305689	0.0157254	0.0288909	0.0147819	0.0272297	0.0138569	0.0255849	0.0129502	0.0239565	0.0120612	0.0223443	0.0111898	0.0207482	0.0103355	0.0191679	0.00949807	0.0176034	0.00867709	0.0160544	0.00787227	0.0145209	0.0070833	0.0130026	0.00630987	0.0114994	0.00555167	0.0100111	0.00480841	0.00853772	0.0040798	0.00707896	0.00336554	0.00563471	0.00266536	0.00420483	0.00197899	0.00278918	0.00130615	0.00138762	0.000646569	0	0	0	0	
0	0.133035	0	0.142307	0	0.150815	0	0.158602	0	0.165709	0	0.172176	0	0.17804	0	0.183335	0	0.188095	0	0.192351	0	0.196134	0	0.199472	0	0.202392	0	0.204918	0	0.207076	0	0.208889	0	0.210377	0	0.211561	0	0.21246	0	0.213094	0	0.213479	0	0.213632	0	0.213569	0	0.213303	0	0.212849	0	0.212221	0	0.21143	0	0.210488	0	0.209407	0	0.208196	0	0.206866	0	0.205427	0	0.203886	0	0.202253	0	0.200535	0	0.198739	0	0.196873	0	0.194942	0	0.192954	0	0.190914	0	0.188828	0	0.1867	0	0.184536	0	0.18234	0	0.180117	0	0.177869	0	0.175602	0	0.173319	0	0.171022	0	0.168716	0	0.166403	0	0.164085	0	0.161765	0	0.159447	0	0.157131	0	0.154819	0	0.152515	0	0.150219	0	0.147933	0	0.145659	0	0.143398	0	0.141151	0	0.13892	0	0.136706	0	0.134509	0	0.132331	0	0.130172	0	0.128034	0	0.125916	0	0.12382	0	0.121746	0	0.119695	0	0.117667	0	0.115662	0	0.113682	0	0.111725	0	0.109793	0	0.107885	0	0.106002	0	0.104144	0	0.102311	0	0.100503	0	0.0987207	0	0.0969632	0	0.0952309	0	0.0935237	0	0.0918417	0	0.0901846	0	0.0885525	0	0.0869453	0	0.0853627	0	0.0838046	0	0.082271	0	0.0807616	0	0.0792763	0	0.0778148	0	0.076377	0	0.0749626	0	0.0735714	0	0.0722033	0	0.0708579	0	0.0695351	0	0.0682345	0	0.0669559	0	0.0656992	0	0.0644639	0	0.0632499	0	0.0620569	0	0.0608847	0	0.0597328	0	0.0586012	0	0.0574895	0	0.0563974	0	0.0553247	0	0.0542711	0	0.0532363	0	0.05222	0	0.051222	0	0.050242	0	0.0492798	0	0.048335	0	0.0474074	0	0.0464968	0	0.0456028	0	0.0447252	0	0.0438637	0	0.0430182	0	0.0421882	0	0.0413736	0	0.0405742	0	0.0397896	0	0.0390196	0	0.038264	0	0.0375225	0	0.0367949	0	0.036081	0	0.0353804	0	0.0346931	0	0.0340188	0	0.0333572	0	0.0327081	0	0.0320712	0	0.0314465	0	0.0308337	0	0.0302325	0	0.0296427	0	0.0290642	0	0.0284967	0	0.0279401	0	0.0273941	0	0.0268586	0	0.0263334	0	0.0258182	0	0.0253129	0	0.0248174	0	0.0243313	0	0.0238547	0	0.0233872	0	0.0229287	0	0.0224791	0	0.0220382	0	0.0216058	0	0.0211818	0	0.020766	0	0.0203582	0	0.0199584	0	0.0195663	0	0.0191818	0	0.0188048	0	0.0184351	0	0.0180726	0	0.0177172	0	0.0173687	0	0.0170269	0	0.0166919	0	0.0163633	0	0.0160412	0	0.0157254	0	0.0147819	0	0.0138569	0	0.0129502	0	0.0120612	0	0.0111898	0	0.0103355	0	0.00949807	0	0.00867709	0	0.00787227	0	0.0070833	0	0.00630987	0	0.00555167	0	0.00480841	0	0.0040798	0	0.00336554	0	0.00266536	0	0.00197899	0	0.00130615	0	0.000646569	0	0	0	0	
0.187531	0.143273	0.185665	0.15268	0.183818	0.161304	0.181989	0.169189	0.180178	0.176378	0.178385	0.18291	0.17661	0.188824	0.174853	0.194156	0.173113	0.19894	0.17139	0.203208	0.169685	0.206992	0.167997	0.21032	0.166325	0.213219	0.16467	0.215717	0.163032	0.217838	0.161409	0.219605	0.159803	0.22104	0.158213	0.222165	0.156639	0.222999	0.155081	0.223562	0.153537	0.22387	0.15201	0.223942	0.150497	0.223792	0.149	0.223436	0.147517	0.222889	0.146049	0.222164	0.144596	0.221272	0.143157	0.220228	0.141733	0.219041	0.140323	0.217723	0.138926	0.216284	0.137544	0.214734	0.136175	0.213081	0.134821	0.211333	0.133479	0.2095	0.132151	0.207589	0.130836	0.205606	0.129534	0.203559	0.128245	0.201453	0.126969	0.199295	0.125706	0.197091	0.124455	0.194846	0.123217	0.192564	0.121991	0.19025	0.120777	0.187909	0.119575	0.185545	0.118385	0.183161	0.117207	0.180762	0.116041	0.178351	0.114886	0.17593	0.113743	0.173503	0.112612	0.171072	0.111491	0.168641	0.110382	0.166211	0.109283	0.163785	0.108196	0.161365	0.107119	0.158952	0.106054	0.156549	0.104998	0.154158	0.103954	0.151779	0.102919	0.149414	0.101895	0.147065	0.100881	0.144733	0.0998775	0.142419	0.0988837	0.140123	0.0978998	0.137848	0.0969257	0.135593	0.0959612	0.13336	0.0950064	0.131149	0.0940611	0.12896	0.0931252	0.126795	0.0921985	0.124654	0.0912812	0.122538	0.0903729	0.120446	0.0894737	0.118379	0.0885834	0.116338	0.087702	0.114322	0.0868293	0.112332	0.0859654	0.110369	0.08511	0.108431	0.0842631	0.10652	0.0834247	0.104635	0.0825946	0.102776	0.0817728	0.100944	0.0809591	0.0991382	0.0801536	0.0973587	0.079356	0.0956055	0.0785664	0.0938786	0.0777847	0.0921777	0.0770107	0.0905028	0.0762444	0.0888537	0.0754858	0.0872303	0.0747347	0.0856324	0.0739911	0.0840598	0.0732548	0.0825124	0.0725259	0.0809899	0.0718043	0.0794922	0.0710898	0.0780189	0.0703825	0.0765699	0.0696822	0.0751448	0.0689888	0.0737436	0.0683024	0.0723659	0.0676227	0.0710114	0.0669499	0.06968	0.0662837	0.0683712	0.0656242	0.0670849	0.0649712	0.0658208	0.0643247	0.0645786	0.0636847	0.063358	0.063051	0.0621587	0.0624237	0.0609805	0.0618025	0.059823	0.0611876	0.0586861	0.0605788	0.0575693	0.059976	0.0564724	0.0593792	0.0553951	0.0587884	0.0543372	0.0582034	0.0532983	0.0576243	0.0522782	0.0570509	0.0512766	0.0564833	0.0502931	0.0559212	0.0493276	0.0553648	0.0483797	0.0548139	0.0474492	0.0542685	0.0465358	0.0537285	0.0456392	0.0531939	0.0447591	0.0526646	0.0438953	0.0521406	0.0430475	0.0516218	0.0422154	0.0511082	0.0413989	0.0505996	0.0405975	0.0500962	0.0398111	0.0495977	0.0390395	0.0491042	0.0382823	0.0486156	0.0375393	0.0481319	0.0368103	0.0476529	0.0360951	0.0471788	0.0353933	0.0467093	0.0347048	0.0462446	0.0340294	0.0457844	0.0333667	0.0453289	0.0327166	0.0448779	0.0320789	0.0444313	0.0314533	0.0439892	0.0308396	0.0435515	0.0302376	0.0431182	0.0296472	0.0426891	0.029068	0.0422644	0.0284999	0.0418438	0.0279427	0.0414275	0.0273961	0.0410153	0.0268601	0.0406072	0.0263344	0.0402031	0.0258187	0.0398031	0.025313	0.039407	0.0248171	0.0390149	0.0243307	0.0386267	0.0238537	0.0382424	0.0233859	0.0378619	0.0229271	0.0374851	0.0224773	0.0371121	0.0220361	0.0367429	0.0216035	0.0363773	0.0211792	0.0360153	0.0207632	0.035657	0.0203553	0.0353022	0.0199552	0.0349509	0.019563	0.0346031	0.0191784	0.0342588	0.0188012	0.0339179	0.0184314	0.0335805	0.0180688	0.0332463	0.0177133	0.0329155	0.0173647	0.032588	0.0170229	0.0322638	0.0166878	0.0305689	0.0157254	0.0288909	0.0147819	0.0272297	0.0138569	0.0255849	0.0129502	0.0239565	0.0120612	0.0223443	0.0111898	0.0207482	0.0103355	0.0191679	0.00949807	0.0176034	0.00867709	0.0160544	0.00787227	0.0145209	0.0070833	0.0130026	0.00630987	0.0114994	0.00555167	0.0100111	0.00480841	0.00853772	0.0040798	0.00707896	0.00336554	0.00563471	0.00266536	0.00420483	0.00197899	0.00278918	0.00130615	0.00138762	0.000646569	0	0	0	0	
0	0.143273	0	0.15268	0	0.161304	0	0.169189	0	0.176378	0	0.18291	0	0.188824	0	0.194156	0	0.19894	0	0.203208	0	0.206992	0	0.21032	0	0.213219	0	0.215717	0	0.217838	0	0.219605	0	0.22104	0	0.222165	0	0.222999	0	0.223562	0	0.22387	0	0.223942	0	0.223792	0	0.223436	0	0.222889	0	0.222164	0	0.221272	0	0.220228	0	0.219041	0	0.217723	0	0.216284	0	0.214734	0	0.213081	0	0.211333	0	0.2095	0	0.207589	0	0.205606	0	0.203559	0	0.201453	0	0.199295	0	0.197091	0	0.194846	0	0.192564	0	0.19025	0	0.187909	0	0.185545	0	0.183161	0	0.180762	0	0.178351	0	0.17593	0	0.173503	0	0.171072	0	0.168641	0	0.166211	0	0.163785	0	0.161365	0	0.158952	0	0.156549	0	0.154158	0	0.151779	0	0.149414	0	0.147065	0	0.144733	0	0.142419	0	0.140123	0	0.137848	0	0.135593	0	0.13336	0	0.131149	0	0.12896	0	0.126795	0	0.124654	0	0.122538	0	0.120446	0	0.118379	0	0.116338	0	0.114322	0	0.112332	0	0.110369	0	0.108431	0	0.10652	0	0.104635	0	0.102776	0	0.100944	0	0.0991382	0	0.0973587	0	0.0956055	0	0.0938786	0	0.0921777	0	0.0905028	0	0.0888537	0	0.0872303	0	0.0856324	0	0.0840598	0	0.0825124	0	0.0809899	0	0.0794922	0	0.0780189	0	0.0765699	0	0.0751448	0	0.0737436	0	0.0723659	0	0.0710114	0	0.06968	0	0.0683712	0	0.0670849	0	0.0658208	0	0.0645786	0	0.063358	0	0.0621587	0	0.0609805	0	0.059823	0	0.0586861	0	0.0575693	0	0.0564724	0	0.0553951	0	0.0543372	0	0.0532983	0	0.0522782	0	0.0512766	0	0.0502931	0	0.0493276	0	0.0483797	0	0.0474492	0	0.0465358	0	0.0456392	0	0.0447591	0	0.0438953	0	0.0430475	0	0.0422154	0	0.0413989	0	0.0405975	0	0.0398111	0	0.0390395	0	0.0382823	0	0.0375393	0	0.0368103	0	0.0360951	0	0.0353933	0	0.0347048	0	0.0340294	0	0.0333667	0	0.0327166	0	0.0320789	0	0.0314533	0	0.0308396	0	0.0302376	0	0.0296472	0	0.029068	0	0.0284999	0	0.0279427	0	0.0273961	0	0.0268601	0	0.0263344	0	0.0258187	0	0.025313	0	0.0248171	0	0.0243307	0	0.0238537	0	0.0233859	0	0.0229271	0	0.0224773	0	0.0220361	0	0.0216035	0	0.0211792	0	0.0207632	0	0.0203553	0	0.0199552	0	0.019563	0	0.0191784	0	0.0188012	0	0.0184314	0	0.0180688	0	0.0177133	0	0.0173647	0	0.0170229	0	0.0166878	0	0.0157254	0	0.0147819	0	0.0138569	0	0.0129502	0	0.0120612	0	0.0111898	0	0.0103355	0	0.00949807	0	0.00867709	0	0.00787227	0	0.0070833	0	0.00630987	0	0.00555167	0	0.00480841	0	0.0040798	0	0.00336554	0	0.00266536	0	0.00197899	0	0.00130615	0	0.000646569	0	0	0	0	
0.195516	0.153646	0.193571	0.163169	0.191645	0.171891	0.189738	0.179858	0.18785	0.187112	0.185981	0.193695	0.18413	0.199645	0.182298	0.205001	0.180484	0.209797	0.178688	0.214066	0.17691	0.217839	0.17515	0.221147	0.173407	0.224018	0.171682	0.226478	0.169974	0.228554	0.168282	0.230268	0.166608	0.231644	0.16495	0.232703	0.163309	0.233466	0.161684	0.233952	0.160075	0.234179	0.158482	0.234165	0.156905	0.233926	0.155344	0.233476	0.153799	0.232832	0.152268	0.232006	0.150753	0.231012	0.149253	0.229863	0.147768	0.228569	0.146298	0.227141	0.144842	0.225591	0.143401	0.223928	0.141974	0.222161	0.140561	0.220299	0.139163	0.21835	0.137778	0.216322	0.136407	0.214222	0.13505	0.212057	0.133706	0.209834	0.132376	0.207558	0.131058	0.205236	0.129754	0.202873	0.128463	0.200473	0.127185	0.198043	0.12592	0.195585	0.124667	0.193104	0.123426	0.190605	0.122198	0.188091	0.120982	0.185565	0.119778	0.18303	0.118587	0.18049	0.117407	0.177948	0.116238	0.175405	0.115082	0.172865	0.113937	0.17033	0.112803	0.167802	0.111681	0.165282	0.110569	0.162774	0.109469	0.160277	0.10838	0.157795	0.107302	0.155328	0.106234	0.152878	0.105177	0.150446	0.10413	0.148033	0.103094	0.14564	0.102068	0.143269	0.101053	0.140919	0.100047	0.138592	0.0990518	0.136289	0.0980663	0.134009	0.0970905	0.131755	0.0961244	0.129525	0.095168	0.127321	0.094221	0.125144	0.0932835	0.122992	0.0923553	0.120867	0.0914364	0.11877	0.0905266	0.116699	0.0896258	0.114656	0.088734	0.11264	0.0878511	0.110651	0.086977	0.10869	0.0861115	0.106757	0.0852547	0.104851	0.0844064	0.102973	0.0835666	0.101123	0.0827351	0.0992995	0.0819118	0.0975037	0.0810968	0.0957352	0.0802899	0.0939938	0.079491	0.0922793	0.0787	0.0905917	0.0779169	0.0889306	0.0771417	0.087296	0.0763741	0.0856876	0.0756141	0.0841051	0.0748618	0.0825484	0.0741169	0.0810173	0.0733794	0.0795114	0.0726493	0.0780305	0.0719264	0.0765744	0.0712107	0.0751428	0.0705022	0.0737354	0.0698007	0.072352	0.0691061	0.0709922	0.0684185	0.0696558	0.0677377	0.0683424	0.0670637	0.0670519	0.0663964	0.0657838	0.0657358	0.064538	0.0650817	0.063314	0.0644341	0.0621117	0.063793	0.0609306	0.0631582	0.0597706	0.0625298	0.0586313	0.0619076	0.0575123	0.0612916	0.0564135	0.0606818	0.0553345	0.060078	0.054275	0.0594802	0.0532347	0.0588884	0.0522133	0.0583024	0.0512106	0.0577223	0.0502262	0.0571479	0.0492598	0.0565793	0.0483112	0.0560163	0.0473801	0.055459	0.0464661	0.0549071	0.0455691	0.0543608	0.0446888	0.0538199	0.0438247	0.0532844	0.0429768	0.0527542	0.0421447	0.0522293	0.0413281	0.0517096	0.0405269	0.0511951	0.0397407	0.0506857	0.0389692	0.0501813	0.0382123	0.049682	0.0374696	0.0491877	0.036741	0.0486983	0.0360261	0.0482137	0.0353248	0.047734	0.0346368	0.047259	0.0339618	0.0467888	0.0332997	0.0463232	0.0326502	0.0458623	0.0320131	0.045406	0.0313881	0.0449542	0.0307751	0.0445069	0.0301737	0.044064	0.0295839	0.0436256	0.0290054	0.0431915	0.028438	0.0427617	0.0278815	0.0423362	0.0273357	0.041915	0.0268004	0.0414979	0.0262755	0.041085	0.0257606	0.0406762	0.0252556	0.0402715	0.0247604	0.0398708	0.0242748	0.039474	0.0237986	0.0390813	0.0233315	0.0386924	0.0228735	0.0383074	0.0224244	0.0379262	0.021984	0.0375489	0.0215522	0.0371753	0.0211287	0.0368054	0.0207134	0.0364391	0.0203063	0.0360766	0.019907	0.0357176	0.0195155	0.0353622	0.0191316	0.0350103	0.0187552	0.034662	0.0183861	0.0343171	0.0180243	0.0339756	0.0176695	0.0322638	0.0166878	0.0305689	0.0157254	0.0288909	0.0147819	0.0272297	0.0138569	0.0255849	0.0129502	0.0239565	0.0120612	0.0223443	0.0111898	0.0207482	0.0103355	0.0191679	0.00949807	0.0176034	0.00867709	0.0160544	0.00787227	0.0145209	0.0070833	0.0130026	0.00630987	0.0114994	0.00555167	0.0100111	0.00480841	0.00853772	0.0040798	0.00707896	0.00336554	0.00563471	0.00266536	0.00420483	0.00197899	0.00278918	0.00130615	0.00138762	0.000646569	0	0	0	0	
0	0.153646	0	0.163169	0	0.171891	0	0.179858	0	0.187112	0	0.193695	0	0.199645	0	0.205001	0	0.209797	0	0.214066	0	0.217839	0	0.221147	0	0.224018	0	0.226478	0	0.228554	0	0.230268	0	0.231644	0	0.232703	0	0.233466	0	0.233952	0	0.234179	0	0.234165	0	0.233926	0	0.233476	0	0.232832	0	0.232006	0	0.231012	0	0.229863	0	0.228569	0	0.227141	0	0.225591	0	0.223928	0	0.222161	0	0.220299	0	0.21835	0	0.216322	0	0.214222	0	0.212057	0	0.209834	0	0.207558	0	0.205236	0	0.202873	0	0.200473	0	0.198043	0	0.195585	0	0.193104	0	0.190605	0	0.188091	0	0.185565	0	0.18303	0	0.18049	0	0.177948	0	0.175405	0	0.172865	0	0.17033	0	0.167802	0	0.165282	0	0.162774	0	0.160277	0	0.157795	0	0.155328	0	0.152878	0	0.150446	0	0.148033	0	0.14564	0	0.143269	0	0.140919	0	0.138592	0	0.136289	0	0.134009	0	0.131755	0	0.129525	0	0.127321	0	0.125144	0	0.122992	0	0.120867	0	0.11877	0	0.116699	0	0.114656	0	0.11264	0	0.110651	0	0.10869	0	0.106757	0	0.104851	0	0.102973	0	0.101123	0	0.0992995	0	0.0975037	0	0.0957352	0	0.0939938	0	0.0922793	0	0.0905917	0	0.0889306	0	0.087296	0	0.0856876	0	0.0841051	0	0.0825484	0	0.0810173	0	0.0795114	0	0.0780305	0	0.0765744	0	0.0751428	0	0.0737354	0	0.072352	0	0.0709922	0	0.0696558	0	0.0683424	0	0.0670519	0	0.0657838	0	0.064538	0	0.063314	0	0.0621117	0	0.0609306	0	0.0597706	0	0.0586313	0	0.0575123	0	0.0564135	0	0.0553345	0	0.054275	0	0.0532347	0	0.0522133	0	0.0512106	0	0.0502262	0	0.0492598	0	0.0483112	0	0.0473801	0	0.0464661	0	0.0455691	0	0.0446888	0	0.0438247	0	0.0429768	0	0.0421447	0	0.0413281	0	0.0405269	0	0.0397407	0	0.0389692	0	0.0382123	0	0.0374696	0	0.036741	0	0.0360261	0	0.0353248	0	0.0346368	0	0.0339618	0	0.0332997	0	0.0326502	0	0.0320131	0	0.0313881	0	0.0307751	0	0.0301737	0	0.0295839	0	0.0290054	0	0.028438	0	0.0278815	0	0.0273357	0	0.0268004	0	0.0262755	0	0.0257606	0	0.0252556	0	0.0247604	0	0.0242748	0	0.0237986	0	0.0233315	0	0.0228735	0	0.0224244	0	0.021984	0	0.0215522	0	0.0211287	0	0.0207134	0	0.0203063	0	0.019907	0	0.0195155	0	0.0191316	0	0.0187552	0	0.0183861	0	0.0180243	0	0.0176695	0	0.0166878	0	0.0157254	0	0.0147819	0	0.0138569	0	0.0129502	0	0.0120612	0	0.0111898	0	0.0103355	0	0.00949807	0	0.00867709	0	0.00787227	0	0.0070833	0	0.00630987	0	0.00555167	0	0.00480841	0	0.0040798	0	0.00336554	0	0.00266536	0	0.00197899	0	0.00130615	0	0.000646569	0	0	0	0	
0.203422	0.164135	0.201398	0.173757	0.199394	0.18256	0.19741	0.190592	0.195446	0.197896	0.193501	0.204516	0.191576	0.210491	0.189669	0.215858	0.187782	0.220654	0.185914	0.224913	0.184064	0.228667	0.182232	0.231946	0.180419	0.234779	0.178624	0.237194	0.176847	0.239217	0.175087	0.240872	0.173345	0.242183	0.17162	0.243171	0.169912	0.243857	0.168222	0.244262	0.166548	0.244403	0.164891	0.244299	0.16325	0.243965	0.161626	0.243419	0.160017	0.242675	0.158425	0.241746	0.156849	0.240647	0.155288	0.23939	0.153743	0.237986	0.152213	0.236448	0.150699	0.234785	0.149199	0.233008	0.147715	0.231126	0.146245	0.229149	0.14479	0.227083	0.143349	0.224938	0.141923	0.222721	0.140511	0.220438	0.139112	0.218097	0.137728	0.215704	0.136358	0.213264	0.135001	0.210783	0.133658	0.208266	0.132328	0.205718	0.131011	0.203144	0.129708	0.200548	0.128417	0.197933	0.127139	0.195305	0.125874	0.192665	0.124622	0.190017	0.123382	0.187366	0.122154	0.184712	0.120939	0.18206	0.119735	0.179411	0.118544	0.176767	0.117364	0.174132	0.116196	0.171507	0.11504	0.168894	0.113896	0.166294	0.112762	0.163709	0.11164	0.161141	0.11053	0.158591	0.10943	0.156061	0.108341	0.15355	0.107263	0.151061	0.106196	0.148595	0.105139	0.146151	0.104093	0.143732	0.103057	0.141338	0.102032	0.138969	0.101016	0.136625	0.100011	0.134309	0.0990161	0.132019	0.0980309	0.129757	0.0970555	0.127522	0.0960897	0.125315	0.0951336	0.123136	0.094187	0.120986	0.0932499	0.118864	0.092322	0.116771	0.0914034	0.114707	0.0904939	0.112671	0.0895935	0.110664	0.088702	0.108686	0.0878194	0.106737	0.0869456	0.104817	0.0860805	0.102925	0.085224	0.101061	0.084376	0.0992262	0.0835364	0.0974194	0.0827052	0.0956407	0.0818823	0.0938899	0.0810675	0.0921668	0.0802609	0.0904711	0.0794623	0.0888027	0.0786716	0.0871614	0.0778888	0.0855468	0.0771138	0.0839588	0.0763465	0.0823971	0.0755869	0.0808614	0.0748348	0.0793514	0.0740901	0.0778669	0.0733529	0.0764075	0.0726231	0.074973	0.0719004	0.0735631	0.071185	0.0721774	0.0704767	0.0708158	0.0697755	0.0694778	0.0690812	0.0681631	0.0683938	0.0668716	0.0677133	0.0656027	0.0670395	0.0643563	0.0663725	0.063132	0.0657121	0.0619295	0.0650582	0.0607485	0.0644109	0.0595886	0.06377	0.0584497	0.0631355	0.0573313	0.0625072	0.0562331	0.0618853	0.0551549	0.0612695	0.0540963	0.0606599	0.053057	0.0600563	0.0520367	0.0594587	0.0510352	0.0588671	0.0500521	0.0582814	0.0490871	0.0577015	0.04814	0.0571273	0.0472104	0.0565589	0.0462981	0.0559961	0.0454027	0.055439	0.044524	0.0548873	0.0436617	0.0543412	0.0428156	0.0538005	0.0419853	0.0532652	0.0411706	0.0527352	0.0403712	0.0522104	0.0395868	0.0516909	0.0388173	0.0511766	0.0380623	0.0506674	0.0373216	0.0501632	0.0365949	0.0496641	0.035882	0.0491699	0.0351827	0.0486807	0.0344966	0.0481963	0.0338237	0.0477168	0.0331635	0.047242	0.032516	0.0467719	0.0318808	0.0463065	0.0312578	0.0458458	0.0306467	0.0453896	0.0300474	0.0449379	0.0294595	0.0444908	0.0288829	0.0440481	0.0283175	0.0436098	0.0277629	0.0431759	0.0272189	0.0427463	0.0266855	0.042321	0.0261624	0.0418999	0.0256493	0.041483	0.0251462	0.0410702	0.0246528	0.0406615	0.024169	0.0402569	0.0236945	0.0398564	0.0232293	0.0394598	0.022773	0.0390672	0.0223256	0.0386784	0.0218869	0.0382936	0.0214567	0.0379126	0.0210349	0.0375353	0.0206212	0.0371618	0.0202157	0.0367921	0.019818	0.036426	0.0194281	0.0360635	0.0190457	0.0357047	0.0186708	0.0339756	0.0176695	0.0322638	0.0166878	0.0305689	0.0157254	0.0288909	0.0147819	0.0272297	0.0138569	0.0255849	0.0129502	0.0239565	0.0120612	0.0223443	0.0111898	0.0207482	0.0103355	0.0191679	0.00949807	0.0176034	0.00867709	0.0160544	0.00787227	0.0145209	0.0070833	0.0130026	0.00630987	0.0114994	0.00555167	0.0100111	0.00480841	0.00853772	0.0040798	0.00707896	0.00336554	0.00563471	0.00266536	0.00420483	0.00197899	0.00278918	0.00130615	0.00138762	0.000646569	0	0	0	0	
0	0.164135	0	0.173757	0	0.18256	0	0.190592	0	0.197896	0	0.204516	0	0.210491	0	0.215858	0	0.220654	0	0.224913	0	0.228667	0	0.231946	0	0.234779	0	0.237194	0	0.239217	0	0.240872	0	0.242183	0	0.243171	0	0.243857	0	0.244262	0	0.244403	0	0.244299	0	0.243965	0	0.243419	0	0.242675	0	0.241746	0	0.240647	0	0.23939	0	0.237986	0	0.236448	0	0.234785	0	0.233008	0	0.231126	0	0.229149	0	0.227083	0	0.224938	0	0.222721	0	0.220438	0	0.218097	0	0.215704	0	0.213264	0	0.210783	0	0.208266	0	0.205718	0	0.203144	0	0.200548	0	0.197933	0	0.195305	0	0.192665	0	0.190017	0	0.187366	0	0.184712	0	0.18206	0	0.179411	0	0.176767	0	0.174132	0	0.171507	0	0.168894	0	0.166294	0	0.163709	0	0.161141	0	0.158591	0	0.156061	0	0.15355	0	0.151061	0	0.148595	0	0.146151	0	0.143732	0	0.141338	0	0.138969	0	0.136625	0	0.134309	0	0.132019	0	0.129757	0	0.127522	0	0.125315	0	0.123136	0	0.120986	0	0.118864	0	0.116771	0	0.114707	0	0.112671	0	0.110664	0	0.108686	0	0.106737	0	0.104817	0	0.102925	0	0.101061	0	0.0992262	0	0.0974194	0	0.0956407	0	0.0938899	0	0.0921668	0	0.0904711	0	0.0888027	0	0.0871614	0	0.0855468	0	0.0839588	0	0.0823971	0	0.0808614	0	0.0793514	0	0.0778669	0	0.0764075	0	0.074973	0	0.0735631	0	0.0721774	0	0.0708158	0	0.0694778	0	0.0681631	0	0.0668716	0	0.0656027	0	0.0643563	0	0.063132	0	0.0619295	0	0.0607485	0	0.0595886	0	0.0584497	0	0.0573313	0	0.0562331	0	0.0551549	0	0.0540963	0	0.053057	0	0.0520367	0	0.0510352	0	0.0500521	0	0.0490871	0	0.04814	0	0.0472104	0	0.0462981	0	0.0454027	0	0.044524	0	0.0436617	0	0.0428156	0	0.0419853	0	0.0411706	0	0.0403712	0	0.0395868	0	0.0388173	0	0.0380623	0	0.0373216	0	0.0365949	0	0.035882	0	0.0351827	0	0.0344966	0	0.0338237	0	0.0331635	0	0.032516	0	0.0318808	0	0.0312578	0	0.0306467	0	0.0300474	0	0.0294595	0	0.0288829	0	0.0283175	0	0.0277629	0	0.0272189	0	0.0266855	0	0.0261624	0	0.0256493	0	0.0251462	0	0.0246528	0	0.024169	0	0.0236945	0	0.0232293	0	0.022773	0	0.0223256	0	0.0218869	0	0.0214567	0	0.0210349	0	0.0206212	0	0.0202157	0	0.019818	0	0.0194281	0	0.0190457	0	0.0186708	0	0.0176695	0	0.0166878	0	0.0157254	0	0.0147819	0	0.0138569	0	0.0129502	0	0.0120612	0	0.0111898	0	0.0103355	0	0.00949807	0	0.00867709	0	0.00787227	0	0.0070833	0	0.00630987	0	0.00555167	0	0.00480841	0	0.0040798	0	0.00336554	0	0.00266536	0	0.00197899	0	0.00130615	0	0.000646569	0	0	0	0	
0.211249	0.174722	0.209147	0.184425	0.207066	0.193294	0.205006	0.201376	0.202966	0.208718	0.200946	0.215361	0.198947	0.221348	0.196967	0.226716	0.195007	0.231502	0.193067	0.235741	0.191146	0.239465	0.189244	0.242707	0.187361	0.245495	0.185497	0.247858	0.183651	0.249821	0.181824	0.251411	0.180015	0.25265	0.178223	0.253562	0.17645	0.254166	0.174694	0.254485	0.172956	0.254536	0.171235	0.254338	0.169531	0.253908	0.167844	0.253262	0.166174	0.252415	0.164521	0.251381	0.162884	0.250174	0.161263	0.248808	0.159659	0.247293	0.15807	0.245642	0.156497	0.243866	0.15494	0.241974	0.153398	0.239976	0.151872	0.237882	0.150361	0.235699	0.148865	0.233437	0.147383	0.231102	0.145917	0.228701	0.144465	0.226242	0.143028	0.223731	0.141604	0.221174	0.140195	0.218575	0.138801	0.215942	0.137419	0.213278	0.136052	0.210588	0.134698	0.207876	0.133358	0.205147	0.132031	0.202405	0.130717	0.199652	0.129417	0.196893	0.128129	0.19413	0.126854	0.191366	0.125592	0.188605	0.124342	0.185848	0.123105	0.183098	0.12188	0.180357	0.120667	0.177627	0.119467	0.17491	0.118278	0.172208	0.117101	0.169522	0.115936	0.166854	0.114782	0.164206	0.11364	0.161578	0.11251	0.158971	0.11139	0.156387	0.110282	0.153827	0.109184	0.151292	0.108098	0.148781	0.107022	0.146297	0.105957	0.143839	0.104903	0.141409	0.103859	0.139006	0.102826	0.136632	0.101803	0.134286	0.10079	0.131969	0.099787	0.129681	0.0987941	0.127423	0.0978111	0.125194	0.0968378	0.122996	0.0958743	0.120826	0.0949203	0.118687	0.0939758	0.116578	0.0930408	0.114499	0.092115	0.11245	0.0911984	0.110431	0.090291	0.108442	0.0893926	0.106482	0.0885031	0.104552	0.0876225	0.102652	0.0867506	0.100781	0.0858875	0.0989389	0.0850329	0.097126	0.0841868	0.0953419	0.0833491	0.0935863	0.0825198	0.091859	0.0816987	0.0901598	0.0808858	0.0884884	0.0800809	0.0868445	0.0792841	0.0852279	0.0784952	0.0836383	0.0777142	0.0820754	0.0769409	0.0805389	0.0761753	0.0790285	0.0754174	0.0775439	0.074667	0.0760847	0.073924	0.0746508	0.0731885	0.0732416	0.0724602	0.0718571	0.0717392	0.0704967	0.0710254	0.0691602	0.0703187	0.0678473	0.069619	0.0665576	0.0689263	0.0652909	0.0682405	0.0640467	0.0675615	0.0628248	0.0668892	0.0616248	0.0662237	0.0604464	0.0655647	0.0592894	0.0649123	0.0581533	0.0642665	0.0570378	0.063627	0.0559427	0.0629939	0.0548676	0.0623671	0.0538122	0.0617465	0.0527761	0.0611321	0.0517592	0.0605239	0.050761	0.0599216	0.0497813	0.0593254	0.0488197	0.0587351	0.047876	0.0581507	0.0469499	0.0575721	0.046041	0.0569992	0.0451491	0.0564321	0.0442739	0.0558706	0.0434151	0.0553146	0.0425725	0.0547643	0.0417457	0.0542193	0.0409345	0.0536799	0.0401386	0.0531457	0.0393578	0.0526169	0.0385917	0.0520934	0.0378401	0.051575	0.0371029	0.0510619	0.0363796	0.0505538	0.0356701	0.0500508	0.0349741	0.0495528	0.0342914	0.0490597	0.0336217	0.0485715	0.0329649	0.0480882	0.0323206	0.0476098	0.0316886	0.047136	0.0310688	0.046667	0.0304609	0.0462027	0.0298646	0.045743	0.0292799	0.0452878	0.0287063	0.0448372	0.0281439	0.044391	0.0275923	0.0439493	0.0270513	0.043512	0.0265208	0.0430791	0.0260005	0.0426504	0.0254903	0.0422261	0.02499	0.0418059	0.0244993	0.0413899	0.0240182	0.0409781	0.0235464	0.0405704	0.0230838	0.0401667	0.0226301	0.039767	0.0221853	0.0393713	0.0217491	0.0389796	0.0213214	0.0385917	0.020902	0.0382077	0.0204908	0.0378276	0.0200876	0.0374512	0.0196923	0.0357047	0.0186708	0.0339756	0.0176695	0.0322638	0.0166878	0.0305689	0.0157254	0.0288909	0.0147819	0.0272297	0.0138569	0.0255849	0.0129502	0.0239565	0.0120612	0.0223443	0.0111898	0.0207482	0.0103355	0.0191679	0.00949807	0.0176034	0.00867709	0.0160544	0.00787227	0.0145209	0.0070833	0.0130026	0.00630987	0.0114994	0.00555167	0.0100111	0.00480841	0.00853772	0.0040798	0.00707896	0.00336554	0.00563471	0.00266536	0.00420483	0.00197899	0.00278918	0.00130615	0.00138762	0.000646569	0	0	0	0	
0	0.174722	0	0.184425	0	0.193294	0	0.201376	0	0.208718	0	0.215361	0	0.221348	0	0.226716	0	0.231502	0	0.235741	0	0.239465	0	0.242707	0	0.245495	0	0.247858	0	0.249821	0	0.251411	0	0.25265	0	0.253562	0	0.254166	0	0.254485	0	0.254536	0	0.254338	0	0.253908	0	0.253262	0	0.252415	0	0.251381	0	0.250174	0	0.248808	0	0.247293	0	0.245642	0	0.243866	0	0.241974	0	0.239976	0	0.237882	0	0.235699	0	0.233437	0	0.231102	0	0.228701	0	0.226242	0	0.223731	0	0.221174	0	0.218575	0	0.215942	0	0.213278	0	0.210588	0	0.207876	0	0.205147	0	0.202405	0	0.199652	0	0.196893	0	0.19413	0	0.191366	0	0.188605	0	0.185848	0	0.183098	0	0.180357	0	0.177627	0	0.17491	0	0.172208	0	0.169522	0	0.166854	0	0.164206	0	0.161578	0	0.158971	0	0.156387	0	0.153827	0	0.151292	0	0.148781	0	0.146297	0	0.143839	0	0.141409	0	0.139006	0	0.136632	0	0.134286	0	0.131969	0	0.129681	0	0.127423	0	0.125194	0	0.122996	0	0.120826	0	0.118687	0	0.116578	0	0.114499	0	0.11245	0	0.110431	0	0.108442	0	0.106482	0	0.104552	0	0.102652	0	0.100781	0	0.0989389	0	0.097126	0	0.0953419	0	0.0935863	0	0.091859	0	0.0901598	0	0.0884884	0	0.0868445	0	0.0852279	0	0.0836383	0	0.0820754	0	0.0805389	0	0.0790285	0	0.0775439	0	0.0760847	0	0.0746508	0	0.0732416	0	0.0718571	0	0.0704967	0	0.0691602	0	0.0678473	0	0.0665576	0	0.0652909	0	0.0640467	0	0.0628248	0	0.0616248	0	0.0604464	0	0.0592894	0	0.0581533	0	0.0570378	0	0.0559427	0	0.0548676	0	0.0538122	0	0.0527761	0	0.0517592	0	0.050761	0	0.0497813	0	0.0488197	0	0.047876	0	0.0469499	0	0.046041	0	0.0451491	0	0.0442739	0	0.0434151	0	0.0425725	0	0.0417457	0	0.0409345	0	0.0401386	0	0.0393578	0	0.0385917	0	0.0378401	0	0.0371029	0	0.0363796	0	0.0356701	0	0.0349741	0	0.0342914	0	0.0336217	0	0.0329649	0	0.0323206	0	0.0316886	0	0.0310688	0	0.0304609	0	0.0298646	0	0.0292799	0	0.0287063	0	0.0281439	0	0.0275923	0	0.0270513	0	0.0265208	0	0.0260005	0	0.0254903	0	0.02499	0	0.0244993	0	0.0240182	0	0.0235464	0	0.0230838	0	0.0226301	0	0.0221853	0	0.0217491	0	0.0213214	0	0.020902	0	0.0204908	0	0.0200876	0	0.0196923	0	0.0186708	0	0.0176695	0	0.0166878	0	0.0157254	0	0.0147819	0	0.0138569	0	0.0129502	0	0.0120612	0	0.0111898	0	0.0103355	0	0.00949807	0	0.00867709	0	0.00787227	0	0.0070833	0	0.00630987	0	0.00555167	0	0.00480841	0	0.0040798	0	0.00336554	0	0.00266536	0	0.00197899	0	0.00130615	0	0.000646569	0	0	0	0	
0.218998	0.185391	0.216819	0.195159	0.214662	0.204078	0.212526	0.212197	0.210411	0.219563	0.208318	0.226218	0.206245	0.232205	0.204193	0.237563	0.202161	0.242329	0.200149	0.246539	0.198158	0.250227	0.196186	0.253423	0.194234	0.256159	0.192301	0.258462	0.190388	0.26036	0.188494	0.261878	0.186618	0.263041	0.184761	0.263871	0.182923	0.26439	0.181103	0.264619	0.179301	0.264576	0.177517	0.264281	0.17575	0.263751	0.174001	0.263002	0.17227	0.262049	0.170556	0.260908	0.168859	0.259592	0.167179	0.258115	0.165515	0.256488	0.163868	0.254723	0.162238	0.252831	0.160624	0.250824	0.159025	0.248709	0.157443	0.246498	0.155876	0.244198	0.154325	0.241818	0.15279	0.239365	0.15127	0.236846	0.149764	0.23427	0.148274	0.231641	0.146799	0.228966	0.145338	0.226251	0.143892	0.223501	0.14246	0.220721	0.141043	0.217916	0.139639	0.21509	0.13825	0.212248	0.136874	0.209392	0.135512	0.206528	0.134164	0.203657	0.132829	0.200784	0.131507	0.197912	0.130199	0.195042	0.128903	0.192178	0.127621	0.189322	0.126351	0.186477	0.125094	0.183643	0.123849	0.180824	0.122617	0.178021	0.121397	0.175235	0.120189	0.172469	0.118993	0.169723	0.117809	0.166999	0.116637	0.164297	0.115476	0.16162	0.114327	0.158967	0.11319	0.156341	0.112063	0.153741	0.110948	0.151168	0.109844	0.148623	0.108751	0.146107	0.107669	0.143619	0.106598	0.141162	0.105537	0.138734	0.104487	0.136336	0.103447	0.133968	0.102418	0.131632	0.101399	0.129326	0.10039	0.127051	0.0993912	0.124807	0.0984023	0.122595	0.0974231	0.120413	0.0964538	0.118263	0.095494	0.116144	0.0945438	0.114056	0.0936031	0.111999	0.0926718	0.109973	0.0917497	0.107978	0.0908367	0.106013	0.0899329	0.104079	0.089038	0.102175	0.0881521	0.100301	0.087275	0.0984571	0.0864066	0.0966426	0.0855468	0.0948574	0.0846956	0.0931014	0.0838529	0.0913741	0.0830185	0.0896754	0.0821925	0.0880049	0.0813746	0.0863623	0.080565	0.0847475	0.0797633	0.0831599	0.0789697	0.0815994	0.0781839	0.0800655	0.077406	0.078558	0.0766358	0.0770766	0.0758732	0.0756209	0.0751183	0.0741906	0.0743708	0.0727854	0.0736308	0.0714048	0.0728982	0.0700486	0.0721728	0.0687165	0.0714547	0.0674081	0.0707437	0.066123	0.0700398	0.0648609	0.0693429	0.0636216	0.0686529	0.0624046	0.0679698	0.0612096	0.0672935	0.0600362	0.0666239	0.0588843	0.065961	0.0577533	0.0653047	0.056643	0.0646549	0.0555531	0.0640116	0.0544832	0.0633746	0.053433	0.062744	0.0524023	0.0621197	0.0513906	0.0615016	0.0503977	0.0608897	0.0494232	0.0602838	0.0484669	0.059684	0.0475284	0.0590901	0.0466075	0.0585022	0.0457038	0.0579201	0.0448171	0.0573437	0.043947	0.0567732	0.0430934	0.0562083	0.0422558	0.055649	0.0414341	0.0550953	0.0406278	0.0545471	0.0398369	0.0540043	0.039061	0.053467	0.0382998	0.0529349	0.037553	0.0524082	0.0368205	0.0518868	0.036102	0.0513705	0.0353971	0.0508593	0.0347058	0.0503533	0.0340276	0.0498523	0.0333625	0.0493562	0.0327101	0.0488651	0.0320702	0.0483789	0.0314426	0.0478975	0.030827	0.0474209	0.0302234	0.0469491	0.0296313	0.0464819	0.0290506	0.0460194	0.0284812	0.0455615	0.0279227	0.0451082	0.0273751	0.0446594	0.026838	0.044215	0.0263113	0.043775	0.0257948	0.0433395	0.0252883	0.0429082	0.0247917	0.0424813	0.0243046	0.0420586	0.0238271	0.0416401	0.0233588	0.0412258	0.0228996	0.0408156	0.0224493	0.0404095	0.0220078	0.0400074	0.0215749	0.0396093	0.0211504	0.0392152	0.0207342	0.0374512	0.0196923	0.0357047	0.0186708	0.0339756	0.0176695	0.0322638	0.0166878	0.0305689	0.0157254	0.0288909	0.0147819	0.0272297	0.0138569	0.0255849	0.0129502	0.0239565	0.0120612	0.0223443	0.0111898	0.0207482	0.0103355	0.0191679	0.00949807	0.0176034	0.00867709	0.0160544	0.00787227	0.0145209	0.0070833	0.0130026	0.00630987	0.0114994	0.00555167	0.0100111	0.00480841	0.00853772	0.0040798	0.00707896	0.00336554	0.00563471	0.00266536	0.00420483	0.00197899	0.00278918	0.00130615	0.00138762	0.000646569	0	0	0	0	
0	0.185391	0	0.195159	0	0.204078	0	0.212197	0	0.219563	0	0.226218	0	0.232205	0	0.237563	0	0.242329	0	0.246539	0	0.250227	0	0.253423	0	0.256159	0	0.258462	0	0.26036	0	0.261878	0	0.263041	0	0.263871	0	0.26439	0	0.264619	0	0.264576	0	0.264281	0	0.263751	0	0.263002	0	0.262049	0	0.260908	0	0.259592	0	0.258115	0	0.256488	0	0.254723	0	0.252831	0	0.250824	0	0.248709	0	0.246498	0	0.244198	0	0.241818	0	0.239365	0	0.236846	0	0.23427	0	0.231641	0	0.228966	0	0.226251	0	0.223501	0	0.220721	0	0.217916	0	0.21509	0	0.212248	0	0.209392	0	0.206528	0	0.203657	0	0.200784	0	0.197912	0	0.195042	0	0.192178	0	0.189322	0	0.186477	0	0.183643	0	0.180824	0	0.178021	0	0.175235	0	0.172469	0	0.169723	0	0.166999	0	0.164297	0	0.16162	0	0.158967	0	0.156341	0	0.153741	0	0.151168	0	0.148623	0	0.146107	0	0.143619	0	0.141162	0	0.138734	0	0.136336	0	0.133968	0	0.131632	0	0.129326	0	0.127051	0	0.124807	0	0.122595	0	0.120413	0	0.118263	0	0.116144	0	0.114056	0	0.111999	0	0.109973	0	0.107978	0	0.106013	0	0.104079	0	0.102175	0	0.100301	0	0.0984571	0	0.0966426	0	0.0948574	0	0.0931014	0	0.0913741	0	0.0896754	0	0.0880049	0	0.0863623	0	0.0847475	0	0.0831599	0	0.0815994	0	0.0800655	0	0.078558	0	0.0770766	0	0.0756209	0	0.0741906	0	0.0727854	0	0.0714048	0	0.0700486	0	0.0687165	0	0.0674081	0	0.066123	0	0.0648609	0	0.0636216	0	0.0624046	0	0.0612096	0	0.0600362	0	0.0588843	0	0.0577533	0	0.056643	0	0.0555531	0	0.0544832	0	0.053433	0	0.0524023	0	0.0513906	0	0.0503977	0	0.0494232	0	0.0484669	0	0.0475284	0	0.0466075	0	0.0457038	0	0.0448171	0	0.043947	0	0.0430934	0	0.0422558	0	0.0414341	0	0.0406278	0	0.0398369	0	0.039061	0	0.0382998	0	0.037553	0	0.0368205	0	0.036102	0	0.0353971	0	0.0347058	0	0.0340276	0	0.0333625	0	0.0327101	0	0.0320702	0	0.0314426	0	0.030827	0	0.0302234	0	0.0296313	0	0.0290506	0	0.0284812	0	0.0279227	0	0.0273751	0	0.026838	0	0.0263113	0	0.0257948	0	0.0252883	0	0.0247917	0	0.0243046	0	0.0238271	0	0.0233588	0	0.0228996	0	0.0224493	0	0.0220078	0	0.0215749	0	0.0211504	0	0.0207342	0	0.0196923	0	0.0186708	0	0.0176695	0	0.0166878	0	0.0157254	0	0.0147819	0	0.0138569	0	0.0129502	0	0.0120612	0	0.0111898	0	0.0103355	0	0.00949807	0	0.00867709	0	0.00787227	0	0.0070833	0	0.00630987	0	0.00555167	0	0.00480841	0	0.0040798	0	0.00336554	0	0.00266536	0	0.00197899	0	0.00130615	0	0.000646569	0	0	0	0	
0.22667	0.196125	0.224415	0.205943	0.222182	0.214899	0.219971	0.223043	0.217782	0.23042	0.215615	0.237076	0.21347	0.243052	0.211346	0.248391	0.209243	0.253128	0.207161	0.257301	0.2051	0.260943	0.203059	0.264087	0.201039	0.266763	0.199038	0.269001	0.197058	0.270827	0.195097	0.272269	0.193156	0.27335	0.191234	0.274094	0.189331	0.274523	0.187447	0.274658	0.185582	0.274519	0.183735	0.274124	0.181907	0.273491	0.180097	0.272637	0.178305	0.271577	0.176531	0.270326	0.174775	0.268899	0.173035	0.267309	0.171314	0.265568	0.169609	0.263688	0.167922	0.261681	0.166251	0.259557	0.164596	0.257326	0.162959	0.254997	0.161337	0.252579	0.159732	0.250081	0.158143	0.24751	0.156569	0.244874	0.155011	0.242179	0.153469	0.239433	0.151942	0.236642	0.15043	0.23381	0.148933	0.230945	0.147451	0.22805	0.145984	0.22513	0.144531	0.22219	0.143093	0.219235	0.141669	0.216268	0.14026	0.213292	0.138864	0.210312	0.137483	0.207329	0.136115	0.204349	0.13476	0.201372	0.133419	0.198403	0.132092	0.195442	0.130777	0.192493	0.129476	0.189557	0.128188	0.186637	0.126912	0.183734	0.12565	0.18085	0.124399	0.177986	0.123162	0.175144	0.121936	0.172325	0.120723	0.16953	0.119522	0.16676	0.118332	0.164016	0.117155	0.1613	0.115989	0.158611	0.114835	0.155951	0.113692	0.153321	0.112561	0.15072	0.111441	0.148149	0.110332	0.145609	0.109234	0.1431	0.108148	0.140623	0.107071	0.138177	0.106006	0.135763	0.104951	0.133381	0.103907	0.131032	0.102873	0.128715	0.10185	0.12643	0.100836	0.124177	0.0998328	0.121957	0.0988394	0.119769	0.097856	0.117614	0.0968823	0.11549	0.0959183	0.113399	0.0949639	0.111339	0.094019	0.109311	0.0930835	0.107315	0.0921573	0.10535	0.0912403	0.103416	0.0903324	0.101513	0.0894336	0.099641	0.0885437	0.097799	0.0876627	0.0959871	0.0867905	0.0942049	0.0859269	0.0924523	0.0850719	0.0907289	0.0842254	0.0890344	0.0833874	0.0873684	0.0825576	0.0857308	0.0817362	0.084121	0.0809229	0.0825388	0.0801177	0.0809839	0.0793205	0.0794559	0.0785313	0.0779545	0.0777499	0.0764793	0.0769762	0.07503	0.0762103	0.0736061	0.075452	0.0722075	0.0747012	0.0708337	0.073958	0.0694844	0.0732221	0.0681592	0.0724935	0.0668577	0.0717722	0.0655797	0.071058	0.0643247	0.070351	0.0630925	0.069651	0.0618827	0.0689579	0.0606948	0.0682718	0.0595287	0.0675925	0.0583839	0.0669199	0.0572602	0.0662541	0.0561571	0.0655948	0.0550743	0.0649421	0.0540116	0.064296	0.0529685	0.0636562	0.0519448	0.0630228	0.0509402	0.0623957	0.0499543	0.0617749	0.0489868	0.0611602	0.0480374	0.0605516	0.0471058	0.0599492	0.0461916	0.0593526	0.0452947	0.0587621	0.0444147	0.0581774	0.0435513	0.0575985	0.0427042	0.0570254	0.0418731	0.056458	0.0410577	0.0558962	0.0402579	0.05534	0.0394732	0.0547894	0.0387035	0.0542442	0.0379484	0.0537045	0.0372077	0.0531701	0.0364812	0.0526411	0.0357685	0.0521173	0.0350695	0.0515987	0.0343839	0.0510853	0.0337115	0.050577	0.0330519	0.0500737	0.032405	0.0495755	0.0317705	0.0490822	0.0311483	0.0485938	0.030538	0.0481103	0.0299396	0.0476316	0.0293526	0.0471577	0.028777	0.0466884	0.0282125	0.0462239	0.027659	0.045764	0.0271161	0.0453086	0.0265838	0.0448578	0.0260617	0.0444114	0.0255499	0.0439695	0.0250479	0.043532	0.0245557	0.0430989	0.024073	0.04267	0.0235997	0.0422455	0.0231357	0.0418251	0.0226806	0.0414089	0.0222345	0.0409969	0.021797	0.0392152	0.0207342	0.0374512	0.0196923	0.0357047	0.0186708	0.0339756	0.0176695	0.0322638	0.0166878	0.0305689	0.0157254	0.0288909	0.0147819	0.0272297	0.0138569	0.0255849	0.0129502	0.0239565	0.0120612	0.0223443	0.0111898	0.0207482	0.0103355	0.0191679	0.00949807	0.0176034	0.00867709	0.0160544	0.00787227	0.0145209	0.0070833	0.0130026	0.00630987	0.0114994	0.00555167	0.0100111	0.00480841	0.00853772	0.0040798	0.00707896	0.00336554	0.00563471	0.00266536	0.00420483	0.00197899	0.00278918	0.00130615	0.00138762	0.000646569	0	0	0	0	
0	0.196125	0	0.205943	0	0.214899	0	0.223043	0	0.23042	0	0.237076	0	0.243052	0	0.248391	0	0.253128	0	0.257301	0	0.260943	0	0.264087	0	0.266763	0	0.269001	0	0.270827	0	0.272269	0	0.27335	0	0.274094	0	0.274523	0	0.274658	0	0.274519	0	0.274124	0	0.273491	0	0.272637	0	0.271577	0	0.270326	0	0.268899	0	0.267309	0	0.265568	0	0.263688	0	0.261681	0	0.259557	0	0.257326	0	0.254997	0	0.252579	0	0.250081	0	0.24751	0	0.244874	0	0.242179	0	0.239433	0	0.236642	0	0.23381	0	0.230945	0	0.22805	0	0.22513	0	0.22219	0	0.219235	0	0.216268	0	0.213292	0	0.210312	0	0.207329	0	0.204349	0	0.201372	0	0.198403	0	0.195442	0	0.192493	0	0.189557	0	0.186637	0	0.183734	0	0.18085	0	0.177986	0	0.175144	0	0.172325	0	0.16953	0	0.16676	0	0.164016	0	0.1613	0	0.158611	0	0.155951	0	0.153321	0	0.15072	0	0.148149	0	0.145609	0	0.1431	0	0.140623	0	0.138177	0	0.135763	0	0.133381	0	0.131032	0	0.128715	0	0.12643	0	0.124177	0	0.121957	0	0.119769	0	0.117614	0	0.11549	0	0.113399	0	0.111339	0	0.109311	0	0.107315	0	0.10535	0	0.103416	0	0.101513	0	0.099641	0	0.097799	0	0.0959871	0	0.0942049	0	0.0924523	0	0.0907289	0	0.0890344	0	0.0873684	0	0.0857308	0	0.084121	0	0.0825388	0	0.0809839	0	0.0794559	0	0.0779545	0	0.0764793	0	0.07503	0	0.0736061	0	0.0722075	0	0.0708337	0	0.0694844	0	0.0681592	0	0.0668577	0	0.0655797	0	0.0643247	0	0.0630925	0	0.0618827	0	0.0606948	0	0.0595287	0	0.0583839	0	0.0572602	0	0.0561571	0	0.0550743	0	0.0540116	0	0.0529685	0	0.0519448	0	0.0509402	0	0.0499543	0	0.0489868	0	0.0480374	0	0.0471058	0	0.0461916	0	0.0452947	0	0.0444147	0	0.0435513	0	0.0427042	0	0.0418731	0	0.0410577	0	0.0402579	0	0.0394732	0	0.0387035	0	0.0379484	0	0.0372077	0	0.0364812	0	0.0357685	0	0.0350695	0	0.0343839	0	0.0337115	0	0.0330519	0	0.032405	0	0.0317705	0	0.0311483	0	0.030538	0	0.0299396	0	0.0293526	0	0.028777	0	0.0282125	0	0.027659	0	0.0271161	0	0.0265838	0	0.0260617	0	0.0255499	0	0.0250479	0	0.0245557	0	0.024073	0	0.0235997	0	0.0231357	0	0.0226806	0	0.0222345	0	0.021797	0	0.0207342	0	0.0196923	0	0.0186708	0	0.0176695	0	0.0166878	0	0.0157254	0	0.0147819	0	0.0138569	0	0.0129502	0	0.0120612	0	0.0111898	0	0.0103355	0	0.00949807	0	0.00867709	0	0.00787227	0	0.0070833	0	0.00630987	0	0.00555167	0	0.00480841	0	0.0040798	0	0.00336554	0	0.00266536	0	0.00197899	0	0.00130615	0	0.000646569	0	0	0	0	
0.234266	0.206909	0.231935	0.216765	0.229627	0.225745	0.227342	0.233899	0.22508	0.241277	0.222841	0.247923	0.220623	0.25388	0.218428	0.259189	0.216255	0.263889	0.214103	0.268017	0.211973	0.271606	0.209864	0.274691	0.207775	0.277302	0.205708	0.279468	0.203661	0.281218	0.201635	0.282578	0.199628	0.283574	0.197642	0.284228	0.195675	0.284563	0.193728	0.284601	0.191801	0.284362	0.189892	0.283864	0.188003	0.283126	0.186132	0.282164	0.18428	0.280995	0.182447	0.279633	0.180631	0.278093	0.178834	0.276389	0.177055	0.274533	0.175293	0.272538	0.173549	0.270414	0.171822	0.268173	0.170112	0.265824	0.168419	0.263378	0.166744	0.260842	0.165085	0.258226	0.163442	0.255537	0.161816	0.252784	0.160206	0.249972	0.158611	0.247109	0.157033	0.244201	0.155471	0.241254	0.153924	0.238273	0.152392	0.235263	0.150876	0.23223	0.149375	0.229178	0.147888	0.22611	0.146417	0.223032	0.14496	0.219946	0.143518	0.216857	0.14209	0.213767	0.140676	0.210679	0.139276	0.207597	0.13789	0.204523	0.136518	0.201458	0.13516	0.198407	0.133815	0.19537	0.132483	0.19235	0.131165	0.189348	0.12986	0.186367	0.128568	0.183407	0.127289	0.18047	0.126022	0.177557	0.124768	0.17467	0.123527	0.171809	0.122298	0.168976	0.121081	0.166171	0.119876	0.163395	0.118683	0.160649	0.117502	0.157934	0.116333	0.155249	0.115176	0.152596	0.11403	0.149976	0.112895	0.147387	0.111772	0.144831	0.110659	0.142308	0.109558	0.139819	0.108468	0.137362	0.107389	0.134939	0.10632	0.13255	0.105263	0.130194	0.104215	0.127871	0.103178	0.125582	0.102152	0.123327	0.101135	0.121105	0.100129	0.118916	0.0991325	0.11676	0.0981461	0.114637	0.0971696	0.112548	0.0962027	0.11049	0.0952455	0.108465	0.0942978	0.106473	0.0933595	0.104512	0.0924306	0.102583	0.0915109	0.100685	0.0906003	0.0988179	0.0896988	0.0969819	0.0888063	0.0951763	0.0879227	0.0934009	0.0870478	0.0916554	0.0861817	0.0899393	0.0853242	0.0882524	0.0844752	0.0865943	0.0836346	0.0849647	0.0828024	0.0833632	0.0819785	0.0817895	0.0811628	0.0802432	0.0803553	0.0787239	0.0795557	0.0772313	0.0787641	0.075765	0.0779804	0.0743247	0.0772045	0.07291	0.0764363	0.0715205	0.0756757	0.0701559	0.0749228	0.0688158	0.0741773	0.0674999	0.0734392	0.0662077	0.0727085	0.0649389	0.071985	0.0636932	0.0712687	0.0624703	0.0705596	0.0612696	0.0698575	0.060091	0.0691624	0.058934	0.0684742	0.0577983	0.0677929	0.0566836	0.0671184	0.0555895	0.0664505	0.0545157	0.0657893	0.0534618	0.0651347	0.0524276	0.0644866	0.0514126	0.063845	0.0504167	0.0632097	0.0494393	0.0625807	0.0484803	0.0619581	0.0475393	0.0613416	0.046616	0.0607312	0.0457101	0.0601269	0.0448214	0.0595286	0.0439494	0.0589363	0.0430939	0.0583499	0.0422546	0.0577693	0.0414313	0.0571945	0.0406237	0.0566254	0.0398314	0.056062	0.0390542	0.0555041	0.0382918	0.0549519	0.037544	0.0544051	0.0368105	0.0538637	0.036091	0.0533278	0.0353853	0.0527972	0.0346932	0.0522718	0.0340143	0.0517517	0.0333485	0.0512368	0.0326955	0.050727	0.0320551	0.0502222	0.031427	0.0497225	0.030811	0.0492278	0.0302069	0.0487379	0.0296145	0.048253	0.0290335	0.0477729	0.0284638	0.0472975	0.0279051	0.0468269	0.0273572	0.046361	0.0268199	0.0458997	0.0262931	0.0454429	0.0257765	0.0449908	0.0252699	0.0445431	0.0247732	0.0440999	0.0242861	0.0436611	0.0238085	0.0432267	0.0233402	0.0427966	0.022881	0.0409969	0.021797	0.0392152	0.0207342	0.0374512	0.0196923	0.0357047	0.0186708	0.0339756	0.0176695	0.0322638	0.0166878	0.0305689	0.0157254	0.0288909	0.0147819	0.0272297	0.0138569	0.0255849	0.0129502	0.0239565	0.0120612	0.0223443	0.0111898	0.0207482	0.0103355	0.0191679	0.00949807	0.0176034	0.00867709	0.0160544	0.00787227	0.0145209	0.0070833	0.0130026	0.00630987	0.0114994	0.00555167	0.0100111	0.00480841	0.00853772	0.0040798	0.00707896	0.00336554	0.00563471	0.00266536	0.00420483	0.00197899	0.00278918	0.00130615	0.00138762	0.000646569	0	0	0	0	
0	0.206909	0	0.216765	0	0.225745	0	0.233899	0	0.241277	0	0.247923	0	0.25388	0	0.259189	0	0.263889	0	0.268017	0	0.271606	0	0.274691	0	0.277302	0	0.279468	0	0.281218	0	0.282578	0	0.283574	0	0.284228	0	0.284563	0	0.284601	0	0.284362	0	0.283864	0	0.283126	0	0.282164	0	0.280995	0	0.279633	0	0.278093	0	0.276389	0	0.274533	0	0.272538	0	0.270414	0	0.268173	0	0.265824	0	0.263378	0	0.260842	0	0.258226	0	0.255537	0	0.252784	0	0.249972	0	0.247109	0	0.244201	0	0.241254	0	0.238273	0	0.235263	0	0.23223	0	0.229178	0	0.22611	0	0.223032	0	0.219946	0	0.216857	0	0.213767	0	0.210679	0	0.207597	0	0.204523	0	0.201458	0	0.198407	0	0.19537	0	0.19235	0	0.189348	0	0.186367	0	0.183407	0	0.18047	0	0.177557	0	0.17467	0	0.171809	0	0.168976	0	0.166171	0	0.163395	0	0.160649	0	0.157934	0	0.155249	0	0.152596	0	0.149976	0	0.147387	0	0.144831	0	0.142308	0	0.139819	0	0.137362	0	0.134939	0	0.13255	0	0.130194	0	0.127871	0	0.125582	0	0.123327	0	0.121105	0	0.118916	0	0.11676	0	0.114637	0	0.112548	0	0.11049	0	0.108465	0	0.106473	0	0.104512	0	0.102583	0	0.100685	0	0.0988179	0	0.0969819	0	0.0951763	0	0.0934009	0	0.0916554	0	0.0899393	0	0.0882524	0	0.0865943	0	0.0849647	0	0.0833632	0	0.0817895	0	0.0802432	0	0.0787239	0	0.0772313	0	0.075765	0	0.0743247	0	0.07291	0	0.0715205	0	0.0701559	0	0.0688158	0	0.0674999	0	0.0662077	0	0.0649389	0	0.0636932	0	0.0624703	0	0.0612696	0	0.060091	0	0.058934	0	0.0577983	0	0.0566836	0	0.0555895	0	0.0545157	0	0.0534618	0	0.0524276	0	0.0514126	0	0.0504167	0	0.0494393	0	0.0484803	0	0.0475393	0	0.046616	0	0.0457101	0	0.0448214	0	0.0439494	0	0.0430939	0	0.0422546	0	0.0414313	0	0.0406237	0	0.0398314	0	0.0390542	0	0.0382918	0	0.037544	0	0.0368105	0	0.036091	0	0.0353853	0	0.0346932	0	0.0340143	0	0.0333485	0	0.0326955	0	0.0320551	0	0.031427	0	0.030811	0	0.0302069	0	0.0296145	0	0.0290335	0	0.0284638	0	0.0279051	0	0.0273572	0	0.0268199	0	0.0262931	0	0.0257765	0	0.0252699	0	0.0247732	0	0.0242861	0	0.0238085	0	0.0233402	0	0.022881	0	0.021797	0	0.0207342	0	0.0196923	0	0.0186708	0	0.0176695	0	0.0166878	0	0.0157254	0	0.0147819	0	0.0138569	0	0.0129502	0	0.0120612	0	0.0111898	0	0.0103355	0	0.00949807	0	0.00867709	0	0.00787227	0	0.0070833	0	0.00630987	0	0.00555167	0	0.00480841	0	0.0040798	0	0.00336554	0	0.00266536	0	0.00197899	0	0.00130615	0	0.000646569	0	0	0	0	
0.241786	0.21773	0.23938	0.22761	0.236999	0.236602	0.23464	0.244757	0.232306	0.252125	0.229994	0.258751	0.227706	0.264679	0.22544	0.269951	0.223197	0.274605	0.220976	0.27868	0.218777	0.28221	0.2166	0.285229	0.214445	0.287769	0.212311	0.289859	0.210199	0.291527	0.208107	0.292802	0.206037	0.293707	0.203987	0.294268	0.201957	0.294506	0.199947	0.294444	0.197958	0.294102	0.195988	0.293499	0.194038	0.292653	0.192107	0.291582	0.190196	0.290301	0.188303	0.288827	0.18643	0.287174	0.184575	0.285355	0.182738	0.283383	0.18092	0.281271	0.17912	0.27903	0.177337	0.276672	0.175573	0.274205	0.173826	0.271641	0.172096	0.268987	0.170384	0.266253	0.168689	0.263447	0.16701	0.260576	0.165348	0.257648	0.163703	0.254669	0.162074	0.251645	0.160462	0.248582	0.158865	0.245487	0.157284	0.242364	0.155719	0.239218	0.15417	0.236053	0.152636	0.232875	0.151117	0.229686	0.149613	0.226491	0.148125	0.223294	0.146651	0.220097	0.145192	0.216904	0.143747	0.213717	0.142317	0.210539	0.140901	0.207373	0.139499	0.20422	0.138111	0.201083	0.136736	0.197965	0.135376	0.194865	0.134029	0.191788	0.132695	0.188733	0.131375	0.185702	0.130068	0.182697	0.128773	0.179719	0.127492	0.176768	0.126223	0.173846	0.124968	0.170954	0.123724	0.168092	0.122493	0.165262	0.121274	0.162463	0.120068	0.159697	0.118873	0.156963	0.11769	0.154262	0.116519	0.151596	0.11536	0.148963	0.114212	0.146364	0.113075	0.143799	0.11195	0.141269	0.110836	0.138774	0.109733	0.136313	0.108642	0.133887	0.107561	0.131496	0.10649	0.12914	0.105431	0.126818	0.104382	0.12453	0.103343	0.122277	0.102315	0.120058	0.101297	0.117874	0.100289	0.115723	0.0992909	0.113605	0.098303	0.111522	0.0973248	0.109471	0.0963564	0.107453	0.0953977	0.105468	0.0944484	0.103516	0.0935087	0.101595	0.0925782	0.0997059	0.0916571	0.0978484	0.0907451	0.0960219	0.0898421	0.0942263	0.0889482	0.092461	0.0880631	0.0907257	0.0871869	0.0890202	0.0863194	0.087344	0.0854605	0.0856968	0.0846101	0.0840781	0.0837683	0.0824877	0.0829347	0.0809252	0.0821095	0.0793902	0.0812925	0.0778822	0.0804837	0.076401	0.0796828	0.0749462	0.07889	0.0735173	0.078105	0.0721141	0.0773278	0.070736	0.0765584	0.0693828	0.0757967	0.0680541	0.0750425	0.0667495	0.0742958	0.0654687	0.0735565	0.0642112	0.0728246	0.0629767	0.0721	0.0617648	0.0713826	0.0605753	0.0706723	0.0594076	0.0699691	0.0582616	0.0692729	0.0571367	0.0685836	0.0560327	0.0679012	0.0549492	0.0672256	0.053886	0.0665567	0.0528425	0.0658944	0.0518186	0.0652388	0.0508139	0.0645896	0.049828	0.063947	0.0488606	0.0633107	0.0479115	0.0626807	0.0469802	0.0620571	0.0460666	0.0614396	0.0451702	0.0608282	0.0442908	0.060223	0.0434281	0.0596238	0.0425818	0.0590305	0.0417515	0.0584431	0.0409371	0.0578616	0.0401382	0.0572859	0.0393546	0.0567159	0.0385859	0.0561515	0.0378319	0.0555928	0.0370924	0.0550397	0.036367	0.054492	0.0356556	0.0539498	0.0349578	0.053413	0.0342734	0.0528815	0.0336022	0.0523554	0.032944	0.0518344	0.0322984	0.0513186	0.0316653	0.050808	0.0310444	0.0503025	0.0304355	0.0498019	0.0298383	0.0493064	0.0292527	0.0488158	0.0286785	0.0483301	0.0281154	0.0478492	0.0275632	0.0473731	0.0270217	0.0469017	0.0264908	0.046435	0.0259701	0.045973	0.0254596	0.0455156	0.024959	0.0450627	0.0244681	0.0446143	0.0239868	0.0427966	0.022881	0.0409969	0.021797	0.0392152	0.0207342	0.0374512	0.0196923	0.0357047	0.0186708	0.0339756	0.0176695	0.0322638	0.0166878	0.0305689	0.0157254	0.0288909	0.0147819	0.0272297	0.0138569	0.0255849	0.0129502	0.0239565	0.0120612	0.0223443	0.0111898	0.0207482	0.0103355	0.0191679	0.00949807	0.0176034	0.00867709	0.0160544	0.00787227	0.0145209	0.0070833	0.0130026	0.00630987	0.0114994	0.00555167	0.0100111	0.00480841	0.00853772	0.0040798	0.00707896	0.00336554	0.00563471	0.00266536	0.00420483	0.00197899	0.00278918	0.00130615	0.00138762	0.000646569	0	0	0	0	
0	0.21773	0	0.22761	0	0.236602	0	0.244757	0	0.252125	0	0.258751	0	0.264679	0	0.269951	0	0.274605	0	0.27868	0	0.28221	0	0.285229	0	0.287769	0	0.289859	0	0.291527	0	0.292802	0	0.293707	0	0.294268	0	0.294506	0	0.294444	0	0.294102	0	0.293499	0	0.292653	0	0.291582	0	0.290301	0	0.288827	0	0.287174	0	0.285355	0	0.283383	0	0.281271	0	0.27903	0	0.276672	0	0.274205	0	0.271641	0	0.268987	0	0.266253	0	0.263447	0	0.260576	0	0.257648	0	0.254669	0	0.251645	0	0.248582	0	0.245487	0	0.242364	0	0.239218	0	0.236053	0	0.232875	0	0.229686	0	0.226491	0	0.223294	0	0.220097	0	0.216904	0	0.213717	0	0.210539	0	0.207373	0	0.20422	0	0.201083	0	0.197965	0	0.194865	0	0.191788	0	0.188733	0	0.185702	0	0.182697	0	0.179719	0	0.176768	0	0.173846	0	0.170954	0	0.168092	0	0.165262	0	0.162463	0	0.159697	0	0.156963	0	0.154262	0	0.151596	0	0.148963	0	0.146364	0	0.143799	0	0.141269	0	0.138774	0	0.136313	0	0.133887	0	0.131496	0	0.12914	0	0.126818	0	0.12453	0	0.122277	0	0.120058	0	0.117874	0	0.115723	0	0.113605	0	0.111522	0	0.109471	0	0.107453	0	0.105468	0	0.103516	0	0.101595	0	0.0997059	0	0.0978484	0	0.0960219	0	0.0942263	0	0.092461	0	0.0907257	0	0.0890202	0	0.087344	0	0.0856968	0	0.0840781	0	0.0824877	0	0.0809252	0	0.0793902	0	0.0778822	0	0.076401	0	0.0749462	0	0.0735173	0	0.0721141	0	0.070736	0	0.0693828	0	0.0680541	0	0.0667495	0	0.0654687	0	0.0642112	0	0.0629767	0	0.0617648	0	0.0605753	0	0.0594076	0	0.0582616	0	0.0571367	0	0.0560327	0	0.0549492	0	0.053886	0	0.0528425	0	0.0518186	0	0.0508139	0	0.049828	0	0.0488606	0	0.0479115	0	0.0469802	0	0.0460666	0	0.0451702	0	0.0442908	0	0.0434281	0	0.0425818	0	0.0417515	0	0.0409371	0	0.0401382	0	0.0393546	0	0.0385859	0	0.0378319	0	0.0370924	0	0.036367	0	0.0356556	0	0.0349578	0	0.0342734	0	0.0336022	0	0.032944	0	0.0322984	0	0.0316653	0	0.0310444	0	0.0304355	0	0.0298383	0	0.0292527	0	0.0286785	0	0.0281154	0	0.0275632	0	0.0270217	0	0.0264908	0	0.0259701	0	0.0254596	0	0.024959	0	0.0244681	0	0.0239868	0	0.022881	0	0.021797	0	0.0207342	0	0.0196923	0	0.0186708	0	0.0176695	0	0.0166878	0	0.0157254	0	0.0147819	0	0.0138569	0	0.0129502	0	0.0120612	0	0.0111898	0	0.0103355	0	0.00949807	0	0.00867709	0	0.00787227	0	0.0070833	0	0.00630987	0	0.00555167	0	0.00480841	0	0.0040798	0	0.00336554	0	0.00266536	0	0.00197899	0	0.00130615	0	0.000646569	0	0	0	0	
0.249232	0.228576	0.246752	0.238467	0.244296	0.247459	0.241866	0.255604	0.239459	0.262952	0.237076	0.269549	0.234717	0.27544	0.232382	0.280667	0.23007	0.285269	0.227781	0.289284	0.225514	0.292749	0.22327	0.295697	0.221049	0.29816	0.218849	0.300168	0.216672	0.301751	0.214516	0.302935	0.212381	0.303747	0.210268	0.30421	0.208176	0.304349	0.206104	0.304184	0.204054	0.303737	0.202023	0.303026	0.200013	0.302071	0.198023	0.300889	0.196053	0.299496	0.194102	0.297908	0.19217	0.296139	0.190258	0.294205	0.188365	0.292116	0.186491	0.289887	0.184635	0.287529	0.182798	0.285053	0.180979	0.282468	0.179179	0.279786	0.177396	0.277015	0.175631	0.274163	0.173883	0.27124	0.172153	0.268252	0.17044	0.265207	0.168744	0.262112	0.167065	0.258973	0.165403	0.255796	0.163757	0.252587	0.162127	0.249351	0.160514	0.246093	0.158917	0.242818	0.157336	0.239529	0.15577	0.236231	0.15422	0.232929	0.152686	0.229624	0.151167	0.226322	0.149662	0.223024	0.148173	0.219733	0.146699	0.216453	0.145239	0.213186	0.143794	0.209933	0.142363	0.206698	0.140947	0.203482	0.139544	0.200286	0.138156	0.197114	0.136781	0.193965	0.13542	0.190842	0.134073	0.187746	0.132739	0.184678	0.131418	0.181639	0.13011	0.17863	0.128816	0.175652	0.127534	0.172705	0.126265	0.169791	0.125009	0.166911	0.123765	0.164063	0.122533	0.16125	0.121314	0.158471	0.120107	0.155727	0.118912	0.153018	0.117729	0.150345	0.116557	0.147707	0.115397	0.145104	0.114249	0.142538	0.113112	0.140007	0.111987	0.137513	0.110873	0.135054	0.109769	0.132631	0.108677	0.130243	0.107596	0.127892	0.106525	0.125575	0.105465	0.123295	0.104416	0.121049	0.103377	0.118838	0.102348	0.116662	0.10133	0.11452	0.100322	0.112413	0.0993235	0.110339	0.0983353	0.108299	0.0973568	0.106292	0.0963881	0.104319	0.095429	0.102378	0.0944795	0.100469	0.0935394	0.0985928	0.0926087	0.0967479	0.0916872	0.0949343	0.0907749	0.0931516	0.0898717	0.0913995	0.0889774	0.0896776	0.0880921	0.0879854	0.0872155	0.0863227	0.0863477	0.0846891	0.0854886	0.0830841	0.0846379	0.0815074	0.0837958	0.0799585	0.082962	0.0784372	0.0821365	0.076943	0.0813192	0.0754754	0.0805101	0.0740342	0.079709	0.072619	0.0789159	0.0712293	0.0781307	0.0698647	0.0773533	0.0685249	0.0765836	0.0672096	0.0758216	0.0659182	0.0750671	0.0646505	0.0743202	0.0634061	0.0735807	0.0621846	0.0728486	0.0609856	0.0721237	0.0598087	0.0714061	0.0586537	0.0706956	0.0575201	0.0699921	0.0564076	0.0692957	0.0553159	0.0686062	0.0542445	0.0679235	0.0531932	0.0672477	0.0521615	0.0665786	0.0511493	0.0659161	0.0501561	0.0652602	0.0491816	0.0646109	0.0482255	0.063968	0.0472874	0.0633315	0.0463671	0.0627013	0.0454643	0.0620774	0.0445785	0.0614598	0.0437096	0.0608482	0.0428573	0.0602428	0.0420212	0.0596433	0.041201	0.0590499	0.0403965	0.0584623	0.0396073	0.0578806	0.0388333	0.0573047	0.0380741	0.0567345	0.0373294	0.05617	0.0365991	0.0556111	0.0358827	0.0550578	0.0351802	0.0545099	0.0344912	0.0539675	0.0338154	0.0534305	0.0331527	0.0528989	0.0325027	0.0523726	0.0318653	0.0518514	0.0312403	0.0513355	0.0306273	0.0508247	0.0300262	0.050319	0.0294367	0.0498183	0.0288587	0.0493226	0.0282918	0.0488318	0.027736	0.048346	0.0271909	0.0478649	0.0266565	0.0473886	0.0261324	0.0469171	0.0256185	0.0464503	0.0251147	0.0446143	0.0239868	0.0427966	0.022881	0.0409969	0.021797	0.0392152	0.0207342	0.0374512	0.0196923	0.0357047	0.0186708	0.0339756	0.0176695	0.0322638	0.0166878	0.0305689	0.0157254	0.0288909	0.0147819	0.0272297	0.0138569	0.0255849	0.0129502	0.0239565	0.0120612	0.0223443	0.0111898	0.0207482	0.0103355	0.0191679	0.00949807	0.0176034	0.00867709	0.0160544	0.00787227	0.0145209	0.0070833	0.0130026	0.00630987	0.0114994	0.00555167	0.0100111	0.00480841	0.00853772	0.0040798	0.00707896	0.00336554	0.00563471	0.00266536	0.00420483	0.00197899	0.00278918	0.00130615	0.00138762	0.000646569	0	0	0	0	
0	0.228576	0	0.238467	0	0.247459	0	0.255604	0	0.262952	0	0.269549	0	0.27544	0	0.280667	0	0.285269	0	0.289284	0	0.292749	0	0.295697	0	0.29816	0	0.300168	0	0.301751	0	0.302935	0	0.303747	0	0.30421	0	0.304349	0	0.304184	0	0.303737	0	0.303026	0	0.302071	0	0.300889	0	0.299496	0	0.297908	0	0.296139	0	0.294205	0	0.292116	0	0.289887	0	0.287529	0	0.285053	0	0.282468	0	0.279786	0	0.277015	0	0.274163	0	0.27124	0	0.268252	0	0.265207	0	0.262112	0	0.258973	0	0.255796	0	0.252587	0	0.249351	0	0.246093	0	0.242818	0	0.239529	0	0.236231	0	0.232929	0	0.229624	0	0.226322	0	0.223024	0	0.219733	0	0.216453	0	0.213186	0	0.209933	0	0.206698	0	0.203482	0	0.200286	0	0.197114	0	0.193965	0	0.190842	0	0.187746	0	0.184678	0	0.181639	0	0.17863	0	0.175652	0	0.172705	0	0.169791	0	0.166911	0	0.164063	0	0.16125	0	0.158471	0	0.155727	0	0.153018	0	0.150345	0	0.147707	0	0.145104	0	0.142538	0	0.140007	0	0.137513	0	0.135054	0	0.132631	0	0.130243	0	0.127892	0	0.125575	0	0.123295	0	0.121049	0	0.118838	0	0.116662	0	0.11452	0	0.112413	0	0.110339	0	0.108299	0	0.106292	0	0.104319	0	0.102378	0	0.100469	0	0.0985928	0	0.0967479	0	0.0949343	0	0.0931516	0	0.0913995	0	0.0896776	0	0.0879854	0	0.0863227	0	0.0846891	0	0.0830841	0	0.0815074	0	0.0799585	0	0.0784372	0	0.076943	0	0.0754754	0	0.0740342	0	0.072619	0	0.0712293	0	0.0698647	0	0.0685249	0	0.0672096	0	0.0659182	0	0.0646505	0	0.0634061	0	0.0621846	0	0.0609856	0	0.0598087	0	0.0586537	0	0.0575201	0	0.0564076	0	0.0553159	0	0.0542445	0	0.0531932	0	0.0521615	0	0.0511493	0	0.0501561	0	0.0491816	0	0.0482255	0	0.0472874	0	0.0463671	0	0.0454643	0	0.0445785	0	0.0437096	0	0.0428573	0	0.0420212	0	0.041201	0	0.0403965	0	0.0396073	0	0.0388333	0	0.0380741	0	0.0373294	0	0.0365991	0	0.0358827	0	0.0351802	0	0.0344912	0	0.0338154	0	0.0331527	0	0.0325027	0	0.0318653	0	0.0312403	0	0.0306273	0	0.0300262	0	0.0294367	0	0.0288587	0	0.0282918	0	0.027736	0	0.0271909	0	0.0266565	0	0.0261324	0	0.0256185	0	0.0251147	0	0.0239868	0	0.022881	0	0.021797	0	0.0207342	0	0.0196923	0	0.0186708	0	0.0176695	0	0.0166878	0	0.0157254	0	0.0147819	0	0.0138569	0	0.0129502	0	0.0120612	0	0.0111898	0	0.0103355	0	0.00949807	0	0.00867709	0	0.00787227	0	0.0070833	0	0.00630987	0	0.00555167	0	0.00480841	0	0.0040798	0	0.00336554	0	0.00266536	0	0.00197899	0	0.00130615	0	0.000646569	0	0	0	0	
0.256603	0.239433	0.25405	0.249324	0.251522	0.258306	0.249019	0.266432	0.246541	0.273751	0.244088	0.280311	0.241659	0.286156	0.239255	0.29133	0.236874	0.295873	0.234517	0.299823	0.232184	0.303216	0.229874	0.306087	0.227586	0.308469	0.225322	0.310391	0.22308	0.311884	0.22086	0.312975	0.218663	0.31369	0.216487	0.314053	0.214333	0.314089	0.2122	0.313819	0.210089	0.313264	0.207998	0.312444	0.205929	0.311378	0.20388	0.310083	0.201851	0.308576	0.199843	0.306873	0.197854	0.304989	0.195885	0.302938	0.193936	0.300733	0.192007	0.298386	0.190096	0.29591	0.188205	0.293316	0.186332	0.290613	0.184478	0.287813	0.182642	0.284924	0.180825	0.281956	0.179026	0.278915	0.177244	0.275811	0.175481	0.272651	0.173735	0.26944	0.172006	0.266187	0.170295	0.262896	0.1686	0.259575	0.166923	0.256227	0.165262	0.252857	0.163617	0.249472	0.161989	0.246074	0.160377	0.242669	0.158782	0.239259	0.157202	0.235849	0.155638	0.232441	0.154089	0.22904	0.152556	0.225647	0.151038	0.222266	0.149535	0.218899	0.148047	0.215548	0.146574	0.212215	0.145115	0.208903	0.143672	0.205612	0.142242	0.202346	0.140827	0.199105	0.139425	0.195891	0.138038	0.192705	0.136665	0.189549	0.135305	0.186422	0.133958	0.183328	0.132626	0.180265	0.131306	0.177235	0.129999	0.174239	0.128706	0.171277	0.127425	0.16835	0.126157	0.165458	0.124902	0.162602	0.123659	0.159783	0.122429	0.156999	0.121211	0.154252	0.120005	0.151542	0.11881	0.148868	0.117628	0.146232	0.116458	0.143632	0.115299	0.14107	0.114152	0.138545	0.113016	0.136056	0.111892	0.133605	0.110778	0.13119	0.109676	0.128812	0.108585	0.12647	0.107504	0.124164	0.106434	0.121894	0.105375	0.11966	0.104327	0.117462	0.103289	0.115298	0.102261	0.11317	0.101244	0.111076	0.100236	0.109016	0.0992389	0.106991	0.0982514	0.104999	0.0972738	0.10304	0.0963059	0.101114	0.0953476	0.0992212	0.0943989	0.0973602	0.0934596	0.0955309	0.0925297	0.093733	0.091609	0.0919662	0.0906975	0.09023	0.089795	0.0885241	0.0889016	0.086848	0.088017	0.0852013	0.0871412	0.0835837	0.0862741	0.0819947	0.0854157	0.080434	0.0845658	0.0789011	0.0837243	0.0773956	0.0828913	0.0759172	0.0820665	0.0744654	0.0812499	0.0730398	0.0804415	0.0716401	0.0796411	0.0702659	0.0788486	0.0689166	0.0780641	0.0675921	0.0772873	0.0662918	0.0765183	0.0650154	0.0757569	0.0637625	0.0750031	0.0625328	0.0742568	0.0613257	0.073518	0.0601411	0.0727864	0.0589785	0.0720622	0.0578375	0.0713452	0.0567178	0.0706353	0.055619	0.0699324	0.0545408	0.0692366	0.0534828	0.0685477	0.0524447	0.0678656	0.0514262	0.0671904	0.0504268	0.0665218	0.0494463	0.0658599	0.0484843	0.0652046	0.0475406	0.0645558	0.0466147	0.0639134	0.0457064	0.0632775	0.0448154	0.0626479	0.0439413	0.0620245	0.0430839	0.0614074	0.0422429	0.0607963	0.0414179	0.0601914	0.0406087	0.0595925	0.039815	0.0589995	0.0390365	0.0584125	0.0382729	0.0578313	0.037524	0.0572558	0.0367895	0.0566861	0.0360691	0.0561221	0.0353626	0.0555637	0.0346697	0.0550108	0.0339901	0.0544634	0.0333237	0.0539215	0.0326702	0.053385	0.0320292	0.0528538	0.0314007	0.0523279	0.0307844	0.0518072	0.03018	0.0512917	0.0295873	0.0507814	0.0290061	0.0502761	0.0284362	0.0497758	0.0278773	0.0492806	0.0273293	0.0487902	0.026792	0.0483047	0.0262651	0.0464503	0.0251147	0.0446143	0.0239868	0.0427966	0.022881	0.0409969	0.021797	0.0392152	0.0207342	0.0374512	0.0196923	0.0357047	0.0186708	0.0339756	0.0176695	0.0322638	0.0166878	0.0305689	0.0157254	0.0288909	0.0147819	0.0272297	0.0138569	0.0255849	0.0129502	0.0239565	0.0120612	0.0223443	0.0111898	0.0207482	0.0103355	0.0191679	0.00949807	0.0176034	0.00867709	0.0160544	0.00787227	0.0145209	0.0070833	0.0130026	0.00630987	0.0114994	0.00555167	0.0100111	0.00480841	0.00853772	0.0040798	0.00707896	0.00336554	0.00563471	0.00266536	0.00420483	0.00197899	0.00278918	0.00130615	0.00138762	0.000646569	0	0	0	0	
0	0.239433	0	0.249324	0	0.258306	0	0.266432	0	0.273751	0	0.280311	0	0.286156	0	0.29133	0	0.295873	0	0.299823	0	0.303216	0	0.306087	0	0.308469	0	0.310391	0	0.311884	0	0.312975	0	0.31369	0	0.314053	0	0.314089	0	0.313819	0	0.313264	0	0.312444	0	0.311378	0	0.310083	0	0.308576	0	0.306873	0	0.304989	0	0.302938	0	0.300733	0	0.298386	0	0.29591	0	0.293316	0	0.290613	0	0.287813	0	0.284924	0	0.281956	0	0.278915	0	0.275811	0	0.272651	0	0.26944	0	0.266187	0	0.262896	0	0.259575	0	0.256227	0	0.252857	0	0.249472	0	0.246074	0	0.242669	0	0.239259	0	0.235849	0	0.232441	0	0.22904	0	0.225647	0	0.222266	0	0.218899	0	0.215548	0	0.212215	0	0.208903	0	0.205612	0	0.202346	0	0.199105	0	0.195891	0	0.192705	0	0.189549	0	0.186422	0	0.183328	0	0.180265	0	0.177235	0	0.174239	0	0.171277	0	0.16835	0	0.165458	0	0.162602	0	0.159783	0	0.156999	0	0.154252	0	0.151542	0	0.148868	0	0.146232	0	0.143632	0	0.14107	0	0.138545	0	0.136056	0	0.133605	0	0.13119	0	0.128812	0	0.12647	0	0.124164	0	0.121894	0	0.11966	0	0.117462	0	0.115298	0	0.11317	0	0.111076	0	0.109016	0	0.106991	0	0.104999	0	0.10304	0	0.101114	0	0.0992212	0	0.0973602	0	0.0955309	0	0.093733	0	0.0919662	0	0.09023	0	0.0885241	0	0.086848	0	0.0852013	0	0.0835837	0	0.0819947	0	0.080434	0	0.0789011	0	0.0773956	0	0.0759172	0	0.0744654	0	0.0730398	0	0.0716401	0	0.0702659	0	0.0689166	0	0.0675921	0	0.0662918	0	0.0650154	0	0.0637625	0	0.0625328	0	0.0613257	0	0.0601411	0	0.0589785	0	0.0578375	0	0.0567178	0	0.055619	0	0.0545408	0	0.0534828	0	0.0524447	0	0.0514262	0	0.0504268	0	0.0494463	0	0.0484843	0	0.0475406	0	0.0466147	0	0.0457064	0	0.0448154	0	0.0439413	0	0.0430839	0	0.0422429	0	0.0414179	0	0.0406087	0	0.039815	0	0.0390365	0	0.0382729	0	0.037524	0	0.0367895	0	0.0360691	0	0.0353626	0	0.0346697	0	0.0339901	0	0.0333237	0	0.0326702	0	0.0320292	0	0.0314007	0	0.0307844	0	0.03018	0	0.0295873	0	0.0290061	0	0.0284362	0	0.0278773	0	0.0273293	0	0.026792	0	0.0262651	0	0.0251147	0	0.0239868	0	0.022881	0	0.021797	0	0.0207342	0	0.0196923	0	0.0186708	0	0.0176695	0	0.0166878	0	0.0157254	0	0.0147819	0	0.0138569	0	0.0129502	0	0.0120612	0	0.0111898	0	0.0103355	0	0.00949807	0	0.00867709	0	0.00787227	0	0.0070833	0	0.00630987	0	0.00555167	0	0.00480841	0	0.0040798	0	0.00336554	0	0.00266536	0	0.00197899	0	0.00130615	0	0.000646569	0	0	0	0	
0.263901	0.25029	0.261275	0.260172	0.258675	0.269134	0.256101	0.277231	0.253553	0.284512	0.25103	0.291027	0.248532	0.29682	0.246059	0.301934	0.243611	0.306412	0.241187	0.31029	0.238787	0.313607	0.236411	0.316397	0.234059	0.318692	0.23173	0.320525	0.229424	0.321924	0.227142	0.322918	0.224881	0.323533	0.222644	0.323793	0.220428	0.323724	0.218235	0.323346	0.216064	0.322682	0.213914	0.321751	0.211785	0.320572	0.209678	0.319163	0.207592	0.317542	0.205526	0.315723	0.203481	0.313722	0.201456	0.311554	0.199452	0.309231	0.197467	0.306767	0.195503	0.304173	0.193557	0.301461	0.191631	0.298641	0.189725	0.295723	0.187837	0.292717	0.185968	0.289631	0.184117	0.286475	0.182285	0.283255	0.180472	0.279979	0.178676	0.276654	0.176898	0.273287	0.175138	0.269884	0.173395	0.26645	0.17167	0.262991	0.169962	0.259512	0.168271	0.256017	0.166596	0.252511	0.164939	0.248999	0.163297	0.245484	0.161673	0.241969	0.160064	0.238458	0.158471	0.234954	0.156894	0.23146	0.155333	0.227979	0.153788	0.224513	0.152258	0.221065	0.150743	0.217636	0.149243	0.214229	0.147758	0.210845	0.146287	0.207486	0.144832	0.204154	0.143391	0.200851	0.141964	0.197576	0.140551	0.194332	0.139153	0.19112	0.137768	0.18794	0.136397	0.184794	0.13504	0.181682	0.133697	0.178605	0.132366	0.175564	0.131049	0.172559	0.129745	0.16959	0.128454	0.166658	0.127176	0.163763	0.125911	0.160906	0.124658	0.158087	0.123418	0.155306	0.12219	0.152562	0.120974	0.149857	0.11977	0.14719	0.118578	0.144561	0.117398	0.14197	0.11623	0.139418	0.115074	0.136903	0.113929	0.134426	0.112795	0.131987	0.111673	0.129585	0.110562	0.12722	0.109462	0.124893	0.108372	0.122602	0.107294	0.120347	0.106226	0.118129	0.105169	0.115947	0.104123	0.1138	0.103087	0.111689	0.102061	0.109612	0.101046	0.10757	0.10004	0.105562	0.0990449	0.103588	0.0980594	0.101647	0.0970837	0.0997395	0.0961177	0.0978645	0.0951613	0.0960217	0.0942144	0.0942108	0.093277	0.0924314	0.0923489	0.090683	0.09143	0.0889652	0.0905202	0.0872776	0.0896195	0.0856198	0.0887278	0.0839915	0.0878449	0.0823921	0.0869709	0.0808212	0.0861055	0.0792786	0.0852487	0.0777636	0.0844005	0.076276	0.0835607	0.0748153	0.0827293	0.073381	0.0819061	0.0719729	0.0810911	0.0705905	0.0802842	0.0692334	0.0794854	0.0679011	0.0786945	0.0665934	0.0779115	0.0653097	0.0771362	0.0640498	0.0763687	0.0628132	0.0756088	0.0615995	0.0748565	0.0604084	0.0741117	0.0592395	0.0733743	0.0580924	0.0726442	0.0569667	0.0719214	0.0558621	0.0712057	0.0547783	0.0704972	0.0537148	0.0697958	0.0526714	0.0691013	0.0516476	0.0684137	0.0506432	0.067733	0.0496578	0.067059	0.048691	0.0663918	0.0477426	0.0657312	0.0468122	0.0650771	0.0458995	0.0644296	0.0450041	0.0637885	0.0441258	0.0631538	0.0432643	0.0625254	0.0424193	0.0619033	0.0415904	0.0612873	0.0407774	0.0606775	0.03998	0.0600738	0.0391979	0.059476	0.0384308	0.0588842	0.0376784	0.0582983	0.0369405	0.0577182	0.0362169	0.0571439	0.0355071	0.0565753	0.0348111	0.0560124	0.0341285	0.0554551	0.0334591	0.0549033	0.0328027	0.054357	0.0321589	0.0538161	0.0315276	0.0532807	0.0309086	0.0527505	0.0303015	0.0522256	0.0297063	0.051706	0.0291225	0.0511915	0.0285502	0.0506821	0.0279889	0.0501778	0.0274386	0.0483047	0.0262651	0.0464503	0.0251147	0.0446143	0.0239868	0.0427966	0.022881	0.0409969	0.021797	0.0392152	0.0207342	0.0374512	0.0196923	0.0357047	0.0186708	0.0339756	0.0176695	0.0322638	0.0166878	0.0305689	0.0157254	0.0288909	0.0147819	0.0272297	0.0138569	0.0255849	0.0129502	0.0239565	0.0120612	0.0223443	0.0111898	0.0207482	0.0103355	0.0191679	0.00949807	0.0176034	0.00867709	0.0160544	0.00787227	0.0145209	0.0070833	0.0130026	0.00630987	0.0114994	0.00555167	0.0100111	0.00480841	0.00853772	0.0040798	0.00707896	0.00336554	0.00563471	0.00266536	0.00420483	0.00197899	0.00278918	0.00130615	0.00138762	0.000646569	0	0	0	0	
0	0.25029	0	0.260172	0	0.269134	0	0.277231	0	0.284512	0	0.291027	0	0.29682	0	0.301934	0	0.306412	0	0.31029	0	0.313607	0	0.316397	0	0.318692	0	0.320525	0	0.321924	0	0.322918	0	0.323533	0	0.323793	0	0.323724	0	0.323346	0	0.322682	0	0.321751	0	0.320572	0	0.319163	0	0.317542	0	0.315723	0	0.313722	0	0.311554	0	0.309231	0	0.306767	0	0.304173	0	0.301461	0	0.298641	0	0.295723	0	0.292717	0	0.289631	0	0.286475	0	0.283255	0	0.279979	0	0.276654	0	0.273287	0	0.269884	0	0.26645	0	0.262991	0	0.259512	0	0.256017	0	0.252511	0	0.248999	0	0.245484	0	0.241969	0	0.238458	0	0.234954	0	0.23146	0	0.227979	0	0.224513	0	0.221065	0	0.217636	0	0.214229	0	0.210845	0	0.207486	0	0.204154	0	0.200851	0	0.197576	0	0.194332	0	0.19112	0	0.18794	0	0.184794	0	0.181682	0	0.178605	0	0.175564	0	0.172559	0	0.16959	0	0.166658	0	0.163763	0	0.160906	0	0.158087	0	0.155306	0	0.152562	0	0.149857	0	0.14719	0	0.144561	0	0.14197	0	0.139418	0	0.136903	0	0.134426	0	0.131987	0	0.129585	0	0.12722	0	0.124893	0	0.122602	0	0.120347	0	0.118129	0	0.115947	0	0.1138	0	0.111689	0	0.109612	0	0.10757	0	0.105562	0	0.103588	0	0.101647	0	0.0997395	0	0.0978645	0	0.0960217	0	0.0942108	0	0.0924314	0	0.090683	0	0.0889652	0	0.0872776	0	0.0856198	0	0.0839915	0	0.0823921	0	0.0808212	0	0.0792786	0	0.0777636	0	0.076276	0	0.0748153	0	0.073381	0	0.0719729	0	0.0705905	0	0.0692334	0	0.0679011	0	0.0665934	0	0.0653097	0	0.0640498	0	0.0628132	0	0.0615995	0	0.0604084	0	0.0592395	0	0.0580924	0	0.0569667	0	0.0558621	0	0.0547783	0	0.0537148	0	0.0526714	0	0.0516476	0	0.0506432	0	0.0496578	0	0.048691	0	0.0477426	0	0.0468122	0	0.0458995	0	0.0450041	0	0.0441258	0	0.0432643	0	0.0424193	0	0.0415904	0	0.0407774	0	0.03998	0	0.0391979	0	0.0384308	0	0.0376784	0	0.0369405	0	0.0362169	0	0.0355071	0	0.0348111	0	0.0341285	0	0.0334591	0	0.0328027	0	0.0321589	0	0.0315276	0	0.0309086	0	0.0303015	0	0.0297063	0	0.0291225	0	0.0285502	0	0.0279889	0	0.0274386	0	0.0262651	0	0.0251147	0	0.0239868	0	0.022881	0	0.021797	0	0.0207342	0	0.0196923	0	0.0186708	0	0.0176695	0	0.0166878	0	0.0157254	0	0.0147819	0	0.0138569	0	0.0129502	0	0.0120612	0	0.0111898	0	0.0103355	0	0.00949807	0	0.00867709	0	0.00787227	0	0.0070833	0	0.00630987	0	0.00555167	0	0.00480841	0	0.0040798	0	0.00336554	0	0.00266536	0	0.00197899	0	0.00130615	0	0.000646569	0	0	0	0	
0.271126	0.261137	0.268428	0.270999	0.265757	0.279933	0.263113	0.287992	0.260495	0.295228	0.257903	0.30169	0.255337	0.307424	0.252796	0.312473	0.250281	0.316879	0.247791	0.320681	0.245325	0.323916	0.242884	0.32662	0.240467	0.328826	0.238075	0.330565	0.235706	0.331867	0.23336	0.332761	0.231038	0.333273	0.22874	0.333428	0.226464	0.333251	0.22421	0.332764	0.221979	0.331989	0.219771	0.330945	0.217584	0.329652	0.215419	0.328129	0.213275	0.326391	0.211153	0.324456	0.209052	0.322338	0.206972	0.320053	0.204913	0.317612	0.202874	0.31503	0.200855	0.312318	0.198857	0.309488	0.196878	0.306551	0.194919	0.303516	0.19298	0.300393	0.191059	0.297191	0.189158	0.293918	0.187276	0.290583	0.185413	0.287193	0.183568	0.283755	0.181741	0.280275	0.179933	0.276759	0.178143	0.273214	0.17637	0.269645	0.174615	0.266057	0.172878	0.262454	0.171157	0.258842	0.169454	0.255224	0.167768	0.251603	0.166099	0.247985	0.164446	0.244372	0.16281	0.240767	0.16119	0.237173	0.159586	0.233593	0.157998	0.23003	0.156426	0.226485	0.15487	0.222962	0.153329	0.219461	0.151803	0.215985	0.150293	0.212535	0.148797	0.209114	0.147317	0.205721	0.145851	0.20236	0.1444	0.19903	0.142963	0.195733	0.14154	0.19247	0.140132	0.189242	0.138738	0.186049	0.137357	0.182892	0.13599	0.179773	0.134637	0.17669	0.133298	0.173645	0.131971	0.170639	0.130658	0.167671	0.129358	0.164741	0.128071	0.161851	0.126797	0.158999	0.125535	0.156187	0.124286	0.153415	0.123049	0.150681	0.121825	0.147987	0.120613	0.145332	0.119413	0.142716	0.118224	0.140139	0.117048	0.137601	0.115883	0.135102	0.11473	0.132641	0.113589	0.130219	0.112458	0.127834	0.111339	0.125487	0.110232	0.123178	0.109135	0.120906	0.108049	0.118671	0.106974	0.116472	0.105909	0.11431	0.104856	0.112183	0.103812	0.110091	0.102779	0.108035	0.101757	0.106014	0.100744	0.104026	0.0997417	0.102073	0.0987493	0.100153	0.0977667	0.0982663	0.0967939	0.0964122	0.0958308	0.0945902	0.0948773	0.0928002	0.0939332	0.0910415	0.0929986	0.0893138	0.0920732	0.0876166	0.0911571	0.0859496	0.09025	0.0843123	0.089352	0.0827042	0.088463	0.081125	0.0875827	0.0795742	0.0867113	0.0780514	0.0858485	0.0765562	0.0849943	0.0750881	0.0841486	0.0736468	0.0833113	0.0722318	0.0824823	0.0708427	0.0816616	0.0694791	0.0808491	0.0681405	0.0800446	0.0668267	0.0792481	0.0655372	0.0784596	0.0642715	0.0776789	0.0630294	0.076906	0.0618103	0.0761408	0.060614	0.0753832	0.05944	0.0746331	0.058288	0.0738905	0.0571576	0.0731553	0.0560484	0.0724274	0.0549601	0.0717067	0.0538922	0.0709932	0.0528445	0.0702868	0.0518167	0.0695874	0.0508082	0.068895	0.0498189	0.0682095	0.0488483	0.0675308	0.0478962	0.0668589	0.0469622	0.0661936	0.046046	0.065535	0.0451473	0.0648829	0.0442657	0.0642373	0.043401	0.0635981	0.0425528	0.0629653	0.0417209	0.0623388	0.0409049	0.0617185	0.0401046	0.0611044	0.0393197	0.0604964	0.0385498	0.0598945	0.0377948	0.0592985	0.0370543	0.0587085	0.0363281	0.0581243	0.0356159	0.057546	0.0349175	0.0569734	0.0342326	0.0564065	0.0335609	0.0558452	0.0329022	0.0552896	0.0322563	0.0547394	0.0316228	0.0541947	0.0310017	0.0536555	0.0303926	0.0531216	0.0297954	0.0525931	0.0292097	0.0520697	0.0286355	0.0501778	0.0274386	0.0483047	0.0262651	0.0464503	0.0251147	0.0446143	0.0239868	0.0427966	0.022881	0.0409969	0.021797	0.0392152	0.0207342	0.0374512	0.0196923	0.0357047	0.0186708	0.0339756	0.0176695	0.0322638	0.0166878	0.0305689	0.0157254	0.0288909	0.0147819	0.0272297	0.0138569	0.0255849	0.0129502	0.0239565	0.0120612	0.0223443	0.0111898	0.0207482	0.0103355	0.0191679	0.00949807	0.0176034	0.00867709	0.0160544	0.00787227	0.0145209	0.0070833	0.0130026	0.00630987	0.0114994	0.00555167	0.0100111	0.00480841	0.00853772	0.0040798	0.00707896	0.00336554	0.00563471	0.00266536	0.00420483	0.00197899	0.00278918	0.00130615	0.00138762	0.000646569	0	0	0	0	
0	0.261137	0	0.270999	0	0.279933	0	0.287992	0	0.295228	0	0.30169	0	0.307424	0	0.312473	0	0.316879	0	0.320681	0	0.323916	0	0.32662	0	0.328826	0	0.330565	0	0.331867	0	0.332761	0	0.333273	0	0.333428	0	0.333251	0	0.332764	0	0.331989	0	0.330945	0	0.329652	0	0.328129	0	0.326391	0	0.324456	0	0.322338	0	0.320053	0	0.317612	0	0.31503	0	0.312318	0	0.309488	0	0.306551	0	0.303516	0	0.300393	0	0.297191	0	0.293918	0	0.290583	0	0.287193	0	0.283755	0	0.280275	0	0.276759	0	0.273214	0	0.269645	0	0.266057	0	0.262454	0	0.258842	0	0.255224	0	0.251603	0	0.247985	0	0.244372	0	0.240767	0	0.237173	0	0.233593	0	0.23003	0	0.226485	0	0.222962	0	0.219461	0	0.215985	0	0.212535	0	0.209114	0	0.205721	0	0.20236	0	0.19903	0	0.195733	0	0.19247	0	0.189242	0	0.186049	0	0.182892	0	0.179773	0	0.17669	0	0.173645	0	0.170639	0	0.167671	0	0.164741	0	0.161851	0	0.158999	0	0.156187	0	0.153415	0	0.150681	0	0.147987	0	0.145332	0	0.142716	0	0.140139	0	0.137601	0	0.135102	0	0.132641	0	0.130219	0	0.127834	0	0.125487	0	0.123178	0	0.120906	0	0.118671	0	0.116472	0	0.11431	0	0.112183	0	0.110091	0	0.108035	0	0.106014	0	0.104026	0	0.102073	0	0.100153	0	0.0982663	0	0.0964122	0	0.0945902	0	0.0928002	0	0.0910415	0	0.0893138	0	0.0876166	0	0.0859496	0	0.0843123	0	0.0827042	0	0.081125	0	0.0795742	0	0.0780514	0	0.0765562	0	0.0750881	0	0.0736468	0	0.0722318	0	0.0708427	0	0.0694791	0	0.0681405	0	0.0668267	0	0.0655372	0	0.0642715	0	0.0630294	0	0.0618103	0	0.060614	0	0.05944	0	0.058288	0	0.0571576	0	0.0560484	0	0.0549601	0	0.0538922	0	0.0528445	0	0.0518167	0	0.0508082	0	0.0498189	0	0.0488483	0	0.0478962	0	0.0469622	0	0.046046	0	0.0451473	0	0.0442657	0	0.043401	0	0.0425528	0	0.0417209	0	0.0409049	0	0.0401046	0	0.0393197	0	0.0385498	0	0.0377948	0	0.0370543	0	0.0363281	0	0.0356159	0	0.0349175	0	0.0342326	0	0.0335609	0	0.0329022	0	0.0322563	0	0.0316228	0	0.0310017	0	0.0303926	0	0.0297954	0	0.0292097	0	0.0286355	0	0.0274386	0	0.0262651	0	0.0251147	0	0.0239868	0	0.022881	0	0.021797	0	0.0207342	0	0.0196923	0	0.0186708	0	0.0176695	0	0.0166878	0	0.0157254	0	0.0147819	0	0.0138569	0	0.0129502	0	0.0120612	0	0.0111898	0	0.0103355	0	0.00949807	0	0.00867709	0	0.00787227	0	0.0070833	0	0.00630987	0	0.00555167	0	0.00480841	0	0.0040798	0	0.00336554	0	0.00266536	0	0.00197899	0	0.00130615	0	0.000646569	0	0	0	0	
0.27828	0.271965	0.275511	0.281798	0.272769	0.290694	0.270055	0.298708	0.267368	0.305892	0.264708	0.312294	0.262074	0.317962	0.259466	0.32294	0.256884	0.32727	0.254328	0.33099	0.251798	0.33414	0.249292	0.336754	0.246812	0.338866	0.244356	0.340508	0.241925	0.34171	0.239517	0.342501	0.237134	0.342907	0.234775	0.342955	0.232439	0.342669	0.230126	0.342071	0.227836	0.341183	0.225569	0.340025	0.223325	0.338618	0.221102	0.336978	0.218902	0.335125	0.216724	0.333072	0.214568	0.330837	0.212433	0.328434	0.210319	0.325875	0.208226	0.323175	0.206155	0.320346	0.204103	0.317398	0.202072	0.314343	0.200062	0.311191	0.198071	0.307952	0.1961	0.304634	0.194149	0.301247	0.192217	0.297797	0.190305	0.294293	0.188411	0.290742	0.186536	0.28715	0.18468	0.283524	0.182843	0.279869	0.181023	0.27619	0.179222	0.272494	0.177439	0.268785	0.175673	0.265066	0.173925	0.261343	0.172195	0.25762	0.170481	0.253899	0.168785	0.250185	0.167106	0.24648	0.165443	0.242788	0.163797	0.239111	0.162167	0.235451	0.160553	0.231812	0.158956	0.228194	0.157374	0.224601	0.155808	0.221034	0.154258	0.217495	0.152723	0.213984	0.151203	0.210505	0.149699	0.207057	0.148209	0.203643	0.146735	0.200263	0.145275	0.196917	0.143829	0.193608	0.142398	0.190336	0.140981	0.187101	0.139578	0.183904	0.13819	0.180746	0.136815	0.177626	0.135453	0.174546	0.134105	0.171506	0.132771	0.168505	0.13145	0.165545	0.130142	0.162625	0.128847	0.159745	0.127565	0.156906	0.126296	0.154107	0.125039	0.151348	0.123795	0.14863	0.122563	0.145952	0.121344	0.143314	0.120136	0.140716	0.118941	0.138158	0.117757	0.13564	0.116586	0.13316	0.115426	0.13072	0.114277	0.128318	0.11314	0.125955	0.112014	0.12363	0.1109	0.121343	0.109796	0.119093	0.108704	0.11688	0.107622	0.114704	0.106551	0.112565	0.105491	0.110461	0.104441	0.108393	0.103402	0.10636	0.102373	0.104362	0.101355	0.102398	0.100346	0.100468	0.0993477	0.098571	0.0983592	0.0967074	0.0973805	0.0948765	0.0964116	0.0930776	0.0954522	0.0913105	0.0945025	0.0895747	0.0935622	0.0878698	0.0926312	0.0861952	0.0917095	0.0845506	0.090797	0.0829356	0.0898935	0.0813496	0.0889991	0.0797923	0.0881135	0.0782632	0.0872368	0.076762	0.0863688	0.075288	0.0855094	0.0738411	0.0846585	0.0724206	0.0838162	0.0710262	0.0829822	0.0696575	0.0821565	0.0683141	0.081339	0.0669955	0.0805297	0.0657014	0.0797284	0.0644313	0.0789351	0.0631849	0.0781497	0.0619617	0.0773721	0.0607613	0.0766022	0.0595835	0.07584	0.0584277	0.0750854	0.0572936	0.0743383	0.0561809	0.0735986	0.0550891	0.0728663	0.054018	0.0721413	0.0529671	0.0714234	0.0519361	0.0707128	0.0509246	0.0700092	0.0499324	0.0693126	0.048959	0.0686229	0.0480041	0.0679401	0.0470675	0.0672641	0.0461487	0.0665948	0.0452474	0.0659321	0.0443634	0.0652761	0.0434963	0.0646266	0.0426458	0.0639836	0.0418117	0.0633469	0.0409935	0.0627166	0.0401911	0.0620926	0.0394041	0.0614747	0.0386323	0.060863	0.0378753	0.0602574	0.0371329	0.0596579	0.0364049	0.0590643	0.0356909	0.0584766	0.0349908	0.0578947	0.0343041	0.0573186	0.0336308	0.0567483	0.0329705	0.0561837	0.032323	0.0556246	0.0316881	0.0550712	0.0310655	0.0545232	0.030455	0.0539807	0.0298563	0.0520697	0.0286355	0.0501778	0.0274386	0.0483047	0.0262651	0.0464503	0.0251147	0.0446143	0.0239868	0.0427966	0.022881	0.0409969	0.021797	0.0392152	0.0207342	0.0374512	0.0196923	0.0357047	0.0186708	0.0339756	0.0176695	0.0322638	0.0166878	0.0305689	0.0157254	0.0288909	0.0147819	0.0272297	0.0138569	0.0255849	0.0129502	0.0239565	0.0120612	0.0223443	0.0111898	0.0207482	0.0103355	0.0191679	0.00949807	0.0176034	0.00867709	0.0160544	0.00787227	0.0145209	0.0070833	0.0130026	0.00630987	0.0114994	0.00555167	0.0100111	0.00480841	0.00853772	0.0040798	0.00707896	0.00336554	0.00563471	0.00266536	0.00420483	0.00197899	0.00278918	0.00130615	0.00138762	0.000646569	0	0	0	0	
0	0.271965	0	0.281798	0	0.290694	0	0.298708	0	0.305892	0	0.312294	0	0.317962	0	0.32294	0	0.32727	0	0.33099	0	0.33414	0	0.336754	0	0.338866	0	0.340508	0	0.34171	0	0.342501	0	0.342907	0	0.342955	0	0.342669	0	0.342071	0	0.341183	0	0.340025	0	0.338618	0	0.336978	0	0.335125	0	0.333072	0	0.330837	0	0.328434	0	0.325875	0	0.323175	0	0.320346	0	0.317398	0	0.314343	0	0.311191	0	0.307952	0	0.304634	0	0.301247	0	0.297797	0	0.294293	0	0.290742	0	0.28715	0	0.283524	0	0.279869	0	0.27619	0	0.272494	0	0.268785	0	0.265066	0	0.261343	0	0.25762	0	0.253899	0	0.250185	0	0.24648	0	0.242788	0	0.239111	0	0.235451	0	0.231812	0	0.228194	0	0.224601	0	0.221034	0	0.217495	0	0.213984	0	0.210505	0	0.207057	0	0.203643	0	0.200263	0	0.196917	0	0.193608	0	0.190336	0	0.187101	0	0.183904	0	0.180746	0	0.177626	0	0.174546	0	0.171506	0	0.168505	0	0.165545	0	0.162625	0	0.159745	0	0.156906	0	0.154107	0	0.151348	0	0.14863	0	0.145952	0	0.143314	0	0.140716	0	0.138158	0	0.13564	0	0.13316	0	0.13072	0	0.128318	0	0.125955	0	0.12363	0	0.121343	0	0.119093	0	0.11688	0	0.114704	0	0.112565	0	0.110461	0	0.108393	0	0.10636	0	0.104362	0	0.102398	0	0.100468	0	0.098571	0	0.0967074	0	0.0948765	0	0.0930776	0	0.0913105	0	0.0895747	0	0.0878698	0	0.0861952	0	0.0845506	0	0.0829356	0	0.0813496	0	0.0797923	0	0.0782632	0	0.076762	0	0.075288	0	0.0738411	0	0.0724206	0	0.0710262	0	0.0696575	0	0.0683141	0	0.0669955	0	0.0657014	0	0.0644313	0	0.0631849	0	0.0619617	0	0.0607613	0	0.0595835	0	0.0584277	0	0.0572936	0	0.0561809	0	0.0550891	0	0.054018	0	0.0529671	0	0.0519361	0	0.0509246	0	0.0499324	0	0.048959	0	0.0480041	0	0.0470675	0	0.0461487	0	0.0452474	0	0.0443634	0	0.0434963	0	0.0426458	0	0.0418117	0	0.0409935	0	0.0401911	0	0.0394041	0	0.0386323	0	0.0378753	0	0.0371329	0	0.0364049	0	0.0356909	0	0.0349908	0	0.0343041	0	0.0336308	0	0.0329705	0	0.032323	0	0.0316881	0	0.0310655	0	0.030455	0	0.0298563	0	0.0286355	0	0.0274386	0	0.0262651	0	0.0251147	0	0.0239868	0	0.022881	0	0.021797	0	0.0207342	0	0.0196923	0	0.0186708	0	0.0176695	0	0.0166878	0	0.0157254	0	0.0147819	0	0.0138569	0	0.0129502	0	0.0120612	0	0.0111898	0	0.0103355	0	0.00949807	0	0.00867709	0	0.00787227	0	0.0070833	0	0.00630987	0	0.00555167	0	0.00480841	0	0.0040798	0	0.00336554	0	0.00266536	0	0.00197899	0	0.00130615	0	0.000646569	0	0	0	0	
0.285362	0.282764	0.282522	0.292559	0.279711	0.30141	0.276928	0.309371	0.274173	0.316496	0.271444	0.322833	0.268744	0.32843	0.26607	0.333331	0.263422	0.337579	0.260801	0.341214	0.258206	0.344273	0.255637	0.346794	0.253093	0.348809	0.250575	0.35035	0.248082	0.35145	0.245613	0.352135	0.243169	0.352435	0.24075	0.352373	0.238354	0.351976	0.235983	0.351265	0.233634	0.350263	0.23131	0.348991	0.229008	0.347468	0.226729	0.345712	0.224473	0.343741	0.22224	0.341571	0.220029	0.339218	0.217839	0.336697	0.215672	0.33402	0.213526	0.331203	0.211401	0.328256	0.209298	0.325191	0.207215	0.322019	0.205153	0.318751	0.203112	0.315396	0.201091	0.311963	0.19909	0.308461	0.197109	0.304897	0.195148	0.301281	0.193206	0.297617	0.191284	0.293914	0.18938	0.290178	0.187496	0.286414	0.18563	0.282628	0.183783	0.278825	0.181955	0.275009	0.180144	0.271186	0.178352	0.26736	0.176577	0.263534	0.17482	0.259712	0.173081	0.255898	0.171358	0.252095	0.169653	0.248305	0.167965	0.244531	0.166294	0.240777	0.164639	0.237044	0.163001	0.233334	0.161379	0.22965	0.159774	0.225993	0.158184	0.222365	0.15661	0.218768	0.155052	0.215203	0.153509	0.21167	0.151981	0.208172	0.150469	0.20471	0.148972	0.201284	0.14749	0.197895	0.146022	0.194544	0.144569	0.191232	0.143131	0.187959	0.141706	0.184726	0.140296	0.181533	0.1389	0.178381	0.137518	0.175269	0.13615	0.172199	0.134795	0.16917	0.133454	0.166182	0.132126	0.163236	0.130812	0.160331	0.12951	0.157468	0.128221	0.154646	0.126945	0.151866	0.125682	0.149127	0.124432	0.146429	0.123194	0.143773	0.121968	0.141157	0.120754	0.138581	0.119553	0.136046	0.118363	0.133551	0.117185	0.131095	0.116019	0.128679	0.114865	0.126302	0.113722	0.123964	0.112591	0.121664	0.11147	0.119402	0.110361	0.117178	0.109263	0.114991	0.108176	0.11284	0.107099	0.110727	0.106034	0.108649	0.104979	0.106606	0.103934	0.104599	0.1029	0.102627	0.101876	0.100688	0.100862	0.0987838	0.0998588	0.0969126	0.0988652	0.0950744	0.0978815	0.0932687	0.0969076	0.0914949	0.0959433	0.0897527	0.0949887	0.0880416	0.0940435	0.0863612	0.0931078	0.084711	0.0921813	0.0830905	0.0912641	0.0814994	0.090356	0.0799371	0.089457	0.0784032	0.0885669	0.0768974	0.0876856	0.075419	0.0868131	0.0739678	0.0859493	0.0725432	0.0850941	0.071145	0.0842474	0.0697725	0.0834091	0.0684254	0.0825792	0.0671034	0.0817575	0.0658059	0.080944	0.0645325	0.0801386	0.063283	0.0793412	0.0620568	0.0785518	0.0608536	0.0777701	0.0596729	0.0769963	0.0585144	0.0762302	0.0573778	0.0754717	0.0562626	0.0747207	0.0551684	0.0739773	0.054095	0.0732412	0.0530418	0.0725124	0.0520087	0.0717909	0.0509952	0.0710766	0.0500009	0.0703693	0.0490256	0.0696692	0.0480688	0.0689759	0.0471304	0.0682896	0.0462098	0.0676101	0.0453069	0.0669374	0.0444213	0.0662713	0.0435526	0.0656119	0.0427006	0.0649591	0.041865	0.0643127	0.0410454	0.0636728	0.0402416	0.0630393	0.0394533	0.062412	0.0386801	0.061791	0.0379219	0.0611762	0.0371783	0.0605675	0.0364491	0.0599648	0.035734	0.0593681	0.0350327	0.0587774	0.0343451	0.0581926	0.0336707	0.0576135	0.0330094	0.0570403	0.0323609	0.0564727	0.031725	0.0559108	0.0311015	0.0539807	0.0298563	0.0520697	0.0286355	0.0501778	0.0274386	0.0483047	0.0262651	0.0464503	0.0251147	0.0446143	0.0239868	0.0427966	0.022881	0.0409969	0.021797	0.0392152	0.0207342	0.0374512	0.0196923	0.0357047	0.0186708	0.0339756	0.0176695	0.0322638	0.0166878	0.0305689	0.0157254	0.0288909	0.0147819	0.0272297	0.0138569	0.0255849	0.0129502	0.0239565	0.0120612	0.0223443	0.0111898	0.0207482	0.0103355	0.0191679	0.00949807	0.0176034	0.00867709	0.0160544	0.00787227	0.0145209	0.0070833	0.0130026	0.00630987	0.0114994	0.00555167	0.0100111	0.00480841	0.00853772	0.0040798	0.00707896	0.00336554	0.00563471	0.00266536	0.00420483	0.00197899	0.00278918	0.00130615	0.00138762	0.000646569	0	0	0	0	
0	0.282764	0	0.292559	0	0.30141	0	0.309371	0	0.316496	0	0.322833	0	0.32843	0	0.333331	0	0.337579	0	0.341214	0	0.344273	0	0.346794	0	0.348809	0	0.35035	0	0.35145	0	0.352135	0	0.352435	0	0.352373	0	0.351976	0	0.351265	0	0.350263	0	0.348991	0	0.347468	0	0.345712	0	0.343741	0	0.341571	0	0.339218	0	0.336697	0	0.33402	0	0.331203	0	0.328256	0	0.325191	0	0.322019	0	0.318751	0	0.315396	0	0.311963	0	0.308461	0	0.304897	0	0.301281	0	0.297617	0	0.293914	0	0.290178	0	0.286414	0	0.282628	0	0.278825	0	0.275009	0	0.271186	0	0.26736	0	0.263534	0	0.259712	0	0.255898	0	0.252095	0	0.248305	0	0.244531	0	0.240777	0	0.237044	0	0.233334	0	0.22965	0	0.225993	0	0.222365	0	0.218768	0	0.215203	0	0.21167	0	0.208172	0	0.20471	0	0.201284	0	0.197895	0	0.194544	0	0.191232	0	0.187959	0	0.184726	0	0.181533	0	0.178381	0	0.175269	0	0.172199	0	0.16917	0	0.166182	0	0.163236	0	0.160331	0	0.157468	0	0.154646	0	0.151866	0	0.149127	0	0.146429	0	0.143773	0	0.141157	0	0.138581	0	0.136046	0	0.133551	0	0.131095	0	0.128679	0	0.126302	0	0.123964	0	0.121664	0	0.119402	0	0.117178	0	0.114991	0	0.11284	0	0.110727	0	0.108649	0	0.106606	0	0.104599	0	0.102627	0	0.100688	0	0.0987838	0	0.0969126	0	0.0950744	0	0.0932687	0	0.0914949	0	0.0897527	0	0.0880416	0	0.0863612	0	0.084711	0	0.0830905	0	0.0814994	0	0.0799371	0	0.0784032	0	0.0768974	0	0.075419	0	0.0739678	0	0.0725432	0	0.071145	0	0.0697725	0	0.0684254	0	0.0671034	0	0.0658059	0	0.0645325	0	0.063283	0	0.0620568	0	0.0608536	0	0.0596729	0	0.0585144	0	0.0573778	0	0.0562626	0	0.0551684	0	0.054095	0	0.0530418	0	0.0520087	0	0.0509952	0	0.0500009	0	0.0490256	0	0.0480688	0	0.0471304	0	0.0462098	0	0.0453069	0	0.0444213	0	0.0435526	0	0.0427006	0	0.041865	0	0.0410454	0	0.0402416	0	0.0394533	0	0.0386801	0	0.0379219	0	0.0371783	0	0.0364491	0	0.035734	0	0.0350327	0	0.0343451	0	0.0336707	0	0.0330094	0	0.0323609	0	0.031725	0	0.0311015	0	0.0298563	0	0.0286355	0	0.0274386	0	0.0262651	0	0.0251147	0	0.0239868	0	0.022881	0	0.021797	0	0.0207342	0	0.0196923	0	0.0186708	0	0.0176695	0	0.0166878	0	0.0157254	0	0.0147819	0	0.0138569	0	0.0129502	0	0.0120612	0	0.0111898	0	0.0103355	0	0.00949807	0	0.00867709	0	0.00787227	0	0.0070833	0	0.00630987	0	0.00555167	0	0.00480841	0	0.0040798	0	0.00336554	0	0.00266536	0	0.00197899	0	0.00130615	0	0.000646569	0	0	0	0	
0.292374	0.293525	0.289464	0.303275	0.286584	0.312073	0.283733	0.319976	0.280909	0.327034	0.278114	0.3333	0.275347	0.33882	0.272607	0.34364	0.269895	0.347802	0.267209	0.351347	0.26455	0.354313	0.261918	0.356736	0.259312	0.358651	0.256732	0.36009	0.254177	0.361084	0.251648	0.361663	0.249144	0.361852	0.246665	0.36168	0.244211	0.36117	0.241781	0.360345	0.239375	0.359229	0.236993	0.357841	0.234635	0.356201	0.232301	0.354328	0.229989	0.352239	0.227701	0.349952	0.225435	0.347481	0.223192	0.344842	0.220971	0.342048	0.218772	0.339113	0.216596	0.336048	0.21444	0.332866	0.212307	0.329578	0.210194	0.326194	0.208103	0.322724	0.206032	0.319177	0.203982	0.315561	0.201952	0.311885	0.199943	0.308156	0.197953	0.304382	0.195984	0.300569	0.194034	0.296723	0.192103	0.292851	0.190192	0.288958	0.188299	0.285049	0.186426	0.281129	0.184571	0.277203	0.182734	0.273274	0.180916	0.269347	0.179116	0.265425	0.177333	0.261512	0.175569	0.257612	0.173822	0.253726	0.172092	0.249857	0.17038	0.246009	0.168685	0.242184	0.167006	0.238383	0.165345	0.234609	0.163699	0.230864	0.162071	0.227149	0.160458	0.223466	0.158861	0.219815	0.157281	0.2162	0.155716	0.21262	0.154166	0.209077	0.152632	0.205571	0.151114	0.202104	0.14961	0.198676	0.148121	0.195288	0.146648	0.19194	0.145188	0.188634	0.143744	0.185368	0.142313	0.182145	0.140897	0.178963	0.139495	0.175824	0.138107	0.172727	0.136733	0.169673	0.135373	0.166662	0.134026	0.163693	0.132692	0.160766	0.131372	0.157883	0.130065	0.155041	0.128771	0.152242	0.127489	0.149486	0.126221	0.146771	0.124965	0.144098	0.123721	0.141467	0.12249	0.138877	0.121272	0.136328	0.120065	0.133819	0.11887	0.131351	0.117687	0.128923	0.116516	0.126535	0.115357	0.124186	0.114209	0.121875	0.113073	0.119604	0.111948	0.11737	0.110834	0.115174	0.109731	0.113015	0.108639	0.110893	0.107558	0.108808	0.106488	0.106758	0.105428	0.104744	0.104379	0.102765	0.103341	0.10082	0.102313	0.0989094	0.101295	0.0970325	0.100287	0.0951888	0.0992887	0.0933779	0.0983008	0.0915992	0.0973227	0.0898522	0.0963543	0.0881366	0.0953956	0.0864519	0.0944464	0.0847976	0.0935066	0.0831732	0.0925762	0.0815784	0.0916551	0.0800125	0.0907431	0.0784753	0.0898402	0.0769662	0.0889462	0.0754848	0.0880612	0.0740307	0.087185	0.0726033	0.0863175	0.0712024	0.0854586	0.0698274	0.0846083	0.0684779	0.0837664	0.0671535	0.0829329	0.0658539	0.0821077	0.0645784	0.0812907	0.0633269	0.0804819	0.0620988	0.0796811	0.0608937	0.0788882	0.0597114	0.0781033	0.0585513	0.0773261	0.057413	0.0765567	0.0562963	0.075795	0.0552007	0.0750408	0.0541259	0.0742941	0.0530715	0.0735549	0.0520371	0.072823	0.0510224	0.0720984	0.050027	0.071381	0.0490506	0.0706708	0.0480928	0.0699676	0.0471533	0.0692714	0.0462318	0.0685821	0.045328	0.0678997	0.0444415	0.0672241	0.043572	0.0665552	0.0427192	0.065893	0.0418828	0.0652373	0.0410626	0.0645882	0.0402581	0.0639456	0.0394691	0.0633093	0.0386953	0.0626794	0.0379365	0.0620557	0.0371924	0.0614382	0.0364626	0.0608269	0.035747	0.0602217	0.0350452	0.0596224	0.0343571	0.0590292	0.0336822	0.0584418	0.0330205	0.0578603	0.0323716	0.0559108	0.0311015	0.0539807	0.0298563	0.0520697	0.0286355	0.0501778	0.0274386	0.0483047	0.0262651	0.0464503	0.0251147	0.0446143	0.0239868	0.0427966	0.022881	0.0409969	0.021797	0.0392152	0.0207342	0.0374512	0.0196923	0.0357047	0.0186708	0.0339756	0.0176695	0.0322638	0.0166878	0.0305689	0.0157254	0.0288909	0.0147819	0.0272297	0.0138569	0.0255849	0.0129502	0.0239565	0.0120612	0.0223443	0.0111898	0.0207482	0.0103355	0.0191679	0.00949807	0.0176034	0.00867709	0.0160544	0.00787227	0.0145209	0.0070833	0.0130026	0.00630987	0.0114994	0.00555167	0.0100111	0.00480841	0.00853772	0.0040798	0.00707896	0.00336554	0.00563471	0.00266536	0.00420483	0.00197899	0.00278918	0.00130615	0.00138762	0.000646569	0	0	0	0	
0	0.293525	0	0.303275	0	0.312073	0	0.319976	0	0.327034	0	0.3333	0	0.33882	0	0.34364	0	0.347802	0	0.351347	0	0.354313	0	0.356736	0	0.358651	0	0.36009	0	0.361084	0	0.361663	0	0.361852	0	0.36168	0	0.36117	0	0.360345	0	0.359229	0	0.357841	0	0.356201	0	0.354328	0	0.352239	0	0.349952	0	0.347481	0	0.344842	0	0.342048	0	0.339113	0	0.336048	0	0.332866	0	0.329578	0	0.326194	0	0.322724	0	0.319177	0	0.315561	0	0.311885	0	0.308156	0	0.304382	0	0.300569	0	0.296723	0	0.292851	0	0.288958	0	0.285049	0	0.281129	0	0.277203	0	0.273274	0	0.269347	0	0.265425	0	0.261512	0	0.257612	0	0.253726	0	0.249857	0	0.246009	0	0.242184	0	0.238383	0	0.234609	0	0.230864	0	0.227149	0	0.223466	0	0.219815	0	0.2162	0	0.21262	0	0.209077	0	0.205571	0	0.202104	0	0.198676	0	0.195288	0	0.19194	0	0.188634	0	0.185368	0	0.182145	0	0.178963	0	0.175824	0	0.172727	0	0.169673	0	0.166662	0	0.163693	0	0.160766	0	0.157883	0	0.155041	0	0.152242	0	0.149486	0	0.146771	0	0.144098	0	0.141467	0	0.138877	0	0.136328	0	0.133819	0	0.131351	0	0.128923	0	0.126535	0	0.124186	0	0.121875	0	0.119604	0	0.11737	0	0.115174	0	0.113015	0	0.110893	0	0.108808	0	0.106758	0	0.104744	0	0.102765	0	0.10082	0	0.0989094	0	0.0970325	0	0.0951888	0	0.0933779	0	0.0915992	0	0.0898522	0	0.0881366	0	0.0864519	0	0.0847976	0	0.0831732	0	0.0815784	0	0.0800125	0	0.0784753	0	0.0769662	0	0.0754848	0	0.0740307	0	0.0726033	0	0.0712024	0	0.0698274	0	0.0684779	0	0.0671535	0	0.0658539	0	0.0645784	0	0.0633269	0	0.0620988	0	0.0608937	0	0.0597114	0	0.0585513	0	0.057413	0	0.0562963	0	0.0552007	0	0.0541259	0	0.0530715	0	0.0520371	0	0.0510224	0	0.050027	0	0.0490506	0	0.0480928	0	0.0471533	0	0.0462318	0	0.045328	0	0.0444415	0	0.043572	0	0.0427192	0	0.0418828	0	0.0410626	0	0.0402581	0	0.0394691	0	0.0386953	0	0.0379365	0	0.0371924	0	0.0364626	0	0.035747	0	0.0350452	0	0.0343571	0	0.0336822	0	0.0330205	0	0.0323716	0	0.0311015	0	0.0298563	0	0.0286355	0	0.0274386	0	0.0262651	0	0.0251147	0	0.0239868	0	0.022881	0	0.021797	0	0.0207342	0	0.0196923	0	0.0186708	0	0.0176695	0	0.0166878	0	0.0157254	0	0.0147819	0	0.0138569	0	0.0129502	0	0.0120612	0	0.0111898	0	0.0103355	0	0.00949807	0	0.00867709	0	0.00787227	0	0.0070833	0	0.00630987	0	0.00555167	0	0.00480841	0	0.0040798	0	0.00336554	0	0.00266536	0	0.00197899	0	0.00130615	0	0.000646569	0	0	0	0	
0.299316	0.304241	0.296337	0.313939	0.293389	0.322678	0.290469	0.330514	0.287579	0.337502	0.284718	0.343691	0.281885	0.34913	0.27908	0.353864	0.276303	0.357936	0.273554	0.361387	0.270832	0.364256	0.268137	0.366579	0.265469	0.368391	0.262828	0.369725	0.260212	0.370612	0.257623	0.371081	0.25506	0.371159	0.252522	0.370874	0.250009	0.37025	0.247522	0.369311	0.245059	0.368078	0.24262	0.366574	0.240206	0.364817	0.237816	0.362827	0.23545	0.36062	0.233107	0.358215	0.230788	0.355626	0.228491	0.352869	0.226218	0.349958	0.223967	0.346905	0.221738	0.343724	0.219532	0.340426	0.217348	0.337022	0.215185	0.333523	0.213044	0.329938	0.210924	0.326277	0.208825	0.322548	0.206747	0.31876	0.20469	0.31492	0.202654	0.311036	0.200637	0.307114	0.198641	0.30316	0.196664	0.299181	0.194707	0.295183	0.19277	0.291169	0.190852	0.287145	0.188953	0.283117	0.187073	0.279087	0.185211	0.27506	0.183369	0.27104	0.181544	0.267029	0.179738	0.263032	0.177949	0.259052	0.176179	0.25509	0.174426	0.25115	0.17269	0.247233	0.170972	0.243343	0.169271	0.23948	0.167586	0.235648	0.165919	0.231847	0.164268	0.228079	0.162633	0.224345	0.161015	0.220647	0.159413	0.216986	0.157827	0.213364	0.156256	0.20978	0.154702	0.206235	0.153162	0.202731	0.151638	0.199269	0.150129	0.195848	0.148636	0.192469	0.147157	0.189132	0.145692	0.185839	0.144243	0.182589	0.142808	0.179382	0.141387	0.176218	0.13998	0.173099	0.138587	0.170023	0.137208	0.166991	0.135843	0.164002	0.134491	0.161058	0.133153	0.158156	0.131828	0.155299	0.130516	0.152484	0.129218	0.149713	0.127932	0.146984	0.126659	0.144298	0.125399	0.141654	0.124151	0.139052	0.122916	0.136491	0.121693	0.133972	0.120482	0.131494	0.119283	0.129056	0.118096	0.126659	0.116921	0.124301	0.115758	0.121983	0.114606	0.119703	0.113465	0.117463	0.112336	0.11526	0.111219	0.113095	0.110112	0.110966	0.109016	0.108875	0.107932	0.10682	0.106858	0.104801	0.105794	0.102817	0.104742	0.100868	0.1037	0.0989527	0.102668	0.0970718	0.101646	0.0952243	0.100635	0.0934097	0.0996335	0.0916276	0.0986421	0.0898776	0.0976606	0.088159	0.0966889	0.0864714	0.0957268	0.0848145	0.0947743	0.0831877	0.0938313	0.0815905	0.0928976	0.0800225	0.0919733	0.0784832	0.0910581	0.0769722	0.0901521	0.075489	0.0892551	0.0740332	0.088367	0.0726043	0.0874877	0.0712019	0.0866172	0.0698256	0.0857553	0.0684748	0.084902	0.0671493	0.0840573	0.0658485	0.0832209	0.0645721	0.0823928	0.0633196	0.081573	0.0620906	0.0807613	0.0608848	0.0799577	0.0597017	0.0791621	0.0585409	0.0783745	0.0574021	0.0775946	0.0562848	0.0768225	0.0551887	0.0760582	0.0541134	0.0753014	0.0530585	0.0745521	0.0520237	0.0738103	0.0510087	0.0730759	0.050013	0.0723488	0.0490363	0.0716289	0.0480783	0.0709162	0.0471386	0.0702105	0.0462169	0.0695119	0.0453129	0.0688203	0.0444263	0.0681355	0.0435567	0.0674575	0.0427038	0.0667863	0.0418674	0.0661218	0.041047	0.0654639	0.0402425	0.0648125	0.0394535	0.0641676	0.0386798	0.0635291	0.037921	0.062897	0.0371769	0.0622711	0.0364472	0.0616515	0.0357316	0.0610381	0.0350299	0.0604308	0.0343418	0.0598295	0.0336671	0.0578603	0.0323716	0.0559108	0.0311015	0.0539807	0.0298563	0.0520697	0.0286355	0.0501778	0.0274386	0.0483047	0.0262651	0.0464503	0.0251147	0.0446143	0.0239868	0.0427966	0.022881	0.0409969	0.021797	0.0392152	0.0207342	0.0374512	0.0196923	0.0357047	0.0186708	0.0339756	0.0176695	0.0322638	0.0166878	0.0305689	0.0157254	0.0288909	0.0147819	0.0272297	0.0138569	0.0255849	0.0129502	0.0239565	0.0120612	0.0223443	0.0111898	0.0207482	0.0103355	0.0191679	0.00949807	0.0176034	0.00867709	0.0160544	0.00787227	0.0145209	0.0070833	0.0130026	0.00630987	0.0114994	0.00555167	0.0100111	0.00480841	0.00853772	0.0040798	0.00707896	0.00336554	0.00563471	0.00266536	0.00420483	0.00197899	0.00278918	0.00130615	0.00138762	0.000646569	0	0	0	0	
0	0.304241	0	0.313939	0	0.322678	0	0.330514	0	0.337502	0	0.343691	0	0.34913	0	0.353864	0	0.357936	0	0.361387	0	0.364256	0	0.366579	0	0.368391	0	0.369725	0	0.370612	0	0.371081	0	0.371159	0	0.370874	0	0.37025	0	0.369311	0	0.368078	0	0.366574	0	0.364817	0	0.362827	0	0.36062	0	0.358215	0	0.355626	0	0.352869	0	0.349958	0	0.346905	0	0.343724	0	0.340426	0	0.337022	0	0.333523	0	0.329938	0	0.326277	0	0.322548	0	0.31876	0	0.31492	0	0.311036	0	0.307114	0	0.30316	0	0.299181	0	0.295183	0	0.291169	0	0.287145	0	0.283117	0	0.279087	0	0.27506	0	0.27104	0	0.267029	0	0.263032	0	0.259052	0	0.25509	0	0.25115	0	0.247233	0	0.243343	0	0.23948	0	0.235648	0	0.231847	0	0.228079	0	0.224345	0	0.220647	0	0.216986	0	0.213364	0	0.20978	0	0.206235	0	0.202731	0	0.199269	0	0.195848	0	0.192469	0	0.189132	0	0.185839	0	0.182589	0	0.179382	0	0.176218	0	0.173099	0	0.170023	0	0.166991	0	0.164002	0	0.161058	0	0.158156	0	0.155299	0	0.152484	0	0.149713	0	0.146984	0	0.144298	0	0.141654	0	0.139052	0	0.136491	0	0.133972	0	0.131494	0	0.129056	0	0.126659	0	0.124301	0	0.121983	0	0.119703	0	0.117463	0	0.11526	0	0.113095	0	0.110966	0	0.108875	0	0.10682	0	0.104801	0	0.102817	0	0.100868	0	0.0989527	0	0.0970718	0	0.0952243	0	0.0934097	0	0.0916276	0	0.0898776	0	0.088159	0	0.0864714	0	0.0848145	0	0.0831877	0	0.0815905	0	0.0800225	0	0.0784832	0	0.0769722	0	0.075489	0	0.0740332	0	0.0726043	0	0.0712019	0	0.0698256	0	0.0684748	0	0.0671493	0	0.0658485	0	0.0645721	0	0.0633196	0	0.0620906	0	0.0608848	0	0.0597017	0	0.0585409	0	0.0574021	0	0.0562848	0	0.0551887	0	0.0541134	0	0.0530585	0	0.0520237	0	0.0510087	0	0.050013	0	0.0490363	0	0.0480783	0	0.0471386	0	0.0462169	0	0.0453129	0	0.0444263	0	0.0435567	0	0.0427038	0	0.0418674	0	0.041047	0	0.0402425	0	0.0394535	0	0.0386798	0	0.037921	0	0.0371769	0	0.0364472	0	0.0357316	0	0.0350299	0	0.0343418	0	0.0336671	0	0.0323716	0	0.0311015	0	0.0298563	0	0.0286355	0	0.0274386	0	0.0262651	0	0.0251147	0	0.0239868	0	0.022881	0	0.021797	0	0.0207342	0	0.0196923	0	0.0186708	0	0.0176695	0	0.0166878	0	0.0157254	0	0.0147819	0	0.0138569	0	0.0129502	0	0.0120612	0	0.0111898	0	0.0103355	0	0.00949807	0	0.00867709	0	0.00787227	0	0.0070833	0	0.00630987	0	0.00555167	0	0.00480841	0	0.0040798	0	0.00336554	0	0.00266536	0	0.00197899	0	0.00130615	0	0.000646569	0	0	0	0	
0.306188	0.314904	0.303142	0.324543	0.300125	0.333216	0.297139	0.340981	0.294183	0.347892	0.291255	0.354	0.288357	0.359353	0.285488	0.363997	0.282648	0.367976	0.279835	0.37133	0.277051	0.374099	0.274294	0.376319	0.271565	0.378026	0.268863	0.379252	0.266187	0.38003	0.263539	0.380387	0.260917	0.380353	0.25832	0.379955	0.25575	0.379216	0.253205	0.378161	0.250686	0.376812	0.248192	0.37519	0.245722	0.373316	0.243277	0.371207	0.240856	0.368883	0.23846	0.36636	0.236087	0.363654	0.233738	0.360779	0.231412	0.35775	0.22911	0.354581	0.22683	0.351283	0.224573	0.347869	0.222338	0.34435	0.220126	0.340736	0.217936	0.337038	0.215767	0.333264	0.21362	0.329424	0.211495	0.325524	0.20939	0.321575	0.207307	0.317581	0.205244	0.313551	0.203202	0.309491	0.20118	0.305406	0.199178	0.301302	0.197196	0.297185	0.195234	0.29306	0.193292	0.28893	0.191368	0.2848	0.189464	0.280674	0.187579	0.276557	0.185713	0.27245	0.183865	0.268359	0.182035	0.264284	0.180224	0.26023	0.178431	0.256199	0.176655	0.252192	0.174898	0.248213	0.173157	0.244264	0.171434	0.240345	0.169729	0.236459	0.16804	0.232608	0.166368	0.228792	0.164712	0.225014	0.163073	0.221273	0.161451	0.217572	0.159844	0.213911	0.158254	0.210291	0.156679	0.206712	0.15512	0.203176	0.153577	0.199683	0.152049	0.196232	0.150536	0.192826	0.149038	0.189464	0.147555	0.186146	0.146087	0.182873	0.144633	0.179644	0.143194	0.17646	0.141769	0.173321	0.140359	0.170227	0.138962	0.167178	0.137579	0.164173	0.13621	0.161213	0.134855	0.158297	0.133513	0.155426	0.132185	0.152598	0.13087	0.149815	0.129567	0.147075	0.128278	0.144378	0.127002	0.141724	0.125738	0.139112	0.124487	0.136543	0.123248	0.134016	0.122022	0.13153	0.120808	0.129085	0.119606	0.126681	0.118416	0.124316	0.117237	0.121992	0.116071	0.119707	0.114916	0.117461	0.113772	0.115253	0.11264	0.113084	0.11152	0.110951	0.11041	0.108856	0.109311	0.106797	0.108224	0.104775	0.107147	0.102788	0.106081	0.100836	0.105025	0.0989182	0.10398	0.0970349	0.102946	0.0951852	0.101921	0.0933686	0.100907	0.0915846	0.0999031	0.0898328	0.098909	0.0881127	0.0979249	0.0864238	0.0969505	0.0847656	0.0959858	0.0831377	0.0950308	0.0815395	0.0940852	0.0799706	0.093149	0.0784306	0.0922222	0.0769189	0.0913046	0.0754352	0.0903961	0.0739789	0.0894966	0.0725496	0.0886061	0.0711469	0.0877245	0.0697703	0.0868516	0.0684194	0.0859874	0.0670938	0.0851318	0.0657929	0.0842847	0.0645165	0.0834461	0.0632641	0.0826158	0.0620353	0.0817937	0.0608296	0.0809799	0.0596467	0.0801741	0.0584861	0.0793764	0.0573476	0.0785866	0.0562306	0.0778046	0.0551348	0.0770304	0.0540599	0.076264	0.0530054	0.0755051	0.0519711	0.0747538	0.0509565	0.07401	0.0499612	0.0732736	0.048985	0.0725445	0.0480275	0.0718227	0.0470884	0.0711081	0.0461672	0.0704005	0.0452638	0.0697	0.0443777	0.0690065	0.0435087	0.0683199	0.0426564	0.0676401	0.0418205	0.066967	0.0410007	0.0663007	0.0401968	0.065641	0.0394084	0.0649879	0.0386353	0.0643412	0.0378771	0.063701	0.0371336	0.0630672	0.0364044	0.0624397	0.0356895	0.0618184	0.0349884	0.0598295	0.0336671	0.0578603	0.0323716	0.0559108	0.0311015	0.0539807	0.0298563	0.0520697	0.0286355	0.0501778	0.0274386	0.0483047	0.0262651	0.0464503	0.0251147	0.0446143	0.0239868	0.0427966	0.022881	0.0409969	0.021797	0.0392152	0.0207342	0.0374512	0.0196923	0.0357047	0.0186708	0.0339756	0.0176695	0.0322638	0.0166878	0.0305689	0.0157254	0.0288909	0.0147819	0.0272297	0.0138569	0.0255849	0.0129502	0.0239565	0.0120612	0.0223443	0.0111898	0.0207482	0.0103355	0.0191679	0.00949807	0.0176034	0.00867709	0.0160544	0.00787227	0.0145209	0.0070833	0.0130026	0.00630987	0.0114994	0.00555167	0.0100111	0.00480841	0.00853772	0.0040798	0.00707896	0.00336554	0.00563471	0.00266536	0.00420483	0.00197899	0.00278918	0.00130615	0.00138762	0.000646569	0	0	0	0	
0	0.314904	0	0.324543	0	0.333216	0	0.340981	0	0.347892	0	0.354	0	0.359353	0	0.363997	0	0.367976	0	0.37133	0	0.374099	0	0.376319	0	0.378026	0	0.379252	0	0.38003	0	0.380387	0	0.380353	0	0.379955	0	0.379216	0	0.378161	0	0.376812	0	0.37519	0	0.373316	0	0.371207	0	0.368883	0	0.36636	0	0.363654	0	0.360779	0	0.35775	0	0.354581	0	0.351283	0	0.347869	0	0.34435	0	0.340736	0	0.337038	0	0.333264	0	0.329424	0	0.325524	0	0.321575	0	0.317581	0	0.313551	0	0.309491	0	0.305406	0	0.301302	0	0.297185	0	0.29306	0	0.28893	0	0.2848	0	0.280674	0	0.276557	0	0.27245	0	0.268359	0	0.264284	0	0.26023	0	0.256199	0	0.252192	0	0.248213	0	0.244264	0	0.240345	0	0.236459	0	0.232608	0	0.228792	0	0.225014	0	0.221273	0	0.217572	0	0.213911	0	0.210291	0	0.206712	0	0.203176	0	0.199683	0	0.196232	0	0.192826	0	0.189464	0	0.186146	0	0.182873	0	0.179644	0	0.17646	0	0.173321	0	0.170227	0	0.167178	0	0.164173	0	0.161213	0	0.158297	0	0.155426	0	0.152598	0	0.149815	0	0.147075	0	0.144378	0	0.141724	0	0.139112	0	0.136543	0	0.134016	0	0.13153	0	0.129085	0	0.126681	0	0.124316	0	0.121992	0	0.119707	0	0.117461	0	0.115253	0	0.113084	0	0.110951	0	0.108856	0	0.106797	0	0.104775	0	0.102788	0	0.100836	0	0.0989182	0	0.0970349	0	0.0951852	0	0.0933686	0	0.0915846	0	0.0898328	0	0.0881127	0	0.0864238	0	0.0847656	0	0.0831377	0	0.0815395	0	0.0799706	0	0.0784306	0	0.0769189	0	0.0754352	0	0.0739789	0	0.0725496	0	0.0711469	0	0.0697703	0	0.0684194	0	0.0670938	0	0.0657929	0	0.0645165	0	0.0632641	0	0.0620353	0	0.0608296	0	0.0596467	0	0.0584861	0	0.0573476	0	0.0562306	0	0.0551348	0	0.0540599	0	0.0530054	0	0.0519711	0	0.0509565	0	0.0499612	0	0.048985	0	0.0480275	0	0.0470884	0	0.0461672	0	0.0452638	0	0.0443777	0	0.0435087	0	0.0426564	0	0.0418205	0	0.0410007	0	0.0401968	0	0.0394084	0	0.0386353	0	0.0378771	0	0.0371336	0	0.0364044	0	0.0356895	0	0.0349884	0	0.0336671	0	0.0323716	0	0.0311015	0	0.0298563	0	0.0286355	0	0.0274386	0	0.0262651	0	0.0251147	0	0.0239868	0	0.022881	0	0.021797	0	0.0207342	0	0.0196923	0	0.0186708	0	0.0176695	0	0.0166878	0	0.0157254	0	0.0147819	0	0.0138569	0	0.0129502	0	0.0120612	0	0.0111898	0	0.0103355	0	0.00949807	0	0.00867709	0	0.00787227	0	0.0070833	0	0.00630987	0	0.00555167	0	0.00480841	0	0.0040798	0	0.00336554	0	0.00266536	0	0.00197899	0	0.00130615	0	0.000646569	0	0	0	0	
0.312993	0.325509	0.309879	0.335081	0.306795	0.343684	0.303743	0.351372	0.30072	0.358202	0.297728	0.364224	0.294766	0.369487	0.291833	0.374037	0.288929	0.377919	0.286054	0.381173	0.283208	0.383839	0.28039	0.385954	0.2776	0.387553	0.274838	0.38867	0.272103	0.389336	0.269396	0.389582	0.266715	0.389434	0.264061	0.38892	0.261434	0.388065	0.258832	0.386894	0.256257	0.385428	0.253707	0.383689	0.251183	0.381697	0.248683	0.379471	0.246209	0.377029	0.243759	0.374388	0.241334	0.371563	0.238932	0.368572	0.236555	0.365426	0.234201	0.36214	0.231871	0.358727	0.229564	0.355198	0.22728	0.351564	0.225018	0.347837	0.222779	0.344025	0.220562	0.34014	0.218368	0.336188	0.216195	0.332179	0.214044	0.32812	0.211914	0.324019	0.209805	0.319882	0.207718	0.315715	0.205651	0.311526	0.203605	0.307319	0.201579	0.303099	0.199573	0.298872	0.197587	0.294643	0.195621	0.290414	0.193675	0.286191	0.191748	0.281978	0.18984	0.277776	0.187951	0.273591	0.186081	0.269424	0.184229	0.265279	0.182396	0.261158	0.180581	0.257063	0.178784	0.252997	0.177005	0.248961	0.175244	0.244958	0.173501	0.240989	0.171774	0.237056	0.170065	0.233159	0.168373	0.229301	0.166697	0.225482	0.165039	0.221704	0.163397	0.217966	0.161771	0.214272	0.160161	0.210619	0.158568	0.207011	0.15699	0.203446	0.155428	0.199926	0.153881	0.196451	0.15235	0.193021	0.150834	0.189637	0.149333	0.186298	0.147847	0.183005	0.146376	0.179758	0.14492	0.176557	0.143478	0.173402	0.14205	0.170293	0.140637	0.167229	0.139237	0.164211	0.137852	0.161239	0.13648	0.158311	0.135122	0.155429	0.133778	0.152592	0.132447	0.149799	0.131129	0.14705	0.129824	0.144345	0.128532	0.141683	0.127253	0.139065	0.125987	0.136489	0.124734	0.133956	0.123493	0.131464	0.122264	0.129014	0.121047	0.126605	0.119843	0.124237	0.11865	0.121909	0.11747	0.11962	0.116301	0.117371	0.115144	0.11516	0.113998	0.112988	0.112864	0.110853	0.111741	0.108756	0.110629	0.106695	0.109528	0.104671	0.108438	0.102682	0.107359	0.100729	0.106291	0.0988103	0.105233	0.0969261	0.104186	0.0950756	0.10315	0.0932585	0.102123	0.0914741	0.101107	0.089722	0.100101	0.0880018	0.0991051	0.0863128	0.098119	0.0846547	0.0971427	0.0830269	0.0961761	0.081429	0.0952191	0.0798605	0.0942717	0.0783209	0.0933336	0.0768097	0.092405	0.0753265	0.0914855	0.0738709	0.0905752	0.0724423	0.089674	0.0710404	0.0887817	0.0696646	0.0878983	0.0683146	0.0870237	0.0669898	0.0861578	0.06569	0.0853005	0.0644145	0.0844518	0.0631631	0.0836115	0.0619353	0.0827795	0.0607307	0.0819559	0.0595489	0.0811404	0.0583895	0.080333	0.057252	0.0795337	0.0561362	0.0787423	0.0550416	0.0779588	0.0539679	0.0771831	0.0529146	0.0764151	0.0518814	0.0756548	0.050868	0.074902	0.0498739	0.0741567	0.0488989	0.0734188	0.0479426	0.0726883	0.0470047	0.0719651	0.0460847	0.071249	0.0451825	0.0705401	0.0442976	0.0698382	0.0434298	0.0691433	0.0425787	0.0684553	0.041744	0.0677741	0.0409254	0.0670998	0.0401227	0.0664321	0.0393354	0.0657711	0.0385634	0.0651167	0.0378064	0.0644688	0.037064	0.0638273	0.036336	0.0618184	0.0349884	0.0598295	0.0336671	0.0578603	0.0323716	0.0559108	0.0311015	0.0539807	0.0298563	0.0520697	0.0286355	0.0501778	0.0274386	0.0483047	0.0262651	0.0464503	0.0251147	0.0446143	0.0239868	0.0427966	0.022881	0.0409969	0.021797	0.0392152	0.0207342	0.0374512	0.0196923	0.0357047	0.0186708	0.0339756	0.0176695	0.0322638	0.0166878	0.0305689	0.0157254	0.0288909	0.0147819	0.0272297	0.0138569	0.0255849	0.0129502	0.0239565	0.0120612	0.0223443	0.0111898	0.0207482	0.0103355	0.0191679	0.00949807	0.0176034	0.00867709	0.0160544	0.00787227	0.0145209	0.0070833	0.0130026	0.00630987	0.0114994	0.00555167	0.0100111	0.00480841	0.00853772	0.0040798	0.00707896	0.00336554	0.00563471	0.00266536	0.00420483	0.00197899	0.00278918	0.00130615	0.00138762	0.000646569	0	0	0	0	
0	0.325509	0	0.335081	0	0.343684	0	0.351372	0	0.358202	0	0.364224	0	0.369487	0	0.374037	0	0.377919	0	0.381173	0	0.383839	0	0.385954	0	0.387553	0	0.38867	0	0.389336	0	0.389582	0	0.389434	0	0.38892	0	0.388065	0	0.386894	0	0.385428	0	0.383689	0	0.381697	0	0.379471	0	0.377029	0	0.374388	0	0.371563	0	0.368572	0	0.365426	0	0.36214	0	0.358727	0	0.355198	0	0.351564	0	0.347837	0	0.344025	0	0.34014	0	0.336188	0	0.332179	0	0.32812	0	0.324019	0	0.319882	0	0.315715	0	0.311526	0	0.307319	0	0.303099	0	0.298872	0	0.294643	0	0.290414	0	0.286191	0	0.281978	0	0.277776	0	0.273591	0	0.269424	0	0.265279	0	0.261158	0	0.257063	0	0.252997	0	0.248961	0	0.244958	0	0.240989	0	0.237056	0	0.233159	0	0.229301	0	0.225482	0	0.221704	0	0.217966	0	0.214272	0	0.210619	0	0.207011	0	0.203446	0	0.199926	0	0.196451	0	0.193021	0	0.189637	0	0.186298	0	0.183005	0	0.179758	0	0.176557	0	0.173402	0	0.170293	0	0.167229	0	0.164211	0	0.161239	0	0.158311	0	0.155429	0	0.152592	0	0.149799	0	0.14705	0	0.144345	0	0.141683	0	0.139065	0	0.136489	0	0.133956	0	0.131464	0	0.129014	0	0.126605	0	0.124237	0	0.121909	0	0.11962	0	0.117371	0	0.11516	0	0.112988	0	0.110853	0	0.108756	0	0.106695	0	0.104671	0	0.102682	0	0.100729	0	0.0988103	0	0.0969261	0	0.0950756	0	0.0932585	0	0.0914741	0	0.089722	0	0.0880018	0	0.0863128	0	0.0846547	0	0.0830269	0	0.081429	0	0.0798605	0	0.0783209	0	0.0768097	0	0.0753265	0	0.0738709	0	0.0724423	0	0.0710404	0	0.0696646	0	0.0683146	0	0.0669898	0	0.06569	0	0.0644145	0	0.0631631	0	0.0619353	0	0.0607307	0	0.0595489	0	0.0583895	0	0.057252	0	0.0561362	0	0.0550416	0	0.0539679	0	0.0529146	0	0.0518814	0	0.050868	0	0.0498739	0	0.0488989	0	0.0479426	0	0.0470047	0	0.0460847	0	0.0451825	0	0.0442976	0	0.0434298	0	0.0425787	0	0.041744	0	0.0409254	0	0.0401227	0	0.0393354	0	0.0385634	0	0.0378064	0	0.037064	0	0.036336	0	0.0349884	0	0.0336671	0	0.0323716	0	0.0311015	0	0.0298563	0	0.0286355	0	0.0274386	0	0.0262651	0	0.0251147	0	0.0239868	0	0.022881	0	0.021797	0	0.0207342	0	0.0196923	0	0.0186708	0	0.0176695	0	0.0166878	0	0.0157254	0	0.0147819	0	0.0138569	0	0.0129502	0	0.0120612	0	0.0111898	0	0.0103355	0	0.00949807	0	0.00867709	0	0.00787227	0	0.0070833	0	0.00630987	0	0.00555167	0	0.00480841	0	0.0040798	0	0.00336554	0	0.00266536	0	0.00197899	0	0.00130615	0	0.000646569	0	0	0	0	
0.31973	0.336047	0.316548	0.345549	0.313399	0.354074	0.31028	0.361682	0.307193	0.368425	0.304136	0.374357	0.30111	0.379526	0.298114	0.38398	0.295148	0.387761	0.292211	0.390913	0.289303	0.393474	0.286425	0.395481	0.283575	0.396971	0.280753	0.397977	0.27796	0.398531	0.275194	0.398662	0.272456	0.398399	0.269745	0.39777	0.267061	0.396799	0.264403	0.39551	0.261773	0.393927	0.259168	0.39207	0.256589	0.38996	0.254036	0.387616	0.251508	0.385056	0.249006	0.382297	0.246528	0.379356	0.244075	0.376247	0.241647	0.372985	0.239242	0.369584	0.236862	0.366055	0.234505	0.362412	0.232171	0.358664	0.229861	0.354824	0.227574	0.350901	0.22531	0.346904	0.223068	0.342842	0.220848	0.338724	0.218651	0.334557	0.216475	0.330349	0.214321	0.326106	0.212189	0.321835	0.210077	0.317542	0.207987	0.313233	0.205918	0.308912	0.203869	0.304586	0.20184	0.300257	0.199832	0.295931	0.197843	0.291612	0.195875	0.287304	0.193926	0.283009	0.191996	0.278731	0.190086	0.274473	0.188195	0.270238	0.186322	0.266029	0.184468	0.261847	0.182633	0.257695	0.180815	0.253574	0.179016	0.249488	0.177235	0.245436	0.175471	0.241422	0.173725	0.237446	0.171997	0.233509	0.170285	0.229613	0.168591	0.225759	0.166914	0.221947	0.165253	0.218179	0.163608	0.214454	0.161981	0.210775	0.160369	0.20714	0.158773	0.203552	0.157193	0.200009	0.155629	0.196512	0.154081	0.193063	0.152548	0.18966	0.15103	0.186304	0.149527	0.182994	0.148039	0.179732	0.146566	0.176517	0.145108	0.173349	0.143664	0.170228	0.142234	0.167153	0.140819	0.164124	0.139418	0.161142	0.138031	0.158206	0.136657	0.155316	0.135298	0.152471	0.133951	0.149671	0.132618	0.146916	0.131299	0.144205	0.129992	0.141538	0.128699	0.138915	0.127418	0.136335	0.126151	0.133798	0.124895	0.131303	0.123653	0.12885	0.122422	0.126438	0.121204	0.124067	0.119998	0.121737	0.118804	0.119447	0.117622	0.117196	0.116452	0.114984	0.115293	0.112811	0.114146	0.110676	0.11301	0.108578	0.111886	0.106517	0.110772	0.104493	0.10967	0.102504	0.108579	0.100551	0.107498	0.0986331	0.106429	0.0967495	0.10537	0.0948997	0.104321	0.0930834	0.103283	0.0913	0.102256	0.0895489	0.101238	0.0878298	0.100231	0.0861421	0.0992336	0.0844853	0.0982462	0.0828589	0.0972686	0.0812624	0.0963008	0.0796954	0.0953426	0.0781574	0.0943939	0.0766479	0.0934546	0.0751664	0.0925248	0.0737124	0.0916041	0.0722856	0.0906926	0.0708855	0.0897902	0.0695115	0.0888968	0.0681633	0.0880123	0.0668404	0.0871365	0.0655424	0.0862695	0.0642689	0.0854111	0.0630194	0.0845613	0.0617935	0.0837199	0.0605908	0.0828868	0.0594109	0.0820621	0.0582534	0.0812456	0.0571179	0.0804372	0.056004	0.0796368	0.0549113	0.0788444	0.0538395	0.0780599	0.0527882	0.0772832	0.0517569	0.0765142	0.0507454	0.0757529	0.0497532	0.0749991	0.0487801	0.0742529	0.0478257	0.073514	0.0468896	0.0727825	0.0459715	0.0720584	0.0450711	0.0713414	0.044188	0.0706315	0.0433219	0.0699287	0.0424726	0.0692329	0.0416397	0.068544	0.0408228	0.067862	0.0400218	0.0671868	0.0392363	0.0665182	0.038466	0.0658564	0.0377106	0.0638273	0.036336	0.0618184	0.0349884	0.0598295	0.0336671	0.0578603	0.0323716	0.0559108	0.0311015	0.0539807	0.0298563	0.0520697	0.0286355	0.0501778	0.0274386	0.0483047	0.0262651	0.0464503	0.0251147	0.0446143	0.0239868	0.0427966	0.022881	0.0409969	0.021797	0.0392152	0.0207342	0.0374512	0.0196923	0.0357047	0.0186708	0.0339756	0.0176695	0.0322638	0.0166878	0.0305689	0.0157254	0.0288909	0.0147819	0.0272297	0.0138569	0.0255849	0.0129502	0.0239565	0.0120612	0.0223443	0.0111898	0.0207482	0.0103355	0.0191679	0.00949807	0.0176034	0.00867709	0.0160544	0.00787227	0.0145209	0.0070833	0.0130026	0.00630987	0.0114994	0.00555167	0.0100111	0.00480841	0.00853772	0.0040798	0.00707896	0.00336554	0.00563471	0.00266536	0.00420483	0.00197899	0.00278918	0.00130615	0.00138762	0.000646569	0	0	0	0	
0	0.336047	0	0.345549	0	0.354074	0	0.361682	0	0.368425	0	0.374357	0	0.379526	0	0.38398	0	0.387761	0	0.390913	0	0.393474	0	0.395481	0	0.396971	0	0.397977	0	0.398531	0	0.398662	0	0.398399	0	0.39777	0	0.396799	0	0.39551	0	0.393927	0	0.39207	0	0.38996	0	0.387616	0	0.385056	0	0.382297	0	0.379356	0	0.376247	0	0.372985	0	0.369584	0	0.366055	0	0.362412	0	0.358664	0	0.354824	0	0.350901	0	0.346904	0	0.342842	0	0.338724	0	0.334557	0	0.330349	0	0.326106	0	0.321835	0	0.317542	0	0.313233	0	0.308912	0	0.304586	0	0.300257	0	0.295931	0	0.291612	0	0.287304	0	0.283009	0	0.278731	0	0.274473	0	0.270238	0	0.266029	0	0.261847	0	0.257695	0	0.253574	0	0.249488	0	0.245436	0	0.241422	0	0.237446	0	0.233509	0	0.229613	0	0.225759	0	0.221947	0	0.218179	0	0.214454	0	0.210775	0	0.20714	0	0.203552	0	0.200009	0	0.196512	0	0.193063	0	0.18966	0	0.186304	0	0.182994	0	0.179732	0	0.176517	0	0.173349	0	0.170228	0	0.167153	0	0.164124	0	0.161142	0	0.158206	0	0.155316	0	0.152471	0	0.149671	0	0.146916	0	0.144205	0	0.141538	0	0.138915	0	0.136335	0	0.133798	0	0.131303	0	0.12885	0	0.126438	0	0.124067	0	0.121737	0	0.119447	0	0.117196	0	0.114984	0	0.112811	0	0.110676	0	0.108578	0	0.106517	0	0.104493	0	0.102504	0	0.100551	0	0.0986331	0	0.0967495	0	0.0948997	0	0.0930834	0	0.0913	0	0.0895489	0	0.0878298	0	0.0861421	0	0.0844853	0	0.0828589	0	0.0812624	0	0.0796954	0	0.0781574	0	0.0766479	0	0.0751664	0	0.0737124	0	0.0722856	0	0.0708855	0	0.0695115	0	0.0681633	0	0.0668404	0	0.0655424	0	0.0642689	0	0.0630194	0	0.0617935	0	0.0605908	0	0.0594109	0	0.0582534	0	0.0571179	0	0.056004	0	0.0549113	0	0.0538395	0	0.0527882	0	0.0517569	0	0.0507454	0	0.0497532	0	0.0487801	0	0.0478257	0	0.0468896	0	0.0459715	0	0.0450711	0	0.044188	0	0.0433219	0	0.0424726	0	0.0416397	0	0.0408228	0	0.0400218	0	0.0392363	0	0.038466	0	0.0377106	0	0.036336	0	0.0349884	0	0.0336671	0	0.0323716	0	0.0311015	0	0.0298563	0	0.0286355	0	0.0274386	0	0.0262651	0	0.0251147	0	0.0239868	0	0.022881	0	0.021797	0	0.0207342	0	0.0196923	0	0.0186708	0	0.0176695	0	0.0166878	0	0.0157254	0	0.0147819	0	0.0138569	0	0.0129502	0	0.0120612	0	0.0111898	0	0.0103355	0	0.00949807	0	0.00867709	0	0.00787227	0	0.0070833	0	0.00630987	0	0.00555167	0	0.00480841	0	0.0040798	0	0.00336554	0	0.00266536	0	0.00197899	0	0.00130615	0	0.000646569	0	0	0	0	
0.3264	0.346515	0.323152	0.35594	0.319936	0.364384	0.316753	0.371905	0.313601	0.378559	0.310481	0.384397	0.307392	0.389469	0.304333	0.393823	0.301305	0.397501	0.298307	0.400547	0.295339	0.403001	0.2924	0.404899	0.28949	0.406278	0.28661	0.407171	0.283758	0.407611	0.280935	0.407628	0.278139	0.407249	0.275372	0.406503	0.272632	0.405415	0.269919	0.404009	0.267233	0.402307	0.264574	0.400333	0.261942	0.398105	0.259335	0.395643	0.256755	0.392966	0.2542	0.39009	0.251671	0.387032	0.249167	0.383807	0.246687	0.380429	0.244233	0.376912	0.241803	0.373269	0.239397	0.369512	0.237015	0.365652	0.234656	0.3617	0.232322	0.357665	0.23001	0.353558	0.227721	0.349387	0.225455	0.345161	0.223212	0.340887	0.220991	0.336573	0.218792	0.332226	0.216615	0.327852	0.21446	0.323456	0.212326	0.319046	0.210213	0.314625	0.208122	0.3102	0.206051	0.305774	0.204	0.301352	0.201971	0.296938	0.199961	0.292536	0.197971	0.288149	0.196002	0.28378	0.194051	0.279433	0.19212	0.275109	0.190209	0.270812	0.188316	0.266544	0.186442	0.262308	0.184587	0.258104	0.182751	0.253935	0.180932	0.249803	0.179132	0.245709	0.177349	0.241655	0.175585	0.237641	0.173838	0.233669	0.172108	0.22974	0.170396	0.225855	0.1687	0.222014	0.167021	0.218218	0.16536	0.214469	0.163714	0.210765	0.162085	0.207109	0.160472	0.2035	0.158876	0.199938	0.157295	0.196424	0.15573	0.192958	0.15418	0.18954	0.152646	0.18617	0.151127	0.182848	0.149624	0.179574	0.148135	0.176347	0.146661	0.173169	0.145201	0.170038	0.143757	0.166955	0.142326	0.163919	0.14091	0.16093	0.139508	0.157988	0.13812	0.155092	0.136746	0.152242	0.135385	0.149437	0.134038	0.146678	0.132704	0.143964	0.131384	0.141294	0.130076	0.138668	0.128782	0.136086	0.127501	0.133547	0.126232	0.131051	0.124976	0.128597	0.123733	0.126185	0.122501	0.123813	0.121282	0.121483	0.120076	0.119193	0.118881	0.116942	0.117698	0.114731	0.116527	0.112559	0.115367	0.110424	0.11422	0.108328	0.113083	0.106268	0.111958	0.104245	0.110844	0.102258	0.109741	0.100307	0.108649	0.0983907	0.107568	0.096509	0.106498	0.0946613	0.105438	0.0928472	0.104389	0.0910659	0.10335	0.0893172	0.102322	0.0876004	0.101304	0.0859152	0.100296	0.0842608	0.0992977	0.082637	0.0983097	0.0810431	0.0973315	0.0794787	0.096363	0.0779433	0.0954042	0.0764365	0.0944549	0.0749577	0.093515	0.0735064	0.0925846	0.0720824	0.0916633	0.0706849	0.0907513	0.0693137	0.0898483	0.0679683	0.0889543	0.0666482	0.0880692	0.0653529	0.0871929	0.0640822	0.0863253	0.0628354	0.0854663	0.0616122	0.0846159	0.0604123	0.083774	0.0592351	0.0829404	0.0580803	0.0821151	0.0569475	0.0812981	0.0558363	0.0804891	0.0547463	0.0796883	0.0536771	0.0788954	0.0526283	0.0781103	0.0515996	0.0773331	0.0505907	0.0765636	0.0496011	0.0758018	0.0486305	0.0750476	0.0476785	0.0743008	0.0467449	0.0735615	0.0458292	0.0728296	0.0449312	0.0721049	0.0440505	0.0713875	0.0431869	0.0706772	0.0423399	0.0699739	0.0415092	0.0692777	0.0406947	0.0685883	0.0398959	0.0679059	0.0391125	0.0658564	0.0377106	0.0638273	0.036336	0.0618184	0.0349884	0.0598295	0.0336671	0.0578603	0.0323716	0.0559108	0.0311015	0.0539807	0.0298563	0.0520697	0.0286355	0.0501778	0.0274386	0.0483047	0.0262651	0.0464503	0.0251147	0.0446143	0.0239868	0.0427966	0.022881	0.0409969	0.021797	0.0392152	0.0207342	0.0374512	0.0196923	0.0357047	0.0186708	0.0339756	0.0176695	0.0322638	0.0166878	0.0305689	0.0157254	0.0288909	0.0147819	0.0272297	0.0138569	0.0255849	0.0129502	0.0239565	0.0120612	0.0223443	0.0111898	0.0207482	0.0103355	0.0191679	0.00949807	0.0176034	0.00867709	0.0160544	0.00787227	0.0145209	0.0070833	0.0130026	0.00630987	0.0114994	0.00555167	0.0100111	0.00480841	0.00853772	0.0040798	0.00707896	0.00336554	0.00563471	0.00266536	0.00420483	0.00197899	0.00278918	0.00130615	0.00138762	0.000646569	0	0	0	0	
0	0.346515	0	0.35594	0	0.364384	0	0.371905	0	0.378559	0	0.384397	0	0.389469	0	0.393823	0	0.397501	0	0.400547	0	0.403001	0	0.404899	0	0.406278	0	0.407171	0	0.407611	0	0.407628	0	0.407249	0	0.406503	0	0.405415	0	0.404009	0	0.402307	0	0.400333	0	0.398105	0	0.395643	0	0.392966	0	0.39009	0	0.387032	0	0.383807	0	0.380429	0	0.376912	0	0.373269	0	0.369512	0	0.365652	0	0.3617	0	0.357665	0	0.353558	0	0.349387	0	0.345161	0	0.340887	0	0.336573	0	0.332226	0	0.327852	0	0.323456	0	0.319046	0	0.314625	0	0.3102	0	0.305774	0	0.301352	0	0.296938	0	0.292536	0	0.288149	0	0.28378	0	0.279433	0	0.275109	0	0.270812	0	0.266544	0	0.262308	0	0.258104	0	0.253935	0	0.249803	0	0.245709	0	0.241655	0	0.237641	0	0.233669	0	0.22974	0	0.225855	0	0.222014	0	0.218218	0	0.214469	0	0.210765	0	0.207109	0	0.2035	0	0.199938	0	0.196424	0	0.192958	0	0.18954	0	0.18617	0	0.182848	0	0.179574	0	0.176347	0	0.173169	0	0.170038	0	0.166955	0	0.163919	0	0.16093	0	0.157988	0	0.155092	0	0.152242	0	0.149437	0	0.146678	0	0.143964	0	0.141294	0	0.138668	0	0.136086	0	0.133547	0	0.131051	0	0.128597	0	0.126185	0	0.123813	0	0.121483	0	0.119193	0	0.116942	0	0.114731	0	0.112559	0	0.110424	0	0.108328	0	0.106268	0	0.104245	0	0.102258	0	0.100307	0	0.0983907	0	0.096509	0	0.0946613	0	0.0928472	0	0.0910659	0	0.0893172	0	0.0876004	0	0.0859152	0	0.0842608	0	0.082637	0	0.0810431	0	0.0794787	0	0.0779433	0	0.0764365	0	0.0749577	0	0.0735064	0	0.0720824	0	0.0706849	0	0.0693137	0	0.0679683	0	0.0666482	0	0.0653529	0	0.0640822	0	0.0628354	0	0.0616122	0	0.0604123	0	0.0592351	0	0.0580803	0	0.0569475	0	0.0558363	0	0.0547463	0	0.0536771	0	0.0526283	0	0.0515996	0	0.0505907	0	0.0496011	0	0.0486305	0	0.0476785	0	0.0467449	0	0.0458292	0	0.0449312	0	0.0440505	0	0.0431869	0	0.0423399	0	0.0415092	0	0.0406947	0	0.0398959	0	0.0391125	0	0.0377106	0	0.036336	0	0.0349884	0	0.0336671	0	0.0323716	0	0.0311015	0	0.0298563	0	0.0286355	0	0.0274386	0	0.0262651	0	0.0251147	0	0.0239868	0	0.022881	0	0.021797	0	0.0207342	0	0.0196923	0	0.0186708	0	0.0176695	0	0.0166878	0	0.0157254	0	0.0147819	0	0.0138569	0	0.0129502	0	0.0120612	0	0.0111898	0	0.0103355	0	0.00949807	0	0.00867709	0	0.00787227	0	0.0070833	0	0.00630987	0	0.00555167	0	0.00480841	0	0.0040798	0	0.00336554	0	0.00266536	0	0.00197899	0	0.00130615	0	0.000646569	0	0	0	0	
0.333003	0.356905	0.32969	0.366249	0.326409	0.374607	0.323161	0.382039	0.319946	0.388599	0.316762	0.39434	0.31361	0.399312	0.31049	0.403563	0.307401	0.407136	0.304342	0.410075	0.301314	0.412419	0.298315	0.414206	0.295347	0.415472	0.292408	0.416252	0.289499	0.416577	0.286618	0.416477	0.283766	0.415982	0.280943	0.415119	0.278147	0.413914	0.27538	0.41239	0.27264	0.41057	0.269927	0.408478	0.267241	0.406132	0.264582	0.403553	0.261949	0.400758	0.259343	0.397766	0.256763	0.394591	0.254208	0.39125	0.251678	0.387757	0.249174	0.384126	0.246695	0.380369	0.24424	0.376499	0.24181	0.372527	0.239404	0.368464	0.237022	0.36432	0.234663	0.360103	0.232328	0.355825	0.230017	0.351492	0.227728	0.347112	0.225462	0.342693	0.223219	0.338242	0.220998	0.333766	0.218799	0.329269	0.216621	0.324759	0.214466	0.32024	0.212332	0.315717	0.210219	0.311195	0.208128	0.306678	0.206057	0.302171	0.204006	0.297676	0.201977	0.293198	0.199967	0.288739	0.197977	0.284303	0.196007	0.279893	0.194057	0.27551	0.192126	0.271157	0.190214	0.266837	0.188322	0.262551	0.186448	0.258302	0.184593	0.25409	0.182756	0.249918	0.180937	0.245786	0.179137	0.241696	0.177355	0.23765	0.17559	0.233647	0.173843	0.229689	0.172113	0.225778	0.1704	0.221912	0.168705	0.218094	0.167026	0.214323	0.165364	0.2106	0.163719	0.206925	0.16209	0.203299	0.160477	0.199722	0.15888	0.196194	0.157299	0.192715	0.155734	0.189285	0.154185	0.185904	0.152651	0.182572	0.151132	0.179289	0.149628	0.176055	0.148139	0.172869	0.146665	0.169732	0.145206	0.166643	0.143761	0.163602	0.14233	0.160609	0.140914	0.157662	0.139512	0.154763	0.138124	0.151911	0.13675	0.149104	0.135389	0.146343	0.134042	0.143628	0.132708	0.140957	0.131388	0.138331	0.13008	0.135749	0.128786	0.13321	0.127504	0.130714	0.126236	0.128261	0.12498	0.12585	0.123736	0.12348	0.122505	0.121151	0.121286	0.118863	0.120079	0.116614	0.118884	0.114405	0.117701	0.112235	0.11653	0.110103	0.115371	0.108009	0.114223	0.105952	0.113086	0.103932	0.111961	0.101948	0.110847	0.1	0.109744	0.098087	0.108652	0.0962085	0.107571	0.0943642	0.106501	0.0925533	0.105441	0.0907756	0.104392	0.0890303	0.103353	0.0873171	0.102325	0.0856354	0.101307	0.0839846	0.100299	0.0823644	0.0993006	0.0807741	0.0983125	0.0792134	0.0973343	0.0776817	0.0963658	0.0761785	0.095407	0.0747034	0.0944576	0.0732558	0.0935178	0.0718354	0.0925873	0.0704416	0.091666	0.069074	0.0907539	0.0677322	0.0898509	0.0664157	0.0889569	0.0651241	0.0880717	0.0638568	0.0871954	0.0626136	0.0863278	0.061394	0.0854688	0.0601975	0.0846184	0.0590238	0.0837764	0.0578725	0.0829428	0.056743	0.0821175	0.0556352	0.0813004	0.0545485	0.0804915	0.0534826	0.0796906	0.0524371	0.0788977	0.0514117	0.0781126	0.0504059	0.0773354	0.0494195	0.0765659	0.048452	0.075804	0.0475031	0.0750498	0.0465725	0.074303	0.0456599	0.0735637	0.0447648	0.0728317	0.043887	0.072107	0.0430262	0.0713896	0.0421821	0.0706792	0.0413542	0.0699759	0.0405424	0.0679059	0.0391125	0.0658564	0.0377106	0.0638273	0.036336	0.0618184	0.0349884	0.0598295	0.0336671	0.0578603	0.0323716	0.0559108	0.0311015	0.0539807	0.0298563	0.0520697	0.0286355	0.0501778	0.0274386	0.0483047	0.0262651	0.0464503	0.0251147	0.0446143	0.0239868	0.0427966	0.022881	0.0409969	0.021797	0.0392152	0.0207342	0.0374512	0.0196923	0.0357047	0.0186708	0.0339756	0.0176695	0.0322638	0.0166878	0.0305689	0.0157254	0.0288909	0.0147819	0.0272297	0.0138569	0.0255849	0.0129502	0.0239565	0.0120612	0.0223443	0.0111898	0.0207482	0.0103355	0.0191679	0.00949807	0.0176034	0.00867709	0.0160544	0.00787227	0.0145209	0.0070833	0.0130026	0.00630987	0.0114994	0.00555167	0.0100111	0.00480841	0.00853772	0.0040798	0.00707896	0.00336554	0.00563471	0.00266536	0.00420483	0.00197899	0.00278918	0.00130615	0.00138762	0.000646569	0	0	0	0	
0	0.356905	0	0.366249	0	0.374607	0	0.382039	0	0.388599	0	0.39434	0	0.399312	0	0.403563	0	0.407136	0	0.410075	0	0.412419	0	0.414206	0	0.415472	0	0.416252	0	0.416577	0	0.416477	0	0.415982	0	0.415119	0	0.413914	0	0.41239	0	0.41057	0	0.408478	0	0.406132	0	0.403553	0	0.400758	0	0.397766	0	0.394591	0	0.39125	0	0.387757	0	0.384126	0	0.380369	0	0.376499	0	0.372527	0	0.368464	0	0.36432	0	0.360103	0	0.355825	0	0.351492	0	0.347112	0	0.342693	0	0.338242	0	0.333766	0	0.329269	0	0.324759	0	0.32024	0	0.315717	0	0.311195	0	0.306678	0	0.302171	0	0.297676	0	0.293198	0	0.288739	0	0.284303	0	0.279893	0	0.27551	0	0.271157	0	0.266837	0	0.262551	0	0.258302	0	0.25409	0	0.249918	0	0.245786	0	0.241696	0	0.23765	0	0.233647	0	0.229689	0	0.225778	0	0.221912	0	0.218094	0	0.214323	0	0.2106	0	0.206925	0	0.203299	0	0.199722	0	0.196194	0	0.192715	0	0.189285	0	0.185904	0	0.182572	0	0.179289	0	0.176055	0	0.172869	0	0.169732	0	0.166643	0	0.163602	0	0.160609	0	0.157662	0	0.154763	0	0.151911	0	0.149104	0	0.146343	0	0.143628	0	0.140957	0	0.138331	0	0.135749	0	0.13321	0	0.130714	0	0.128261	0	0.12585	0	0.12348	0	0.121151	0	0.118863	0	0.116614	0	0.114405	0	0.112235	0	0.110103	0	0.108009	0	0.105952	0	0.103932	0	0.101948	0	0.1	0	0.098087	0	0.0962085	0	0.0943642	0	0.0925533	0	0.0907756	0	0.0890303	0	0.0873171	0	0.0856354	0	0.0839846	0	0.0823644	0	0.0807741	0	0.0792134	0	0.0776817	0	0.0761785	0	0.0747034	0	0.0732558	0	0.0718354	0	0.0704416	0	0.069074	0	0.0677322	0	0.0664157	0	0.0651241	0	0.0638568	0	0.0626136	0	0.061394	0	0.0601975	0	0.0590238	0	0.0578725	0	0.056743	0	0.0556352	0	0.0545485	0	0.0534826	0	0.0524371	0	0.0514117	0	0.0504059	0	0.0494195	0	0.048452	0	0.0475031	0	0.0465725	0	0.0456599	0	0.0447648	0	0.043887	0	0.0430262	0	0.0421821	0	0.0413542	0	0.0405424	0	0.0391125	0	0.0377106	0	0.036336	0	0.0349884	0	0.0336671	0	0.0323716	0	0.0311015	0	0.0298563	0	0.0286355	0	0.0274386	0	0.0262651	0	0.0251147	0	0.0239868	0	0.022881	0	0.021797	0	0.0207342	0	0.0196923	0	0.0186708	0	0.0176695	0	0.0166878	0	0.0157254	0	0.0147819	0	0.0138569	0	0.0129502	0	0.0120612	0	0.0111898	0	0.0103355	0	0.00949807	0	0.00867709	0	0.00787227	0	0.0070833	0	0.00630987	0	0.00555167	0	0.00480841	0	0.0040798	0	0.00336554	0	0.00266536	0	0.00197899	0	0.00130615	0	0.000646569	0	0	0	0	
0.339541	0.367215	0.336162	0.376472	0.332817	0.384741	0.329506	0.392078	0.326227	0.398541	0.322981	0.404183	0.319767	0.409052	0.316586	0.413197	0.313436	0.416663	0.310317	0.419493	0.307229	0.421725	0.304172	0.4234	0.301146	0.424553	0.298149	0.425217	0.295183	0.425426	0.292245	0.42521	0.289338	0.424599	0.286459	0.423618	0.283608	0.422294	0.280786	0.420653	0.277992	0.418716	0.275226	0.416505	0.272488	0.414042	0.269777	0.411346	0.267092	0.408434	0.264435	0.405325	0.261803	0.402035	0.259198	0.398579	0.256619	0.394971	0.254066	0.391226	0.251538	0.387357	0.249035	0.383375	0.246557	0.379292	0.244104	0.375118	0.241675	0.370865	0.23927	0.366541	0.23689	0.362155	0.234532	0.357716	0.232199	0.353232	0.229888	0.34871	0.227601	0.344156	0.225336	0.339579	0.223094	0.334982	0.220874	0.330373	0.218677	0.325757	0.216501	0.321138	0.214347	0.316521	0.212214	0.311911	0.210102	0.307311	0.208012	0.302725	0.205942	0.298157	0.203893	0.29361	0.201864	0.289087	0.199855	0.28459	0.197867	0.280123	0.195898	0.275687	0.193949	0.271285	0.192019	0.266918	0.190108	0.262589	0.188217	0.258299	0.186344	0.254049	0.18449	0.249841	0.182654	0.245677	0.180837	0.241557	0.179037	0.237482	0.177256	0.233453	0.175492	0.229472	0.173746	0.225537	0.172017	0.221651	0.170306	0.217814	0.168611	0.214026	0.166933	0.210287	0.165272	0.206598	0.163628	0.202958	0.162	0.199369	0.160388	0.19583	0.158792	0.192341	0.157212	0.188902	0.155648	0.185513	0.154099	0.182175	0.152565	0.178886	0.151047	0.175646	0.149544	0.172456	0.148056	0.169315	0.146583	0.166223	0.145125	0.16318	0.143681	0.160184	0.142251	0.157237	0.140836	0.154336	0.139434	0.151483	0.138047	0.148677	0.136673	0.145916	0.135313	0.143202	0.133967	0.140532	0.132634	0.137908	0.131314	0.135327	0.130008	0.13279	0.128714	0.130297	0.127433	0.127846	0.126165	0.125438	0.12491	0.123071	0.123667	0.120746	0.122437	0.118461	0.121218	0.116216	0.120012	0.11401	0.118818	0.111844	0.117636	0.109716	0.116465	0.107626	0.115307	0.105573	0.114159	0.103558	0.113023	0.101578	0.111899	0.0996342	0.110785	0.0977255	0.109683	0.0958516	0.108592	0.0940117	0.107511	0.0922055	0.106441	0.0904323	0.105382	0.0886916	0.104334	0.086983	0.103296	0.0853059	0.102268	0.0836598	0.10125	0.0820442	0.100243	0.0804586	0.0992452	0.0789025	0.0982577	0.0773754	0.0972801	0.0758768	0.0963121	0.0744063	0.0953538	0.0729633	0.094405	0.0715474	0.0934656	0.0701581	0.0925356	0.068795	0.0916149	0.0674576	0.0907033	0.0661455	0.0898008	0.0648582	0.0889073	0.0635953	0.0880226	0.0623564	0.0871468	0.061141	0.0862797	0.0599488	0.0854212	0.0587792	0.0845712	0.057632	0.0837297	0.0565066	0.0828966	0.0554028	0.0820718	0.0543201	0.0812551	0.0532581	0.0804466	0.0522165	0.0796462	0.0511949	0.0788537	0.0501929	0.0780691	0.0492102	0.0772923	0.0482464	0.0765232	0.0473011	0.0757618	0.0463741	0.0750079	0.045465	0.0742616	0.0445734	0.0735227	0.0436991	0.0727911	0.0428416	0.0720668	0.0420008	0.0699759	0.0405424	0.0679059	0.0391125	0.0658564	0.0377106	0.0638273	0.036336	0.0618184	0.0349884	0.0598295	0.0336671	0.0578603	0.0323716	0.0559108	0.0311015	0.0539807	0.0298563	0.0520697	0.0286355	0.0501778	0.0274386	0.0483047	0.0262651	0.0464503	0.0251147	0.0446143	0.0239868	0.0427966	0.022881	0.0409969	0.021797	0.0392152	0.0207342	0.0374512	0.0196923	0.0357047	0.0186708	0.0339756	0.0176695	0.0322638	0.0166878	0.0305689	0.0157254	0.0288909	0.0147819	0.0272297	0.0138569	0.0255849	0.0129502	0.0239565	0.0120612	0.0223443	0.0111898	0.0207482	0.0103355	0.0191679	0.00949807	0.0176034	0.00867709	0.0160544	0.00787227	0.0145209	0.0070833	0.0130026	0.00630987	0.0114994	0.00555167	0.0100111	0.00480841	0.00853772	0.0040798	0.00707896	0.00336554	0.00563471	0.00266536	0.00420483	0.00197899	0.00278918	0.00130615	0.00138762	0.000646569	0	0	0	0	
0	0.367215	0	0.376472	0	0.384741	0	0.392078	0	0.398541	0	0.404183	0	0.409052	0	0.413197	0	0.416663	0	0.419493	0	0.421725	0	0.4234	0	0.424553	0	0.425217	0	0.425426	0	0.42521	0	0.424599	0	0.423618	0	0.422294	0	0.420653	0	0.418716	0	0.416505	0	0.414042	0	0.411346	0	0.408434	0	0.405325	0	0.402035	0	0.398579	0	0.394971	0	0.391226	0	0.387357	0	0.383375	0	0.379292	0	0.375118	0	0.370865	0	0.366541	0	0.362155	0	0.357716	0	0.353232	0	0.34871	0	0.344156	0	0.339579	0	0.334982	0	0.330373	0	0.325757	0	0.321138	0	0.316521	0	0.311911	0	0.307311	0	0.302725	0	0.298157	0	0.29361	0	0.289087	0	0.28459	0	0.280123	0	0.275687	0	0.271285	0	0.266918	0	0.262589	0	0.258299	0	0.254049	0	0.249841	0	0.245677	0	0.241557	0	0.237482	0	0.233453	0	0.229472	0	0.225537	0	0.221651	0	0.217814	0	0.214026	0	0.210287	0	0.206598	0	0.202958	0	0.199369	0	0.19583	0	0.192341	0	0.188902	0	0.185513	0	0.182175	0	0.178886	0	0.175646	0	0.172456	0	0.169315	0	0.166223	0	0.16318	0	0.160184	0	0.157237	0	0.154336	0	0.151483	0	0.148677	0	0.145916	0	0.143202	0	0.140532	0	0.137908	0	0.135327	0	0.13279	0	0.130297	0	0.127846	0	0.125438	0	0.123071	0	0.120746	0	0.118461	0	0.116216	0	0.11401	0	0.111844	0	0.109716	0	0.107626	0	0.105573	0	0.103558	0	0.101578	0	0.0996342	0	0.0977255	0	0.0958516	0	0.0940117	0	0.0922055	0	0.0904323	0	0.0886916	0	0.086983	0	0.0853059	0	0.0836598	0	0.0820442	0	0.0804586	0	0.0789025	0	0.0773754	0	0.0758768	0	0.0744063	0	0.0729633	0	0.0715474	0	0.0701581	0	0.068795	0	0.0674576	0	0.0661455	0	0.0648582	0	0.0635953	0	0.0623564	0	0.061141	0	0.0599488	0	0.0587792	0	0.057632	0	0.0565066	0	0.0554028	0	0.0543201	0	0.0532581	0	0.0522165	0	0.0511949	0	0.0501929	0	0.0492102	0	0.0482464	0	0.0473011	0	0.0463741	0	0.045465	0	0.0445734	0	0.0436991	0	0.0428416	0	0.0420008	0	0.0405424	0	0.0391125	0	0.0377106	0	0.036336	0	0.0349884	0	0.0336671	0	0.0323716	0	0.0311015	0	0.0298563	0	0.0286355	0	0.0274386	0	0.0262651	0	0.0251147	0	0.0239868	0	0.022881	0	0.021797	0	0.0207342	0	0.0196923	0	0.0186708	0	0.0176695	0	0.0166878	0	0.0157254	0	0.0147819	0	0.0138569	0	0.0129502	0	0.0120612	0	0.0111898	0	0.0103355	0	0.00949807	0	0.00867709	0	0.00787227	0	0.0070833	0	0.00630987	0	0.00555167	0	0.00480841	0	0.0040798	0	0.00336554	0	0.00266536	0	0.00197899	0	0.00130615	0	0.000646569	0	0	0	0	
0.346013	0.377438	0.342571	0.386606	0.339162	0.39478	0.335787	0.402021	0.332446	0.408384	0.329138	0.413923	0.325863	0.418687	0.322621	0.422725	0.319411	0.426081	0.316232	0.428799	0.313086	0.43092	0.309971	0.432481	0.306886	0.433518	0.303833	0.434067	0.30081	0.43416	0.297817	0.433827	0.294853	0.433097	0.291919	0.431999	0.289015	0.430558	0.286139	0.428798	0.283292	0.426743	0.280473	0.424415	0.277682	0.421835	0.274919	0.419021	0.272184	0.415993	0.269476	0.412768	0.266794	0.409363	0.26414	0.405792	0.261511	0.402071	0.258909	0.398214	0.256333	0.394232	0.253782	0.390139	0.251257	0.385946	0.248757	0.381663	0.246282	0.377302	0.243832	0.372871	0.241405	0.36838	0.239003	0.363836	0.236625	0.359248	0.234271	0.354624	0.23194	0.349969	0.229632	0.345292	0.227347	0.340597	0.225085	0.33589	0.222845	0.331178	0.220628	0.326464	0.218433	0.321754	0.216259	0.317051	0.214107	0.31236	0.211977	0.307684	0.209868	0.303028	0.20778	0.298394	0.205712	0.293784	0.203665	0.289203	0.201639	0.284652	0.199632	0.280134	0.197646	0.275651	0.195679	0.271205	0.193732	0.266797	0.191805	0.26243	0.189896	0.258104	0.188007	0.253822	0.186136	0.249584	0.184284	0.245392	0.18245	0.241246	0.180635	0.237147	0.178837	0.233097	0.177058	0.229095	0.175296	0.225142	0.173552	0.22124	0.171825	0.217387	0.170115	0.213585	0.168423	0.209834	0.166747	0.206134	0.165088	0.202484	0.163445	0.198886	0.161819	0.195339	0.160209	0.191844	0.158615	0.188399	0.157036	0.185005	0.155474	0.181663	0.153927	0.17837	0.152395	0.175128	0.150879	0.171936	0.149378	0.168794	0.147891	0.165701	0.14642	0.162657	0.144963	0.159662	0.14352	0.156716	0.142092	0.153817	0.140679	0.150965	0.139279	0.148161	0.137893	0.145403	0.136521	0.142691	0.135162	0.140025	0.133818	0.137403	0.132486	0.134827	0.131168	0.132294	0.129863	0.129805	0.128571	0.127358	0.127291	0.124954	0.126025	0.122592	0.124771	0.120271	0.123529	0.117991	0.1223	0.115751	0.121083	0.113551	0.119878	0.11139	0.118686	0.109267	0.117505	0.107183	0.116335	0.105136	0.115178	0.103125	0.114032	0.101151	0.112897	0.0992129	0.111774	0.0973099	0.110662	0.0954416	0.109561	0.0936074	0.10847	0.0918068	0.107391	0.0900393	0.106323	0.0883043	0.105265	0.0866014	0.104217	0.0849299	0.10318	0.0832895	0.102154	0.0816795	0.101137	0.0800994	0.100131	0.0785488	0.0991345	0.0770273	0.0981481	0.0755341	0.0971715	0.074069	0.0962046	0.0726314	0.0952474	0.0712209	0.0942997	0.0698369	0.0933614	0.0684791	0.0924324	0.0671469	0.0915127	0.0658399	0.0906021	0.0645577	0.0897006	0.0632999	0.0888081	0.062066	0.0879244	0.0608555	0.0870496	0.0596681	0.0861834	0.0585034	0.0853259	0.0573609	0.0844769	0.0562402	0.0836363	0.0551411	0.0828041	0.0540629	0.0819802	0.0530055	0.0811645	0.0519683	0.0803569	0.0509511	0.0795573	0.0499534	0.0787657	0.048975	0.077982	0.0480154	0.077206	0.0470743	0.0764378	0.0461514	0.0756772	0.0452463	0.0749242	0.0443586	0.0741787	0.0434882	0.0720668	0.0420008	0.0699759	0.0405424	0.0679059	0.0391125	0.0658564	0.0377106	0.0638273	0.036336	0.0618184	0.0349884	0.0598295	0.0336671	0.0578603	0.0323716	0.0559108	0.0311015	0.0539807	0.0298563	0.0520697	0.0286355	0.0501778	0.0274386	0.0483047	0.0262651	0.0464503	0.0251147	0.0446143	0.0239868	0.0427966	0.022881	0.0409969	0.021797	0.0392152	0.0207342	0.0374512	0.0196923	0.0357047	0.0186708	0.0339756	0.0176695	0.0322638	0.0166878	0.0305689	0.0157254	0.0288909	0.0147819	0.0272297	0.0138569	0.0255849	0.0129502	0.0239565	0.0120612	0.0223443	0.0111898	0.0207482	0.0103355	0.0191679	0.00949807	0.0176034	0.00867709	0.0160544	0.00787227	0.0145209	0.0070833	0.0130026	0.00630987	0.0114994	0.00555167	0.0100111	0.00480841	0.00853772	0.0040798	0.00707896	0.00336554	0.00563471	0.00266536	0.00420483	0.00197899	0.00278918	0.00130615	0.00138762	0.000646569	0	0	0	0	
0	0.377438	0	0.386606	0	0.39478	0	0.402021	0	0.408384	0	0.413923	0	0.418687	0	0.422725	0	0.426081	0	0.428799	0	0.43092	0	0.432481	0	0.433518	0	0.434067	0	0.43416	0	0.433827	0	0.433097	0	0.431999	0	0.430558	0	0.428798	0	0.426743	0	0.424415	0	0.421835	0	0.419021	0	0.415993	0	0.412768	0	0.409363	0	0.405792	0	0.402071	0	0.398214	0	0.394232	0	0.390139	0	0.385946	0	0.381663	0	0.377302	0	0.372871	0	0.36838	0	0.363836	0	0.359248	0	0.354624	0	0.349969	0	0.345292	0	0.340597	0	0.33589	0	0.331178	0	0.326464	0	0.321754	0	0.317051	0	0.31236	0	0.307684	0	0.303028	0	0.298394	0	0.293784	0	0.289203	0	0.284652	0	0.280134	0	0.275651	0	0.271205	0	0.266797	0	0.26243	0	0.258104	0	0.253822	0	0.249584	0	0.245392	0	0.241246	0	0.237147	0	0.233097	0	0.229095	0	0.225142	0	0.22124	0	0.217387	0	0.213585	0	0.209834	0	0.206134	0	0.202484	0	0.198886	0	0.195339	0	0.191844	0	0.188399	0	0.185005	0	0.181663	0	0.17837	0	0.175128	0	0.171936	0	0.168794	0	0.165701	0	0.162657	0	0.159662	0	0.156716	0	0.153817	0	0.150965	0	0.148161	0	0.145403	0	0.142691	0	0.140025	0	0.137403	0	0.134827	0	0.132294	0	0.129805	0	0.127358	0	0.124954	0	0.122592	0	0.120271	0	0.117991	0	0.115751	0	0.113551	0	0.11139	0	0.109267	0	0.107183	0	0.105136	0	0.103125	0	0.101151	0	0.0992129	0	0.0973099	0	0.0954416	0	0.0936074	0	0.0918068	0	0.0900393	0	0.0883043	0	0.0866014	0	0.0849299	0	0.0832895	0	0.0816795	0	0.0800994	0	0.0785488	0	0.0770273	0	0.0755341	0	0.074069	0	0.0726314	0	0.0712209	0	0.0698369	0	0.0684791	0	0.0671469	0	0.0658399	0	0.0645577	0	0.0632999	0	0.062066	0	0.0608555	0	0.0596681	0	0.0585034	0	0.0573609	0	0.0562402	0	0.0551411	0	0.0540629	0	0.0530055	0	0.0519683	0	0.0509511	0	0.0499534	0	0.048975	0	0.0480154	0	0.0470743	0	0.0461514	0	0.0452463	0	0.0443586	0	0.0434882	0	0.0420008	0	0.0405424	0	0.0391125	0	0.0377106	0	0.036336	0	0.0349884	0	0.0336671	0	0.0323716	0	0.0311015	0	0.0298563	0	0.0286355	0	0.0274386	0	0.0262651	0	0.0251147	0	0.0239868	0	0.022881	0	0.021797	0	0.0207342	0	0.0196923	0	0.0186708	0	0.0176695	0	0.0166878	0	0.0157254	0	0.0147819	0	0.0138569	0	0.0129502	0	0.0120612	0	0.0111898	0	0.0103355	0	0.00949807	0	0.00867709	0	0.00787227	0	0.0070833	0	0.00630987	0	0.00555167	0	0.00480841	0	0.0040798	0	0.00336554	0	0.00266536	0	0.00197899	0	0.00130615	0	0.000646569	0	0	0	0	
0.352422	0.387572	0.348915	0.396646	0.345443	0.404723	0.342006	0.411864	0.338603	0.418124	0.335234	0.423557	0.331898	0.428214	0.328596	0.432143	0.325326	0.435388	0.322089	0.437994	0.318884	0.44	0.315711	0.441446	0.31257	0.442368	0.30946	0.4428	0.306381	0.442776	0.303332	0.442325	0.300314	0.441478	0.297326	0.440262	0.294367	0.438703	0.291438	0.436825	0.288538	0.434653	0.285667	0.432208	0.282825	0.42951	0.280011	0.426581	0.277225	0.423437	0.274466	0.420097	0.271735	0.416577	0.269031	0.412893	0.266355	0.409059	0.263704	0.405089	0.26108	0.400996	0.258483	0.396793	0.255911	0.392491	0.253364	0.388101	0.250843	0.383632	0.248347	0.379096	0.245876	0.374499	0.24343	0.369852	0.241008	0.365162	0.23861	0.360437	0.236235	0.355682	0.233885	0.350906	0.231558	0.346114	0.229254	0.341311	0.226972	0.336504	0.224714	0.331696	0.222478	0.326894	0.220264	0.3221	0.218073	0.317319	0.215903	0.312555	0.213755	0.307812	0.211628	0.303091	0.209522	0.298397	0.207437	0.293733	0.205373	0.2891	0.20333	0.284501	0.201306	0.279938	0.199303	0.275413	0.19732	0.270929	0.195357	0.266485	0.193413	0.262085	0.191489	0.257729	0.189583	0.253419	0.187697	0.249156	0.185829	0.24494	0.18398	0.240772	0.18215	0.236654	0.180337	0.232586	0.178543	0.228568	0.176766	0.224601	0.175007	0.220685	0.173266	0.216821	0.171542	0.213009	0.169835	0.209249	0.168145	0.205541	0.166472	0.201885	0.164816	0.198281	0.163176	0.194729	0.161552	0.19123	0.159945	0.187782	0.158353	0.184387	0.156778	0.181042	0.155218	0.177749	0.153673	0.174507	0.152144	0.171316	0.15063	0.168174	0.149131	0.165083	0.147648	0.162042	0.146178	0.159049	0.144724	0.156105	0.143284	0.15321	0.141858	0.150362	0.140447	0.147562	0.139049	0.144808	0.137666	0.142101	0.136296	0.13944	0.13494	0.136823	0.133597	0.134252	0.132268	0.131725	0.130952	0.129241	0.129649	0.126801	0.128359	0.124403	0.127081	0.122047	0.125817	0.119732	0.124565	0.117458	0.123326	0.115225	0.122099	0.113031	0.120884	0.110877	0.119681	0.108761	0.11849	0.106683	0.117311	0.104642	0.116144	0.102639	0.114988	0.100671	0.113844	0.0987398	0.112711	0.0968436	0.11159	0.094982	0.110479	0.0931545	0.10938	0.0913606	0.108292	0.0895998	0.107214	0.0878715	0.106147	0.0861752	0.105091	0.0845103	0.104046	0.0828764	0.10301	0.0812729	0.101985	0.0796993	0.100971	0.0781551	0.0999658	0.0766399	0.0989712	0.0751531	0.0979864	0.0736942	0.0970114	0.0722628	0.0960461	0.0708584	0.0950904	0.0694804	0.0941443	0.0681286	0.0932075	0.0668023	0.0922801	0.0655012	0.0913619	0.0642248	0.0904528	0.0629727	0.0895528	0.0617444	0.0886617	0.0605396	0.0877795	0.0593577	0.0869061	0.0581984	0.0860414	0.0570612	0.0851853	0.0559459	0.0843377	0.0548519	0.0834985	0.0537789	0.0826677	0.0527265	0.0818451	0.0516943	0.0810307	0.050682	0.0802245	0.0496892	0.0794262	0.0487156	0.0786359	0.0477607	0.0778535	0.0468242	0.0770788	0.0459058	0.0763119	0.0450052	0.0741787	0.0434882	0.0720668	0.0420008	0.0699759	0.0405424	0.0679059	0.0391125	0.0658564	0.0377106	0.0638273	0.036336	0.0618184	0.0349884	0.0598295	0.0336671	0.0578603	0.0323716	0.0559108	0.0311015	0.0539807	0.0298563	0.0520697	0.0286355	0.0501778	0.0274386	0.0483047	0.0262651	0.0464503	0.0251147	0.0446143	0.0239868	0.0427966	0.022881	0.0409969	0.021797	0.0392152	0.0207342	0.0374512	0.0196923	0.0357047	0.0186708	0.0339756	0.0176695	0.0322638	0.0166878	0.0305689	0.0157254	0.0288909	0.0147819	0.0272297	0.0138569	0.0255849	0.0129502	0.0239565	0.0120612	0.0223443	0.0111898	0.0207482	0.0103355	0.0191679	0.00949807	0.0176034	0.00867709	0.0160544	0.00787227	0.0145209	0.0070833	0.0130026	0.00630987	0.0114994	0.00555167	0.0100111	0.00480841	0.00853772	0.0040798	0.00707896	0.00336554	0.00563471	0.00266536	0.00420483	0.00197899	0.00278918	0.00130615	0.00138762	0.000646569	0	0	0	0	
0	0.387572	0	0.396646	0	0.404723	0	0.411864	0	0.418124	0	0.423557	0	0.428214	0	0.432143	0	0.435388	0	0.437994	0	0.44	0	0.441446	0	0.442368	0	0.4428	0	0.442776	0	0.442325	0	0.441478	0	0.440262	0	0.438703	0	0.436825	0	0.434653	0	0.432208	0	0.42951	0	0.426581	0	0.423437	0	0.420097	0	0.416577	0	0.412893	0	0.409059	0	0.405089	0	0.400996	0	0.396793	0	0.392491	0	0.388101	0	0.383632	0	0.379096	0	0.374499	0	0.369852	0	0.365162	0	0.360437	0	0.355682	0	0.350906	0	0.346114	0	0.341311	0	0.336504	0	0.331696	0	0.326894	0	0.3221	0	0.317319	0	0.312555	0	0.307812	0	0.303091	0	0.298397	0	0.293733	0	0.2891	0	0.284501	0	0.279938	0	0.275413	0	0.270929	0	0.266485	0	0.262085	0	0.257729	0	0.253419	0	0.249156	0	0.24494	0	0.240772	0	0.236654	0	0.232586	0	0.228568	0	0.224601	0	0.220685	0	0.216821	0	0.213009	0	0.209249	0	0.205541	0	0.201885	0	0.198281	0	0.194729	0	0.19123	0	0.187782	0	0.184387	0	0.181042	0	0.177749	0	0.174507	0	0.171316	0	0.168174	0	0.165083	0	0.162042	0	0.159049	0	0.156105	0	0.15321	0	0.150362	0	0.147562	0	0.144808	0	0.142101	0	0.13944	0	0.136823	0	0.134252	0	0.131725	0	0.129241	0	0.126801	0	0.124403	0	0.122047	0	0.119732	0	0.117458	0	0.115225	0	0.113031	0	0.110877	0	0.108761	0	0.106683	0	0.104642	0	0.102639	0	0.100671	0	0.0987398	0	0.0968436	0	0.094982	0	0.0931545	0	0.0913606	0	0.0895998	0	0.0878715	0	0.0861752	0	0.0845103	0	0.0828764	0	0.0812729	0	0.0796993	0	0.0781551	0	0.0766399	0	0.0751531	0	0.0736942	0	0.0722628	0	0.0708584	0	0.0694804	0	0.0681286	0	0.0668023	0	0.0655012	0	0.0642248	0	0.0629727	0	0.0617444	0	0.0605396	0	0.0593577	0	0.0581984	0	0.0570612	0	0.0559459	0	0.0548519	0	0.0537789	0	0.0527265	0	0.0516943	0	0.050682	0	0.0496892	0	0.0487156	0	0.0477607	0	0.0468242	0	0.0459058	0	0.0450052	0	0.0434882	0	0.0420008	0	0.0405424	0	0.0391125	0	0.0377106	0	0.036336	0	0.0349884	0	0.0336671	0	0.0323716	0	0.0311015	0	0.0298563	0	0.0286355	0	0.0274386	0	0.0262651	0	0.0251147	0	0.0239868	0	0.022881	0	0.021797	0	0.0207342	0	0.0196923	0	0.0186708	0	0.0176695	0	0.0166878	0	0.0157254	0	0.0147819	0	0.0138569	0	0.0129502	0	0.0120612	0	0.0111898	0	0.0103355	0	0.00949807	0	0.00867709	0	0.00787227	0	0.0070833	0	0.00630987	0	0.00555167	0	0.00480841	0	0.0040798	0	0.00336554	0	0.00266536	0	0.00197899	0	0.00130615	0	0.000646569	0	0	0	0	
0.358766	0.397611	0.355196	0.406589	0.351662	0.414566	0.348163	0.421604	0.344699	0.427759	0.341269	0.433085	0.337873	0.437632	0.334511	0.441449	0.331183	0.444582	0.327888	0.447074	0.324625	0.448966	0.321395	0.450296	0.318197	0.451101	0.315031	0.451416	0.311896	0.451274	0.308793	0.450706	0.30572	0.449741	0.302678	0.448407	0.299667	0.44673	0.296685	0.444735	0.293733	0.442445	0.29081	0.439883	0.287917	0.43707	0.285052	0.434024	0.282215	0.430765	0.279407	0.427311	0.276627	0.423677	0.273875	0.41988	0.27115	0.415934	0.268452	0.411853	0.265781	0.407651	0.263136	0.403339	0.260518	0.398928	0.257926	0.394431	0.255359	0.389857	0.252818	0.385215	0.250303	0.380516	0.247812	0.375766	0.245346	0.370975	0.242905	0.36615	0.240488	0.361297	0.238095	0.356423	0.235726	0.351535	0.233381	0.346637	0.231058	0.341736	0.228759	0.336837	0.226483	0.331943	0.22423	0.327059	0.221999	0.32219	0.21979	0.317339	0.217603	0.312509	0.215438	0.307704	0.213294	0.302927	0.211172	0.29818	0.20907	0.293466	0.20699	0.288788	0.20493	0.284147	0.202891	0.279545	0.200873	0.274984	0.198874	0.270466	0.196895	0.265993	0.194936	0.261564	0.192996	0.257183	0.191076	0.25285	0.189175	0.248565	0.187292	0.24433	0.185429	0.240145	0.183584	0.236012	0.181757	0.231929	0.179949	0.227899	0.178158	0.223921	0.176385	0.219996	0.17463	0.216124	0.172893	0.212305	0.171172	0.208539	0.169469	0.204826	0.167783	0.201167	0.166113	0.19756	0.164461	0.194007	0.162824	0.190506	0.161204	0.187059	0.1596	0.183663	0.158012	0.18032	0.15644	0.177029	0.154883	0.173789	0.153342	0.1706	0.151816	0.167463	0.150306	0.164375	0.14881	0.161338	0.147329	0.15835	0.145863	0.155411	0.144412	0.152521	0.142975	0.149679	0.141553	0.146885	0.140144	0.144137	0.13875	0.141436	0.137369	0.138782	0.136002	0.136172	0.134649	0.133608	0.133309	0.131088	0.131983	0.128611	0.130669	0.126178	0.129369	0.123788	0.128082	0.121439	0.126808	0.119132	0.125546	0.116866	0.124297	0.114641	0.12306	0.112455	0.121835	0.110308	0.120623	0.1082	0.119423	0.10613	0.118235	0.104097	0.117058	0.102101	0.115893	0.100142	0.11474	0.0982181	0.113599	0.0963296	0.112468	0.0944758	0.111349	0.0926561	0.110241	0.0908699	0.109144	0.0891167	0.108058	0.087396	0.106983	0.0857072	0.105919	0.0840498	0.104865	0.0824233	0.103821	0.0808272	0.102788	0.0792609	0.101765	0.0777239	0.100753	0.0762158	0.0997504	0.0747361	0.0987578	0.0732842	0.0977752	0.0718597	0.0968023	0.0704622	0.0958391	0.069091	0.0948855	0.0677458	0.0939414	0.0664262	0.0930066	0.0651316	0.0920812	0.0638616	0.091165	0.0626159	0.0902579	0.0613938	0.0893598	0.0601951	0.0884707	0.0590193	0.0875904	0.057866	0.0867188	0.0567348	0.0858559	0.0556253	0.0850017	0.0545371	0.0841559	0.0534698	0.0833185	0.052423	0.0824895	0.0513963	0.0816687	0.0503894	0.0808561	0.0494019	0.0800516	0.0484335	0.079255	0.0474838	0.0784664	0.0465524	0.0763119	0.0450052	0.0741787	0.0434882	0.0720668	0.0420008	0.0699759	0.0405424	0.0679059	0.0391125	0.0658564	0.0377106	0.0638273	0.036336	0.0618184	0.0349884	0.0598295	0.0336671	0.0578603	0.0323716	0.0559108	0.0311015	0.0539807	0.0298563	0.0520697	0.0286355	0.0501778	0.0274386	0.0483047	0.0262651	0.0464503	0.0251147	0.0446143	0.0239868	0.0427966	0.022881	0.0409969	0.021797	0.0392152	0.0207342	0.0374512	0.0196923	0.0357047	0.0186708	0.0339756	0.0176695	0.0322638	0.0166878	0.0305689	0.0157254	0.0288909	0.0147819	0.0272297	0.0138569	0.0255849	0.0129502	0.0239565	0.0120612	0.0223443	0.0111898	0.0207482	0.0103355	0.0191679	0.00949807	0.0176034	0.00867709	0.0160544	0.00787227	0.0145209	0.0070833	0.0130026	0.00630987	0.0114994	0.00555167	0.0100111	0.00480841	0.00853772	0.0040798	0.00707896	0.00336554	0.00563471	0.00266536	0.00420483	0.00197899	0.00278918	0.00130615	0.00138762	0.000646569	0	0	0	0	
0	0.397611	0	0.406589	0	0.414566	0	0.421604	0	0.427759	0	0.433085	0	0.437632	0	0.441449	0	0.444582	0	0.447074	0	0.448966	0	0.450296	0	0.451101	0	0.451416	0	0.451274	0	0.450706	0	0.449741	0	0.448407	0	0.44673	0	0.444735	0	0.442445	0	0.439883	0	0.43707	0	0.434024	0	0.430765	0	0.427311	0	0.423677	0	0.41988	0	0.415934	0	0.411853	0	0.407651	0	0.403339	0	0.398928	0	0.394431	0	0.389857	0	0.385215	0	0.380516	0	0.375766	0	0.370975	0	0.36615	0	0.361297	0	0.356423	0	0.351535	0	0.346637	0	0.341736	0	0.336837	0	0.331943	0	0.327059	0	0.32219	0	0.317339	0	0.312509	0	0.307704	0	0.302927	0	0.29818	0	0.293466	0	0.288788	0	0.284147	0	0.279545	0	0.274984	0	0.270466	0	0.265993	0	0.261564	0	0.257183	0	0.25285	0	0.248565	0	0.24433	0	0.240145	0	0.236012	0	0.231929	0	0.227899	0	0.223921	0	0.219996	0	0.216124	0	0.212305	0	0.208539	0	0.204826	0	0.201167	0	0.19756	0	0.194007	0	0.190506	0	0.187059	0	0.183663	0	0.18032	0	0.177029	0	0.173789	0	0.1706	0	0.167463	0	0.164375	0	0.161338	0	0.15835	0	0.155411	0	0.152521	0	0.149679	0	0.146885	0	0.144137	0	0.141436	0	0.138782	0	0.136172	0	0.133608	0	0.131088	0	0.128611	0	0.126178	0	0.123788	0	0.121439	0	0.119132	0	0.116866	0	0.114641	0	0.112455	0	0.110308	0	0.1082	0	0.10613	0	0.104097	0	0.102101	0	0.100142	0	0.0982181	0	0.0963296	0	0.0944758	0	0.0926561	0	0.0908699	0	0.0891167	0	0.087396	0	0.0857072	0	0.0840498	0	0.0824233	0	0.0808272	0	0.0792609	0	0.0777239	0	0.0762158	0	0.0747361	0	0.0732842	0	0.0718597	0	0.0704622	0	0.069091	0	0.0677458	0	0.0664262	0	0.0651316	0	0.0638616	0	0.0626159	0	0.0613938	0	0.0601951	0	0.0590193	0	0.057866	0	0.0567348	0	0.0556253	0	0.0545371	0	0.0534698	0	0.052423	0	0.0513963	0	0.0503894	0	0.0494019	0	0.0484335	0	0.0474838	0	0.0465524	0	0.0450052	0	0.0434882	0	0.0420008	0	0.0405424	0	0.0391125	0	0.0377106	0	0.036336	0	0.0349884	0	0.0336671	0	0.0323716	0	0.0311015	0	0.0298563	0	0.0286355	0	0.0274386	0	0.0262651	0	0.0251147	0	0.0239868	0	0.022881	0	0.021797	0	0.0207342	0	0.0196923	0	0.0186708	0	0.0176695	0	0.0166878	0	0.0157254	0	0.0147819	0	0.0138569	0	0.0129502	0	0.0120612	0	0.0111898	0	0.0103355	0	0.00949807	0	0.00867709	0	0.00787227	0	0.0070833	0	0.00630987	0	0.00555167	0	0.00480841	0	0.0040798	0	0.00336554	0	0.00266536	0	0.00197899	0	0.00130615	0	0.000646569	0	0	0	0	
0.365048	0.407554	0.361415	0.416431	0.357819	0.424306	0.354259	0.431239	0.350734	0.437286	0.347244	0.442502	0.343789	0.446939	0.340368	0.450644	0.336981	0.453663	0.333628	0.45604	0.330309	0.457815	0.327022	0.459029	0.323768	0.459717	0.320547	0.459915	0.317357	0.459655	0.314199	0.458969	0.311073	0.457886	0.307978	0.456434	0.304913	0.45464	0.301879	0.452528	0.298876	0.450121	0.295902	0.447443	0.292958	0.444513	0.290043	0.441352	0.287157	0.437979	0.284299	0.434411	0.281471	0.430665	0.27867	0.426755	0.275897	0.422699	0.273152	0.418508	0.270434	0.414196	0.267743	0.409776	0.265079	0.405259	0.262441	0.400656	0.25983	0.395977	0.257245	0.391232	0.254685	0.38643	0.252151	0.381579	0.249642	0.376688	0.247158	0.371764	0.244699	0.366814	0.242264	0.361844	0.239853	0.356861	0.237467	0.35187	0.235104	0.346876	0.232765	0.341886	0.230449	0.336902	0.228156	0.33193	0.225885	0.326974	0.223638	0.322036	0.221413	0.317122	0.219209	0.312234	0.217028	0.307374	0.214869	0.302547	0.212731	0.297753	0.210614	0.292996	0.208518	0.288278	0.206444	0.2836	0.20439	0.278965	0.202356	0.274373	0.200342	0.269828	0.198349	0.265328	0.196375	0.260877	0.194421	0.256475	0.192487	0.252123	0.190572	0.247821	0.188675	0.243571	0.186798	0.239373	0.184939	0.235228	0.183099	0.231135	0.181277	0.227097	0.179474	0.223112	0.177688	0.21918	0.17592	0.215303	0.174169	0.211481	0.172436	0.207712	0.17072	0.203998	0.169022	0.200337	0.16734	0.196731	0.165675	0.193178	0.164026	0.18968	0.162394	0.186234	0.160779	0.182842	0.159179	0.179502	0.157595	0.176215	0.156027	0.17298	0.154474	0.169796	0.152937	0.166664	0.151415	0.163582	0.149909	0.160551	0.148417	0.15757	0.14694	0.154638	0.145478	0.151755	0.144031	0.148921	0.142598	0.146134	0.141179	0.143394	0.139774	0.140702	0.138383	0.138055	0.137006	0.135454	0.135643	0.132898	0.134293	0.130387	0.132957	0.127919	0.131634	0.125495	0.130325	0.123113	0.129028	0.120773	0.127744	0.118475	0.126473	0.116218	0.125214	0.114002	0.123969	0.111825	0.122735	0.109687	0.121514	0.107588	0.120305	0.105527	0.119108	0.103503	0.117923	0.101516	0.116749	0.0995658	0.115587	0.0976509	0.114437	0.0957713	0.113299	0.0939262	0.112171	0.0921151	0.111055	0.0903375	0.10995	0.0885929	0.108856	0.0868807	0.107773	0.0852003	0.106701	0.0835512	0.105639	0.0819329	0.104588	0.0803449	0.103547	0.0787867	0.102517	0.0772578	0.101497	0.0757576	0.100487	0.0742856	0.0994871	0.0728414	0.0984972	0.0714246	0.0975171	0.0700345	0.0965468	0.0686708	0.0955861	0.0673329	0.094635	0.0660205	0.0936934	0.0647331	0.0927611	0.0634701	0.0918381	0.0622313	0.0909243	0.0610161	0.0900196	0.0598242	0.0891239	0.058655	0.0882371	0.0575083	0.0873591	0.0563835	0.0864899	0.0552803	0.0856293	0.0541984	0.0847773	0.0531372	0.0839337	0.0520965	0.0830986	0.0510758	0.0822717	0.0500748	0.0814531	0.0490931	0.0806426	0.0481303	0.0784664	0.0465524	0.0763119	0.0450052	0.0741787	0.0434882	0.0720668	0.0420008	0.0699759	0.0405424	0.0679059	0.0391125	0.0658564	0.0377106	0.0638273	0.036336	0.0618184	0.0349884	0.0598295	0.0336671	0.0578603	0.0323716	0.0559108	0.0311015	0.0539807	0.0298563	0.0520697	0.0286355	0.0501778	0.0274386	0.0483047	0.0262651	0.0464503	0.0251147	0.0446143	0.0239868	0.0427966	0.022881	0.0409969	0.021797	0.0392152	0.0207342	0.0374512	0.0196923	0.0357047	0.0186708	0.0339756	0.0176695	0.0322638	0.0166878	0.0305689	0.0157254	0.0288909	0.0147819	0.0272297	0.0138569	0.0255849	0.0129502	0.0239565	0.0120612	0.0223443	0.0111898	0.0207482	0.0103355	0.0191679	0.00949807	0.0176034	0.00867709	0.0160544	0.00787227	0.0145209	0.0070833	0.0130026	0.00630987	0.0114994	0.00555167	0.0100111	0.00480841	0.00853772	0.0040798	0.00707896	0.00336554	0.00563471	0.00266536	0.00420483	0.00197899	0.00278918	0.00130615	0.00138762	0.000646569	0	0	0	0	
0	0.407554	0	0.416431	0	0.424306	0	0.431239	0	0.437286	0	0.442502	0	0.446939	0	0.450644	0	0.453663	0	0.45604	0	0.457815	0	0.459029	0	0.459717	0	0.459915	0	0.459655	0	0.458969	0	0.457886	0	0.456434	0	0.45464	0	0.452528	0	0.450121	0	0.447443	0	0.444513	0	0.441352	0	0.437979	0	0.434411	0	0.430665	0	0.426755	0	0.422699	0	0.418508	0	0.414196	0	0.409776	0	0.405259	0	0.400656	0	0.395977	0	0.391232	0	0.38643	0	0.381579	0	0.376688	0	0.371764	0	0.366814	0	0.361844	0	0.356861	0	0.35187	0	0.346876	0	0.341886	0	0.336902	0	0.33193	0	0.326974	0	0.322036	0	0.317122	0	0.312234	0	0.307374	0	0.302547	0	0.297753	0	0.292996	0	0.288278	0	0.2836	0	0.278965	0	0.274373	0	0.269828	0	0.265328	0	0.260877	0	0.256475	0	0.252123	0	0.247821	0	0.243571	0	0.239373	0	0.235228	0	0.231135	0	0.227097	0	0.223112	0	0.21918	0	0.215303	0	0.211481	0	0.207712	0	0.203998	0	0.200337	0	0.196731	0	0.193178	0	0.18968	0	0.186234	0	0.182842	0	0.179502	0	0.176215	0	0.17298	0	0.169796	0	0.166664	0	0.163582	0	0.160551	0	0.15757	0	0.154638	0	0.151755	0	0.148921	0	0.146134	0	0.143394	0	0.140702	0	0.138055	0	0.135454	0	0.132898	0	0.130387	0	0.127919	0	0.125495	0	0.123113	0	0.120773	0	0.118475	0	0.116218	0	0.114002	0	0.111825	0	0.109687	0	0.107588	0	0.105527	0	0.103503	0	0.101516	0	0.0995658	0	0.0976509	0	0.0957713	0	0.0939262	0	0.0921151	0	0.0903375	0	0.0885929	0	0.0868807	0	0.0852003	0	0.0835512	0	0.0819329	0	0.0803449	0	0.0787867	0	0.0772578	0	0.0757576	0	0.0742856	0	0.0728414	0	0.0714246	0	0.0700345	0	0.0686708	0	0.0673329	0	0.0660205	0	0.0647331	0	0.0634701	0	0.0622313	0	0.0610161	0	0.0598242	0	0.058655	0	0.0575083	0	0.0563835	0	0.0552803	0	0.0541984	0	0.0531372	0	0.0520965	0	0.0510758	0	0.0500748	0	0.0490931	0	0.0481303	0	0.0465524	0	0.0450052	0	0.0434882	0	0.0420008	0	0.0405424	0	0.0391125	0	0.0377106	0	0.036336	0	0.0349884	0	0.0336671	0	0.0323716	0	0.0311015	0	0.0298563	0	0.0286355	0	0.0274386	0	0.0262651	0	0.0251147	0	0.0239868	0	0.022881	0	0.021797	0	0.0207342	0	0.0196923	0	0.0186708	0	0.0176695	0	0.0166878	0	0.0157254	0	0.0147819	0	0.0138569	0	0.0129502	0	0.0120612	0	0.0111898	0	0.0103355	0	0.00949807	0	0.00867709	0	0.00787227	0	0.0070833	0	0.00630987	0	0.00555167	0	0.00480841	0	0.0040798	0	0.00336554	0	0.00266536	0	0.00197899	0	0.00130615	0	0.000646569	0	0	0	0	
0.371266	0.417397	0.367572	0.426171	0.363915	0.433941	0.360294	0.440766	0.356709	0.446704	0.35316	0.451809	0.349646	0.456133	0.346167	0.459724	0.342722	0.462628	0.339312	0.464889	0.335936	0.466549	0.332593	0.467645	0.329284	0.468216	0.326007	0.468296	0.322764	0.467918	0.319552	0.467114	0.316372	0.465914	0.313224	0.464344	0.310108	0.462433	0.307022	0.460203	0.303967	0.457681	0.300943	0.454886	0.297948	0.451842	0.294984	0.448566	0.292049	0.445079	0.289143	0.441398	0.286266	0.43754	0.283417	0.43352	0.280597	0.429353	0.277805	0.425053	0.275041	0.420633	0.272304	0.416106	0.269595	0.411483	0.266912	0.406775	0.264256	0.401993	0.261627	0.397146	0.259024	0.392243	0.256446	0.387293	0.253895	0.382303	0.251368	0.377281	0.248867	0.372235	0.246391	0.36717	0.243939	0.362093	0.241512	0.35701	0.239109	0.351925	0.23673	0.346845	0.234374	0.341773	0.232042	0.336714	0.229734	0.331671	0.227448	0.326649	0.225184	0.321652	0.222944	0.316681	0.220726	0.311741	0.218529	0.306834	0.216355	0.301962	0.214202	0.297128	0.212071	0.292333	0.209961	0.287581	0.207871	0.282872	0.205803	0.278208	0.203755	0.273591	0.201728	0.269022	0.199721	0.264502	0.197733	0.260032	0.195766	0.255614	0.193818	0.251247	0.19189	0.246932	0.18998	0.242671	0.18809	0.238464	0.186218	0.23431	0.184365	0.230212	0.182531	0.226168	0.180715	0.222179	0.178917	0.218245	0.177136	0.214366	0.175374	0.210543	0.173629	0.206775	0.171901	0.203061	0.170191	0.199403	0.168497	0.195799	0.166821	0.19225	0.165161	0.188756	0.163517	0.185315	0.16189	0.181928	0.16028	0.178594	0.158685	0.175313	0.157106	0.172085	0.155543	0.168909	0.153995	0.165784	0.152463	0.16271	0.150946	0.159687	0.149444	0.156715	0.147957	0.153792	0.146485	0.150918	0.145027	0.148092	0.143584	0.145315	0.142155	0.142585	0.140741	0.139902	0.13934	0.137265	0.137954	0.134674	0.136581	0.132128	0.135222	0.129626	0.133877	0.127168	0.132545	0.124754	0.131226	0.122383	0.12992	0.120053	0.128627	0.117766	0.127348	0.115519	0.12608	0.113312	0.124826	0.111145	0.123584	0.109018	0.122354	0.106929	0.121137	0.104878	0.119931	0.102864	0.118738	0.100887	0.117557	0.0989464	0.116387	0.0970414	0.115229	0.0951714	0.114082	0.093336	0.112947	0.0915345	0.111823	0.0897664	0.110711	0.0880311	0.109609	0.0863281	0.108518	0.0846569	0.107439	0.083017	0.10637	0.0814077	0.105311	0.0798286	0.104263	0.0782792	0.103226	0.0767589	0.102199	0.0752673	0.101182	0.0738039	0.100175	0.0723681	0.0991784	0.0709594	0.0981915	0.0695775	0.0972145	0.0682219	0.0962472	0.0668919	0.0952895	0.0655873	0.0943414	0.0643076	0.0934027	0.0630523	0.0924733	0.0618209	0.0915532	0.0606131	0.0906422	0.0594284	0.0897403	0.0582665	0.0888474	0.0571268	0.0879633	0.056009	0.0870881	0.0549126	0.0862215	0.0538374	0.0853636	0.0527828	0.0845142	0.0517486	0.0836733	0.0507344	0.0828407	0.0497397	0.0806426	0.0481303	0.0784664	0.0465524	0.0763119	0.0450052	0.0741787	0.0434882	0.0720668	0.0420008	0.0699759	0.0405424	0.0679059	0.0391125	0.0658564	0.0377106	0.0638273	0.036336	0.0618184	0.0349884	0.0598295	0.0336671	0.0578603	0.0323716	0.0559108	0.0311015	0.0539807	0.0298563	0.0520697	0.0286355	0.0501778	0.0274386	0.0483047	0.0262651	0.0464503	0.0251147	0.0446143	0.0239868	0.0427966	0.022881	0.0409969	0.021797	0.0392152	0.0207342	0.0374512	0.0196923	0.0357047	0.0186708	0.0339756	0.0176695	0.0322638	0.0166878	0.0305689	0.0157254	0.0288909	0.0147819	0.0272297	0.0138569	0.0255849	0.0129502	0.0239565	0.0120612	0.0223443	0.0111898	0.0207482	0.0103355	0.0191679	0.00949807	0.0176034	0.00867709	0.0160544	0.00787227	0.0145209	0.0070833	0.0130026	0.00630987	0.0114994	0.00555167	0.0100111	0.00480841	0.00853772	0.0040798	0.00707896	0.00336554	0.00563471	0.00266536	0.00420483	0.00197899	0.00278918	0.00130615	0.00138762	0.000646569	0	0	0	0	
0	0.417397	0	0.426171	0	0.433941	0	0.440766	0	0.446704	0	0.451809	0	0.456133	0	0.459724	0	0.462628	0	0.464889	0	0.466549	0	0.467645	0	0.468216	0	0.468296	0	0.467918	0	0.467114	0	0.465914	0	0.464344	0	0.462433	0	0.460203	0	0.457681	0	0.454886	0	0.451842	0	0.448566	0	0.445079	0	0.441398	0	0.43754	0	0.43352	0	0.429353	0	0.425053	0	0.420633	0	0.416106	0	0.411483	0	0.406775	0	0.401993	0	0.397146	0	0.392243	0	0.387293	0	0.382303	0	0.377281	0	0.372235	0	0.36717	0	0.362093	0	0.35701	0	0.351925	0	0.346845	0	0.341773	0	0.336714	0	0.331671	0	0.326649	0	0.321652	0	0.316681	0	0.311741	0	0.306834	0	0.301962	0	0.297128	0	0.292333	0	0.287581	0	0.282872	0	0.278208	0	0.273591	0	0.269022	0	0.264502	0	0.260032	0	0.255614	0	0.251247	0	0.246932	0	0.242671	0	0.238464	0	0.23431	0	0.230212	0	0.226168	0	0.222179	0	0.218245	0	0.214366	0	0.210543	0	0.206775	0	0.203061	0	0.199403	0	0.195799	0	0.19225	0	0.188756	0	0.185315	0	0.181928	0	0.178594	0	0.175313	0	0.172085	0	0.168909	0	0.165784	0	0.16271	0	0.159687	0	0.156715	0	0.153792	0	0.150918	0	0.148092	0	0.145315	0	0.142585	0	0.139902	0	0.137265	0	0.134674	0	0.132128	0	0.129626	0	0.127168	0	0.124754	0	0.122383	0	0.120053	0	0.117766	0	0.115519	0	0.113312	0	0.111145	0	0.109018	0	0.106929	0	0.104878	0	0.102864	0	0.100887	0	0.0989464	0	0.0970414	0	0.0951714	0	0.093336	0	0.0915345	0	0.0897664	0	0.0880311	0	0.0863281	0	0.0846569	0	0.083017	0	0.0814077	0	0.0798286	0	0.0782792	0	0.0767589	0	0.0752673	0	0.0738039	0	0.0723681	0	0.0709594	0	0.0695775	0	0.0682219	0	0.0668919	0	0.0655873	0	0.0643076	0	0.0630523	0	0.0618209	0	0.0606131	0	0.0594284	0	0.0582665	0	0.0571268	0	0.056009	0	0.0549126	0	0.0538374	0	0.0527828	0	0.0517486	0	0.0507344	0	0.0497397	0	0.0481303	0	0.0465524	0	0.0450052	0	0.0434882	0	0.0420008	0	0.0405424	0	0.0391125	0	0.0377106	0	0.036336	0	0.0349884	0	0.0336671	0	0.0323716	0	0.0311015	0	0.0298563	0	0.0286355	0	0.0274386	0	0.0262651	0	0.0251147	0	0.0239868	0	0.022881	0	0.021797	0	0.0207342	0	0.0196923	0	0.0186708	0	0.0176695	0	0.0166878	0	0.0157254	0	0.0147819	0	0.0138569	0	0.0129502	0	0.0120612	0	0.0111898	0	0.0103355	0	0.00949807	0	0.00867709	0	0.00787227	0	0.0070833	0	0.00630987	0	0.00555167	0	0.00480841	0	0.0040798	0	0.00336554	0	0.00266536	0	0.00197899	0	0.00130615	0	0.000646569	0	0	0	0	
0.377423	0.427137	0.373668	0.435806	0.36995	0.443468	0.366269	0.450184	0.362624	0.456011	0.359016	0.461004	0.355444	0.465213	0.351907	0.46869	0.348406	0.471478	0.344939	0.473623	0.341507	0.475165	0.338109	0.476144	0.334745	0.476597	0.331414	0.476559	0.328116	0.476064	0.324851	0.475142	0.321619	0.473824	0.318419	0.472137	0.315251	0.470108	0.312114	0.467763	0.309008	0.465124	0.305933	0.462215	0.302889	0.459055	0.299876	0.455667	0.296892	0.452067	0.293938	0.448274	0.291013	0.444304	0.288117	0.440174	0.28525	0.435898	0.282412	0.43149	0.279602	0.426964	0.27682	0.422331	0.274066	0.417603	0.271339	0.412792	0.268639	0.407907	0.265966	0.402959	0.263319	0.397956	0.260699	0.392907	0.258105	0.38782	0.255537	0.382702	0.252994	0.377561	0.250477	0.372403	0.247985	0.367233	0.245517	0.362059	0.243074	0.356885	0.240656	0.351716	0.238261	0.346556	0.235891	0.341411	0.233543	0.336284	0.23122	0.331179	0.228919	0.326099	0.226641	0.321048	0.224386	0.316028	0.222153	0.311042	0.219943	0.306093	0.217754	0.301183	0.215588	0.296314	0.213443	0.291488	0.211319	0.286707	0.209216	0.281972	0.207134	0.277285	0.205073	0.272647	0.203033	0.26806	0.201013	0.263523	0.199013	0.259039	0.197032	0.254608	0.195072	0.25023	0.193131	0.245907	0.191209	0.241639	0.189307	0.237426	0.187423	0.233268	0.185558	0.229166	0.183712	0.22512	0.181884	0.221131	0.180074	0.217197	0.178282	0.21332	0.176508	0.209499	0.174752	0.205733	0.173013	0.202024	0.171292	0.19837	0.169587	0.194772	0.1679	0.191229	0.166229	0.187741	0.164575	0.184307	0.162938	0.180928	0.161316	0.177602	0.159711	0.174329	0.158122	0.17111	0.156549	0.167943	0.154991	0.164827	0.153449	0.161764	0.151922	0.158751	0.15041	0.155788	0.148914	0.152876	0.147432	0.150012	0.145965	0.147198	0.144513	0.144431	0.143075	0.141712	0.141651	0.13904	0.140242	0.136414	0.138846	0.133835	0.137465	0.1313	0.136097	0.12881	0.134743	0.126364	0.133402	0.123961	0.132075	0.121601	0.130761	0.119283	0.129459	0.117006	0.128171	0.114771	0.126896	0.112575	0.125633	0.11042	0.124383	0.108303	0.123146	0.106225	0.12192	0.104185	0.120707	0.102183	0.119506	0.100216	0.118317	0.0982866	0.11714	0.0963922	0.115974	0.0945329	0.11482	0.0927079	0.113678	0.0909168	0.112547	0.089159	0.111427	0.0874339	0.110318	0.085741	0.10922	0.0840798	0.108134	0.0824496	0.107058	0.0808501	0.105992	0.0792806	0.104938	0.0777406	0.103894	0.0762297	0.10286	0.0747473	0.101836	0.073293	0.100823	0.0718662	0.0998199	0.0704664	0.0988267	0.0690933	0.0978434	0.0677462	0.0968698	0.0664248	0.0959059	0.0651286	0.0949516	0.0638571	0.0940069	0.0626099	0.0930715	0.0613866	0.0921454	0.0601866	0.0912285	0.0590097	0.0903208	0.0578554	0.0894221	0.0567232	0.0885323	0.0556128	0.0876514	0.0545238	0.0867793	0.0534557	0.0859158	0.0524082	0.0850609	0.0513809	0.0828407	0.0497397	0.0806426	0.0481303	0.0784664	0.0465524	0.0763119	0.0450052	0.0741787	0.0434882	0.0720668	0.0420008	0.0699759	0.0405424	0.0679059	0.0391125	0.0658564	0.0377106	0.0638273	0.036336	0.0618184	0.0349884	0.0598295	0.0336671	0.0578603	0.0323716	0.0559108	0.0311015	0.0539807	0.0298563	0.0520697	0.0286355	0.0501778	0.0274386	0.0483047	0.0262651	0.0464503	0.0251147	0.0446143	0.0239868	0.0427966	0.022881	0.0409969	0.021797	0.0392152	0.0207342	0.0374512	0.0196923	0.0357047	0.0186708	0.0339756	0.0176695	0.0322638	0.0166878	0.0305689	0.0157254	0.0288909	0.0147819	0.0272297	0.0138569	0.0255849	0.0129502	0.0239565	0.0120612	0.0223443	0.0111898	0.0207482	0.0103355	0.0191679	0.00949807	0.0176034	0.00867709	0.0160544	0.00787227	0.0145209	0.0070833	0.0130026	0.00630987	0.0114994	0.00555167	0.0100111	0.00480841	0.00853772	0.0040798	0.00707896	0.00336554	0.00563471	0.00266536	0.00420483	0.00197899	0.00278918	0.00130615	0.00138762	0.000646569	0	0	0	0	
0	0.427137	0	0.435806	0	0.443468	0	0.450184	0	0.456011	0	0.461004	0	0.465213	0	0.46869	0	0.471478	0	0.473623	0	0.475165	0	0.476144	0	0.476597	0	0.476559	0	0.476064	0	0.475142	0	0.473824	0	0.472137	0	0.470108	0	0.467763	0	0.465124	0	0.462215	0	0.459055	0	0.455667	0	0.452067	0	0.448274	0	0.444304	0	0.440174	0	0.435898	0	0.43149	0	0.426964	0	0.422331	0	0.417603	0	0.412792	0	0.407907	0	0.402959	0	0.397956	0	0.392907	0	0.38782	0	0.382702	0	0.377561	0	0.372403	0	0.367233	0	0.362059	0	0.356885	0	0.351716	0	0.346556	0	0.341411	0	0.336284	0	0.331179	0	0.326099	0	0.321048	0	0.316028	0	0.311042	0	0.306093	0	0.301183	0	0.296314	0	0.291488	0	0.286707	0	0.281972	0	0.277285	0	0.272647	0	0.26806	0	0.263523	0	0.259039	0	0.254608	0	0.25023	0	0.245907	0	0.241639	0	0.237426	0	0.233268	0	0.229166	0	0.22512	0	0.221131	0	0.217197	0	0.21332	0	0.209499	0	0.205733	0	0.202024	0	0.19837	0	0.194772	0	0.191229	0	0.187741	0	0.184307	0	0.180928	0	0.177602	0	0.174329	0	0.17111	0	0.167943	0	0.164827	0	0.161764	0	0.158751	0	0.155788	0	0.152876	0	0.150012	0	0.147198	0	0.144431	0	0.141712	0	0.13904	0	0.136414	0	0.133835	0	0.1313	0	0.12881	0	0.126364	0	0.123961	0	0.121601	0	0.119283	0	0.117006	0	0.114771	0	0.112575	0	0.11042	0	0.108303	0	0.106225	0	0.104185	0	0.102183	0	0.100216	0	0.0982866	0	0.0963922	0	0.0945329	0	0.0927079	0	0.0909168	0	0.089159	0	0.0874339	0	0.085741	0	0.0840798	0	0.0824496	0	0.0808501	0	0.0792806	0	0.0777406	0	0.0762297	0	0.0747473	0	0.073293	0	0.0718662	0	0.0704664	0	0.0690933	0	0.0677462	0	0.0664248	0	0.0651286	0	0.0638571	0	0.0626099	0	0.0613866	0	0.0601866	0	0.0590097	0	0.0578554	0	0.0567232	0	0.0556128	0	0.0545238	0	0.0534557	0	0.0524082	0	0.0513809	0	0.0497397	0	0.0481303	0	0.0465524	0	0.0450052	0	0.0434882	0	0.0420008	0	0.0405424	0	0.0391125	0	0.0377106	0	0.036336	0	0.0349884	0	0.0336671	0	0.0323716	0	0.0311015	0	0.0298563	0	0.0286355	0	0.0274386	0	0.0262651	0	0.0251147	0	0.0239868	0	0.022881	0	0.021797	0	0.0207342	0	0.0196923	0	0.0186708	0	0.0176695	0	0.0166878	0	0.0157254	0	0.0147819	0	0.0138569	0	0.0129502	0	0.0120612	0	0.0111898	0	0.0103355	0	0.00949807	0	0.00867709	0	0.00787227	0	0.0070833	0	0.00630987	0	0.00555167	0	0.00480841	0	0.0040798	0	0.00336554	0	0.00266536	0	0.00197899	0	0.00130615	0	0.000646569	0	0	0	0	
0.383519	0.436772	0.379703	0.445333	0.375925	0.452886	0.372184	0.459491	0.368481	0.465205	0.364815	0.470084	0.361185	0.474179	0.357591	0.477539	0.354033	0.480211	0.35051	0.482239	0.347022	0.483663	0.34357	0.484525	0.340151	0.48486	0.336766	0.484704	0.333416	0.484091	0.330098	0.483052	0.326813	0.481616	0.323562	0.479813	0.320342	0.477668	0.317155	0.475206	0.313999	0.472452	0.310875	0.469429	0.307781	0.466156	0.304719	0.462654	0.301687	0.458942	0.298685	0.455038	0.295713	0.450959	0.292771	0.446719	0.289858	0.442335	0.286973	0.43782	0.284118	0.433188	0.281291	0.42845	0.278492	0.423619	0.275721	0.418706	0.272978	0.41372	0.270261	0.408672	0.267572	0.40357	0.26491	0.398424	0.262274	0.393241	0.259664	0.388028	0.257081	0.382793	0.254523	0.377543	0.25199	0.372282	0.249483	0.367018	0.247	0.361755	0.244543	0.356499	0.242109	0.351254	0.2397	0.346024	0.237315	0.340814	0.234954	0.335626	0.232616	0.330466	0.230302	0.325335	0.22801	0.320236	0.225741	0.315174	0.223495	0.310149	0.221271	0.305164	0.21907	0.300222	0.21689	0.295323	0.214732	0.290471	0.212595	0.285666	0.21048	0.28091	0.208385	0.276205	0.206312	0.271551	0.204259	0.266949	0.202227	0.262401	0.200215	0.257906	0.198222	0.253467	0.19625	0.249082	0.194297	0.244754	0.192364	0.240482	0.19045	0.236266	0.188555	0.232108	0.186679	0.228006	0.184821	0.223962	0.182982	0.219974	0.181162	0.216044	0.179359	0.212171	0.177574	0.208354	0.175807	0.204595	0.174058	0.200892	0.172326	0.197245	0.170612	0.193655	0.168914	0.19012	0.167233	0.186641	0.165569	0.183216	0.163922	0.179846	0.162291	0.176531	0.160676	0.173269	0.159077	0.17006	0.157494	0.166904	0.155927	0.1638	0.154376	0.160748	0.15284	0.157746	0.151319	0.154796	0.149813	0.151895	0.148323	0.149044	0.146847	0.146242	0.145386	0.143488	0.143939	0.140781	0.142507	0.138122	0.141089	0.135508	0.139685	0.132941	0.138295	0.130419	0.136919	0.127942	0.135557	0.125508	0.134208	0.123118	0.132872	0.12077	0.13155	0.118465	0.130241	0.116201	0.128945	0.113977	0.127662	0.111794	0.126392	0.109651	0.125135	0.107547	0.123889	0.105481	0.122657	0.103453	0.121436	0.101462	0.120228	0.0995074	0.119032	0.0975891	0.117847	0.0957063	0.116675	0.0938583	0.115514	0.0920447	0.114364	0.0902647	0.113226	0.0885179	0.1121	0.0868038	0.110984	0.0851217	0.10988	0.0834711	0.108787	0.0818515	0.107704	0.0802623	0.106633	0.078703	0.105572	0.0771732	0.104521	0.0756723	0.103481	0.0741998	0.102452	0.0727551	0.101432	0.0713379	0.100423	0.0699476	0.0994236	0.0685837	0.0984343	0.0672458	0.0974549	0.0659334	0.0964852	0.0646461	0.0955252	0.0633833	0.0945747	0.0621448	0.0936336	0.0609299	0.092702	0.0597383	0.0917796	0.0585696	0.0908663	0.0574234	0.0899622	0.0562992	0.0890671	0.0551966	0.0881808	0.0541153	0.0873034	0.0530548	0.0850609	0.0513809	0.0828407	0.0497397	0.0806426	0.0481303	0.0784664	0.0465524	0.0763119	0.0450052	0.0741787	0.0434882	0.0720668	0.0420008	0.0699759	0.0405424	0.0679059	0.0391125	0.0658564	0.0377106	0.0638273	0.036336	0.0618184	0.0349884	0.0598295	0.0336671	0.0578603	0.0323716	0.0559108	0.0311015	0.0539807	0.0298563	0.0520697	0.0286355	0.0501778	0.0274386	0.0483047	0.0262651	0.0464503	0.0251147	0.0446143	0.0239868	0.0427966	0.022881	0.0409969	0.021797	0.0392152	0.0207342	0.0374512	0.0196923	0.0357047	0.0186708	0.0339756	0.0176695	0.0322638	0.0166878	0.0305689	0.0157254	0.0288909	0.0147819	0.0272297	0.0138569	0.0255849	0.0129502	0.0239565	0.0120612	0.0223443	0.0111898	0.0207482	0.0103355	0.0191679	0.00949807	0.0176034	0.00867709	0.0160544	0.00787227	0.0145209	0.0070833	0.0130026	0.00630987	0.0114994	0.00555167	0.0100111	0.00480841	0.00853772	0.0040798	0.00707896	0.00336554	0.00563471	0.00266536	0.00420483	0.00197899	0.00278918	0.00130615	0.00138762	0.000646569	0	0	0	0	
0	0.436772	0	0.445333	0	0.452886	0	0.459491	0	0.465205	0	0.470084	0	0.474179	0	0.477539	0	0.480211	0	0.482239	0	0.483663	0	0.484525	0	0.48486	0	0.484704	0	0.484091	0	0.483052	0	0.481616	0	0.479813	0	0.477668	0	0.475206	0	0.472452	0	0.469429	0	0.466156	0	0.462654	0	0.458942	0	0.455038	0	0.450959	0	0.446719	0	0.442335	0	0.43782	0	0.433188	0	0.42845	0	0.423619	0	0.418706	0	0.41372	0	0.408672	0	0.40357	0	0.398424	0	0.393241	0	0.388028	0	0.382793	0	0.377543	0	0.372282	0	0.367018	0	0.361755	0	0.356499	0	0.351254	0	0.346024	0	0.340814	0	0.335626	0	0.330466	0	0.325335	0	0.320236	0	0.315174	0	0.310149	0	0.305164	0	0.300222	0	0.295323	0	0.290471	0	0.285666	0	0.28091	0	0.276205	0	0.271551	0	0.266949	0	0.262401	0	0.257906	0	0.253467	0	0.249082	0	0.244754	0	0.240482	0	0.236266	0	0.232108	0	0.228006	0	0.223962	0	0.219974	0	0.216044	0	0.212171	0	0.208354	0	0.204595	0	0.200892	0	0.197245	0	0.193655	0	0.19012	0	0.186641	0	0.183216	0	0.179846	0	0.176531	0	0.173269	0	0.17006	0	0.166904	0	0.1638	0	0.160748	0	0.157746	0	0.154796	0	0.151895	0	0.149044	0	0.146242	0	0.143488	0	0.140781	0	0.138122	0	0.135508	0	0.132941	0	0.130419	0	0.127942	0	0.125508	0	0.123118	0	0.12077	0	0.118465	0	0.116201	0	0.113977	0	0.111794	0	0.109651	0	0.107547	0	0.105481	0	0.103453	0	0.101462	0	0.0995074	0	0.0975891	0	0.0957063	0	0.0938583	0	0.0920447	0	0.0902647	0	0.0885179	0	0.0868038	0	0.0851217	0	0.0834711	0	0.0818515	0	0.0802623	0	0.078703	0	0.0771732	0	0.0756723	0	0.0741998	0	0.0727551	0	0.0713379	0	0.0699476	0	0.0685837	0	0.0672458	0	0.0659334	0	0.0646461	0	0.0633833	0	0.0621448	0	0.0609299	0	0.0597383	0	0.0585696	0	0.0574234	0	0.0562992	0	0.0551966	0	0.0541153	0	0.0530548	0	0.0513809	0	0.0497397	0	0.0481303	0	0.0465524	0	0.0450052	0	0.0434882	0	0.0420008	0	0.0405424	0	0.0391125	0	0.0377106	0	0.036336	0	0.0349884	0	0.0336671	0	0.0323716	0	0.0311015	0	0.0298563	0	0.0286355	0	0.0274386	0	0.0262651	0	0.0251147	0	0.0239868	0	0.022881	0	0.021797	0	0.0207342	0	0.0196923	0	0.0186708	0	0.0176695	0	0.0166878	0	0.0157254	0	0.0147819	0	0.0138569	0	0.0129502	0	0.0120612	0	0.0111898	0	0.0103355	0	0.00949807	0	0.00867709	0	0.00787227	0	0.0070833	0	0.00630987	0	0.00555167	0	0.00480841	0	0.0040798	0	0.00336554	0	0.00266536	0	0.00197899	0	0.00130615	0	0.000646569	0	0	0	0	
0.389554	0.446299	0.385678	0.454751	0.381841	0.462193	0.378041	0.468685	0.37428	0.474286	0.370555	0.479049	0.366868	0.483029	0.363218	0.486272	0.359604	0.488827	0.356026	0.490737	0.352483	0.492044	0.348976	0.492788	0.345504	0.493005	0.342066	0.492732	0.338662	0.492001	0.335292	0.490844	0.331956	0.489292	0.328653	0.487372	0.325383	0.485111	0.322145	0.482535	0.31894	0.479666	0.315767	0.476529	0.312625	0.473143	0.309514	0.469529	0.306434	0.465707	0.303385	0.461692	0.300366	0.457504	0.297378	0.453157	0.294419	0.448666	0.291489	0.444045	0.288589	0.439308	0.285717	0.434467	0.282874	0.429534	0.28006	0.424519	0.277273	0.419433	0.274514	0.414286	0.271783	0.409087	0.269078	0.403845	0.266401	0.398567	0.26375	0.393261	0.261126	0.387933	0.258528	0.382592	0.255955	0.377242	0.253409	0.371889	0.250887	0.366539	0.248391	0.361197	0.245919	0.355867	0.243472	0.350554	0.24105	0.345261	0.238651	0.339993	0.236277	0.334753	0.233926	0.329543	0.231598	0.324368	0.229294	0.319229	0.227012	0.314129	0.224753	0.309071	0.222517	0.304057	0.220303	0.299087	0.218111	0.294165	0.215941	0.289291	0.213792	0.284468	0.211665	0.279696	0.209559	0.274976	0.207473	0.27031	0.205409	0.265699	0.203365	0.261142	0.201342	0.256642	0.199338	0.252198	0.197355	0.24781	0.195391	0.24348	0.193447	0.239208	0.191522	0.234993	0.189616	0.230837	0.18773	0.226738	0.185862	0.222698	0.184012	0.218716	0.182181	0.214792	0.180369	0.210925	0.178574	0.207117	0.176797	0.203365	0.175038	0.199671	0.173296	0.196034	0.171572	0.192454	0.169865	0.188929	0.168175	0.185461	0.166501	0.182048	0.164845	0.17869	0.163204	0.175386	0.16158	0.172136	0.159973	0.16894	0.158381	0.165797	0.156805	0.162706	0.155245	0.159667	0.1537	0.156679	0.152171	0.153742	0.150657	0.150855	0.149158	0.148017	0.147673	0.145228	0.146204	0.142488	0.144749	0.139795	0.143309	0.13715	0.141883	0.13455	0.140471	0.131997	0.139074	0.129489	0.13769	0.127025	0.13632	0.124605	0.134963	0.122228	0.13362	0.119894	0.132291	0.117602	0.130975	0.115352	0.129671	0.113142	0.128381	0.110972	0.127104	0.108842	0.125839	0.106751	0.124587	0.104698	0.123347	0.102683	0.12212	0.100704	0.120905	0.0987626	0.119702	0.0968568	0.118511	0.0949862	0.117331	0.0931504	0.116164	0.0913488	0.115008	0.0895807	0.113864	0.0878457	0.112731	0.0861431	0.111609	0.0844724	0.110499	0.0828332	0.109399	0.0812247	0.108311	0.0796465	0.107233	0.0780982	0.106166	0.076579	0.10511	0.0750887	0.104064	0.0736265	0.103028	0.0721922	0.102003	0.070785	0.100988	0.0694047	0.0999833	0.0680506	0.0989884	0.0667224	0.0980035	0.0654195	0.0970283	0.0641415	0.0960629	0.062888	0.0951071	0.0616585	0.0941607	0.0604526	0.0932238	0.0592698	0.0922962	0.0581098	0.0913779	0.056972	0.0904686	0.0558562	0.0895685	0.0547618	0.0873034	0.0530548	0.0850609	0.0513809	0.0828407	0.0497397	0.0806426	0.0481303	0.0784664	0.0465524	0.0763119	0.0450052	0.0741787	0.0434882	0.0720668	0.0420008	0.0699759	0.0405424	0.0679059	0.0391125	0.0658564	0.0377106	0.0638273	0.036336	0.0618184	0.0349884	0.0598295	0.0336671	0.0578603	0.0323716	0.0559108	0.0311015	0.0539807	0.0298563	0.0520697	0.0286355	0.0501778	0.0274386	0.0483047	0.0262651	0.0464503	0.0251147	0.0446143	0.0239868	0.0427966	0.022881	0.0409969	0.021797	0.0392152	0.0207342	0.0374512	0.0196923	0.0357047	0.0186708	0.0339756	0.0176695	0.0322638	0.0166878	0.0305689	0.0157254	0.0288909	0.0147819	0.0272297	0.0138569	0.0255849	0.0129502	0.0239565	0.0120612	0.0223443	0.0111898	0.0207482	0.0103355	0.0191679	0.00949807	0.0176034	0.00867709	0.0160544	0.00787227	0.0145209	0.0070833	0.0130026	0.00630987	0.0114994	0.00555167	0.0100111	0.00480841	0.00853772	0.0040798	0.00707896	0.00336554	0.00563471	0.00266536	0.00420483	0.00197899	0.00278918	0.00130615	0.00138762	0.000646569	0	0	0	0	
0	0.446299	0	0.454751	0	0.462193	0	0.468685	0	0.474286	0	0.479049	0	0.483029	0	0.486272	0	0.488827	0	0.490737	0	0.492044	0	0.492788	0	0.493005	0	0.492732	0	0.492001	0	0.490844	0	0.489292	0	0.487372	0	0.485111	0	0.482535	0	0.479666	0	0.476529	0	0.473143	0	0.469529	0	0.465707	0	0.461692	0	0.457504	0	0.453157	0	0.448666	0	0.444045	0	0.439308	0	0.434467	0	0.429534	0	0.424519	0	0.419433	0	0.414286	0	0.409087	0	0.403845	0	0.398567	0	0.393261	0	0.387933	0	0.382592	0	0.377242	0	0.371889	0	0.366539	0	0.361197	0	0.355867	0	0.350554	0	0.345261	0	0.339993	0	0.334753	0	0.329543	0	0.324368	0	0.319229	0	0.314129	0	0.309071	0	0.304057	0	0.299087	0	0.294165	0	0.289291	0	0.284468	0	0.279696	0	0.274976	0	0.27031	0	0.265699	0	0.261142	0	0.256642	0	0.252198	0	0.24781	0	0.24348	0	0.239208	0	0.234993	0	0.230837	0	0.226738	0	0.222698	0	0.218716	0	0.214792	0	0.210925	0	0.207117	0	0.203365	0	0.199671	0	0.196034	0	0.192454	0	0.188929	0	0.185461	0	0.182048	0	0.17869	0	0.175386	0	0.172136	0	0.16894	0	0.165797	0	0.162706	0	0.159667	0	0.156679	0	0.153742	0	0.150855	0	0.148017	0	0.145228	0	0.142488	0	0.139795	0	0.13715	0	0.13455	0	0.131997	0	0.129489	0	0.127025	0	0.124605	0	0.122228	0	0.119894	0	0.117602	0	0.115352	0	0.113142	0	0.110972	0	0.108842	0	0.106751	0	0.104698	0	0.102683	0	0.100704	0	0.0987626	0	0.0968568	0	0.0949862	0	0.0931504	0	0.0913488	0	0.0895807	0	0.0878457	0	0.0861431	0	0.0844724	0	0.0828332	0	0.0812247	0	0.0796465	0	0.0780982	0	0.076579	0	0.0750887	0	0.0736265	0	0.0721922	0	0.070785	0	0.0694047	0	0.0680506	0	0.0667224	0	0.0654195	0	0.0641415	0	0.062888	0	0.0616585	0	0.0604526	0	0.0592698	0	0.0581098	0	0.056972	0	0.0558562	0	0.0547618	0	0.0530548	0	0.0513809	0	0.0497397	0	0.0481303	0	0.0465524	0	0.0450052	0	0.0434882	0	0.0420008	0	0.0405424	0	0.0391125	0	0.0377106	0	0.036336	0	0.0349884	0	0.0336671	0	0.0323716	0	0.0311015	0	0.0298563	0	0.0286355	0	0.0274386	0	0.0262651	0	0.0251147	0	0.0239868	0	0.022881	0	0.021797	0	0.0207342	0	0.0196923	0	0.0186708	0	0.0176695	0	0.0166878	0	0.0157254	0	0.0147819	0	0.0138569	0	0.0129502	0	0.0120612	0	0.0111898	0	0.0103355	0	0.00949807	0	0.00867709	0	0.00787227	0	0.0070833	0	0.00630987	0	0.00555167	0	0.00480841	0	0.0040798	0	0.00336554	0	0.00266536	0	0.00197899	0	0.00130615	0	0.000646569	0	0	0	0	
0.395529	0.455717	0.391594	0.464058	0.387697	0.471387	0.38384	0.477765	0.38002	0.483251	0.376239	0.487899	0.372495	0.491762	0.368789	0.494889	0.36512	0.497326	0.361487	0.499118	0.35789	0.500307	0.354329	0.500933	0.350803	0.501033	0.347312	0.500642	0.343857	0.499793	0.340435	0.49852	0.337048	0.496851	0.333694	0.494815	0.330374	0.492439	0.327087	0.489749	0.323832	0.486767	0.32061	0.483516	0.31742	0.480019	0.314261	0.476294	0.311134	0.472361	0.308039	0.468238	0.304973	0.463941	0.301939	0.459487	0.298935	0.45489	0.29596	0.450165	0.293015	0.445324	0.2901	0.440381	0.287213	0.435346	0.284355	0.430232	0.281526	0.425048	0.278725	0.419803	0.275951	0.414508	0.273206	0.409171	0.270487	0.403799	0.267796	0.398401	0.265131	0.392982	0.262493	0.387551	0.259881	0.382112	0.257295	0.376672	0.254735	0.371237	0.252201	0.36581	0.249691	0.360396	0.247207	0.355001	0.244747	0.349628	0.242312	0.34428	0.239901	0.338961	0.237514	0.333675	0.23515	0.328423	0.232811	0.32321	0.230494	0.318037	0.228201	0.312906	0.22593	0.30782	0.223682	0.302781	0.221456	0.29779	0.219253	0.292849	0.217071	0.287959	0.214911	0.283122	0.212773	0.278338	0.210656	0.273609	0.20856	0.268935	0.206484	0.264317	0.20443	0.259757	0.202396	0.255254	0.200382	0.250809	0.198388	0.246422	0.196414	0.242094	0.19446	0.237824	0.192525	0.233614	0.190609	0.229462	0.188713	0.22537	0.186835	0.221337	0.184976	0.217362	0.183135	0.213447	0.181313	0.20959	0.179509	0.205791	0.177723	0.202051	0.175954	0.198368	0.174204	0.194742	0.17247	0.191174	0.170754	0.187662	0.169055	0.184207	0.167373	0.180807	0.165708	0.177462	0.164059	0.174172	0.162426	0.170937	0.16081	0.167755	0.15921	0.164626	0.157626	0.16155	0.156058	0.158525	0.154505	0.155552	0.152967	0.15263	0.151445	0.149758	0.149938	0.146936	0.148447	0.144162	0.146969	0.141437	0.145507	0.138759	0.144059	0.136128	0.142626	0.133544	0.141207	0.131006	0.139802	0.128512	0.138411	0.126063	0.137033	0.123658	0.13567	0.121296	0.13432	0.118977	0.132983	0.1167	0.13166	0.114463	0.13035	0.112268	0.129053	0.110112	0.127769	0.107996	0.126498	0.105919	0.125239	0.103879	0.123993	0.101878	0.122759	0.099913	0.121538	0.0979846	0.120328	0.096092	0.119131	0.0942345	0.117946	0.0924116	0.116772	0.0906226	0.11561	0.0888671	0.11446	0.0871445	0.113321	0.0854542	0.112193	0.0837956	0.111077	0.0821682	0.109972	0.0805715	0.108878	0.0790049	0.107794	0.077468	0.106722	0.0759601	0.10566	0.0744808	0.104609	0.0730296	0.103568	0.071606	0.102537	0.0702095	0.101517	0.0688396	0.100507	0.0674958	0.0995067	0.0661777	0.0985166	0.0648848	0.0975363	0.0636166	0.0965658	0.0623728	0.095605	0.0611528	0.0946537	0.0599562	0.0937119	0.0587826	0.0927794	0.0576316	0.0918562	0.0565028	0.0895685	0.0547618	0.0873034	0.0530548	0.0850609	0.0513809	0.0828407	0.0497397	0.0806426	0.0481303	0.0784664	0.0465524	0.0763119	0.0450052	0.0741787	0.0434882	0.0720668	0.0420008	0.0699759	0.0405424	0.0679059	0.0391125	0.0658564	0.0377106	0.0638273	0.036336	0.0618184	0.0349884	0.0598295	0.0336671	0.0578603	0.0323716	0.0559108	0.0311015	0.0539807	0.0298563	0.0520697	0.0286355	0.0501778	0.0274386	0.0483047	0.0262651	0.0464503	0.0251147	0.0446143	0.0239868	0.0427966	0.022881	0.0409969	0.021797	0.0392152	0.0207342	0.0374512	0.0196923	0.0357047	0.0186708	0.0339756	0.0176695	0.0322638	0.0166878	0.0305689	0.0157254	0.0288909	0.0147819	0.0272297	0.0138569	0.0255849	0.0129502	0.0239565	0.0120612	0.0223443	0.0111898	0.0207482	0.0103355	0.0191679	0.00949807	0.0176034	0.00867709	0.0160544	0.00787227	0.0145209	0.0070833	0.0130026	0.00630987	0.0114994	0.00555167	0.0100111	0.00480841	0.00853772	0.0040798	0.00707896	0.00336554	0.00563471	0.00266536	0.00420483	0.00197899	0.00278918	0.00130615	0.00138762	0.000646569	0	0	0	0	
0	0.455717	0	0.464058	0	0.471387	0	0.477765	0	0.483251	0	0.487899	0	0.491762	0	0.494889	0	0.497326	0	0.499118	0	0.500307	0	0.500933	0	0.501033	0	0.500642	0	0.499793	0	0.49852	0	0.496851	0	0.494815	0	0.492439	0	0.489749	0	0.486767	0	0.483516	0	0.480019	0	0.476294	0	0.472361	0	0.468238	0	0.463941	0	0.459487	0	0.45489	0	0.450165	0	0.445324	0	0.440381	0	0.435346	0	0.430232	0	0.425048	0	0.419803	0	0.414508	0	0.409171	0	0.403799	0	0.398401	0	0.392982	0	0.387551	0	0.382112	0	0.376672	0	0.371237	0	0.36581	0	0.360396	0	0.355001	0	0.349628	0	0.34428	0	0.338961	0	0.333675	0	0.328423	0	0.32321	0	0.318037	0	0.312906	0	0.30782	0	0.302781	0	0.29779	0	0.292849	0	0.287959	0	0.283122	0	0.278338	0	0.273609	0	0.268935	0	0.264317	0	0.259757	0	0.255254	0	0.250809	0	0.246422	0	0.242094	0	0.237824	0	0.233614	0	0.229462	0	0.22537	0	0.221337	0	0.217362	0	0.213447	0	0.20959	0	0.205791	0	0.202051	0	0.198368	0	0.194742	0	0.191174	0	0.187662	0	0.184207	0	0.180807	0	0.177462	0	0.174172	0	0.170937	0	0.167755	0	0.164626	0	0.16155	0	0.158525	0	0.155552	0	0.15263	0	0.149758	0	0.146936	0	0.144162	0	0.141437	0	0.138759	0	0.136128	0	0.133544	0	0.131006	0	0.128512	0	0.126063	0	0.123658	0	0.121296	0	0.118977	0	0.1167	0	0.114463	0	0.112268	0	0.110112	0	0.107996	0	0.105919	0	0.103879	0	0.101878	0	0.099913	0	0.0979846	0	0.096092	0	0.0942345	0	0.0924116	0	0.0906226	0	0.0888671	0	0.0871445	0	0.0854542	0	0.0837956	0	0.0821682	0	0.0805715	0	0.0790049	0	0.077468	0	0.0759601	0	0.0744808	0	0.0730296	0	0.071606	0	0.0702095	0	0.0688396	0	0.0674958	0	0.0661777	0	0.0648848	0	0.0636166	0	0.0623728	0	0.0611528	0	0.0599562	0	0.0587826	0	0.0576316	0	0.0565028	0	0.0547618	0	0.0530548	0	0.0513809	0	0.0497397	0	0.0481303	0	0.0465524	0	0.0450052	0	0.0434882	0	0.0420008	0	0.0405424	0	0.0391125	0	0.0377106	0	0.036336	0	0.0349884	0	0.0336671	0	0.0323716	0	0.0311015	0	0.0298563	0	0.0286355	0	0.0274386	0	0.0262651	0	0.0251147	0	0.0239868	0	0.022881	0	0.021797	0	0.0207342	0	0.0196923	0	0.0186708	0	0.0176695	0	0.0166878	0	0.0157254	0	0.0147819	0	0.0138569	0	0.0129502	0	0.0120612	0	0.0111898	0	0.0103355	0	0.00949807	0	0.00867709	0	0.00787227	0	0.0070833	0	0.00630987	0	0.00555167	0	0.00480841	0	0.0040798	0	0.00336554	0	0.00266536	0	0.00197899	0	0.00130615	0	0.000646569	0	0	0	0	
0.401445	0.465024	0.39745	0.473252	0.393496	0.480467	0.38958	0.486731	0.385704	0.492101	0.381866	0.496632	0.378067	0.500378	0.374305	0.503387	0.37058	0.505707	0.366893	0.507381	0.363242	0.508453	0.359628	0.50896	0.35605	0.508942	0.352507	0.508434	0.348999	0.507469	0.345527	0.506079	0.342089	0.504295	0.338685	0.502144	0.335315	0.499653	0.331978	0.496849	0.328675	0.493754	0.325405	0.490392	0.322167	0.486783	0.318961	0.482948	0.315788	0.478906	0.312646	0.474675	0.309535	0.470271	0.306455	0.465711	0.303406	0.46101	0.300387	0.456181	0.297398	0.451238	0.294439	0.446194	0.291509	0.44106	0.288608	0.435846	0.285737	0.430565	0.282893	0.425224	0.280079	0.419834	0.277292	0.414403	0.274533	0.408939	0.271801	0.40345	0.269097	0.397942	0.266419	0.392422	0.263768	0.386896	0.261144	0.38137	0.258545	0.37585	0.255973	0.370339	0.253426	0.364844	0.250904	0.359368	0.248407	0.353915	0.245936	0.348488	0.243489	0.343093	0.241066	0.33773	0.238667	0.332404	0.236292	0.327117	0.233941	0.321872	0.231614	0.31667	0.229309	0.311514	0.227027	0.306406	0.224768	0.301348	0.222532	0.29634	0.220318	0.291385	0.218125	0.286483	0.215955	0.281636	0.213806	0.276845	0.211679	0.27211	0.209573	0.267433	0.207487	0.262813	0.205423	0.258252	0.203379	0.25375	0.201355	0.249308	0.199352	0.244925	0.197368	0.240601	0.195404	0.236338	0.19346	0.232135	0.191535	0.227991	0.189629	0.223908	0.187742	0.219884	0.185874	0.21592	0.184025	0.212016	0.182194	0.20817	0.180381	0.204384	0.178586	0.200656	0.176809	0.196987	0.17505	0.193375	0.173308	0.189821	0.171584	0.186324	0.169876	0.182883	0.168186	0.179498	0.166512	0.176169	0.164856	0.172895	0.163215	0.169675	0.161591	0.166509	0.159983	0.163396	0.158392	0.160336	0.156816	0.157328	0.155255	0.154371	0.15371	0.151465	0.152181	0.148609	0.150667	0.145803	0.149168	0.143046	0.147683	0.140337	0.146214	0.137676	0.144759	0.135061	0.143319	0.132493	0.141893	0.129971	0.140481	0.127493	0.139083	0.12506	0.137699	0.122671	0.136329	0.120325	0.134972	0.118021	0.133629	0.115759	0.1323	0.113538	0.130983	0.111357	0.12968	0.109217	0.12839	0.107116	0.127112	0.105053	0.125847	0.103028	0.124595	0.101041	0.123355	0.0990904	0.122128	0.097176	0.120913	0.0952973	0.11971	0.0934535	0.118519	0.0916441	0.117339	0.0898685	0.116172	0.0881262	0.115016	0.0864166	0.113871	0.0847391	0.112738	0.0830931	0.111617	0.0814782	0.110506	0.0798938	0.109406	0.0783394	0.108318	0.0768144	0.10724	0.0753183	0.106173	0.0738506	0.105117	0.0724108	0.104071	0.0709985	0.103035	0.069613	0.10201	0.068254	0.100995	0.066921	0.09999	0.0656134	0.0989951	0.0643309	0.0980101	0.063073	0.0970349	0.0618391	0.0960693	0.060629	0.0951134	0.0594422	0.094167	0.0582782	0.0918562	0.0565028	0.0895685	0.0547618	0.0873034	0.0530548	0.0850609	0.0513809	0.0828407	0.0497397	0.0806426	0.0481303	0.0784664	0.0465524	0.0763119	0.0450052	0.0741787	0.0434882	0.0720668	0.0420008	0.0699759	0.0405424	0.0679059	0.0391125	0.0658564	0.0377106	0.0638273	0.036336	0.0618184	0.0349884	0.0598295	0.0336671	0.0578603	0.0323716	0.0559108	0.0311015	0.0539807	0.0298563	0.0520697	0.0286355	0.0501778	0.0274386	0.0483047	0.0262651	0.0464503	0.0251147	0.0446143	0.0239868	0.0427966	0.022881	0.0409969	0.021797	0.0392152	0.0207342	0.0374512	0.0196923	0.0357047	0.0186708	0.0339756	0.0176695	0.0322638	0.0166878	0.0305689	0.0157254	0.0288909	0.0147819	0.0272297	0.0138569	0.0255849	0.0129502	0.0239565	0.0120612	0.0223443	0.0111898	0.0207482	0.0103355	0.0191679	0.00949807	0.0176034	0.00867709	0.0160544	0.00787227	0.0145209	0.0070833	0.0130026	0.00630987	0.0114994	0.00555167	0.0100111	0.00480841	0.00853772	0.0040798	0.00707896	0.00336554	0.00563471	0.00266536	0.00420483	0.00197899	0.00278918	0.00130615	0.00138762	0.000646569	0	0	0	0	
0	0.465024	0	0.473252	0	0.480467	0	0.486731	0	0.492101	0	0.496632	0	0.500378	0	0.503387	0	0.505707	0	0.507381	0	0.508453	0	0.50896	0	0.508942	0	0.508434	0	0.507469	0	0.506079	0	0.504295	0	0.502144	0	0.499653	0	0.496849	0	0.493754	0	0.490392	0	0.486783	0	0.482948	0	0.478906	0	0.474675	0	0.470271	0	0.465711	0	0.46101	0	0.456181	0	0.451238	0	0.446194	0	0.44106	0	0.435846	0	0.430565	0	0.425224	0	0.419834	0	0.414403	0	0.408939	0	0.40345	0	0.397942	0	0.392422	0	0.386896	0	0.38137	0	0.37585	0	0.370339	0	0.364844	0	0.359368	0	0.353915	0	0.348488	0	0.343093	0	0.33773	0	0.332404	0	0.327117	0	0.321872	0	0.31667	0	0.311514	0	0.306406	0	0.301348	0	0.29634	0	0.291385	0	0.286483	0	0.281636	0	0.276845	0	0.27211	0	0.267433	0	0.262813	0	0.258252	0	0.25375	0	0.249308	0	0.244925	0	0.240601	0	0.236338	0	0.232135	0	0.227991	0	0.223908	0	0.219884	0	0.21592	0	0.212016	0	0.20817	0	0.204384	0	0.200656	0	0.196987	0	0.193375	0	0.189821	0	0.186324	0	0.182883	0	0.179498	0	0.176169	0	0.172895	0	0.169675	0	0.166509	0	0.163396	0	0.160336	0	0.157328	0	0.154371	0	0.151465	0	0.148609	0	0.145803	0	0.143046	0	0.140337	0	0.137676	0	0.135061	0	0.132493	0	0.129971	0	0.127493	0	0.12506	0	0.122671	0	0.120325	0	0.118021	0	0.115759	0	0.113538	0	0.111357	0	0.109217	0	0.107116	0	0.105053	0	0.103028	0	0.101041	0	0.0990904	0	0.097176	0	0.0952973	0	0.0934535	0	0.0916441	0	0.0898685	0	0.0881262	0	0.0864166	0	0.0847391	0	0.0830931	0	0.0814782	0	0.0798938	0	0.0783394	0	0.0768144	0	0.0753183	0	0.0738506	0	0.0724108	0	0.0709985	0	0.069613	0	0.068254	0	0.066921	0	0.0656134	0	0.0643309	0	0.063073	0	0.0618391	0	0.060629	0	0.0594422	0	0.0582782	0	0.0565028	0	0.0547618	0	0.0530548	0	0.0513809	0	0.0497397	0	0.0481303	0	0.0465524	0	0.0450052	0	0.0434882	0	0.0420008	0	0.0405424	0	0.0391125	0	0.0377106	0	0.036336	0	0.0349884	0	0.0336671	0	0.0323716	0	0.0311015	0	0.0298563	0	0.0286355	0	0.0274386	0	0.0262651	0	0.0251147	0	0.0239868	0	0.022881	0	0.021797	0	0.0207342	0	0.0196923	0	0.0186708	0	0.0176695	0	0.0166878	0	0.0157254	0	0.0147819	0	0.0138569	0	0.0129502	0	0.0120612	0	0.0111898	0	0.0103355	0	0.00949807	0	0.00867709	0	0.00787227	0	0.0070833	0	0.00630987	0	0.00555167	0	0.00480841	0	0.0040798	0	0.00336554	0	0.00266536	0	0.00197899	0	0.00130615	0	0.000646569	0	0	0	0	
0.407302	0.474218	0.403249	0.482333	0.399236	0.489433	0.395264	0.495581	0.391331	0.500834	0.387437	0.505249	0.383582	0.508877	0.379765	0.511768	0.375987	0.51397	0.372246	0.515527	0.368542	0.51648	0.364875	0.51687	0.361244	0.516735	0.35765	0.51611	0.354091	0.515028	0.350568	0.513523	0.34708	0.511623	0.343626	0.509358	0.340207	0.506754	0.336822	0.503836	0.33347	0.500629	0.330152	0.497156	0.326867	0.493437	0.323615	0.489493	0.320395	0.485343	0.317207	0.481005	0.314051	0.476496	0.310926	0.471831	0.307832	0.467026	0.304769	0.462095	0.301736	0.457051	0.298734	0.451907	0.295762	0.446674	0.292819	0.441363	0.289905	0.435986	0.287021	0.43055	0.284165	0.425067	0.281337	0.419543	0.278538	0.413988	0.275766	0.408409	0.273022	0.402812	0.270306	0.397205	0.267616	0.391594	0.264953	0.385983	0.262317	0.380379	0.259707	0.374787	0.257123	0.36921	0.254564	0.363655	0.252031	0.358123	0.249524	0.35262	0.247041	0.347148	0.244583	0.341711	0.242149	0.336311	0.23974	0.330952	0.237354	0.325636	0.234993	0.320364	0.232654	0.315139	0.230339	0.309964	0.228047	0.304839	0.225778	0.299766	0.223532	0.294746	0.221308	0.289781	0.219106	0.284872	0.216925	0.28002	0.214767	0.275225	0.21263	0.270489	0.210514	0.265812	0.20842	0.261194	0.206346	0.256636	0.204293	0.252138	0.20226	0.247701	0.200247	0.243325	0.198255	0.23901	0.196282	0.234756	0.194329	0.230562	0.192396	0.226429	0.190481	0.222357	0.188586	0.218346	0.186709	0.214395	0.184852	0.210504	0.183012	0.206673	0.181191	0.202901	0.179389	0.199188	0.177604	0.195534	0.175836	0.191938	0.174087	0.1884	0.172355	0.184919	0.17064	0.181495	0.168942	0.178127	0.167261	0.174815	0.165596	0.171558	0.163949	0.168355	0.162317	0.165207	0.160702	0.162111	0.159103	0.159069	0.15752	0.156078	0.155953	0.153139	0.154401	0.150251	0.152865	0.147413	0.151344	0.144624	0.149838	0.141884	0.148347	0.139193	0.146871	0.136549	0.145409	0.133951	0.143963	0.131401	0.14253	0.128895	0.141112	0.126435	0.139708	0.124019	0.138318	0.121646	0.136942	0.119316	0.135579	0.117029	0.13423	0.114783	0.132894	0.112578	0.131572	0.110414	0.130263	0.108289	0.128967	0.106203	0.127683	0.104156	0.126413	0.102147	0.125155	0.100174	0.12391	0.0982388	0.122677	0.0963392	0.121456	0.0944749	0.120248	0.0926455	0.119051	0.0908502	0.117867	0.0890886	0.116694	0.0873601	0.115533	0.085664	0.114383	0.0839999	0.113245	0.0823672	0.112118	0.0807653	0.111003	0.0791937	0.109898	0.0776518	0.108805	0.0761393	0.107722	0.0746554	0.10665	0.0731998	0.105589	0.0717719	0.104538	0.0703712	0.103498	0.0689973	0.102468	0.0676496	0.101449	0.0663277	0.100439	0.0650311	0.0994399	0.0637593	0.0984505	0.062512	0.0974709	0.0612886	0.0965011	0.0600888	0.094167	0.0582782	0.0918562	0.0565028	0.0895685	0.0547618	0.0873034	0.0530548	0.0850609	0.0513809	0.0828407	0.0497397	0.0806426	0.0481303	0.0784664	0.0465524	0.0763119	0.0450052	0.0741787	0.0434882	0.0720668	0.0420008	0.0699759	0.0405424	0.0679059	0.0391125	0.0658564	0.0377106	0.0638273	0.036336	0.0618184	0.0349884	0.0598295	0.0336671	0.0578603	0.0323716	0.0559108	0.0311015	0.0539807	0.0298563	0.0520697	0.0286355	0.0501778	0.0274386	0.0483047	0.0262651	0.0464503	0.0251147	0.0446143	0.0239868	0.0427966	0.022881	0.0409969	0.021797	0.0392152	0.0207342	0.0374512	0.0196923	0.0357047	0.0186708	0.0339756	0.0176695	0.0322638	0.0166878	0.0305689	0.0157254	0.0288909	0.0147819	0.0272297	0.0138569	0.0255849	0.0129502	0.0239565	0.0120612	0.0223443	0.0111898	0.0207482	0.0103355	0.0191679	0.00949807	0.0176034	0.00867709	0.0160544	0.00787227	0.0145209	0.0070833	0.0130026	0.00630987	0.0114994	0.00555167	0.0100111	0.00480841	0.00853772	0.0040798	0.00707896	0.00336554	0.00563471	0.00266536	0.00420483	0.00197899	0.00278918	0.00130615	0.00138762	0.000646569	0	0	0	0	
0	0.474218	0	0.482333	0	0.489433	0	0.495581	0	0.500834	0	0.505249	0	0.508877	0	0.511768	0	0.51397	0	0.515527	0	0.51648	0	0.51687	0	0.516735	0	0.51611	0	0.515028	0	0.513523	0	0.511623	0	0.509358	0	0.506754	0	0.503836	0	0.500629	0	0.497156	0	0.493437	0	0.489493	0	0.485343	0	0.481005	0	0.476496	0	0.471831	0	0.467026	0	0.462095	0	0.457051	0	0.451907	0	0.446674	0	0.441363	0	0.435986	0	0.43055	0	0.425067	0	0.419543	0	0.413988	0	0.408409	0	0.402812	0	0.397205	0	0.391594	0	0.385983	0	0.380379	0	0.374787	0	0.36921	0	0.363655	0	0.358123	0	0.35262	0	0.347148	0	0.341711	0	0.336311	0	0.330952	0	0.325636	0	0.320364	0	0.315139	0	0.309964	0	0.304839	0	0.299766	0	0.294746	0	0.289781	0	0.284872	0	0.28002	0	0.275225	0	0.270489	0	0.265812	0	0.261194	0	0.256636	0	0.252138	0	0.247701	0	0.243325	0	0.23901	0	0.234756	0	0.230562	0	0.226429	0	0.222357	0	0.218346	0	0.214395	0	0.210504	0	0.206673	0	0.202901	0	0.199188	0	0.195534	0	0.191938	0	0.1884	0	0.184919	0	0.181495	0	0.178127	0	0.174815	0	0.171558	0	0.168355	0	0.165207	0	0.162111	0	0.159069	0	0.156078	0	0.153139	0	0.150251	0	0.147413	0	0.144624	0	0.141884	0	0.139193	0	0.136549	0	0.133951	0	0.131401	0	0.128895	0	0.126435	0	0.124019	0	0.121646	0	0.119316	0	0.117029	0	0.114783	0	0.112578	0	0.110414	0	0.108289	0	0.106203	0	0.104156	0	0.102147	0	0.100174	0	0.0982388	0	0.0963392	0	0.0944749	0	0.0926455	0	0.0908502	0	0.0890886	0	0.0873601	0	0.085664	0	0.0839999	0	0.0823672	0	0.0807653	0	0.0791937	0	0.0776518	0	0.0761393	0	0.0746554	0	0.0731998	0	0.0717719	0	0.0703712	0	0.0689973	0	0.0676496	0	0.0663277	0	0.0650311	0	0.0637593	0	0.062512	0	0.0612886	0	0.0600888	0	0.0582782	0	0.0565028	0	0.0547618	0	0.0530548	0	0.0513809	0	0.0497397	0	0.0481303	0	0.0465524	0	0.0450052	0	0.0434882	0	0.0420008	0	0.0405424	0	0.0391125	0	0.0377106	0	0.036336	0	0.0349884	0	0.0336671	0	0.0323716	0	0.0311015	0	0.0298563	0	0.0286355	0	0.0274386	0	0.0262651	0	0.0251147	0	0.0239868	0	0.022881	0	0.021797	0	0.0207342	0	0.0196923	0	0.0186708	0	0.0176695	0	0.0166878	0	0.0157254	0	0.0147819	0	0.0138569	0	0.0129502	0	0.0120612	0	0.0111898	0	0.0103355	0	0.00949807	0	0.00867709	0	0.00787227	0	0.0070833	0	0.00630987	0	0.00555167	0	0.00480841	0	0.0040798	0	0.00336554	0	0.00266536	0	0.00197899	0	0.00130615	0	0.000646569	0	0	0	0	
0.4131	0.483298	0.40899	0.491298	0.40492	0.498283	0.400891	0.504314	0.396902	0.50945	0.392953	0.513747	0.389043	0.517258	0.385172	0.520031	0.381339	0.522115	0.377545	0.523554	0.373788	0.52439	0.370069	0.524663	0.366387	0.524411	0.362741	0.523669	0.359132	0.522472	0.355558	0.520851	0.352021	0.518837	0.348518	0.516458	0.34505	0.513741	0.341617	0.510712	0.338218	0.507394	0.334852	0.50381	0.331521	0.499982	0.328222	0.495931	0.324956	0.491674	0.321723	0.48723	0.318521	0.482616	0.315352	0.477848	0.312214	0.472941	0.309108	0.467908	0.306032	0.462764	0.302987	0.457521	0.299972	0.452191	0.296987	0.446784	0.294032	0.441312	0.291107	0.435783	0.28821	0.430207	0.285342	0.424593	0.282503	0.418948	0.279692	0.41328	0.276909	0.407596	0.274154	0.401903	0.271426	0.396207	0.268725	0.390513	0.266051	0.384827	0.263404	0.379153	0.260783	0.373497	0.258188	0.367863	0.255619	0.362255	0.253076	0.356675	0.250558	0.351129	0.248065	0.345618	0.245596	0.340146	0.243153	0.334716	0.240733	0.32933	0.238338	0.323989	0.235966	0.318697	0.233619	0.313455	0.231294	0.308264	0.228993	0.303127	0.226714	0.298044	0.224458	0.293017	0.222225	0.288047	0.220014	0.283135	0.217825	0.278281	0.215657	0.273487	0.213511	0.268753	0.211387	0.26408	0.209283	0.259467	0.207201	0.254915	0.205139	0.250426	0.203098	0.245997	0.201077	0.241631	0.199077	0.237326	0.197096	0.233084	0.195135	0.228903	0.193193	0.224783	0.191271	0.220725	0.189368	0.216729	0.187483	0.212793	0.185618	0.208917	0.183771	0.205102	0.181942	0.201347	0.180132	0.197651	0.17834	0.194015	0.176565	0.190436	0.174808	0.186916	0.173069	0.183453	0.171347	0.180047	0.169642	0.176698	0.167954	0.173404	0.166283	0.170166	0.164628	0.166982	0.16299	0.163852	0.161368	0.160776	0.159763	0.157752	0.158173	0.15478	0.156599	0.15186	0.155041	0.14899	0.153498	0.146171	0.151971	0.143401	0.150459	0.14068	0.148962	0.138007	0.14748	0.135381	0.146012	0.132803	0.144559	0.13027	0.143121	0.127782	0.141697	0.12534	0.140287	0.122941	0.138891	0.120586	0.137509	0.118274	0.136141	0.116004	0.134786	0.113775	0.133445	0.111587	0.132117	0.109439	0.130803	0.107331	0.129501	0.105262	0.128213	0.103231	0.126937	0.101237	0.125674	0.0992807	0.124423	0.0973606	0.123185	0.0954763	0.12196	0.0936272	0.120746	0.0918126	0.119545	0.0900321	0.118355	0.088285	0.117177	0.0865708	0.116012	0.0848888	0.114857	0.0832386	0.113714	0.0816195	0.112583	0.0800311	0.111463	0.0784728	0.110354	0.0769441	0.109256	0.0754444	0.108168	0.0739732	0.107092	0.0725301	0.106027	0.0711145	0.104972	0.0697259	0.103927	0.0683638	0.102893	0.0670278	0.101869	0.0657174	0.100856	0.0644322	0.0998521	0.0631716	0.0988585	0.0619352	0.0965011	0.0600888	0.094167	0.0582782	0.0918562	0.0565028	0.0895685	0.0547618	0.0873034	0.0530548	0.0850609	0.0513809	0.0828407	0.0497397	0.0806426	0.0481303	0.0784664	0.0465524	0.0763119	0.0450052	0.0741787	0.0434882	0.0720668	0.0420008	0.0699759	0.0405424	0.0679059	0.0391125	0.0658564	0.0377106	0.0638273	0.036336	0.0618184	0.0349884	0.0598295	0.0336671	0.0578603	0.0323716	0.0559108	0.0311015	0.0539807	0.0298563	0.0520697	0.0286355	0.0501778	0.0274386	0.0483047	0.0262651	0.0464503	0.0251147	0.0446143	0.0239868	0.0427966	0.022881	0.0409969	0.021797	0.0392152	0.0207342	0.0374512	0.0196923	0.0357047	0.0186708	0.0339756	0.0176695	0.0322638	0.0166878	0.0305689	0.0157254	0.0288909	0.0147819	0.0272297	0.0138569	0.0255849	0.0129502	0.0239565	0.0120612	0.0223443	0.0111898	0.0207482	0.0103355	0.0191679	0.00949807	0.0176034	0.00867709	0.0160544	0.00787227	0.0145209	0.0070833	0.0130026	0.00630987	0.0114994	0.00555167	0.0100111	0.00480841	0.00853772	0.0040798	0.00707896	0.00336554	0.00563471	0.00266536	0.00420483	0.00197899	0.00278918	0.00130615	0.00138762	0.000646569	0	0	0	0	
0	0.483298	0	0.491298	0	0.498283	0	0.504314	0	0.50945	0	0.513747	0	0.517258	0	0.520031	0	0.522115	0	0.523554	0	0.52439	0	0.524663	0	0.524411	0	0.523669	0	0.522472	0	0.520851	0	0.518837	0	0.516458	0	0.513741	0	0.510712	0	0.507394	0	0.50381	0	0.499982	0	0.495931	0	0.491674	0	0.48723	0	0.482616	0	0.477848	0	0.472941	0	0.467908	0	0.462764	0	0.457521	0	0.452191	0	0.446784	0	0.441312	0	0.435783	0	0.430207	0	0.424593	0	0.418948	0	0.41328	0	0.407596	0	0.401903	0	0.396207	0	0.390513	0	0.384827	0	0.379153	0	0.373497	0	0.367863	0	0.362255	0	0.356675	0	0.351129	0	0.345618	0	0.340146	0	0.334716	0	0.32933	0	0.323989	0	0.318697	0	0.313455	0	0.308264	0	0.303127	0	0.298044	0	0.293017	0	0.288047	0	0.283135	0	0.278281	0	0.273487	0	0.268753	0	0.26408	0	0.259467	0	0.254915	0	0.250426	0	0.245997	0	0.241631	0	0.237326	0	0.233084	0	0.228903	0	0.224783	0	0.220725	0	0.216729	0	0.212793	0	0.208917	0	0.205102	0	0.201347	0	0.197651	0	0.194015	0	0.190436	0	0.186916	0	0.183453	0	0.180047	0	0.176698	0	0.173404	0	0.170166	0	0.166982	0	0.163852	0	0.160776	0	0.157752	0	0.15478	0	0.15186	0	0.14899	0	0.146171	0	0.143401	0	0.14068	0	0.138007	0	0.135381	0	0.132803	0	0.13027	0	0.127782	0	0.12534	0	0.122941	0	0.120586	0	0.118274	0	0.116004	0	0.113775	0	0.111587	0	0.109439	0	0.107331	0	0.105262	0	0.103231	0	0.101237	0	0.0992807	0	0.0973606	0	0.0954763	0	0.0936272	0	0.0918126	0	0.0900321	0	0.088285	0	0.0865708	0	0.0848888	0	0.0832386	0	0.0816195	0	0.0800311	0	0.0784728	0	0.0769441	0	0.0754444	0	0.0739732	0	0.0725301	0	0.0711145	0	0.0697259	0	0.0683638	0	0.0670278	0	0.0657174	0	0.0644322	0	0.0631716	0	0.0619352	0	0.0600888	0	0.0582782	0	0.0565028	0	0.0547618	0	0.0530548	0	0.0513809	0	0.0497397	0	0.0481303	0	0.0465524	0	0.0450052	0	0.0434882	0	0.0420008	0	0.0405424	0	0.0391125	0	0.0377106	0	0.036336	0	0.0349884	0	0.0336671	0	0.0323716	0	0.0311015	0	0.0298563	0	0.0286355	0	0.0274386	0	0.0262651	0	0.0251147	0	0.0239868	0	0.022881	0	0.021797	0	0.0207342	0	0.0196923	0	0.0186708	0	0.0176695	0	0.0166878	0	0.0157254	0	0.0147819	0	0.0138569	0	0.0129502	0	0.0120612	0	0.0111898	0	0.0103355	0	0.00949807	0	0.00867709	0	0.00787227	0	0.0070833	0	0.00630987	0	0.00555167	0	0.00480841	0	0.0040798	0	0.00336554	0	0.00266536	0	0.00197899	0	0.00130615	0	0.000646569	0	0	0	0	
0.418841	0.492264	0.414673	0.500148	0.410547	0.507016	0.406462	0.51293	0.402418	0.517949	0.398414	0.522128	0.394449	0.525521	0.390525	0.528176	0.386639	0.530143	0.382792	0.531464	0.378983	0.532182	0.375212	0.532339	0.371478	0.53197	0.367782	0.531113	0.364123	0.5298	0.3605	0.528065	0.356913	0.525937	0.353361	0.523445	0.349845	0.520616	0.346364	0.517476	0.342918	0.514048	0.339506	0.510355	0.336128	0.50642	0.332783	0.502261	0.329472	0.497898	0.326194	0.49335	0.322948	0.488632	0.319734	0.483762	0.316553	0.478753	0.313403	0.473621	0.310285	0.468379	0.307197	0.463038	0.304141	0.457612	0.301115	0.45211	0.298118	0.446544	0.295152	0.440923	0.292215	0.435256	0.289308	0.429552	0.286429	0.423818	0.283579	0.418063	0.280757	0.412294	0.277964	0.406516	0.275198	0.400736	0.27246	0.39496	0.269749	0.389193	0.267065	0.38344	0.264407	0.377706	0.261776	0.371995	0.259172	0.36631	0.256593	0.360656	0.25404	0.355036	0.251512	0.349453	0.249009	0.34391	0.246532	0.33841	0.244079	0.332955	0.24165	0.327547	0.239246	0.322188	0.236865	0.31688	0.234508	0.311626	0.232175	0.306425	0.229865	0.30128	0.227577	0.296192	0.225313	0.291162	0.223071	0.286191	0.220852	0.28128	0.218654	0.276429	0.216478	0.271639	0.214324	0.26691	0.212192	0.262244	0.210081	0.257639	0.20799	0.253098	0.205921	0.248618	0.203872	0.244202	0.201843	0.239848	0.199835	0.235557	0.197846	0.231329	0.195878	0.227163	0.193929	0.223059	0.191999	0.219017	0.190089	0.215037	0.188197	0.211119	0.186325	0.207261	0.184471	0.203464	0.182635	0.199728	0.180818	0.196051	0.179019	0.192433	0.177238	0.188874	0.175474	0.185373	0.173728	0.18193	0.171999	0.178544	0.170288	0.175215	0.168594	0.171941	0.166916	0.168723	0.165255	0.165559	0.163611	0.16245	0.161983	0.159393	0.160371	0.15639	0.158775	0.153438	0.157196	0.150538	0.155631	0.147688	0.154083	0.144889	0.15255	0.142138	0.151032	0.139437	0.149529	0.136783	0.148041	0.134177	0.146568	0.131617	0.14511	0.129104	0.143666	0.126635	0.142236	0.124212	0.140821	0.121832	0.13942	0.119495	0.138033	0.117201	0.136659	0.114949	0.135299	0.112738	0.133953	0.110567	0.13262	0.108437	0.131301	0.106346	0.129994	0.104293	0.128701	0.102279	0.12742	0.100302	0.126152	0.098362	0.124897	0.096458	0.123654	0.0945896	0.122424	0.0927561	0.121206	0.090957	0.12	0.0891918	0.118806	0.0874597	0.117624	0.0857602	0.116453	0.0840929	0.115295	0.082457	0.114147	0.0808521	0.113012	0.0792776	0.111887	0.0777331	0.110774	0.0762178	0.109672	0.0747314	0.10858	0.0732733	0.1075	0.0718431	0.10643	0.0704401	0.105371	0.069064	0.104323	0.0677142	0.103285	0.0663903	0.102257	0.0650917	0.10124	0.0638181	0.0988585	0.0619352	0.0965011	0.0600888	0.094167	0.0582782	0.0918562	0.0565028	0.0895685	0.0547618	0.0873034	0.0530548	0.0850609	0.0513809	0.0828407	0.0497397	0.0806426	0.0481303	0.0784664	0.0465524	0.0763119	0.0450052	0.0741787	0.0434882	0.0720668	0.0420008	0.0699759	0.0405424	0.0679059	0.0391125	0.0658564	0.0377106	0.0638273	0.036336	0.0618184	0.0349884	0.0598295	0.0336671	0.0578603	0.0323716	0.0559108	0.0311015	0.0539807	0.0298563	0.0520697	0.0286355	0.0501778	0.0274386	0.0483047	0.0262651	0.0464503	0.0251147	0.0446143	0.0239868	0.0427966	0.022881	0.0409969	0.021797	0.0392152	0.0207342	0.0374512	0.0196923	0.0357047	0.0186708	0.0339756	0.0176695	0.0322638	0.0166878	0.0305689	0.0157254	0.0288909	0.0147819	0.0272297	0.0138569	0.0255849	0.0129502	0.0239565	0.0120612	0.0223443	0.0111898	0.0207482	0.0103355	0.0191679	0.00949807	0.0176034	0.00867709	0.0160544	0.00787227	0.0145209	0.0070833	0.0130026	0.00630987	0.0114994	0.00555167	0.0100111	0.00480841	0.00853772	0.0040798	0.00707896	0.00336554	0.00563471	0.00266536	0.00420483	0.00197899	0.00278918	0.00130615	0.00138762	0.000646569	0	0	0	0	
0	0.492264	0	0.500148	0	0.507016	0	0.51293	0	0.517949	0	0.522128	0	0.525521	0	0.528176	0	0.530143	0	0.531464	0	0.532182	0	0.532339	0	0.53197	0	0.531113	0	0.5298	0	0.528065	0	0.525937	0	0.523445	0	0.520616	0	0.517476	0	0.514048	0	0.510355	0	0.50642	0	0.502261	0	0.497898	0	0.49335	0	0.488632	0	0.483762	0	0.478753	0	0.473621	0	0.468379	0	0.463038	0	0.457612	0	0.45211	0	0.446544	0	0.440923	0	0.435256	0	0.429552	0	0.423818	0	0.418063	0	0.412294	0	0.406516	0	0.400736	0	0.39496	0	0.389193	0	0.38344	0	0.377706	0	0.371995	0	0.36631	0	0.360656	0	0.355036	0	0.349453	0	0.34391	0	0.33841	0	0.332955	0	0.327547	0	0.322188	0	0.31688	0	0.311626	0	0.306425	0	0.30128	0	0.296192	0	0.291162	0	0.286191	0	0.28128	0	0.276429	0	0.271639	0	0.26691	0	0.262244	0	0.257639	0	0.253098	0	0.248618	0	0.244202	0	0.239848	0	0.235557	0	0.231329	0	0.227163	0	0.223059	0	0.219017	0	0.215037	0	0.211119	0	0.207261	0	0.203464	0	0.199728	0	0.196051	0	0.192433	0	0.188874	0	0.185373	0	0.18193	0	0.178544	0	0.175215	0	0.171941	0	0.168723	0	0.165559	0	0.16245	0	0.159393	0	0.15639	0	0.153438	0	0.150538	0	0.147688	0	0.144889	0	0.142138	0	0.139437	0	0.136783	0	0.134177	0	0.131617	0	0.129104	0	0.126635	0	0.124212	0	0.121832	0	0.119495	0	0.117201	0	0.114949	0	0.112738	0	0.110567	0	0.108437	0	0.106346	0	0.104293	0	0.102279	0	0.100302	0	0.098362	0	0.096458	0	0.0945896	0	0.0927561	0	0.090957	0	0.0891918	0	0.0874597	0	0.0857602	0	0.0840929	0	0.082457	0	0.0808521	0	0.0792776	0	0.0777331	0	0.0762178	0	0.0747314	0	0.0732733	0	0.0718431	0	0.0704401	0	0.069064	0	0.0677142	0	0.0663903	0	0.0650917	0	0.0638181	0	0.0619352	0	0.0600888	0	0.0582782	0	0.0565028	0	0.0547618	0	0.0530548	0	0.0513809	0	0.0497397	0	0.0481303	0	0.0465524	0	0.0450052	0	0.0434882	0	0.0420008	0	0.0405424	0	0.0391125	0	0.0377106	0	0.036336	0	0.0349884	0	0.0336671	0	0.0323716	0	0.0311015	0	0.0298563	0	0.0286355	0	0.0274386	0	0.0262651	0	0.0251147	0	0.0239868	0	0.022881	0	0.021797	0	0.0207342	0	0.0196923	0	0.0186708	0	0.0176695	0	0.0166878	0	0.0157254	0	0.0147819	0	0.0138569	0	0.0129502	0	0.0120612	0	0.0111898	0	0.0103355	0	0.00949807	0	0.00867709	0	0.00787227	0	0.0070833	0	0.00630987	0	0.00555167	0	0.00480841	0	0.0040798	0	0.00336554	0	0.00266536	0	0.00197899	0	0.00130615	0	0.000646569	0	0	0	0	
0.424524	0.501114	0.4203	0.508881	0.416118	0.515632	0.411978	0.521429	0.407879	0.52633	0.40382	0.530391	0.399802	0.533666	0.395824	0.536204	0.391885	0.538052	0.387986	0.539256	0.384126	0.539858	0.380303	0.539898	0.376519	0.539414	0.372773	0.538441	0.369064	0.537014	0.365392	0.535165	0.361756	0.532925	0.358156	0.530321	0.354593	0.527381	0.351064	0.52413	0.347571	0.520593	0.344113	0.516793	0.340689	0.51275	0.337299	0.508485	0.333943	0.504018	0.33062	0.499366	0.32733	0.494546	0.324073	0.489575	0.320849	0.484467	0.317656	0.479236	0.314495	0.473896	0.311366	0.468459	0.308268	0.462938	0.305201	0.457343	0.302164	0.451684	0.299157	0.445972	0.296181	0.440215	0.293234	0.434423	0.290316	0.428602	0.287427	0.422761	0.284567	0.416907	0.281736	0.411045	0.278932	0.405184	0.276157	0.399327	0.273409	0.39348	0.270689	0.387649	0.267995	0.381837	0.265329	0.37605	0.262689	0.370291	0.260075	0.364563	0.257487	0.358871	0.254925	0.353217	0.252388	0.347604	0.249877	0.342035	0.247391	0.336512	0.244929	0.331038	0.242492	0.325614	0.240079	0.320242	0.237691	0.314924	0.235325	0.309661	0.232984	0.304455	0.230666	0.299308	0.228371	0.294219	0.226098	0.28919	0.223848	0.284221	0.221621	0.279315	0.219416	0.27447	0.217233	0.269687	0.215071	0.264968	0.212931	0.260311	0.210813	0.255719	0.208715	0.251189	0.206638	0.246723	0.204582	0.242321	0.202546	0.237983	0.200531	0.233708	0.198536	0.229496	0.19656	0.225348	0.194605	0.221262	0.192668	0.217239	0.190751	0.213278	0.188853	0.209378	0.186974	0.205541	0.185114	0.201764	0.183272	0.198048	0.181448	0.194391	0.179643	0.190794	0.177855	0.187256	0.176085	0.183777	0.174333	0.180355	0.172599	0.17699	0.170881	0.173682	0.169181	0.17043	0.167498	0.167233	0.165831	0.164091	0.164181	0.161002	0.162547	0.157967	0.16093	0.154985	0.159329	0.152055	0.157743	0.149175	0.156174	0.146347	0.15462	0.143568	0.153081	0.140839	0.151558	0.138158	0.15005	0.135525	0.148557	0.132939	0.147079	0.130399	0.145615	0.127905	0.144167	0.125457	0.142732	0.123052	0.141312	0.120692	0.139906	0.118374	0.138514	0.116099	0.137135	0.113866	0.135771	0.111673	0.13442	0.109521	0.133083	0.107409	0.131758	0.105335	0.130447	0.103301	0.129149	0.101304	0.127864	0.0993437	0.126592	0.0974204	0.125332	0.0955331	0.124085	0.0936811	0.122851	0.0918638	0.121628	0.0900807	0.120418	0.0883311	0.11922	0.0866145	0.118034	0.0849303	0.116859	0.083278	0.115696	0.0816569	0.114545	0.0800666	0.113405	0.0785065	0.112277	0.076976	0.11116	0.0754747	0.110054	0.074002	0.108959	0.0725573	0.107875	0.0711403	0.106801	0.0697504	0.105739	0.0683871	0.104686	0.0670499	0.103645	0.0657383	0.10124	0.0638181	0.0988585	0.0619352	0.0965011	0.0600888	0.094167	0.0582782	0.0918562	0.0565028	0.0895685	0.0547618	0.0873034	0.0530548	0.0850609	0.0513809	0.0828407	0.0497397	0.0806426	0.0481303	0.0784664	0.0465524	0.0763119	0.0450052	0.0741787	0.0434882	0.0720668	0.0420008	0.0699759	0.0405424	0.0679059	0.0391125	0.0658564	0.0377106	0.0638273	0.036336	0.0618184	0.0349884	0.0598295	0.0336671	0.0578603	0.0323716	0.0559108	0.0311015	0.0539807	0.0298563	0.0520697	0.0286355	0.0501778	0.0274386	0.0483047	0.0262651	0.0464503	0.0251147	0.0446143	0.0239868	0.0427966	0.022881	0.0409969	0.021797	0.0392152	0.0207342	0.0374512	0.0196923	0.0357047	0.0186708	0.0339756	0.0176695	0.0322638	0.0166878	0.0305689	0.0157254	0.0288909	0.0147819	0.0272297	0.0138569	0.0255849	0.0129502	0.0239565	0.0120612	0.0223443	0.0111898	0.0207482	0.0103355	0.0191679	0.00949807	0.0176034	0.00867709	0.0160544	0.00787227	0.0145209	0.0070833	0.0130026	0.00630987	0.0114994	0.00555167	0.0100111	0.00480841	0.00853772	0.0040798	0.00707896	0.00336554	0.00563471	0.00266536	0.00420483	0.00197899	0.00278918	0.00130615	0.00138762	0.000646569	0	0	0	0	
0	0.501114	0	0.508881	0	0.515632	0	0.521429	0	0.52633	0	0.530391	0	0.533666	0	0.536204	0	0.538052	0	0.539256	0	0.539858	0	0.539898	0	0.539414	0	0.538441	0	0.537014	0	0.535165	0	0.532925	0	0.530321	0	0.527381	0	0.52413	0	0.520593	0	0.516793	0	0.51275	0	0.508485	0	0.504018	0	0.499366	0	0.494546	0	0.489575	0	0.484467	0	0.479236	0	0.473896	0	0.468459	0	0.462938	0	0.457343	0	0.451684	0	0.445972	0	0.440215	0	0.434423	0	0.428602	0	0.422761	0	0.416907	0	0.411045	0	0.405184	0	0.399327	0	0.39348	0	0.387649	0	0.381837	0	0.37605	0	0.370291	0	0.364563	0	0.358871	0	0.353217	0	0.347604	0	0.342035	0	0.336512	0	0.331038	0	0.325614	0	0.320242	0	0.314924	0	0.309661	0	0.304455	0	0.299308	0	0.294219	0	0.28919	0	0.284221	0	0.279315	0	0.27447	0	0.269687	0	0.264968	0	0.260311	0	0.255719	0	0.251189	0	0.246723	0	0.242321	0	0.237983	0	0.233708	0	0.229496	0	0.225348	0	0.221262	0	0.217239	0	0.213278	0	0.209378	0	0.205541	0	0.201764	0	0.198048	0	0.194391	0	0.190794	0	0.187256	0	0.183777	0	0.180355	0	0.17699	0	0.173682	0	0.17043	0	0.167233	0	0.164091	0	0.161002	0	0.157967	0	0.154985	0	0.152055	0	0.149175	0	0.146347	0	0.143568	0	0.140839	0	0.138158	0	0.135525	0	0.132939	0	0.130399	0	0.127905	0	0.125457	0	0.123052	0	0.120692	0	0.118374	0	0.116099	0	0.113866	0	0.111673	0	0.109521	0	0.107409	0	0.105335	0	0.103301	0	0.101304	0	0.0993437	0	0.0974204	0	0.0955331	0	0.0936811	0	0.0918638	0	0.0900807	0	0.0883311	0	0.0866145	0	0.0849303	0	0.083278	0	0.0816569	0	0.0800666	0	0.0785065	0	0.076976	0	0.0754747	0	0.074002	0	0.0725573	0	0.0711403	0	0.0697504	0	0.0683871	0	0.0670499	0	0.0657383	0	0.0638181	0	0.0619352	0	0.0600888	0	0.0582782	0	0.0565028	0	0.0547618	0	0.0530548	0	0.0513809	0	0.0497397	0	0.0481303	0	0.0465524	0	0.0450052	0	0.0434882	0	0.0420008	0	0.0405424	0	0.0391125	0	0.0377106	0	0.036336	0	0.0349884	0	0.0336671	0	0.0323716	0	0.0311015	0	0.0298563	0	0.0286355	0	0.0274386	0	0.0262651	0	0.0251147	0	0.0239868	0	0.022881	0	0.021797	0	0.0207342	0	0.0196923	0	0.0186708	0	0.0176695	0	0.0166878	0	0.0157254	0	0.0147819	0	0.0138569	0	0.0129502	0	0.0120612	0	0.0111898	0	0.0103355	0	0.00949807	0	0.00867709	0	0.00787227	0	0.0070833	0	0.00630987	0	0.00555167	0	0.00480841	0	0.0040798	0	0.00336554	0	0.00266536	0	0.00197899	0	0.00130615	0	0.000646569	0	0	0	0	
0.430151	0.509847	0.425871	0.517497	0.421634	0.524131	0.417439	0.52981	0.413285	0.534593	0.409173	0.538536	0.405101	0.541693	0.401071	0.544114	0.39708	0.545845	0.393129	0.546932	0.389217	0.547417	0.385344	0.547341	0.38151	0.546742	0.377714	0.545655	0.373956	0.544115	0.370235	0.542153	0.366551	0.5398	0.362904	0.537085	0.359293	0.534035	0.355718	0.530676	0.352178	0.527031	0.348674	0.523123	0.345205	0.518975	0.34177	0.514605	0.338369	0.510035	0.335002	0.50528	0.331669	0.500359	0.328369	0.495288	0.325101	0.490081	0.321867	0.484753	0.318664	0.479317	0.315493	0.473785	0.312354	0.46817	0.309246	0.462483	0.306169	0.456733	0.303123	0.450931	0.300106	0.445086	0.29712	0.439206	0.294164	0.4333	0.291237	0.427374	0.288339	0.421436	0.28547	0.415493	0.28263	0.40955	0.279817	0.403614	0.277033	0.397689	0.274277	0.39178	0.271548	0.385893	0.268846	0.380031	0.266171	0.374198	0.263522	0.368398	0.2609	0.362635	0.258304	0.356911	0.255734	0.351229	0.253189	0.345593	0.25067	0.340003	0.248176	0.334463	0.245706	0.328975	0.243262	0.32354	0.240841	0.31816	0.238445	0.312836	0.236072	0.307571	0.233723	0.302364	0.231398	0.297217	0.229095	0.292131	0.226816	0.287107	0.224559	0.282145	0.222324	0.277247	0.220112	0.272411	0.217922	0.26764	0.215754	0.262932	0.213607	0.258289	0.211481	0.253711	0.209377	0.249197	0.207294	0.244747	0.205231	0.240362	0.203189	0.236041	0.201167	0.231785	0.199166	0.227592	0.197184	0.223463	0.195222	0.219398	0.19328	0.215395	0.191356	0.211455	0.189452	0.207577	0.187567	0.203761	0.185701	0.200006	0.183853	0.196311	0.182024	0.192677	0.180213	0.189103	0.178419	0.185587	0.176644	0.18213	0.174887	0.178731	0.173146	0.175389	0.171424	0.172104	0.169718	0.168874	0.168029	0.1657	0.166357	0.16258	0.164702	0.159515	0.163063	0.156502	0.161441	0.153542	0.159834	0.150634	0.158244	0.147777	0.156669	0.14497	0.15511	0.142213	0.153567	0.139506	0.152039	0.136846	0.150526	0.134234	0.149028	0.131669	0.147546	0.129151	0.146078	0.126678	0.144624	0.124249	0.143185	0.121865	0.14176	0.119525	0.14035	0.117227	0.138953	0.114971	0.137571	0.112757	0.136202	0.110584	0.134847	0.108451	0.133505	0.106357	0.132176	0.104302	0.130861	0.102285	0.129559	0.100306	0.12827	0.0983639	0.126994	0.096458	0.12573	0.0945878	0.124479	0.0927527	0.12324	0.0909521	0.122014	0.0891854	0.1208	0.087452	0.119598	0.0857513	0.118408	0.0840828	0.11723	0.0824459	0.116063	0.08084	0.114909	0.0792647	0.113765	0.0777193	0.112633	0.0762033	0.111513	0.0747162	0.110403	0.0732575	0.109304	0.0718267	0.108217	0.0704232	0.10714	0.0690466	0.106074	0.0676964	0.103645	0.0657383	0.10124	0.0638181	0.0988585	0.0619352	0.0965011	0.0600888	0.094167	0.0582782	0.0918562	0.0565028	0.0895685	0.0547618	0.0873034	0.0530548	0.0850609	0.0513809	0.0828407	0.0497397	0.0806426	0.0481303	0.0784664	0.0465524	0.0763119	0.0450052	0.0741787	0.0434882	0.0720668	0.0420008	0.0699759	0.0405424	0.0679059	0.0391125	0.0658564	0.0377106	0.0638273	0.036336	0.0618184	0.0349884	0.0598295	0.0336671	0.0578603	0.0323716	0.0559108	0.0311015	0.0539807	0.0298563	0.0520697	0.0286355	0.0501778	0.0274386	0.0483047	0.0262651	0.0464503	0.0251147	0.0446143	0.0239868	0.0427966	0.022881	0.0409969	0.021797	0.0392152	0.0207342	0.0374512	0.0196923	0.0357047	0.0186708	0.0339756	0.0176695	0.0322638	0.0166878	0.0305689	0.0157254	0.0288909	0.0147819	0.0272297	0.0138569	0.0255849	0.0129502	0.0239565	0.0120612	0.0223443	0.0111898	0.0207482	0.0103355	0.0191679	0.00949807	0.0176034	0.00867709	0.0160544	0.00787227	0.0145209	0.0070833	0.0130026	0.00630987	0.0114994	0.00555167	0.0100111	0.00480841	0.00853772	0.0040798	0.00707896	0.00336554	0.00563471	0.00266536	0.00420483	0.00197899	0.00278918	0.00130615	0.00138762	0.000646569	0	0	0	0	
0	0.509847	0	0.517497	0	0.524131	0	0.52981	0	0.534593	0	0.538536	0	0.541693	0	0.544114	0	0.545845	0	0.546932	0	0.547417	0	0.547341	0	0.546742	0	0.545655	0	0.544115	0	0.542153	0	0.5398	0	0.537085	0	0.534035	0	0.530676	0	0.527031	0	0.523123	0	0.518975	0	0.514605	0	0.510035	0	0.50528	0	0.500359	0	0.495288	0	0.490081	0	0.484753	0	0.479317	0	0.473785	0	0.46817	0	0.462483	0	0.456733	0	0.450931	0	0.445086	0	0.439206	0	0.4333	0	0.427374	0	0.421436	0	0.415493	0	0.40955	0	0.403614	0	0.397689	0	0.39178	0	0.385893	0	0.380031	0	0.374198	0	0.368398	0	0.362635	0	0.356911	0	0.351229	0	0.345593	0	0.340003	0	0.334463	0	0.328975	0	0.32354	0	0.31816	0	0.312836	0	0.307571	0	0.302364	0	0.297217	0	0.292131	0	0.287107	0	0.282145	0	0.277247	0	0.272411	0	0.26764	0	0.262932	0	0.258289	0	0.253711	0	0.249197	0	0.244747	0	0.240362	0	0.236041	0	0.231785	0	0.227592	0	0.223463	0	0.219398	0	0.215395	0	0.211455	0	0.207577	0	0.203761	0	0.200006	0	0.196311	0	0.192677	0	0.189103	0	0.185587	0	0.18213	0	0.178731	0	0.175389	0	0.172104	0	0.168874	0	0.1657	0	0.16258	0	0.159515	0	0.156502	0	0.153542	0	0.150634	0	0.147777	0	0.14497	0	0.142213	0	0.139506	0	0.136846	0	0.134234	0	0.131669	0	0.129151	0	0.126678	0	0.124249	0	0.121865	0	0.119525	0	0.117227	0	0.114971	0	0.112757	0	0.110584	0	0.108451	0	0.106357	0	0.104302	0	0.102285	0	0.100306	0	0.0983639	0	0.096458	0	0.0945878	0	0.0927527	0	0.0909521	0	0.0891854	0	0.087452	0	0.0857513	0	0.0840828	0	0.0824459	0	0.08084	0	0.0792647	0	0.0777193	0	0.0762033	0	0.0747162	0	0.0732575	0	0.0718267	0	0.0704232	0	0.0690466	0	0.0676964	0	0.0657383	0	0.0638181	0	0.0619352	0	0.0600888	0	0.0582782	0	0.0565028	0	0.0547618	0	0.0530548	0	0.0513809	0	0.0497397	0	0.0481303	0	0.0465524	0	0.0450052	0	0.0434882	0	0.0420008	0	0.0405424	0	0.0391125	0	0.0377106	0	0.036336	0	0.0349884	0	0.0336671	0	0.0323716	0	0.0311015	0	0.0298563	0	0.0286355	0	0.0274386	0	0.0262651	0	0.0251147	0	0.0239868	0	0.022881	0	0.021797	0	0.0207342	0	0.0196923	0	0.0186708	0	0.0176695	0	0.0166878	0	0.0157254	0	0.0147819	0	0.0138569	0	0.0129502	0	0.0120612	0	0.0111898	0	0.0103355	0	0.00949807	0	0.00867709	0	0.00787227	0	0.0070833	0	0.00630987	0	0.00555167	0	0.00480841	0	0.0040798	0	0.00336554	0	0.00266536	0	0.00197899	0	0.00130615	0	0.000646569	0	0	0	0	
0.435723	0.518463	0.431387	0.525996	0.427095	0.532512	0.422845	0.538073	0.418638	0.542738	0.414472	0.546564	0.410348	0.549603	0.406265	0.551906	0.402223	0.553521	0.39822	0.554491	0.394258	0.554861	0.390335	0.55467	0.386451	0.553956	0.382606	0.552755	0.378799	0.551102	0.37503	0.549028	0.371298	0.546564	0.367604	0.543739	0.363946	0.54058	0.360325	0.537113	0.356739	0.533361	0.35319	0.529348	0.349676	0.525094	0.346196	0.520622	0.342751	0.515949	0.339341	0.511093	0.335965	0.506072	0.332622	0.500902	0.329312	0.495598	0.326035	0.490174	0.322791	0.484643	0.319579	0.479018	0.3164	0.47331	0.313251	0.467532	0.310134	0.461693	0.307048	0.455802	0.303993	0.44987	0.300969	0.443904	0.297974	0.437913	0.295009	0.431904	0.292074	0.425884	0.289167	0.419859	0.28629	0.413837	0.283441	0.407822	0.280621	0.40182	0.277829	0.395836	0.275065	0.389874	0.272328	0.383938	0.269618	0.378033	0.266935	0.372162	0.264279	0.366329	0.261649	0.360536	0.259046	0.354787	0.256468	0.349084	0.253917	0.343429	0.25139	0.337825	0.248889	0.332273	0.246412	0.326776	0.24396	0.321335	0.241533	0.315952	0.23913	0.310627	0.23675	0.305362	0.234395	0.300159	0.232062	0.295017	0.229753	0.289938	0.227467	0.284922	0.225204	0.279971	0.222963	0.275083	0.220744	0.270261	0.218548	0.265503	0.216373	0.260811	0.21422	0.256184	0.212089	0.251623	0.209979	0.247127	0.207889	0.242696	0.205821	0.23833	0.203773	0.234029	0.201745	0.229793	0.199738	0.225622	0.19775	0.221515	0.195783	0.217471	0.193835	0.213491	0.191906	0.209574	0.189997	0.205719	0.188106	0.201926	0.186234	0.198194	0.184381	0.194524	0.182547	0.190913	0.18073	0.187363	0.178932	0.183871	0.177152	0.180438	0.175389	0.177063	0.173644	0.173745	0.171916	0.170484	0.170205	0.167278	0.168512	0.164128	0.166835	0.161032	0.165175	0.157989	0.163532	0.155	0.161904	0.152064	0.160293	0.149179	0.158698	0.146345	0.157119	0.143561	0.155556	0.140827	0.154008	0.138142	0.152476	0.135504	0.150959	0.132915	0.149457	0.130372	0.147969	0.127874	0.146497	0.125423	0.145039	0.123016	0.143596	0.120653	0.142167	0.118333	0.140753	0.116055	0.139352	0.11382	0.137966	0.111626	0.136593	0.109472	0.135234	0.107358	0.133888	0.105284	0.132556	0.103248	0.131237	0.10125	0.129931	0.0992888	0.128638	0.0973648	0.127358	0.0954767	0.126091	0.0936241	0.124837	0.0918064	0.123594	0.0900228	0.122365	0.088273	0.121147	0.0865561	0.119942	0.0848718	0.118748	0.0832193	0.117567	0.0815982	0.116397	0.0800079	0.115239	0.0784479	0.114092	0.0769176	0.112957	0.0754164	0.111833	0.0739439	0.11072	0.0724995	0.109618	0.0710828	0.108528	0.0696932	0.106074	0.0676964	0.103645	0.0657383	0.10124	0.0638181	0.0988585	0.0619352	0.0965011	0.0600888	0.094167	0.0582782	0.0918562	0.0565028	0.0895685	0.0547618	0.0873034	0.0530548	0.0850609	0.0513809	0.0828407	0.0497397	0.0806426	0.0481303	0.0784664	0.0465524	0.0763119	0.0450052	0.0741787	0.0434882	0.0720668	0.0420008	0.0699759	0.0405424	0.0679059	0.0391125	0.0658564	0.0377106	0.0638273	0.036336	0.0618184	0.0349884	0.0598295	0.0336671	0.0578603	0.0323716	0.0559108	0.0311015	0.0539807	0.0298563	0.0520697	0.0286355	0.0501778	0.0274386	0.0483047	0.0262651	0.0464503	0.0251147	0.0446143	0.0239868	0.0427966	0.022881	0.0409969	0.021797	0.0392152	0.0207342	0.0374512	0.0196923	0.0357047	0.0186708	0.0339756	0.0176695	0.0322638	0.0166878	0.0305689	0.0157254	0.0288909	0.0147819	0.0272297	0.0138569	0.0255849	0.0129502	0.0239565	0.0120612	0.0223443	0.0111898	0.0207482	0.0103355	0.0191679	0.00949807	0.0176034	0.00867709	0.0160544	0.00787227	0.0145209	0.0070833	0.0130026	0.00630987	0.0114994	0.00555167	0.0100111	0.00480841	0.00853772	0.0040798	0.00707896	0.00336554	0.00563471	0.00266536	0.00420483	0.00197899	0.00278918	0.00130615	0.00138762	0.000646569	0	0	0	0	
0	0.518463	0	0.525996	0	0.532512	0	0.538073	0	0.542738	0	0.546564	0	0.549603	0	0.551906	0	0.553521	0	0.554491	0	0.554861	0	0.55467	0	0.553956	0	0.552755	0	0.551102	0	0.549028	0	0.546564	0	0.543739	0	0.54058	0	0.537113	0	0.533361	0	0.529348	0	0.525094	0	0.520622	0	0.515949	0	0.511093	0	0.506072	0	0.500902	0	0.495598	0	0.490174	0	0.484643	0	0.479018	0	0.47331	0	0.467532	0	0.461693	0	0.455802	0	0.44987	0	0.443904	0	0.437913	0	0.431904	0	0.425884	0	0.419859	0	0.413837	0	0.407822	0	0.40182	0	0.395836	0	0.389874	0	0.383938	0	0.378033	0	0.372162	0	0.366329	0	0.360536	0	0.354787	0	0.349084	0	0.343429	0	0.337825	0	0.332273	0	0.326776	0	0.321335	0	0.315952	0	0.310627	0	0.305362	0	0.300159	0	0.295017	0	0.289938	0	0.284922	0	0.279971	0	0.275083	0	0.270261	0	0.265503	0	0.260811	0	0.256184	0	0.251623	0	0.247127	0	0.242696	0	0.23833	0	0.234029	0	0.229793	0	0.225622	0	0.221515	0	0.217471	0	0.213491	0	0.209574	0	0.205719	0	0.201926	0	0.198194	0	0.194524	0	0.190913	0	0.187363	0	0.183871	0	0.180438	0	0.177063	0	0.173745	0	0.170484	0	0.167278	0	0.164128	0	0.161032	0	0.157989	0	0.155	0	0.152064	0	0.149179	0	0.146345	0	0.143561	0	0.140827	0	0.138142	0	0.135504	0	0.132915	0	0.130372	0	0.127874	0	0.125423	0	0.123016	0	0.120653	0	0.118333	0	0.116055	0	0.11382	0	0.111626	0	0.109472	0	0.107358	0	0.105284	0	0.103248	0	0.10125	0	0.0992888	0	0.0973648	0	0.0954767	0	0.0936241	0	0.0918064	0	0.0900228	0	0.088273	0	0.0865561	0	0.0848718	0	0.0832193	0	0.0815982	0	0.0800079	0	0.0784479	0	0.0769176	0	0.0754164	0	0.0739439	0	0.0724995	0	0.0710828	0	0.0696932	0	0.0676964	0	0.0657383	0	0.0638181	0	0.0619352	0	0.0600888	0	0.0582782	0	0.0565028	0	0.0547618	0	0.0530548	0	0.0513809	0	0.0497397	0	0.0481303	0	0.0465524	0	0.0450052	0	0.0434882	0	0.0420008	0	0.0405424	0	0.0391125	0	0.0377106	0	0.036336	0	0.0349884	0	0.0336671	0	0.0323716	0	0.0311015	0	0.0298563	0	0.0286355	0	0.0274386	0	0.0262651	0	0.0251147	0	0.0239868	0	0.022881	0	0.021797	0	0.0207342	0	0.0196923	0	0.0186708	0	0.0176695	0	0.0166878	0	0.0157254	0	0.0147819	0	0.0138569	0	0.0129502	0	0.0120612	0	0.0111898	0	0.0103355	0	0.00949807	0	0.00867709	0	0.00787227	0	0.0070833	0	0.00630987	0	0.00555167	0	0.00480841	0	0.0040798	0	0.00336554	0	0.00266536	0	0.00197899	0	0.00130615	0	0.000646569	0	0	0	0	
0.441238	0.526962	0.436848	0.534377	0.432501	0.540775	0.428198	0.546218	0.423937	0.550765	0.419719	0.554474	0.415542	0.557396	0.411408	0.559582	0.407314	0.56108	0.403261	0.561935	0.399249	0.562189	0.395276	0.561884	0.391343	0.561056	0.387449	0.559743	0.383594	0.557977	0.379777	0.555793	0.375998	0.553219	0.372257	0.550285	0.368553	0.547018	0.364886	0.543443	0.361255	0.539585	0.357661	0.535467	0.354102	0.531111	0.350579	0.526536	0.34709	0.521762	0.343637	0.516806	0.340217	0.511687	0.336832	0.506419	0.333481	0.501019	0.330162	0.4955	0.326877	0.489875	0.323625	0.484158	0.320405	0.47836	0.317217	0.472491	0.31406	0.466563	0.310935	0.460586	0.307841	0.454567	0.304778	0.448517	0.301746	0.442442	0.298743	0.436351	0.295771	0.43025	0.292828	0.424146	0.289914	0.418046	0.287029	0.411954	0.284173	0.405876	0.281346	0.399816	0.278546	0.393781	0.275775	0.387773	0.273031	0.381797	0.270314	0.375856	0.267624	0.369954	0.264962	0.364094	0.262325	0.358278	0.259715	0.352509	0.257131	0.34679	0.254572	0.341123	0.252039	0.335509	0.249531	0.329951	0.247049	0.32445	0.24459	0.319008	0.242157	0.313625	0.239747	0.308304	0.237362	0.303044	0.235	0.297848	0.232662	0.292715	0.230347	0.287646	0.228055	0.282643	0.225785	0.277704	0.223539	0.272832	0.221315	0.268025	0.219112	0.263284	0.216932	0.25861	0.214774	0.254002	0.212637	0.24946	0.210521	0.244984	0.208426	0.240575	0.206352	0.236231	0.204299	0.231952	0.202266	0.227739	0.200254	0.223591	0.198261	0.219507	0.196288	0.215488	0.194335	0.211532	0.192402	0.207639	0.190487	0.203809	0.188592	0.200041	0.186715	0.196334	0.184857	0.192689	0.183018	0.189104	0.181197	0.185578	0.179394	0.182112	0.177609	0.178704	0.175842	0.175354	0.174092	0.172062	0.17236	0.168825	0.170645	0.165645	0.168947	0.162519	0.167266	0.159448	0.165602	0.15643	0.163954	0.153466	0.162322	0.150553	0.160707	0.147692	0.159108	0.144882	0.157525	0.142122	0.155958	0.139412	0.154406	0.13675	0.15287	0.134135	0.151348	0.131568	0.149843	0.129048	0.148352	0.126573	0.146875	0.124144	0.145414	0.121758	0.143967	0.119417	0.142535	0.117118	0.141116	0.114862	0.139712	0.112647	0.138322	0.110473	0.136946	0.10834	0.135583	0.106246	0.134234	0.104191	0.132898	0.102175	0.131576	0.100196	0.130267	0.0982537	0.128971	0.0963482	0.127687	0.0944784	0.126417	0.0926438	0.125159	0.0908438	0.123914	0.0890778	0.122681	0.0873451	0.12146	0.0856452	0.120251	0.0839775	0.119055	0.0823415	0.11787	0.0807366	0.116697	0.0791622	0.115536	0.0776177	0.114387	0.0761028	0.113249	0.0746167	0.112122	0.0731591	0.111006	0.0717294	0.108528	0.0696932	0.106074	0.0676964	0.103645	0.0657383	0.10124	0.0638181	0.0988585	0.0619352	0.0965011	0.0600888	0.094167	0.0582782	0.0918562	0.0565028	0.0895685	0.0547618	0.0873034	0.0530548	0.0850609	0.0513809	0.0828407	0.0497397	0.0806426	0.0481303	0.0784664	0.0465524	0.0763119	0.0450052	0.0741787	0.0434882	0.0720668	0.0420008	0.0699759	0.0405424	0.0679059	0.0391125	0.0658564	0.0377106	0.0638273	0.036336	0.0618184	0.0349884	0.0598295	0.0336671	0.0578603	0.0323716	0.0559108	0.0311015	0.0539807	0.0298563	0.0520697	0.0286355	0.0501778	0.0274386	0.0483047	0.0262651	0.0464503	0.0251147	0.0446143	0.0239868	0.0427966	0.022881	0.0409969	0.021797	0.0392152	0.0207342	0.0374512	0.0196923	0.0357047	0.0186708	0.0339756	0.0176695	0.0322638	0.0166878	0.0305689	0.0157254	0.0288909	0.0147819	0.0272297	0.0138569	0.0255849	0.0129502	0.0239565	0.0120612	0.0223443	0.0111898	0.0207482	0.0103355	0.0191679	0.00949807	0.0176034	0.00867709	0.0160544	0.00787227	0.0145209	0.0070833	0.0130026	0.00630987	0.0114994	0.00555167	0.0100111	0.00480841	0.00853772	0.0040798	0.00707896	0.00336554	0.00563471	0.00266536	0.00420483	0.00197899	0.00278918	0.00130615	0.00138762	0.000646569	0	0	0	0	
0	0.526962	0	0.534377	0	0.540775	0	0.546218	0	0.550765	0	0.554474	0	0.557396	0	0.559582	0	0.56108	0	0.561935	0	0.562189	0	0.561884	0	0.561056	0	0.559743	0	0.557977	0	0.555793	0	0.553219	0	0.550285	0	0.547018	0	0.543443	0	0.539585	0	0.535467	0	0.531111	0	0.526536	0	0.521762	0	0.516806	0	0.511687	0	0.506419	0	0.501019	0	0.4955	0	0.489875	0	0.484158	0	0.47836	0	0.472491	0	0.466563	0	0.460586	0	0.454567	0	0.448517	0	0.442442	0	0.436351	0	0.43025	0	0.424146	0	0.418046	0	0.411954	0	0.405876	0	0.399816	0	0.393781	0	0.387773	0	0.381797	0	0.375856	0	0.369954	0	0.364094	0	0.358278	0	0.352509	0	0.34679	0	0.341123	0	0.335509	0	0.329951	0	0.32445	0	0.319008	0	0.313625	0	0.308304	0	0.303044	0	0.297848	0	0.292715	0	0.287646	0	0.282643	0	0.277704	0	0.272832	0	0.268025	0	0.263284	0	0.25861	0	0.254002	0	0.24946	0	0.244984	0	0.240575	0	0.236231	0	0.231952	0	0.227739	0	0.223591	0	0.219507	0	0.215488	0	0.211532	0	0.207639	0	0.203809	0	0.200041	0	0.196334	0	0.192689	0	0.189104	0	0.185578	0	0.182112	0	0.178704	0	0.175354	0	0.172062	0	0.168825	0	0.165645	0	0.162519	0	0.159448	0	0.15643	0	0.153466	0	0.150553	0	0.147692	0	0.144882	0	0.142122	0	0.139412	0	0.13675	0	0.134135	0	0.131568	0	0.129048	0	0.126573	0	0.124144	0	0.121758	0	0.119417	0	0.117118	0	0.114862	0	0.112647	0	0.110473	0	0.10834	0	0.106246	0	0.104191	0	0.102175	0	0.100196	0	0.0982537	0	0.0963482	0	0.0944784	0	0.0926438	0	0.0908438	0	0.0890778	0	0.0873451	0	0.0856452	0	0.0839775	0	0.0823415	0	0.0807366	0	0.0791622	0	0.0776177	0	0.0761028	0	0.0746167	0	0.0731591	0	0.0717294	0	0.0696932	0	0.0676964	0	0.0657383	0	0.0638181	0	0.0619352	0	0.0600888	0	0.0582782	0	0.0565028	0	0.0547618	0	0.0530548	0	0.0513809	0	0.0497397	0	0.0481303	0	0.0465524	0	0.0450052	0	0.0434882	0	0.0420008	0	0.0405424	0	0.0391125	0	0.0377106	0	0.036336	0	0.0349884	0	0.0336671	0	0.0323716	0	0.0311015	0	0.0298563	0	0.0286355	0	0.0274386	0	0.0262651	0	0.0251147	0	0.0239868	0	0.022881	0	0.021797	0	0.0207342	0	0.0196923	0	0.0186708	0	0.0176695	0	0.0166878	0	0.0157254	0	0.0147819	0	0.0138569	0	0.0129502	0	0.0120612	0	0.0111898	0	0.0103355	0	0.00949807	0	0.00867709	0	0.00787227	0	0.0070833	0	0.00630987	0	0.00555167	0	0.00480841	0	0.0040798	0	0.00336554	0	0.00266536	0	0.00197899	0	0.00130615	0	0.000646569	0	0	0	0	
0.446699	0.535343	0.442254	0.54264	0.437854	0.54892	0.433497	0.554245	0.429184	0.558675	0.424913	0.562266	0.420685	0.565071	0.416499	0.567141	0.412355	0.568524	0.408252	0.569263	0.40419	0.569403	0.400168	0.568984	0.396186	0.568043	0.392244	0.566618	0.388341	0.564742	0.384477	0.562447	0.380652	0.559764	0.376864	0.556722	0.373114	0.553348	0.369402	0.549668	0.365726	0.545705	0.362087	0.541484	0.358484	0.537025	0.354917	0.532349	0.351386	0.527475	0.34789	0.522421	0.344428	0.517204	0.341001	0.51184	0.337608	0.506345	0.334249	0.500732	0.330923	0.495015	0.32763	0.489207	0.32437	0.483319	0.321142	0.477362	0.317947	0.471347	0.314783	0.465283	0.311651	0.45918	0.30855	0.453046	0.30548	0.44689	0.302441	0.440717	0.299431	0.434537	0.296452	0.428355	0.293502	0.422177	0.290582	0.416009	0.28769	0.409856	0.284828	0.403724	0.281994	0.397616	0.279188	0.391537	0.27641	0.385491	0.27366	0.379481	0.270937	0.373512	0.268241	0.367585	0.265572	0.361704	0.262929	0.355871	0.260313	0.350088	0.257723	0.344359	0.255158	0.338684	0.25262	0.333066	0.250106	0.327507	0.247617	0.322006	0.245154	0.316567	0.242714	0.31119	0.240299	0.305875	0.237908	0.300625	0.235541	0.295439	0.233197	0.290318	0.230877	0.285264	0.22858	0.280275	0.226305	0.275353	0.224054	0.270498	0.221824	0.26571	0.219617	0.260989	0.217432	0.256335	0.215268	0.251749	0.213126	0.247229	0.211006	0.242776	0.208906	0.23839	0.206827	0.23407	0.204769	0.229816	0.202732	0.225627	0.200715	0.221504	0.198718	0.217446	0.19674	0.213452	0.194783	0.209522	0.192845	0.205655	0.190926	0.201851	0.189026	0.19811	0.187145	0.19443	0.185283	0.190811	0.183439	0.187252	0.181614	0.183753	0.179807	0.180314	0.178018	0.176932	0.176247	0.173609	0.174493	0.170342	0.172757	0.167132	0.171038	0.163977	0.169336	0.160878	0.167651	0.157832	0.165983	0.15484	0.164331	0.151901	0.162696	0.149014	0.161077	0.146178	0.159475	0.143392	0.157888	0.140657	0.156317	0.13797	0.154761	0.135332	0.153222	0.132742	0.151697	0.130198	0.150188	0.127701	0.148693	0.125249	0.147214	0.122842	0.145749	0.12048	0.144299	0.11816	0.142863	0.115883	0.141441	0.113649	0.140034	0.111455	0.138641	0.109302	0.137261	0.10719	0.135895	0.105116	0.134543	0.103081	0.133204	0.101085	0.131879	0.0991251	0.130567	0.0972024	0.129268	0.0953159	0.127981	0.0934648	0.126708	0.0916487	0.125447	0.0898668	0.124199	0.0881185	0.122963	0.0864034	0.12174	0.0847208	0.120528	0.0830701	0.119329	0.0814508	0.118142	0.0798623	0.116966	0.0783041	0.115802	0.0767756	0.11465	0.0752763	0.113509	0.0738057	0.111006	0.0717294	0.108528	0.0696932	0.106074	0.0676964	0.103645	0.0657383	0.10124	0.0638181	0.0988585	0.0619352	0.0965011	0.0600888	0.094167	0.0582782	0.0918562	0.0565028	0.0895685	0.0547618	0.0873034	0.0530548	0.0850609	0.0513809	0.0828407	0.0497397	0.0806426	0.0481303	0.0784664	0.0465524	0.0763119	0.0450052	0.0741787	0.0434882	0.0720668	0.0420008	0.0699759	0.0405424	0.0679059	0.0391125	0.0658564	0.0377106	0.0638273	0.036336	0.0618184	0.0349884	0.0598295	0.0336671	0.0578603	0.0323716	0.0559108	0.0311015	0.0539807	0.0298563	0.0520697	0.0286355	0.0501778	0.0274386	0.0483047	0.0262651	0.0464503	0.0251147	0.0446143	0.0239868	0.0427966	0.022881	0.0409969	0.021797	0.0392152	0.0207342	0.0374512	0.0196923	0.0357047	0.0186708	0.0339756	0.0176695	0.0322638	0.0166878	0.0305689	0.0157254	0.0288909	0.0147819	0.0272297	0.0138569	0.0255849	0.0129502	0.0239565	0.0120612	0.0223443	0.0111898	0.0207482	0.0103355	0.0191679	0.00949807	0.0176034	0.00867709	0.0160544	0.00787227	0.0145209	0.0070833	0.0130026	0.00630987	0.0114994	0.00555167	0.0100111	0.00480841	0.00853772	0.0040798	0.00707896	0.00336554	0.00563471	0.00266536	0.00420483	0.00197899	0.00278918	0.00130615	0.00138762	0.000646569	0	0	0	0	
0	0.535343	0	0.54264	0	0.54892	0	0.554245	0	0.558675	0	0.562266	0	0.565071	0	0.567141	0	0.568524	0	0.569263	0	0.569403	0	0.568984	0	0.568043	0	0.566618	0	0.564742	0	0.562447	0	0.559764	0	0.556722	0	0.553348	0	0.549668	0	0.545705	0	0.541484	0	0.537025	0	0.532349	0	0.527475	0	0.522421	0	0.517204	0	0.51184	0	0.506345	0	0.500732	0	0.495015	0	0.489207	0	0.483319	0	0.477362	0	0.471347	0	0.465283	0	0.45918	0	0.453046	0	0.44689	0	0.440717	0	0.434537	0	0.428355	0	0.422177	0	0.416009	0	0.409856	0	0.403724	0	0.397616	0	0.391537	0	0.385491	0	0.379481	0	0.373512	0	0.367585	0	0.361704	0	0.355871	0	0.350088	0	0.344359	0	0.338684	0	0.333066	0	0.327507	0	0.322006	0	0.316567	0	0.31119	0	0.305875	0	0.300625	0	0.295439	0	0.290318	0	0.285264	0	0.280275	0	0.275353	0	0.270498	0	0.26571	0	0.260989	0	0.256335	0	0.251749	0	0.247229	0	0.242776	0	0.23839	0	0.23407	0	0.229816	0	0.225627	0	0.221504	0	0.217446	0	0.213452	0	0.209522	0	0.205655	0	0.201851	0	0.19811	0	0.19443	0	0.190811	0	0.187252	0	0.183753	0	0.180314	0	0.176932	0	0.173609	0	0.170342	0	0.167132	0	0.163977	0	0.160878	0	0.157832	0	0.15484	0	0.151901	0	0.149014	0	0.146178	0	0.143392	0	0.140657	0	0.13797	0	0.135332	0	0.132742	0	0.130198	0	0.127701	0	0.125249	0	0.122842	0	0.12048	0	0.11816	0	0.115883	0	0.113649	0	0.111455	0	0.109302	0	0.10719	0	0.105116	0	0.103081	0	0.101085	0	0.0991251	0	0.0972024	0	0.0953159	0	0.0934648	0	0.0916487	0	0.0898668	0	0.0881185	0	0.0864034	0	0.0847208	0	0.0830701	0	0.0814508	0	0.0798623	0	0.0783041	0	0.0767756	0	0.0752763	0	0.0738057	0	0.0717294	0	0.0696932	0	0.0676964	0	0.0657383	0	0.0638181	0	0.0619352	0	0.0600888	0	0.0582782	0	0.0565028	0	0.0547618	0	0.0530548	0	0.0513809	0	0.0497397	0	0.0481303	0	0.0465524	0	0.0450052	0	0.0434882	0	0.0420008	0	0.0405424	0	0.0391125	0	0.0377106	0	0.036336	0	0.0349884	0	0.0336671	0	0.0323716	0	0.0311015	0	0.0298563	0	0.0286355	0	0.0274386	0	0.0262651	0	0.0251147	0	0.0239868	0	0.022881	0	0.021797	0	0.0207342	0	0.0196923	0	0.0186708	0	0.0176695	0	0.0166878	0	0.0157254	0	0.0147819	0	0.0138569	0	0.0129502	0	0.0120612	0	0.0111898	0	0.0103355	0	0.00949807	0	0.00867709	0	0.00787227	0	0.0070833	0	0.00630987	0	0.00555167	0	0.00480841	0	0.0040798	0	0.00336554	0	0.00266536	0	0.00197899	0	0.00130615	0	0.000646569	0	0	0	0	
0.452105	0.543606	0.447607	0.550785	0.443153	0.556947	0.438744	0.562155	0.434378	0.566468	0.430056	0.569942	0.425777	0.572631	0.42154	0.574585	0.417346	0.575852	0.413193	0.576477	0.409082	0.576504	0.405011	0.575971	0.400982	0.574919	0.396992	0.573382	0.393042	0.571396	0.389131	0.568992	0.385259	0.566201	0.381425	0.563052	0.37763	0.559572	0.373873	0.555787	0.370153	0.551722	0.36647	0.547398	0.362823	0.542838	0.359213	0.538062	0.355639	0.533089	0.3521	0.527938	0.348597	0.522625	0.345128	0.517166	0.341694	0.511577	0.338294	0.505872	0.334928	0.500064	0.331595	0.494166	0.328296	0.48819	0.325029	0.482146	0.321795	0.476044	0.318593	0.469896	0.315423	0.46371	0.312285	0.457494	0.309177	0.451256	0.306101	0.445004	0.303055	0.438746	0.30004	0.432486	0.297054	0.426232	0.294099	0.41999	0.291172	0.413764	0.288275	0.407559	0.285407	0.40138	0.282567	0.395231	0.279755	0.389116	0.276972	0.383039	0.274216	0.377003	0.271487	0.37101	0.268786	0.365065	0.266111	0.359169	0.263464	0.353325	0.260842	0.347534	0.258247	0.3418	0.255677	0.336123	0.253133	0.330505	0.250614	0.324948	0.248121	0.319453	0.245652	0.31402	0.243208	0.308652	0.240788	0.303349	0.238392	0.298111	0.23602	0.292939	0.233671	0.287835	0.231346	0.282797	0.229044	0.277827	0.226765	0.272924	0.224509	0.26809	0.222275	0.263323	0.220063	0.258624	0.217874	0.253993	0.215706	0.24943	0.213559	0.244935	0.211435	0.240507	0.209331	0.236146	0.207248	0.231852	0.205186	0.227624	0.203144	0.223462	0.201123	0.219366	0.199122	0.215335	0.19714	0.211368	0.195179	0.207466	0.193237	0.203627	0.191314	0.199851	0.18941	0.196137	0.187526	0.192485	0.18566	0.188894	0.183812	0.185363	0.181983	0.181892	0.180173	0.17848	0.17838	0.175126	0.176605	0.17183	0.174848	0.16859	0.173108	0.165407	0.171385	0.16228	0.16968	0.159207	0.167992	0.156188	0.16632	0.153222	0.164665	0.150309	0.163027	0.147448	0.161405	0.144638	0.159799	0.141878	0.158209	0.139167	0.156635	0.136506	0.155076	0.133892	0.153533	0.131326	0.152005	0.128807	0.150493	0.126333	0.148995	0.123905	0.147513	0.121521	0.146045	0.119182	0.144592	0.116885	0.143153	0.11463	0.141729	0.112418	0.140319	0.110246	0.138922	0.108114	0.13754	0.106023	0.136172	0.10397	0.134817	0.101956	0.133475	0.0999794	0.132147	0.0980399	0.130832	0.0961369	0.12953	0.0942696	0.128242	0.0924376	0.126965	0.0906402	0.125702	0.0888767	0.124451	0.0871467	0.123213	0.0854494	0.121987	0.0837844	0.120773	0.082151	0.119572	0.0805487	0.118382	0.078977	0.117204	0.0774352	0.116038	0.0759229	0.113509	0.0738057	0.111006	0.0717294	0.108528	0.0696932	0.106074	0.0676964	0.103645	0.0657383	0.10124	0.0638181	0.0988585	0.0619352	0.0965011	0.0600888	0.094167	0.0582782	0.0918562	0.0565028	0.0895685	0.0547618	0.0873034	0.0530548	0.0850609	0.0513809	0.0828407	0.0497397	0.0806426	0.0481303	0.0784664	0.0465524	0.0763119	0.0450052	0.0741787	0.0434882	0.0720668	0.0420008	0.0699759	0.0405424	0.0679059	0.0391125	0.0658564	0.0377106	0.0638273	0.036336	0.0618184	0.0349884	0.0598295	0.0336671	0.0578603	0.0323716	0.0559108	0.0311015	0.0539807	0.0298563	0.0520697	0.0286355	0.0501778	0.0274386	0.0483047	0.0262651	0.0464503	0.0251147	0.0446143	0.0239868	0.0427966	0.022881	0.0409969	0.021797	0.0392152	0.0207342	0.0374512	0.0196923	0.0357047	0.0186708	0.0339756	0.0176695	0.0322638	0.0166878	0.0305689	0.0157254	0.0288909	0.0147819	0.0272297	0.0138569	0.0255849	0.0129502	0.0239565	0.0120612	0.0223443	0.0111898	0.0207482	0.0103355	0.0191679	0.00949807	0.0176034	0.00867709	0.0160544	0.00787227	0.0145209	0.0070833	0.0130026	0.00630987	0.0114994	0.00555167	0.0100111	0.00480841	0.00853772	0.0040798	0.00707896	0.00336554	0.00563471	0.00266536	0.00420483	0.00197899	0.00278918	0.00130615	0.00138762	0.000646569	0	0	0	0	
0	0.543606	0	0.550785	0	0.556947	0	0.562155	0	0.566468	0	0.569942	0	0.572631	0	0.574585	0	0.575852	0	0.576477	0	0.576504	0	0.575971	0	0.574919	0	0.573382	0	0.571396	0	0.568992	0	0.566201	0	0.563052	0	0.559572	0	0.555787	0	0.551722	0	0.547398	0	0.542838	0	0.538062	0	0.533089	0	0.527938	0	0.522625	0	0.517166	0	0.511577	0	0.505872	0	0.500064	0	0.494166	0	0.48819	0	0.482146	0	0.476044	0	0.469896	0	0.46371	0	0.457494	0	0.451256	0	0.445004	0	0.438746	0	0.432486	0	0.426232	0	0.41999	0	0.413764	0	0.407559	0	0.40138	0	0.395231	0	0.389116	0	0.383039	0	0.377003	0	0.37101	0	0.365065	0	0.359169	0	0.353325	0	0.347534	0	0.3418	0	0.336123	0	0.330505	0	0.324948	0	0.319453	0	0.31402	0	0.308652	0	0.303349	0	0.298111	0	0.292939	0	0.287835	0	0.282797	0	0.277827	0	0.272924	0	0.26809	0	0.263323	0	0.258624	0	0.253993	0	0.24943	0	0.244935	0	0.240507	0	0.236146	0	0.231852	0	0.227624	0	0.223462	0	0.219366	0	0.215335	0	0.211368	0	0.207466	0	0.203627	0	0.199851	0	0.196137	0	0.192485	0	0.188894	0	0.185363	0	0.181892	0	0.17848	0	0.175126	0	0.17183	0	0.16859	0	0.165407	0	0.16228	0	0.159207	0	0.156188	0	0.153222	0	0.150309	0	0.147448	0	0.144638	0	0.141878	0	0.139167	0	0.136506	0	0.133892	0	0.131326	0	0.128807	0	0.126333	0	0.123905	0	0.121521	0	0.119182	0	0.116885	0	0.11463	0	0.112418	0	0.110246	0	0.108114	0	0.106023	0	0.10397	0	0.101956	0	0.0999794	0	0.0980399	0	0.0961369	0	0.0942696	0	0.0924376	0	0.0906402	0	0.0888767	0	0.0871467	0	0.0854494	0	0.0837844	0	0.082151	0	0.0805487	0	0.078977	0	0.0774352	0	0.0759229	0	0.0738057	0	0.0717294	0	0.0696932	0	0.0676964	0	0.0657383	0	0.0638181	0	0.0619352	0	0.0600888	0	0.0582782	0	0.0565028	0	0.0547618	0	0.0530548	0	0.0513809	0	0.0497397	0	0.0481303	0	0.0465524	0	0.0450052	0	0.0434882	0	0.0420008	0	0.0405424	0	0.0391125	0	0.0377106	0	0.036336	0	0.0349884	0	0.0336671	0	0.0323716	0	0.0311015	0	0.0298563	0	0.0286355	0	0.0274386	0	0.0262651	0	0.0251147	0	0.0239868	0	0.022881	0	0.021797	0	0.0207342	0	0.0196923	0	0.0186708	0	0.0176695	0	0.0166878	0	0.0157254	0	0.0147819	0	0.0138569	0	0.0129502	0	0.0120612	0	0.0111898	0	0.0103355	0	0.00949807	0	0.00867709	0	0.00787227	0	0.0070833	0	0.00630987	0	0.00555167	0	0.00480841	0	0.0040798	0	0.00336554	0	0.00266536	0	0.00197899	0	0.00130615	0	0.000646569	0	0	0	0	
0.457458	0.551751	0.452906	0.558813	0.4484	0.564857	0.443938	0.569948	0.439521	0.574143	0.435148	0.577501	0.430818	0.580074	0.426531	0.581913	0.422287	0.583066	0.418085	0.583577	0.413925	0.583491	0.409807	0.582847	0.405729	0.581683	0.401692	0.580037	0.397695	0.577941	0.393738	0.575429	0.38982	0.572532	0.385941	0.569277	0.382101	0.565692	0.378299	0.561804	0.374535	0.557636	0.370808	0.553211	0.367119	0.548551	0.363466	0.543676	0.359849	0.538606	0.356269	0.533359	0.352724	0.527951	0.349214	0.522399	0.345739	0.516718	0.342299	0.510921	0.338893	0.505024	0.335521	0.499037	0.332183	0.492973	0.328877	0.486843	0.325605	0.480657	0.322365	0.474426	0.319158	0.468157	0.315982	0.46186	0.312838	0.455543	0.309725	0.449213	0.306643	0.442877	0.303592	0.436542	0.300571	0.430213	0.297581	0.423897	0.29462	0.417599	0.291688	0.411323	0.288786	0.405074	0.285912	0.398856	0.283067	0.392674	0.280251	0.38653	0.277462	0.380428	0.274702	0.374372	0.271968	0.368363	0.269262	0.362405	0.266583	0.3565	0.26393	0.350649	0.261304	0.344856	0.258704	0.339121	0.25613	0.333447	0.253581	0.327834	0.251058	0.322283	0.24856	0.316797	0.246087	0.311376	0.243638	0.306021	0.241214	0.300732	0.238814	0.29551	0.236438	0.290356	0.234085	0.28527	0.231756	0.280253	0.22945	0.275303	0.227167	0.270423	0.224907	0.265612	0.222669	0.260869	0.220453	0.256195	0.21826	0.251589	0.216088	0.247052	0.213938	0.242583	0.211809	0.238182	0.209702	0.233848	0.207615	0.229582	0.205549	0.225382	0.203504	0.221249	0.201479	0.217181	0.199474	0.213179	0.197489	0.209241	0.195524	0.205368	0.193579	0.201558	0.191653	0.197811	0.189746	0.194126	0.187858	0.190503	0.185989	0.186941	0.184138	0.183439	0.182306	0.179997	0.180492	0.176613	0.178696	0.173288	0.176918	0.17002	0.175157	0.166809	0.173415	0.163654	0.171689	0.160554	0.169981	0.157509	0.168289	0.154518	0.166615	0.151579	0.164957	0.148693	0.163316	0.145858	0.161691	0.143075	0.160082	0.140341	0.158489	0.137656	0.156912	0.13502	0.155351	0.132432	0.153805	0.129891	0.152275	0.127396	0.150759	0.124947	0.149259	0.122543	0.147774	0.120183	0.146304	0.117866	0.144848	0.115593	0.143407	0.113361	0.14198	0.111171	0.140567	0.109021	0.139168	0.106912	0.137784	0.104842	0.136413	0.10281	0.135055	0.100817	0.133712	0.0988609	0.132381	0.0969417	0.131064	0.0950586	0.12976	0.0932111	0.128469	0.0913984	0.12719	0.08962	0.125925	0.0878753	0.124672	0.0861637	0.123431	0.0844846	0.122203	0.0828374	0.120987	0.0812215	0.119783	0.0796365	0.118592	0.0780818	0.116038	0.0759229	0.113509	0.0738057	0.111006	0.0717294	0.108528	0.0696932	0.106074	0.0676964	0.103645	0.0657383	0.10124	0.0638181	0.0988585	0.0619352	0.0965011	0.0600888	0.094167	0.0582782	0.0918562	0.0565028	0.0895685	0.0547618	0.0873034	0.0530548	0.0850609	0.0513809	0.0828407	0.0497397	0.0806426	0.0481303	0.0784664	0.0465524	0.0763119	0.0450052	0.0741787	0.0434882	0.0720668	0.0420008	0.0699759	0.0405424	0.0679059	0.0391125	0.0658564	0.0377106	0.0638273	0.036336	0.0618184	0.0349884	0.0598295	0.0336671	0.0578603	0.0323716	0.0559108	0.0311015	0.0539807	0.0298563	0.0520697	0.0286355	0.0501778	0.0274386	0.0483047	0.0262651	0.0464503	0.0251147	0.0446143	0.0239868	0.0427966	0.022881	0.0409969	0.021797	0.0392152	0.0207342	0.0374512	0.0196923	0.0357047	0.0186708	0.0339756	0.0176695	0.0322638	0.0166878	0.0305689	0.0157254	0.0288909	0.0147819	0.0272297	0.0138569	0.0255849	0.0129502	0.0239565	0.0120612	0.0223443	0.0111898	0.0207482	0.0103355	0.0191679	0.00949807	0.0176034	0.00867709	0.0160544	0.00787227	0.0145209	0.0070833	0.0130026	0.00630987	0.0114994	0.00555167	0.0100111	0.00480841	0.00853772	0.0040798	0.00707896	0.00336554	0.00563471	0.00266536	0.00420483	0.00197899	0.00278918	0.00130615	0.00138762	0.000646569	0	0	0	0	
0	0.551751	0	0.558813	0	0.564857	0	0.569948	0	0.574143	0	0.577501	0	0.580074	0	0.581913	0	0.583066	0	0.583577	0	0.583491	0	0.582847	0	0.581683	0	0.580037	0	0.577941	0	0.575429	0	0.572532	0	0.569277	0	0.565692	0	0.561804	0	0.557636	0	0.553211	0	0.548551	0	0.543676	0	0.538606	0	0.533359	0	0.527951	0	0.522399	0	0.516718	0	0.510921	0	0.505024	0	0.499037	0	0.492973	0	0.486843	0	0.480657	0	0.474426	0	0.468157	0	0.46186	0	0.455543	0	0.449213	0	0.442877	0	0.436542	0	0.430213	0	0.423897	0	0.417599	0	0.411323	0	0.405074	0	0.398856	0	0.392674	0	0.38653	0	0.380428	0	0.374372	0	0.368363	0	0.362405	0	0.3565	0	0.350649	0	0.344856	0	0.339121	0	0.333447	0	0.327834	0	0.322283	0	0.316797	0	0.311376	0	0.306021	0	0.300732	0	0.29551	0	0.290356	0	0.28527	0	0.280253	0	0.275303	0	0.270423	0	0.265612	0	0.260869	0	0.256195	0	0.251589	0	0.247052	0	0.242583	0	0.238182	0	0.233848	0	0.229582	0	0.225382	0	0.221249	0	0.217181	0	0.213179	0	0.209241	0	0.205368	0	0.201558	0	0.197811	0	0.194126	0	0.190503	0	0.186941	0	0.183439	0	0.179997	0	0.176613	0	0.173288	0	0.17002	0	0.166809	0	0.163654	0	0.160554	0	0.157509	0	0.154518	0	0.151579	0	0.148693	0	0.145858	0	0.143075	0	0.140341	0	0.137656	0	0.13502	0	0.132432	0	0.129891	0	0.127396	0	0.124947	0	0.122543	0	0.120183	0	0.117866	0	0.115593	0	0.113361	0	0.111171	0	0.109021	0	0.106912	0	0.104842	0	0.10281	0	0.100817	0	0.0988609	0	0.0969417	0	0.0950586	0	0.0932111	0	0.0913984	0	0.08962	0	0.0878753	0	0.0861637	0	0.0844846	0	0.0828374	0	0.0812215	0	0.0796365	0	0.0780818	0	0.0759229	0	0.0738057	0	0.0717294	0	0.0696932	0	0.0676964	0	0.0657383	0	0.0638181	0	0.0619352	0	0.0600888	0	0.0582782	0	0.0565028	0	0.0547618	0	0.0530548	0	0.0513809	0	0.0497397	0	0.0481303	0	0.0465524	0	0.0450052	0	0.0434882	0	0.0420008	0	0.0405424	0	0.0391125	0	0.0377106	0	0.036336	0	0.0349884	0	0.0336671	0	0.0323716	0	0.0311015	0	0.0298563	0	0.0286355	0	0.0274386	0	0.0262651	0	0.0251147	0	0.0239868	0	0.022881	0	0.021797	0	0.0207342	0	0.0196923	0	0.0186708	0	0.0176695	0	0.0166878	0	0.0157254	0	0.0147819	0	0.0138569	0	0.0129502	0	0.0120612	0	0.0111898	0	0.0103355	0	0.00949807	0	0.00867709	0	0.00787227	0	0.0070833	0	0.00630987	0	0.00555167	0	0.00480841	0	0.0040798	0	0.00336554	0	0.00266536	0	0.00197899	0	0.00130615	0	0.000646569	0	0	0	0	
0.462757	0.559778	0.458153	0.566722	0.453594	0.57265	0.449081	0.577623	0.444612	0.581703	0.440188	0.584945	0.435809	0.587403	0.431472	0.589127	0.427179	0.590166	0.422928	0.590565	0.41872	0.590366	0.414554	0.589611	0.410429	0.588338	0.406345	0.586582	0.402302	0.584378	0.398299	0.58176	0.394336	0.578756	0.390412	0.575397	0.386527	0.571709	0.382681	0.567718	0.378874	0.563449	0.375104	0.558924	0.371372	0.554165	0.367676	0.549193	0.364018	0.544027	0.360396	0.538685	0.35681	0.533183	0.35326	0.527539	0.349745	0.521767	0.346265	0.515881	0.342819	0.509894	0.339408	0.503821	0.336031	0.497671	0.332687	0.491456	0.329377	0.485187	0.3261	0.478873	0.322855	0.472524	0.319642	0.466147	0.316462	0.459752	0.313313	0.453344	0.310196	0.446933	0.307109	0.440523	0.304053	0.434121	0.301028	0.427732	0.298033	0.421362	0.295067	0.415017	0.292131	0.408699	0.289224	0.402414	0.286347	0.396165	0.283497	0.389956	0.280677	0.38379	0.277884	0.37767	0.275119	0.371599	0.272381	0.36558	0.269671	0.359615	0.266988	0.353706	0.264331	0.347854	0.261701	0.342063	0.259097	0.336332	0.256519	0.330664	0.253967	0.32506	0.25144	0.319521	0.248938	0.314048	0.246461	0.308642	0.244008	0.303303	0.241581	0.298032	0.239177	0.29283	0.236797	0.287696	0.234441	0.282632	0.232108	0.277637	0.229799	0.272712	0.227512	0.267856	0.225248	0.26307	0.223007	0.258354	0.220788	0.253706	0.218591	0.249128	0.216416	0.244619	0.214263	0.240179	0.212131	0.235807	0.21002	0.231502	0.20793	0.227265	0.205861	0.223095	0.203813	0.218992	0.201785	0.214954	0.199777	0.210982	0.197789	0.207075	0.195821	0.203232	0.193873	0.199452	0.191944	0.195735	0.190034	0.192081	0.188143	0.188488	0.186271	0.184956	0.184418	0.181484	0.182583	0.178072	0.180766	0.174718	0.178967	0.171422	0.177187	0.168184	0.175423	0.165002	0.173678	0.161876	0.17195	0.158805	0.170239	0.155788	0.168545	0.152825	0.166868	0.149914	0.165208	0.147055	0.163564	0.144248	0.161936	0.141491	0.160325	0.138784	0.15873	0.136126	0.15715	0.133516	0.155587	0.130954	0.154039	0.128438	0.152506	0.125969	0.150988	0.123544	0.149486	0.121165	0.147999	0.118829	0.146526	0.116536	0.145068	0.114286	0.143625	0.112078	0.142196	0.10991	0.140781	0.107783	0.13938	0.105696	0.137993	0.103648	0.13662	0.101638	0.135261	0.0996657	0.133915	0.0977307	0.132582	0.095832	0.131263	0.0939692	0.129957	0.0921416	0.128664	0.0903486	0.127384	0.0885895	0.126116	0.0868638	0.124861	0.0851709	0.123619	0.0835102	0.122389	0.0818811	0.121171	0.0802831	0.118592	0.0780818	0.116038	0.0759229	0.113509	0.0738057	0.111006	0.0717294	0.108528	0.0696932	0.106074	0.0676964	0.103645	0.0657383	0.10124	0.0638181	0.0988585	0.0619352	0.0965011	0.0600888	0.094167	0.0582782	0.0918562	0.0565028	0.0895685	0.0547618	0.0873034	0.0530548	0.0850609	0.0513809	0.0828407	0.0497397	0.0806426	0.0481303	0.0784664	0.0465524	0.0763119	0.0450052	0.0741787	0.0434882	0.0720668	0.0420008	0.0699759	0.0405424	0.0679059	0.0391125	0.0658564	0.0377106	0.0638273	0.036336	0.0618184	0.0349884	0.0598295	0.0336671	0.0578603	0.0323716	0.0559108	0.0311015	0.0539807	0.0298563	0.0520697	0.0286355	0.0501778	0.0274386	0.0483047	0.0262651	0.0464503	0.0251147	0.0446143	0.0239868	0.0427966	0.022881	0.0409969	0.021797	0.0392152	0.0207342	0.0374512	0.0196923	0.0357047	0.0186708	0.0339756	0.0176695	0.0322638	0.0166878	0.0305689	0.0157254	0.0288909	0.0147819	0.0272297	0.0138569	0.0255849	0.0129502	0.0239565	0.0120612	0.0223443	0.0111898	0.0207482	0.0103355	0.0191679	0.00949807	0.0176034	0.00867709	0.0160544	0.00787227	0.0145209	0.0070833	0.0130026	0.00630987	0.0114994	0.00555167	0.0100111	0.00480841	0.00853772	0.0040798	0.00707896	0.00336554	0.00563471	0.00266536	0.00420483	0.00197899	0.00278918	0.00130615	0.00138762	0.000646569	0	0	0	0	
0	0.559778	0	0.566722	0	0.57265	0	0.577623	0	0.581703	0	0.584945	0	0.587403	0	0.589127	0	0.590166	0	0.590565	0	0.590366	0	0.589611	0	0.588338	0	0.586582	0	0.584378	0	0.58176	0	0.578756	0	0.575397	0	0.571709	0	0.567718	0	0.563449	0	0.558924	0	0.554165	0	0.549193	0	0.544027	0	0.538685	0	0.533183	0	0.527539	0	0.521767	0	0.515881	0	0.509894	0	0.503821	0	0.497671	0	0.491456	0	0.485187	0	0.478873	0	0.472524	0	0.466147	0	0.459752	0	0.453344	0	0.446933	0	0.440523	0	0.434121	0	0.427732	0	0.421362	0	0.415017	0	0.408699	0	0.402414	0	0.396165	0	0.389956	0	0.38379	0	0.37767	0	0.371599	0	0.36558	0	0.359615	0	0.353706	0	0.347854	0	0.342063	0	0.336332	0	0.330664	0	0.32506	0	0.319521	0	0.314048	0	0.308642	0	0.303303	0	0.298032	0	0.29283	0	0.287696	0	0.282632	0	0.277637	0	0.272712	0	0.267856	0	0.26307	0	0.258354	0	0.253706	0	0.249128	0	0.244619	0	0.240179	0	0.235807	0	0.231502	0	0.227265	0	0.223095	0	0.218992	0	0.214954	0	0.210982	0	0.207075	0	0.203232	0	0.199452	0	0.195735	0	0.192081	0	0.188488	0	0.184956	0	0.181484	0	0.178072	0	0.174718	0	0.171422	0	0.168184	0	0.165002	0	0.161876	0	0.158805	0	0.155788	0	0.152825	0	0.149914	0	0.147055	0	0.144248	0	0.141491	0	0.138784	0	0.136126	0	0.133516	0	0.130954	0	0.128438	0	0.125969	0	0.123544	0	0.121165	0	0.118829	0	0.116536	0	0.114286	0	0.112078	0	0.10991	0	0.107783	0	0.105696	0	0.103648	0	0.101638	0	0.0996657	0	0.0977307	0	0.095832	0	0.0939692	0	0.0921416	0	0.0903486	0	0.0885895	0	0.0868638	0	0.0851709	0	0.0835102	0	0.0818811	0	0.0802831	0	0.0780818	0	0.0759229	0	0.0738057	0	0.0717294	0	0.0696932	0	0.0676964	0	0.0657383	0	0.0638181	0	0.0619352	0	0.0600888	0	0.0582782	0	0.0565028	0	0.0547618	0	0.0530548	0	0.0513809	0	0.0497397	0	0.0481303	0	0.0465524	0	0.0450052	0	0.0434882	0	0.0420008	0	0.0405424	0	0.0391125	0	0.0377106	0	0.036336	0	0.0349884	0	0.0336671	0	0.0323716	0	0.0311015	0	0.0298563	0	0.0286355	0	0.0274386	0	0.0262651	0	0.0251147	0	0.0239868	0	0.022881	0	0.021797	0	0.0207342	0	0.0196923	0	0.0186708	0	0.0176695	0	0.0166878	0	0.0157254	0	0.0147819	0	0.0138569	0	0.0129502	0	0.0120612	0	0.0111898	0	0.0103355	0	0.00949807	0	0.00867709	0	0.00787227	0	0.0070833	0	0.00630987	0	0.00555167	0	0.00480841	0	0.0040798	0	0.00336554	0	0.00266536	0	0.00197899	0	0.00130615	0	0.000646569	0	0	0	0	
0.468004	0.567688	0.463347	0.574515	0.458737	0.580325	0.454172	0.585183	0.449653	0.589146	0.445179	0.592273	0.44075	0.594617	0.436364	0.596227	0.432022	0.597153	0.427724	0.59744	0.423468	0.597131	0.419254	0.596265	0.415082	0.594883	0.410952	0.593019	0.406863	0.590709	0.402815	0.587984	0.398807	0.584876	0.394839	0.581413	0.39091	0.577623	0.38702	0.573531	0.383169	0.569162	0.379357	0.564538	0.375582	0.559682	0.371845	0.554614	0.368145	0.549353	0.364482	0.543917	0.360855	0.538323	0.357265	0.532588	0.35371	0.526726	0.35019	0.520751	0.346706	0.514678	0.343256	0.508518	0.339841	0.502284	0.336459	0.495986	0.333111	0.489634	0.329797	0.48324	0.326515	0.476811	0.323266	0.470356	0.32005	0.463883	0.316865	0.4574	0.313713	0.450913	0.310591	0.44443	0.307501	0.437956	0.304441	0.431496	0.301412	0.425056	0.298413	0.418642	0.295443	0.412256	0.292504	0.405905	0.289593	0.39959	0.286712	0.393317	0.283859	0.387088	0.281034	0.380906	0.278238	0.374774	0.27547	0.368695	0.272729	0.362671	0.270015	0.356704	0.267328	0.350796	0.264668	0.344948	0.262035	0.339163	0.259427	0.333441	0.256846	0.327784	0.25429	0.322193	0.25176	0.316669	0.249255	0.311213	0.246775	0.305825	0.24432	0.300505	0.241889	0.295255	0.239482	0.290075	0.237099	0.284965	0.23474	0.279926	0.232404	0.274956	0.230091	0.270057	0.227802	0.265229	0.225535	0.260471	0.223291	0.255783	0.221069	0.251165	0.21887	0.246616	0.216692	0.242137	0.214536	0.237727	0.212401	0.233385	0.210288	0.229112	0.208195	0.224906	0.206124	0.220767	0.204073	0.216695	0.202042	0.212689	0.200032	0.208749	0.198042	0.204873	0.196071	0.201061	0.19412	0.197313	0.192189	0.193628	0.190276	0.190005	0.188383	0.186443	0.186509	0.182942	0.184653	0.179501	0.182815	0.17612	0.180996	0.172797	0.179195	0.169531	0.177412	0.166323	0.175647	0.163171	0.173899	0.160075	0.172169	0.157033	0.170456	0.154045	0.16876	0.151111	0.167081	0.148229	0.165418	0.145398	0.163772	0.142619	0.162143	0.13989	0.160529	0.13721	0.158932	0.134579	0.157351	0.131996	0.155785	0.12946	0.154235	0.12697	0.1527	0.124526	0.151181	0.122127	0.149677	0.119772	0.148187	0.117461	0.146713	0.115193	0.145253	0.112966	0.143808	0.110782	0.142377	0.108637	0.14096	0.106533	0.139558	0.104469	0.138169	0.102443	0.136794	0.100455	0.135433	0.0985041	0.134085	0.0965902	0.132751	0.0947125	0.13143	0.0928703	0.130123	0.0910629	0.128828	0.0892897	0.127546	0.0875502	0.126277	0.0858438	0.12502	0.0841698	0.123776	0.0825277	0.121171	0.0802831	0.118592	0.0780818	0.116038	0.0759229	0.113509	0.0738057	0.111006	0.0717294	0.108528	0.0696932	0.106074	0.0676964	0.103645	0.0657383	0.10124	0.0638181	0.0988585	0.0619352	0.0965011	0.0600888	0.094167	0.0582782	0.0918562	0.0565028	0.0895685	0.0547618	0.0873034	0.0530548	0.0850609	0.0513809	0.0828407	0.0497397	0.0806426	0.0481303	0.0784664	0.0465524	0.0763119	0.0450052	0.0741787	0.0434882	0.0720668	0.0420008	0.0699759	0.0405424	0.0679059	0.0391125	0.0658564	0.0377106	0.0638273	0.036336	0.0618184	0.0349884	0.0598295	0.0336671	0.0578603	0.0323716	0.0559108	0.0311015	0.0539807	0.0298563	0.0520697	0.0286355	0.0501778	0.0274386	0.0483047	0.0262651	0.0464503	0.0251147	0.0446143	0.0239868	0.0427966	0.022881	0.0409969	0.021797	0.0392152	0.0207342	0.0374512	0.0196923	0.0357047	0.0186708	0.0339756	0.0176695	0.0322638	0.0166878	0.0305689	0.0157254	0.0288909	0.0147819	0.0272297	0.0138569	0.0255849	0.0129502	0.0239565	0.0120612	0.0223443	0.0111898	0.0207482	0.0103355	0.0191679	0.00949807	0.0176034	0.00867709	0.0160544	0.00787227	0.0145209	0.0070833	0.0130026	0.00630987	0.0114994	0.00555167	0.0100111	0.00480841	0.00853772	0.0040798	0.00707896	0.00336554	0.00563471	0.00266536	0.00420483	0.00197899	0.00278918	0.00130615	0.00138762	0.000646569	0	0	0	0	
0	0.567688	0	0.574515	0	0.580325	0	0.585183	0	0.589146	0	0.592273	0	0.594617	0	0.596227	0	0.597153	0	0.59744	0	0.597131	0	0.596265	0	0.594883	0	0.593019	0	0.590709	0	0.587984	0	0.584876	0	0.581413	0	0.577623	0	0.573531	0	0.569162	0	0.564538	0	0.559682	0	0.554614	0	0.549353	0	0.543917	0	0.538323	0	0.532588	0	0.526726	0	0.520751	0	0.514678	0	0.508518	0	0.502284	0	0.495986	0	0.489634	0	0.48324	0	0.476811	0	0.470356	0	0.463883	0	0.4574	0	0.450913	0	0.44443	0	0.437956	0	0.431496	0	0.425056	0	0.418642	0	0.412256	0	0.405905	0	0.39959	0	0.393317	0	0.387088	0	0.380906	0	0.374774	0	0.368695	0	0.362671	0	0.356704	0	0.350796	0	0.344948	0	0.339163	0	0.333441	0	0.327784	0	0.322193	0	0.316669	0	0.311213	0	0.305825	0	0.300505	0	0.295255	0	0.290075	0	0.284965	0	0.279926	0	0.274956	0	0.270057	0	0.265229	0	0.260471	0	0.255783	0	0.251165	0	0.246616	0	0.242137	0	0.237727	0	0.233385	0	0.229112	0	0.224906	0	0.220767	0	0.216695	0	0.212689	0	0.208749	0	0.204873	0	0.201061	0	0.197313	0	0.193628	0	0.190005	0	0.186443	0	0.182942	0	0.179501	0	0.17612	0	0.172797	0	0.169531	0	0.166323	0	0.163171	0	0.160075	0	0.157033	0	0.154045	0	0.151111	0	0.148229	0	0.145398	0	0.142619	0	0.13989	0	0.13721	0	0.134579	0	0.131996	0	0.12946	0	0.12697	0	0.124526	0	0.122127	0	0.119772	0	0.117461	0	0.115193	0	0.112966	0	0.110782	0	0.108637	0	0.106533	0	0.104469	0	0.102443	0	0.100455	0	0.0985041	0	0.0965902	0	0.0947125	0	0.0928703	0	0.0910629	0	0.0892897	0	0.0875502	0	0.0858438	0	0.0841698	0	0.0825277	0	0.0802831	0	0.0780818	0	0.0759229	0	0.0738057	0	0.0717294	0	0.0696932	0	0.0676964	0	0.0657383	0	0.0638181	0	0.0619352	0	0.0600888	0	0.0582782	0	0.0565028	0	0.0547618	0	0.0530548	0	0.0513809	0	0.0497397	0	0.0481303	0	0.0465524	0	0.0450052	0	0.0434882	0	0.0420008	0	0.0405424	0	0.0391125	0	0.0377106	0	0.036336	0	0.0349884	0	0.0336671	0	0.0323716	0	0.0311015	0	0.0298563	0	0.0286355	0	0.0274386	0	0.0262651	0	0.0251147	0	0.0239868	0	0.022881	0	0.021797	0	0.0207342	0	0.0196923	0	0.0186708	0	0.0176695	0	0.0166878	0	0.0157254	0	0.0147819	0	0.0138569	0	0.0129502	0	0.0120612	0	0.0111898	0	0.0103355	0	0.00949807	0	0.00867709	0	0.00787227	0	0.0070833	0	0.00630987	0	0.00555167	0	0.00480841	0	0.0040798	0	0.00336554	0	0.00266536	0	0.00197899	0	0.00130615	0	0.000646569	0	0	0	0	
0.473198	0.575481	0.46849	0.582191	0.463829	0.587885	0.459213	0.592626	0.454644	0.596475	0.45012	0.599487	0.445642	0.601717	0.441207	0.603215	0.436817	0.604029	0.432471	0.604205	0.428168	0.603785	0.423907	0.602811	0.419689	0.60132	0.415513	0.599349	0.411379	0.596933	0.407286	0.594104	0.403233	0.590892	0.399221	0.587327	0.395249	0.583436	0.391316	0.579244	0.387422	0.574776	0.383567	0.570055	0.379751	0.565103	0.375972	0.55994	0.372231	0.554585	0.368527	0.549057	0.36486	0.543372	0.36123	0.537547	0.357636	0.531597	0.354077	0.525535	0.350554	0.519376	0.347066	0.513131	0.343613	0.506813	0.340194	0.500433	0.336809	0.494001	0.333457	0.487527	0.330139	0.481019	0.326854	0.474487	0.323602	0.467938	0.320382	0.461381	0.317194	0.454821	0.314038	0.448265	0.310914	0.441719	0.30782	0.43519	0.304757	0.428682	0.301725	0.422199	0.298722	0.415747	0.29575	0.40933	0.292807	0.402952	0.289894	0.396615	0.287009	0.390324	0.284154	0.384081	0.281326	0.37789	0.278527	0.371752	0.275756	0.36567	0.273012	0.359646	0.270295	0.353682	0.267606	0.347779	0.264943	0.34194	0.262307	0.336165	0.259697	0.330456	0.257113	0.324814	0.254555	0.31924	0.252022	0.313734	0.249514	0.308298	0.247031	0.302931	0.244573	0.297635	0.24214	0.292409	0.23973	0.287254	0.237345	0.28217	0.234983	0.277158	0.232645	0.272216	0.23033	0.267346	0.228039	0.262547	0.22577	0.257819	0.223523	0.253161	0.221299	0.248574	0.219097	0.244057	0.216917	0.23961	0.214759	0.235232	0.212622	0.230922	0.210506	0.226681	0.208412	0.222508	0.206338	0.218402	0.204285	0.214363	0.202252	0.21039	0.20024	0.206482	0.198247	0.202639	0.196275	0.19886	0.194322	0.195145	0.192388	0.191492	0.190474	0.187902	0.188579	0.184372	0.186702	0.180903	0.184845	0.177494	0.183005	0.174144	0.181184	0.170853	0.179382	0.167619	0.177597	0.164441	0.17583	0.16132	0.17408	0.158254	0.172348	0.155242	0.170633	0.152284	0.168935	0.149379	0.167254	0.146526	0.16559	0.143725	0.163942	0.140974	0.162311	0.138273	0.160696	0.135621	0.159097	0.133017	0.157514	0.130461	0.155947	0.127952	0.154395	0.125488	0.152859	0.123071	0.151338	0.120697	0.149832	0.118368	0.148341	0.116082	0.146865	0.113838	0.145404	0.111636	0.143957	0.109475	0.142525	0.107354	0.141107	0.105273	0.139702	0.103232	0.138312	0.101228	0.136936	0.0992623	0.135574	0.0973335	0.134225	0.0954411	0.132889	0.0935845	0.131567	0.091763	0.130258	0.0899761	0.128962	0.0882231	0.127678	0.0865033	0.126408	0.0848164	0.123776	0.0825277	0.121171	0.0802831	0.118592	0.0780818	0.116038	0.0759229	0.113509	0.0738057	0.111006	0.0717294	0.108528	0.0696932	0.106074	0.0676964	0.103645	0.0657383	0.10124	0.0638181	0.0988585	0.0619352	0.0965011	0.0600888	0.094167	0.0582782	0.0918562	0.0565028	0.0895685	0.0547618	0.0873034	0.0530548	0.0850609	0.0513809	0.0828407	0.0497397	0.0806426	0.0481303	0.0784664	0.0465524	0.0763119	0.0450052	0.0741787	0.0434882	0.0720668	0.0420008	0.0699759	0.0405424	0.0679059	0.0391125	0.0658564	0.0377106	0.0638273	0.036336	0.0618184	0.0349884	0.0598295	0.0336671	0.0578603	0.0323716	0.0559108	0.0311015	0.0539807	0.0298563	0.0520697	0.0286355	0.0501778	0.0274386	0.0483047	0.0262651	0.0464503	0.0251147	0.0446143	0.0239868	0.0427966	0.022881	0.0409969	0.021797	0.0392152	0.0207342	0.0374512	0.0196923	0.0357047	0.0186708	0.0339756	0.0176695	0.0322638	0.0166878	0.0305689	0.0157254	0.0288909	0.0147819	0.0272297	0.0138569	0.0255849	0.0129502	0.0239565	0.0120612	0.0223443	0.0111898	0.0207482	0.0103355	0.0191679	0.00949807	0.0176034	0.00867709	0.0160544	0.00787227	0.0145209	0.0070833	0.0130026	0.00630987	0.0114994	0.00555167	0.0100111	0.00480841	0.00853772	0.0040798	0.00707896	0.00336554	0.00563471	0.00266536	0.00420483	0.00197899	0.00278918	0.00130615	0.00138762	0.000646569	0	0	0	0	
0	0.575481	0	0.582191	0	0.587885	0	0.592626	0	0.596475	0	0.599487	0	0.601717	0	0.603215	0	0.604029	0	0.604205	0	0.603785	0	0.602811	0	0.60132	0	0.599349	0	0.596933	0	0.594104	0	0.590892	0	0.587327	0	0.583436	0	0.579244	0	0.574776	0	0.570055	0	0.565103	0	0.55994	0	0.554585	0	0.549057	0	0.543372	0	0.537547	0	0.531597	0	0.525535	0	0.519376	0	0.513131	0	0.506813	0	0.500433	0	0.494001	0	0.487527	0	0.481019	0	0.474487	0	0.467938	0	0.461381	0	0.454821	0	0.448265	0	0.441719	0	0.43519	0	0.428682	0	0.422199	0	0.415747	0	0.40933	0	0.402952	0	0.396615	0	0.390324	0	0.384081	0	0.37789	0	0.371752	0	0.36567	0	0.359646	0	0.353682	0	0.347779	0	0.34194	0	0.336165	0	0.330456	0	0.324814	0	0.31924	0	0.313734	0	0.308298	0	0.302931	0	0.297635	0	0.292409	0	0.287254	0	0.28217	0	0.277158	0	0.272216	0	0.267346	0	0.262547	0	0.257819	0	0.253161	0	0.248574	0	0.244057	0	0.23961	0	0.235232	0	0.230922	0	0.226681	0	0.222508	0	0.218402	0	0.214363	0	0.21039	0	0.206482	0	0.202639	0	0.19886	0	0.195145	0	0.191492	0	0.187902	0	0.184372	0	0.180903	0	0.177494	0	0.174144	0	0.170853	0	0.167619	0	0.164441	0	0.16132	0	0.158254	0	0.155242	0	0.152284	0	0.149379	0	0.146526	0	0.143725	0	0.140974	0	0.138273	0	0.135621	0	0.133017	0	0.130461	0	0.127952	0	0.125488	0	0.123071	0	0.120697	0	0.118368	0	0.116082	0	0.113838	0	0.111636	0	0.109475	0	0.107354	0	0.105273	0	0.103232	0	0.101228	0	0.0992623	0	0.0973335	0	0.0954411	0	0.0935845	0	0.091763	0	0.0899761	0	0.0882231	0	0.0865033	0	0.0848164	0	0.0825277	0	0.0802831	0	0.0780818	0	0.0759229	0	0.0738057	0	0.0717294	0	0.0696932	0	0.0676964	0	0.0657383	0	0.0638181	0	0.0619352	0	0.0600888	0	0.0582782	0	0.0565028	0	0.0547618	0	0.0530548	0	0.0513809	0	0.0497397	0	0.0481303	0	0.0465524	0	0.0450052	0	0.0434882	0	0.0420008	0	0.0405424	0	0.0391125	0	0.0377106	0	0.036336	0	0.0349884	0	0.0336671	0	0.0323716	0	0.0311015	0	0.0298563	0	0.0286355	0	0.0274386	0	0.0262651	0	0.0251147	0	0.0239868	0	0.022881	0	0.021797	0	0.0207342	0	0.0196923	0	0.0186708	0	0.0176695	0	0.0166878	0	0.0157254	0	0.0147819	0	0.0138569	0	0.0129502	0	0.0120612	0	0.0111898	0	0.0103355	0	0.00949807	0	0.00867709	0	0.00787227	0	0.0070833	0	0.00630987	0	0.00555167	0	0.00480841	0	0.0040798	0	0.00336554	0	0.00266536	0	0.00197899	0	0.00130615	0	0.000646569	0	0	0	0	
0.478341	0.583156	0.473582	0.58975	0.468869	0.595328	0.464204	0.599955	0.459585	0.603689	0.455012	0.606587	0.450485	0.608704	0.446002	0.61009	0.441565	0.610793	0.437171	0.610859	0.432821	0.61033	0.428514	0.609248	0.424251	0.60765	0.420029	0.605574	0.41585	0.603053	0.411712	0.60012	0.407616	0.596806	0.40356	0.59314	0.399544	0.589149	0.395569	0.584858	0.391633	0.580293	0.387736	0.575476	0.383878	0.570429	0.380058	0.565173	0.376277	0.559726	0.372533	0.554106	0.368826	0.548332	0.365156	0.542418	0.361523	0.53638	0.357925	0.530233	0.354364	0.523989	0.350838	0.517661	0.347347	0.511261	0.343891	0.5048	0.340469	0.498288	0.337081	0.491735	0.333727	0.485151	0.330407	0.478543	0.327119	0.471919	0.323864	0.465288	0.320642	0.458656	0.317451	0.452029	0.314293	0.445413	0.311165	0.438815	0.308069	0.432239	0.305004	0.42569	0.301969	0.419173	0.298964	0.412692	0.29599	0.40625	0.293044	0.399851	0.290129	0.393499	0.287242	0.387196	0.284384	0.380946	0.281554	0.37475	0.278753	0.368611	0.275979	0.362531	0.273233	0.356512	0.270514	0.350556	0.267822	0.344664	0.265158	0.338837	0.262519	0.333077	0.259907	0.327385	0.257321	0.321762	0.254761	0.316208	0.252226	0.310724	0.249716	0.30531	0.247231	0.299968	0.244771	0.294698	0.242336	0.289499	0.239925	0.284372	0.237537	0.279317	0.235174	0.274334	0.232834	0.269422	0.230517	0.264583	0.228223	0.259816	0.225952	0.255119	0.223704	0.250494	0.221478	0.24594	0.219275	0.241456	0.217093	0.237042	0.214933	0.232698	0.212794	0.228422	0.210677	0.224215	0.20858	0.220076	0.206505	0.216004	0.20445	0.211999	0.202416	0.20806	0.200402	0.204186	0.198408	0.200377	0.196434	0.196632	0.194479	0.192951	0.192544	0.189331	0.190628	0.185774	0.188731	0.182278	0.186853	0.178842	0.184994	0.175466	0.183153	0.172148	0.181331	0.168889	0.179527	0.165687	0.17774	0.162541	0.175972	0.159451	0.174221	0.156416	0.172487	0.153435	0.170771	0.150507	0.169072	0.147632	0.16739	0.144809	0.165724	0.142037	0.164075	0.139315	0.162443	0.136642	0.160826	0.134018	0.159226	0.131443	0.157642	0.128914	0.156073	0.126432	0.15452	0.123995	0.152983	0.121604	0.15146	0.119257	0.149953	0.116953	0.148461	0.114692	0.146984	0.112473	0.145522	0.110296	0.144074	0.108159	0.14264	0.106062	0.141221	0.104005	0.139816	0.101986	0.138424	0.100006	0.137047	0.0980621	0.135683	0.0961554	0.134333	0.0942847	0.132997	0.0924494	0.131673	0.0906489	0.130363	0.0888826	0.129066	0.0871499	0.126408	0.0848164	0.123776	0.0825277	0.121171	0.0802831	0.118592	0.0780818	0.116038	0.0759229	0.113509	0.0738057	0.111006	0.0717294	0.108528	0.0696932	0.106074	0.0676964	0.103645	0.0657383	0.10124	0.0638181	0.0988585	0.0619352	0.0965011	0.0600888	0.094167	0.0582782	0.0918562	0.0565028	0.0895685	0.0547618	0.0873034	0.0530548	0.0850609	0.0513809	0.0828407	0.0497397	0.0806426	0.0481303	0.0784664	0.0465524	0.0763119	0.0450052	0.0741787	0.0434882	0.0720668	0.0420008	0.0699759	0.0405424	0.0679059	0.0391125	0.0658564	0.0377106	0.0638273	0.036336	0.0618184	0.0349884	0.0598295	0.0336671	0.0578603	0.0323716	0.0559108	0.0311015	0.0539807	0.0298563	0.0520697	0.0286355	0.0501778	0.0274386	0.0483047	0.0262651	0.0464503	0.0251147	0.0446143	0.0239868	0.0427966	0.022881	0.0409969	0.021797	0.0392152	0.0207342	0.0374512	0.0196923	0.0357047	0.0186708	0.0339756	0.0176695	0.0322638	0.0166878	0.0305689	0.0157254	0.0288909	0.0147819	0.0272297	0.0138569	0.0255849	0.0129502	0.0239565	0.0120612	0.0223443	0.0111898	0.0207482	0.0103355	0.0191679	0.00949807	0.0176034	0.00867709	0.0160544	0.00787227	0.0145209	0.0070833	0.0130026	0.00630987	0.0114994	0.00555167	0.0100111	0.00480841	0.00853772	0.0040798	0.00707896	0.00336554	0.00563471	0.00266536	0.00420483	0.00197899	0.00278918	0.00130615	0.00138762	0.000646569	0	0	0	0	
0	0.583156	0	0.58975	0	0.595328	0	0.599955	0	0.603689	0	0.606587	0	0.608704	0	0.61009	0	0.610793	0	0.610859	0	0.61033	0	0.609248	0	0.60765	0	0.605574	0	0.603053	0	0.60012	0	0.596806	0	0.59314	0	0.589149	0	0.584858	0	0.580293	0	0.575476	0	0.570429	0	0.565173	0	0.559726	0	0.554106	0	0.548332	0	0.542418	0	0.53638	0	0.530233	0	0.523989	0	0.517661	0	0.511261	0	0.5048	0	0.498288	0	0.491735	0	0.485151	0	0.478543	0	0.471919	0	0.465288	0	0.458656	0	0.452029	0	0.445413	0	0.438815	0	0.432239	0	0.42569	0	0.419173	0	0.412692	0	0.40625	0	0.399851	0	0.393499	0	0.387196	0	0.380946	0	0.37475	0	0.368611	0	0.362531	0	0.356512	0	0.350556	0	0.344664	0	0.338837	0	0.333077	0	0.327385	0	0.321762	0	0.316208	0	0.310724	0	0.30531	0	0.299968	0	0.294698	0	0.289499	0	0.284372	0	0.279317	0	0.274334	0	0.269422	0	0.264583	0	0.259816	0	0.255119	0	0.250494	0	0.24594	0	0.241456	0	0.237042	0	0.232698	0	0.228422	0	0.224215	0	0.220076	0	0.216004	0	0.211999	0	0.20806	0	0.204186	0	0.200377	0	0.196632	0	0.192951	0	0.189331	0	0.185774	0	0.182278	0	0.178842	0	0.175466	0	0.172148	0	0.168889	0	0.165687	0	0.162541	0	0.159451	0	0.156416	0	0.153435	0	0.150507	0	0.147632	0	0.144809	0	0.142037	0	0.139315	0	0.136642	0	0.134018	0	0.131443	0	0.128914	0	0.126432	0	0.123995	0	0.121604	0	0.119257	0	0.116953	0	0.114692	0	0.112473	0	0.110296	0	0.108159	0	0.106062	0	0.104005	0	0.101986	0	0.100006	0	0.0980621	0	0.0961554	0	0.0942847	0	0.0924494	0	0.0906489	0	0.0888826	0	0.0871499	0	0.0848164	0	0.0825277	0	0.0802831	0	0.0780818	0	0.0759229	0	0.0738057	0	0.0717294	0	0.0696932	0	0.0676964	0	0.0657383	0	0.0638181	0	0.0619352	0	0.0600888	0	0.0582782	0	0.0565028	0	0.0547618	0	0.0530548	0	0.0513809	0	0.0497397	0	0.0481303	0	0.0465524	0	0.0450052	0	0.0434882	0	0.0420008	0	0.0405424	0	0.0391125	0	0.0377106	0	0.036336	0	0.0349884	0	0.0336671	0	0.0323716	0	0.0311015	0	0.0298563	0	0.0286355	0	0.0274386	0	0.0262651	0	0.0251147	0	0.0239868	0	0.022881	0	0.021797	0	0.0207342	0	0.0196923	0	0.0186708	0	0.0176695	0	0.0166878	0	0.0157254	0	0.0147819	0	0.0138569	0	0.0129502	0	0.0120612	0	0.0111898	0	0.0103355	0	0.00949807	0	0.00867709	0	0.00787227	0	0.0070833	0	0.00630987	0	0.00555167	0	0.00480841	0	0.0040798	0	0.00336554	0	0.00266536	0	0.00197899	0	0.00130615	0	0.000646569	0	0	0	0	
0.483433	0.590716	0.478623	0.597194	0.47386	0.602657	0.469145	0.607168	0.464477	0.610789	0.459856	0.613575	0.45528	0.61558	0.45075	0.616855	0.446265	0.617448	0.441824	0.617404	0.437428	0.616768	0.433076	0.615578	0.428766	0.613875	0.4245	0.611694	0.420276	0.60907	0.416095	0.606035	0.411954	0.602619	0.407855	0.598853	0.403797	0.594763	0.399779	0.590375	0.395801	0.585714	0.391863	0.580802	0.387964	0.575662	0.384104	0.570313	0.380282	0.564775	0.376498	0.559065	0.372752	0.553202	0.369043	0.547201	0.365371	0.541078	0.361735	0.534846	0.358136	0.528518	0.354572	0.522108	0.351044	0.515627	0.347551	0.509087	0.344093	0.502496	0.340669	0.495867	0.33728	0.489206	0.333924	0.482523	0.330601	0.475827	0.327312	0.469123	0.324055	0.462419	0.32083	0.455723	0.317638	0.449038	0.314477	0.442373	0.311348	0.43573	0.30825	0.429116	0.305183	0.422534	0.302147	0.41599	0.29914	0.409486	0.296164	0.403026	0.293217	0.396614	0.290299	0.390253	0.287411	0.383944	0.284551	0.377692	0.28172	0.371497	0.278916	0.365362	0.276141	0.359289	0.273394	0.35328	0.270673	0.347336	0.26798	0.341458	0.265314	0.335648	0.262674	0.329907	0.26006	0.324235	0.257472	0.318634	0.25491	0.313103	0.252374	0.307644	0.249863	0.302257	0.247377	0.296942	0.244915	0.2917	0.242478	0.28653	0.240066	0.281434	0.237677	0.27641	0.235312	0.271459	0.232971	0.26658	0.230653	0.261774	0.228358	0.25704	0.226085	0.252377	0.223836	0.247786	0.221609	0.243267	0.219403	0.238818	0.21722	0.234439	0.215059	0.230129	0.212919	0.225889	0.210801	0.221717	0.208703	0.217614	0.206626	0.213577	0.20457	0.209607	0.202535	0.205703	0.20052	0.201865	0.198524	0.198091	0.196549	0.194381	0.194593	0.190733	0.192657	0.187149	0.19074	0.183626	0.188842	0.180163	0.186963	0.176761	0.185103	0.173418	0.183261	0.170134	0.181438	0.166907	0.179632	0.163738	0.177845	0.160624	0.176075	0.157566	0.174323	0.154563	0.172589	0.151613	0.170872	0.148716	0.169171	0.145872	0.167488	0.143079	0.165822	0.140336	0.164172	0.137644	0.162538	0.135	0.160921	0.132405	0.15932	0.129858	0.157734	0.127357	0.156165	0.124902	0.154611	0.122493	0.153073	0.120128	0.15155	0.117807	0.150042	0.11553	0.148549	0.113294	0.147071	0.111101	0.145607	0.108948	0.144158	0.106836	0.142724	0.104763	0.141304	0.10273	0.139898	0.100734	0.138506	0.0987764	0.137128	0.0968556	0.135763	0.0949711	0.134412	0.0931223	0.133075	0.0913085	0.131751	0.0895292	0.129066	0.0871499	0.126408	0.0848164	0.123776	0.0825277	0.121171	0.0802831	0.118592	0.0780818	0.116038	0.0759229	0.113509	0.0738057	0.111006	0.0717294	0.108528	0.0696932	0.106074	0.0676964	0.103645	0.0657383	0.10124	0.0638181	0.0988585	0.0619352	0.0965011	0.0600888	0.094167	0.0582782	0.0918562	0.0565028	0.0895685	0.0547618	0.0873034	0.0530548	0.0850609	0.0513809	0.0828407	0.0497397	0.0806426	0.0481303	0.0784664	0.0465524	0.0763119	0.0450052	0.0741787	0.0434882	0.0720668	0.0420008	0.0699759	0.0405424	0.0679059	0.0391125	0.0658564	0.0377106	0.0638273	0.036336	0.0618184	0.0349884	0.0598295	0.0336671	0.0578603	0.0323716	0.0559108	0.0311015	0.0539807	0.0298563	0.0520697	0.0286355	0.0501778	0.0274386	0.0483047	0.0262651	0.0464503	0.0251147	0.0446143	0.0239868	0.0427966	0.022881	0.0409969	0.021797	0.0392152	0.0207342	0.0374512	0.0196923	0.0357047	0.0186708	0.0339756	0.0176695	0.0322638	0.0166878	0.0305689	0.0157254	0.0288909	0.0147819	0.0272297	0.0138569	0.0255849	0.0129502	0.0239565	0.0120612	0.0223443	0.0111898	0.0207482	0.0103355	0.0191679	0.00949807	0.0176034	0.00867709	0.0160544	0.00787227	0.0145209	0.0070833	0.0130026	0.00630987	0.0114994	0.00555167	0.0100111	0.00480841	0.00853772	0.0040798	0.00707896	0.00336554	0.00563471	0.00266536	0.00420483	0.00197899	0.00278918	0.00130615	0.00138762	0.000646569	0	0	0	0	
0	0.590716	0	0.597194	0	0.602657	0	0.607168	0	0.610789	0	0.613575	0	0.61558	0	0.616855	0	0.617448	0	0.617404	0	0.616768	0	0.615578	0	0.613875	0	0.611694	0	0.60907	0	0.606035	0	0.602619	0	0.598853	0	0.594763	0	0.590375	0	0.585714	0	0.580802	0	0.575662	0	0.570313	0	0.564775	0	0.559065	0	0.553202	0	0.547201	0	0.541078	0	0.534846	0	0.528518	0	0.522108	0	0.515627	0	0.509087	0	0.502496	0	0.495867	0	0.489206	0	0.482523	0	0.475827	0	0.469123	0	0.462419	0	0.455723	0	0.449038	0	0.442373	0	0.43573	0	0.429116	0	0.422534	0	0.41599	0	0.409486	0	0.403026	0	0.396614	0	0.390253	0	0.383944	0	0.377692	0	0.371497	0	0.365362	0	0.359289	0	0.35328	0	0.347336	0	0.341458	0	0.335648	0	0.329907	0	0.324235	0	0.318634	0	0.313103	0	0.307644	0	0.302257	0	0.296942	0	0.2917	0	0.28653	0	0.281434	0	0.27641	0	0.271459	0	0.26658	0	0.261774	0	0.25704	0	0.252377	0	0.247786	0	0.243267	0	0.238818	0	0.234439	0	0.230129	0	0.225889	0	0.221717	0	0.217614	0	0.213577	0	0.209607	0	0.205703	0	0.201865	0	0.198091	0	0.194381	0	0.190733	0	0.187149	0	0.183626	0	0.180163	0	0.176761	0	0.173418	0	0.170134	0	0.166907	0	0.163738	0	0.160624	0	0.157566	0	0.154563	0	0.151613	0	0.148716	0	0.145872	0	0.143079	0	0.140336	0	0.137644	0	0.135	0	0.132405	0	0.129858	0	0.127357	0	0.124902	0	0.122493	0	0.120128	0	0.117807	0	0.11553	0	0.113294	0	0.111101	0	0.108948	0	0.106836	0	0.104763	0	0.10273	0	0.100734	0	0.0987764	0	0.0968556	0	0.0949711	0	0.0931223	0	0.0913085	0	0.0895292	0	0.0871499	0	0.0848164	0	0.0825277	0	0.0802831	0	0.0780818	0	0.0759229	0	0.0738057	0	0.0717294	0	0.0696932	0	0.0676964	0	0.0657383	0	0.0638181	0	0.0619352	0	0.0600888	0	0.0582782	0	0.0565028	0	0.0547618	0	0.0530548	0	0.0513809	0	0.0497397	0	0.0481303	0	0.0465524	0	0.0450052	0	0.0434882	0	0.0420008	0	0.0405424	0	0.0391125	0	0.0377106	0	0.036336	0	0.0349884	0	0.0336671	0	0.0323716	0	0.0311015	0	0.0298563	0	0.0286355	0	0.0274386	0	0.0262651	0	0.0251147	0	0.0239868	0	0.022881	0	0.021797	0	0.0207342	0	0.0196923	0	0.0186708	0	0.0176695	0	0.0166878	0	0.0157254	0	0.0147819	0	0.0138569	0	0.0129502	0	0.0120612	0	0.0111898	0	0.0103355	0	0.00949807	0	0.00867709	0	0.00787227	0	0.0070833	0	0.00630987	0	0.00555167	0	0.00480841	0	0.0040798	0	0.00336554	0	0.00266536	0	0.00197899	0	0.00130615	0	0.000646569	0	0	0	0	
0.488474	0.598159	0.483613	0.604522	0.478801	0.609871	0.474037	0.614269	0.46932	0.617776	0.464651	0.62045	0.460027	0.622344	0.45545	0.623509	0.450918	0.623993	0.446431	0.623841	0.441989	0.623098	0.437591	0.621803	0.433237	0.619995	0.428927	0.61771	0.424659	0.614984	0.420433	0.611848	0.41625	0.608333	0.412108	0.604468	0.408008	0.60028	0.403948	0.595796	0.399928	0.59104	0.395949	0.586035	0.392009	0.580802	0.388109	0.575362	0.384247	0.569734	0.380424	0.563936	0.376638	0.557986	0.372891	0.551899	0.369181	0.545691	0.365507	0.539375	0.36187	0.532966	0.35827	0.526475	0.354705	0.519914	0.351175	0.513295	0.347681	0.506628	0.344222	0.499922	0.340797	0.493187	0.337406	0.486431	0.334048	0.479662	0.330725	0.472887	0.327434	0.466113	0.324176	0.459348	0.32095	0.452596	0.317757	0.445864	0.314595	0.439156	0.311465	0.432477	0.308365	0.425833	0.305297	0.419226	0.302259	0.412661	0.299252	0.406142	0.296274	0.399671	0.293326	0.393251	0.290408	0.386886	0.287518	0.380577	0.284657	0.374328	0.281825	0.368139	0.279021	0.362013	0.276244	0.355952	0.273496	0.349957	0.270774	0.344029	0.26808	0.33817	0.265413	0.33238	0.262772	0.326661	0.260157	0.321013	0.257569	0.315437	0.255006	0.309933	0.252468	0.304502	0.249956	0.299144	0.247469	0.293859	0.245007	0.288648	0.242569	0.28351	0.240155	0.278446	0.237766	0.273455	0.2354	0.268538	0.233058	0.263694	0.230739	0.258923	0.228443	0.254224	0.22617	0.249597	0.223919	0.245042	0.221691	0.240559	0.219485	0.236146	0.217301	0.231803	0.215139	0.22753	0.212999	0.223327	0.210879	0.219192	0.208781	0.215124	0.206704	0.211124	0.204647	0.207191	0.202611	0.203323	0.200595	0.199521	0.198599	0.195782	0.196623	0.192108	0.194666	0.188496	0.192729	0.184947	0.190811	0.181459	0.188913	0.178031	0.187033	0.174664	0.185172	0.171355	0.18333	0.168104	0.181505	0.164911	0.179699	0.161775	0.177911	0.158694	0.176141	0.155668	0.174389	0.152697	0.172653	0.149779	0.170935	0.146914	0.169235	0.1441	0.167551	0.141338	0.165884	0.138625	0.164233	0.135963	0.162599	0.133349	0.160981	0.130782	0.159379	0.128264	0.157793	0.125791	0.156223	0.123364	0.154669	0.120982	0.15313	0.118645	0.151606	0.116351	0.150098	0.114099	0.148604	0.11189	0.147125	0.109722	0.145662	0.107594	0.144212	0.105507	0.142777	0.103458	0.141357	0.101448	0.13995	0.0994765	0.138558	0.0975419	0.137179	0.0956439	0.135814	0.0937818	0.134463	0.0919551	0.131751	0.0895292	0.129066	0.0871499	0.126408	0.0848164	0.123776	0.0825277	0.121171	0.0802831	0.118592	0.0780818	0.116038	0.0759229	0.113509	0.0738057	0.111006	0.0717294	0.108528	0.0696932	0.106074	0.0676964	0.103645	0.0657383	0.10124	0.0638181	0.0988585	0.0619352	0.0965011	0.0600888	0.094167	0.0582782	0.0918562	0.0565028	0.0895685	0.0547618	0.0873034	0.0530548	0.0850609	0.0513809	0.0828407	0.0497397	0.0806426	0.0481303	0.0784664	0.0465524	0.0763119	0.0450052	0.0741787	0.0434882	0.0720668	0.0420008	0.0699759	0.0405424	0.0679059	0.0391125	0.0658564	0.0377106	0.0638273	0.036336	0.0618184	0.0349884	0.0598295	0.0336671	0.0578603	0.0323716	0.0559108	0.0311015	0.0539807	0.0298563	0.0520697	0.0286355	0.0501778	0.0274386	0.0483047	0.0262651	0.0464503	0.0251147	0.0446143	0.0239868	0.0427966	0.022881	0.0409969	0.021797	0.0392152	0.0207342	0.0374512	0.0196923	0.0357047	0.0186708	0.0339756	0.0176695	0.0322638	0.0166878	0.0305689	0.0157254	0.0288909	0.0147819	0.0272297	0.0138569	0.0255849	0.0129502	0.0239565	0.0120612	0.0223443	0.0111898	0.0207482	0.0103355	0.0191679	0.00949807	0.0176034	0.00867709	0.0160544	0.00787227	0.0145209	0.0070833	0.0130026	0.00630987	0.0114994	0.00555167	0.0100111	0.00480841	0.00853772	0.0040798	0.00707896	0.00336554	0.00563471	0.00266536	0.00420483	0.00197899	0.00278918	0.00130615	0.00138762	0.000646569	0	0	0	0	
0	0.598159	0	0.604522	0	0.609871	0	0.614269	0	0.617776	0	0.62045	0	0.622344	0	0.623509	0	0.623993	0	0.623841	0	0.623098	0	0.621803	0	0.619995	0	0.61771	0	0.614984	0	0.611848	0	0.608333	0	0.604468	0	0.60028	0	0.595796	0	0.59104	0	0.586035	0	0.580802	0	0.575362	0	0.569734	0	0.563936	0	0.557986	0	0.551899	0	0.545691	0	0.539375	0	0.532966	0	0.526475	0	0.519914	0	0.513295	0	0.506628	0	0.499922	0	0.493187	0	0.486431	0	0.479662	0	0.472887	0	0.466113	0	0.459348	0	0.452596	0	0.445864	0	0.439156	0	0.432477	0	0.425833	0	0.419226	0	0.412661	0	0.406142	0	0.399671	0	0.393251	0	0.386886	0	0.380577	0	0.374328	0	0.368139	0	0.362013	0	0.355952	0	0.349957	0	0.344029	0	0.33817	0	0.33238	0	0.326661	0	0.321013	0	0.315437	0	0.309933	0	0.304502	0	0.299144	0	0.293859	0	0.288648	0	0.28351	0	0.278446	0	0.273455	0	0.268538	0	0.263694	0	0.258923	0	0.254224	0	0.249597	0	0.245042	0	0.240559	0	0.236146	0	0.231803	0	0.22753	0	0.223327	0	0.219192	0	0.215124	0	0.211124	0	0.207191	0	0.203323	0	0.199521	0	0.195782	0	0.192108	0	0.188496	0	0.184947	0	0.181459	0	0.178031	0	0.174664	0	0.171355	0	0.168104	0	0.164911	0	0.161775	0	0.158694	0	0.155668	0	0.152697	0	0.149779	0	0.146914	0	0.1441	0	0.141338	0	0.138625	0	0.135963	0	0.133349	0	0.130782	0	0.128264	0	0.125791	0	0.123364	0	0.120982	0	0.118645	0	0.116351	0	0.114099	0	0.11189	0	0.109722	0	0.107594	0	0.105507	0	0.103458	0	0.101448	0	0.0994765	0	0.0975419	0	0.0956439	0	0.0937818	0	0.0919551	0	0.0895292	0	0.0871499	0	0.0848164	0	0.0825277	0	0.0802831	0	0.0780818	0	0.0759229	0	0.0738057	0	0.0717294	0	0.0696932	0	0.0676964	0	0.0657383	0	0.0638181	0	0.0619352	0	0.0600888	0	0.0582782	0	0.0565028	0	0.0547618	0	0.0530548	0	0.0513809	0	0.0497397	0	0.0481303	0	0.0465524	0	0.0450052	0	0.0434882	0	0.0420008	0	0.0405424	0	0.0391125	0	0.0377106	0	0.036336	0	0.0349884	0	0.0336671	0	0.0323716	0	0.0311015	0	0.0298563	0	0.0286355	0	0.0274386	0	0.0262651	0	0.0251147	0	0.0239868	0	0.022881	0	0.021797	0	0.0207342	0	0.0196923	0	0.0186708	0	0.0176695	0	0.0166878	0	0.0157254	0	0.0147819	0	0.0138569	0	0.0129502	0	0.0120612	0	0.0111898	0	0.0103355	0	0.00949807	0	0.00867709	0	0.00787227	0	0.0070833	0	0.00630987	0	0.00555167	0	0.00480841	0	0.0040798	0	0.00336554	0	0.00266536	0	0.00197899	0	0.00130615	0	0.000646569	0	0	0	0	
0.493465	0.605488	0.488554	0.611736	0.483693	0.616971	0.47888	0.621256	0.474116	0.624652	0.469398	0.627214	0.464727	0.628998	0.460103	0.630054	0.455525	0.63043	0.450993	0.630172	0.446505	0.629322	0.442062	0.627923	0.437664	0.626011	0.433309	0.623624	0.428997	0.620797	0.424729	0.617561	0.420503	0.613947	0.416319	0.609985	0.412176	0.605701	0.408075	0.601122	0.404015	0.596273	0.399995	0.591175	0.396015	0.585851	0.392074	0.580321	0.388173	0.574605	0.384311	0.56872	0.380487	0.562684	0.376701	0.556512	0.372952	0.55022	0.369242	0.543823	0.365568	0.537332	0.36193	0.530762	0.358329	0.524123	0.354763	0.517427	0.351233	0.510683	0.347739	0.503903	0.344279	0.497094	0.340853	0.490266	0.337461	0.483425	0.334104	0.476581	0.330779	0.469739	0.327488	0.462905	0.324229	0.456087	0.321003	0.449289	0.317809	0.442517	0.314647	0.435775	0.311516	0.429069	0.308416	0.422401	0.305348	0.415776	0.302309	0.409198	0.299301	0.402669	0.296323	0.396193	0.293375	0.389772	0.290456	0.383408	0.287566	0.377105	0.284704	0.370863	0.281871	0.364685	0.279067	0.358573	0.27629	0.352528	0.273541	0.346551	0.270819	0.340643	0.268124	0.334806	0.265456	0.32904	0.262815	0.323346	0.2602	0.317725	0.257611	0.312177	0.255048	0.306703	0.25251	0.301302	0.249998	0.295976	0.24751	0.290724	0.245047	0.285546	0.242609	0.280443	0.240195	0.275414	0.237805	0.270458	0.235439	0.265577	0.233096	0.260769	0.230777	0.256034	0.228481	0.251373	0.226207	0.246783	0.223956	0.242266	0.221728	0.23782	0.219522	0.233444	0.217337	0.22914	0.215175	0.224905	0.213034	0.220739	0.210914	0.216641	0.208815	0.212612	0.206738	0.208649	0.204681	0.204753	0.202644	0.200923	0.200628	0.197157	0.198631	0.193456	0.196655	0.189818	0.194698	0.186242	0.192761	0.182729	0.190843	0.179277	0.188944	0.175884	0.187064	0.172552	0.185203	0.169278	0.18336	0.166062	0.181535	0.162903	0.179729	0.1598	0.177941	0.156752	0.17617	0.15376	0.174417	0.150821	0.172682	0.147935	0.170964	0.145101	0.169263	0.142319	0.167578	0.139588	0.165911	0.136906	0.16426	0.134273	0.162626	0.131689	0.161008	0.129152	0.159405	0.126663	0.157819	0.124219	0.156249	0.12182	0.154694	0.119466	0.153155	0.117155	0.151631	0.114888	0.150122	0.112663	0.148629	0.11048	0.14715	0.108337	0.145686	0.106235	0.144236	0.104172	0.142801	0.102149	0.14138	0.100163	0.139973	0.0982148	0.13858	0.0963035	0.137202	0.0944284	0.134463	0.0919551	0.131751	0.0895292	0.129066	0.0871499	0.126408	0.0848164	0.123776	0.0825277	0.121171	0.0802831	0.118592	0.0780818	0.116038	0.0759229	0.113509	0.0738057	0.111006	0.0717294	0.108528	0.0696932	0.106074	0.0676964	0.103645	0.0657383	0.10124	0.0638181	0.0988585	0.0619352	0.0965011	0.0600888	0.094167	0.0582782	0.0918562	0.0565028	0.0895685	0.0547618	0.0873034	0.0530548	0.0850609	0.0513809	0.0828407	0.0497397	0.0806426	0.0481303	0.0784664	0.0465524	0.0763119	0.0450052	0.0741787	0.0434882	0.0720668	0.0420008	0.0699759	0.0405424	0.0679059	0.0391125	0.0658564	0.0377106	0.0638273	0.036336	0.0618184	0.0349884	0.0598295	0.0336671	0.0578603	0.0323716	0.0559108	0.0311015	0.0539807	0.0298563	0.0520697	0.0286355	0.0501778	0.0274386	0.0483047	0.0262651	0.0464503	0.0251147	0.0446143	0.0239868	0.0427966	0.022881	0.0409969	0.021797	0.0392152	0.0207342	0.0374512	0.0196923	0.0357047	0.0186708	0.0339756	0.0176695	0.0322638	0.0166878	0.0305689	0.0157254	0.0288909	0.0147819	0.0272297	0.0138569	0.0255849	0.0129502	0.0239565	0.0120612	0.0223443	0.0111898	0.0207482	0.0103355	0.0191679	0.00949807	0.0176034	0.00867709	0.0160544	0.00787227	0.0145209	0.0070833	0.0130026	0.00630987	0.0114994	0.00555167	0.0100111	0.00480841	0.00853772	0.0040798	0.00707896	0.00336554	0.00563471	0.00266536	0.00420483	0.00197899	0.00278918	0.00130615	0.00138762	0.000646569	0	0	0	0	
0	0.605488	0	0.611736	0	0.616971	0	0.621256	0	0.624652	0	0.627214	0	0.628998	0	0.630054	0	0.63043	0	0.630172	0	0.629322	0	0.627923	0	0.626011	0	0.623624	0	0.620797	0	0.617561	0	0.613947	0	0.609985	0	0.605701	0	0.601122	0	0.596273	0	0.591175	0	0.585851	0	0.580321	0	0.574605	0	0.56872	0	0.562684	0	0.556512	0	0.55022	0	0.543823	0	0.537332	0	0.530762	0	0.524123	0	0.517427	0	0.510683	0	0.503903	0	0.497094	0	0.490266	0	0.483425	0	0.476581	0	0.469739	0	0.462905	0	0.456087	0	0.449289	0	0.442517	0	0.435775	0	0.429069	0	0.422401	0	0.415776	0	0.409198	0	0.402669	0	0.396193	0	0.389772	0	0.383408	0	0.377105	0	0.370863	0	0.364685	0	0.358573	0	0.352528	0	0.346551	0	0.340643	0	0.334806	0	0.32904	0	0.323346	0	0.317725	0	0.312177	0	0.306703	0	0.301302	0	0.295976	0	0.290724	0	0.285546	0	0.280443	0	0.275414	0	0.270458	0	0.265577	0	0.260769	0	0.256034	0	0.251373	0	0.246783	0	0.242266	0	0.23782	0	0.233444	0	0.22914	0	0.224905	0	0.220739	0	0.216641	0	0.212612	0	0.208649	0	0.204753	0	0.200923	0	0.197157	0	0.193456	0	0.189818	0	0.186242	0	0.182729	0	0.179277	0	0.175884	0	0.172552	0	0.169278	0	0.166062	0	0.162903	0	0.1598	0	0.156752	0	0.15376	0	0.150821	0	0.147935	0	0.145101	0	0.142319	0	0.139588	0	0.136906	0	0.134273	0	0.131689	0	0.129152	0	0.126663	0	0.124219	0	0.12182	0	0.119466	0	0.117155	0	0.114888	0	0.112663	0	0.11048	0	0.108337	0	0.106235	0	0.104172	0	0.102149	0	0.100163	0	0.0982148	0	0.0963035	0	0.0944284	0	0.0919551	0	0.0895292	0	0.0871499	0	0.0848164	0	0.0825277	0	0.0802831	0	0.0780818	0	0.0759229	0	0.0738057	0	0.0717294	0	0.0696932	0	0.0676964	0	0.0657383	0	0.0638181	0	0.0619352	0	0.0600888	0	0.0582782	0	0.0565028	0	0.0547618	0	0.0530548	0	0.0513809	0	0.0497397	0	0.0481303	0	0.0465524	0	0.0450052	0	0.0434882	0	0.0420008	0	0.0405424	0	0.0391125	0	0.0377106	0	0.036336	0	0.0349884	0	0.0336671	0	0.0323716	0	0.0311015	0	0.0298563	0	0.0286355	0	0.0274386	0	0.0262651	0	0.0251147	0	0.0239868	0	0.022881	0	0.021797	0	0.0207342	0	0.0196923	0	0.0186708	0	0.0176695	0	0.0166878	0	0.0157254	0	0.0147819	0	0.0138569	0	0.0129502	0	0.0120612	0	0.0111898	0	0.0103355	0	0.00949807	0	0.00867709	0	0.00787227	0	0.0070833	0	0.00630987	0	0.00555167	0	0.00480841	0	0.0040798	0	0.00336554	0	0.00266536	0	0.00197899	0	0.00130615	0	0.000646569	0	0	0	0	
0.498406	0.612702	0.493446	0.618836	0.488537	0.623958	0.483676	0.628132	0.478863	0.631416	0.474098	0.633869	0.469381	0.635544	0.46471	0.636491	0.460086	0.63676	0.455508	0.636396	0.450976	0.635442	0.446489	0.633939	0.442046	0.631925	0.437648	0.629437	0.433293	0.62651	0.428982	0.623175	0.424713	0.619464	0.420487	0.615406	0.416303	0.611027	0.412161	0.606355	0.40806	0.601413	0.404	0.596224	0.39998	0.59081	0.396	0.585192	0.39206	0.579388	0.388159	0.573417	0.384296	0.567297	0.380473	0.561042	0.376687	0.554668	0.372939	0.548189	0.369228	0.541619	0.365554	0.53497	0.361917	0.528254	0.358316	0.521482	0.35475	0.514664	0.351221	0.50781	0.347726	0.500929	0.344266	0.49403	0.34084	0.487119	0.337449	0.480206	0.334091	0.473296	0.330767	0.466396	0.327476	0.459513	0.324217	0.452651	0.320991	0.445815	0.317797	0.439012	0.314635	0.432244	0.311505	0.425516	0.308405	0.418833	0.305336	0.412196	0.302298	0.405611	0.29929	0.399078	0.296312	0.392602	0.293364	0.386185	0.290445	0.379829	0.287555	0.373535	0.284694	0.367306	0.281861	0.361144	0.279057	0.35505	0.27628	0.349024	0.273531	0.343069	0.270809	0.337185	0.268115	0.331374	0.265447	0.325635	0.262806	0.31997	0.260191	0.314379	0.257602	0.308862	0.255038	0.30342	0.252501	0.298052	0.249988	0.29276	0.247501	0.287543	0.245038	0.282401	0.2426	0.277334	0.240186	0.272341	0.237796	0.267423	0.23543	0.26258	0.233088	0.25781	0.230768	0.253113	0.228472	0.24849	0.226199	0.243939	0.223948	0.239461	0.22172	0.235054	0.219514	0.230718	0.217329	0.226452	0.215167	0.222256	0.213026	0.218129	0.210906	0.21407	0.208808	0.210079	0.20673	0.206155	0.204673	0.202297	0.202637	0.198505	0.20062	0.194777	0.198624	0.191113	0.196648	0.187512	0.194691	0.183974	0.192754	0.180497	0.190836	0.177081	0.188937	0.173725	0.187057	0.170428	0.185196	0.16719	0.183353	0.164008	0.181529	0.160884	0.179723	0.157815	0.177934	0.154802	0.176164	0.151842	0.174411	0.148936	0.172676	0.146083	0.170957	0.143282	0.169256	0.140531	0.167572	0.137831	0.165905	0.13518	0.164254	0.132578	0.16262	0.130024	0.161002	0.127517	0.1594	0.125056	0.157814	0.122641	0.156243	0.120271	0.154689	0.117944	0.153149	0.115662	0.151626	0.113421	0.150117	0.111223	0.148623	0.109066	0.147144	0.106949	0.14568	0.104873	0.144231	0.102835	0.142796	0.100836	0.141375	0.0988743	0.139968	0.09695	0.137202	0.0944284	0.134463	0.0919551	0.131751	0.0895292	0.129066	0.0871499	0.126408	0.0848164	0.123776	0.0825277	0.121171	0.0802831	0.118592	0.0780818	0.116038	0.0759229	0.113509	0.0738057	0.111006	0.0717294	0.108528	0.0696932	0.106074	0.0676964	0.103645	0.0657383	0.10124	0.0638181	0.0988585	0.0619352	0.0965011	0.0600888	0.094167	0.0582782	0.0918562	0.0565028	0.0895685	0.0547618	0.0873034	0.0530548	0.0850609	0.0513809	0.0828407	0.0497397	0.0806426	0.0481303	0.0784664	0.0465524	0.0763119	0.0450052	0.0741787	0.0434882	0.0720668	0.0420008	0.0699759	0.0405424	0.0679059	0.0391125	0.0658564	0.0377106	0.0638273	0.036336	0.0618184	0.0349884	0.0598295	0.0336671	0.0578603	0.0323716	0.0559108	0.0311015	0.0539807	0.0298563	0.0520697	0.0286355	0.0501778	0.0274386	0.0483047	0.0262651	0.0464503	0.0251147	0.0446143	0.0239868	0.0427966	0.022881	0.0409969	0.021797	0.0392152	0.0207342	0.0374512	0.0196923	0.0357047	0.0186708	0.0339756	0.0176695	0.0322638	0.0166878	0.0305689	0.0157254	0.0288909	0.0147819	0.0272297	0.0138569	0.0255849	0.0129502	0.0239565	0.0120612	0.0223443	0.0111898	0.0207482	0.0103355	0.0191679	0.00949807	0.0176034	0.00867709	0.0160544	0.00787227	0.0145209	0.0070833	0.0130026	0.00630987	0.0114994	0.00555167	0.0100111	0.00480841	0.00853772	0.0040798	0.00707896	0.00336554	0.00563471	0.00266536	0.00420483	0.00197899	0.00278918	0.00130615	0.00138762	0.000646569	0	0	0	0	
0	0.612702	0	0.618836	0	0.623958	0	0.628132	0	0.631416	0	0.633869	0	0.635544	0	0.636491	0	0.63676	0	0.636396	0	0.635442	0	0.633939	0	0.631925	0	0.629437	0	0.62651	0	0.623175	0	0.619464	0	0.615406	0	0.611027	0	0.606355	0	0.601413	0	0.596224	0	0.59081	0	0.585192	0	0.579388	0	0.573417	0	0.567297	0	0.561042	0	0.554668	0	0.548189	0	0.541619	0	0.53497	0	0.528254	0	0.521482	0	0.514664	0	0.50781	0	0.500929	0	0.49403	0	0.487119	0	0.480206	0	0.473296	0	0.466396	0	0.459513	0	0.452651	0	0.445815	0	0.439012	0	0.432244	0	0.425516	0	0.418833	0	0.412196	0	0.405611	0	0.399078	0	0.392602	0	0.386185	0	0.379829	0	0.373535	0	0.367306	0	0.361144	0	0.35505	0	0.349024	0	0.343069	0	0.337185	0	0.331374	0	0.325635	0	0.31997	0	0.314379	0	0.308862	0	0.30342	0	0.298052	0	0.29276	0	0.287543	0	0.282401	0	0.277334	0	0.272341	0	0.267423	0	0.26258	0	0.25781	0	0.253113	0	0.24849	0	0.243939	0	0.239461	0	0.235054	0	0.230718	0	0.226452	0	0.222256	0	0.218129	0	0.21407	0	0.210079	0	0.206155	0	0.202297	0	0.198505	0	0.194777	0	0.191113	0	0.187512	0	0.183974	0	0.180497	0	0.177081	0	0.173725	0	0.170428	0	0.16719	0	0.164008	0	0.160884	0	0.157815	0	0.154802	0	0.151842	0	0.148936	0	0.146083	0	0.143282	0	0.140531	0	0.137831	0	0.13518	0	0.132578	0	0.130024	0	0.127517	0	0.125056	0	0.122641	0	0.120271	0	0.117944	0	0.115662	0	0.113421	0	0.111223	0	0.109066	0	0.106949	0	0.104873	0	0.102835	0	0.100836	0	0.0988743	0	0.09695	0	0.0944284	0	0.0919551	0	0.0895292	0	0.0871499	0	0.0848164	0	0.0825277	0	0.0802831	0	0.0780818	0	0.0759229	0	0.0738057	0	0.0717294	0	0.0696932	0	0.0676964	0	0.0657383	0	0.0638181	0	0.0619352	0	0.0600888	0	0.0582782	0	0.0565028	0	0.0547618	0	0.0530548	0	0.0513809	0	0.0497397	0	0.0481303	0	0.0465524	0	0.0450052	0	0.0434882	0	0.0420008	0	0.0405424	0	0.0391125	0	0.0377106	0	0.036336	0	0.0349884	0	0.0336671	0	0.0323716	0	0.0311015	0	0.0298563	0	0.0286355	0	0.0274386	0	0.0262651	0	0.0251147	0	0.0239868	0	0.022881	0	0.021797	0	0.0207342	0	0.0196923	0	0.0186708	0	0.0176695	0	0.0166878	0	0.0157254	0	0.0147819	0	0.0138569	0	0.0129502	0	0.0120612	0	0.0111898	0	0.0103355	0	0.00949807	0	0.00867709	0	0.00787227	0	0.0070833	0	0.00630987	0	0.00555167	0	0.00480841	0	0.0040798	0	0.00336554	0	0.00266536	0	0.00197899	0	0.00130615	0	0.000646569	0	0	0	0	
0.503298	0.619802	0.49829	0.625823	0.493332	0.630834	0.488423	0.634896	0.483563	0.63807	0.478751	0.640414	0.473988	0.641981	0.469272	0.642822	0.464602	0.642985	0.459979	0.642516	0.455402	0.641459	0.450871	0.639853	0.446385	0.637738	0.441943	0.63515	0.437546	0.632124	0.433192	0.628692	0.428882	0.624885	0.424614	0.620732	0.420389	0.61626	0.416207	0.611495	0.412065	0.606462	0.407965	0.601183	0.403906	0.595681	0.399887	0.589975	0.395908	0.584086	0.391969	0.57803	0.388068	0.571826	0.384207	0.565489	0.380384	0.559034	0.376599	0.552476	0.372852	0.545828	0.369142	0.539102	0.365469	0.53231	0.361833	0.525463	0.358232	0.518571	0.354668	0.511645	0.351139	0.504693	0.347645	0.497723	0.344186	0.490744	0.340761	0.483763	0.33737	0.476787	0.334014	0.469822	0.33069	0.462874	0.3274	0.455949	0.324142	0.449051	0.320917	0.442187	0.317724	0.435359	0.314562	0.428573	0.311432	0.421831	0.308333	0.415138	0.305265	0.408496	0.302228	0.401909	0.299221	0.395379	0.296243	0.388909	0.293296	0.382501	0.290377	0.376156	0.287488	0.369877	0.284628	0.363666	0.281795	0.357523	0.278992	0.35145	0.276216	0.345448	0.273467	0.339519	0.270746	0.333662	0.268052	0.32788	0.265385	0.322171	0.262744	0.316537	0.26013	0.310979	0.257542	0.305496	0.254979	0.300089	0.252442	0.294757	0.24993	0.289501	0.247443	0.284321	0.244981	0.279217	0.242544	0.274188	0.24013	0.269234	0.237741	0.264355	0.235375	0.259551	0.233033	0.25482	0.230715	0.250164	0.228419	0.245581	0.226146	0.24107	0.223896	0.236632	0.221668	0.232265	0.219463	0.227969	0.217279	0.223743	0.215117	0.219587	0.212976	0.2155	0.210857	0.211481	0.208759	0.20753	0.206682	0.203645	0.204626	0.199826	0.202589	0.196072	0.200574	0.192383	0.198578	0.188758	0.196602	0.185195	0.194646	0.181694	0.192709	0.178255	0.190792	0.174876	0.188893	0.171556	0.187014	0.168295	0.185153	0.165092	0.183311	0.161947	0.181487	0.158857	0.179681	0.155823	0.177893	0.152844	0.176123	0.149918	0.17437	0.147045	0.172635	0.144225	0.170918	0.141456	0.169217	0.138738	0.167533	0.136069	0.165866	0.13345	0.164216	0.130878	0.162582	0.128354	0.160964	0.125877	0.159363	0.123446	0.157777	0.12106	0.156207	0.118718	0.154653	0.11642	0.153114	0.114165	0.15159	0.111952	0.150082	0.10978	0.148589	0.10765	0.14711	0.105559	0.145646	0.103508	0.144197	0.101495	0.142762	0.0995209	0.139968	0.09695	0.137202	0.0944284	0.134463	0.0919551	0.131751	0.0895292	0.129066	0.0871499	0.126408	0.0848164	0.123776	0.0825277	0.121171	0.0802831	0.118592	0.0780818	0.116038	0.0759229	0.113509	0.0738057	0.111006	0.0717294	0.108528	0.0696932	0.106074	0.0676964	0.103645	0.0657383	0.10124	0.0638181	0.0988585	0.0619352	0.0965011	0.0600888	0.094167	0.0582782	0.0918562	0.0565028	0.0895685	0.0547618	0.0873034	0.0530548	0.0850609	0.0513809	0.0828407	0.0497397	0.0806426	0.0481303	0.0784664	0.0465524	0.0763119	0.0450052	0.0741787	0.0434882	0.0720668	0.0420008	0.0699759	0.0405424	0.0679059	0.0391125	0.0658564	0.0377106	0.0638273	0.036336	0.0618184	0.0349884	0.0598295	0.0336671	0.0578603	0.0323716	0.0559108	0.0311015	0.0539807	0.0298563	0.0520697	0.0286355	0.0501778	0.0274386	0.0483047	0.0262651	0.0464503	0.0251147	0.0446143	0.0239868	0.0427966	0.022881	0.0409969	0.021797	0.0392152	0.0207342	0.0374512	0.0196923	0.0357047	0.0186708	0.0339756	0.0176695	0.0322638	0.0166878	0.0305689	0.0157254	0.0288909	0.0147819	0.0272297	0.0138569	0.0255849	0.0129502	0.0239565	0.0120612	0.0223443	0.0111898	0.0207482	0.0103355	0.0191679	0.00949807	0.0176034	0.00867709	0.0160544	0.00787227	0.0145209	0.0070833	0.0130026	0.00630987	0.0114994	0.00555167	0.0100111	0.00480841	0.00853772	0.0040798	0.00707896	0.00336554	0.00563471	0.00266536	0.00420483	0.00197899	0.00278918	0.00130615	0.00138762	0.000646569	0	0	0	0	
0	0.619802	0	0.625823	0	0.630834	0	0.634896	0	0.63807	0	0.640414	0	0.641981	0	0.642822	0	0.642985	0	0.642516	0	0.641459	0	0.639853	0	0.637738	0	0.63515	0	0.632124	0	0.628692	0	0.624885	0	0.620732	0	0.61626	0	0.611495	0	0.606462	0	0.601183	0	0.595681	0	0.589975	0	0.584086	0	0.57803	0	0.571826	0	0.565489	0	0.559034	0	0.552476	0	0.545828	0	0.539102	0	0.53231	0	0.525463	0	0.518571	0	0.511645	0	0.504693	0	0.497723	0	0.490744	0	0.483763	0	0.476787	0	0.469822	0	0.462874	0	0.455949	0	0.449051	0	0.442187	0	0.435359	0	0.428573	0	0.421831	0	0.415138	0	0.408496	0	0.401909	0	0.395379	0	0.388909	0	0.382501	0	0.376156	0	0.369877	0	0.363666	0	0.357523	0	0.35145	0	0.345448	0	0.339519	0	0.333662	0	0.32788	0	0.322171	0	0.316537	0	0.310979	0	0.305496	0	0.300089	0	0.294757	0	0.289501	0	0.284321	0	0.279217	0	0.274188	0	0.269234	0	0.264355	0	0.259551	0	0.25482	0	0.250164	0	0.245581	0	0.24107	0	0.236632	0	0.232265	0	0.227969	0	0.223743	0	0.219587	0	0.2155	0	0.211481	0	0.20753	0	0.203645	0	0.199826	0	0.196072	0	0.192383	0	0.188758	0	0.185195	0	0.181694	0	0.178255	0	0.174876	0	0.171556	0	0.168295	0	0.165092	0	0.161947	0	0.158857	0	0.155823	0	0.152844	0	0.149918	0	0.147045	0	0.144225	0	0.141456	0	0.138738	0	0.136069	0	0.13345	0	0.130878	0	0.128354	0	0.125877	0	0.123446	0	0.12106	0	0.118718	0	0.11642	0	0.114165	0	0.111952	0	0.10978	0	0.10765	0	0.105559	0	0.103508	0	0.101495	0	0.0995209	0	0.09695	0	0.0944284	0	0.0919551	0	0.0895292	0	0.0871499	0	0.0848164	0	0.0825277	0	0.0802831	0	0.0780818	0	0.0759229	0	0.0738057	0	0.0717294	0	0.0696932	0	0.0676964	0	0.0657383	0	0.0638181	0	0.0619352	0	0.0600888	0	0.0582782	0	0.0565028	0	0.0547618	0	0.0530548	0	0.0513809	0	0.0497397	0	0.0481303	0	0.0465524	0	0.0450052	0	0.0434882	0	0.0420008	0	0.0405424	0	0.0391125	0	0.0377106	0	0.036336	0	0.0349884	0	0.0336671	0	0.0323716	0	0.0311015	0	0.0298563	0	0.0286355	0	0.0274386	0	0.0262651	0	0.0251147	0	0.0239868	0	0.022881	0	0.021797	0	0.0207342	0	0.0196923	0	0.0186708	0	0.0176695	0	0.0166878	0	0.0157254	0	0.0147819	0	0.0138569	0	0.0129502	0	0.0120612	0	0.0111898	0	0.0103355	0	0.00949807	0	0.00867709	0	0.00787227	0	0.0070833	0	0.00630987	0	0.00555167	0	0.00480841	0	0.0040798	0	0.00336554	0	0.00266536	0	0.00197899	0	0.00130615	0	0.000646569	0	0	0	0	
0.508141	0.626789	0.503085	0.632699	0.498079	0.637598	0.493123	0.64155	0.488216	0.644616	0.483359	0.646851	0.478549	0.648311	0.473787	0.649046	0.469073	0.649105	0.464406	0.648533	0.459785	0.647373	0.45521	0.645666	0.45068	0.643451	0.446196	0.640765	0.441756	0.637641	0.437361	0.634113	0.433009	0.630211	0.428701	0.625964	0.424435	0.6214	0.420212	0.616544	0.416031	0.611421	0.411891	0.606054	0.407793	0.600465	0.403735	0.594673	0.399718	0.588699	0.39574	0.58256	0.391803	0.576274	0.387904	0.569856	0.384045	0.563321	0.380223	0.556685	0.37644	0.549959	0.372694	0.543157	0.368986	0.53629	0.365315	0.52937	0.36168	0.522406	0.358081	0.515409	0.354518	0.508387	0.35099	0.501349	0.347498	0.494302	0.34404	0.487254	0.340617	0.480213	0.337228	0.473183	0.333872	0.466172	0.33055	0.459185	0.327261	0.452227	0.324005	0.445302	0.320781	0.438415	0.317589	0.431571	0.314429	0.424773	0.3113	0.418024	0.308203	0.411327	0.305136	0.404686	0.3021	0.398103	0.299094	0.391581	0.296118	0.385122	0.293172	0.378727	0.290255	0.372399	0.287367	0.366139	0.284507	0.359949	0.281676	0.353829	0.278874	0.347782	0.276099	0.341808	0.273352	0.335907	0.270632	0.330081	0.267939	0.32433	0.265273	0.318655	0.262633	0.313055	0.26002	0.307532	0.257433	0.302085	0.254871	0.296715	0.252335	0.291421	0.249824	0.286204	0.247339	0.281063	0.244878	0.275998	0.242441	0.271009	0.240029	0.266096	0.23764	0.261258	0.235276	0.256494	0.232935	0.251805	0.230617	0.24719	0.228322	0.242648	0.226051	0.238179	0.223801	0.233782	0.221574	0.229456	0.21937	0.225202	0.217187	0.221017	0.215026	0.216902	0.212886	0.212856	0.210768	0.208877	0.208671	0.204966	0.206595	0.201121	0.204539	0.197343	0.202504	0.193628	0.200489	0.189979	0.198494	0.186392	0.196519	0.182868	0.194564	0.179405	0.192628	0.176004	0.190711	0.172662	0.188813	0.169379	0.186935	0.166155	0.185075	0.162989	0.183233	0.159879	0.18141	0.156824	0.179605	0.153825	0.177818	0.15088	0.176048	0.147989	0.174297	0.14515	0.172562	0.142363	0.170845	0.139627	0.169145	0.136941	0.167462	0.134304	0.165796	0.131716	0.164146	0.129175	0.162513	0.126682	0.160896	0.124235	0.159295	0.121833	0.15771	0.119476	0.156141	0.117163	0.154587	0.114893	0.153049	0.112666	0.151526	0.11048	0.150019	0.108336	0.148526	0.106232	0.147048	0.104167	0.145585	0.102142	0.142762	0.0995209	0.139968	0.09695	0.137202	0.0944284	0.134463	0.0919551	0.131751	0.0895292	0.129066	0.0871499	0.126408	0.0848164	0.123776	0.0825277	0.121171	0.0802831	0.118592	0.0780818	0.116038	0.0759229	0.113509	0.0738057	0.111006	0.0717294	0.108528	0.0696932	0.106074	0.0676964	0.103645	0.0657383	0.10124	0.0638181	0.0988585	0.0619352	0.0965011	0.0600888	0.094167	0.0582782	0.0918562	0.0565028	0.0895685	0.0547618	0.0873034	0.0530548	0.0850609	0.0513809	0.0828407	0.0497397	0.0806426	0.0481303	0.0784664	0.0465524	0.0763119	0.0450052	0.0741787	0.0434882	0.0720668	0.0420008	0.0699759	0.0405424	0.0679059	0.0391125	0.0658564	0.0377106	0.0638273	0.036336	0.0618184	0.0349884	0.0598295	0.0336671	0.0578603	0.0323716	0.0559108	0.0311015	0.0539807	0.0298563	0.0520697	0.0286355	0.0501778	0.0274386	0.0483047	0.0262651	0.0464503	0.0251147	0.0446143	0.0239868	0.0427966	0.022881	0.0409969	0.021797	0.0392152	0.0207342	0.0374512	0.0196923	0.0357047	0.0186708	0.0339756	0.0176695	0.0322638	0.0166878	0.0305689	0.0157254	0.0288909	0.0147819	0.0272297	0.0138569	0.0255849	0.0129502	0.0239565	0.0120612	0.0223443	0.0111898	0.0207482	0.0103355	0.0191679	0.00949807	0.0176034	0.00867709	0.0160544	0.00787227	0.0145209	0.0070833	0.0130026	0.00630987	0.0114994	0.00555167	0.0100111	0.00480841	0.00853772	0.0040798	0.00707896	0.00336554	0.00563471	0.00266536	0.00420483	0.00197899	0.00278918	0.00130615	0.00138762	0.000646569	0	0	0	0	
0	0.626789	0	0.632699	0	0.637598	0	0.64155	0	0.644616	0	0.646851	0	0.648311	0	0.649046	0	0.649105	0	0.648533	0	0.647373	0	0.645666	0	0.643451	0	0.640765	0	0.637641	0	0.634113	0	0.630211	0	0.625964	0	0.6214	0	0.616544	0	0.611421	0	0.606054	0	0.600465	0	0.594673	0	0.588699	0	0.58256	0	0.576274	0	0.569856	0	0.563321	0	0.556685	0	0.549959	0	0.543157	0	0.53629	0	0.52937	0	0.522406	0	0.515409	0	0.508387	0	0.501349	0	0.494302	0	0.487254	0	0.480213	0	0.473183	0	0.466172	0	0.459185	0	0.452227	0	0.445302	0	0.438415	0	0.431571	0	0.424773	0	0.418024	0	0.411327	0	0.404686	0	0.398103	0	0.391581	0	0.385122	0	0.378727	0	0.372399	0	0.366139	0	0.359949	0	0.353829	0	0.347782	0	0.341808	0	0.335907	0	0.330081	0	0.32433	0	0.318655	0	0.313055	0	0.307532	0	0.302085	0	0.296715	0	0.291421	0	0.286204	0	0.281063	0	0.275998	0	0.271009	0	0.266096	0	0.261258	0	0.256494	0	0.251805	0	0.24719	0	0.242648	0	0.238179	0	0.233782	0	0.229456	0	0.225202	0	0.221017	0	0.216902	0	0.212856	0	0.208877	0	0.204966	0	0.201121	0	0.197343	0	0.193628	0	0.189979	0	0.186392	0	0.182868	0	0.179405	0	0.176004	0	0.172662	0	0.169379	0	0.166155	0	0.162989	0	0.159879	0	0.156824	0	0.153825	0	0.15088	0	0.147989	0	0.14515	0	0.142363	0	0.139627	0	0.136941	0	0.134304	0	0.131716	0	0.129175	0	0.126682	0	0.124235	0	0.121833	0	0.119476	0	0.117163	0	0.114893	0	0.112666	0	0.11048	0	0.108336	0	0.106232	0	0.104167	0	0.102142	0	0.0995209	0	0.09695	0	0.0944284	0	0.0919551	0	0.0895292	0	0.0871499	0	0.0848164	0	0.0825277	0	0.0802831	0	0.0780818	0	0.0759229	0	0.0738057	0	0.0717294	0	0.0696932	0	0.0676964	0	0.0657383	0	0.0638181	0	0.0619352	0	0.0600888	0	0.0582782	0	0.0565028	0	0.0547618	0	0.0530548	0	0.0513809	0	0.0497397	0	0.0481303	0	0.0465524	0	0.0450052	0	0.0434882	0	0.0420008	0	0.0405424	0	0.0391125	0	0.0377106	0	0.036336	0	0.0349884	0	0.0336671	0	0.0323716	0	0.0311015	0	0.0298563	0	0.0286355	0	0.0274386	0	0.0262651	0	0.0251147	0	0.0239868	0	0.022881	0	0.021797	0	0.0207342	0	0.0196923	0	0.0186708	0	0.0176695	0	0.0166878	0	0.0157254	0	0.0147819	0	0.0138569	0	0.0129502	0	0.0120612	0	0.0111898	0	0.0103355	0	0.00949807	0	0.00867709	0	0.00787227	0	0.0070833	0	0.00630987	0	0.00555167	0	0.00480841	0	0.0040798	0	0.00336554	0	0.00266536	0	0.00197899	0	0.00130615	0	0.000646569	0	0	0	0	
0.512936	0.633665	0.507832	0.639463	0.502779	0.644252	0.497776	0.648095	0.492823	0.651053	0.48792	0.653182	0.483065	0.654536	0.478258	0.655166	0.4735	0.655121	0.468788	0.654447	0.464124	0.653186	0.459506	0.651379	0.454933	0.649066	0.450407	0.646282	0.445925	0.643062	0.441488	0.639439	0.437095	0.635443	0.432746	0.631104	0.42844	0.626449	0.424177	0.621503	0.419956	0.616292	0.415778	0.610838	0.411641	0.605162	0.407545	0.599286	0.40349	0.593228	0.399475	0.587007	0.3955	0.58064	0.391565	0.574143	0.387669	0.56753	0.383811	0.560816	0.379992	0.554015	0.376211	0.547138	0.372468	0.540198	0.368762	0.533205	0.365093	0.52617	0.36146	0.519103	0.357863	0.512012	0.354302	0.504906	0.350777	0.497793	0.347287	0.49068	0.343831	0.483574	0.34041	0.476482	0.337023	0.469408	0.333669	0.46236	0.330349	0.455342	0.327062	0.448358	0.323808	0.441414	0.320586	0.434513	0.317396	0.427658	0.314238	0.420854	0.311111	0.414104	0.308016	0.40741	0.304951	0.400775	0.301917	0.394202	0.298913	0.387693	0.295938	0.381249	0.292994	0.374872	0.290078	0.368565	0.287192	0.362328	0.284334	0.356163	0.281505	0.350071	0.278704	0.344052	0.275931	0.338108	0.273185	0.33224	0.270467	0.326447	0.267776	0.320731	0.265112	0.315091	0.262474	0.309529	0.259862	0.304043	0.257276	0.298635	0.254716	0.293304	0.252182	0.28805	0.249673	0.282874	0.247188	0.277774	0.244729	0.27275	0.242294	0.267803	0.239883	0.262932	0.237496	0.258136	0.235133	0.253415	0.232793	0.248768	0.230477	0.244195	0.228184	0.239696	0.225913	0.235269	0.223665	0.230915	0.22144	0.226631	0.219236	0.222419	0.217055	0.218276	0.214895	0.214203	0.212757	0.210199	0.21064	0.206262	0.208544	0.202392	0.206469	0.198588	0.204415	0.194849	0.202381	0.191175	0.200367	0.187565	0.198373	0.184018	0.1964	0.180533	0.194445	0.177109	0.192511	0.173746	0.190595	0.170442	0.188699	0.167197	0.186821	0.16401	0.184962	0.16088	0.183122	0.157806	0.1813	0.154788	0.179496	0.151824	0.17771	0.148914	0.175941	0.146057	0.174191	0.143252	0.172458	0.140498	0.170742	0.137795	0.169043	0.135141	0.167361	0.132537	0.165695	0.12998	0.164047	0.127471	0.162414	0.125008	0.160798	0.122591	0.159198	0.120219	0.157614	0.117892	0.156046	0.115607	0.154493	0.113366	0.152956	0.111167	0.151434	0.109009	0.149927	0.106891	0.148436	0.104814	0.145585	0.102142	0.142762	0.0995209	0.139968	0.09695	0.137202	0.0944284	0.134463	0.0919551	0.131751	0.0895292	0.129066	0.0871499	0.126408	0.0848164	0.123776	0.0825277	0.121171	0.0802831	0.118592	0.0780818	0.116038	0.0759229	0.113509	0.0738057	0.111006	0.0717294	0.108528	0.0696932	0.106074	0.0676964	0.103645	0.0657383	0.10124	0.0638181	0.0988585	0.0619352	0.0965011	0.0600888	0.094167	0.0582782	0.0918562	0.0565028	0.0895685	0.0547618	0.0873034	0.0530548	0.0850609	0.0513809	0.0828407	0.0497397	0.0806426	0.0481303	0.0784664	0.0465524	0.0763119	0.0450052	0.0741787	0.0434882	0.0720668	0.0420008	0.0699759	0.0405424	0.0679059	0.0391125	0.0658564	0.0377106	0.0638273	0.036336	0.0618184	0.0349884	0.0598295	0.0336671	0.0578603	0.0323716	0.0559108	0.0311015	0.0539807	0.0298563	0.0520697	0.0286355	0.0501778	0.0274386	0.0483047	0.0262651	0.0464503	0.0251147	0.0446143	0.0239868	0.0427966	0.022881	0.0409969	0.021797	0.0392152	0.0207342	0.0374512	0.0196923	0.0357047	0.0186708	0.0339756	0.0176695	0.0322638	0.0166878	0.0305689	0.0157254	0.0288909	0.0147819	0.0272297	0.0138569	0.0255849	0.0129502	0.0239565	0.0120612	0.0223443	0.0111898	0.0207482	0.0103355	0.0191679	0.00949807	0.0176034	0.00867709	0.0160544	0.00787227	0.0145209	0.0070833	0.0130026	0.00630987	0.0114994	0.00555167	0.0100111	0.00480841	0.00853772	0.0040798	0.00707896	0.00336554	0.00563471	0.00266536	0.00420483	0.00197899	0.00278918	0.00130615	0.00138762	0.000646569	0	0	0	0	
0	0.633665	0	0.639463	0	0.644252	0	0.648095	0	0.651053	0	0.653182	0	0.654536	0	0.655166	0	0.655121	0	0.654447	0	0.653186	0	0.651379	0	0.649066	0	0.646282	0	0.643062	0	0.639439	0	0.635443	0	0.631104	0	0.626449	0	0.621503	0	0.616292	0	0.610838	0	0.605162	0	0.599286	0	0.593228	0	0.587007	0	0.58064	0	0.574143	0	0.56753	0	0.560816	0	0.554015	0	0.547138	0	0.540198	0	0.533205	0	0.52617	0	0.519103	0	0.512012	0	0.504906	0	0.497793	0	0.49068	0	0.483574	0	0.476482	0	0.469408	0	0.46236	0	0.455342	0	0.448358	0	0.441414	0	0.434513	0	0.427658	0	0.420854	0	0.414104	0	0.40741	0	0.400775	0	0.394202	0	0.387693	0	0.381249	0	0.374872	0	0.368565	0	0.362328	0	0.356163	0	0.350071	0	0.344052	0	0.338108	0	0.33224	0	0.326447	0	0.320731	0	0.315091	0	0.309529	0	0.304043	0	0.298635	0	0.293304	0	0.28805	0	0.282874	0	0.277774	0	0.27275	0	0.267803	0	0.262932	0	0.258136	0	0.253415	0	0.248768	0	0.244195	0	0.239696	0	0.235269	0	0.230915	0	0.226631	0	0.222419	0	0.218276	0	0.214203	0	0.210199	0	0.206262	0	0.202392	0	0.198588	0	0.194849	0	0.191175	0	0.187565	0	0.184018	0	0.180533	0	0.177109	0	0.173746	0	0.170442	0	0.167197	0	0.16401	0	0.16088	0	0.157806	0	0.154788	0	0.151824	0	0.148914	0	0.146057	0	0.143252	0	0.140498	0	0.137795	0	0.135141	0	0.132537	0	0.12998	0	0.127471	0	0.125008	0	0.122591	0	0.120219	0	0.117892	0	0.115607	0	0.113366	0	0.111167	0	0.109009	0	0.106891	0	0.104814	0	0.102142	0	0.0995209	0	0.09695	0	0.0944284	0	0.0919551	0	0.0895292	0	0.0871499	0	0.0848164	0	0.0825277	0	0.0802831	0	0.0780818	0	0.0759229	0	0.0738057	0	0.0717294	0	0.0696932	0	0.0676964	0	0.0657383	0	0.0638181	0	0.0619352	0	0.0600888	0	0.0582782	0	0.0565028	0	0.0547618	0	0.0530548	0	0.0513809	0	0.0497397	0	0.0481303	0	0.0465524	0	0.0450052	0	0.0434882	0	0.0420008	0	0.0405424	0	0.0391125	0	0.0377106	0	0.036336	0	0.0349884	0	0.0336671	0	0.0323716	0	0.0311015	0	0.0298563	0	0.0286355	0	0.0274386	0	0.0262651	0	0.0251147	0	0.0239868	0	0.022881	0	0.021797	0	0.0207342	0	0.0196923	0	0.0186708	0	0.0176695	0	0.0166878	0	0.0157254	0	0.0147819	0	0.0138569	0	0.0129502	0	0.0120612	0	0.0111898	0	0.0103355	0	0.00949807	0	0.00867709	0	0.00787227	0	0.0070833	0	0.00630987	0	0.00555167	0	0.00480841	0	0.0040798	0	0.00336554	0	0.00266536	0	0.00197899	0	0.00130615	0	0.000646569	0	0	0	0	
0.517683	0.640429	0.512532	0.646118	0.507432	0.650798	0.502383	0.654533	0.497385	0.657383	0.492436	0.659406	0.487536	0.660656	0.482685	0.661182	0.477882	0.661035	0.473127	0.66026	0.468419	0.658899	0.463758	0.656994	0.459144	0.654583	0.454575	0.651703	0.450052	0.648388	0.445574	0.644671	0.441141	0.640583	0.436751	0.636153	0.432405	0.631408	0.428103	0.626374	0.423843	0.621075	0.419626	0.615535	0.415451	0.609775	0.411317	0.603816	0.407224	0.597676	0.403172	0.591374	0.399161	0.584927	0.395189	0.578351	0.391257	0.571661	0.387364	0.564872	0.383509	0.557995	0.379693	0.551045	0.375915	0.544033	0.372175	0.536969	0.368472	0.529864	0.364805	0.522728	0.361175	0.51557	0.357582	0.508397	0.354024	0.501219	0.350501	0.494041	0.347013	0.486872	0.343561	0.479718	0.340142	0.472583	0.336758	0.465475	0.333407	0.458398	0.330089	0.451357	0.326805	0.444355	0.323553	0.437398	0.320334	0.430489	0.317146	0.423631	0.313991	0.416828	0.310867	0.410082	0.307773	0.403396	0.304711	0.396773	0.301679	0.390214	0.298677	0.383722	0.295705	0.377298	0.292763	0.370944	0.28985	0.364662	0.286966	0.358452	0.284111	0.352315	0.281284	0.346254	0.278485	0.340267	0.275714	0.334357	0.27297	0.328524	0.270254	0.322767	0.267565	0.317088	0.264903	0.311487	0.262267	0.305964	0.259658	0.300518	0.257074	0.295151	0.254516	0.289861	0.251984	0.284649	0.249476	0.279515	0.246994	0.274457	0.244536	0.269477	0.242103	0.264573	0.239694	0.259745	0.237309	0.254993	0.234948	0.250315	0.23261	0.245712	0.230296	0.241183	0.228004	0.236728	0.225735	0.232345	0.223489	0.228033	0.221266	0.223794	0.219064	0.219624	0.216884	0.215525	0.214726	0.211494	0.21259	0.207532	0.210474	0.203637	0.20838	0.199809	0.206307	0.196046	0.204254	0.192349	0.202221	0.188716	0.200209	0.185146	0.198217	0.181639	0.196245	0.178193	0.194292	0.174809	0.192359	0.171484	0.190445	0.168219	0.18855	0.165011	0.186674	0.161862	0.184817	0.158769	0.182978	0.155731	0.181157	0.152749	0.179354	0.149821	0.17757	0.146946	0.175803	0.144123	0.174054	0.141352	0.172322	0.138632	0.170607	0.135962	0.16891	0.133341	0.167229	0.130769	0.165565	0.128244	0.163918	0.125766	0.162287	0.123334	0.160672	0.120948	0.159073	0.118606	0.15749	0.116308	0.155923	0.114052	0.154372	0.11184	0.152836	0.109668	0.151315	0.107538	0.148436	0.104814	0.145585	0.102142	0.142762	0.0995209	0.139968	0.09695	0.137202	0.0944284	0.134463	0.0919551	0.131751	0.0895292	0.129066	0.0871499	0.126408	0.0848164	0.123776	0.0825277	0.121171	0.0802831	0.118592	0.0780818	0.116038	0.0759229	0.113509	0.0738057	0.111006	0.0717294	0.108528	0.0696932	0.106074	0.0676964	0.103645	0.0657383	0.10124	0.0638181	0.0988585	0.0619352	0.0965011	0.0600888	0.094167	0.0582782	0.0918562	0.0565028	0.0895685	0.0547618	0.0873034	0.0530548	0.0850609	0.0513809	0.0828407	0.0497397	0.0806426	0.0481303	0.0784664	0.0465524	0.0763119	0.0450052	0.0741787	0.0434882	0.0720668	0.0420008	0.0699759	0.0405424	0.0679059	0.0391125	0.0658564	0.0377106	0.0638273	0.036336	0.0618184	0.0349884	0.0598295	0.0336671	0.0578603	0.0323716	0.0559108	0.0311015	0.0539807	0.0298563	0.0520697	0.0286355	0.0501778	0.0274386	0.0483047	0.0262651	0.0464503	0.0251147	0.0446143	0.0239868	0.0427966	0.022881	0.0409969	0.021797	0.0392152	0.0207342	0.0374512	0.0196923	0.0357047	0.0186708	0.0339756	0.0176695	0.0322638	0.0166878	0.0305689	0.0157254	0.0288909	0.0147819	0.0272297	0.0138569	0.0255849	0.0129502	0.0239565	0.0120612	0.0223443	0.0111898	0.0207482	0.0103355	0.0191679	0.00949807	0.0176034	0.00867709	0.0160544	0.00787227	0.0145209	0.0070833	0.0130026	0.00630987	0.0114994	0.00555167	0.0100111	0.00480841	0.00853772	0.0040798	0.00707896	0.00336554	0.00563471	0.00266536	0.00420483	0.00197899	0.00278918	0.00130615	0.00138762	0.000646569	0	0	0	0	
0	0.640429	0	0.646118	0	0.650798	0	0.654533	0	0.657383	0	0.659406	0	0.660656	0	0.661182	0	0.661035	0	0.66026	0	0.658899	0	0.656994	0	0.654583	0	0.651703	0	0.648388	0	0.644671	0	0.640583	0	0.636153	0	0.631408	0	0.626374	0	0.621075	0	0.615535	0	0.609775	0	0.603816	0	0.597676	0	0.591374	0	0.584927	0	0.578351	0	0.571661	0	0.564872	0	0.557995	0	0.551045	0	0.544033	0	0.536969	0	0.529864	0	0.522728	0	0.51557	0	0.508397	0	0.501219	0	0.494041	0	0.486872	0	0.479718	0	0.472583	0	0.465475	0	0.458398	0	0.451357	0	0.444355	0	0.437398	0	0.430489	0	0.423631	0	0.416828	0	0.410082	0	0.403396	0	0.396773	0	0.390214	0	0.383722	0	0.377298	0	0.370944	0	0.364662	0	0.358452	0	0.352315	0	0.346254	0	0.340267	0	0.334357	0	0.328524	0	0.322767	0	0.317088	0	0.311487	0	0.305964	0	0.300518	0	0.295151	0	0.289861	0	0.284649	0	0.279515	0	0.274457	0	0.269477	0	0.264573	0	0.259745	0	0.254993	0	0.250315	0	0.245712	0	0.241183	0	0.236728	0	0.232345	0	0.228033	0	0.223794	0	0.219624	0	0.215525	0	0.211494	0	0.207532	0	0.203637	0	0.199809	0	0.196046	0	0.192349	0	0.188716	0	0.185146	0	0.181639	0	0.178193	0	0.174809	0	0.171484	0	0.168219	0	0.165011	0	0.161862	0	0.158769	0	0.155731	0	0.152749	0	0.149821	0	0.146946	0	0.144123	0	0.141352	0	0.138632	0	0.135962	0	0.133341	0	0.130769	0	0.128244	0	0.125766	0	0.123334	0	0.120948	0	0.118606	0	0.116308	0	0.114052	0	0.11184	0	0.109668	0	0.107538	0	0.104814	0	0.102142	0	0.0995209	0	0.09695	0	0.0944284	0	0.0919551	0	0.0895292	0	0.0871499	0	0.0848164	0	0.0825277	0	0.0802831	0	0.0780818	0	0.0759229	0	0.0738057	0	0.0717294	0	0.0696932	0	0.0676964	0	0.0657383	0	0.0638181	0	0.0619352	0	0.0600888	0	0.0582782	0	0.0565028	0	0.0547618	0	0.0530548	0	0.0513809	0	0.0497397	0	0.0481303	0	0.0465524	0	0.0450052	0	0.0434882	0	0.0420008	0	0.0405424	0	0.0391125	0	0.0377106	0	0.036336	0	0.0349884	0	0.0336671	0	0.0323716	0	0.0311015	0	0.0298563	0	0.0286355	0	0.0274386	0	0.0262651	0	0.0251147	0	0.0239868	0	0.022881	0	0.021797	0	0.0207342	0	0.0196923	0	0.0186708	0	0.0176695	0	0.0166878	0	0.0157254	0	0.0147819	0	0.0138569	0	0.0129502	0	0.0120612	0	0.0111898	0	0.0103355	0	0.00949807	0	0.00867709	0	0.00787227	0	0.0070833	0	0.00630987	0	0.00555167	0	0.00480841	0	0.0040798	0	0.00336554	0	0.00266536	0	0.00197899	0	0.00130615	0	0.000646569	0	0	0	0	
0.522383	0.647083	0.517186	0.652663	0.51204	0.657235	0.506945	0.660863	0.5019	0.663608	0.496906	0.665526	0.491962	0.666672	0.487067	0.667097	0.482221	0.666848	0.477422	0.665973	0.472672	0.664513	0.467969	0.662511	0.463313	0.660004	0.458702	0.657029	0.454138	0.653621	0.44962	0.649812	0.445146	0.645632	0.440717	0.641112	0.436331	0.636279	0.43199	0.631158	0.427691	0.625773	0.423436	0.620148	0.419223	0.614305	0.415051	0.608263	0.410921	0.602042	0.406833	0.595661	0.402785	0.589136	0.398777	0.582482	0.394809	0.575717	0.39088	0.568852	0.386991	0.561903	0.383141	0.55488	0.379328	0.547797	0.375554	0.540663	0.371817	0.533489	0.368117	0.526286	0.364455	0.519061	0.360828	0.511823	0.357238	0.50458	0.353683	0.49734	0.350164	0.490108	0.34668	0.482893	0.34323	0.475699	0.339815	0.468532	0.336434	0.461396	0.333086	0.454298	0.329772	0.447241	0.326491	0.440229	0.323242	0.433266	0.320026	0.426355	0.316842	0.4195	0.313689	0.412703	0.310568	0.405967	0.307477	0.399295	0.304418	0.392688	0.301389	0.386148	0.29839	0.379677	0.295421	0.373278	0.292482	0.36695	0.289571	0.360696	0.28669	0.354517	0.283837	0.348412	0.281013	0.342384	0.278217	0.336433	0.275449	0.33056	0.272708	0.324764	0.269995	0.319046	0.267308	0.313407	0.264648	0.307847	0.262015	0.302365	0.259408	0.296961	0.256827	0.291636	0.254271	0.28639	0.251741	0.281222	0.249236	0.276131	0.246756	0.271118	0.244301	0.266182	0.24187	0.261323	0.239464	0.25654	0.237081	0.251832	0.234722	0.2472	0.232386	0.242642	0.230074	0.238158	0.227785	0.233747	0.225518	0.229408	0.223274	0.225141	0.221053	0.220945	0.218853	0.21682	0.216676	0.212764	0.21452	0.208777	0.212385	0.204858	0.210272	0.201005	0.20818	0.19722	0.206108	0.193499	0.204057	0.189844	0.202027	0.186252	0.200017	0.182723	0.198027	0.179256	0.196056	0.175851	0.194105	0.172505	0.192174	0.16922	0.190262	0.165993	0.188369	0.162824	0.186495	0.159712	0.184639	0.156656	0.182802	0.153656	0.180983	0.15071	0.179182	0.147817	0.177399	0.144978	0.175634	0.14219	0.173886	0.139453	0.172156	0.136767	0.170443	0.13413	0.168747	0.131543	0.167068	0.129002	0.165406	0.12651	0.16376	0.124063	0.162131	0.121662	0.160517	0.119306	0.15892	0.116994	0.157339	0.114725	0.155773	0.112499	0.154223	0.110315	0.151315	0.107538	0.148436	0.104814	0.145585	0.102142	0.142762	0.0995209	0.139968	0.09695	0.137202	0.0944284	0.134463	0.0919551	0.131751	0.0895292	0.129066	0.0871499	0.126408	0.0848164	0.123776	0.0825277	0.121171	0.0802831	0.118592	0.0780818	0.116038	0.0759229	0.113509	0.0738057	0.111006	0.0717294	0.108528	0.0696932	0.106074	0.0676964	0.103645	0.0657383	0.10124	0.0638181	0.0988585	0.0619352	0.0965011	0.0600888	0.094167	0.0582782	0.0918562	0.0565028	0.0895685	0.0547618	0.0873034	0.0530548	0.0850609	0.0513809	0.0828407	0.0497397	0.0806426	0.0481303	0.0784664	0.0465524	0.0763119	0.0450052	0.0741787	0.0434882	0.0720668	0.0420008	0.0699759	0.0405424	0.0679059	0.0391125	0.0658564	0.0377106	0.0638273	0.036336	0.0618184	0.0349884	0.0598295	0.0336671	0.0578603	0.0323716	0.0559108	0.0311015	0.0539807	0.0298563	0.0520697	0.0286355	0.0501778	0.0274386	0.0483047	0.0262651	0.0464503	0.0251147	0.0446143	0.0239868	0.0427966	0.022881	0.0409969	0.021797	0.0392152	0.0207342	0.0374512	0.0196923	0.0357047	0.0186708	0.0339756	0.0176695	0.0322638	0.0166878	0.0305689	0.0157254	0.0288909	0.0147819	0.0272297	0.0138569	0.0255849	0.0129502	0.0239565	0.0120612	0.0223443	0.0111898	0.0207482	0.0103355	0.0191679	0.00949807	0.0176034	0.00867709	0.0160544	0.00787227	0.0145209	0.0070833	0.0130026	0.00630987	0.0114994	0.00555167	0.0100111	0.00480841	0.00853772	0.0040798	0.00707896	0.00336554	0.00563471	0.00266536	0.00420483	0.00197899	0.00278918	0.00130615	0.00138762	0.000646569	0	0	0	0	
0	0.647083	0	0.652663	0	0.657235	0	0.660863	0	0.663608	0	0.665526	0	0.666672	0	0.667097	0	0.666848	0	0.665973	0	0.664513	0	0.662511	0	0.660004	0	0.657029	0	0.653621	0	0.649812	0	0.645632	0	0.641112	0	0.636279	0	0.631158	0	0.625773	0	0.620148	0	0.614305	0	0.608263	0	0.602042	0	0.595661	0	0.589136	0	0.582482	0	0.575717	0	0.568852	0	0.561903	0	0.55488	0	0.547797	0	0.540663	0	0.533489	0	0.526286	0	0.519061	0	0.511823	0	0.50458	0	0.49734	0	0.490108	0	0.482893	0	0.475699	0	0.468532	0	0.461396	0	0.454298	0	0.447241	0	0.440229	0	0.433266	0	0.426355	0	0.4195	0	0.412703	0	0.405967	0	0.399295	0	0.392688	0	0.386148	0	0.379677	0	0.373278	0	0.36695	0	0.360696	0	0.354517	0	0.348412	0	0.342384	0	0.336433	0	0.33056	0	0.324764	0	0.319046	0	0.313407	0	0.307847	0	0.302365	0	0.296961	0	0.291636	0	0.28639	0	0.281222	0	0.276131	0	0.271118	0	0.266182	0	0.261323	0	0.25654	0	0.251832	0	0.2472	0	0.242642	0	0.238158	0	0.233747	0	0.229408	0	0.225141	0	0.220945	0	0.21682	0	0.212764	0	0.208777	0	0.204858	0	0.201005	0	0.19722	0	0.193499	0	0.189844	0	0.186252	0	0.182723	0	0.179256	0	0.175851	0	0.172505	0	0.16922	0	0.165993	0	0.162824	0	0.159712	0	0.156656	0	0.153656	0	0.15071	0	0.147817	0	0.144978	0	0.14219	0	0.139453	0	0.136767	0	0.13413	0	0.131543	0	0.129002	0	0.12651	0	0.124063	0	0.121662	0	0.119306	0	0.116994	0	0.114725	0	0.112499	0	0.110315	0	0.107538	0	0.104814	0	0.102142	0	0.0995209	0	0.09695	0	0.0944284	0	0.0919551	0	0.0895292	0	0.0871499	0	0.0848164	0	0.0825277	0	0.0802831	0	0.0780818	0	0.0759229	0	0.0738057	0	0.0717294	0	0.0696932	0	0.0676964	0	0.0657383	0	0.0638181	0	0.0619352	0	0.0600888	0	0.0582782	0	0.0565028	0	0.0547618	0	0.0530548	0	0.0513809	0	0.0497397	0	0.0481303	0	0.0465524	0	0.0450052	0	0.0434882	0	0.0420008	0	0.0405424	0	0.0391125	0	0.0377106	0	0.036336	0	0.0349884	0	0.0336671	0	0.0323716	0	0.0311015	0	0.0298563	0	0.0286355	0	0.0274386	0	0.0262651	0	0.0251147	0	0.0239868	0	0.022881	0	0.021797	0	0.0207342	0	0.0196923	0	0.0186708	0	0.0176695	0	0.0166878	0	0.0157254	0	0.0147819	0	0.0138569	0	0.0129502	0	0.0120612	0	0.0111898	0	0.0103355	0	0.00949807	0	0.00867709	0	0.00787227	0	0.0070833	0	0.00630987	0	0.00555167	0	0.00480841	0	0.0040798	0	0.00336554	0	0.00266536	0	0.00197899	0	0.00130615	0	0.000646569	0	0	0	0	
0.527037	0.653628	0.521793	0.6591	0.516601	0.663565	0.51146	0.667088	0.506371	0.669728	0.501333	0.671542	0.496345	0.672586	0.491406	0.67291	0.486516	0.672561	0.481675	0.671587	0.476883	0.67003	0.472138	0.667932	0.46744	0.66533	0.462789	0.662261	0.458184	0.658761	0.453625	0.654861	0.449111	0.650592	0.444642	0.645983	0.440218	0.641062	0.435838	0.635855	0.431501	0.630386	0.427208	0.624678	0.422957	0.618752	0.418748	0.61263	0.414582	0.606329	0.410457	0.599869	0.406373	0.593267	0.402329	0.586538	0.398326	0.579697	0.394362	0.57276	0.390438	0.565738	0.386554	0.558644	0.382707	0.551491	0.378899	0.544288	0.375129	0.537047	0.371397	0.529777	0.367701	0.522486	0.364042	0.515184	0.36042	0.507878	0.356834	0.500576	0.353283	0.493284	0.349768	0.486008	0.346288	0.478755	0.342842	0.47153	0.339431	0.464338	0.336053	0.457184	0.33271	0.450072	0.329399	0.443006	0.326122	0.43599	0.322877	0.429027	0.319664	0.422121	0.316483	0.415274	0.313334	0.408489	0.310216	0.401768	0.30713	0.395113	0.304074	0.388527	0.301048	0.382011	0.298053	0.375566	0.295087	0.369195	0.292151	0.362898	0.289244	0.356675	0.286366	0.35053	0.283516	0.344461	0.280695	0.33847	0.277902	0.332556	0.275137	0.326722	0.2724	0.320966	0.269689	0.31529	0.267006	0.309693	0.264349	0.304175	0.261719	0.298737	0.259115	0.293377	0.256536	0.288097	0.253984	0.282896	0.251457	0.277772	0.248955	0.272727	0.246477	0.26776	0.244025	0.26287	0.241597	0.258057	0.239193	0.25332	0.236813	0.248658	0.234457	0.244072	0.232124	0.239559	0.229814	0.235121	0.227527	0.230756	0.225263	0.226462	0.223022	0.222241	0.220803	0.21809	0.218606	0.214009	0.216431	0.209998	0.214277	0.206055	0.212145	0.202179	0.210034	0.19837	0.207944	0.194627	0.205875	0.190949	0.203827	0.187336	0.201799	0.183786	0.199791	0.180298	0.197803	0.176872	0.195835	0.173507	0.193886	0.170202	0.191957	0.166955	0.190047	0.163768	0.188156	0.160637	0.186284	0.157563	0.18443	0.154545	0.182595	0.151581	0.180778	0.148671	0.178979	0.145815	0.177198	0.143011	0.175435	0.140258	0.17369	0.137556	0.171961	0.134904	0.17025	0.132301	0.168556	0.129746	0.166879	0.127238	0.165219	0.124777	0.163575	0.122362	0.161947	0.119992	0.160336	0.117667	0.15874	0.115385	0.157161	0.113146	0.154223	0.110315	0.151315	0.107538	0.148436	0.104814	0.145585	0.102142	0.142762	0.0995209	0.139968	0.09695	0.137202	0.0944284	0.134463	0.0919551	0.131751	0.0895292	0.129066	0.0871499	0.126408	0.0848164	0.123776	0.0825277	0.121171	0.0802831	0.118592	0.0780818	0.116038	0.0759229	0.113509	0.0738057	0.111006	0.0717294	0.108528	0.0696932	0.106074	0.0676964	0.103645	0.0657383	0.10124	0.0638181	0.0988585	0.0619352	0.0965011	0.0600888	0.094167	0.0582782	0.0918562	0.0565028	0.0895685	0.0547618	0.0873034	0.0530548	0.0850609	0.0513809	0.0828407	0.0497397	0.0806426	0.0481303	0.0784664	0.0465524	0.0763119	0.0450052	0.0741787	0.0434882	0.0720668	0.0420008	0.0699759	0.0405424	0.0679059	0.0391125	0.0658564	0.0377106	0.0638273	0.036336	0.0618184	0.0349884	0.0598295	0.0336671	0.0578603	0.0323716	0.0559108	0.0311015	0.0539807	0.0298563	0.0520697	0.0286355	0.0501778	0.0274386	0.0483047	0.0262651	0.0464503	0.0251147	0.0446143	0.0239868	0.0427966	0.022881	0.0409969	0.021797	0.0392152	0.0207342	0.0374512	0.0196923	0.0357047	0.0186708	0.0339756	0.0176695	0.0322638	0.0166878	0.0305689	0.0157254	0.0288909	0.0147819	0.0272297	0.0138569	0.0255849	0.0129502	0.0239565	0.0120612	0.0223443	0.0111898	0.0207482	0.0103355	0.0191679	0.00949807	0.0176034	0.00867709	0.0160544	0.00787227	0.0145209	0.0070833	0.0130026	0.00630987	0.0114994	0.00555167	0.0100111	0.00480841	0.00853772	0.0040798	0.00707896	0.00336554	0.00563471	0.00266536	0.00420483	0.00197899	0.00278918	0.00130615	0.00138762	0.000646569	0	0	0	0	
0	0.653628	0	0.6591	0	0.663565	0	0.667088	0	0.669728	0	0.671542	0	0.672586	0	0.67291	0	0.672561	0	0.671587	0	0.67003	0	0.667932	0	0.66533	0	0.662261	0	0.658761	0	0.654861	0	0.650592	0	0.645983	0	0.641062	0	0.635855	0	0.630386	0	0.624678	0	0.618752	0	0.61263	0	0.606329	0	0.599869	0	0.593267	0	0.586538	0	0.579697	0	0.57276	0	0.565738	0	0.558644	0	0.551491	0	0.544288	0	0.537047	0	0.529777	0	0.522486	0	0.515184	0	0.507878	0	0.500576	0	0.493284	0	0.486008	0	0.478755	0	0.47153	0	0.464338	0	0.457184	0	0.450072	0	0.443006	0	0.43599	0	0.429027	0	0.422121	0	0.415274	0	0.408489	0	0.401768	0	0.395113	0	0.388527	0	0.382011	0	0.375566	0	0.369195	0	0.362898	0	0.356675	0	0.35053	0	0.344461	0	0.33847	0	0.332556	0	0.326722	0	0.320966	0	0.31529	0	0.309693	0	0.304175	0	0.298737	0	0.293377	0	0.288097	0	0.282896	0	0.277772	0	0.272727	0	0.26776	0	0.26287	0	0.258057	0	0.25332	0	0.248658	0	0.244072	0	0.239559	0	0.235121	0	0.230756	0	0.226462	0	0.222241	0	0.21809	0	0.214009	0	0.209998	0	0.206055	0	0.202179	0	0.19837	0	0.194627	0	0.190949	0	0.187336	0	0.183786	0	0.180298	0	0.176872	0	0.173507	0	0.170202	0	0.166955	0	0.163768	0	0.160637	0	0.157563	0	0.154545	0	0.151581	0	0.148671	0	0.145815	0	0.143011	0	0.140258	0	0.137556	0	0.134904	0	0.132301	0	0.129746	0	0.127238	0	0.124777	0	0.122362	0	0.119992	0	0.117667	0	0.115385	0	0.113146	0	0.110315	0	0.107538	0	0.104814	0	0.102142	0	0.0995209	0	0.09695	0	0.0944284	0	0.0919551	0	0.0895292	0	0.0871499	0	0.0848164	0	0.0825277	0	0.0802831	0	0.0780818	0	0.0759229	0	0.0738057	0	0.0717294	0	0.0696932	0	0.0676964	0	0.0657383	0	0.0638181	0	0.0619352	0	0.0600888	0	0.0582782	0	0.0565028	0	0.0547618	0	0.0530548	0	0.0513809	0	0.0497397	0	0.0481303	0	0.0465524	0	0.0450052	0	0.0434882	0	0.0420008	0	0.0405424	0	0.0391125	0	0.0377106	0	0.036336	0	0.0349884	0	0.0336671	0	0.0323716	0	0.0311015	0	0.0298563	0	0.0286355	0	0.0274386	0	0.0262651	0	0.0251147	0	0.0239868	0	0.022881	0	0.021797	0	0.0207342	0	0.0196923	0	0.0186708	0	0.0176695	0	0.0166878	0	0.0157254	0	0.0147819	0	0.0138569	0	0.0129502	0	0.0120612	0	0.0111898	0	0.0103355	0	0.00949807	0	0.00867709	0	0.00787227	0	0.0070833	0	0.00630987	0	0.00555167	0	0.00480841	0	0.0040798	0	0.00336554	0	0.00266536	0	0.00197899	0	0.00130615	0	0.000646569	0	0	0	0	
0.531644	0.660066	0.526354	0.66543	0.521117	0.66979	0.515931	0.673207	0.510798	0.675744	0.505715	0.677456	0.500683	0.678399	0.495701	0.678623	0.490769	0.678176	0.485886	0.677104	0.481051	0.675451	0.476265	0.673258	0.471526	0.670562	0.466834	0.667401	0.462189	0.66381	0.45759	0.65982	0.453037	0.655463	0.448529	0.650767	0.444066	0.64576	0.439648	0.640468	0.435273	0.634916	0.430942	0.629125	0.426654	0.623119	0.422409	0.616916	0.418206	0.610538	0.414045	0.604001	0.409925	0.597322	0.405846	0.590519	0.401808	0.583605	0.39781	0.576595	0.393851	0.569501	0.389933	0.562338	0.386053	0.555116	0.382211	0.547846	0.378408	0.540538	0.374643	0.533202	0.370915	0.525848	0.367225	0.518482	0.363571	0.511114	0.359953	0.503751	0.356372	0.496399	0.352826	0.489064	0.349315	0.481753	0.345839	0.474471	0.342398	0.467224	0.338991	0.460015	0.335618	0.452849	0.332279	0.44573	0.328972	0.438662	0.325699	0.431648	0.322458	0.424692	0.31925	0.417796	0.316073	0.410962	0.312928	0.404194	0.309815	0.397493	0.306732	0.390861	0.30368	0.3843	0.300658	0.377811	0.297667	0.371396	0.294705	0.365056	0.291772	0.358793	0.288869	0.352606	0.285995	0.346497	0.283149	0.340466	0.280332	0.334515	0.277542	0.328642	0.274781	0.322849	0.272047	0.317137	0.26934	0.311504	0.26666	0.305951	0.264007	0.300478	0.26138	0.295084	0.258779	0.289771	0.256204	0.284537	0.253655	0.279382	0.251131	0.274305	0.248632	0.269307	0.246158	0.264387	0.243709	0.259544	0.241284	0.254778	0.238883	0.250088	0.236506	0.245474	0.234153	0.240934	0.231823	0.236469	0.229516	0.232077	0.227233	0.227758	0.224972	0.223511	0.222733	0.219335	0.220517	0.21523	0.218323	0.211195	0.21615	0.207228	0.214	0.203329	0.21187	0.199498	0.209762	0.195733	0.207675	0.192033	0.205608	0.188399	0.203563	0.184828	0.201537	0.181319	0.199532	0.177873	0.197546	0.174489	0.195581	0.171164	0.193635	0.167899	0.191708	0.164692	0.189801	0.161544	0.187912	0.158452	0.186042	0.155416	0.184191	0.152435	0.182358	0.149509	0.180544	0.146636	0.178747	0.143816	0.176969	0.141047	0.175208	0.13833	0.173465	0.135662	0.171739	0.133044	0.17003	0.130474	0.168338	0.127952	0.166663	0.125478	0.165005	0.123049	0.163363	0.120665	0.161737	0.118326	0.160128	0.116031	0.157161	0.113146	0.154223	0.110315	0.151315	0.107538	0.148436	0.104814	0.145585	0.102142	0.142762	0.0995209	0.139968	0.09695	0.137202	0.0944284	0.134463	0.0919551	0.131751	0.0895292	0.129066	0.0871499	0.126408	0.0848164	0.123776	0.0825277	0.121171	0.0802831	0.118592	0.0780818	0.116038	0.0759229	0.113509	0.0738057	0.111006	0.0717294	0.108528	0.0696932	0.106074	0.0676964	0.103645	0.0657383	0.10124	0.0638181	0.0988585	0.0619352	0.0965011	0.0600888	0.094167	0.0582782	0.0918562	0.0565028	0.0895685	0.0547618	0.0873034	0.0530548	0.0850609	0.0513809	0.0828407	0.0497397	0.0806426	0.0481303	0.0784664	0.0465524	0.0763119	0.0450052	0.0741787	0.0434882	0.0720668	0.0420008	0.0699759	0.0405424	0.0679059	0.0391125	0.0658564	0.0377106	0.0638273	0.036336	0.0618184	0.0349884	0.0598295	0.0336671	0.0578603	0.0323716	0.0559108	0.0311015	0.0539807	0.0298563	0.0520697	0.0286355	0.0501778	0.0274386	0.0483047	0.0262651	0.0464503	0.0251147	0.0446143	0.0239868	0.0427966	0.022881	0.0409969	0.021797	0.0392152	0.0207342	0.0374512	0.0196923	0.0357047	0.0186708	0.0339756	0.0176695	0.0322638	0.0166878	0.0305689	0.0157254	0.0288909	0.0147819	0.0272297	0.0138569	0.0255849	0.0129502	0.0239565	0.0120612	0.0223443	0.0111898	0.0207482	0.0103355	0.0191679	0.00949807	0.0176034	0.00867709	0.0160544	0.00787227	0.0145209	0.0070833	0.0130026	0.00630987	0.0114994	0.00555167	0.0100111	0.00480841	0.00853772	0.0040798	0.00707896	0.00336554	0.00563471	0.00266536	0.00420483	0.00197899	0.00278918	0.00130615	0.00138762	0.000646569	0	0	0	0	
0	0.660066	0	0.66543	0	0.66979	0	0.673207	0	0.675744	0	0.677456	0	0.678399	0	0.678623	0	0.678176	0	0.677104	0	0.675451	0	0.673258	0	0.670562	0	0.667401	0	0.66381	0	0.65982	0	0.655463	0	0.650767	0	0.64576	0	0.640468	0	0.634916	0	0.629125	0	0.623119	0	0.616916	0	0.610538	0	0.604001	0	0.597322	0	0.590519	0	0.583605	0	0.576595	0	0.569501	0	0.562338	0	0.555116	0	0.547846	0	0.540538	0	0.533202	0	0.525848	0	0.518482	0	0.511114	0	0.503751	0	0.496399	0	0.489064	0	0.481753	0	0.474471	0	0.467224	0	0.460015	0	0.452849	0	0.44573	0	0.438662	0	0.431648	0	0.424692	0	0.417796	0	0.410962	0	0.404194	0	0.397493	0	0.390861	0	0.3843	0	0.377811	0	0.371396	0	0.365056	0	0.358793	0	0.352606	0	0.346497	0	0.340466	0	0.334515	0	0.328642	0	0.322849	0	0.317137	0	0.311504	0	0.305951	0	0.300478	0	0.295084	0	0.289771	0	0.284537	0	0.279382	0	0.274305	0	0.269307	0	0.264387	0	0.259544	0	0.254778	0	0.250088	0	0.245474	0	0.240934	0	0.236469	0	0.232077	0	0.227758	0	0.223511	0	0.219335	0	0.21523	0	0.211195	0	0.207228	0	0.203329	0	0.199498	0	0.195733	0	0.192033	0	0.188399	0	0.184828	0	0.181319	0	0.177873	0	0.174489	0	0.171164	0	0.167899	0	0.164692	0	0.161544	0	0.158452	0	0.155416	0	0.152435	0	0.149509	0	0.146636	0	0.143816	0	0.141047	0	0.13833	0	0.135662	0	0.133044	0	0.130474	0	0.127952	0	0.125478	0	0.123049	0	0.120665	0	0.118326	0	0.116031	0	0.113146	0	0.110315	0	0.107538	0	0.104814	0	0.102142	0	0.0995209	0	0.09695	0	0.0944284	0	0.0919551	0	0.0895292	0	0.0871499	0	0.0848164	0	0.0825277	0	0.0802831	0	0.0780818	0	0.0759229	0	0.0738057	0	0.0717294	0	0.0696932	0	0.0676964	0	0.0657383	0	0.0638181	0	0.0619352	0	0.0600888	0	0.0582782	0	0.0565028	0	0.0547618	0	0.0530548	0	0.0513809	0	0.0497397	0	0.0481303	0	0.0465524	0	0.0450052	0	0.0434882	0	0.0420008	0	0.0405424	0	0.0391125	0	0.0377106	0	0.036336	0	0.0349884	0	0.0336671	0	0.0323716	0	0.0311015	0	0.0298563	0	0.0286355	0	0.0274386	0	0.0262651	0	0.0251147	0	0.0239868	0	0.022881	0	0.021797	0	0.0207342	0	0.0196923	0	0.0186708	0	0.0176695	0	0.0166878	0	0.0157254	0	0.0147819	0	0.0138569	0	0.0129502	0	0.0120612	0	0.0111898	0	0.0103355	0	0.00949807	0	0.00867709	0	0.00787227	0	0.0070833	0	0.00630987	0	0.00555167	0	0.00480841	0	0.0040798	0	0.00336554	0	0.00266536	0	0.00197899	0	0.00130615	0	0.000646569	0	0	0	0	
0.536205	0.666396	0.53087	0.671655	0.525587	0.67591	0.520358	0.679224	0.51518	0.681658	0.510054	0.683269	0.504979	0.684112	0.499954	0.684237	0.49498	0.683693	0.490055	0.682525	0.485178	0.680777	0.480351	0.67849	0.475571	0.675702	0.470839	0.67245	0.466154	0.668769	0.461516	0.664691	0.456924	0.660246	0.452377	0.655464	0.447876	0.650373	0.44342	0.644998	0.439008	0.639363	0.434639	0.633492	0.430315	0.627406	0.426033	0.621125	0.421794	0.614669	0.417597	0.608056	0.413442	0.601303	0.409328	0.594426	0.405255	0.58744	0.401223	0.580358	0.39723	0.573195	0.393278	0.565963	0.389365	0.558673	0.385491	0.551337	0.381655	0.543964	0.377857	0.536564	0.374098	0.529146	0.370375	0.521719	0.36669	0.51429	0.363041	0.506866	0.359429	0.499455	0.355853	0.492063	0.352312	0.484695	0.348806	0.477357	0.345336	0.470055	0.341899	0.462792	0.338497	0.455573	0.335129	0.448402	0.331795	0.441283	0.328493	0.434219	0.325225	0.427214	0.321989	0.420269	0.318785	0.413388	0.315613	0.406573	0.312473	0.399826	0.309363	0.393149	0.306285	0.386544	0.303238	0.380012	0.30022	0.373555	0.297233	0.367174	0.294276	0.360869	0.291347	0.354642	0.288449	0.348494	0.285578	0.342424	0.282737	0.336435	0.279924	0.330525	0.277138	0.324696	0.274381	0.318947	0.271651	0.313279	0.268948	0.307692	0.266272	0.302185	0.263622	0.296758	0.260999	0.291412	0.258402	0.286146	0.255831	0.28096	0.253285	0.275853	0.250765	0.270824	0.24827	0.265874	0.2458	0.261002	0.243354	0.256208	0.240932	0.25149	0.238535	0.246848	0.236162	0.242282	0.233812	0.23779	0.231485	0.233372	0.229182	0.229028	0.226902	0.224756	0.224644	0.220556	0.222409	0.216427	0.220196	0.212368	0.218005	0.208378	0.215836	0.204457	0.213688	0.200604	0.211562	0.196817	0.209457	0.193096	0.207372	0.189441	0.205309	0.185849	0.203266	0.182321	0.201244	0.178855	0.199241	0.175451	0.197259	0.172108	0.195296	0.168824	0.193353	0.165599	0.191429	0.162433	0.189524	0.159323	0.187638	0.15627	0.185771	0.153273	0.183923	0.15033	0.182093	0.147441	0.180281	0.144605	0.178487	0.141821	0.176711	0.139088	0.174953	0.136405	0.173212	0.133773	0.171489	0.131189	0.169782	0.128653	0.168093	0.126164	0.16642	0.123722	0.164764	0.121325	0.163125	0.118973	0.160128	0.116031	0.157161	0.113146	0.154223	0.110315	0.151315	0.107538	0.148436	0.104814	0.145585	0.102142	0.142762	0.0995209	0.139968	0.09695	0.137202	0.0944284	0.134463	0.0919551	0.131751	0.0895292	0.129066	0.0871499	0.126408	0.0848164	0.123776	0.0825277	0.121171	0.0802831	0.118592	0.0780818	0.116038	0.0759229	0.113509	0.0738057	0.111006	0.0717294	0.108528	0.0696932	0.106074	0.0676964	0.103645	0.0657383	0.10124	0.0638181	0.0988585	0.0619352	0.0965011	0.0600888	0.094167	0.0582782	0.0918562	0.0565028	0.0895685	0.0547618	0.0873034	0.0530548	0.0850609	0.0513809	0.0828407	0.0497397	0.0806426	0.0481303	0.0784664	0.0465524	0.0763119	0.0450052	0.0741787	0.0434882	0.0720668	0.0420008	0.0699759	0.0405424	0.0679059	0.0391125	0.0658564	0.0377106	0.0638273	0.036336	0.0618184	0.0349884	0.0598295	0.0336671	0.0578603	0.0323716	0.0559108	0.0311015	0.0539807	0.0298563	0.0520697	0.0286355	0.0501778	0.0274386	0.0483047	0.0262651	0.0464503	0.0251147	0.0446143	0.0239868	0.0427966	0.022881	0.0409969	0.021797	0.0392152	0.0207342	0.0374512	0.0196923	0.0357047	0.0186708	0.0339756	0.0176695	0.0322638	0.0166878	0.0305689	0.0157254	0.0288909	0.0147819	0.0272297	0.0138569	0.0255849	0.0129502	0.0239565	0.0120612	0.0223443	0.0111898	0.0207482	0.0103355	0.0191679	0.00949807	0.0176034	0.00867709	0.0160544	0.00787227	0.0145209	0.0070833	0.0130026	0.00630987	0.0114994	0.00555167	0.0100111	0.00480841	0.00853772	0.0040798	0.00707896	0.00336554	0.00563471	0.00266536	0.00420483	0.00197899	0.00278918	0.00130615	0.00138762	0.000646569	0	0	0	0	
0	0.666396	0	0.671655	0	0.67591	0	0.679224	0	0.681658	0	0.683269	0	0.684112	0	0.684237	0	0.683693	0	0.682525	0	0.680777	0	0.67849	0	0.675702	0	0.67245	0	0.668769	0	0.664691	0	0.660246	0	0.655464	0	0.650373	0	0.644998	0	0.639363	0	0.633492	0	0.627406	0	0.621125	0	0.614669	0	0.608056	0	0.601303	0	0.594426	0	0.58744	0	0.580358	0	0.573195	0	0.565963	0	0.558673	0	0.551337	0	0.543964	0	0.536564	0	0.529146	0	0.521719	0	0.51429	0	0.506866	0	0.499455	0	0.492063	0	0.484695	0	0.477357	0	0.470055	0	0.462792	0	0.455573	0	0.448402	0	0.441283	0	0.434219	0	0.427214	0	0.420269	0	0.413388	0	0.406573	0	0.399826	0	0.393149	0	0.386544	0	0.380012	0	0.373555	0	0.367174	0	0.360869	0	0.354642	0	0.348494	0	0.342424	0	0.336435	0	0.330525	0	0.324696	0	0.318947	0	0.313279	0	0.307692	0	0.302185	0	0.296758	0	0.291412	0	0.286146	0	0.28096	0	0.275853	0	0.270824	0	0.265874	0	0.261002	0	0.256208	0	0.25149	0	0.246848	0	0.242282	0	0.23779	0	0.233372	0	0.229028	0	0.224756	0	0.220556	0	0.216427	0	0.212368	0	0.208378	0	0.204457	0	0.200604	0	0.196817	0	0.193096	0	0.189441	0	0.185849	0	0.182321	0	0.178855	0	0.175451	0	0.172108	0	0.168824	0	0.165599	0	0.162433	0	0.159323	0	0.15627	0	0.153273	0	0.15033	0	0.147441	0	0.144605	0	0.141821	0	0.139088	0	0.136405	0	0.133773	0	0.131189	0	0.128653	0	0.126164	0	0.123722	0	0.121325	0	0.118973	0	0.116031	0	0.113146	0	0.110315	0	0.107538	0	0.104814	0	0.102142	0	0.0995209	0	0.09695	0	0.0944284	0	0.0919551	0	0.0895292	0	0.0871499	0	0.0848164	0	0.0825277	0	0.0802831	0	0.0780818	0	0.0759229	0	0.0738057	0	0.0717294	0	0.0696932	0	0.0676964	0	0.0657383	0	0.0638181	0	0.0619352	0	0.0600888	0	0.0582782	0	0.0565028	0	0.0547618	0	0.0530548	0	0.0513809	0	0.0497397	0	0.0481303	0	0.0465524	0	0.0450052	0	0.0434882	0	0.0420008	0	0.0405424	0	0.0391125	0	0.0377106	0	0.036336	0	0.0349884	0	0.0336671	0	0.0323716	0	0.0311015	0	0.0298563	0	0.0286355	0	0.0274386	0	0.0262651	0	0.0251147	0	0.0239868	0	0.022881	0	0.021797	0	0.0207342	0	0.0196923	0	0.0186708	0	0.0176695	0	0.0166878	0	0.0157254	0	0.0147819	0	0.0138569	0	0.0129502	0	0.0120612	0	0.0111898	0	0.0103355	0	0.00949807	0	0.00867709	0	0.00787227	0	0.0070833	0	0.00630987	0	0.00555167	0	0.00480841	0	0.0040798	0	0.00336554	0	0.00266536	0	0.00197899	0	0.00130615	0	0.000646569	0	0	0	0	
0.540721	0.672621	0.535341	0.677775	0.530014	0.681926	0.52474	0.685138	0.519519	0.687471	0.51435	0.688983	0.509232	0.689727	0.504165	0.689754	0.499148	0.689114	0.494182	0.687851	0.489264	0.68601	0.484396	0.68363	0.479576	0.680751	0.474805	0.67741	0.47008	0.67364	0.465403	0.669474	0.460772	0.664944	0.456187	0.660077	0.451648	0.654903	0.447154	0.649445	0.442705	0.64373	0.4383	0.637779	0.433939	0.631614	0.429621	0.625256	0.425346	0.618725	0.421114	0.612037	0.416924	0.605211	0.412775	0.598261	0.408668	0.591204	0.404602	0.584052	0.400576	0.576821	0.39659	0.569521	0.392644	0.562164	0.388737	0.554762	0.384869	0.547325	0.38104	0.539862	0.377248	0.532382	0.373494	0.524894	0.369778	0.517405	0.366099	0.509922	0.362456	0.502453	0.35885	0.495004	0.355279	0.487581	0.351744	0.480188	0.348244	0.472831	0.344779	0.465516	0.341348	0.458245	0.337952	0.451023	0.334589	0.443854	0.33126	0.436741	0.327964	0.429687	0.3247	0.422695	0.32147	0.415767	0.318271	0.408907	0.315104	0.402115	0.311969	0.395394	0.308865	0.388746	0.305791	0.382171	0.302749	0.375672	0.299736	0.36925	0.296754	0.362905	0.293801	0.356639	0.290878	0.350452	0.287984	0.344345	0.285118	0.338318	0.282281	0.332372	0.279472	0.326506	0.276692	0.320723	0.273938	0.31502	0.271213	0.309399	0.268514	0.303859	0.265842	0.2984	0.263197	0.293021	0.260578	0.287724	0.257985	0.282507	0.255418	0.27737	0.252877	0.272312	0.250361	0.267333	0.24787	0.262432	0.245403	0.25761	0.242962	0.252864	0.240544	0.248196	0.238151	0.243603	0.235781	0.239085	0.233435	0.234642	0.231112	0.230273	0.228813	0.225977	0.226536	0.221753	0.224282	0.2176	0.22205	0.213519	0.219841	0.209506	0.217653	0.205563	0.215488	0.201688	0.213343	0.19788	0.211221	0.194138	0.209119	0.190462	0.207038	0.18685	0.204978	0.183303	0.202939	0.179818	0.200919	0.176394	0.19892	0.173032	0.196941	0.169731	0.194981	0.166488	0.193041	0.163304	0.19112	0.160178	0.189219	0.157108	0.187336	0.154094	0.185472	0.151135	0.183626	0.14823	0.181799	0.145378	0.17999	0.142579	0.178199	0.139831	0.176426	0.137134	0.174671	0.134487	0.172933	0.131889	0.171212	0.129339	0.169509	0.126837	0.167822	0.124381	0.166152	0.121971	0.163125	0.118973	0.160128	0.116031	0.157161	0.113146	0.154223	0.110315	0.151315	0.107538	0.148436	0.104814	0.145585	0.102142	0.142762	0.0995209	0.139968	0.09695	0.137202	0.0944284	0.134463	0.0919551	0.131751	0.0895292	0.129066	0.0871499	0.126408	0.0848164	0.123776	0.0825277	0.121171	0.0802831	0.118592	0.0780818	0.116038	0.0759229	0.113509	0.0738057	0.111006	0.0717294	0.108528	0.0696932	0.106074	0.0676964	0.103645	0.0657383	0.10124	0.0638181	0.0988585	0.0619352	0.0965011	0.0600888	0.094167	0.0582782	0.0918562	0.0565028	0.0895685	0.0547618	0.0873034	0.0530548	0.0850609	0.0513809	0.0828407	0.0497397	0.0806426	0.0481303	0.0784664	0.0465524	0.0763119	0.0450052	0.0741787	0.0434882	0.0720668	0.0420008	0.0699759	0.0405424	0.0679059	0.0391125	0.0658564	0.0377106	0.0638273	0.036336	0.0618184	0.0349884	0.0598295	0.0336671	0.0578603	0.0323716	0.0559108	0.0311015	0.0539807	0.0298563	0.0520697	0.0286355	0.0501778	0.0274386	0.0483047	0.0262651	0.0464503	0.0251147	0.0446143	0.0239868	0.0427966	0.022881	0.0409969	0.021797	0.0392152	0.0207342	0.0374512	0.0196923	0.0357047	0.0186708	0.0339756	0.0176695	0.0322638	0.0166878	0.0305689	0.0157254	0.0288909	0.0147819	0.0272297	0.0138569	0.0255849	0.0129502	0.0239565	0.0120612	0.0223443	0.0111898	0.0207482	0.0103355	0.0191679	0.00949807	0.0176034	0.00867709	0.0160544	0.00787227	0.0145209	0.0070833	0.0130026	0.00630987	0.0114994	0.00555167	0.0100111	0.00480841	0.00853772	0.0040798	0.00707896	0.00336554	0.00563471	0.00266536	0.00420483	0.00197899	0.00278918	0.00130615	0.00138762	0.000646569	0	0	0	0	
0	0.672621	0	0.677775	0	0.681926	0	0.685138	0	0.687471	0	0.688983	0	0.689727	0	0.689754	0	0.689114	0	0.687851	0	0.68601	0	0.68363	0	0.680751	0	0.67741	0	0.67364	0	0.669474	0	0.664944	0	0.660077	0	0.654903	0	0.649445	0	0.64373	0	0.637779	0	0.631614	0	0.625256	0	0.618725	0	0.612037	0	0.605211	0	0.598261	0	0.591204	0	0.584052	0	0.576821	0	0.569521	0	0.562164	0	0.554762	0	0.547325	0	0.539862	0	0.532382	0	0.524894	0	0.517405	0	0.509922	0	0.502453	0	0.495004	0	0.487581	0	0.480188	0	0.472831	0	0.465516	0	0.458245	0	0.451023	0	0.443854	0	0.436741	0	0.429687	0	0.422695	0	0.415767	0	0.408907	0	0.402115	0	0.395394	0	0.388746	0	0.382171	0	0.375672	0	0.36925	0	0.362905	0	0.356639	0	0.350452	0	0.344345	0	0.338318	0	0.332372	0	0.326506	0	0.320723	0	0.31502	0	0.309399	0	0.303859	0	0.2984	0	0.293021	0	0.287724	0	0.282507	0	0.27737	0	0.272312	0	0.267333	0	0.262432	0	0.25761	0	0.252864	0	0.248196	0	0.243603	0	0.239085	0	0.234642	0	0.230273	0	0.225977	0	0.221753	0	0.2176	0	0.213519	0	0.209506	0	0.205563	0	0.201688	0	0.19788	0	0.194138	0	0.190462	0	0.18685	0	0.183303	0	0.179818	0	0.176394	0	0.173032	0	0.169731	0	0.166488	0	0.163304	0	0.160178	0	0.157108	0	0.154094	0	0.151135	0	0.14823	0	0.145378	0	0.142579	0	0.139831	0	0.137134	0	0.134487	0	0.131889	0	0.129339	0	0.126837	0	0.124381	0	0.121971	0	0.118973	0	0.116031	0	0.113146	0	0.110315	0	0.107538	0	0.104814	0	0.102142	0	0.0995209	0	0.09695	0	0.0944284	0	0.0919551	0	0.0895292	0	0.0871499	0	0.0848164	0	0.0825277	0	0.0802831	0	0.0780818	0	0.0759229	0	0.0738057	0	0.0717294	0	0.0696932	0	0.0676964	0	0.0657383	0	0.0638181	0	0.0619352	0	0.0600888	0	0.0582782	0	0.0565028	0	0.0547618	0	0.0530548	0	0.0513809	0	0.0497397	0	0.0481303	0	0.0465524	0	0.0450052	0	0.0434882	0	0.0420008	0	0.0405424	0	0.0391125	0	0.0377106	0	0.036336	0	0.0349884	0	0.0336671	0	0.0323716	0	0.0311015	0	0.0298563	0	0.0286355	0	0.0274386	0	0.0262651	0	0.0251147	0	0.0239868	0	0.022881	0	0.021797	0	0.0207342	0	0.0196923	0	0.0186708	0	0.0176695	0	0.0166878	0	0.0157254	0	0.0147819	0	0.0138569	0	0.0129502	0	0.0120612	0	0.0111898	0	0.0103355	0	0.00949807	0	0.00867709	0	0.00787227	0	0.0070833	0	0.00630987	0	0.00555167	0	0.00480841	0	0.0040798	0	0.00336554	0	0.00266536	0	0.00197899	0	0.00130615	0	0.000646569	0	0	0	0	
0.545192	0.67874	0.539767	0.683791	0.534396	0.68784	0.529079	0.690951	0.523814	0.693184	0.518602	0.694597	0.513442	0.695244	0.508333	0.695175	0.503275	0.69444	0.498268	0.693084	0.49331	0.69115	0.488401	0.688679	0.483542	0.685711	0.47873	0.68228	0.473967	0.678423	0.469251	0.674172	0.464582	0.669557	0.459959	0.664607	0.455382	0.65935	0.450851	0.653812	0.446365	0.648016	0.441924	0.641987	0.437527	0.635746	0.433173	0.629312	0.428863	0.622706	0.424596	0.615944	0.420371	0.609046	0.416188	0.602025	0.412047	0.594898	0.407947	0.587678	0.403888	0.580378	0.399869	0.573012	0.39589	0.56559	0.391951	0.558124	0.388051	0.550623	0.38419	0.543098	0.380367	0.535557	0.376583	0.528009	0.372836	0.520461	0.369126	0.512921	0.365453	0.505395	0.361817	0.49789	0.358217	0.490411	0.354652	0.482965	0.351123	0.475555	0.34763	0.468188	0.344171	0.460866	0.340746	0.453594	0.337356	0.446376	0.333999	0.439214	0.330676	0.432113	0.327385	0.425074	0.324128	0.418101	0.320903	0.411195	0.31771	0.40436	0.314548	0.397595	0.311418	0.390904	0.30832	0.384288	0.305252	0.377749	0.302215	0.371286	0.299208	0.364902	0.29623	0.358597	0.293283	0.352372	0.290365	0.346228	0.287475	0.340164	0.284615	0.334182	0.281783	0.328282	0.278979	0.322463	0.276203	0.316727	0.273455	0.311072	0.270734	0.3055	0.26804	0.300009	0.265373	0.294599	0.262733	0.289271	0.260119	0.284024	0.25753	0.278857	0.254968	0.27377	0.252431	0.268763	0.249919	0.263834	0.247432	0.258984	0.24497	0.254212	0.242533	0.249517	0.24012	0.244898	0.23773	0.240356	0.235365	0.235888	0.233023	0.231494	0.230704	0.227174	0.228409	0.222927	0.226136	0.218751	0.223886	0.214646	0.221658	0.210612	0.219453	0.206647	0.217269	0.202751	0.215107	0.198922	0.212967	0.19516	0.210848	0.191463	0.20875	0.187832	0.206673	0.184265	0.204617	0.180761	0.202581	0.177319	0.200565	0.173939	0.198569	0.17062	0.196593	0.16736	0.194637	0.164158	0.192701	0.161015	0.190783	0.157929	0.188885	0.154899	0.187005	0.151924	0.185145	0.149003	0.183302	0.146136	0.181479	0.143322	0.179673	0.14056	0.177885	0.137848	0.176115	0.135187	0.174363	0.132575	0.172628	0.130012	0.17091	0.127496	0.16921	0.125028	0.166152	0.121971	0.163125	0.118973	0.160128	0.116031	0.157161	0.113146	0.154223	0.110315	0.151315	0.107538	0.148436	0.104814	0.145585	0.102142	0.142762	0.0995209	0.139968	0.09695	0.137202	0.0944284	0.134463	0.0919551	0.131751	0.0895292	0.129066	0.0871499	0.126408	0.0848164	0.123776	0.0825277	0.121171	0.0802831	0.118592	0.0780818	0.116038	0.0759229	0.113509	0.0738057	0.111006	0.0717294	0.108528	0.0696932	0.106074	0.0676964	0.103645	0.0657383	0.10124	0.0638181	0.0988585	0.0619352	0.0965011	0.0600888	0.094167	0.0582782	0.0918562	0.0565028	0.0895685	0.0547618	0.0873034	0.0530548	0.0850609	0.0513809	0.0828407	0.0497397	0.0806426	0.0481303	0.0784664	0.0465524	0.0763119	0.0450052	0.0741787	0.0434882	0.0720668	0.0420008	0.0699759	0.0405424	0.0679059	0.0391125	0.0658564	0.0377106	0.0638273	0.036336	0.0618184	0.0349884	0.0598295	0.0336671	0.0578603	0.0323716	0.0559108	0.0311015	0.0539807	0.0298563	0.0520697	0.0286355	0.0501778	0.0274386	0.0483047	0.0262651	0.0464503	0.0251147	0.0446143	0.0239868	0.0427966	0.022881	0.0409969	0.021797	0.0392152	0.0207342	0.0374512	0.0196923	0.0357047	0.0186708	0.0339756	0.0176695	0.0322638	0.0166878	0.0305689	0.0157254	0.0288909	0.0147819	0.0272297	0.0138569	0.0255849	0.0129502	0.0239565	0.0120612	0.0223443	0.0111898	0.0207482	0.0103355	0.0191679	0.00949807	0.0176034	0.00867709	0.0160544	0.00787227	0.0145209	0.0070833	0.0130026	0.00630987	0.0114994	0.00555167	0.0100111	0.00480841	0.00853772	0.0040798	0.00707896	0.00336554	0.00563471	0.00266536	0.00420483	0.00197899	0.00278918	0.00130615	0.00138762	0.000646569	0	0	0	0	
0	0.67874	0	0.683791	0	0.68784	0	0.690951	0	0.693184	0	0.694597	0	0.695244	0	0.695175	0	0.69444	0	0.693084	0	0.69115	0	0.688679	0	0.685711	0	0.68228	0	0.678423	0	0.674172	0	0.669557	0	0.664607	0	0.65935	0	0.653812	0	0.648016	0	0.641987	0	0.635746	0	0.629312	0	0.622706	0	0.615944	0	0.609046	0	0.602025	0	0.594898	0	0.587678	0	0.580378	0	0.573012	0	0.56559	0	0.558124	0	0.550623	0	0.543098	0	0.535557	0	0.528009	0	0.520461	0	0.512921	0	0.505395	0	0.49789	0	0.490411	0	0.482965	0	0.475555	0	0.468188	0	0.460866	0	0.453594	0	0.446376	0	0.439214	0	0.432113	0	0.425074	0	0.418101	0	0.411195	0	0.40436	0	0.397595	0	0.390904	0	0.384288	0	0.377749	0	0.371286	0	0.364902	0	0.358597	0	0.352372	0	0.346228	0	0.340164	0	0.334182	0	0.328282	0	0.322463	0	0.316727	0	0.311072	0	0.3055	0	0.300009	0	0.294599	0	0.289271	0	0.284024	0	0.278857	0	0.27377	0	0.268763	0	0.263834	0	0.258984	0	0.254212	0	0.249517	0	0.244898	0	0.240356	0	0.235888	0	0.231494	0	0.227174	0	0.222927	0	0.218751	0	0.214646	0	0.210612	0	0.206647	0	0.202751	0	0.198922	0	0.19516	0	0.191463	0	0.187832	0	0.184265	0	0.180761	0	0.177319	0	0.173939	0	0.17062	0	0.16736	0	0.164158	0	0.161015	0	0.157929	0	0.154899	0	0.151924	0	0.149003	0	0.146136	0	0.143322	0	0.14056	0	0.137848	0	0.135187	0	0.132575	0	0.130012	0	0.127496	0	0.125028	0	0.121971	0	0.118973	0	0.116031	0	0.113146	0	0.110315	0	0.107538	0	0.104814	0	0.102142	0	0.0995209	0	0.09695	0	0.0944284	0	0.0919551	0	0.0895292	0	0.0871499	0	0.0848164	0	0.0825277	0	0.0802831	0	0.0780818	0	0.0759229	0	0.0738057	0	0.0717294	0	0.0696932	0	0.0676964	0	0.0657383	0	0.0638181	0	0.0619352	0	0.0600888	0	0.0582782	0	0.0565028	0	0.0547618	0	0.0530548	0	0.0513809	0	0.0497397	0	0.0481303	0	0.0465524	0	0.0450052	0	0.0434882	0	0.0420008	0	0.0405424	0	0.0391125	0	0.0377106	0	0.036336	0	0.0349884	0	0.0336671	0	0.0323716	0	0.0311015	0	0.0298563	0	0.0286355	0	0.0274386	0	0.0262651	0	0.0251147	0	0.0239868	0	0.022881	0	0.021797	0	0.0207342	0	0.0196923	0	0.0186708	0	0.0176695	0	0.0166878	0	0.0157254	0	0.0147819	0	0.0138569	0	0.0129502	0	0.0120612	0	0.0111898	0	0.0103355	0	0.00949807	0	0.00867709	0	0.00787227	0	0.0070833	0	0.00630987	0	0.00555167	0	0.00480841	0	0.0040798	0	0.00336554	0	0.00266536	0	0.00197899	0	0.00130615	0	0.000646569	0	0	0	0	
0.549618	0.684757	0.544149	0.689705	0.538735	0.693653	0.533375	0.696664	0.528067	0.698799	0.522813	0.700114	0.517611	0.700664	0.512461	0.700501	0.507362	0.699672	0.502313	0.698224	0.497315	0.696199	0.492367	0.693638	0.487468	0.690581	0.482617	0.687064	0.477815	0.683121	0.473061	0.678785	0.468354	0.674086	0.463694	0.669054	0.45908	0.663717	0.454512	0.658099	0.449989	0.652225	0.445512	0.646119	0.441079	0.639801	0.43669	0.633293	0.432345	0.626613	0.428043	0.619779	0.423784	0.612809	0.419567	0.605719	0.415392	0.598523	0.411259	0.591235	0.407167	0.583869	0.403116	0.576437	0.399105	0.568951	0.395134	0.561422	0.391202	0.553859	0.387309	0.546273	0.383456	0.538672	0.37964	0.531065	0.375863	0.523459	0.372123	0.515862	0.36842	0.508281	0.364754	0.500721	0.361125	0.493188	0.357532	0.485689	0.353974	0.478228	0.350452	0.470809	0.346965	0.463437	0.343513	0.456116	0.340095	0.448849	0.336711	0.44164	0.33336	0.434492	0.330043	0.427408	0.326759	0.42039	0.323508	0.41344	0.320289	0.406561	0.317102	0.399754	0.313947	0.393022	0.310823	0.386365	0.30773	0.379785	0.304668	0.373283	0.301637	0.36686	0.298636	0.360517	0.295664	0.354255	0.292722	0.348074	0.28981	0.341975	0.286926	0.335958	0.284071	0.330023	0.281244	0.324171	0.278446	0.318401	0.275675	0.312714	0.272932	0.307109	0.270217	0.301587	0.267528	0.296147	0.264866	0.290788	0.26223	0.285511	0.259621	0.280315	0.257038	0.2752	0.25448	0.270165	0.251948	0.265209	0.249441	0.260332	0.246959	0.255533	0.244502	0.250813	0.242069	0.246169	0.239661	0.241601	0.237276	0.237109	0.234915	0.232691	0.232578	0.228347	0.230263	0.224077	0.227972	0.219879	0.225704	0.215752	0.223458	0.211696	0.221235	0.20771	0.219033	0.203792	0.216854	0.199943	0.214696	0.196161	0.21256	0.192445	0.210445	0.188795	0.208351	0.185208	0.206278	0.181686	0.204225	0.178226	0.202193	0.174828	0.200181	0.171491	0.19819	0.168214	0.196218	0.164996	0.194265	0.161836	0.192332	0.158734	0.190418	0.155688	0.188524	0.152697	0.186648	0.149761	0.184791	0.146879	0.182952	0.144051	0.181132	0.141274	0.179329	0.138548	0.177545	0.135873	0.175778	0.133248	0.174029	0.130671	0.172298	0.128143	0.16921	0.125028	0.166152	0.121971	0.163125	0.118973	0.160128	0.116031	0.157161	0.113146	0.154223	0.110315	0.151315	0.107538	0.148436	0.104814	0.145585	0.102142	0.142762	0.0995209	0.139968	0.09695	0.137202	0.0944284	0.134463	0.0919551	0.131751	0.0895292	0.129066	0.0871499	0.126408	0.0848164	0.123776	0.0825277	0.121171	0.0802831	0.118592	0.0780818	0.116038	0.0759229	0.113509	0.0738057	0.111006	0.0717294	0.108528	0.0696932	0.106074	0.0676964	0.103645	0.0657383	0.10124	0.0638181	0.0988585	0.0619352	0.0965011	0.0600888	0.094167	0.0582782	0.0918562	0.0565028	0.0895685	0.0547618	0.0873034	0.0530548	0.0850609	0.0513809	0.0828407	0.0497397	0.0806426	0.0481303	0.0784664	0.0465524	0.0763119	0.0450052	0.0741787	0.0434882	0.0720668	0.0420008	0.0699759	0.0405424	0.0679059	0.0391125	0.0658564	0.0377106	0.0638273	0.036336	0.0618184	0.0349884	0.0598295	0.0336671	0.0578603	0.0323716	0.0559108	0.0311015	0.0539807	0.0298563	0.0520697	0.0286355	0.0501778	0.0274386	0.0483047	0.0262651	0.0464503	0.0251147	0.0446143	0.0239868	0.0427966	0.022881	0.0409969	0.021797	0.0392152	0.0207342	0.0374512	0.0196923	0.0357047	0.0186708	0.0339756	0.0176695	0.0322638	0.0166878	0.0305689	0.0157254	0.0288909	0.0147819	0.0272297	0.0138569	0.0255849	0.0129502	0.0239565	0.0120612	0.0223443	0.0111898	0.0207482	0.0103355	0.0191679	0.00949807	0.0176034	0.00867709	0.0160544	0.00787227	0.0145209	0.0070833	0.0130026	0.00630987	0.0114994	0.00555167	0.0100111	0.00480841	0.00853772	0.0040798	0.00707896	0.00336554	0.00563471	0.00266536	0.00420483	0.00197899	0.00278918	0.00130615	0.00138762	0.000646569	0	0	0	0	
0	0.684757	0	0.689705	0	0.693653	0	0.696664	0	0.698799	0	0.700114	0	0.700664	0	0.700501	0	0.699672	0	0.698224	0	0.696199	0	0.693638	0	0.690581	0	0.687064	0	0.683121	0	0.678785	0	0.674086	0	0.669054	0	0.663717	0	0.658099	0	0.652225	0	0.646119	0	0.639801	0	0.633293	0	0.626613	0	0.619779	0	0.612809	0	0.605719	0	0.598523	0	0.591235	0	0.583869	0	0.576437	0	0.568951	0	0.561422	0	0.553859	0	0.546273	0	0.538672	0	0.531065	0	0.523459	0	0.515862	0	0.508281	0	0.500721	0	0.493188	0	0.485689	0	0.478228	0	0.470809	0	0.463437	0	0.456116	0	0.448849	0	0.44164	0	0.434492	0	0.427408	0	0.42039	0	0.41344	0	0.406561	0	0.399754	0	0.393022	0	0.386365	0	0.379785	0	0.373283	0	0.36686	0	0.360517	0	0.354255	0	0.348074	0	0.341975	0	0.335958	0	0.330023	0	0.324171	0	0.318401	0	0.312714	0	0.307109	0	0.301587	0	0.296147	0	0.290788	0	0.285511	0	0.280315	0	0.2752	0	0.270165	0	0.265209	0	0.260332	0	0.255533	0	0.250813	0	0.246169	0	0.241601	0	0.237109	0	0.232691	0	0.228347	0	0.224077	0	0.219879	0	0.215752	0	0.211696	0	0.20771	0	0.203792	0	0.199943	0	0.196161	0	0.192445	0	0.188795	0	0.185208	0	0.181686	0	0.178226	0	0.174828	0	0.171491	0	0.168214	0	0.164996	0	0.161836	0	0.158734	0	0.155688	0	0.152697	0	0.149761	0	0.146879	0	0.144051	0	0.141274	0	0.138548	0	0.135873	0	0.133248	0	0.130671	0	0.128143	0	0.125028	0	0.121971	0	0.118973	0	0.116031	0	0.113146	0	0.110315	0	0.107538	0	0.104814	0	0.102142	0	0.0995209	0	0.09695	0	0.0944284	0	0.0919551	0	0.0895292	0	0.0871499	0	0.0848164	0	0.0825277	0	0.0802831	0	0.0780818	0	0.0759229	0	0.0738057	0	0.0717294	0	0.0696932	0	0.0676964	0	0.0657383	0	0.0638181	0	0.0619352	0	0.0600888	0	0.0582782	0	0.0565028	0	0.0547618	0	0.0530548	0	0.0513809	0	0.0497397	0	0.0481303	0	0.0465524	0	0.0450052	0	0.0434882	0	0.0420008	0	0.0405424	0	0.0391125	0	0.0377106	0	0.036336	0	0.0349884	0	0.0336671	0	0.0323716	0	0.0311015	0	0.0298563	0	0.0286355	0	0.0274386	0	0.0262651	0	0.0251147	0	0.0239868	0	0.022881	0	0.021797	0	0.0207342	0	0.0196923	0	0.0186708	0	0.0176695	0	0.0166878	0	0.0157254	0	0.0147819	0	0.0138569	0	0.0129502	0	0.0120612	0	0.0111898	0	0.0103355	0	0.00949807	0	0.00867709	0	0.00787227	0	0.0070833	0	0.00630987	0	0.00555167	0	0.00480841	0	0.0040798	0	0.00336554	0	0.00266536	0	0.00197899	0	0.00130615	0	0.000646569	0	0	0	0	
0.554001	0.690671	0.548488	0.695518	0.543031	0.699366	0.537627	0.702278	0.532278	0.704316	0.526982	0.705535	0.521738	0.70599	0.516547	0.705733	0.511407	0.704812	0.506318	0.703273	0.50128	0.701158	0.496293	0.698509	0.491354	0.695365	0.486465	0.691762	0.481625	0.687734	0.476833	0.683314	0.472088	0.678534	0.467391	0.673421	0.46274	0.668003	0.458136	0.662307	0.453577	0.656356	0.449064	0.650174	0.444596	0.643782	0.440172	0.6372	0.435792	0.630448	0.431456	0.623543	0.427163	0.616503	0.422913	0.609344	0.418705	0.60208	0.414538	0.594726	0.410414	0.587295	0.40633	0.579799	0.402287	0.572249	0.398284	0.564658	0.394321	0.557034	0.390398	0.549388	0.386513	0.541729	0.382667	0.534064	0.37886	0.526401	0.37509	0.518748	0.371358	0.511112	0.367663	0.503498	0.364004	0.495912	0.360382	0.488361	0.356797	0.480849	0.353246	0.47338	0.349731	0.465958	0.346252	0.458589	0.342806	0.451275	0.339395	0.444019	0.336018	0.436826	0.332675	0.429696	0.329365	0.422634	0.326087	0.415641	0.322843	0.40872	0.319631	0.401871	0.31645	0.395098	0.313301	0.388401	0.310184	0.381782	0.307098	0.375241	0.304042	0.36878	0.301017	0.3624	0.298022	0.356101	0.295056	0.349885	0.29212	0.34375	0.289214	0.337699	0.286336	0.33173	0.283487	0.325844	0.280666	0.320042	0.277873	0.314323	0.275109	0.308687	0.272371	0.303134	0.269661	0.297664	0.266978	0.292276	0.264321	0.28697	0.261691	0.281745	0.259087	0.276602	0.256509	0.271539	0.253957	0.266557	0.25143	0.261653	0.248928	0.256829	0.246452	0.252083	0.243999	0.247414	0.241572	0.242822	0.239168	0.238305	0.236788	0.233864	0.234432	0.229498	0.232099	0.225205	0.22979	0.220985	0.227504	0.216836	0.22524	0.212759	0.222999	0.208752	0.22078	0.204814	0.218583	0.200945	0.216408	0.197143	0.214255	0.193407	0.212123	0.189738	0.210012	0.186133	0.207923	0.182593	0.205854	0.179115	0.203805	0.1757	0.201778	0.172345	0.19977	0.169051	0.197782	0.165817	0.195814	0.162641	0.193866	0.159523	0.191937	0.156461	0.190027	0.153455	0.188136	0.150505	0.186264	0.147608	0.184411	0.144765	0.182576	0.141974	0.180759	0.139235	0.178961	0.136546	0.17718	0.133908	0.175417	0.131318	0.172298	0.128143	0.16921	0.125028	0.166152	0.121971	0.163125	0.118973	0.160128	0.116031	0.157161	0.113146	0.154223	0.110315	0.151315	0.107538	0.148436	0.104814	0.145585	0.102142	0.142762	0.0995209	0.139968	0.09695	0.137202	0.0944284	0.134463	0.0919551	0.131751	0.0895292	0.129066	0.0871499	0.126408	0.0848164	0.123776	0.0825277	0.121171	0.0802831	0.118592	0.0780818	0.116038	0.0759229	0.113509	0.0738057	0.111006	0.0717294	0.108528	0.0696932	0.106074	0.0676964	0.103645	0.0657383	0.10124	0.0638181	0.0988585	0.0619352	0.0965011	0.0600888	0.094167	0.0582782	0.0918562	0.0565028	0.0895685	0.0547618	0.0873034	0.0530548	0.0850609	0.0513809	0.0828407	0.0497397	0.0806426	0.0481303	0.0784664	0.0465524	0.0763119	0.0450052	0.0741787	0.0434882	0.0720668	0.0420008	0.0699759	0.0405424	0.0679059	0.0391125	0.0658564	0.0377106	0.0638273	0.036336	0.0618184	0.0349884	0.0598295	0.0336671	0.0578603	0.0323716	0.0559108	0.0311015	0.0539807	0.0298563	0.0520697	0.0286355	0.0501778	0.0274386	0.0483047	0.0262651	0.0464503	0.0251147	0.0446143	0.0239868	0.0427966	0.022881	0.0409969	0.021797	0.0392152	0.0207342	0.0374512	0.0196923	0.0357047	0.0186708	0.0339756	0.0176695	0.0322638	0.0166878	0.0305689	0.0157254	0.0288909	0.0147819	0.0272297	0.0138569	0.0255849	0.0129502	0.0239565	0.0120612	0.0223443	0.0111898	0.0207482	0.0103355	0.0191679	0.00949807	0.0176034	0.00867709	0.0160544	0.00787227	0.0145209	0.0070833	0.0130026	0.00630987	0.0114994	0.00555167	0.0100111	0.00480841	0.00853772	0.0040798	0.00707896	0.00336554	0.00563471	0.00266536	0.00420483	0.00197899	0.00278918	0.00130615	0.00138762	0.000646569	0	0	0	0	
0	0.690671	0	0.695518	0	0.699366	0	0.702278	0	0.704316	0	0.705535	0	0.70599	0	0.705733	0	0.704812	0	0.703273	0	0.701158	0	0.698509	0	0.695365	0	0.691762	0	0.687734	0	0.683314	0	0.678534	0	0.673421	0	0.668003	0	0.662307	0	0.656356	0	0.650174	0	0.643782	0	0.6372	0	0.630448	0	0.623543	0	0.616503	0	0.609344	0	0.60208	0	0.594726	0	0.587295	0	0.579799	0	0.572249	0	0.564658	0	0.557034	0	0.549388	0	0.541729	0	0.534064	0	0.526401	0	0.518748	0	0.511112	0	0.503498	0	0.495912	0	0.488361	0	0.480849	0	0.47338	0	0.465958	0	0.458589	0	0.451275	0	0.444019	0	0.436826	0	0.429696	0	0.422634	0	0.415641	0	0.40872	0	0.401871	0	0.395098	0	0.388401	0	0.381782	0	0.375241	0	0.36878	0	0.3624	0	0.356101	0	0.349885	0	0.34375	0	0.337699	0	0.33173	0	0.325844	0	0.320042	0	0.314323	0	0.308687	0	0.303134	0	0.297664	0	0.292276	0	0.28697	0	0.281745	0	0.276602	0	0.271539	0	0.266557	0	0.261653	0	0.256829	0	0.252083	0	0.247414	0	0.242822	0	0.238305	0	0.233864	0	0.229498	0	0.225205	0	0.220985	0	0.216836	0	0.212759	0	0.208752	0	0.204814	0	0.200945	0	0.197143	0	0.193407	0	0.189738	0	0.186133	0	0.182593	0	0.179115	0	0.1757	0	0.172345	0	0.169051	0	0.165817	0	0.162641	0	0.159523	0	0.156461	0	0.153455	0	0.150505	0	0.147608	0	0.144765	0	0.141974	0	0.139235	0	0.136546	0	0.133908	0	0.131318	0	0.128143	0	0.125028	0	0.121971	0	0.118973	0	0.116031	0	0.113146	0	0.110315	0	0.107538	0	0.104814	0	0.102142	0	0.0995209	0	0.09695	0	0.0944284	0	0.0919551	0	0.0895292	0	0.0871499	0	0.0848164	0	0.0825277	0	0.0802831	0	0.0780818	0	0.0759229	0	0.0738057	0	0.0717294	0	0.0696932	0	0.0676964	0	0.0657383	0	0.0638181	0	0.0619352	0	0.0600888	0	0.0582782	0	0.0565028	0	0.0547618	0	0.0530548	0	0.0513809	0	0.0497397	0	0.0481303	0	0.0465524	0	0.0450052	0	0.0434882	0	0.0420008	0	0.0405424	0	0.0391125	0	0.0377106	0	0.036336	0	0.0349884	0	0.0336671	0	0.0323716	0	0.0311015	0	0.0298563	0	0.0286355	0	0.0274386	0	0.0262651	0	0.0251147	0	0.0239868	0	0.022881	0	0.021797	0	0.0207342	0	0.0196923	0	0.0186708	0	0.0176695	0	0.0166878	0	0.0157254	0	0.0147819	0	0.0138569	0	0.0129502	0	0.0120612	0	0.0111898	0	0.0103355	0	0.00949807	0	0.00867709	0	0.00787227	0	0.0070833	0	0.00630987	0	0.00555167	0	0.00480841	0	0.0040798	0	0.00336554	0	0.00266536	0	0.00197899	0	0.00130615	0	0.000646569	0	0	0	0	
0.558339	0.696484	0.552784	0.701231	0.547283	0.70498	0.541838	0.707795	0.536447	0.709737	0.531109	0.710861	0.525824	0.711223	0.520592	0.710874	0.515412	0.709861	0.510284	0.708232	0.505206	0.706029	0.500179	0.703293	0.495203	0.700062	0.490275	0.696375	0.485397	0.692263	0.480567	0.687762	0.475785	0.6829	0.471051	0.677708	0.466364	0.672212	0.461724	0.666439	0.45713	0.660412	0.452581	0.654155	0.448078	0.647689	0.443619	0.641035	0.439205	0.634212	0.434835	0.627237	0.430508	0.620128	0.426225	0.612901	0.421984	0.605571	0.417785	0.598152	0.413628	0.590656	0.409512	0.583097	0.405438	0.575486	0.401403	0.567833	0.397409	0.56015	0.393455	0.552445	0.38954	0.544727	0.385664	0.537005	0.381827	0.529287	0.378027	0.521579	0.374266	0.513888	0.370542	0.506222	0.366855	0.498584	0.363205	0.490982	0.359591	0.483419	0.356013	0.475901	0.35247	0.468432	0.348963	0.461015	0.345491	0.453654	0.342053	0.446353	0.33865	0.439114	0.33528	0.431941	0.331944	0.424836	0.328641	0.4178	0.325371	0.410837	0.322134	0.403948	0.318928	0.397134	0.315755	0.390398	0.312613	0.38374	0.309503	0.377161	0.306423	0.370663	0.303374	0.364247	0.300356	0.357912	0.297367	0.35166	0.294408	0.345491	0.291479	0.339406	0.288578	0.333404	0.285707	0.327486	0.282864	0.321651	0.28005	0.315901	0.277263	0.310234	0.274504	0.304651	0.271773	0.299151	0.269069	0.293734	0.266391	0.2884	0.263741	0.283147	0.261117	0.277976	0.258518	0.272887	0.255946	0.267878	0.253399	0.262949	0.250878	0.258099	0.248382	0.253328	0.24591	0.248635	0.243463	0.244019	0.241041	0.239479	0.238643	0.235015	0.236268	0.230626	0.233917	0.226311	0.23159	0.222069	0.229285	0.217899	0.227004	0.213801	0.224745	0.209773	0.222509	0.205815	0.220295	0.201926	0.218103	0.198105	0.215933	0.194351	0.213784	0.190663	0.211657	0.18704	0.209551	0.183482	0.207466	0.179986	0.205402	0.176554	0.203358	0.173183	0.201334	0.169872	0.199331	0.166622	0.197348	0.16343	0.195384	0.160296	0.19344	0.157219	0.191515	0.154199	0.18961	0.151233	0.187723	0.148322	0.185855	0.145465	0.184006	0.14266	0.182175	0.139908	0.180362	0.137206	0.178568	0.134554	0.175417	0.131318	0.172298	0.128143	0.16921	0.125028	0.166152	0.121971	0.163125	0.118973	0.160128	0.116031	0.157161	0.113146	0.154223	0.110315	0.151315	0.107538	0.148436	0.104814	0.145585	0.102142	0.142762	0.0995209	0.139968	0.09695	0.137202	0.0944284	0.134463	0.0919551	0.131751	0.0895292	0.129066	0.0871499	0.126408	0.0848164	0.123776	0.0825277	0.121171	0.0802831	0.118592	0.0780818	0.116038	0.0759229	0.113509	0.0738057	0.111006	0.0717294	0.108528	0.0696932	0.106074	0.0676964	0.103645	0.0657383	0.10124	0.0638181	0.0988585	0.0619352	0.0965011	0.0600888	0.094167	0.0582782	0.0918562	0.0565028	0.0895685	0.0547618	0.0873034	0.0530548	0.0850609	0.0513809	0.0828407	0.0497397	0.0806426	0.0481303	0.0784664	0.0465524	0.0763119	0.0450052	0.0741787	0.0434882	0.0720668	0.0420008	0.0699759	0.0405424	0.0679059	0.0391125	0.0658564	0.0377106	0.0638273	0.036336	0.0618184	0.0349884	0.0598295	0.0336671	0.0578603	0.0323716	0.0559108	0.0311015	0.0539807	0.0298563	0.0520697	0.0286355	0.0501778	0.0274386	0.0483047	0.0262651	0.0464503	0.0251147	0.0446143	0.0239868	0.0427966	0.022881	0.0409969	0.021797	0.0392152	0.0207342	0.0374512	0.0196923	0.0357047	0.0186708	0.0339756	0.0176695	0.0322638	0.0166878	0.0305689	0.0157254	0.0288909	0.0147819	0.0272297	0.0138569	0.0255849	0.0129502	0.0239565	0.0120612	0.0223443	0.0111898	0.0207482	0.0103355	0.0191679	0.00949807	0.0176034	0.00867709	0.0160544	0.00787227	0.0145209	0.0070833	0.0130026	0.00630987	0.0114994	0.00555167	0.0100111	0.00480841	0.00853772	0.0040798	0.00707896	0.00336554	0.00563471	0.00266536	0.00420483	0.00197899	0.00278918	0.00130615	0.00138762	0.000646569	0	0	0	0	
0	0.696484	0	0.701231	0	0.70498	0	0.707795	0	0.709737	0	0.710861	0	0.711223	0	0.710874	0	0.709861	0	0.708232	0	0.706029	0	0.703293	0	0.700062	0	0.696375	0	0.692263	0	0.687762	0	0.6829	0	0.677708	0	0.672212	0	0.666439	0	0.660412	0	0.654155	0	0.647689	0	0.641035	0	0.634212	0	0.627237	0	0.620128	0	0.612901	0	0.605571	0	0.598152	0	0.590656	0	0.583097	0	0.575486	0	0.567833	0	0.56015	0	0.552445	0	0.544727	0	0.537005	0	0.529287	0	0.521579	0	0.513888	0	0.506222	0	0.498584	0	0.490982	0	0.483419	0	0.475901	0	0.468432	0	0.461015	0	0.453654	0	0.446353	0	0.439114	0	0.431941	0	0.424836	0	0.4178	0	0.410837	0	0.403948	0	0.397134	0	0.390398	0	0.38374	0	0.377161	0	0.370663	0	0.364247	0	0.357912	0	0.35166	0	0.345491	0	0.339406	0	0.333404	0	0.327486	0	0.321651	0	0.315901	0	0.310234	0	0.304651	0	0.299151	0	0.293734	0	0.2884	0	0.283147	0	0.277976	0	0.272887	0	0.267878	0	0.262949	0	0.258099	0	0.253328	0	0.248635	0	0.244019	0	0.239479	0	0.235015	0	0.230626	0	0.226311	0	0.222069	0	0.217899	0	0.213801	0	0.209773	0	0.205815	0	0.201926	0	0.198105	0	0.194351	0	0.190663	0	0.18704	0	0.183482	0	0.179986	0	0.176554	0	0.173183	0	0.169872	0	0.166622	0	0.16343	0	0.160296	0	0.157219	0	0.154199	0	0.151233	0	0.148322	0	0.145465	0	0.14266	0	0.139908	0	0.137206	0	0.134554	0	0.131318	0	0.128143	0	0.125028	0	0.121971	0	0.118973	0	0.116031	0	0.113146	0	0.110315	0	0.107538	0	0.104814	0	0.102142	0	0.0995209	0	0.09695	0	0.0944284	0	0.0919551	0	0.0895292	0	0.0871499	0	0.0848164	0	0.0825277	0	0.0802831	0	0.0780818	0	0.0759229	0	0.0738057	0	0.0717294	0	0.0696932	0	0.0676964	0	0.0657383	0	0.0638181	0	0.0619352	0	0.0600888	0	0.0582782	0	0.0565028	0	0.0547618	0	0.0530548	0	0.0513809	0	0.0497397	0	0.0481303	0	0.0465524	0	0.0450052	0	0.0434882	0	0.0420008	0	0.0405424	0	0.0391125	0	0.0377106	0	0.036336	0	0.0349884	0	0.0336671	0	0.0323716	0	0.0311015	0	0.0298563	0	0.0286355	0	0.0274386	0	0.0262651	0	0.0251147	0	0.0239868	0	0.022881	0	0.021797	0	0.0207342	0	0.0196923	0	0.0186708	0	0.0176695	0	0.0166878	0	0.0157254	0	0.0147819	0	0.0138569	0	0.0129502	0	0.0120612	0	0.0111898	0	0.0103355	0	0.00949807	0	0.00867709	0	0.00787227	0	0.0070833	0	0.00630987	0	0.00555167	0	0.00480841	0	0.0040798	0	0.00336554	0	0.00266536	0	0.00197899	0	0.00130615	0	0.000646569	0	0	0	0	
0.562635	0.702197	0.557037	0.706846	0.551494	0.710498	0.546007	0.713216	0.540574	0.715063	0.535195	0.716093	0.52987	0.716363	0.524597	0.715923	0.519377	0.714821	0.51421	0.713103	0.509093	0.710812	0.504028	0.70799	0.499012	0.704675	0.494047	0.700904	0.489131	0.696711	0.484264	0.692128	0.479446	0.687187	0.474675	0.681916	0.469952	0.676343	0.465276	0.670494	0.460646	0.664393	0.456063	0.658062	0.451525	0.651524	0.447032	0.644799	0.442584	0.637906	0.438181	0.630862	0.433821	0.623686	0.429504	0.616393	0.42523	0.608997	0.420999	0.601513	0.41681	0.593954	0.412663	0.586333	0.408557	0.578661	0.404492	0.570948	0.400467	0.563206	0.396482	0.555443	0.392537	0.547669	0.388631	0.539891	0.384764	0.532117	0.380936	0.524356	0.377145	0.516613	0.373393	0.508894	0.369677	0.501205	0.365999	0.493553	0.362357	0.485941	0.358752	0.478374	0.355182	0.470858	0.351648	0.463394	0.348149	0.455988	0.344685	0.448642	0.341255	0.441359	0.33786	0.434142	0.334498	0.426994	0.33117	0.419917	0.327875	0.412913	0.324612	0.405984	0.321382	0.399131	0.318184	0.392356	0.315018	0.38566	0.311884	0.379044	0.308781	0.37251	0.305708	0.366057	0.302666	0.359687	0.299655	0.353401	0.296673	0.347198	0.293721	0.341079	0.290799	0.335045	0.287905	0.329095	0.28504	0.323229	0.282204	0.317448	0.279396	0.311751	0.276616	0.306138	0.273864	0.300609	0.271139	0.295164	0.268441	0.289801	0.26577	0.284522	0.263125	0.279324	0.260507	0.274208	0.257915	0.269173	0.255349	0.264219	0.252808	0.259344	0.250293	0.254549	0.247802	0.249832	0.245337	0.245192	0.242895	0.240629	0.240479	0.236143	0.238086	0.231731	0.235717	0.227395	0.233371	0.223131	0.231049	0.218941	0.22875	0.214822	0.226474	0.210775	0.224221	0.206797	0.22199	0.202889	0.219781	0.199049	0.217594	0.195276	0.215429	0.19157	0.213285	0.187929	0.211163	0.184353	0.209062	0.180841	0.206982	0.177391	0.204922	0.174004	0.202883	0.170677	0.200865	0.167411	0.198866	0.164203	0.196887	0.161054	0.194928	0.157962	0.192989	0.154927	0.191068	0.151948	0.189167	0.149023	0.187285	0.146151	0.185421	0.143333	0.183576	0.140567	0.18175	0.137852	0.178568	0.134554	0.175417	0.131318	0.172298	0.128143	0.16921	0.125028	0.166152	0.121971	0.163125	0.118973	0.160128	0.116031	0.157161	0.113146	0.154223	0.110315	0.151315	0.107538	0.148436	0.104814	0.145585	0.102142	0.142762	0.0995209	0.139968	0.09695	0.137202	0.0944284	0.134463	0.0919551	0.131751	0.0895292	0.129066	0.0871499	0.126408	0.0848164	0.123776	0.0825277	0.121171	0.0802831	0.118592	0.0780818	0.116038	0.0759229	0.113509	0.0738057	0.111006	0.0717294	0.108528	0.0696932	0.106074	0.0676964	0.103645	0.0657383	0.10124	0.0638181	0.0988585	0.0619352	0.0965011	0.0600888	0.094167	0.0582782	0.0918562	0.0565028	0.0895685	0.0547618	0.0873034	0.0530548	0.0850609	0.0513809	0.0828407	0.0497397	0.0806426	0.0481303	0.0784664	0.0465524	0.0763119	0.0450052	0.0741787	0.0434882	0.0720668	0.0420008	0.0699759	0.0405424	0.0679059	0.0391125	0.0658564	0.0377106	0.0638273	0.036336	0.0618184	0.0349884	0.0598295	0.0336671	0.0578603	0.0323716	0.0559108	0.0311015	0.0539807	0.0298563	0.0520697	0.0286355	0.0501778	0.0274386	0.0483047	0.0262651	0.0464503	0.0251147	0.0446143	0.0239868	0.0427966	0.022881	0.0409969	0.021797	0.0392152	0.0207342	0.0374512	0.0196923	0.0357047	0.0186708	0.0339756	0.0176695	0.0322638	0.0166878	0.0305689	0.0157254	0.0288909	0.0147819	0.0272297	0.0138569	0.0255849	0.0129502	0.0239565	0.0120612	0.0223443	0.0111898	0.0207482	0.0103355	0.0191679	0.00949807	0.0176034	0.00867709	0.0160544	0.00787227	0.0145209	0.0070833	0.0130026	0.00630987	0.0114994	0.00555167	0.0100111	0.00480841	0.00853772	0.0040798	0.00707896	0.00336554	0.00563471	0.00266536	0.00420483	0.00197899	0.00278918	0.00130615	0.00138762	0.000646569	0	0	0	0	
0	0.702197	0	0.706846	0	0.710498	0	0.713216	0	0.715063	0	0.716093	0	0.716363	0	0.715923	0	0.714821	0	0.713103	0	0.710812	0	0.70799	0	0.704675	0	0.700904	0	0.696711	0	0.692128	0	0.687187	0	0.681916	0	0.676343	0	0.670494	0	0.664393	0	0.658062	0	0.651524	0	0.644799	0	0.637906	0	0.630862	0	0.623686	0	0.616393	0	0.608997	0	0.601513	0	0.593954	0	0.586333	0	0.578661	0	0.570948	0	0.563206	0	0.555443	0	0.547669	0	0.539891	0	0.532117	0	0.524356	0	0.516613	0	0.508894	0	0.501205	0	0.493553	0	0.485941	0	0.478374	0	0.470858	0	0.463394	0	0.455988	0	0.448642	0	0.441359	0	0.434142	0	0.426994	0	0.419917	0	0.412913	0	0.405984	0	0.399131	0	0.392356	0	0.38566	0	0.379044	0	0.37251	0	0.366057	0	0.359687	0	0.353401	0	0.347198	0	0.341079	0	0.335045	0	0.329095	0	0.323229	0	0.317448	0	0.311751	0	0.306138	0	0.300609	0	0.295164	0	0.289801	0	0.284522	0	0.279324	0	0.274208	0	0.269173	0	0.264219	0	0.259344	0	0.254549	0	0.249832	0	0.245192	0	0.240629	0	0.236143	0	0.231731	0	0.227395	0	0.223131	0	0.218941	0	0.214822	0	0.210775	0	0.206797	0	0.202889	0	0.199049	0	0.195276	0	0.19157	0	0.187929	0	0.184353	0	0.180841	0	0.177391	0	0.174004	0	0.170677	0	0.167411	0	0.164203	0	0.161054	0	0.157962	0	0.154927	0	0.151948	0	0.149023	0	0.146151	0	0.143333	0	0.140567	0	0.137852	0	0.134554	0	0.131318	0	0.128143	0	0.125028	0	0.121971	0	0.118973	0	0.116031	0	0.113146	0	0.110315	0	0.107538	0	0.104814	0	0.102142	0	0.0995209	0	0.09695	0	0.0944284	0	0.0919551	0	0.0895292	0	0.0871499	0	0.0848164	0	0.0825277	0	0.0802831	0	0.0780818	0	0.0759229	0	0.0738057	0	0.0717294	0	0.0696932	0	0.0676964	0	0.0657383	0	0.0638181	0	0.0619352	0	0.0600888	0	0.0582782	0	0.0565028	0	0.0547618	0	0.0530548	0	0.0513809	0	0.0497397	0	0.0481303	0	0.0465524	0	0.0450052	0	0.0434882	0	0.0420008	0	0.0405424	0	0.0391125	0	0.0377106	0	0.036336	0	0.0349884	0	0.0336671	0	0.0323716	0	0.0311015	0	0.0298563	0	0.0286355	0	0.0274386	0	0.0262651	0	0.0251147	0	0.0239868	0	0.022881	0	0.021797	0	0.0207342	0	0.0196923	0	0.0186708	0	0.0176695	0	0.0166878	0	0.0157254	0	0.0147819	0	0.0138569	0	0.0129502	0	0.0120612	0	0.0111898	0	0.0103355	0	0.00949807	0	0.00867709	0	0.00787227	0	0.0070833	0	0.00630987	0	0.00555167	0	0.00480841	0	0.0040798	0	0.00336554	0	0.00266536	0	0.00197899	0	0.00130615	0	0.000646569	0	0	0	0	
0.566888	0.707811	0.561247	0.712363	0.555663	0.715918	0.550134	0.718542	0.54466	0.720295	0.53924	0.721233	0.533875	0.721412	0.528563	0.720882	0.523303	0.719691	0.518096	0.717886	0.512941	0.71551	0.507837	0.712603	0.502784	0.709205	0.497782	0.705352	0.492829	0.701077	0.487925	0.696415	0.48307	0.691396	0.478263	0.686048	0.473504	0.680399	0.468793	0.674475	0.464128	0.6683	0.45951	0.661897	0.454938	0.655288	0.450411	0.648493	0.44593	0.641531	0.441493	0.63442	0.4371	0.627177	0.43275	0.619818	0.428445	0.612358	0.424181	0.604811	0.419961	0.59719	0.415782	0.589508	0.411645	0.581776	0.407549	0.574005	0.403494	0.566204	0.399479	0.558385	0.395504	0.550554	0.391569	0.542722	0.387673	0.534894	0.383815	0.52708	0.379996	0.519285	0.376215	0.511515	0.372472	0.503776	0.368766	0.496075	0.365096	0.488414	0.361464	0.4808	0.357867	0.473237	0.354306	0.465728	0.350781	0.458276	0.34729	0.450886	0.343835	0.44356	0.340414	0.436301	0.337026	0.429112	0.333673	0.421994	0.330353	0.414949	0.327066	0.407981	0.323811	0.401089	0.320589	0.394276	0.3174	0.387543	0.314241	0.380891	0.311115	0.37432	0.308019	0.367833	0.304954	0.361428	0.30192	0.355108	0.298916	0.348872	0.295941	0.342721	0.292997	0.336654	0.290081	0.330673	0.287195	0.324777	0.284337	0.318965	0.281508	0.313239	0.278707	0.307597	0.275934	0.302039	0.273188	0.296566	0.27047	0.291176	0.267779	0.285869	0.265114	0.280645	0.262476	0.275504	0.259865	0.270443	0.257279	0.265464	0.254719	0.260565	0.252185	0.255746	0.249675	0.251005	0.247191	0.246342	0.244731	0.241757	0.242296	0.237249	0.239885	0.232816	0.237499	0.228457	0.235135	0.224173	0.232796	0.219962	0.230479	0.215824	0.228186	0.211756	0.225916	0.207759	0.223668	0.203832	0.221442	0.199974	0.219239	0.196183	0.217057	0.192459	0.214898	0.1888	0.212759	0.185207	0.210642	0.181678	0.208546	0.178212	0.206471	0.174809	0.204417	0.171466	0.202383	0.168184	0.200369	0.164961	0.198375	0.161797	0.196402	0.158691	0.194447	0.155641	0.192513	0.152648	0.190597	0.149709	0.188701	0.146824	0.186823	0.143993	0.184964	0.141214	0.18175	0.137852	0.178568	0.134554	0.175417	0.131318	0.172298	0.128143	0.16921	0.125028	0.166152	0.121971	0.163125	0.118973	0.160128	0.116031	0.157161	0.113146	0.154223	0.110315	0.151315	0.107538	0.148436	0.104814	0.145585	0.102142	0.142762	0.0995209	0.139968	0.09695	0.137202	0.0944284	0.134463	0.0919551	0.131751	0.0895292	0.129066	0.0871499	0.126408	0.0848164	0.123776	0.0825277	0.121171	0.0802831	0.118592	0.0780818	0.116038	0.0759229	0.113509	0.0738057	0.111006	0.0717294	0.108528	0.0696932	0.106074	0.0676964	0.103645	0.0657383	0.10124	0.0638181	0.0988585	0.0619352	0.0965011	0.0600888	0.094167	0.0582782	0.0918562	0.0565028	0.0895685	0.0547618	0.0873034	0.0530548	0.0850609	0.0513809	0.0828407	0.0497397	0.0806426	0.0481303	0.0784664	0.0465524	0.0763119	0.0450052	0.0741787	0.0434882	0.0720668	0.0420008	0.0699759	0.0405424	0.0679059	0.0391125	0.0658564	0.0377106	0.0638273	0.036336	0.0618184	0.0349884	0.0598295	0.0336671	0.0578603	0.0323716	0.0559108	0.0311015	0.0539807	0.0298563	0.0520697	0.0286355	0.0501778	0.0274386	0.0483047	0.0262651	0.0464503	0.0251147	0.0446143	0.0239868	0.0427966	0.022881	0.0409969	0.021797	0.0392152	0.0207342	0.0374512	0.0196923	0.0357047	0.0186708	0.0339756	0.0176695	0.0322638	0.0166878	0.0305689	0.0157254	0.0288909	0.0147819	0.0272297	0.0138569	0.0255849	0.0129502	0.0239565	0.0120612	0.0223443	0.0111898	0.0207482	0.0103355	0.0191679	0.00949807	0.0176034	0.00867709	0.0160544	0.00787227	0.0145209	0.0070833	0.0130026	0.00630987	0.0114994	0.00555167	0.0100111	0.00480841	0.00853772	0.0040798	0.00707896	0.00336554	0.00563471	0.00266536	0.00420483	0.00197899	0.00278918	0.00130615	0.00138762	0.000646569	0	0	0	0	
0	0.707811	0	0.712363	0	0.715918	0	0.718542	0	0.720295	0	0.721233	0	0.721412	0	0.720882	0	0.719691	0	0.717886	0	0.71551	0	0.712603	0	0.709205	0	0.705352	0	0.701077	0	0.696415	0	0.691396	0	0.686048	0	0.680399	0	0.674475	0	0.6683	0	0.661897	0	0.655288	0	0.648493	0	0.641531	0	0.63442	0	0.627177	0	0.619818	0	0.612358	0	0.604811	0	0.59719	0	0.589508	0	0.581776	0	0.574005	0	0.566204	0	0.558385	0	0.550554	0	0.542722	0	0.534894	0	0.52708	0	0.519285	0	0.511515	0	0.503776	0	0.496075	0	0.488414	0	0.4808	0	0.473237	0	0.465728	0	0.458276	0	0.450886	0	0.44356	0	0.436301	0	0.429112	0	0.421994	0	0.414949	0	0.407981	0	0.401089	0	0.394276	0	0.387543	0	0.380891	0	0.37432	0	0.367833	0	0.361428	0	0.355108	0	0.348872	0	0.342721	0	0.336654	0	0.330673	0	0.324777	0	0.318965	0	0.313239	0	0.307597	0	0.302039	0	0.296566	0	0.291176	0	0.285869	0	0.280645	0	0.275504	0	0.270443	0	0.265464	0	0.260565	0	0.255746	0	0.251005	0	0.246342	0	0.241757	0	0.237249	0	0.232816	0	0.228457	0	0.224173	0	0.219962	0	0.215824	0	0.211756	0	0.207759	0	0.203832	0	0.199974	0	0.196183	0	0.192459	0	0.1888	0	0.185207	0	0.181678	0	0.178212	0	0.174809	0	0.171466	0	0.168184	0	0.164961	0	0.161797	0	0.158691	0	0.155641	0	0.152648	0	0.149709	0	0.146824	0	0.143993	0	0.141214	0	0.137852	0	0.134554	0	0.131318	0	0.128143	0	0.125028	0	0.121971	0	0.118973	0	0.116031	0	0.113146	0	0.110315	0	0.107538	0	0.104814	0	0.102142	0	0.0995209	0	0.09695	0	0.0944284	0	0.0919551	0	0.0895292	0	0.0871499	0	0.0848164	0	0.0825277	0	0.0802831	0	0.0780818	0	0.0759229	0	0.0738057	0	0.0717294	0	0.0696932	0	0.0676964	0	0.0657383	0	0.0638181	0	0.0619352	0	0.0600888	0	0.0582782	0	0.0565028	0	0.0547618	0	0.0530548	0	0.0513809	0	0.0497397	0	0.0481303	0	0.0465524	0	0.0450052	0	0.0434882	0	0.0420008	0	0.0405424	0	0.0391125	0	0.0377106	0	0.036336	0	0.0349884	0	0.0336671	0	0.0323716	0	0.0311015	0	0.0298563	0	0.0286355	0	0.0274386	0	0.0262651	0	0.0251147	0	0.0239868	0	0.022881	0	0.021797	0	0.0207342	0	0.0196923	0	0.0186708	0	0.0176695	0	0.0166878	0	0.0157254	0	0.0147819	0	0.0138569	0	0.0129502	0	0.0120612	0	0.0111898	0	0.0103355	0	0.00949807	0	0.00867709	0	0.00787227	0	0.0070833	0	0.00630987	0	0.00555167	0	0.00480841	0	0.0040798	0	0.00336554	0	0.00266536	0	0.00197899	0	0.00130615	0	0.000646569	0	0	0	0	
0.571098	0.713328	0.565416	0.717784	0.55979	0.721244	0.55422	0.723775	0.548705	0.725435	0.543245	0.726283	0.53784	0.726371	0.532489	0.725753	0.52719	0.724475	0.521945	0.722584	0.516751	0.720123	0.511609	0.717133	0.506519	0.713652	0.501479	0.709718	0.496489	0.705364	0.491549	0.700624	0.486658	0.695527	0.481816	0.690103	0.477021	0.68438	0.472275	0.678382	0.467576	0.672135	0.462923	0.665661	0.458317	0.658982	0.453757	0.652118	0.449242	0.645088	0.444772	0.637911	0.440346	0.630603	0.435965	0.62318	0.431627	0.615656	0.427332	0.608047	0.42308	0.600366	0.41887	0.592623	0.414702	0.584832	0.410576	0.577003	0.406491	0.569146	0.402446	0.56127	0.398442	0.553385	0.394477	0.545499	0.390552	0.537618	0.386666	0.529752	0.382819	0.521906	0.37901	0.514086	0.375238	0.506298	0.371505	0.498548	0.367808	0.49084	0.364148	0.48318	0.360525	0.47557	0.356938	0.468016	0.353386	0.460521	0.34987	0.453088	0.346389	0.445719	0.342942	0.438418	0.33953	0.431188	0.336151	0.42403	0.332807	0.416946	0.329495	0.409939	0.326217	0.403009	0.322971	0.396159	0.319757	0.389389	0.316575	0.382701	0.313425	0.376096	0.310307	0.369573	0.307219	0.363135	0.304162	0.356782	0.301136	0.350513	0.298139	0.34433	0.295173	0.338232	0.292236	0.33222	0.289328	0.326294	0.286449	0.320453	0.283599	0.314697	0.280777	0.309027	0.277983	0.303441	0.275217	0.29794	0.272479	0.292524	0.269768	0.287191	0.267083	0.281941	0.264426	0.276774	0.261795	0.271689	0.25919	0.266685	0.256611	0.261762	0.254058	0.256919	0.25153	0.252155	0.249027	0.24747	0.246549	0.242863	0.244096	0.238333	0.241667	0.233878	0.239263	0.229499	0.236882	0.225195	0.234525	0.220964	0.232191	0.216805	0.229881	0.212719	0.227594	0.208703	0.225329	0.204757	0.223087	0.20088	0.220867	0.197072	0.218669	0.19333	0.216494	0.189655	0.21434	0.186045	0.212207	0.182499	0.210095	0.179017	0.208005	0.175598	0.205935	0.17224	0.203886	0.168942	0.201857	0.165705	0.199849	0.162526	0.19786	0.159405	0.195892	0.156342	0.193942	0.153334	0.192013	0.150382	0.190102	0.147484	0.188211	0.144639	0.184964	0.141214	0.18175	0.137852	0.178568	0.134554	0.175417	0.131318	0.172298	0.128143	0.16921	0.125028	0.166152	0.121971	0.163125	0.118973	0.160128	0.116031	0.157161	0.113146	0.154223	0.110315	0.151315	0.107538	0.148436	0.104814	0.145585	0.102142	0.142762	0.0995209	0.139968	0.09695	0.137202	0.0944284	0.134463	0.0919551	0.131751	0.0895292	0.129066	0.0871499	0.126408	0.0848164	0.123776	0.0825277	0.121171	0.0802831	0.118592	0.0780818	0.116038	0.0759229	0.113509	0.0738057	0.111006	0.0717294	0.108528	0.0696932	0.106074	0.0676964	0.103645	0.0657383	0.10124	0.0638181	0.0988585	0.0619352	0.0965011	0.0600888	0.094167	0.0582782	0.0918562	0.0565028	0.0895685	0.0547618	0.0873034	0.0530548	0.0850609	0.0513809	0.0828407	0.0497397	0.0806426	0.0481303	0.0784664	0.0465524	0.0763119	0.0450052	0.0741787	0.0434882	0.0720668	0.0420008	0.0699759	0.0405424	0.0679059	0.0391125	0.0658564	0.0377106	0.0638273	0.036336	0.0618184	0.0349884	0.0598295	0.0336671	0.0578603	0.0323716	0.0559108	0.0311015	0.0539807	0.0298563	0.0520697	0.0286355	0.0501778	0.0274386	0.0483047	0.0262651	0.0464503	0.0251147	0.0446143	0.0239868	0.0427966	0.022881	0.0409969	0.021797	0.0392152	0.0207342	0.0374512	0.0196923	0.0357047	0.0186708	0.0339756	0.0176695	0.0322638	0.0166878	0.0305689	0.0157254	0.0288909	0.0147819	0.0272297	0.0138569	0.0255849	0.0129502	0.0239565	0.0120612	0.0223443	0.0111898	0.0207482	0.0103355	0.0191679	0.00949807	0.0176034	0.00867709	0.0160544	0.00787227	0.0145209	0.0070833	0.0130026	0.00630987	0.0114994	0.00555167	0.0100111	0.00480841	0.00853772	0.0040798	0.00707896	0.00336554	0.00563471	0.00266536	0.00420483	0.00197899	0.00278918	0.00130615	0.00138762	0.000646569	0	0	0	0	
0	0.713328	0	0.717784	0	0.721244	0	0.723775	0	0.725435	0	0.726283	0	0.726371	0	0.725753	0	0.724475	0	0.722584	0	0.720123	0	0.717133	0	0.713652	0	0.709718	0	0.705364	0	0.700624	0	0.695527	0	0.690103	0	0.68438	0	0.678382	0	0.672135	0	0.665661	0	0.658982	0	0.652118	0	0.645088	0	0.637911	0	0.630603	0	0.62318	0	0.615656	0	0.608047	0	0.600366	0	0.592623	0	0.584832	0	0.577003	0	0.569146	0	0.56127	0	0.553385	0	0.545499	0	0.537618	0	0.529752	0	0.521906	0	0.514086	0	0.506298	0	0.498548	0	0.49084	0	0.48318	0	0.47557	0	0.468016	0	0.460521	0	0.453088	0	0.445719	0	0.438418	0	0.431188	0	0.42403	0	0.416946	0	0.409939	0	0.403009	0	0.396159	0	0.389389	0	0.382701	0	0.376096	0	0.369573	0	0.363135	0	0.356782	0	0.350513	0	0.34433	0	0.338232	0	0.33222	0	0.326294	0	0.320453	0	0.314697	0	0.309027	0	0.303441	0	0.29794	0	0.292524	0	0.287191	0	0.281941	0	0.276774	0	0.271689	0	0.266685	0	0.261762	0	0.256919	0	0.252155	0	0.24747	0	0.242863	0	0.238333	0	0.233878	0	0.229499	0	0.225195	0	0.220964	0	0.216805	0	0.212719	0	0.208703	0	0.204757	0	0.20088	0	0.197072	0	0.19333	0	0.189655	0	0.186045	0	0.182499	0	0.179017	0	0.175598	0	0.17224	0	0.168942	0	0.165705	0	0.162526	0	0.159405	0	0.156342	0	0.153334	0	0.150382	0	0.147484	0	0.144639	0	0.141214	0	0.137852	0	0.134554	0	0.131318	0	0.128143	0	0.125028	0	0.121971	0	0.118973	0	0.116031	0	0.113146	0	0.110315	0	0.107538	0	0.104814	0	0.102142	0	0.0995209	0	0.09695	0	0.0944284	0	0.0919551	0	0.0895292	0	0.0871499	0	0.0848164	0	0.0825277	0	0.0802831	0	0.0780818	0	0.0759229	0	0.0738057	0	0.0717294	0	0.0696932	0	0.0676964	0	0.0657383	0	0.0638181	0	0.0619352	0	0.0600888	0	0.0582782	0	0.0565028	0	0.0547618	0	0.0530548	0	0.0513809	0	0.0497397	0	0.0481303	0	0.0465524	0	0.0450052	0	0.0434882	0	0.0420008	0	0.0405424	0	0.0391125	0	0.0377106	0	0.036336	0	0.0349884	0	0.0336671	0	0.0323716	0	0.0311015	0	0.0298563	0	0.0286355	0	0.0274386	0	0.0262651	0	0.0251147	0	0.0239868	0	0.022881	0	0.021797	0	0.0207342	0	0.0196923	0	0.0186708	0	0.0176695	0	0.0166878	0	0.0157254	0	0.0147819	0	0.0138569	0	0.0129502	0	0.0120612	0	0.0111898	0	0.0103355	0	0.00949807	0	0.00867709	0	0.00787227	0	0.0070833	0	0.00630987	0	0.00555167	0	0.00480841	0	0.0040798	0	0.00336554	0	0.00266536	0	0.00197899	0	0.00130615	0	0.000646569	0	0	0	0	
0.575267	0.718749	0.569543	0.72311	0.563876	0.726477	0.558265	0.728915	0.55271	0.730484	0.547211	0.731242	0.541766	0.731242	0.536375	0.730536	0.531038	0.729172	0.525754	0.727197	0.520523	0.724652	0.515344	0.72158	0.510216	0.718019	0.505139	0.714005	0.500113	0.709573	0.495137	0.704755	0.49021	0.699583	0.485332	0.694084	0.480503	0.688287	0.475722	0.682217	0.470989	0.675899	0.466302	0.669355	0.461663	0.662607	0.457069	0.655675	0.452521	0.648579	0.448018	0.641336	0.44356	0.633964	0.439147	0.626478	0.434777	0.618893	0.430451	0.611223	0.426168	0.603481	0.421928	0.59568	0.41773	0.587831	0.413573	0.579944	0.409458	0.572032	0.405384	0.564101	0.40135	0.556162	0.397357	0.548223	0.393403	0.54029	0.389488	0.532373	0.385613	0.524476	0.381776	0.516607	0.377977	0.508771	0.374216	0.500974	0.370493	0.49322	0.366806	0.485513	0.363157	0.477859	0.359543	0.470261	0.355966	0.462722	0.352424	0.455246	0.348917	0.447836	0.345445	0.440495	0.342008	0.433224	0.338605	0.426027	0.335236	0.418904	0.3319	0.411859	0.328598	0.404892	0.325328	0.398005	0.322091	0.3912	0.318886	0.384477	0.315713	0.377837	0.312572	0.371281	0.309462	0.364809	0.306382	0.358423	0.303334	0.352123	0.300316	0.345908	0.297327	0.339779	0.294369	0.333737	0.29144	0.327781	0.28854	0.321911	0.285669	0.316127	0.282827	0.310429	0.280012	0.304816	0.277226	0.299288	0.274468	0.293845	0.271737	0.288486	0.269033	0.283211	0.266356	0.278019	0.263706	0.272909	0.261082	0.267882	0.258484	0.262935	0.255912	0.258069	0.253366	0.253283	0.250845	0.248576	0.248349	0.243947	0.245878	0.239395	0.243431	0.23492	0.241009	0.230521	0.238611	0.226196	0.236237	0.221945	0.233886	0.217768	0.231559	0.213662	0.229255	0.209628	0.226974	0.205664	0.224715	0.201769	0.222479	0.197943	0.220266	0.194184	0.218074	0.190492	0.215904	0.186866	0.213756	0.183304	0.211629	0.179806	0.209523	0.176371	0.207438	0.172998	0.205374	0.169685	0.203331	0.166433	0.201308	0.16324	0.199305	0.160105	0.197321	0.157028	0.195358	0.154007	0.193414	0.151041	0.19149	0.14813	0.188211	0.144639	0.184964	0.141214	0.18175	0.137852	0.178568	0.134554	0.175417	0.131318	0.172298	0.128143	0.16921	0.125028	0.166152	0.121971	0.163125	0.118973	0.160128	0.116031	0.157161	0.113146	0.154223	0.110315	0.151315	0.107538	0.148436	0.104814	0.145585	0.102142	0.142762	0.0995209	0.139968	0.09695	0.137202	0.0944284	0.134463	0.0919551	0.131751	0.0895292	0.129066	0.0871499	0.126408	0.0848164	0.123776	0.0825277	0.121171	0.0802831	0.118592	0.0780818	0.116038	0.0759229	0.113509	0.0738057	0.111006	0.0717294	0.108528	0.0696932	0.106074	0.0676964	0.103645	0.0657383	0.10124	0.0638181	0.0988585	0.0619352	0.0965011	0.0600888	0.094167	0.0582782	0.0918562	0.0565028	0.0895685	0.0547618	0.0873034	0.0530548	0.0850609	0.0513809	0.0828407	0.0497397	0.0806426	0.0481303	0.0784664	0.0465524	0.0763119	0.0450052	0.0741787	0.0434882	0.0720668	0.0420008	0.0699759	0.0405424	0.0679059	0.0391125	0.0658564	0.0377106	0.0638273	0.036336	0.0618184	0.0349884	0.0598295	0.0336671	0.0578603	0.0323716	0.0559108	0.0311015	0.0539807	0.0298563	0.0520697	0.0286355	0.0501778	0.0274386	0.0483047	0.0262651	0.0464503	0.0251147	0.0446143	0.0239868	0.0427966	0.022881	0.0409969	0.021797	0.0392152	0.0207342	0.0374512	0.0196923	0.0357047	0.0186708	0.0339756	0.0176695	0.0322638	0.0166878	0.0305689	0.0157254	0.0288909	0.0147819	0.0272297	0.0138569	0.0255849	0.0129502	0.0239565	0.0120612	0.0223443	0.0111898	0.0207482	0.0103355	0.0191679	0.00949807	0.0176034	0.00867709	0.0160544	0.00787227	0.0145209	0.0070833	0.0130026	0.00630987	0.0114994	0.00555167	0.0100111	0.00480841	0.00853772	0.0040798	0.00707896	0.00336554	0.00563471	0.00266536	0.00420483	0.00197899	0.00278918	0.00130615	0.00138762	0.000646569	0	0	0	0	
0	0.718749	0	0.72311	0	0.726477	0	0.728915	0	0.730484	0	0.731242	0	0.731242	0	0.730536	0	0.729172	0	0.727197	0	0.724652	0	0.72158	0	0.718019	0	0.714005	0	0.709573	0	0.704755	0	0.699583	0	0.694084	0	0.688287	0	0.682217	0	0.675899	0	0.669355	0	0.662607	0	0.655675	0	0.648579	0	0.641336	0	0.633964	0	0.626478	0	0.618893	0	0.611223	0	0.603481	0	0.59568	0	0.587831	0	0.579944	0	0.572032	0	0.564101	0	0.556162	0	0.548223	0	0.54029	0	0.532373	0	0.524476	0	0.516607	0	0.508771	0	0.500974	0	0.49322	0	0.485513	0	0.477859	0	0.470261	0	0.462722	0	0.455246	0	0.447836	0	0.440495	0	0.433224	0	0.426027	0	0.418904	0	0.411859	0	0.404892	0	0.398005	0	0.3912	0	0.384477	0	0.377837	0	0.371281	0	0.364809	0	0.358423	0	0.352123	0	0.345908	0	0.339779	0	0.333737	0	0.327781	0	0.321911	0	0.316127	0	0.310429	0	0.304816	0	0.299288	0	0.293845	0	0.288486	0	0.283211	0	0.278019	0	0.272909	0	0.267882	0	0.262935	0	0.258069	0	0.253283	0	0.248576	0	0.243947	0	0.239395	0	0.23492	0	0.230521	0	0.226196	0	0.221945	0	0.217768	0	0.213662	0	0.209628	0	0.205664	0	0.201769	0	0.197943	0	0.194184	0	0.190492	0	0.186866	0	0.183304	0	0.179806	0	0.176371	0	0.172998	0	0.169685	0	0.166433	0	0.16324	0	0.160105	0	0.157028	0	0.154007	0	0.151041	0	0.14813	0	0.144639	0	0.141214	0	0.137852	0	0.134554	0	0.131318	0	0.128143	0	0.125028	0	0.121971	0	0.118973	0	0.116031	0	0.113146	0	0.110315	0	0.107538	0	0.104814	0	0.102142	0	0.0995209	0	0.09695	0	0.0944284	0	0.0919551	0	0.0895292	0	0.0871499	0	0.0848164	0	0.0825277	0	0.0802831	0	0.0780818	0	0.0759229	0	0.0738057	0	0.0717294	0	0.0696932	0	0.0676964	0	0.0657383	0	0.0638181	0	0.0619352	0	0.0600888	0	0.0582782	0	0.0565028	0	0.0547618	0	0.0530548	0	0.0513809	0	0.0497397	0	0.0481303	0	0.0465524	0	0.0450052	0	0.0434882	0	0.0420008	0	0.0405424	0	0.0391125	0	0.0377106	0	0.036336	0	0.0349884	0	0.0336671	0	0.0323716	0	0.0311015	0	0.0298563	0	0.0286355	0	0.0274386	0	0.0262651	0	0.0251147	0	0.0239868	0	0.022881	0	0.021797	0	0.0207342	0	0.0196923	0	0.0186708	0	0.0176695	0	0.0166878	0	0.0157254	0	0.0147819	0	0.0138569	0	0.0129502	0	0.0120612	0	0.0111898	0	0.0103355	0	0.00949807	0	0.00867709	0	0.00787227	0	0.0070833	0	0.00630987	0	0.00555167	0	0.00480841	0	0.0040798	0	0.00336554	0	0.00266536	0	0.00197899	0	0.00130615	0	0.000646569	0	0	0	0	
0.579394	0.724075	0.573629	0.728342	0.567921	0.731617	0.56227	0.733964	0.556676	0.735443	0.551137	0.736113	0.545653	0.736026	0.540223	0.735234	0.534848	0.733785	0.529526	0.731726	0.524257	0.7291	0.519041	0.725947	0.513876	0.722306	0.508763	0.718214	0.503701	0.713704	0.498689	0.708811	0.493727	0.703563	0.488814	0.697991	0.483951	0.692122	0.479135	0.685981	0.474368	0.679593	0.469648	0.67298	0.464975	0.666165	0.460348	0.659166	0.455768	0.652005	0.451233	0.644698	0.446743	0.637262	0.442298	0.629714	0.437897	0.622068	0.433539	0.614338	0.429226	0.606537	0.424955	0.598678	0.420726	0.590772	0.41654	0.58283	0.412396	0.574862	0.408292	0.566878	0.40423	0.558886	0.400207	0.550895	0.396225	0.542911	0.392283	0.534944	0.388379	0.526998	0.384515	0.519081	0.380689	0.511197	0.376901	0.503353	0.373151	0.495553	0.369438	0.487802	0.365762	0.480104	0.362123	0.472462	0.358519	0.464881	0.354952	0.457364	0.35142	0.449913	0.347924	0.442531	0.344462	0.435221	0.341034	0.427985	0.337641	0.420824	0.334281	0.413742	0.330955	0.406739	0.327662	0.399816	0.324402	0.392975	0.321174	0.386217	0.317978	0.379544	0.314814	0.372954	0.311682	0.36645	0.308581	0.360032	0.30551	0.353701	0.30247	0.347455	0.299461	0.341296	0.296481	0.335224	0.293531	0.329239	0.29061	0.323341	0.287719	0.317529	0.284856	0.311803	0.282021	0.306163	0.279215	0.300609	0.276437	0.29514	0.273686	0.289756	0.270963	0.284456	0.268267	0.27924	0.265598	0.274106	0.262955	0.269055	0.260339	0.264086	0.257748	0.259197	0.255183	0.254389	0.252644	0.24966	0.250131	0.24501	0.247642	0.240437	0.245178	0.235942	0.242738	0.231522	0.240323	0.227178	0.237932	0.222908	0.235564	0.218711	0.23322	0.214587	0.2309	0.210535	0.228602	0.206553	0.226327	0.202641	0.224075	0.198797	0.221846	0.195022	0.219638	0.191313	0.217453	0.187671	0.215289	0.184093	0.213147	0.180579	0.211026	0.177129	0.208927	0.173741	0.206848	0.170414	0.20479	0.167148	0.202752	0.16394	0.200734	0.160792	0.198737	0.157701	0.19676	0.154666	0.194802	0.151688	0.19149	0.14813	0.188211	0.144639	0.184964	0.141214	0.18175	0.137852	0.178568	0.134554	0.175417	0.131318	0.172298	0.128143	0.16921	0.125028	0.166152	0.121971	0.163125	0.118973	0.160128	0.116031	0.157161	0.113146	0.154223	0.110315	0.151315	0.107538	0.148436	0.104814	0.145585	0.102142	0.142762	0.0995209	0.139968	0.09695	0.137202	0.0944284	0.134463	0.0919551	0.131751	0.0895292	0.129066	0.0871499	0.126408	0.0848164	0.123776	0.0825277	0.121171	0.0802831	0.118592	0.0780818	0.116038	0.0759229	0.113509	0.0738057	0.111006	0.0717294	0.108528	0.0696932	0.106074	0.0676964	0.103645	0.0657383	0.10124	0.0638181	0.0988585	0.0619352	0.0965011	0.0600888	0.094167	0.0582782	0.0918562	0.0565028	0.0895685	0.0547618	0.0873034	0.0530548	0.0850609	0.0513809	0.0828407	0.0497397	0.0806426	0.0481303	0.0784664	0.0465524	0.0763119	0.0450052	0.0741787	0.0434882	0.0720668	0.0420008	0.0699759	0.0405424	0.0679059	0.0391125	0.0658564	0.0377106	0.0638273	0.036336	0.0618184	0.0349884	0.0598295	0.0336671	0.0578603	0.0323716	0.0559108	0.0311015	0.0539807	0.0298563	0.0520697	0.0286355	0.0501778	0.0274386	0.0483047	0.0262651	0.0464503	0.0251147	0.0446143	0.0239868	0.0427966	0.022881	0.0409969	0.021797	0.0392152	0.0207342	0.0374512	0.0196923	0.0357047	0.0186708	0.0339756	0.0176695	0.0322638	0.0166878	0.0305689	0.0157254	0.0288909	0.0147819	0.0272297	0.0138569	0.0255849	0.0129502	0.0239565	0.0120612	0.0223443	0.0111898	0.0207482	0.0103355	0.0191679	0.00949807	0.0176034	0.00867709	0.0160544	0.00787227	0.0145209	0.0070833	0.0130026	0.00630987	0.0114994	0.00555167	0.0100111	0.00480841	0.00853772	0.0040798	0.00707896	0.00336554	0.00563471	0.00266536	0.00420483	0.00197899	0.00278918	0.00130615	0.00138762	0.000646569	0	0	0	0	
0	0.724075	0	0.728342	0	0.731617	0	0.733964	0	0.735443	0	0.736113	0	0.736026	0	0.735234	0	0.733785	0	0.731726	0	0.7291	0	0.725947	0	0.722306	0	0.718214	0	0.713704	0	0.708811	0	0.703563	0	0.697991	0	0.692122	0	0.685981	0	0.679593	0	0.67298	0	0.666165	0	0.659166	0	0.652005	0	0.644698	0	0.637262	0	0.629714	0	0.622068	0	0.614338	0	0.606537	0	0.598678	0	0.590772	0	0.58283	0	0.574862	0	0.566878	0	0.558886	0	0.550895	0	0.542911	0	0.534944	0	0.526998	0	0.519081	0	0.511197	0	0.503353	0	0.495553	0	0.487802	0	0.480104	0	0.472462	0	0.464881	0	0.457364	0	0.449913	0	0.442531	0	0.435221	0	0.427985	0	0.420824	0	0.413742	0	0.406739	0	0.399816	0	0.392975	0	0.386217	0	0.379544	0	0.372954	0	0.36645	0	0.360032	0	0.353701	0	0.347455	0	0.341296	0	0.335224	0	0.329239	0	0.323341	0	0.317529	0	0.311803	0	0.306163	0	0.300609	0	0.29514	0	0.289756	0	0.284456	0	0.27924	0	0.274106	0	0.269055	0	0.264086	0	0.259197	0	0.254389	0	0.24966	0	0.24501	0	0.240437	0	0.235942	0	0.231522	0	0.227178	0	0.222908	0	0.218711	0	0.214587	0	0.210535	0	0.206553	0	0.202641	0	0.198797	0	0.195022	0	0.191313	0	0.187671	0	0.184093	0	0.180579	0	0.177129	0	0.173741	0	0.170414	0	0.167148	0	0.16394	0	0.160792	0	0.157701	0	0.154666	0	0.151688	0	0.14813	0	0.144639	0	0.141214	0	0.137852	0	0.134554	0	0.131318	0	0.128143	0	0.125028	0	0.121971	0	0.118973	0	0.116031	0	0.113146	0	0.110315	0	0.107538	0	0.104814	0	0.102142	0	0.0995209	0	0.09695	0	0.0944284	0	0.0919551	0	0.0895292	0	0.0871499	0	0.0848164	0	0.0825277	0	0.0802831	0	0.0780818	0	0.0759229	0	0.0738057	0	0.0717294	0	0.0696932	0	0.0676964	0	0.0657383	0	0.0638181	0	0.0619352	0	0.0600888	0	0.0582782	0	0.0565028	0	0.0547618	0	0.0530548	0	0.0513809	0	0.0497397	0	0.0481303	0	0.0465524	0	0.0450052	0	0.0434882	0	0.0420008	0	0.0405424	0	0.0391125	0	0.0377106	0	0.036336	0	0.0349884	0	0.0336671	0	0.0323716	0	0.0311015	0	0.0298563	0	0.0286355	0	0.0274386	0	0.0262651	0	0.0251147	0	0.0239868	0	0.022881	0	0.021797	0	0.0207342	0	0.0196923	0	0.0186708	0	0.0176695	0	0.0166878	0	0.0157254	0	0.0147819	0	0.0138569	0	0.0129502	0	0.0120612	0	0.0111898	0	0.0103355	0	0.00949807	0	0.00867709	0	0.00787227	0	0.0070833	0	0.00630987	0	0.00555167	0	0.00480841	0	0.0040798	0	0.00336554	0	0.00266536	0	0.00197899	0	0.00130615	0	0.000646569	0	0	0	0	
0.58348	0.729308	0.577674	0.733482	0.571926	0.736666	0.566236	0.738923	0.560602	0.740314	0.555024	0.740896	0.549501	0.740723	0.544033	0.739847	0.53862	0.738315	0.533261	0.736174	0.527955	0.733466	0.522701	0.730234	0.5175	0.726514	0.512351	0.722345	0.507253	0.71776	0.502206	0.712791	0.497209	0.707471	0.492262	0.701826	0.487364	0.695886	0.482514	0.689675	0.477713	0.683218	0.47296	0.676538	0.468254	0.669656	0.463595	0.662592	0.458982	0.655366	0.454415	0.647996	0.449893	0.640498	0.445417	0.632889	0.440985	0.625183	0.436597	0.617394	0.432253	0.609535	0.427952	0.60162	0.423694	0.593658	0.419478	0.585661	0.415304	0.577639	0.411172	0.569602	0.40708	0.561558	0.40303	0.553516	0.39902	0.545482	0.395049	0.537465	0.391118	0.529471	0.387227	0.521507	0.383374	0.513576	0.379559	0.505687	0.375782	0.497842	0.372043	0.490046	0.368341	0.482305	0.364676	0.474621	0.361048	0.466998	0.357455	0.45944	0.353899	0.451949	0.350377	0.444528	0.346891	0.437179	0.343439	0.429905	0.340022	0.422707	0.336639	0.415588	0.333289	0.408549	0.329973	0.401591	0.32669	0.394716	0.323439	0.387925	0.320221	0.381217	0.317034	0.374596	0.31388	0.36806	0.310757	0.36161	0.307665	0.355248	0.304603	0.348972	0.301573	0.342784	0.298572	0.336683	0.295601	0.330669	0.29266	0.324743	0.289748	0.318903	0.286865	0.313151	0.28401	0.307485	0.281184	0.301905	0.278387	0.296411	0.275617	0.291001	0.272874	0.285677	0.270159	0.280437	0.267471	0.27528	0.264809	0.270206	0.262175	0.265214	0.259566	0.260303	0.256983	0.255473	0.254426	0.250723	0.251895	0.246052	0.249388	0.241459	0.246907	0.236943	0.24445	0.232504	0.242018	0.22814	0.239609	0.223851	0.237225	0.219636	0.234865	0.215494	0.232528	0.211424	0.230214	0.207424	0.227924	0.203495	0.225656	0.199635	0.22341	0.195843	0.221187	0.192118	0.218987	0.18846	0.216808	0.184866	0.21465	0.181338	0.212515	0.177872	0.2104	0.17447	0.208306	0.171128	0.206234	0.167848	0.204182	0.164627	0.20215	0.161465	0.200139	0.15836	0.198147	0.155313	0.194802	0.151688	0.19149	0.14813	0.188211	0.144639	0.184964	0.141214	0.18175	0.137852	0.178568	0.134554	0.175417	0.131318	0.172298	0.128143	0.16921	0.125028	0.166152	0.121971	0.163125	0.118973	0.160128	0.116031	0.157161	0.113146	0.154223	0.110315	0.151315	0.107538	0.148436	0.104814	0.145585	0.102142	0.142762	0.0995209	0.139968	0.09695	0.137202	0.0944284	0.134463	0.0919551	0.131751	0.0895292	0.129066	0.0871499	0.126408	0.0848164	0.123776	0.0825277	0.121171	0.0802831	0.118592	0.0780818	0.116038	0.0759229	0.113509	0.0738057	0.111006	0.0717294	0.108528	0.0696932	0.106074	0.0676964	0.103645	0.0657383	0.10124	0.0638181	0.0988585	0.0619352	0.0965011	0.0600888	0.094167	0.0582782	0.0918562	0.0565028	0.0895685	0.0547618	0.0873034	0.0530548	0.0850609	0.0513809	0.0828407	0.0497397	0.0806426	0.0481303	0.0784664	0.0465524	0.0763119	0.0450052	0.0741787	0.0434882	0.0720668	0.0420008	0.0699759	0.0405424	0.0679059	0.0391125	0.0658564	0.0377106	0.0638273	0.036336	0.0618184	0.0349884	0.0598295	0.0336671	0.0578603	0.0323716	0.0559108	0.0311015	0.0539807	0.0298563	0.0520697	0.0286355	0.0501778	0.0274386	0.0483047	0.0262651	0.0464503	0.0251147	0.0446143	0.0239868	0.0427966	0.022881	0.0409969	0.021797	0.0392152	0.0207342	0.0374512	0.0196923	0.0357047	0.0186708	0.0339756	0.0176695	0.0322638	0.0166878	0.0305689	0.0157254	0.0288909	0.0147819	0.0272297	0.0138569	0.0255849	0.0129502	0.0239565	0.0120612	0.0223443	0.0111898	0.0207482	0.0103355	0.0191679	0.00949807	0.0176034	0.00867709	0.0160544	0.00787227	0.0145209	0.0070833	0.0130026	0.00630987	0.0114994	0.00555167	0.0100111	0.00480841	0.00853772	0.0040798	0.00707896	0.00336554	0.00563471	0.00266536	0.00420483	0.00197899	0.00278918	0.00130615	0.00138762	0.000646569	0	0	0	0	
0	0.729308	0	0.733482	0	0.736666	0	0.738923	0	0.740314	0	0.740896	0	0.740723	0	0.739847	0	0.738315	0	0.736174	0	0.733466	0	0.730234	0	0.726514	0	0.722345	0	0.71776	0	0.712791	0	0.707471	0	0.701826	0	0.695886	0	0.689675	0	0.683218	0	0.676538	0	0.669656	0	0.662592	0	0.655366	0	0.647996	0	0.640498	0	0.632889	0	0.625183	0	0.617394	0	0.609535	0	0.60162	0	0.593658	0	0.585661	0	0.577639	0	0.569602	0	0.561558	0	0.553516	0	0.545482	0	0.537465	0	0.529471	0	0.521507	0	0.513576	0	0.505687	0	0.497842	0	0.490046	0	0.482305	0	0.474621	0	0.466998	0	0.45944	0	0.451949	0	0.444528	0	0.437179	0	0.429905	0	0.422707	0	0.415588	0	0.408549	0	0.401591	0	0.394716	0	0.387925	0	0.381217	0	0.374596	0	0.36806	0	0.36161	0	0.355248	0	0.348972	0	0.342784	0	0.336683	0	0.330669	0	0.324743	0	0.318903	0	0.313151	0	0.307485	0	0.301905	0	0.296411	0	0.291001	0	0.285677	0	0.280437	0	0.27528	0	0.270206	0	0.265214	0	0.260303	0	0.255473	0	0.250723	0	0.246052	0	0.241459	0	0.236943	0	0.232504	0	0.22814	0	0.223851	0	0.219636	0	0.215494	0	0.211424	0	0.207424	0	0.203495	0	0.199635	0	0.195843	0	0.192118	0	0.18846	0	0.184866	0	0.181338	0	0.177872	0	0.17447	0	0.171128	0	0.167848	0	0.164627	0	0.161465	0	0.15836	0	0.155313	0	0.151688	0	0.14813	0	0.144639	0	0.141214	0	0.137852	0	0.134554	0	0.131318	0	0.128143	0	0.125028	0	0.121971	0	0.118973	0	0.116031	0	0.113146	0	0.110315	0	0.107538	0	0.104814	0	0.102142	0	0.0995209	0	0.09695	0	0.0944284	0	0.0919551	0	0.0895292	0	0.0871499	0	0.0848164	0	0.0825277	0	0.0802831	0	0.0780818	0	0.0759229	0	0.0738057	0	0.0717294	0	0.0696932	0	0.0676964	0	0.0657383	0	0.0638181	0	0.0619352	0	0.0600888	0	0.0582782	0	0.0565028	0	0.0547618	0	0.0530548	0	0.0513809	0	0.0497397	0	0.0481303	0	0.0465524	0	0.0450052	0	0.0434882	0	0.0420008	0	0.0405424	0	0.0391125	0	0.0377106	0	0.036336	0	0.0349884	0	0.0336671	0	0.0323716	0	0.0311015	0	0.0298563	0	0.0286355	0	0.0274386	0	0.0262651	0	0.0251147	0	0.0239868	0	0.022881	0	0.021797	0	0.0207342	0	0.0196923	0	0.0186708	0	0.0176695	0	0.0166878	0	0.0157254	0	0.0147819	0	0.0138569	0	0.0129502	0	0.0120612	0	0.0111898	0	0.0103355	0	0.00949807	0	0.00867709	0	0.00787227	0	0.0070833	0	0.00630987	0	0.00555167	0	0.00480841	0	0.0040798	0	0.00336554	0	0.00266536	0	0.00197899	0	0.00130615	0	0.000646569	0	0	0	0	
0.587526	0.734448	0.58168	0.738531	0.575892	0.741625	0.570162	0.743794	0.564488	0.745098	0.558872	0.745594	0.553311	0.745336	0.547805	0.744376	0.542354	0.742762	0.536958	0.74054	0.531615	0.737753	0.526325	0.734442	0.521088	0.730646	0.515904	0.726401	0.51077	0.721741	0.505688	0.716699	0.500656	0.711306	0.495675	0.70559	0.490743	0.69958	0.48586	0.6933	0.481025	0.686775	0.476239	0.680029	0.4715	0.673081	0.466809	0.665953	0.462164	0.658665	0.457565	0.651232	0.453013	0.643674	0.448505	0.636004	0.444042	0.628239	0.439624	0.620392	0.43525	0.612477	0.430919	0.604505	0.426631	0.596489	0.422386	0.588438	0.418183	0.580363	0.414022	0.572274	0.409903	0.564179	0.405824	0.556086	0.401786	0.548004	0.397788	0.539939	0.39383	0.531897	0.389912	0.523886	0.386032	0.51591	0.382191	0.507975	0.378388	0.500086	0.374623	0.492248	0.370895	0.484464	0.367205	0.476738	0.363551	0.469075	0.359934	0.461476	0.356352	0.453946	0.352807	0.446486	0.349296	0.439099	0.34582	0.431788	0.34238	0.424554	0.338973	0.417399	0.3356	0.410325	0.332261	0.403332	0.328955	0.396423	0.325681	0.389598	0.322441	0.382859	0.319233	0.376205	0.316056	0.369638	0.312911	0.363158	0.309798	0.356765	0.306715	0.35046	0.303663	0.344242	0.300642	0.338113	0.29765	0.332071	0.294689	0.326117	0.291757	0.320251	0.288854	0.314472	0.285979	0.30878	0.283134	0.303175	0.280317	0.297656	0.277527	0.292222	0.274766	0.286874	0.272032	0.28161	0.269325	0.27643	0.266645	0.271334	0.263992	0.266319	0.261366	0.261387	0.258765	0.256536	0.25619	0.251765	0.253641	0.247073	0.251117	0.24246	0.248619	0.237925	0.246145	0.233466	0.243696	0.229084	0.241271	0.224776	0.23887	0.220543	0.236493	0.216383	0.23414	0.212295	0.23181	0.208278	0.229504	0.204332	0.22722	0.200456	0.224959	0.196648	0.222721	0.192907	0.220505	0.189233	0.218311	0.185625	0.216139	0.182081	0.213988	0.178601	0.211859	0.175184	0.209751	0.171829	0.207664	0.168534	0.205597	0.1653	0.203552	0.162124	0.201526	0.159007	0.198147	0.155313	0.194802	0.151688	0.19149	0.14813	0.188211	0.144639	0.184964	0.141214	0.18175	0.137852	0.178568	0.134554	0.175417	0.131318	0.172298	0.128143	0.16921	0.125028	0.166152	0.121971	0.163125	0.118973	0.160128	0.116031	0.157161	0.113146	0.154223	0.110315	0.151315	0.107538	0.148436	0.104814	0.145585	0.102142	0.142762	0.0995209	0.139968	0.09695	0.137202	0.0944284	0.134463	0.0919551	0.131751	0.0895292	0.129066	0.0871499	0.126408	0.0848164	0.123776	0.0825277	0.121171	0.0802831	0.118592	0.0780818	0.116038	0.0759229	0.113509	0.0738057	0.111006	0.0717294	0.108528	0.0696932	0.106074	0.0676964	0.103645	0.0657383	0.10124	0.0638181	0.0988585	0.0619352	0.0965011	0.0600888	0.094167	0.0582782	0.0918562	0.0565028	0.0895685	0.0547618	0.0873034	0.0530548	0.0850609	0.0513809	0.0828407	0.0497397	0.0806426	0.0481303	0.0784664	0.0465524	0.0763119	0.0450052	0.0741787	0.0434882	0.0720668	0.0420008	0.0699759	0.0405424	0.0679059	0.0391125	0.0658564	0.0377106	0.0638273	0.036336	0.0618184	0.0349884	0.0598295	0.0336671	0.0578603	0.0323716	0.0559108	0.0311015	0.0539807	0.0298563	0.0520697	0.0286355	0.0501778	0.0274386	0.0483047	0.0262651	0.0464503	0.0251147	0.0446143	0.0239868	0.0427966	0.022881	0.0409969	0.021797	0.0392152	0.0207342	0.0374512	0.0196923	0.0357047	0.0186708	0.0339756	0.0176695	0.0322638	0.0166878	0.0305689	0.0157254	0.0288909	0.0147819	0.0272297	0.0138569	0.0255849	0.0129502	0.0239565	0.0120612	0.0223443	0.0111898	0.0207482	0.0103355	0.0191679	0.00949807	0.0176034	0.00867709	0.0160544	0.00787227	0.0145209	0.0070833	0.0130026	0.00630987	0.0114994	0.00555167	0.0100111	0.00480841	0.00853772	0.0040798	0.00707896	0.00336554	0.00563471	0.00266536	0.00420483	0.00197899	0.00278918	0.00130615	0.00138762	0.000646569	0	0	0	0	
0	0.734448	0	0.738531	0	0.741625	0	0.743794	0	0.745098	0	0.745594	0	0.745336	0	0.744376	0	0.742762	0	0.74054	0	0.737753	0	0.734442	0	0.730646	0	0.726401	0	0.721741	0	0.716699	0	0.711306	0	0.70559	0	0.69958	0	0.6933	0	0.686775	0	0.680029	0	0.673081	0	0.665953	0	0.658665	0	0.651232	0	0.643674	0	0.636004	0	0.628239	0	0.620392	0	0.612477	0	0.604505	0	0.596489	0	0.588438	0	0.580363	0	0.572274	0	0.564179	0	0.556086	0	0.548004	0	0.539939	0	0.531897	0	0.523886	0	0.51591	0	0.507975	0	0.500086	0	0.492248	0	0.484464	0	0.476738	0	0.469075	0	0.461476	0	0.453946	0	0.446486	0	0.439099	0	0.431788	0	0.424554	0	0.417399	0	0.410325	0	0.403332	0	0.396423	0	0.389598	0	0.382859	0	0.376205	0	0.369638	0	0.363158	0	0.356765	0	0.35046	0	0.344242	0	0.338113	0	0.332071	0	0.326117	0	0.320251	0	0.314472	0	0.30878	0	0.303175	0	0.297656	0	0.292222	0	0.286874	0	0.28161	0	0.27643	0	0.271334	0	0.266319	0	0.261387	0	0.256536	0	0.251765	0	0.247073	0	0.24246	0	0.237925	0	0.233466	0	0.229084	0	0.224776	0	0.220543	0	0.216383	0	0.212295	0	0.208278	0	0.204332	0	0.200456	0	0.196648	0	0.192907	0	0.189233	0	0.185625	0	0.182081	0	0.178601	0	0.175184	0	0.171829	0	0.168534	0	0.1653	0	0.162124	0	0.159007	0	0.155313	0	0.151688	0	0.14813	0	0.144639	0	0.141214	0	0.137852	0	0.134554	0	0.131318	0	0.128143	0	0.125028	0	0.121971	0	0.118973	0	0.116031	0	0.113146	0	0.110315	0	0.107538	0	0.104814	0	0.102142	0	0.0995209	0	0.09695	0	0.0944284	0	0.0919551	0	0.0895292	0	0.0871499	0	0.0848164	0	0.0825277	0	0.0802831	0	0.0780818	0	0.0759229	0	0.0738057	0	0.0717294	0	0.0696932	0	0.0676964	0	0.0657383	0	0.0638181	0	0.0619352	0	0.0600888	0	0.0582782	0	0.0565028	0	0.0547618	0	0.0530548	0	0.0513809	0	0.0497397	0	0.0481303	0	0.0465524	0	0.0450052	0	0.0434882	0	0.0420008	0	0.0405424	0	0.0391125	0	0.0377106	0	0.036336	0	0.0349884	0	0.0336671	0	0.0323716	0	0.0311015	0	0.0298563	0	0.0286355	0	0.0274386	0	0.0262651	0	0.0251147	0	0.0239868	0	0.022881	0	0.021797	0	0.0207342	0	0.0196923	0	0.0186708	0	0.0176695	0	0.0166878	0	0.0157254	0	0.0147819	0	0.0138569	0	0.0129502	0	0.0120612	0	0.0111898	0	0.0103355	0	0.00949807	0	0.00867709	0	0.00787227	0	0.0070833	0	0.00630987	0	0.00555167	0	0.00480841	0	0.0040798	0	0.00336554	0	0.00266536	0	0.00197899	0	0.00130615	0	0.000646569	0	0	0	0	
0.591531	0.739497	0.585645	0.74349	0.579818	0.746496	0.574048	0.748577	0.568337	0.749795	0.562681	0.750207	0.557083	0.749866	0.55154	0.748824	0.546052	0.747129	0.540618	0.744827	0.535239	0.741962	0.529913	0.738574	0.524641	0.734701	0.51942	0.730381	0.514252	0.725648	0.509135	0.720534	0.504069	0.71507	0.499054	0.709284	0.494088	0.703205	0.489172	0.696858	0.484304	0.690266	0.479486	0.683454	0.474715	0.676443	0.469991	0.669252	0.465315	0.661901	0.460685	0.654407	0.456101	0.646789	0.451562	0.63906	0.447069	0.631238	0.442621	0.623334	0.438217	0.615363	0.433856	0.607336	0.42954	0.599266	0.425266	0.591162	0.421034	0.583035	0.416845	0.574895	0.412697	0.56675	0.408591	0.558608	0.404525	0.550477	0.4005	0.542365	0.396515	0.534277	0.39257	0.526219	0.388663	0.518199	0.384796	0.51022	0.380967	0.502288	0.377177	0.494407	0.373424	0.486581	0.369708	0.478815	0.366029	0.471111	0.362387	0.463473	0.358782	0.455904	0.355212	0.448406	0.351677	0.440982	0.348178	0.433634	0.344714	0.426364	0.341284	0.419174	0.337888	0.412066	0.334526	0.405039	0.331197	0.398097	0.327902	0.39124	0.324639	0.384468	0.321409	0.377783	0.318211	0.371185	0.315044	0.364675	0.31191	0.358252	0.308806	0.351918	0.305733	0.345672	0.302691	0.339515	0.29968	0.333446	0.296698	0.327465	0.293745	0.321572	0.290823	0.315768	0.287929	0.31005	0.285064	0.30442	0.282228	0.298877	0.279419	0.293419	0.276639	0.288047	0.273886	0.282761	0.271161	0.277558	0.268463	0.272439	0.265792	0.267404	0.263147	0.26245	0.260529	0.257578	0.257937	0.252786	0.25537	0.248075	0.252829	0.243442	0.250313	0.238887	0.247823	0.23441	0.245357	0.230009	0.242916	0.225683	0.240498	0.221432	0.238105	0.217254	0.235736	0.213149	0.233391	0.209116	0.231068	0.205153	0.228769	0.201261	0.226493	0.197437	0.224239	0.19368	0.222008	0.189991	0.219799	0.186368	0.217612	0.18281	0.215447	0.179315	0.213303	0.175884	0.211181	0.172515	0.209079	0.169207	0.206999	0.165959	0.204939	0.162771	0.201526	0.159007	0.198147	0.155313	0.194802	0.151688	0.19149	0.14813	0.188211	0.144639	0.184964	0.141214	0.18175	0.137852	0.178568	0.134554	0.175417	0.131318	0.172298	0.128143	0.16921	0.125028	0.166152	0.121971	0.163125	0.118973	0.160128	0.116031	0.157161	0.113146	0.154223	0.110315	0.151315	0.107538	0.148436	0.104814	0.145585	0.102142	0.142762	0.0995209	0.139968	0.09695	0.137202	0.0944284	0.134463	0.0919551	0.131751	0.0895292	0.129066	0.0871499	0.126408	0.0848164	0.123776	0.0825277	0.121171	0.0802831	0.118592	0.0780818	0.116038	0.0759229	0.113509	0.0738057	0.111006	0.0717294	0.108528	0.0696932	0.106074	0.0676964	0.103645	0.0657383	0.10124	0.0638181	0.0988585	0.0619352	0.0965011	0.0600888	0.094167	0.0582782	0.0918562	0.0565028	0.0895685	0.0547618	0.0873034	0.0530548	0.0850609	0.0513809	0.0828407	0.0497397	0.0806426	0.0481303	0.0784664	0.0465524	0.0763119	0.0450052	0.0741787	0.0434882	0.0720668	0.0420008	0.0699759	0.0405424	0.0679059	0.0391125	0.0658564	0.0377106	0.0638273	0.036336	0.0618184	0.0349884	0.0598295	0.0336671	0.0578603	0.0323716	0.0559108	0.0311015	0.0539807	0.0298563	0.0520697	0.0286355	0.0501778	0.0274386	0.0483047	0.0262651	0.0464503	0.0251147	0.0446143	0.0239868	0.0427966	0.022881	0.0409969	0.021797	0.0392152	0.0207342	0.0374512	0.0196923	0.0357047	0.0186708	0.0339756	0.0176695	0.0322638	0.0166878	0.0305689	0.0157254	0.0288909	0.0147819	0.0272297	0.0138569	0.0255849	0.0129502	0.0239565	0.0120612	0.0223443	0.0111898	0.0207482	0.0103355	0.0191679	0.00949807	0.0176034	0.00867709	0.0160544	0.00787227	0.0145209	0.0070833	0.0130026	0.00630987	0.0114994	0.00555167	0.0100111	0.00480841	0.00853772	0.0040798	0.00707896	0.00336554	0.00563471	0.00266536	0.00420483	0.00197899	0.00278918	0.00130615	0.00138762	0.000646569	0	0	0	0	
0	0.739497	0	0.74349	0	0.746496	0	0.748577	0	0.749795	0	0.750207	0	0.749866	0	0.748824	0	0.747129	0	0.744827	0	0.741962	0	0.738574	0	0.734701	0	0.730381	0	0.725648	0	0.720534	0	0.71507	0	0.709284	0	0.703205	0	0.696858	0	0.690266	0	0.683454	0	0.676443	0	0.669252	0	0.661901	0	0.654407	0	0.646789	0	0.63906	0	0.631238	0	0.623334	0	0.615363	0	0.607336	0	0.599266	0	0.591162	0	0.583035	0	0.574895	0	0.56675	0	0.558608	0	0.550477	0	0.542365	0	0.534277	0	0.526219	0	0.518199	0	0.51022	0	0.502288	0	0.494407	0	0.486581	0	0.478815	0	0.471111	0	0.463473	0	0.455904	0	0.448406	0	0.440982	0	0.433634	0	0.426364	0	0.419174	0	0.412066	0	0.405039	0	0.398097	0	0.39124	0	0.384468	0	0.377783	0	0.371185	0	0.364675	0	0.358252	0	0.351918	0	0.345672	0	0.339515	0	0.333446	0	0.327465	0	0.321572	0	0.315768	0	0.31005	0	0.30442	0	0.298877	0	0.293419	0	0.288047	0	0.282761	0	0.277558	0	0.272439	0	0.267404	0	0.26245	0	0.257578	0	0.252786	0	0.248075	0	0.243442	0	0.238887	0	0.23441	0	0.230009	0	0.225683	0	0.221432	0	0.217254	0	0.213149	0	0.209116	0	0.205153	0	0.201261	0	0.197437	0	0.19368	0	0.189991	0	0.186368	0	0.18281	0	0.179315	0	0.175884	0	0.172515	0	0.169207	0	0.165959	0	0.162771	0	0.159007	0	0.155313	0	0.151688	0	0.14813	0	0.144639	0	0.141214	0	0.137852	0	0.134554	0	0.131318	0	0.128143	0	0.125028	0	0.121971	0	0.118973	0	0.116031	0	0.113146	0	0.110315	0	0.107538	0	0.104814	0	0.102142	0	0.0995209	0	0.09695	0	0.0944284	0	0.0919551	0	0.0895292	0	0.0871499	0	0.0848164	0	0.0825277	0	0.0802831	0	0.0780818	0	0.0759229	0	0.0738057	0	0.0717294	0	0.0696932	0	0.0676964	0	0.0657383	0	0.0638181	0	0.0619352	0	0.0600888	0	0.0582782	0	0.0565028	0	0.0547618	0	0.0530548	0	0.0513809	0	0.0497397	0	0.0481303	0	0.0465524	0	0.0450052	0	0.0434882	0	0.0420008	0	0.0405424	0	0.0391125	0	0.0377106	0	0.036336	0	0.0349884	0	0.0336671	0	0.0323716	0	0.0311015	0	0.0298563	0	0.0286355	0	0.0274386	0	0.0262651	0	0.0251147	0	0.0239868	0	0.022881	0	0.021797	0	0.0207342	0	0.0196923	0	0.0186708	0	0.0176695	0	0.0166878	0	0.0157254	0	0.0147819	0	0.0138569	0	0.0129502	0	0.0120612	0	0.0111898	0	0.0103355	0	0.00949807	0	0.00867709	0	0.00787227	0	0.0070833	0	0.00630987	0	0.00555167	0	0.00480841	0	0.0040798	0	0.00336554	0	0.00266536	0	0.00197899	0	0.00130615	0	0.000646569	0	0	0	0	
0.595496	0.744456	0.589571	0.748361	0.583705	0.75128	0.577897	0.753275	0.572146	0.754408	0.566453	0.754736	0.560817	0.754313	0.555237	0.75319	0.549712	0.751416	0.544242	0.749036	0.538827	0.746093	0.533466	0.742629	0.528158	0.738682	0.522902	0.734289	0.517699	0.729483	0.512548	0.724298	0.507448	0.718763	0.502399	0.712909	0.4974	0.706762	0.492451	0.700349	0.487551	0.693692	0.4827	0.686816	0.477897	0.679741	0.473142	0.672488	0.468434	0.665076	0.463773	0.657523	0.459158	0.649845	0.45459	0.642059	0.450066	0.634179	0.445588	0.62622	0.441154	0.618194	0.436765	0.610113	0.432419	0.60199	0.428116	0.593834	0.423856	0.585656	0.419639	0.577466	0.415464	0.569272	0.41133	0.561081	0.407237	0.552903	0.403185	0.544744	0.399173	0.53661	0.395201	0.528508	0.391269	0.520443	0.387376	0.512421	0.383521	0.504447	0.379705	0.496524	0.375927	0.488657	0.372186	0.480851	0.368483	0.473108	0.364817	0.465431	0.361187	0.457824	0.357593	0.450289	0.354035	0.442829	0.350512	0.435445	0.347024	0.42814	0.343571	0.420915	0.340153	0.413773	0.336768	0.406713	0.333417	0.399738	0.3301	0.392849	0.326815	0.386046	0.323563	0.37933	0.320344	0.372702	0.317156	0.366162	0.314001	0.35971	0.310876	0.353348	0.307783	0.347074	0.30472	0.340889	0.301688	0.334793	0.298687	0.328786	0.295715	0.322868	0.292772	0.317038	0.289859	0.311296	0.286975	0.305641	0.284119	0.300074	0.281292	0.294593	0.278494	0.289198	0.275722	0.283888	0.272979	0.278664	0.270263	0.273523	0.267574	0.268466	0.264911	0.263492	0.262275	0.258599	0.259666	0.253788	0.257082	0.249056	0.254524	0.244404	0.251991	0.239831	0.249484	0.235335	0.247002	0.230915	0.244544	0.226572	0.242111	0.222303	0.239702	0.218108	0.237317	0.213987	0.234955	0.209937	0.232617	0.205958	0.230303	0.20205	0.228011	0.19821	0.225742	0.194439	0.223496	0.190734	0.221272	0.187097	0.219071	0.183524	0.216891	0.180015	0.214733	0.17657	0.212596	0.173188	0.210481	0.169867	0.208387	0.166606	0.204939	0.162771	0.201526	0.159007	0.198147	0.155313	0.194802	0.151688	0.19149	0.14813	0.188211	0.144639	0.184964	0.141214	0.18175	0.137852	0.178568	0.134554	0.175417	0.131318	0.172298	0.128143	0.16921	0.125028	0.166152	0.121971	0.163125	0.118973	0.160128	0.116031	0.157161	0.113146	0.154223	0.110315	0.151315	0.107538	0.148436	0.104814	0.145585	0.102142	0.142762	0.0995209	0.139968	0.09695	0.137202	0.0944284	0.134463	0.0919551	0.131751	0.0895292	0.129066	0.0871499	0.126408	0.0848164	0.123776	0.0825277	0.121171	0.0802831	0.118592	0.0780818	0.116038	0.0759229	0.113509	0.0738057	0.111006	0.0717294	0.108528	0.0696932	0.106074	0.0676964	0.103645	0.0657383	0.10124	0.0638181	0.0988585	0.0619352	0.0965011	0.0600888	0.094167	0.0582782	0.0918562	0.0565028	0.0895685	0.0547618	0.0873034	0.0530548	0.0850609	0.0513809	0.0828407	0.0497397	0.0806426	0.0481303	0.0784664	0.0465524	0.0763119	0.0450052	0.0741787	0.0434882	0.0720668	0.0420008	0.0699759	0.0405424	0.0679059	0.0391125	0.0658564	0.0377106	0.0638273	0.036336	0.0618184	0.0349884	0.0598295	0.0336671	0.0578603	0.0323716	0.0559108	0.0311015	0.0539807	0.0298563	0.0520697	0.0286355	0.0501778	0.0274386	0.0483047	0.0262651	0.0464503	0.0251147	0.0446143	0.0239868	0.0427966	0.022881	0.0409969	0.021797	0.0392152	0.0207342	0.0374512	0.0196923	0.0357047	0.0186708	0.0339756	0.0176695	0.0322638	0.0166878	0.0305689	0.0157254	0.0288909	0.0147819	0.0272297	0.0138569	0.0255849	0.0129502	0.0239565	0.0120612	0.0223443	0.0111898	0.0207482	0.0103355	0.0191679	0.00949807	0.0176034	0.00867709	0.0160544	0.00787227	0.0145209	0.0070833	0.0130026	0.00630987	0.0114994	0.00555167	0.0100111	0.00480841	0.00853772	0.0040798	0.00707896	0.00336554	0.00563471	0.00266536	0.00420483	0.00197899	0.00278918	0.00130615	0.00138762	0.000646569	0	0	0	0	
0	0.744456	0	0.748361	0	0.75128	0	0.753275	0	0.754408	0	0.754736	0	0.754313	0	0.75319	0	0.751416	0	0.749036	0	0.746093	0	0.742629	0	0.738682	0	0.734289	0	0.729483	0	0.724298	0	0.718763	0	0.712909	0	0.706762	0	0.700349	0	0.693692	0	0.686816	0	0.679741	0	0.672488	0	0.665076	0	0.657523	0	0.649845	0	0.642059	0	0.634179	0	0.62622	0	0.618194	0	0.610113	0	0.60199	0	0.593834	0	0.585656	0	0.577466	0	0.569272	0	0.561081	0	0.552903	0	0.544744	0	0.53661	0	0.528508	0	0.520443	0	0.512421	0	0.504447	0	0.496524	0	0.488657	0	0.480851	0	0.473108	0	0.465431	0	0.457824	0	0.450289	0	0.442829	0	0.435445	0	0.42814	0	0.420915	0	0.413773	0	0.406713	0	0.399738	0	0.392849	0	0.386046	0	0.37933	0	0.372702	0	0.366162	0	0.35971	0	0.353348	0	0.347074	0	0.340889	0	0.334793	0	0.328786	0	0.322868	0	0.317038	0	0.311296	0	0.305641	0	0.300074	0	0.294593	0	0.289198	0	0.283888	0	0.278664	0	0.273523	0	0.268466	0	0.263492	0	0.258599	0	0.253788	0	0.249056	0	0.244404	0	0.239831	0	0.235335	0	0.230915	0	0.226572	0	0.222303	0	0.218108	0	0.213987	0	0.209937	0	0.205958	0	0.20205	0	0.19821	0	0.194439	0	0.190734	0	0.187097	0	0.183524	0	0.180015	0	0.17657	0	0.173188	0	0.169867	0	0.166606	0	0.162771	0	0.159007	0	0.155313	0	0.151688	0	0.14813	0	0.144639	0	0.141214	0	0.137852	0	0.134554	0	0.131318	0	0.128143	0	0.125028	0	0.121971	0	0.118973	0	0.116031	0	0.113146	0	0.110315	0	0.107538	0	0.104814	0	0.102142	0	0.0995209	0	0.09695	0	0.0944284	0	0.0919551	0	0.0895292	0	0.0871499	0	0.0848164	0	0.0825277	0	0.0802831	0	0.0780818	0	0.0759229	0	0.0738057	0	0.0717294	0	0.0696932	0	0.0676964	0	0.0657383	0	0.0638181	0	0.0619352	0	0.0600888	0	0.0582782	0	0.0565028	0	0.0547618	0	0.0530548	0	0.0513809	0	0.0497397	0	0.0481303	0	0.0465524	0	0.0450052	0	0.0434882	0	0.0420008	0	0.0405424	0	0.0391125	0	0.0377106	0	0.036336	0	0.0349884	0	0.0336671	0	0.0323716	0	0.0311015	0	0.0298563	0	0.0286355	0	0.0274386	0	0.0262651	0	0.0251147	0	0.0239868	0	0.022881	0	0.021797	0	0.0207342	0	0.0196923	0	0.0186708	0	0.0176695	0	0.0166878	0	0.0157254	0	0.0147819	0	0.0138569	0	0.0129502	0	0.0120612	0	0.0111898	0	0.0103355	0	0.00949807	0	0.00867709	0	0.00787227	0	0.0070833	0	0.00630987	0	0.00555167	0	0.00480841	0	0.0040798	0	0.00336554	0	0.00266536	0	0.00197899	0	0.00130615	0	0.000646569	0	0	0	0	
0.599422	0.749327	0.593458	0.753145	0.587553	0.755977	0.581706	0.757888	0.575918	0.758938	0.570188	0.759184	0.564514	0.75868	0.558897	0.757477	0.553336	0.755625	0.54783	0.753167	0.542379	0.750149	0.536983	0.74661	0.53164	0.742589	0.52635	0.738124	0.521112	0.733247	0.515927	0.727992	0.510794	0.722389	0.505711	0.716467	0.500679	0.710253	0.495697	0.703774	0.490765	0.697053	0.485882	0.690114	0.481047	0.682977	0.476261	0.675663	0.471522	0.668191	0.46683	0.660579	0.462185	0.652843	0.457586	0.645	0.453033	0.637065	0.448526	0.62905	0.444063	0.62097	0.439644	0.612837	0.43527	0.604662	0.430939	0.596455	0.426651	0.588227	0.422406	0.579988	0.418203	0.571745	0.414041	0.563507	0.409922	0.555282	0.405843	0.547077	0.401805	0.538899	0.397807	0.530753	0.393848	0.522645	0.389929	0.51458	0.38605	0.506564	0.382208	0.4986	0.378405	0.490694	0.37464	0.482848	0.370912	0.475066	0.367222	0.467351	0.363568	0.459707	0.35995	0.452135	0.356369	0.444639	0.352823	0.43722	0.349312	0.429881	0.345836	0.422622	0.342395	0.415446	0.338988	0.408354	0.335615	0.401348	0.332276	0.394427	0.32897	0.387593	0.325696	0.380847	0.322456	0.374189	0.319247	0.36762	0.316071	0.36114	0.312926	0.35475	0.309812	0.348449	0.306729	0.342237	0.303677	0.336115	0.300656	0.330082	0.297664	0.324138	0.294702	0.318283	0.29177	0.312516	0.288867	0.306838	0.285993	0.301247	0.283147	0.295743	0.28033	0.290326	0.27754	0.284994	0.274779	0.279748	0.272045	0.274586	0.269338	0.269508	0.266658	0.264513	0.264004	0.259601	0.261378	0.254769	0.258777	0.250019	0.256202	0.245348	0.253653	0.240756	0.251129	0.236241	0.24863	0.231804	0.246156	0.227443	0.243707	0.223158	0.241282	0.218946	0.238881	0.214808	0.236504	0.210742	0.234151	0.206747	0.231821	0.202823	0.229514	0.198968	0.227231	0.195182	0.22497	0.191463	0.222731	0.187811	0.220515	0.184224	0.218321	0.180702	0.216149	0.177243	0.213998	0.173847	0.211869	0.170513	0.208387	0.166606	0.204939	0.162771	0.201526	0.159007	0.198147	0.155313	0.194802	0.151688	0.19149	0.14813	0.188211	0.144639	0.184964	0.141214	0.18175	0.137852	0.178568	0.134554	0.175417	0.131318	0.172298	0.128143	0.16921	0.125028	0.166152	0.121971	0.163125	0.118973	0.160128	0.116031	0.157161	0.113146	0.154223	0.110315	0.151315	0.107538	0.148436	0.104814	0.145585	0.102142	0.142762	0.0995209	0.139968	0.09695	0.137202	0.0944284	0.134463	0.0919551	0.131751	0.0895292	0.129066	0.0871499	0.126408	0.0848164	0.123776	0.0825277	0.121171	0.0802831	0.118592	0.0780818	0.116038	0.0759229	0.113509	0.0738057	0.111006	0.0717294	0.108528	0.0696932	0.106074	0.0676964	0.103645	0.0657383	0.10124	0.0638181	0.0988585	0.0619352	0.0965011	0.0600888	0.094167	0.0582782	0.0918562	0.0565028	0.0895685	0.0547618	0.0873034	0.0530548	0.0850609	0.0513809	0.0828407	0.0497397	0.0806426	0.0481303	0.0784664	0.0465524	0.0763119	0.0450052	0.0741787	0.0434882	0.0720668	0.0420008	0.0699759	0.0405424	0.0679059	0.0391125	0.0658564	0.0377106	0.0638273	0.036336	0.0618184	0.0349884	0.0598295	0.0336671	0.0578603	0.0323716	0.0559108	0.0311015	0.0539807	0.0298563	0.0520697	0.0286355	0.0501778	0.0274386	0.0483047	0.0262651	0.0464503	0.0251147	0.0446143	0.0239868	0.0427966	0.022881	0.0409969	0.021797	0.0392152	0.0207342	0.0374512	0.0196923	0.0357047	0.0186708	0.0339756	0.0176695	0.0322638	0.0166878	0.0305689	0.0157254	0.0288909	0.0147819	0.0272297	0.0138569	0.0255849	0.0129502	0.0239565	0.0120612	0.0223443	0.0111898	0.0207482	0.0103355	0.0191679	0.00949807	0.0176034	0.00867709	0.0160544	0.00787227	0.0145209	0.0070833	0.0130026	0.00630987	0.0114994	0.00555167	0.0100111	0.00480841	0.00853772	0.0040798	0.00707896	0.00336554	0.00563471	0.00266536	0.00420483	0.00197899	0.00278918	0.00130615	0.00138762	0.000646569	0	0	0	0	
0	0.749327	0	0.753145	0	0.755977	0	0.757888	0	0.758938	0	0.759184	0	0.75868	0	0.757477	0	0.755625	0	0.753167	0	0.750149	0	0.74661	0	0.742589	0	0.738124	0	0.733247	0	0.727992	0	0.722389	0	0.716467	0	0.710253	0	0.703774	0	0.697053	0	0.690114	0	0.682977	0	0.675663	0	0.668191	0	0.660579	0	0.652843	0	0.645	0	0.637065	0	0.62905	0	0.62097	0	0.612837	0	0.604662	0	0.596455	0	0.588227	0	0.579988	0	0.571745	0	0.563507	0	0.555282	0	0.547077	0	0.538899	0	0.530753	0	0.522645	0	0.51458	0	0.506564	0	0.4986	0	0.490694	0	0.482848	0	0.475066	0	0.467351	0	0.459707	0	0.452135	0	0.444639	0	0.43722	0	0.429881	0	0.422622	0	0.415446	0	0.408354	0	0.401348	0	0.394427	0	0.387593	0	0.380847	0	0.374189	0	0.36762	0	0.36114	0	0.35475	0	0.348449	0	0.342237	0	0.336115	0	0.330082	0	0.324138	0	0.318283	0	0.312516	0	0.306838	0	0.301247	0	0.295743	0	0.290326	0	0.284994	0	0.279748	0	0.274586	0	0.269508	0	0.264513	0	0.259601	0	0.254769	0	0.250019	0	0.245348	0	0.240756	0	0.236241	0	0.231804	0	0.227443	0	0.223158	0	0.218946	0	0.214808	0	0.210742	0	0.206747	0	0.202823	0	0.198968	0	0.195182	0	0.191463	0	0.187811	0	0.184224	0	0.180702	0	0.177243	0	0.173847	0	0.170513	0	0.166606	0	0.162771	0	0.159007	0	0.155313	0	0.151688	0	0.14813	0	0.144639	0	0.141214	0	0.137852	0	0.134554	0	0.131318	0	0.128143	0	0.125028	0	0.121971	0	0.118973	0	0.116031	0	0.113146	0	0.110315	0	0.107538	0	0.104814	0	0.102142	0	0.0995209	0	0.09695	0	0.0944284	0	0.0919551	0	0.0895292	0	0.0871499	0	0.0848164	0	0.0825277	0	0.0802831	0	0.0780818	0	0.0759229	0	0.0738057	0	0.0717294	0	0.0696932	0	0.0676964	0	0.0657383	0	0.0638181	0	0.0619352	0	0.0600888	0	0.0582782	0	0.0565028	0	0.0547618	0	0.0530548	0	0.0513809	0	0.0497397	0	0.0481303	0	0.0465524	0	0.0450052	0	0.0434882	0	0.0420008	0	0.0405424	0	0.0391125	0	0.0377106	0	0.036336	0	0.0349884	0	0.0336671	0	0.0323716	0	0.0311015	0	0.0298563	0	0.0286355	0	0.0274386	0	0.0262651	0	0.0251147	0	0.0239868	0	0.022881	0	0.021797	0	0.0207342	0	0.0196923	0	0.0186708	0	0.0176695	0	0.0166878	0	0.0157254	0	0.0147819	0	0.0138569	0	0.0129502	0	0.0120612	0	0.0111898	0	0.0103355	0	0.00949807	0	0.00867709	0	0.00787227	0	0.0070833	0	0.00630987	0	0.00555167	0	0.00480841	0	0.0040798	0	0.00336554	0	0.00266536	0	0.00197899	0	0.00130615	0	0.000646569	0	0	0	0	
0.603309	0.754111	0.597306	0.757842	0.591362	0.76059	0.585478	0.762418	0.579653	0.763385	0.573885	0.76355	0.568175	0.762967	0.562521	0.761686	0.556924	0.759756	0.551383	0.757223	0.545896	0.75413	0.540465	0.750517	0.535087	0.746424	0.529763	0.741887	0.524491	0.736941	0.519273	0.731617	0.514106	0.725946	0.50899	0.719958	0.503926	0.713679	0.498912	0.707136	0.493947	0.700352	0.489033	0.69335	0.484167	0.686152	0.479349	0.678778	0.47458	0.671247	0.469857	0.663577	0.465182	0.655785	0.460554	0.647886	0.455971	0.639896	0.451434	0.631827	0.446942	0.623695	0.442495	0.615509	0.438092	0.607283	0.433733	0.599026	0.429417	0.590749	0.425145	0.582461	0.420914	0.574171	0.416726	0.565887	0.41258	0.557616	0.408474	0.549366	0.40441	0.541143	0.400386	0.532954	0.396402	0.524803	0.392458	0.516697	0.388553	0.50864	0.384687	0.500636	0.380859	0.49269	0.377069	0.484806	0.373317	0.476986	0.369603	0.469234	0.365925	0.461553	0.362284	0.453946	0.358679	0.446415	0.355111	0.438961	0.351577	0.431588	0.348079	0.424296	0.344615	0.417088	0.341186	0.409964	0.337792	0.402926	0.334431	0.395974	0.331103	0.38911	0.327808	0.382335	0.324547	0.375648	0.321317	0.36905	0.31812	0.362542	0.314955	0.356124	0.311821	0.349796	0.308718	0.343558	0.305646	0.33741	0.302605	0.331352	0.299594	0.325383	0.296613	0.319504	0.293662	0.313713	0.29074	0.308011	0.287847	0.302397	0.284983	0.296871	0.282147	0.291431	0.27934	0.286078	0.27656	0.280811	0.273809	0.275628	0.271084	0.27053	0.268387	0.265515	0.265716	0.260582	0.263072	0.255732	0.260455	0.250962	0.257863	0.246273	0.255297	0.241662	0.252757	0.23713	0.250242	0.232676	0.247752	0.228298	0.245287	0.223995	0.242846	0.219767	0.24043	0.215612	0.238038	0.211531	0.235669	0.207521	0.233324	0.203581	0.231003	0.199711	0.228704	0.19591	0.226428	0.192177	0.224175	0.188511	0.221945	0.18491	0.219737	0.181375	0.21755	0.177903	0.215385	0.174494	0.211869	0.170513	0.208387	0.166606	0.204939	0.162771	0.201526	0.159007	0.198147	0.155313	0.194802	0.151688	0.19149	0.14813	0.188211	0.144639	0.184964	0.141214	0.18175	0.137852	0.178568	0.134554	0.175417	0.131318	0.172298	0.128143	0.16921	0.125028	0.166152	0.121971	0.163125	0.118973	0.160128	0.116031	0.157161	0.113146	0.154223	0.110315	0.151315	0.107538	0.148436	0.104814	0.145585	0.102142	0.142762	0.0995209	0.139968	0.09695	0.137202	0.0944284	0.134463	0.0919551	0.131751	0.0895292	0.129066	0.0871499	0.126408	0.0848164	0.123776	0.0825277	0.121171	0.0802831	0.118592	0.0780818	0.116038	0.0759229	0.113509	0.0738057	0.111006	0.0717294	0.108528	0.0696932	0.106074	0.0676964	0.103645	0.0657383	0.10124	0.0638181	0.0988585	0.0619352	0.0965011	0.0600888	0.094167	0.0582782	0.0918562	0.0565028	0.0895685	0.0547618	0.0873034	0.0530548	0.0850609	0.0513809	0.0828407	0.0497397	0.0806426	0.0481303	0.0784664	0.0465524	0.0763119	0.0450052	0.0741787	0.0434882	0.0720668	0.0420008	0.0699759	0.0405424	0.0679059	0.0391125	0.0658564	0.0377106	0.0638273	0.036336	0.0618184	0.0349884	0.0598295	0.0336671	0.0578603	0.0323716	0.0559108	0.0311015	0.0539807	0.0298563	0.0520697	0.0286355	0.0501778	0.0274386	0.0483047	0.0262651	0.0464503	0.0251147	0.0446143	0.0239868	0.0427966	0.022881	0.0409969	0.021797	0.0392152	0.0207342	0.0374512	0.0196923	0.0357047	0.0186708	0.0339756	0.0176695	0.0322638	0.0166878	0.0305689	0.0157254	0.0288909	0.0147819	0.0272297	0.0138569	0.0255849	0.0129502	0.0239565	0.0120612	0.0223443	0.0111898	0.0207482	0.0103355	0.0191679	0.00949807	0.0176034	0.00867709	0.0160544	0.00787227	0.0145209	0.0070833	0.0130026	0.00630987	0.0114994	0.00555167	0.0100111	0.00480841	0.00853772	0.0040798	0.00707896	0.00336554	0.00563471	0.00266536	0.00420483	0.00197899	0.00278918	0.00130615	0.00138762	0.000646569	0	0	0	0	
0	0.754111	0	0.757842	0	0.76059	0	0.762418	0	0.763385	0	0.76355	0	0.762967	0	0.761686	0	0.759756	0	0.757223	0	0.75413	0	0.750517	0	0.746424	0	0.741887	0	0.736941	0	0.731617	0	0.725946	0	0.719958	0	0.713679	0	0.707136	0	0.700352	0	0.69335	0	0.686152	0	0.678778	0	0.671247	0	0.663577	0	0.655785	0	0.647886	0	0.639896	0	0.631827	0	0.623695	0	0.615509	0	0.607283	0	0.599026	0	0.590749	0	0.582461	0	0.574171	0	0.565887	0	0.557616	0	0.549366	0	0.541143	0	0.532954	0	0.524803	0	0.516697	0	0.50864	0	0.500636	0	0.49269	0	0.484806	0	0.476986	0	0.469234	0	0.461553	0	0.453946	0	0.446415	0	0.438961	0	0.431588	0	0.424296	0	0.417088	0	0.409964	0	0.402926	0	0.395974	0	0.38911	0	0.382335	0	0.375648	0	0.36905	0	0.362542	0	0.356124	0	0.349796	0	0.343558	0	0.33741	0	0.331352	0	0.325383	0	0.319504	0	0.313713	0	0.308011	0	0.302397	0	0.296871	0	0.291431	0	0.286078	0	0.280811	0	0.275628	0	0.27053	0	0.265515	0	0.260582	0	0.255732	0	0.250962	0	0.246273	0	0.241662	0	0.23713	0	0.232676	0	0.228298	0	0.223995	0	0.219767	0	0.215612	0	0.211531	0	0.207521	0	0.203581	0	0.199711	0	0.19591	0	0.192177	0	0.188511	0	0.18491	0	0.181375	0	0.177903	0	0.174494	0	0.170513	0	0.166606	0	0.162771	0	0.159007	0	0.155313	0	0.151688	0	0.14813	0	0.144639	0	0.141214	0	0.137852	0	0.134554	0	0.131318	0	0.128143	0	0.125028	0	0.121971	0	0.118973	0	0.116031	0	0.113146	0	0.110315	0	0.107538	0	0.104814	0	0.102142	0	0.0995209	0	0.09695	0	0.0944284	0	0.0919551	0	0.0895292	0	0.0871499	0	0.0848164	0	0.0825277	0	0.0802831	0	0.0780818	0	0.0759229	0	0.0738057	0	0.0717294	0	0.0696932	0	0.0676964	0	0.0657383	0	0.0638181	0	0.0619352	0	0.0600888	0	0.0582782	0	0.0565028	0	0.0547618	0	0.0530548	0	0.0513809	0	0.0497397	0	0.0481303	0	0.0465524	0	0.0450052	0	0.0434882	0	0.0420008	0	0.0405424	0	0.0391125	0	0.0377106	0	0.036336	0	0.0349884	0	0.0336671	0	0.0323716	0	0.0311015	0	0.0298563	0	0.0286355	0	0.0274386	0	0.0262651	0	0.0251147	0	0.0239868	0	0.022881	0	0.021797	0	0.0207342	0	0.0196923	0	0.0186708	0	0.0176695	0	0.0166878	0	0.0157254	0	0.0147819	0	0.0138569	0	0.0129502	0	0.0120612	0	0.0111898	0	0.0103355	0	0.00949807	0	0.00867709	0	0.00787227	0	0.0070833	0	0.00630987	0	0.00555167	0	0.00480841	0	0.0040798	0	0.00336554	0	0.00266536	0	0.00197899	0	0.00130615	0	0.000646569	0	0	0	0	
0.607157	0.758808	0.601116	0.762455	0.595134	0.76512	0.589213	0.766865	0.58335	0.767752	0.577546	0.767837	0.571799	0.767175	0.566109	0.765817	0.560477	0.763811	0.5549	0.761204	0.549378	0.758037	0.543912	0.754352	0.5385	0.750188	0.533142	0.745581	0.527837	0.740566	0.522585	0.735174	0.517385	0.729437	0.512237	0.723383	0.50714	0.71704	0.502094	0.710434	0.497098	0.703588	0.492152	0.696525	0.487255	0.689267	0.482407	0.681834	0.477607	0.674246	0.472854	0.666519	0.468149	0.658671	0.463491	0.650717	0.458879	0.642673	0.454313	0.634551	0.449793	0.626367	0.445317	0.61813	0.440886	0.609854	0.4365	0.601548	0.432156	0.593222	0.427856	0.584887	0.423599	0.57655	0.419384	0.56822	0.415211	0.559905	0.41108	0.551611	0.406989	0.543345	0.40294	0.535113	0.398931	0.526921	0.394961	0.518774	0.391031	0.510676	0.38714	0.502633	0.383288	0.494648	0.379474	0.486726	0.375699	0.478869	0.37196	0.471081	0.368259	0.463364	0.364595	0.455721	0.360967	0.448155	0.357376	0.440668	0.35382	0.433262	0.350299	0.425937	0.346814	0.418697	0.343363	0.411542	0.339946	0.404473	0.336564	0.397491	0.333215	0.390598	0.329899	0.383793	0.326617	0.377078	0.323367	0.370452	0.320149	0.363917	0.316964	0.357472	0.31381	0.351118	0.310687	0.344854	0.307596	0.33868	0.304535	0.332597	0.301505	0.326604	0.298505	0.320701	0.295535	0.314887	0.292594	0.309162	0.289683	0.303525	0.286801	0.297977	0.283947	0.292516	0.281122	0.287141	0.278324	0.281853	0.275555	0.27665	0.272813	0.271531	0.270099	0.266496	0.267411	0.261545	0.26475	0.256675	0.262116	0.251887	0.259508	0.247179	0.256926	0.242551	0.254369	0.238002	0.251838	0.23353	0.249332	0.229135	0.246852	0.224816	0.244395	0.220572	0.241964	0.216401	0.239556	0.212304	0.237172	0.208279	0.234812	0.204324	0.232476	0.20044	0.230163	0.196625	0.227873	0.192877	0.225605	0.189197	0.223361	0.185583	0.221138	0.182034	0.218938	0.178549	0.215385	0.174494	0.211869	0.170513	0.208387	0.166606	0.204939	0.162771	0.201526	0.159007	0.198147	0.155313	0.194802	0.151688	0.19149	0.14813	0.188211	0.144639	0.184964	0.141214	0.18175	0.137852	0.178568	0.134554	0.175417	0.131318	0.172298	0.128143	0.16921	0.125028	0.166152	0.121971	0.163125	0.118973	0.160128	0.116031	0.157161	0.113146	0.154223	0.110315	0.151315	0.107538	0.148436	0.104814	0.145585	0.102142	0.142762	0.0995209	0.139968	0.09695	0.137202	0.0944284	0.134463	0.0919551	0.131751	0.0895292	0.129066	0.0871499	0.126408	0.0848164	0.123776	0.0825277	0.121171	0.0802831	0.118592	0.0780818	0.116038	0.0759229	0.113509	0.0738057	0.111006	0.0717294	0.108528	0.0696932	0.106074	0.0676964	0.103645	0.0657383	0.10124	0.0638181	0.0988585	0.0619352	0.0965011	0.0600888	0.094167	0.0582782	0.0918562	0.0565028	0.0895685	0.0547618	0.0873034	0.0530548	0.0850609	0.0513809	0.0828407	0.0497397	0.0806426	0.0481303	0.0784664	0.0465524	0.0763119	0.0450052	0.0741787	0.0434882	0.0720668	0.0420008	0.0699759	0.0405424	0.0679059	0.0391125	0.0658564	0.0377106	0.0638273	0.036336	0.0618184	0.0349884	0.0598295	0.0336671	0.0578603	0.0323716	0.0559108	0.0311015	0.0539807	0.0298563	0.0520697	0.0286355	0.0501778	0.0274386	0.0483047	0.0262651	0.0464503	0.0251147	0.0446143	0.0239868	0.0427966	0.022881	0.0409969	0.021797	0.0392152	0.0207342	0.0374512	0.0196923	0.0357047	0.0186708	0.0339756	0.0176695	0.0322638	0.0166878	0.0305689	0.0157254	0.0288909	0.0147819	0.0272297	0.0138569	0.0255849	0.0129502	0.0239565	0.0120612	0.0223443	0.0111898	0.0207482	0.0103355	0.0191679	0.00949807	0.0176034	0.00867709	0.0160544	0.00787227	0.0145209	0.0070833	0.0130026	0.00630987	0.0114994	0.00555167	0.0100111	0.00480841	0.00853772	0.0040798	0.00707896	0.00336554	0.00563471	0.00266536	0.00420483	0.00197899	0.00278918	0.00130615	0.00138762	0.000646569	0	0	0	0	
0	0.758808	0	0.762455	0	0.76512	0	0.766865	0	0.767752	0	0.767837	0	0.767175	0	0.765817	0	0.763811	0	0.761204	0	0.758037	0	0.754352	0	0.750188	0	0.745581	0	0.740566	0	0.735174	0	0.729437	0	0.723383	0	0.71704	0	0.710434	0	0.703588	0	0.696525	0	0.689267	0	0.681834	0	0.674246	0	0.666519	0	0.658671	0	0.650717	0	0.642673	0	0.634551	0	0.626367	0	0.61813	0	0.609854	0	0.601548	0	0.593222	0	0.584887	0	0.57655	0	0.56822	0	0.559905	0	0.551611	0	0.543345	0	0.535113	0	0.526921	0	0.518774	0	0.510676	0	0.502633	0	0.494648	0	0.486726	0	0.478869	0	0.471081	0	0.463364	0	0.455721	0	0.448155	0	0.440668	0	0.433262	0	0.425937	0	0.418697	0	0.411542	0	0.404473	0	0.397491	0	0.390598	0	0.383793	0	0.377078	0	0.370452	0	0.363917	0	0.357472	0	0.351118	0	0.344854	0	0.33868	0	0.332597	0	0.326604	0	0.320701	0	0.314887	0	0.309162	0	0.303525	0	0.297977	0	0.292516	0	0.287141	0	0.281853	0	0.27665	0	0.271531	0	0.266496	0	0.261545	0	0.256675	0	0.251887	0	0.247179	0	0.242551	0	0.238002	0	0.23353	0	0.229135	0	0.224816	0	0.220572	0	0.216401	0	0.212304	0	0.208279	0	0.204324	0	0.20044	0	0.196625	0	0.192877	0	0.189197	0	0.185583	0	0.182034	0	0.178549	0	0.174494	0	0.170513	0	0.166606	0	0.162771	0	0.159007	0	0.155313	0	0.151688	0	0.14813	0	0.144639	0	0.141214	0	0.137852	0	0.134554	0	0.131318	0	0.128143	0	0.125028	0	0.121971	0	0.118973	0	0.116031	0	0.113146	0	0.110315	0	0.107538	0	0.104814	0	0.102142	0	0.0995209	0	0.09695	0	0.0944284	0	0.0919551	0	0.0895292	0	0.0871499	0	0.0848164	0	0.0825277	0	0.0802831	0	0.0780818	0	0.0759229	0	0.0738057	0	0.0717294	0	0.0696932	0	0.0676964	0	0.0657383	0	0.0638181	0	0.0619352	0	0.0600888	0	0.0582782	0	0.0565028	0	0.0547618	0	0.0530548	0	0.0513809	0	0.0497397	0	0.0481303	0	0.0465524	0	0.0450052	0	0.0434882	0	0.0420008	0	0.0405424	0	0.0391125	0	0.0377106	0	0.036336	0	0.0349884	0	0.0336671	0	0.0323716	0	0.0311015	0	0.0298563	0	0.0286355	0	0.0274386	0	0.0262651	0	0.0251147	0	0.0239868	0	0.022881	0	0.021797	0	0.0207342	0	0.0196923	0	0.0186708	0	0.0176695	0	0.0166878	0	0.0157254	0	0.0147819	0	0.0138569	0	0.0129502	0	0.0120612	0	0.0111898	0	0.0103355	0	0.00949807	0	0.00867709	0	0.00787227	0	0.0070833	0	0.00630987	0	0.00555167	0	0.00480841	0	0.0040798	0	0.00336554	0	0.00266536	0	0.00197899	0	0.00130615	0	0.000646569	0	0	0	0	
0.610967	0.763421	0.604888	0.766985	0.598869	0.769567	0.59291	0.771232	0.58701	0.772039	0.58117	0.772046	0.575387	0.771307	0.569662	0.769873	0.563993	0.767792	0.558382	0.765111	0.552826	0.761872	0.547325	0.758116	0.541879	0.753882	0.536487	0.749207	0.531149	0.744123	0.525864	0.738665	0.520632	0.732863	0.515451	0.726745	0.510322	0.720339	0.505245	0.71367	0.500217	0.706763	0.49524	0.69964	0.490312	0.692324	0.485434	0.684833	0.480604	0.677187	0.475821	0.669404	0.471087	0.661501	0.4664	0.653494	0.461759	0.645397	0.457164	0.637223	0.452615	0.628988	0.448112	0.620701	0.443653	0.612375	0.439239	0.604021	0.434868	0.595648	0.430541	0.587266	0.426257	0.578884	0.422016	0.570509	0.417817	0.562149	0.413659	0.553812	0.409543	0.545504	0.405468	0.53723	0.401434	0.528997	0.397439	0.52081	0.393485	0.512673	0.38957	0.504591	0.385693	0.496569	0.381856	0.488609	0.378056	0.480715	0.374294	0.472891	0.37057	0.465139	0.366883	0.457462	0.363232	0.449863	0.359618	0.442342	0.35604	0.434903	0.352497	0.427547	0.34899	0.420275	0.345517	0.413089	0.342079	0.40599	0.338676	0.398979	0.335306	0.392056	0.331969	0.385223	0.328666	0.37848	0.325396	0.371827	0.322158	0.365265	0.318953	0.358793	0.315779	0.352413	0.312637	0.346124	0.309526	0.339925	0.306446	0.333818	0.303397	0.327801	0.300378	0.321874	0.297389	0.316037	0.29443	0.31029	0.291501	0.304631	0.2886	0.299061	0.285729	0.293578	0.282886	0.288183	0.280071	0.282874	0.277284	0.277651	0.274525	0.272513	0.271794	0.267459	0.269089	0.262488	0.266412	0.2576	0.263761	0.252794	0.261136	0.248068	0.258538	0.243423	0.255965	0.238856	0.253419	0.234368	0.250897	0.229956	0.248401	0.225621	0.245929	0.221361	0.243482	0.217175	0.241059	0.213062	0.238661	0.209022	0.236286	0.205053	0.233935	0.201154	0.231607	0.197325	0.229303	0.193564	0.227021	0.18987	0.224762	0.186243	0.222526	0.182681	0.218938	0.178549	0.215385	0.174494	0.211869	0.170513	0.208387	0.166606	0.204939	0.162771	0.201526	0.159007	0.198147	0.155313	0.194802	0.151688	0.19149	0.14813	0.188211	0.144639	0.184964	0.141214	0.18175	0.137852	0.178568	0.134554	0.175417	0.131318	0.172298	0.128143	0.16921	0.125028	0.166152	0.121971	0.163125	0.118973	0.160128	0.116031	0.157161	0.113146	0.154223	0.110315	0.151315	0.107538	0.148436	0.104814	0.145585	0.102142	0.142762	0.0995209	0.139968	0.09695	0.137202	0.0944284	0.134463	0.0919551	0.131751	0.0895292	0.129066	0.0871499	0.126408	0.0848164	0.123776	0.0825277	0.121171	0.0802831	0.118592	0.0780818	0.116038	0.0759229	0.113509	0.0738057	0.111006	0.0717294	0.108528	0.0696932	0.106074	0.0676964	0.103645	0.0657383	0.10124	0.0638181	0.0988585	0.0619352	0.0965011	0.0600888	0.094167	0.0582782	0.0918562	0.0565028	0.0895685	0.0547618	0.0873034	0.0530548	0.0850609	0.0513809	0.0828407	0.0497397	0.0806426	0.0481303	0.0784664	0.0465524	0.0763119	0.0450052	0.0741787	0.0434882	0.0720668	0.0420008	0.0699759	0.0405424	0.0679059	0.0391125	0.0658564	0.0377106	0.0638273	0.036336	0.0618184	0.0349884	0.0598295	0.0336671	0.0578603	0.0323716	0.0559108	0.0311015	0.0539807	0.0298563	0.0520697	0.0286355	0.0501778	0.0274386	0.0483047	0.0262651	0.0464503	0.0251147	0.0446143	0.0239868	0.0427966	0.022881	0.0409969	0.021797	0.0392152	0.0207342	0.0374512	0.0196923	0.0357047	0.0186708	0.0339756	0.0176695	0.0322638	0.0166878	0.0305689	0.0157254	0.0288909	0.0147819	0.0272297	0.0138569	0.0255849	0.0129502	0.0239565	0.0120612	0.0223443	0.0111898	0.0207482	0.0103355	0.0191679	0.00949807	0.0176034	0.00867709	0.0160544	0.00787227	0.0145209	0.0070833	0.0130026	0.00630987	0.0114994	0.00555167	0.0100111	0.00480841	0.00853772	0.0040798	0.00707896	0.00336554	0.00563471	0.00266536	0.00420483	0.00197899	0.00278918	0.00130615	0.00138762	0.000646569	0	0	0	0	
0	0.763421	0	0.766985	0	0.769567	0	0.771232	0	0.772039	0	0.772046	0	0.771307	0	0.769873	0	0.767792	0	0.765111	0	0.761872	0	0.758116	0	0.753882	0	0.749207	0	0.744123	0	0.738665	0	0.732863	0	0.726745	0	0.720339	0	0.71367	0	0.706763	0	0.69964	0	0.692324	0	0.684833	0	0.677187	0	0.669404	0	0.661501	0	0.653494	0	0.645397	0	0.637223	0	0.628988	0	0.620701	0	0.612375	0	0.604021	0	0.595648	0	0.587266	0	0.578884	0	0.570509	0	0.562149	0	0.553812	0	0.545504	0	0.53723	0	0.528997	0	0.52081	0	0.512673	0	0.504591	0	0.496569	0	0.488609	0	0.480715	0	0.472891	0	0.465139	0	0.457462	0	0.449863	0	0.442342	0	0.434903	0	0.427547	0	0.420275	0	0.413089	0	0.40599	0	0.398979	0	0.392056	0	0.385223	0	0.37848	0	0.371827	0	0.365265	0	0.358793	0	0.352413	0	0.346124	0	0.339925	0	0.333818	0	0.327801	0	0.321874	0	0.316037	0	0.31029	0	0.304631	0	0.299061	0	0.293578	0	0.288183	0	0.282874	0	0.277651	0	0.272513	0	0.267459	0	0.262488	0	0.2576	0	0.252794	0	0.248068	0	0.243423	0	0.238856	0	0.234368	0	0.229956	0	0.225621	0	0.221361	0	0.217175	0	0.213062	0	0.209022	0	0.205053	0	0.201154	0	0.197325	0	0.193564	0	0.18987	0	0.186243	0	0.182681	0	0.178549	0	0.174494	0	0.170513	0	0.166606	0	0.162771	0	0.159007	0	0.155313	0	0.151688	0	0.14813	0	0.144639	0	0.141214	0	0.137852	0	0.134554	0	0.131318	0	0.128143	0	0.125028	0	0.121971	0	0.118973	0	0.116031	0	0.113146	0	0.110315	0	0.107538	0	0.104814	0	0.102142	0	0.0995209	0	0.09695	0	0.0944284	0	0.0919551	0	0.0895292	0	0.0871499	0	0.0848164	0	0.0825277	0	0.0802831	0	0.0780818	0	0.0759229	0	0.0738057	0	0.0717294	0	0.0696932	0	0.0676964	0	0.0657383	0	0.0638181	0	0.0619352	0	0.0600888	0	0.0582782	0	0.0565028	0	0.0547618	0	0.0530548	0	0.0513809	0	0.0497397	0	0.0481303	0	0.0465524	0	0.0450052	0	0.0434882	0	0.0420008	0	0.0405424	0	0.0391125	0	0.0377106	0	0.036336	0	0.0349884	0	0.0336671	0	0.0323716	0	0.0311015	0	0.0298563	0	0.0286355	0	0.0274386	0	0.0262651	0	0.0251147	0	0.0239868	0	0.022881	0	0.021797	0	0.0207342	0	0.0196923	0	0.0186708	0	0.0176695	0	0.0166878	0	0.0157254	0	0.0147819	0	0.0138569	0	0.0129502	0	0.0120612	0	0.0111898	0	0.0103355	0	0.00949807	0	0.00867709	0	0.00787227	0	0.0070833	0	0.00630987	0	0.00555167	0	0.00480841	0	0.0040798	0	0.00336554	0	0.00266536	0	0.00197899	0	0.00130615	0	0.000646569	0	0	0	0	
0.614739	0.767951	0.608622	0.771432	0.602566	0.773934	0.59657	0.775519	0.590634	0.776247	0.584758	0.776177	0.578939	0.775362	0.573179	0.773853	0.567475	0.771699	0.561829	0.768946	0.556239	0.765636	0.550704	0.76181	0.545224	0.757507	0.539799	0.752764	0.534428	0.747614	0.529111	0.742091	0.523846	0.736224	0.518633	0.730043	0.513473	0.723575	0.508364	0.716845	0.503306	0.709878	0.498298	0.702697	0.493339	0.695322	0.488431	0.687774	0.483571	0.680073	0.478759	0.672235	0.473995	0.664278	0.469279	0.656218	0.46461	0.648069	0.459987	0.639844	0.45541	0.631558	0.450878	0.623223	0.446392	0.614848	0.44195	0.606447	0.437553	0.598027	0.433199	0.5896	0.428889	0.581172	0.424621	0.572753	0.420396	0.564351	0.416213	0.555971	0.412072	0.547621	0.407972	0.539306	0.403912	0.531033	0.399893	0.522806	0.395914	0.514631	0.391975	0.506511	0.388075	0.498452	0.384213	0.490455	0.38039	0.482526	0.376605	0.474667	0.372858	0.46688	0.369148	0.459169	0.365475	0.451536	0.361838	0.443983	0.358238	0.436512	0.354673	0.429125	0.351144	0.421822	0.34765	0.414606	0.344191	0.407477	0.340766	0.400437	0.337376	0.393486	0.334019	0.386625	0.330695	0.379854	0.327405	0.373174	0.324147	0.366586	0.320922	0.360089	0.317729	0.353683	0.314567	0.347369	0.311437	0.341146	0.308338	0.335015	0.30527	0.328974	0.302233	0.323025	0.299225	0.317165	0.296248	0.311395	0.2933	0.305715	0.290382	0.300124	0.287493	0.29462	0.284632	0.289204	0.2818	0.283875	0.278996	0.278633	0.27622	0.273475	0.273471	0.268402	0.27075	0.263413	0.268056	0.258507	0.265389	0.253683	0.262749	0.24894	0.260134	0.244277	0.257546	0.239694	0.254983	0.235188	0.252446	0.230761	0.249934	0.22641	0.247447	0.222134	0.244985	0.217933	0.242547	0.213806	0.240134	0.209751	0.237745	0.205767	0.235379	0.201854	0.233037	0.198011	0.230718	0.194237	0.228423	0.19053	0.22615	0.186889	0.222526	0.182681	0.218938	0.178549	0.215385	0.174494	0.211869	0.170513	0.208387	0.166606	0.204939	0.162771	0.201526	0.159007	0.198147	0.155313	0.194802	0.151688	0.19149	0.14813	0.188211	0.144639	0.184964	0.141214	0.18175	0.137852	0.178568	0.134554	0.175417	0.131318	0.172298	0.128143	0.16921	0.125028	0.166152	0.121971	0.163125	0.118973	0.160128	0.116031	0.157161	0.113146	0.154223	0.110315	0.151315	0.107538	0.148436	0.104814	0.145585	0.102142	0.142762	0.0995209	0.139968	0.09695	0.137202	0.0944284	0.134463	0.0919551	0.131751	0.0895292	0.129066	0.0871499	0.126408	0.0848164	0.123776	0.0825277	0.121171	0.0802831	0.118592	0.0780818	0.116038	0.0759229	0.113509	0.0738057	0.111006	0.0717294	0.108528	0.0696932	0.106074	0.0676964	0.103645	0.0657383	0.10124	0.0638181	0.0988585	0.0619352	0.0965011	0.0600888	0.094167	0.0582782	0.0918562	0.0565028	0.0895685	0.0547618	0.0873034	0.0530548	0.0850609	0.0513809	0.0828407	0.0497397	0.0806426	0.0481303	0.0784664	0.0465524	0.0763119	0.0450052	0.0741787	0.0434882	0.0720668	0.0420008	0.0699759	0.0405424	0.0679059	0.0391125	0.0658564	0.0377106	0.0638273	0.036336	0.0618184	0.0349884	0.0598295	0.0336671	0.0578603	0.0323716	0.0559108	0.0311015	0.0539807	0.0298563	0.0520697	0.0286355	0.0501778	0.0274386	0.0483047	0.0262651	0.0464503	0.0251147	0.0446143	0.0239868	0.0427966	0.022881	0.0409969	0.021797	0.0392152	0.0207342	0.0374512	0.0196923	0.0357047	0.0186708	0.0339756	0.0176695	0.0322638	0.0166878	0.0305689	0.0157254	0.0288909	0.0147819	0.0272297	0.0138569	0.0255849	0.0129502	0.0239565	0.0120612	0.0223443	0.0111898	0.0207482	0.0103355	0.0191679	0.00949807	0.0176034	0.00867709	0.0160544	0.00787227	0.0145209	0.0070833	0.0130026	0.00630987	0.0114994	0.00555167	0.0100111	0.00480841	0.00853772	0.0040798	0.00707896	0.00336554	0.00563471	0.00266536	0.00420483	0.00197899	0.00278918	0.00130615	0.00138762	0.000646569	0	0	0	0	
0	0.767951	0	0.771432	0	0.773934	0	0.775519	0	0.776247	0	0.776177	0	0.775362	0	0.773853	0	0.771699	0	0.768946	0	0.765636	0	0.76181	0	0.757507	0	0.752764	0	0.747614	0	0.742091	0	0.736224	0	0.730043	0	0.723575	0	0.716845	0	0.709878	0	0.702697	0	0.695322	0	0.687774	0	0.680073	0	0.672235	0	0.664278	0	0.656218	0	0.648069	0	0.639844	0	0.631558	0	0.623223	0	0.614848	0	0.606447	0	0.598027	0	0.5896	0	0.581172	0	0.572753	0	0.564351	0	0.555971	0	0.547621	0	0.539306	0	0.531033	0	0.522806	0	0.514631	0	0.506511	0	0.498452	0	0.490455	0	0.482526	0	0.474667	0	0.46688	0	0.459169	0	0.451536	0	0.443983	0	0.436512	0	0.429125	0	0.421822	0	0.414606	0	0.407477	0	0.400437	0	0.393486	0	0.386625	0	0.379854	0	0.373174	0	0.366586	0	0.360089	0	0.353683	0	0.347369	0	0.341146	0	0.335015	0	0.328974	0	0.323025	0	0.317165	0	0.311395	0	0.305715	0	0.300124	0	0.29462	0	0.289204	0	0.283875	0	0.278633	0	0.273475	0	0.268402	0	0.263413	0	0.258507	0	0.253683	0	0.24894	0	0.244277	0	0.239694	0	0.235188	0	0.230761	0	0.22641	0	0.222134	0	0.217933	0	0.213806	0	0.209751	0	0.205767	0	0.201854	0	0.198011	0	0.194237	0	0.19053	0	0.186889	0	0.182681	0	0.178549	0	0.174494	0	0.170513	0	0.166606	0	0.162771	0	0.159007	0	0.155313	0	0.151688	0	0.14813	0	0.144639	0	0.141214	0	0.137852	0	0.134554	0	0.131318	0	0.128143	0	0.125028	0	0.121971	0	0.118973	0	0.116031	0	0.113146	0	0.110315	0	0.107538	0	0.104814	0	0.102142	0	0.0995209	0	0.09695	0	0.0944284	0	0.0919551	0	0.0895292	0	0.0871499	0	0.0848164	0	0.0825277	0	0.0802831	0	0.0780818	0	0.0759229	0	0.0738057	0	0.0717294	0	0.0696932	0	0.0676964	0	0.0657383	0	0.0638181	0	0.0619352	0	0.0600888	0	0.0582782	0	0.0565028	0	0.0547618	0	0.0530548	0	0.0513809	0	0.0497397	0	0.0481303	0	0.0465524	0	0.0450052	0	0.0434882	0	0.0420008	0	0.0405424	0	0.0391125	0	0.0377106	0	0.036336	0	0.0349884	0	0.0336671	0	0.0323716	0	0.0311015	0	0.0298563	0	0.0286355	0	0.0274386	0	0.0262651	0	0.0251147	0	0.0239868	0	0.022881	0	0.021797	0	0.0207342	0	0.0196923	0	0.0186708	0	0.0176695	0	0.0166878	0	0.0157254	0	0.0147819	0	0.0138569	0	0.0129502	0	0.0120612	0	0.0111898	0	0.0103355	0	0.00949807	0	0.00867709	0	0.00787227	0	0.0070833	0	0.00630987	0	0.00555167	0	0.00480841	0	0.0040798	0	0.00336554	0	0.00266536	0	0.00197899	0	0.00130615	0	0.000646569	0	0	0	0	
0.618473	0.772398	0.612319	0.775799	0.606227	0.778221	0.600194	0.779727	0.594222	0.780379	0.58831	0.780233	0.582456	0.779343	0.576661	0.777761	0.570923	0.775534	0.565242	0.77271	0.559618	0.76933	0.554049	0.765435	0.548536	0.761065	0.543078	0.756255	0.537675	0.75104	0.532325	0.745452	0.527028	0.739522	0.521784	0.733279	0.516592	0.72675	0.511452	0.71996	0.506363	0.712934	0.501325	0.705695	0.496336	0.698263	0.491398	0.69066	0.486508	0.682904	0.481667	0.675012	0.476875	0.667002	0.47213	0.65889	0.467432	0.65069	0.462781	0.642415	0.458176	0.63408	0.453617	0.625696	0.449104	0.617274	0.444635	0.608826	0.440211	0.600361	0.435831	0.591888	0.431494	0.583417	0.427201	0.574955	0.42295	0.56651	0.418741	0.558088	0.414575	0.549697	0.41045	0.541343	0.406366	0.53303	0.402322	0.524765	0.398319	0.516551	0.394356	0.508394	0.390432	0.500298	0.386547	0.492266	0.382701	0.484301	0.378893	0.476407	0.375123	0.468587	0.37139	0.460843	0.367695	0.453178	0.364036	0.445593	0.360414	0.43809	0.356828	0.430672	0.353277	0.423339	0.349762	0.416093	0.346282	0.408936	0.342837	0.401867	0.339425	0.394888	0.336048	0.387999	0.332704	0.381202	0.329394	0.374496	0.326116	0.367881	0.322871	0.361359	0.319659	0.354928	0.316478	0.34859	0.313329	0.342343	0.310211	0.336188	0.307125	0.330125	0.304069	0.324152	0.301043	0.318271	0.298048	0.312479	0.295082	0.306778	0.292146	0.301165	0.289239	0.295642	0.286361	0.290206	0.283512	0.284857	0.280691	0.279595	0.277898	0.274419	0.275133	0.269327	0.272395	0.26432	0.269685	0.259396	0.267001	0.254554	0.264345	0.249794	0.261714	0.245114	0.25911	0.240515	0.256532	0.235993	0.25398	0.23155	0.251452	0.227183	0.24895	0.222892	0.246473	0.218676	0.244021	0.214534	0.241593	0.210465	0.239189	0.206467	0.236809	0.202541	0.234453	0.198684	0.23212	0.194896	0.22981	0.191176	0.22615	0.186889	0.222526	0.182681	0.218938	0.178549	0.215385	0.174494	0.211869	0.170513	0.208387	0.166606	0.204939	0.162771	0.201526	0.159007	0.198147	0.155313	0.194802	0.151688	0.19149	0.14813	0.188211	0.144639	0.184964	0.141214	0.18175	0.137852	0.178568	0.134554	0.175417	0.131318	0.172298	0.128143	0.16921	0.125028	0.166152	0.121971	0.163125	0.118973	0.160128	0.116031	0.157161	0.113146	0.154223	0.110315	0.151315	0.107538	0.148436	0.104814	0.145585	0.102142	0.142762	0.0995209	0.139968	0.09695	0.137202	0.0944284	0.134463	0.0919551	0.131751	0.0895292	0.129066	0.0871499	0.126408	0.0848164	0.123776	0.0825277	0.121171	0.0802831	0.118592	0.0780818	0.116038	0.0759229	0.113509	0.0738057	0.111006	0.0717294	0.108528	0.0696932	0.106074	0.0676964	0.103645	0.0657383	0.10124	0.0638181	0.0988585	0.0619352	0.0965011	0.0600888	0.094167	0.0582782	0.0918562	0.0565028	0.0895685	0.0547618	0.0873034	0.0530548	0.0850609	0.0513809	0.0828407	0.0497397	0.0806426	0.0481303	0.0784664	0.0465524	0.0763119	0.0450052	0.0741787	0.0434882	0.0720668	0.0420008	0.0699759	0.0405424	0.0679059	0.0391125	0.0658564	0.0377106	0.0638273	0.036336	0.0618184	0.0349884	0.0598295	0.0336671	0.0578603	0.0323716	0.0559108	0.0311015	0.0539807	0.0298563	0.0520697	0.0286355	0.0501778	0.0274386	0.0483047	0.0262651	0.0464503	0.0251147	0.0446143	0.0239868	0.0427966	0.022881	0.0409969	0.021797	0.0392152	0.0207342	0.0374512	0.0196923	0.0357047	0.0186708	0.0339756	0.0176695	0.0322638	0.0166878	0.0305689	0.0157254	0.0288909	0.0147819	0.0272297	0.0138569	0.0255849	0.0129502	0.0239565	0.0120612	0.0223443	0.0111898	0.0207482	0.0103355	0.0191679	0.00949807	0.0176034	0.00867709	0.0160544	0.00787227	0.0145209	0.0070833	0.0130026	0.00630987	0.0114994	0.00555167	0.0100111	0.00480841	0.00853772	0.0040798	0.00707896	0.00336554	0.00563471	0.00266536	0.00420483	0.00197899	0.00278918	0.00130615	0.00138762	0.000646569	0	0	0	0	
0	0.772398	0	0.775799	0	0.778221	0	0.779727	0	0.780379	0	0.780233	0	0.779343	0	0.777761	0	0.775534	0	0.77271	0	0.76933	0	0.765435	0	0.761065	0	0.756255	0	0.75104	0	0.745452	0	0.739522	0	0.733279	0	0.72675	0	0.71996	0	0.712934	0	0.705695	0	0.698263	0	0.69066	0	0.682904	0	0.675012	0	0.667002	0	0.65889	0	0.65069	0	0.642415	0	0.63408	0	0.625696	0	0.617274	0	0.608826	0	0.600361	0	0.591888	0	0.583417	0	0.574955	0	0.56651	0	0.558088	0	0.549697	0	0.541343	0	0.53303	0	0.524765	0	0.516551	0	0.508394	0	0.500298	0	0.492266	0	0.484301	0	0.476407	0	0.468587	0	0.460843	0	0.453178	0	0.445593	0	0.43809	0	0.430672	0	0.423339	0	0.416093	0	0.408936	0	0.401867	0	0.394888	0	0.387999	0	0.381202	0	0.374496	0	0.367881	0	0.361359	0	0.354928	0	0.34859	0	0.342343	0	0.336188	0	0.330125	0	0.324152	0	0.318271	0	0.312479	0	0.306778	0	0.301165	0	0.295642	0	0.290206	0	0.284857	0	0.279595	0	0.274419	0	0.269327	0	0.26432	0	0.259396	0	0.254554	0	0.249794	0	0.245114	0	0.240515	0	0.235993	0	0.23155	0	0.227183	0	0.222892	0	0.218676	0	0.214534	0	0.210465	0	0.206467	0	0.202541	0	0.198684	0	0.194896	0	0.191176	0	0.186889	0	0.182681	0	0.178549	0	0.174494	0	0.170513	0	0.166606	0	0.162771	0	0.159007	0	0.155313	0	0.151688	0	0.14813	0	0.144639	0	0.141214	0	0.137852	0	0.134554	0	0.131318	0	0.128143	0	0.125028	0	0.121971	0	0.118973	0	0.116031	0	0.113146	0	0.110315	0	0.107538	0	0.104814	0	0.102142	0	0.0995209	0	0.09695	0	0.0944284	0	0.0919551	0	0.0895292	0	0.0871499	0	0.0848164	0	0.0825277	0	0.0802831	0	0.0780818	0	0.0759229	0	0.0738057	0	0.0717294	0	0.0696932	0	0.0676964	0	0.0657383	0	0.0638181	0	0.0619352	0	0.0600888	0	0.0582782	0	0.0565028	0	0.0547618	0	0.0530548	0	0.0513809	0	0.0497397	0	0.0481303	0	0.0465524	0	0.0450052	0	0.0434882	0	0.0420008	0	0.0405424	0	0.0391125	0	0.0377106	0	0.036336	0	0.0349884	0	0.0336671	0	0.0323716	0	0.0311015	0	0.0298563	0	0.0286355	0	0.0274386	0	0.0262651	0	0.0251147	0	0.0239868	0	0.022881	0	0.021797	0	0.0207342	0	0.0196923	0	0.0186708	0	0.0176695	0	0.0166878	0	0.0157254	0	0.0147819	0	0.0138569	0	0.0129502	0	0.0120612	0	0.0111898	0	0.0103355	0	0.00949807	0	0.00867709	0	0.00787227	0	0.0070833	0	0.00630987	0	0.00555167	0	0.00480841	0	0.0040798	0	0.00336554	0	0.00266536	0	0.00197899	0	0.00130615	0	0.000646569	0	0	0	0	
0.62217	0.776765	0.61598	0.780086	0.609851	0.782429	0.603782	0.783859	0.597775	0.784434	0.591827	0.784213	0.585938	0.78325	0.580108	0.781596	0.574336	0.779298	0.568621	0.776404	0.562963	0.772955	0.557361	0.768993	0.551816	0.764556	0.546325	0.759681	0.540889	0.754401	0.535507	0.74875	0.530179	0.742759	0.524903	0.736454	0.51968	0.729865	0.514509	0.723017	0.50939	0.715933	0.504322	0.708637	0.499303	0.701149	0.494335	0.693491	0.489417	0.685681	0.484547	0.677736	0.479725	0.669674	0.474952	0.661511	0.470226	0.653261	0.465547	0.644937	0.460915	0.636553	0.456329	0.628122	0.451788	0.619654	0.447293	0.61116	0.442842	0.60265	0.438436	0.594133	0.434074	0.585618	0.429754	0.577114	0.425478	0.568627	0.421245	0.560164	0.417053	0.551733	0.412904	0.543339	0.408795	0.534988	0.404727	0.526685	0.4007	0.518434	0.396713	0.510241	0.392766	0.502109	0.388858	0.494041	0.384989	0.486042	0.381158	0.478114	0.377365	0.470261	0.373611	0.462484	0.369893	0.454787	0.366213	0.447171	0.362569	0.439637	0.358961	0.432189	0.355389	0.424827	0.351853	0.417552	0.348352	0.410365	0.344886	0.403269	0.341454	0.396262	0.338057	0.389347	0.334693	0.382523	0.331363	0.375791	0.328066	0.369151	0.324801	0.362604	0.32157	0.356149	0.31837	0.349787	0.315202	0.343517	0.312066	0.337339	0.308961	0.331253	0.305886	0.325258	0.302843	0.319355	0.29983	0.313542	0.296846	0.30782	0.293892	0.302187	0.290968	0.296643	0.288073	0.291187	0.285207	0.28582	0.282369	0.280539	0.279559	0.275344	0.276778	0.270234	0.274024	0.265209	0.271297	0.260267	0.268598	0.255408	0.265925	0.250631	0.263279	0.245935	0.260659	0.241319	0.258066	0.236782	0.255498	0.232323	0.252956	0.227941	0.250439	0.223636	0.247947	0.219405	0.24548	0.215248	0.243037	0.211165	0.240619	0.207154	0.238225	0.203214	0.235854	0.199344	0.233507	0.195543	0.22981	0.191176	0.22615	0.186889	0.222526	0.182681	0.218938	0.178549	0.215385	0.174494	0.211869	0.170513	0.208387	0.166606	0.204939	0.162771	0.201526	0.159007	0.198147	0.155313	0.194802	0.151688	0.19149	0.14813	0.188211	0.144639	0.184964	0.141214	0.18175	0.137852	0.178568	0.134554	0.175417	0.131318	0.172298	0.128143	0.16921	0.125028	0.166152	0.121971	0.163125	0.118973	0.160128	0.116031	0.157161	0.113146	0.154223	0.110315	0.151315	0.107538	0.148436	0.104814	0.145585	0.102142	0.142762	0.0995209	0.139968	0.09695	0.137202	0.0944284	0.134463	0.0919551	0.131751	0.0895292	0.129066	0.0871499	0.126408	0.0848164	0.123776	0.0825277	0.121171	0.0802831	0.118592	0.0780818	0.116038	0.0759229	0.113509	0.0738057	0.111006	0.0717294	0.108528	0.0696932	0.106074	0.0676964	0.103645	0.0657383	0.10124	0.0638181	0.0988585	0.0619352	0.0965011	0.0600888	0.094167	0.0582782	0.0918562	0.0565028	0.0895685	0.0547618	0.0873034	0.0530548	0.0850609	0.0513809	0.0828407	0.0497397	0.0806426	0.0481303	0.0784664	0.0465524	0.0763119	0.0450052	0.0741787	0.0434882	0.0720668	0.0420008	0.0699759	0.0405424	0.0679059	0.0391125	0.0658564	0.0377106	0.0638273	0.036336	0.0618184	0.0349884	0.0598295	0.0336671	0.0578603	0.0323716	0.0559108	0.0311015	0.0539807	0.0298563	0.0520697	0.0286355	0.0501778	0.0274386	0.0483047	0.0262651	0.0464503	0.0251147	0.0446143	0.0239868	0.0427966	0.022881	0.0409969	0.021797	0.0392152	0.0207342	0.0374512	0.0196923	0.0357047	0.0186708	0.0339756	0.0176695	0.0322638	0.0166878	0.0305689	0.0157254	0.0288909	0.0147819	0.0272297	0.0138569	0.0255849	0.0129502	0.0239565	0.0120612	0.0223443	0.0111898	0.0207482	0.0103355	0.0191679	0.00949807	0.0176034	0.00867709	0.0160544	0.00787227	0.0145209	0.0070833	0.0130026	0.00630987	0.0114994	0.00555167	0.0100111	0.00480841	0.00853772	0.0040798	0.00707896	0.00336554	0.00563471	0.00266536	0.00420483	0.00197899	0.00278918	0.00130615	0.00138762	0.000646569	0	0	0	0	
0	0.776765	0	0.780086	0	0.782429	0	0.783859	0	0.784434	0	0.784213	0	0.78325	0	0.781596	0	0.779298	0	0.776404	0	0.772955	0	0.768993	0	0.764556	0	0.759681	0	0.754401	0	0.74875	0	0.742759	0	0.736454	0	0.729865	0	0.723017	0	0.715933	0	0.708637	0	0.701149	0	0.693491	0	0.685681	0	0.677736	0	0.669674	0	0.661511	0	0.653261	0	0.644937	0	0.636553	0	0.628122	0	0.619654	0	0.61116	0	0.60265	0	0.594133	0	0.585618	0	0.577114	0	0.568627	0	0.560164	0	0.551733	0	0.543339	0	0.534988	0	0.526685	0	0.518434	0	0.510241	0	0.502109	0	0.494041	0	0.486042	0	0.478114	0	0.470261	0	0.462484	0	0.454787	0	0.447171	0	0.439637	0	0.432189	0	0.424827	0	0.417552	0	0.410365	0	0.403269	0	0.396262	0	0.389347	0	0.382523	0	0.375791	0	0.369151	0	0.362604	0	0.356149	0	0.349787	0	0.343517	0	0.337339	0	0.331253	0	0.325258	0	0.319355	0	0.313542	0	0.30782	0	0.302187	0	0.296643	0	0.291187	0	0.28582	0	0.280539	0	0.275344	0	0.270234	0	0.265209	0	0.260267	0	0.255408	0	0.250631	0	0.245935	0	0.241319	0	0.236782	0	0.232323	0	0.227941	0	0.223636	0	0.219405	0	0.215248	0	0.211165	0	0.207154	0	0.203214	0	0.199344	0	0.195543	0	0.191176	0	0.186889	0	0.182681	0	0.178549	0	0.174494	0	0.170513	0	0.166606	0	0.162771	0	0.159007	0	0.155313	0	0.151688	0	0.14813	0	0.144639	0	0.141214	0	0.137852	0	0.134554	0	0.131318	0	0.128143	0	0.125028	0	0.121971	0	0.118973	0	0.116031	0	0.113146	0	0.110315	0	0.107538	0	0.104814	0	0.102142	0	0.0995209	0	0.09695	0	0.0944284	0	0.0919551	0	0.0895292	0	0.0871499	0	0.0848164	0	0.0825277	0	0.0802831	0	0.0780818	0	0.0759229	0	0.0738057	0	0.0717294	0	0.0696932	0	0.0676964	0	0.0657383	0	0.0638181	0	0.0619352	0	0.0600888	0	0.0582782	0	0.0565028	0	0.0547618	0	0.0530548	0	0.0513809	0	0.0497397	0	0.0481303	0	0.0465524	0	0.0450052	0	0.0434882	0	0.0420008	0	0.0405424	0	0.0391125	0	0.0377106	0	0.036336	0	0.0349884	0	0.0336671	0	0.0323716	0	0.0311015	0	0.0298563	0	0.0286355	0	0.0274386	0	0.0262651	0	0.0251147	0	0.0239868	0	0.022881	0	0.021797	0	0.0207342	0	0.0196923	0	0.0186708	0	0.0176695	0	0.0166878	0	0.0157254	0	0.0147819	0	0.0138569	0	0.0129502	0	0.0120612	0	0.0111898	0	0.0103355	0	0.00949807	0	0.00867709	0	0.00787227	0	0.0070833	0	0.00630987	0	0.00555167	0	0.00480841	0	0.0040798	0	0.00336554	0	0.00266536	0	0.00197899	0	0.00130615	0	0.000646569	0	0	0	0	
0.625831	0.781052	0.619604	0.784294	0.613439	0.786561	0.607335	0.787914	0.601292	0.788415	0.595309	0.788121	0.589385	0.787085	0.583521	0.78536	0.577715	0.782992	0.571966	0.780029	0.566275	0.776512	0.560641	0.772484	0.555062	0.767982	0.549539	0.763042	0.544071	0.7577	0.538658	0.751987	0.533298	0.745934	0.527991	0.73957	0.522738	0.732921	0.517537	0.726015	0.512387	0.718874	0.507289	0.711522	0.502241	0.70398	0.497244	0.696268	0.492296	0.688405	0.487398	0.680408	0.482548	0.672295	0.477746	0.664082	0.472993	0.655782	0.468286	0.64741	0.463627	0.638979	0.459014	0.630501	0.454446	0.621987	0.449925	0.613448	0.445448	0.604894	0.441016	0.596334	0.436627	0.587777	0.432283	0.579231	0.427982	0.570703	0.423723	0.562201	0.419507	0.55373	0.415333	0.545297	0.4112	0.536908	0.407109	0.528568	0.403058	0.520281	0.399047	0.512051	0.395077	0.503884	0.391146	0.495782	0.387254	0.487749	0.3834	0.479788	0.379586	0.471902	0.375809	0.464094	0.372069	0.456365	0.368367	0.448718	0.364702	0.441154	0.361073	0.433676	0.35748	0.426285	0.353923	0.418982	0.350402	0.411767	0.346915	0.404643	0.343463	0.39761	0.340046	0.390668	0.336662	0.383819	0.333312	0.377061	0.329996	0.370397	0.326712	0.363825	0.323462	0.357346	0.320243	0.35096	0.317057	0.344667	0.313902	0.338467	0.310778	0.332358	0.307686	0.326342	0.304625	0.320418	0.301594	0.314584	0.298593	0.308841	0.295622	0.303188	0.29268	0.297625	0.289768	0.29215	0.286885	0.286763	0.28403	0.281463	0.281204	0.27625	0.278406	0.271123	0.275636	0.26608	0.272893	0.261122	0.270178	0.256246	0.267489	0.251452	0.264828	0.24674	0.262193	0.242108	0.259584	0.237556	0.257001	0.233081	0.254444	0.228685	0.251912	0.224364	0.249406	0.220119	0.246924	0.215949	0.244467	0.211851	0.242034	0.207827	0.239626	0.203873	0.237242	0.19999	0.233507	0.195543	0.22981	0.191176	0.22615	0.186889	0.222526	0.182681	0.218938	0.178549	0.215385	0.174494	0.211869	0.170513	0.208387	0.166606	0.204939	0.162771	0.201526	0.159007	0.198147	0.155313	0.194802	0.151688	0.19149	0.14813	0.188211	0.144639	0.184964	0.141214	0.18175	0.137852	0.178568	0.134554	0.175417	0.131318	0.172298	0.128143	0.16921	0.125028	0.166152	0.121971	0.163125	0.118973	0.160128	0.116031	0.157161	0.113146	0.154223	0.110315	0.151315	0.107538	0.148436	0.104814	0.145585	0.102142	0.142762	0.0995209	0.139968	0.09695	0.137202	0.0944284	0.134463	0.0919551	0.131751	0.0895292	0.129066	0.0871499	0.126408	0.0848164	0.123776	0.0825277	0.121171	0.0802831	0.118592	0.0780818	0.116038	0.0759229	0.113509	0.0738057	0.111006	0.0717294	0.108528	0.0696932	0.106074	0.0676964	0.103645	0.0657383	0.10124	0.0638181	0.0988585	0.0619352	0.0965011	0.0600888	0.094167	0.0582782	0.0918562	0.0565028	0.0895685	0.0547618	0.0873034	0.0530548	0.0850609	0.0513809	0.0828407	0.0497397	0.0806426	0.0481303	0.0784664	0.0465524	0.0763119	0.0450052	0.0741787	0.0434882	0.0720668	0.0420008	0.0699759	0.0405424	0.0679059	0.0391125	0.0658564	0.0377106	0.0638273	0.036336	0.0618184	0.0349884	0.0598295	0.0336671	0.0578603	0.0323716	0.0559108	0.0311015	0.0539807	0.0298563	0.0520697	0.0286355	0.0501778	0.0274386	0.0483047	0.0262651	0.0464503	0.0251147	0.0446143	0.0239868	0.0427966	0.022881	0.0409969	0.021797	0.0392152	0.0207342	0.0374512	0.0196923	0.0357047	0.0186708	0.0339756	0.0176695	0.0322638	0.0166878	0.0305689	0.0157254	0.0288909	0.0147819	0.0272297	0.0138569	0.0255849	0.0129502	0.0239565	0.0120612	0.0223443	0.0111898	0.0207482	0.0103355	0.0191679	0.00949807	0.0176034	0.00867709	0.0160544	0.00787227	0.0145209	0.0070833	0.0130026	0.00630987	0.0114994	0.00555167	0.0100111	0.00480841	0.00853772	0.0040798	0.00707896	0.00336554	0.00563471	0.00266536	0.00420483	0.00197899	0.00278918	0.00130615	0.00138762	0.000646569	0	0	0	0	
0	0.781052	0	0.784294	0	0.786561	0	0.787914	0	0.788415	0	0.788121	0	0.787085	0	0.78536	0	0.782992	0	0.780029	0	0.776512	0	0.772484	0	0.767982	0	0.763042	0	0.7577	0	0.751987	0	0.745934	0	0.73957	0	0.732921	0	0.726015	0	0.718874	0	0.711522	0	0.70398	0	0.696268	0	0.688405	0	0.680408	0	0.672295	0	0.664082	0	0.655782	0	0.64741	0	0.638979	0	0.630501	0	0.621987	0	0.613448	0	0.604894	0	0.596334	0	0.587777	0	0.579231	0	0.570703	0	0.562201	0	0.55373	0	0.545297	0	0.536908	0	0.528568	0	0.520281	0	0.512051	0	0.503884	0	0.495782	0	0.487749	0	0.479788	0	0.471902	0	0.464094	0	0.456365	0	0.448718	0	0.441154	0	0.433676	0	0.426285	0	0.418982	0	0.411767	0	0.404643	0	0.39761	0	0.390668	0	0.383819	0	0.377061	0	0.370397	0	0.363825	0	0.357346	0	0.35096	0	0.344667	0	0.338467	0	0.332358	0	0.326342	0	0.320418	0	0.314584	0	0.308841	0	0.303188	0	0.297625	0	0.29215	0	0.286763	0	0.281463	0	0.27625	0	0.271123	0	0.26608	0	0.261122	0	0.256246	0	0.251452	0	0.24674	0	0.242108	0	0.237556	0	0.233081	0	0.228685	0	0.224364	0	0.220119	0	0.215949	0	0.211851	0	0.207827	0	0.203873	0	0.19999	0	0.195543	0	0.191176	0	0.186889	0	0.182681	0	0.178549	0	0.174494	0	0.170513	0	0.166606	0	0.162771	0	0.159007	0	0.155313	0	0.151688	0	0.14813	0	0.144639	0	0.141214	0	0.137852	0	0.134554	0	0.131318	0	0.128143	0	0.125028	0	0.121971	0	0.118973	0	0.116031	0	0.113146	0	0.110315	0	0.107538	0	0.104814	0	0.102142	0	0.0995209	0	0.09695	0	0.0944284	0	0.0919551	0	0.0895292	0	0.0871499	0	0.0848164	0	0.0825277	0	0.0802831	0	0.0780818	0	0.0759229	0	0.0738057	0	0.0717294	0	0.0696932	0	0.0676964	0	0.0657383	0	0.0638181	0	0.0619352	0	0.0600888	0	0.0582782	0	0.0565028	0	0.0547618	0	0.0530548	0	0.0513809	0	0.0497397	0	0.0481303	0	0.0465524	0	0.0450052	0	0.0434882	0	0.0420008	0	0.0405424	0	0.0391125	0	0.0377106	0	0.036336	0	0.0349884	0	0.0336671	0	0.0323716	0	0.0311015	0	0.0298563	0	0.0286355	0	0.0274386	0	0.0262651	0	0.0251147	0	0.0239868	0	0.022881	0	0.021797	0	0.0207342	0	0.0196923	0	0.0186708	0	0.0176695	0	0.0166878	0	0.0157254	0	0.0147819	0	0.0138569	0	0.0129502	0	0.0120612	0	0.0111898	0	0.0103355	0	0.00949807	0	0.00867709	0	0.00787227	0	0.0070833	0	0.00630987	0	0.00555167	0	0.00480841	0	0.0040798	0	0.00336554	0	0.00266536	0	0.00197899	0	0.00130615	0	0.000646569	0	0	0	0	
[UPMatrix]
198 40
0.0198013	0.000965722	0.00995017	0	0	0	0	0	0	0	0	0	0	0	0	0	0	0	0	0	0	0	0	0	0	0	0	0	0	0	0	0	0	0	0	0	0	0	0	0	
0	0.000965722	0	0	0	0	0	0	0	0	0	0	0	0	0	0	0	0	0	0	0	0	0	0	0	0	0	0	0	0	0	0	0	0	0	0	0	0	0	0	
0.0295545	0.00283094	0.0198013	0.000965722	0.00995017	0	0	0	0	0	0	0	0	0	0	0	0	0	0	0	0	0	0	0	0	0	0	0	0	0	0	0	0	0	0	0	0	0	0	0	
0	0.00283094	0	0.000965722	0	0	0	0	0	0	0	0	0	0	0	0	0	0	0	0	0	0	0	0	0	0	0	0	0	0	0	0	0	0	0	0	0	0	0	0	
0.0392106	0.00553306	0.0295545	0.00283094	0.0198013	0.000965722	0.00995017	0	0	0	0	0	0	0	0	0	0	0	0	0	0	0	0	0	0	0	0	0	0	0	0	0	0	0	0	0	0	0	0	0	
0	0.00553306	0	0.00283094	0	0.000965722	0	0	0	0	0	0	0	0	0	0	0	0	0	0	0	0	0	0	0	0	0	0	0	0	0	0	0	0	0	0	0	0	0	0	
0.0487706	0.00901287	0.0392106	0.00553306	0.0295545	0.00283094	0.0198013	0.000965722	0.00995017	0	0	0	0	0	0	0	0	0	0	0	0	0	0	0	0	0	0	0	0	0	0	0	0	0	0	0	0	0	0	0	
0	0.00901287	0	0.00553306	0	0.00283094	0	0.000965722	0	0	0	0	0	0	0	0	0	0	0	0	0	0	0	0	0	0	0	0	0	0	0	0	0	0	0	0	0	0	0	0	
0.0582355	0.0132144	0.0487706	0.00901287	0.0392106	0.00553306	0.0295545	0.00283094	0.0198013	0.000965722	0.00995017	0	0	0	0	0	0	0	0	0	0	0	0	0	0	0	0	0	0	0	0	0	0	0	0	0	0	0	0	0	
0	0.0132144	0	0.00901287	0	0.00553306	0	0.00283094	0	0.000965722	0	0	0	0	0	0	0	0	0	0	0	0	0	0	0	0	0	0	0	0	0	0	0	0	0	0	0	0	0	0	
0.0676062	0.0180849	0.0582355	0.0132144	0.0487706	0.00901287	0.0392106	0.00553306	0.0295545	0.00283094	0.0198013	0.000965722	0.00995017	0	0	0	0	0	0	0	0	0	0	0	0	0	0	0	0	0	0	0	0	0	0	0	0	0	0	0	
0	0.0180849	0	0.0132144	0	0.00901287	0	0.00553306	0	0.00283094	0	0.000965722	0	0	0	0	0	0	0	0	0	0	0	0	0	0	0	0	0	0	0	0	0	0	0	0	0	0	0	0	
0.0768837	0.0235744	0.0676062	0.0180849	0.0582355	0.0132144	0.0487706	0.00901287	0.0392106	0.00553306	0.0295545	0.00283094	0.0198013	0.000965722	0.00995017	0	0	0	0	0	0	0	0	0	0	0	0	0	0	0	0	0	0	0	0	0	0	0	0	0	
0	0.0235744	0	0.0180849	0	0.0132144	0	0.00901287	0	0.00553306	0	0.00283094	0	0.000965722	0	0	0	0	0	0	0	0	0	0	0	0	0	0	0	0	0	0	0	0	0	0	0	0	0	0	
0.0860688	0.0296357	0.0768837	0.0235744	0.0676062	0.0180849	0.0582355	0.0132144	0.0487706	0.00901287	0.0392106	0.00553306	0.0295545	0.00283094	0.0198013	0.000965722	0.00995017	0	0	0	0	0	0	0	0	0	0	0	0	0	0	0	0	0	0	0	0	0	0	0	
0	0.0296357	0	0.0235744	0	0.0180849	0	0.0132144	0	0.00901287	0	0.00553306	0	0.00283094	0	0.000965722	0	0	0	0	0	0	0	0	0	0	0	0	0	0	0	0	0	0	0	0	0	0	0	0	
0.0951626	0.0362243	0.0860688	0.0296357	0.0768837	0.0235744	0.0676062	0.0180849	0.0582355	0.0132144	0.0487706	0.00901287	0.0392106	0.00553306	0.0295545	0.00283094	0.0198013	0.000965722	0.00995017	0	0	0	0	0	0	0	0	0	0	0	0	0	0	0	0	0	0	0	0	0	
0	0.0362243	0	0.0296357	0	0.0235744	0	0.0180849	0	0.0132144	0	0.00901287	0	0.00553306	0	0.00283094	0	0.000965722	0	0	0	0	0	0	0	0	0	0	0	0	0	0	0	0	0	0	0	0	0	0	
0.104166	0.0432982	0.0951626	0.0362243	0.0860688	0.0296357	0.0768837	0.0235744	0.0676062	0.0180849	0.0582355	0.0132144	0.0487706	0.00901287	0.0392106	0.00553306	0.0295545	0.00283094	0.0198013	0.000965722	0.00995017	0	0	0	0	0	0	0	0	0	0	0	0	0	0	0	0	0	0	0	
0	0.0432982	0	0.0362243	0	0.0296357	0	0.0235744	0	0.0180849	0	0.0132144	0	0.00901287	0	0.00553306	0	0.00283094	0	0.000965722	0	0	0	0	0	0	0	0	0	0	0	0	0	0	0	0	0	0	0	0	
0.11308	0.0508178	0.104166	0.0432982	0.0951626	0.0362243	0.0860688	0.0296357	0.0768837	0.0235744	0.0676062	0.0180849	0.0582355	0.0132144	0.0487706	0.00901287	0.0392106	0.00553306	0.0295545	0.00283094	0.0198013	0.000965722	0.00995017	0	0	0	0	0	0	0	0	0	0	0	0	0	0	0	0	0	
0	0.0508178	0	0.0432982	0	0.0362243	0	0.0296357	0	0.0235744	0	0.0180849	0	0.0132144	0	0.00901287	0	0.00553306	0	0.00283094	0	0.000965722	0	0	0	0	0	0	0	0	0	0	0	0	0	0	0	0	0	0	
0.121905	0.0587457	0.11308	0.0508178	0.104166	0.0432982	0.0951626	0.0362243	0.0860688	0.0296357	0.0768837	0.0235744	0.0676062	0.0180849	0.0582355	0.0132144	0.0487706	0.00901287	0.0392106	0.00553306	0.0295545	0.00283094	0.0198013	0.000965722	0.00995017	0	0	0	0	0	0	0	0	0	0	0	0	0	0	0	
0	0.0587457	0	0.0508178	0	0.0432982	0	0.0362243	0	0.0296357	0	0.0235744	0	0.0180849	0	0.0132144	0	0.00901287	0	0.00553306	0	0.00283094	0	0.000965722	0	0	0	0	0	0	0	0	0	0	0	0	0	0	0	0	
0.130642	0.0670466	0.121905	0.0587457	0.11308	0.0508178	0.104166	0.0432982	0.0951626	0.0362243	0.0860688	0.0296357	0.0768837	0.0235744	0.0676062	0.0180849	0.0582355	0.0132144	0.0487706	0.00901287	0.0392106	0.00553306	0.0295545	0.00283094	0.0198013	0.000965722	0.00995017	0	0	0	0	0	0	0	0	0	0	0	0	0	
0	0.0670466	0	0.0587457	0	0.0508178	0	0.0432982	0	0.0362243	0	0.0296357	0	0.0235744	0	0.0180849	0	0.0132144	0	0.00901287	0	0.00553306	0	0.00283094	0	0.000965722	0	0	0	0	0	0	0	0	0	0	0	0	0	0	
0.139292	0.0756872	0.130642	0.0670466	0.121905	0.0587457	0.11308	0.0508178	0.104166	0.0432982	0.0951626	0.0362243	0.0860688	0.0296357	0.0768837	0.0235744	0.0676062	0.0180849	0.0582355	0.0132144	0.0487706	0.00901287	0.0392106	0.00553306	0.0295545	0.00283094	0.0198013	0.000965722	0.00995017	0	0	0	0	0	0	0	0	0	0	0	
0	0.0756872	0	0.0670466	0	0.0587457	0	0.0508178	0	0.0432982	0	0.0362243	0	0.0296357	0	0.0235744	0	0.0180849	0	0.0132144	0	0.00901287	0	0.00553306	0	0.00283094	0	0.000965722	0	0	0	0	0	0	0	0	0	0	0	0	
0.147856	0.0846364	0.139292	0.0756872	0.130642	0.0670466	0.121905	0.0587457	0.11308	0.0508178	0.104166	0.0432982	0.0951626	0.0362243	0.0860688	0.0296357	0.0768837	0.0235744	0.0676062	0.0180849	0.0582355	0.0132144	0.0487706	0.00901287	0.0392106	0.00553306	0.0295545	0.00283094	0.0198013	0.000965722	0.00995017	0	0	0	0	0	0	0	0	0	
0	0.0846364	0	0.0756872	0	0.0670466	0	0.0587457	0	0.0508178	0	0.0432982	0	0.0362243	0	0.0296357	0	0.0235744	0	0.0180849	0	0.0132144	0	0.00901287	0	0.00553306	0	0.00283094	0	0.000965722	0	0	0	0	0	0	0	0	0	0	
0.156335	0.0938645	0.147856	0.0846364	0.139292	0.0756872	0.130642	0.0670466	0.121905	0.0587457	0.11308	0.0508178	0.104166	0.0432982	0.0951626	0.0362243	0.0860688	0.0296357	0.0768837	0.0235744	0.0676062	0.0180849	0.0582355	0.0132144	0.0487706	0.00901287	0.0392106	0.00553306	0.0295545	0.00283094	0.0198013	0.000965722	0.00995017	0	0	0	0	0	0	0	
0	0.0938645	0	0.0846364	0	0.0756872	0	0.0670466	0	0.0587457	0	0.0508178	0	0.0432982	0	0.0362243	0	0.0296357	0	0.0235744	0	0.0180849	0	0.0132144	0	0.00901287	0	0.00553306	0	0.00283094	0	0.000965722	0	0	0	0	0	0	0	0	
0.16473	0.103344	0.156335	0.0938645	0.147856	0.0846364	0.139292	0.0756872	0.130642	0.0670466	0.121905	0.0587457	0.11308	0.0508178	0.104166	0.0432982	0.0951626	0.0362243	0.0860688	0.0296357	0.0768837	0.0235744	0.0676062	0.0180849	0.0582355	0.0132144	0.0487706	0.00901287	0.0392106	0.00553306	0.0295545	0.00283094	0.0198013	0.000965722	0.00995017	0	0	0	0	0	
0	0.103344	0	0.0938645	0	0.0846364	0	0.0756872	0	0.0670466	0	0.0587457	0	0.0508178	0	0.0432982	0	0.0362243	0	0.0296357	0	0.0235744	0	0.0180849	0	0.0132144	0	0.00901287	0	0.00553306	0	0.00283094	0	0.000965722	0	0	0	0	0	0	
0.173041	0.113048	0.16473	0.103344	0.156335	0.0938645	0.147856	0.0846364	0.139292	0.0756872	0.130642	0.0670466	0.121905	0.0587457	0.11308	0.0508178	0.104166	0.0432982	0.0951626	0.0362243	0.0860688	0.0296357	0.0768837	0.0235744	0.0676062	0.0180849	0.0582355	0.0132144	0.0487706	0.00901287	0.0392106	0.00553306	0.0295545	0.00283094	0.0198013	0.000965722	0.00995017	0	0	0	
0	0.113048	0	0.103344	0	0.0938645	0	0.0846364	0	0.0756872	0	0.0670466	0	0.0587457	0	0.0508178	0	0.0432982	0	0.0362243	0	0.0296357	0	0.0235744	0	0.0180849	0	0.0132144	0	0.00901287	0	0.00553306	0	0.00283094	0	0.000965722	0	0	0	0	
0.181269	0.122953	0.173041	0.113048	0.16473	0.103344	0.156335	0.0938645	0.147856	0.0846364	0.139292	0.0756872	0.130642	0.0670466	0.121905	0.0587457	0.11308	0.0508178	0.104166	0.0432982	0.0951626	0.0362243	0.0860688	0.0296357	0.0768837	0.0235744	0.0676062	0.0180849	0.0582355	0.0132144	0.0487706	0.00901287	0.0392106	0.00553306	0.0295545	0.00283094	0.0198013	0.000965722	0.00995017	0	
0	0.122953	0	0.113048	0	0.103344	0	0.0938645	0	0.0846364	0	0.0756872	0	0.0670466	0	0.0587457	0	0.0508178	0	0.0432982	0	0.0362243	0	0.0296357	0	0.0235744	0	0.0180849	0	0.0132144	0	0.00901287	0	0.00553306	0	0.00283094	0	0.000965722	0	0	
0.189416	0.133035	0.181269	0.122953	0.173041	0.113048	0.16473	0.103344	0.156335	0.0938645	0.147856	0.0846364	0.139292	0.0756872	0.130642	0.0670466	0.121905	0.0587457	0.11308	0.0508178	0.104166	0.0432982	0.0951626	0.0362243	0.0860688	0.0296357	0.0768837	0.0235744	0.0676062	0.0180849	0.0582355	0.0132144	0.0487706	0.00901287	0.0392106	0.00553306	0.0295545	0.00283094	0.0198013	0.000965722	
0	0.133035	0	0.122953	0	0.113048	0	0.103344	0	0.0938645	0	0.0846364	0	0.0756872	0	0.0670466	0	0.0587457	0	0.0508178	0	0.0432982	0	0.0362243	0	0.0296357	0	0.0235744	0	0.0180849	0	0.0132144	0	0.00901287	0	0.00553306	0	0.00283094	0	0.000965722	
0.197481	0.143273	0.189416	0.133035	0.181269	0.122953	0.173041	0.113048	0.16473	0.103344	0.156335	0.0938645	0.147856	0.0846364	0.139292	0.0756872	0.130642	0.0670466	0.121905	0.0587457	0.11308	0.0508178	0.104166	0.0432982	0.0951626	0.0362243	0.0860688	0.0296357	0.0768837	0.0235744	0.0676062	0.0180849	0.0582355	0.0132144	0.0487706	0.00901287	0.0392106	0.00553306	0.0295545	0.00283094	
0	0.143273	0	0.133035	0	0.122953	0	0.113048	0	0.103344	0	0.0938645	0	0.0846364	0	0.0756872	0	0.0670466	0	0.0587457	0	0.0508178	0	0.0432982	0	0.0362243	0	0.0296357	0	0.0235744	0	0.0180849	0	0.0132144	0	0.00901287	0	0.00553306	0	0.00283094	
0.205466	0.153646	0.197481	0.143273	0.189416	0.133035	0.181269	0.122953	0.173041	0.113048	0.16473	0.103344	0.156335	0.0938645	0.147856	0.0846364	0.139292	0.0756872	0.130642	0.0670466	0.121905	0.0587457	0.11308	0.0508178	0.104166	0.0432982	0.0951626	0.0362243	0.0860688	0.0296357	0.0768837	0.0235744	0.0676062	0.0180849	0.0582355	0.0132144	0.0487706	0.00901287	0.0392106	0.00553306	
0	0.153646	0	0.143273	0	0.133035	0	0.122953	0	0.113048	0	0.103344	0	0.0938645	0	0.0846364	0	0.0756872	0	0.0670466	0	0.0587457	0	0.0508178	0	0.0432982	0	0.0362243	0	0.0296357	0	0.0235744	0	0.0180849	0	0.0132144	0	0.00901287	0	0.00553306	
0.213372	0.164135	0.205466	0.153646	0.197481	0.143273	0.189416	0.133035	0.181269	0.122953	0.173041	0.113048	0.16473	0.103344	0.156335	0.0938645	0.147856	0.0846364	0.139292	0.0756872	0.130642	0.0670466	0.121905	0.0587457	0.11308	0.0508178	0.104166	0.0432982	0.0951626	0.0362243	0.0860688	0.0296357	0.0768837	0.0235744	0.0676062	0.0180849	0.0582355	0.0132144	0.0487706	0.00901287	
0	0.164135	0	0.153646	0	0.143273	0	0.133035	0	0.122953	0	0.113048	0	0.103344	0	0.0938645	0	0.0846364	0	0.0756872	0	0.0670466	0	0.0587457	0	0.0508178	0	0.0432982	0	0.0362243	0	0.0296357	0	0.0235744	0	0.0180849	0	0.0132144	0	0.00901287	
0.221199	0.174722	0.213372	0.164135	0.205466	0.153646	0.197481	0.143273	0.189416	0.133035	0.181269	0.122953	0.173041	0.113048	0.16473	0.103344	0.156335	0.0938645	0.147856	0.0846364	0.139292	0.0756872	0.130642	0.0670466	0.121905	0.0587457	0.11308	0.0508178	0.104166	0.0432982	0.0951626	0.0362243	0.0860688	0.0296357	0.0768837	0.0235744	0.0676062	0.0180849	0.0582355	0.0132144	
0	0.174722	0	0.164135	0	0.153646	0	0.143273	0	0.133035	0	0.122953	0	0.113048	0	0.103344	0	0.0938645	0	0.0846364	0	0.0756872	0	0.0670466	0	0.0587457	0	0.0508178	0	0.0432982	0	0.0362243	0	0.0296357	0	0.0235744	0	0.0180849	0	0.0132144	
0.228948	0.185391	0.221199	0.174722	0.213372	0.164135	0.205466	0.153646	0.197481	0.143273	0.189416	0.133035	0.181269	0.122953	0.173041	0.113048	0.16473	0.103344	0.156335	0.0938645	0.147856	0.0846364	0.139292	0.0756872	0.130642	0.0670466	0.121905	0.0587457	0.11308	0.0508178	0.104166	0.0432982	0.0951626	0.0362243	0.0860688	0.0296357	0.0768837	0.0235744	0.0676062	0.0180849	
0	0.185391	0	0.174722	0	0.164135	0	0.153646	0	0.143273	0	0.133035	0	0.122953	0	0.113048	0	0.103344	0	0.0938645	0	0.0846364	0	0.0756872	0	0.0670466	0	0.0587457	0	0.0508178	0	0.0432982	0	0.0362243	0	0.0296357	0	0.0235744	0	0.0180849	
0.236621	0.196125	0.228948	0.185391	0.221199	0.174722	0.213372	0.164135	0.205466	0.153646	0.197481	0.143273	0.189416	0.133035	0.181269	0.122953	0.173041	0.113048	0.16473	0.103344	0.156335	0.0938645	0.147856	0.0846364	0.139292	0.0756872	0.130642	0.0670466	0.121905	0.0587457	0.11308	0.0508178	0.104166	0.0432982	0.0951626	0.0362243	0.0860688	0.0296357	0.0768837	0.0235744	
0	0.196125	0	0.185391	0	0.174722	0	0.164135	0	0.153646	0	0.143273	0	0.133035	0	0.122953	0	0.113048	0	0.103344	0	0.0938645	0	0.0846364	0	0.0756872	0	0.0670466	0	0.0587457	0	0.0508178	0	0.0432982	0	0.0362243	0	0.0296357	0	0.0235744	
0.244216	0.206909	0.236621	0.196125	0.228948	0.185391	0.221199	0.174722	0.213372	0.164135	0.205466	0.153646	0.197481	0.143273	0.189416	0.133035	0.181269	0.122953	0.173041	0.113048	0.16473	0.103344	0.156335	0.0938645	0.147856	0.0846364	0.139292	0.0756872	0.130642	0.0670466	0.121905	0.0587457	0.11308	0.0508178	0.104166	0.0432982	0.0951626	0.0362243	0.0860688	0.0296357	
0	0.206909	0	0.196125	0	0.185391	0	0.174722	0	0.164135	0	0.153646	0	0.143273	0	0.133035	0	0.122953	0	0.113048	0	0.103344	0	0.0938645	0	0.0846364	0	0.0756872	0	0.0670466	0	0.0587457	0	0.0508178	0	0.0432982	0	0.0362243	0	0.0296357	
0.251736	0.21773	0.244216	0.206909	0.236621	0.196125	0.228948	0.185391	0.221199	0.174722	0.213372	0.164135	0.205466	0.153646	0.197481	0.143273	0.189416	0.133035	0.181269	0.122953	0.173041	0.113048	0.16473	0.103344	0.156335	0.0938645	0.147856	0.0846364	0.139292	0.0756872	0.130642	0.0670466	0.121905	0.0587457	0.11308	0.0508178	0.104166	0.0432982	0.0951626	0.0362243	
0	0.21773	0	0.206909	0	0.196125	0	0.185391	0	0.174722	0	0.164135	0	0.153646	0	0.143273	0	0.133035	0	0.122953	0	0.113048	0	0.103344	0	0.0938645	0	0.0846364	0	0.0756872	0	0.0670466	0	0.0587457	0	0.0508178	0	0.0432982	0	0.0362243	
0.259182	0.228576	0.251736	0.21773	0.244216	0.206909	0.236621	0.196125	0.228948	0.185391	0.221199	0.174722	0.213372	0.164135	0.205466	0.153646	0.197481	0.143273	0.189416	0.133035	0.181269	0.122953	0.173041	0.113048	0.16473	0.103344	0.156335	0.0938645	0.147856	0.0846364	0.139292	0.0756872	0.130642	0.0670466	0.121905	0.0587457	0.11308	0.0508178	0.104166	0.0432982	
0	0.228576	0	0.21773	0	0.206909	0	0.196125	0	0.185391	0	0.174722	0	0.164135	0	0.153646	0	0.143273	0	0.133035	0	0.122953	0	0.113048	0	0.103344	0	0.0938645	0	0.0846364	0	0.0756872	0	0.0670466	0	0.0587457	0	0.0508178	0	0.0432982	
0.266553	0.239433	0.259182	0.228576	0.251736	0.21773	0.244216	0.206909	0.236621	0.196125	0.228948	0.185391	0.221199	0.174722	0.213372	0.164135	0.205466	0.153646	0.197481	0.143273	0.189416	0.133035	0.181269	0.122953	0.173041	0.113048	0.16473	0.103344	0.156335	0.0938645	0.147856	0.0846364	0.139292	0.0756872	0.130642	0.0670466	0.121905	0.0587457	0.11308	0.0508178	
0	0.239433	0	0.228576	0	0.21773	0	0.206909	0	0.196125	0	0.185391	0	0.174722	0	0.164135	0	0.153646	0	0.143273	0	0.133035	0	0.122953	0	0.113048	0	0.103344	0	0.0938645	0	0.0846364	0	0.0756872	0	0.0670466	0	0.0587457	0	0.0508178	
0.273851	0.25029	0.266553	0.239433	0.259182	0.228576	0.251736	0.21773	0.244216	0.206909	0.236621	0.196125	0.228948	0.185391	0.221199	0.174722	0.213372	0.164135	0.205466	0.153646	0.197481	0.143273	0.189416	0.133035	0.181269	0.122953	0.173041	0.113048	0.16473	0.103344	0.156335	0.0938645	0.147856	0.0846364	0.139292	0.0756872	0.130642	0.0670466	0.121905	0.0587457	
0	0.25029	0	0.239433	0	0.228576	0	0.21773	0	0.206909	0	0.196125	0	0.185391	0	0.174722	0	0.164135	0	0.153646	0	0.143273	0	0.133035	0	0.122953	0	0.113048	0	0.103344	0	0.0938645	0	0.0846364	0	0.0756872	0	0.0670466	0	0.0587457	
0.281076	0.261137	0.273851	0.25029	0.266553	0.239433	0.259182	0.228576	0.251736	0.21773	0.244216	0.206909	0.236621	0.196125	0.228948	0.185391	0.221199	0.174722	0.213372	0.164135	0.205466	0.153646	0.197481	0.143273	0.189416	0.133035	0.181269	0.122953	0.173041	0.113048	0.16473	0.103344	0.156335	0.0938645	0.147856	0.0846364	0.139292	0.0756872	0.130642	0.0670466	
0	0.261137	0	0.25029	0	0.239433	0	0.228576	0	0.21773	0	0.206909	0	0.196125	0	0.185391	0	0.174722	0	0.164135	0	0.153646	0	0.143273	0	0.133035	0	0.122953	0	0.113048	0	0.103344	0	0.0938645	0	0.0846364	0	0.0756872	0	0.0670466	
0.28823	0.271965	0.281076	0.261137	0.273851	0.25029	0.266553	0.239433	0.259182	0.228576	0.251736	0.21773	0.244216	0.206909	0.236621	0.196125	0.228948	0.185391	0.221199	0.174722	0.213372	0.164135	0.205466	0.153646	0.197481	0.143273	0.189416	0.133035	0.181269	0.122953	0.173041	0.113048	0.16473	0.103344	0.156335	0.0938645	0.147856	0.0846364	0.139292	0.0756872	
0	0.271965	0	0.261137	0	0.25029	0	0.239433	0	0.228576	0	0.21773	0	0.206909	0	0.196125	0	0.185391	0	0.174722	0	0.164135	0	0.153646	0	0.143273	0	0.133035	0	0.122953	0	0.113048	0	0.103344	0	0.0938645	0	0.0846364	0	0.0756872	
0.295312	0.282764	0.28823	0.271965	0.281076	0.261137	0.273851	0.25029	0.266553	0.239433	0.259182	0.228576	0.251736	0.21773	0.244216	0.206909	0.236621	0.196125	0.228948	0.185391	0.221199	0.174722	0.213372	0.164135	0.205466	0.153646	0.197481	0.143273	0.189416	0.133035	0.181269	0.122953	0.173041	0.113048	0.16473	0.103344	0.156335	0.0938645	0.147856	0.0846364	
0	0.282764	0	0.271965	0	0.261137	0	0.25029	0	0.239433	0	0.228576	0	0.21773	0	0.206909	0	0.196125	0	0.185391	0	0.174722	0	0.164135	0	0.153646	0	0.143273	0	0.133035	0	0.122953	0	0.113048	0	0.103344	0	0.0938645	0	0.0846364	
0.302324	0.293525	0.295312	0.282764	0.28823	0.271965	0.281076	0.261137	0.273851	0.25029	0.266553	0.239433	0.259182	0.228576	0.251736	0.21773	0.244216	0.206909	0.236621	0.196125	0.228948	0.185391	0.221199	0.174722	0.213372	0.164135	0.205466	0.153646	0.197481	0.143273	0.189416	0.133035	0.181269	0.122953	0.173041	0.113048	0.16473	0.103344	0.156335	0.0938645	
0	0.293525	0	0.282764	0	0.271965	0	0.261137	0	0.25029	0	0.239433	0	0.228576	0	0.21773	0	0.206909	0	0.196125	0	0.185391	0	0.174722	0	0.164135	0	0.153646	0	0.143273	0	0.133035	0	0.122953	0	0.113048	0	0.103344	0	0.0938645	
0.309266	0.304241	0.302324	0.293525	0.295312	0.282764	0.28823	0.271965	0.281076	0.261137	0.273851	0.25029	0.266553	0.239433	0.259182	0.228576	0.251736	0.21773	0.244216	0.206909	0.236621	0.196125	0.228948	0.185391	0.221199	0.174722	0.213372	0.164135	0.205466	0.153646	0.197481	0.143273	0.189416	0.133035	0.181269	0.122953	0.173041	0.113048	0.16473	0.103344	
0	0.304241	0	0.293525	0	0.282764	0	0.271965	0	0.261137	0	0.25029	0	0.239433	0	0.228576	0	0.21773	0	0.206909	0	0.196125	0	0.185391	0	0.174722	0	0.164135	0	0.153646	0	0.143273	0	0.133035	0	0.122953	0	0.113048	0	0.103344	
0.316139	0.314904	0.309266	0.304241	0.302324	0.293525	0.295312	0.282764	0.28823	0.271965	0.281076	0.261137	0.273851	0.25029	0.266553	0.239433	0.259182	0.228576	0.251736	0.21773	0.244216	0.206909	0.236621	0.196125	0.228948	0.185391	0.221199	0.174722	0.213372	0.164135	0.205466	0.153646	0.197481	0.143273	0.189416	0.133035	0.181269	0.122953	0.173041	0.113048	
0	0.314904	0	0.304241	0	0.293525	0	0.282764	0	0.271965	0	0.261137	0	0.25029	0	0.239433	0	0.228576	0	0.21773	0	0.206909	0	0.196125	0	0.185391	0	0.174722	0	0.164135	0	0.153646	0	0.143273	0	0.133035	0	0.122953	0	0.113048	
0.322943	0.325509	0.316139	0.314904	0.309266	0.304241	0.302324	0.293525	0.295312	0.282764	0.28823	0.271965	0.281076	0.261137	0.273851	0.25029	0.266553	0.239433	0.259182	0.228576	0.251736	0.21773	0.244216	0.206909	0.236621	0.196125	0.228948	0.185391	0.221199	0.174722	0.213372	0.164135	0.205466	0.153646	0.197481	0.143273	0.189416	0.133035	0.181269	0.122953	
0	0.325509	0	0.314904	0	0.304241	0	0.293525	0	0.282764	0	0.271965	0	0.261137	0	0.25029	0	0.239433	0	0.228576	0	0.21773	0	0.206909	0	0.196125	0	0.185391	0	0.174722	0	0.164135	0	0.153646	0	0.143273	0	0.133035	0	0.122953	
0.32968	0.336047	0.322943	0.325509	0.316139	0.314904	0.309266	0.304241	0.302324	0.293525	0.295312	0.282764	0.28823	0.271965	0.281076	0.261137	0.273851	0.25029	0.266553	0.239433	0.259182	0.228576	0.251736	0.21773	0.244216	0.206909	0.236621	0.196125	0.228948	0.185391	0.221199	0.174722	0.213372	0.164135	0.205466	0.153646	0.197481	0.143273	0.189416	0.133035	
0	0.336047	0	0.325509	0	0.314904	0	0.304241	0	0.293525	0	0.282764	0	0.271965	0	0.261137	0	0.25029	0	0.239433	0	0.228576	0	0.21773	0	0.206909	0	0.196125	0	0.185391	0	0.174722	0	0.164135	0	0.153646	0	0.143273	0	0.133035	
0.33635	0.346515	0.32968	0.336047	0.322943	0.325509	0.316139	0.314904	0.309266	0.304241	0.302324	0.293525	0.295312	0.282764	0.28823	0.271965	0.281076	0.261137	0.273851	0.25029	0.266553	0.239433	0.259182	0.228576	0.251736	0.21773	0.244216	0.206909	0.236621	0.196125	0.228948	0.185391	0.221199	0.174722	0.213372	0.164135	0.205466	0.153646	0.197481	0.143273	
0	0.346515	0	0.336047	0	0.325509	0	0.314904	0	0.304241	0	0.293525	0	0.282764	0	0.271965	0	0.261137	0	0.25029	0	0.239433	0	0.228576	0	0.21773	0	0.206909	0	0.196125	0	0.185391	0	0.174722	0	0.164135	0	0.153646	0	0.143273	
0.342953	0.356905	0.33635	0.346515	0.32968	0.336047	0.322943	0.325509	0.316139	0.314904	0.309266	0.304241	0.302324	0.293525	0.295312	0.282764	0.28823	0.271965	0.281076	0.261137	0.273851	0.25029	0.266553	0.239433	0.259182	0.228576	0.251736	0.21773	0.244216	0.206909	0.236621	0.196125	0.228948	0.185391	0.221199	0.174722	0.213372	0.164135	0.205466	0.153646	
0	0.356905	0	0.346515	0	0.336047	0	0.325509	0	0.314904	0	0.304241	0	0.293525	0	0.282764	0	0.271965	0	0.261137	0	0.25029	0	0.239433	0	0.228576	0	0.21773	0	0.206909	0	0.196125	0	0.185391	0	0.174722	0	0.164135	0	0.153646	
0.349491	0.367215	0.342953	0.356905	0.33635	0.346515	0.32968	0.336047	0.322943	0.325509	0.316139	0.314904	0.309266	0.304241	0.302324	0.293525	0.295312	0.282764	0.28823	0.271965	0.281076	0.261137	0.273851	0.25029	0.266553	0.239433	0.259182	0.228576	0.251736	0.21773	0.244216	0.206909	0.236621	0.196125	0.228948	0.185391	0.221199	0.174722	0.213372	0.164135	
0	0.367215	0	0.356905	0	0.346515	0	0.336047	0	0.325509	0	0.314904	0	0.304241	0	0.293525	0	0.282764	0	0.271965	0	0.261137	0	0.25029	0	0.239433	0	0.228576	0	0.21773	0	0.206909	0	0.196125	0	0.185391	0	0.174722	0	0.164135	
0.355964	0.377438	0.349491	0.367215	0.342953	0.356905	0.33635	0.346515	0.32968	0.336047	0.322943	0.325509	0.316139	0.314904	0.309266	0.304241	0.302324	0.293525	0.295312	0.282764	0.28823	0.271965	0.281076	0.261137	0.273851	0.25029	0.266553	0.239433	0.259182	0.228576	0.251736	0.21773	0.244216	0.206909	0.236621	0.196125	0.228948	0.185391	0.221199	0.174722	
0	0.377438	0	0.367215	0	0.356905	0	0.346515	0	0.336047	0	0.325509	0	0.314904	0	0.304241	0	0.293525	0	0.282764	0	0.271965	0	0.261137	0	0.25029	0	0.239433	0	0.228576	0	0.21773	0	0.206909	0	0.196125	0	0.185391	0	0.174722	
0.362372	0.387572	0.355964	0.377438	0.349491	0.367215	0.342953	0.356905	0.33635	0.346515	0.32968	0.336047	0.322943	0.325509	0.316139	0.314904	0.309266	0.304241	0.302324	0.293525	0.295312	0.282764	0.28823	0.271965	0.281076	0.261137	0.273851	0.25029	0.266553	0.239433	0.259182	0.228576	0.251736	0.21773	0.244216	0.206909	0.236621	0.196125	0.228948	0.185391	
0	0.387572	0	0.377438	0	0.367215	0	0.356905	0	0.346515	0	0.336047	0	0.325509	0	0.314904	0	0.304241	0	0.293525	0	0.282764	0	0.271965	0	0.261137	0	0.25029	0	0.239433	0	0.228576	0	0.21773	0	0.206909	0	0.196125	0	0.185391	
0.368716	0.397611	0.362372	0.387572	0.355964	0.377438	0.349491	0.367215	0.342953	0.356905	0.33635	0.346515	0.32968	0.336047	0.322943	0.325509	0.316139	0.314904	0.309266	0.304241	0.302324	0.293525	0.295312	0.282764	0.28823	0.271965	0.281076	0.261137	0.273851	0.25029	0.266553	0.239433	0.259182	0.228576	0.251736	0.21773	0.244216	0.206909	0.236621	0.196125	
0	0.397611	0	0.387572	0	0.377438	0	0.367215	0	0.356905	0	0.346515	0	0.336047	0	0.325509	0	0.314904	0	0.304241	0	0.293525	0	0.282764	0	0.271965	0	0.261137	0	0.25029	0	0.239433	0	0.228576	0	0.21773	0	0.206909	0	0.196125	
0.374998	0.407554	0.368716	0.397611	0.362372	0.387572	0.355964	0.377438	0.349491	0.367215	0.342953	0.356905	0.33635	0.346515	0.32968	0.336047	0.322943	0.325509	0.316139	0.314904	0.309266	0.304241	0.302324	0.293525	0.295312	0.282764	0.28823	0.271965	0.281076	0.261137	0.273851	0.25029	0.266553	0.239433	0.259182	0.228576	0.251736	0.21773	0.244216	0.206909	
0	0.407554	0	0.397611	0	0.387572	0	0.377438	0	0.367215	0	0.356905	0	0.346515	0	0.336047	0	0.325509	0	0.314904	0	0.304241	0	0.293525	0	0.282764	0	0.271965	0	0.261137	0	0.25029	0	0.239433	0	0.228576	0	0.21773	0	0.206909	
0.381217	0.417397	0.374998	0.407554	0.368716	0.397611	0.362372	0.387572	0.355964	0.377438	0.349491	0.367215	0.342953	0.356905	0.33635	0.346515	0.32968	0.336047	0.322943	0.325509	0.316139	0.314904	0.309266	0.304241	0.302324	0.293525	0.295312	0.282764	0.28823	0.271965	0.281076	0.261137	0.273851	0.25029	0.266553	0.239433	0.259182	0.228576	0.251736	0.21773	
0	0.417397	0	0.407554	0	0.397611	0	0.387572	0	0.377438	0	0.367215	0	0.356905	0	0.346515	0	0.336047	0	0.325509	0	0.314904	0	0.304241	0	0.293525	0	0.282764	0	0.271965	0	0.261137	0	0.25029	0	0.239433	0	0.228576	0	0.21773	
0.387374	0.427137	0.381217	0.417397	0.374998	0.407554	0.368716	0.397611	0.362372	0.387572	0.355964	0.377438	0.349491	0.367215	0.342953	0.356905	0.33635	0.346515	0.32968	0.336047	0.322943	0.325509	0.316139	0.314904	0.309266	0.304241	0.302324	0.293525	0.295312	0.282764	0.28823	0.271965	0.281076	0.261137	0.273851	0.25029	0.266553	0.239433	0.259182	0.228576	
0	0.427137	0	0.417397	0	0.407554	0	0.397611	0	0.387572	0	0.377438	0	0.367215	0	0.356905	0	0.346515	0	0.336047	0	0.325509	0	0.314904	0	0.304241	0	0.293525	0	0.282764	0	0.271965	0	0.261137	0	0.25029	0	0.239433	0	0.228576	
0.393469	0.436772	0.387374	0.427137	0.381217	0.417397	0.374998	0.407554	0.368716	0.397611	0.362372	0.387572	0.355964	0.377438	0.349491	0.367215	0.342953	0.356905	0.33635	0.346515	0.32968	0.336047	0.322943	0.325509	0.316139	0.314904	0.309266	0.304241	0.302324	0.293525	0.295312	0.282764	0.28823	0.271965	0.281076	0.261137	0.273851	0.25029	0.266553	0.239433	
0	0.436772	0	0.427137	0	0.417397	0	0.407554	0	0.397611	0	0.387572	0	0.377438	0	0.367215	0	0.356905	0	0.346515	0	0.336047	0	0.325509	0	0.314904	0	0.304241	0	0.293525	0	0.282764	0	0.271965	0	0.261137	0	0.25029	0	0.239433	
0.399504	0.446299	0.393469	0.436772	0.387374	0.427137	0.381217	0.417397	0.374998	0.407554	0.368716	0.397611	0.362372	0.387572	0.355964	0.377438	0.349491	0.367215	0.342953	0.356905	0.33635	0.346515	0.32968	0.336047	0.322943	0.325509	0.316139	0.314904	0.309266	0.304241	0.302324	0.293525	0.295312	0.282764	0.28823	0.271965	0.281076	0.261137	0.273851	0.25029	
0	0.446299	0	0.436772	0	0.427137	0	0.417397	0	0.407554	0	0.397611	0	0.387572	0	0.377438	0	0.367215	0	0.356905	0	0.346515	0	0.336047	0	0.325509	0	0.314904	0	0.304241	0	0.293525	0	0.282764	0	0.271965	0	0.261137	0	0.25029	
0.405479	0.455717	0.399504	0.446299	0.393469	0.436772	0.387374	0.427137	0.381217	0.417397	0.374998	0.407554	0.368716	0.397611	0.362372	0.387572	0.355964	0.377438	0.349491	0.367215	0.342953	0.356905	0.33635	0.346515	0.32968	0.336047	0.322943	0.325509	0.316139	0.314904	0.309266	0.304241	0.302324	0.293525	0.295312	0.282764	0.28823	0.271965	0.281076	0.261137	
0	0.455717	0	0.446299	0	0.436772	0	0.427137	0	0.417397	0	0.407554	0	0.397611	0	0.387572	0	0.377438	0	0.367215	0	0.356905	0	0.346515	0	0.336047	0	0.325509	0	0.314904	0	0.304241	0	0.293525	0	0.282764	0	0.271965	0	0.261137	
0.411395	0.465024	0.405479	0.455717	0.399504	0.446299	0.393469	0.436772	0.387374	0.427137	0.381217	0.417397	0.374998	0.407554	0.368716	0.397611	0.362372	0.387572	0.355964	0.377438	0.349491	0.367215	0.342953	0.356905	0.33635	0.346515	0.32968	0.336047	0.322943	0.325509	0.316139	0.314904	0.309266	0.304241	0.302324	0.293525	0.295312	0.282764	0.28823	0.271965	
0	0.465024	0	0.455717	0	0.446299	0	0.436772	0	0.427137	0	0.417397	0	0.407554	0	0.397611	0	0.387572	0	0.377438	0	0.367215	0	0.356905	0	0.346515	0	0.336047	0	0.325509	0	0.314904	0	0.304241	0	0.293525	0	0.282764	0	0.271965	
0.417252	0.474218	0.411395	0.465024	0.405479	0.455717	0.399504	0.446299	0.393469	0.436772	0.387374	0.427137	0.381217	0.417397	0.374998	0.407554	0.368716	0.397611	0.362372	0.387572	0.355964	0.377438	0.349491	0.367215	0.342953	0.356905	0.33635	0.346515	0.32968	0.336047	0.322943	0.325509	0.316139	0.314904	0.309266	0.304241	0.302324	0.293525	0.295312	0.282764	
0	0.474218	0	0.465024	0	0.455717	0	0.446299	0	0.436772	0	0.427137	0	0.417397	0	0.407554	0	0.397611	0	0.387572	0	0.377438	0	0.367215	0	0.356905	0	0.346515	0	0.336047	0	0.325509	0	0.314904	0	0.304241	0	0.293525	0	0.282764	
0.42305	0.483298	0.417252	0.474218	0.411395	0.465024	0.405479	0.455717	0.399504	0.446299	0.393469	0.436772	0.387374	0.427137	0.381217	0.417397	0.374998	0.407554	0.368716	0.397611	0.362372	0.387572	0.355964	0.377438	0.349491	0.367215	0.342953	0.356905	0.33635	0.346515	0.32968	0.336047	0.322943	0.325509	0.316139	0.314904	0.309266	0.304241	0.302324	0.293525	
0	0.483298	0	0.474218	0	0.465024	0	0.455717	0	0.446299	0	0.436772	0	0.427137	0	0.417397	0	0.407554	0	0.397611	0	0.387572	0	0.377438	0	0.367215	0	0.356905	0	0.346515	0	0.336047	0	0.325509	0	0.314904	0	0.304241	0	0.293525	
0.428791	0.492264	0.42305	0.483298	0.417252	0.474218	0.411395	0.465024	0.405479	0.455717	0.399504	0.446299	0.393469	0.436772	0.387374	0.427137	0.381217	0.417397	0.374998	0.407554	0.368716	0.397611	0.362372	0.387572	0.355964	0.377438	0.349491	0.367215	0.342953	0.356905	0.33635	0.346515	0.32968	0.336047	0.322943	0.325509	0.316139	0.314904	0.309266	0.304241	
0	0.492264	0	0.483298	0	0.474218	0	0.465024	0	0.455717	0	0.446299	0	0.436772	0	0.427137	0	0.417397	0	0.407554	0	0.397611	0	0.387572	0	0.377438	0	0.367215	0	0.356905	0	0.346515	0	0.336047	0	0.325509	0	0.314904	0	0.304241	
0.434475	0.501114	0.428791	0.492264	0.42305	0.483298	0.417252	0.474218	0.411395	0.465024	0.405479	0.455717	0.399504	0.446299	0.393469	0.436772	0.387374	0.427137	0.381217	0.417397	0.374998	0.407554	0.368716	0.397611	0.362372	0.387572	0.355964	0.377438	0.349491	0.367215	0.342953	0.356905	0.33635	0.346515	0.32968	0.336047	0.322943	0.325509	0.316139	0.314904	
0	0.501114	0	0.492264	0	0.483298	0	0.474218	0	0.465024	0	0.455717	0	0.446299	0	0.436772	0	0.427137	0	0.417397	0	0.407554	0	0.397611	0	0.387572	0	0.377438	0	0.367215	0	0.356905	0	0.346515	0	0.336047	0	0.325509	0	0.314904	
0.440102	0.509847	0.434475	0.501114	0.428791	0.492264	0.42305	0.483298	0.417252	0.474218	0.411395	0.465024	0.405479	0.455717	0.399504	0.446299	0.393469	0.436772	0.387374	0.427137	0.381217	0.417397	0.374998	0.407554	0.368716	0.397611	0.362372	0.387572	0.355964	0.377438	0.349491	0.367215	0.342953	0.356905	0.33635	0.346515	0.32968	0.336047	0.322943	0.325509	
0	0.509847	0	0.501114	0	0.492264	0	0.483298	0	0.474218	0	0.465024	0	0.455717	0	0.446299	0	0.436772	0	0.427137	0	0.417397	0	0.407554	0	0.397611	0	0.387572	0	0.377438	0	0.367215	0	0.356905	0	0.346515	0	0.336047	0	0.325509	
0.445673	0.518463	0.440102	0.509847	0.434475	0.501114	0.428791	0.492264	0.42305	0.483298	0.417252	0.474218	0.411395	0.465024	0.405479	0.455717	0.399504	0.446299	0.393469	0.436772	0.387374	0.427137	0.381217	0.417397	0.374998	0.407554	0.368716	0.397611	0.362372	0.387572	0.355964	0.377438	0.349491	0.367215	0.342953	0.356905	0.33635	0.346515	0.32968	0.336047	
0	0.518463	0	0.509847	0	0.501114	0	0.492264	0	0.483298	0	0.474218	0	0.465024	0	0.455717	0	0.446299	0	0.436772	0	0.427137	0	0.417397	0	0.407554	0	0.397611	0	0.387572	0	0.377438	0	0.367215	0	0.356905	0	0.346515	0	0.336047	
0.451188	0.526962	0.445673	0.518463	0.440102	0.509847	0.434475	0.501114	0.428791	0.492264	0.42305	0.483298	0.417252	0.474218	0.411395	0.465024	0.405479	0.455717	0.399504	0.446299	0.393469	0.436772	0.387374	0.427137	0.381217	0.417397	0.374998	0.407554	0.368716	0.397611	0.362372	0.387572	0.355964	0.377438	0.349491	0.367215	0.342953	0.356905	0.33635	0.346515	
0	0.526962	0	0.518463	0	0.509847	0	0.501114	0	0.492264	0	0.483298	0	0.474218	0	0.465024	0	0.455717	0	0.446299	0	0.436772	0	0.427137	0	0.417397	0	0.407554	0	0.397611	0	0.387572	0	0.377438	0	0.367215	0	0.356905	0	0.346515	
0.456649	0.535343	0.451188	0.526962	0.445673	0.518463	0.440102	0.509847	0.434475	0.501114	0.428791	0.492264	0.42305	0.483298	0.417252	0.474218	0.411395	0.465024	0.405479	0.455717	0.399504	0.446299	0.393469	0.436772	0.387374	0.427137	0.381217	0.417397	0.374998	0.407554	0.368716	0.397611	0.362372	0.387572	0.355964	0.377438	0.349491	0.367215	0.342953	0.356905	
0	0.535343	0	0.526962	0	0.518463	0	0.509847	0	0.501114	0	0.492264	0	0.483298	0	0.474218	0	0.465024	0	0.455717	0	0.446299	0	0.436772	0	0.427137	0	0.417397	0	0.407554	0	0.397611	0	0.387572	0	0.377438	0	0.367215	0	0.356905	
0.462056	0.543606	0.456649	0.535343	0.451188	0.526962	0.445673	0.518463	0.440102	0.509847	0.434475	0.501114	0.428791	0.492264	0.42305	0.483298	0.417252	0.474218	0.411395	0.465024	0.405479	0.455717	0.399504	0.446299	0.393469	0.436772	0.387374	0.427137	0.381217	0.417397	0.374998	0.407554	0.368716	0.397611	0.362372	0.387572	0.355964	0.377438	0.349491	0.367215	
0	0.543606	0	0.535343	0	0.526962	0	0.518463	0	0.509847	0	0.501114	0	0.492264	0	0.483298	0	0.474218	0	0.465024	0	0.455717	0	0.446299	0	0.436772	0	0.427137	0	0.417397	0	0.407554	0	0.397611	0	0.387572	0	0.377438	0	0.367215	
0.467408	0.551751	0.462056	0.543606	0.456649	0.535343	0.451188	0.526962	0.445673	0.518463	0.440102	0.509847	0.434475	0.501114	0.428791	0.492264	0.42305	0.483298	0.417252	0.474218	0.411395	0.465024	0.405479	0.455717	0.399504	0.446299	0.393469	0.436772	0.387374	0.427137	0.381217	0.417397	0.374998	0.407554	0.368716	0.397611	0.362372	0.387572	0.355964	0.377438	
0	0.551751	0	0.543606	0	0.535343	0	0.526962	0	0.518463	0	0.509847	0	0.501114	0	0.492264	0	0.483298	0	0.474218	0	0.465024	0	0.455717	0	0.446299	0	0.436772	0	0.427137	0	0.417397	0	0.407554	0	0.397611	0	0.387572	0	0.377438	
0.472708	0.559778	0.467408	0.551751	0.462056	0.543606	0.456649	0.535343	0.451188	0.526962	0.445673	0.518463	0.440102	0.509847	0.434475	0.501114	0.428791	0.492264	0.42305	0.483298	0.417252	0.474218	0.411395	0.465024	0.405479	0.455717	0.399504	0.446299	0.393469	0.436772	0.387374	0.427137	0.381217	0.417397	0.374998	0.407554	0.368716	0.397611	0.362372	0.387572	
0	0.559778	0	0.551751	0	0.543606	0	0.535343	0	0.526962	0	0.518463	0	0.509847	0	0.501114	0	0.492264	0	0.483298	0	0.474218	0	0.465024	0	0.455717	0	0.446299	0	0.436772	0	0.427137	0	0.417397	0	0.407554	0	0.397611	0	0.387572	
0.477954	0.567688	0.472708	0.559778	0.467408	0.551751	0.462056	0.543606	0.456649	0.535343	0.451188	0.526962	0.445673	0.518463	0.440102	0.509847	0.434475	0.501114	0.428791	0.492264	0.42305	0.483298	0.417252	0.474218	0.411395	0.465024	0.405479	0.455717	0.399504	0.446299	0.393469	0.436772	0.387374	0.427137	0.381217	0.417397	0.374998	0.407554	0.368716	0.397611	
0	0.567688	0	0.559778	0	0.551751	0	0.543606	0	0.535343	0	0.526962	0	0.518463	0	0.509847	0	0.501114	0	0.492264	0	0.483298	0	0.474218	0	0.465024	0	0.455717	0	0.446299	0	0.436772	0	0.427137	0	0.417397	0	0.407554	0	0.397611	
0.483149	0.575481	0.477954	0.567688	0.472708	0.559778	0.467408	0.551751	0.462056	0.543606	0.456649	0.535343	0.451188	0.526962	0.445673	0.518463	0.440102	0.509847	0.434475	0.501114	0.428791	0.492264	0.42305	0.483298	0.417252	0.474218	0.411395	0.465024	0.405479	0.455717	0.399504	0.446299	0.393469	0.436772	0.387374	0.427137	0.381217	0.417397	0.374998	0.407554	
0	0.575481	0	0.567688	0	0.559778	0	0.551751	0	0.543606	0	0.535343	0	0.526962	0	0.518463	0	0.509847	0	0.501114	0	0.492264	0	0.483298	0	0.474218	0	0.465024	0	0.455717	0	0.446299	0	0.436772	0	0.427137	0	0.417397	0	0.407554	
0.488291	0.583156	0.483149	0.575481	0.477954	0.567688	0.472708	0.559778	0.467408	0.551751	0.462056	0.543606	0.456649	0.535343	0.451188	0.526962	0.445673	0.518463	0.440102	0.509847	0.434475	0.501114	0.428791	0.492264	0.42305	0.483298	0.417252	0.474218	0.411395	0.465024	0.405479	0.455717	0.399504	0.446299	0.393469	0.436772	0.387374	0.427137	0.381217	0.417397	
0	0.583156	0	0.575481	0	0.567688	0	0.559778	0	0.551751	0	0.543606	0	0.535343	0	0.526962	0	0.518463	0	0.509847	0	0.501114	0	0.492264	0	0.483298	0	0.474218	0	0.465024	0	0.455717	0	0.446299	0	0.436772	0	0.427137	0	0.417397	
0.493383	0.590716	0.488291	0.583156	0.483149	0.575481	0.477954	0.567688	0.472708	0.559778	0.467408	0.551751	0.462056	0.543606	0.456649	0.535343	0.451188	0.526962	0.445673	0.518463	0.440102	0.509847	0.434475	0.501114	0.428791	0.492264	0.42305	0.483298	0.417252	0.474218	0.411395	0.465024	0.405479	0.455717	0.399504	0.446299	0.393469	0.436772	0.387374	0.427137	
0	0.590716	0	0.583156	0	0.575481	0	0.567688	0	0.559778	0	0.551751	0	0.543606	0	0.535343	0	0.526962	0	0.518463	0	0.509847	0	0.501114	0	0.492264	0	0.483298	0	0.474218	0	0.465024	0	0.455717	0	0.446299	0	0.436772	0	0.427137	
0.498424	0.598159	0.493383	0.590716	0.488291	0.583156	0.483149	0.575481	0.477954	0.567688	0.472708	0.559778	0.467408	0.551751	0.462056	0.543606	0.456649	0.535343	0.451188	0.526962	0.445673	0.518463	0.440102	0.509847	0.434475	0.501114	0.428791	0.492264	0.42305	0.483298	0.417252	0.474218	0.411395	0.465024	0.405479	0.455717	0.399504	0.446299	0.393469	0.436772	
0	0.598159	0	0.590716	0	0.583156	0	0.575481	0	0.567688	0	0.559778	0	0.551751	0	0.543606	0	0.535343	0	0.526962	0	0.518463	0	0.509847	0	0.501114	0	0.492264	0	0.483298	0	0.474218	0	0.465024	0	0.455717	0	0.446299	0	0.436772	
0.503415	0.605488	0.498424	0.598159	0.493383	0.590716	0.488291	0.583156	0.483149	0.575481	0.477954	0.567688	0.472708	0.559778	0.467408	0.551751	0.462056	0.543606	0.456649	0.535343	0.451188	0.526962	0.445673	0.518463	0.440102	0.509847	0.434475	0.501114	0.428791	0.492264	0.42305	0.483298	0.417252	0.474218	0.411395	0.465024	0.405479	0.455717	0.399504	0.446299	
0	0.605488	0	0.598159	0	0.590716	0	0.583156	0	0.575481	0	0.567688	0	0.559778	0	0.551751	0	0.543606	0	0.535343	0	0.526962	0	0.518463	0	0.509847	0	0.501114	0	0.492264	0	0.483298	0	0.474218	0	0.465024	0	0.455717	0	0.446299	
0.508356	0.612702	0.503415	0.605488	0.498424	0.598159	0.493383	0.590716	0.488291	0.583156	0.483149	0.575481	0.477954	0.567688	0.472708	0.559778	0.467408	0.551751	0.462056	0.543606	0.456649	0.535343	0.451188	0.526962	0.445673	0.518463	0.440102	0.509847	0.434475	0.501114	0.428791	0.492264	0.42305	0.483298	0.417252	0.474218	0.411395	0.465024	0.405479	0.455717	
0	0.612702	0	0.605488	0	0.598159	0	0.590716	0	0.583156	0	0.575481	0	0.567688	0	0.559778	0	0.551751	0	0.543606	0	0.535343	0	0.526962	0	0.518463	0	0.509847	0	0.501114	0	0.492264	0	0.483298	0	0.474218	0	0.465024	0	0.455717	
0.513248	0.619802	0.508356	0.612702	0.503415	0.605488	0.498424	0.598159	0.493383	0.590716	0.488291	0.583156	0.483149	0.575481	0.477954	0.567688	0.472708	0.559778	0.467408	0.551751	0.462056	0.543606	0.456649	0.535343	0.451188	0.526962	0.445673	0.518463	0.440102	0.509847	0.434475	0.501114	0.428791	0.492264	0.42305	0.483298	0.417252	0.474218	0.411395	0.465024	
0	0.619802	0	0.612702	0	0.605488	0	0.598159	0	0.590716	0	0.583156	0	0.575481	0	0.567688	0	0.559778	0	0.551751	0	0.543606	0	0.535343	0	0.526962	0	0.518463	0	0.509847	0	0.501114	0	0.492264	0	0.483298	0	0.474218	0	0.465024	
0.518091	0.626789	0.513248	0.619802	0.508356	0.612702	0.503415	0.605488	0.498424	0.598159	0.493383	0.590716	0.488291	0.583156	0.483149	0.575481	0.477954	0.567688	0.472708	0.559778	0.467408	0.551751	0.462056	0.543606	0.456649	0.535343	0.451188	0.526962	0.445673	0.518463	0.440102	0.509847	0.434475	0.501114	0.428791	0.492264	0.42305	0.483298	0.417252	0.474218	
0	0.626789	0	0.619802	0	0.612702	0	0.605488	0	0.598159	0	0.590716	0	0.583156	0	0.575481	0	0.567688	0	0.559778	0	0.551751	0	0.543606	0	0.535343	0	0.526962	0	0.518463	0	0.509847	0	0.501114	0	0.492264	0	0.483298	0	0.474218	
0.522886	0.633665	0.518091	0.626789	0.513248	0.619802	0.508356	0.612702	0.503415	0.605488	0.498424	0.598159	0.493383	0.590716	0.488291	0.583156	0.483149	0.575481	0.477954	0.567688	0.472708	0.559778	0.467408	0.551751	0.462056	0.543606	0.456649	0.535343	0.451188	0.526962	0.445673	0.518463	0.440102	0.509847	0.434475	0.501114	0.428791	0.492264	0.42305	0.483298	
0	0.633665	0	0.626789	0	0.619802	0	0.612702	0	0.605488	0	0.598159	0	0.590716	0	0.583156	0	0.575481	0	0.567688	0	0.559778	0	0.551751	0	0.543606	0	0.535343	0	0.526962	0	0.518463	0	0.509847	0	0.501114	0	0.492264	0	0.483298	
0.527633	0.640429	0.522886	0.633665	0.518091	0.626789	0.513248	0.619802	0.508356	0.612702	0.503415	0.605488	0.498424	0.598159	0.493383	0.590716	0.488291	0.583156	0.483149	0.575481	0.477954	0.567688	0.472708	0.559778	0.467408	0.551751	0.462056	0.543606	0.456649	0.535343	0.451188	0.526962	0.445673	0.518463	0.440102	0.509847	0.434475	0.501114	0.428791	0.492264	
0	0.640429	0	0.633665	0	0.626789	0	0.619802	0	0.612702	0	0.605488	0	0.598159	0	0.590716	0	0.583156	0	0.575481	0	0.567688	0	0.559778	0	0.551751	0	0.543606	0	0.535343	0	0.526962	0	0.518463	0	0.509847	0	0.501114	0	0.492264	
0.532334	0.647083	0.527633	0.640429	0.522886	0.633665	0.518091	0.626789	0.513248	0.619802	0.508356	0.612702	0.503415	0.605488	0.498424	0.598159	0.493383	0.590716	0.488291	0.583156	0.483149	0.575481	0.477954	0.567688	0.472708	0.559778	0.467408	0.551751	0.462056	0.543606	0.456649	0.535343	0.451188	0.526962	0.445673	0.518463	0.440102	0.509847	0.434475	0.501114	
0	0.647083	0	0.640429	0	0.633665	0	0.626789	0	0.619802	0	0.612702	0	0.605488	0	0.598159	0	0.590716	0	0.583156	0	0.575481	0	0.567688	0	0.559778	0	0.551751	0	0.543606	0	0.535343	0	0.526962	0	0.518463	0	0.509847	0	0.501114	
0.536987	0.653628	0.532334	0.647083	0.527633	0.640429	0.522886	0.633665	0.518091	0.626789	0.513248	0.619802	0.508356	0.612702	0.503415	0.605488	0.498424	0.598159	0.493383	0.590716	0.488291	0.583156	0.483149	0.575481	0.477954	0.567688	0.472708	0.559778	0.467408	0.551751	0.462056	0.543606	0.456649	0.535343	0.451188	0.526962	0.445673	0.518463	0.440102	0.509847	
0	0.653628	0	0.647083	0	0.640429	0	0.633665	0	0.626789	0	0.619802	0	0.612702	0	0.605488	0	0.598159	0	0.590716	0	0.583156	0	0.575481	0	0.567688	0	0.559778	0	0.551751	0	0.543606	0	0.535343	0	0.526962	0	0.518463	0	0.509847	
0.541594	0.660066	0.536987	0.653628	0.532334	0.647083	0.527633	0.640429	0.522886	0.633665	0.518091	0.626789	0.513248	0.619802	0.508356	0.612702	0.503415	0.605488	0.498424	0.598159	0.493383	0.590716	0.488291	0.583156	0.483149	0.575481	0.477954	0.567688	0.472708	0.559778	0.467408	0.551751	0.462056	0.543606	0.456649	0.535343	0.451188	0.526962	0.445673	0.518463	
0	0.660066	0	0.653628	0	0.647083	0	0.640429	0	0.633665	0	0.626789	0	0.619802	0	0.612702	0	0.605488	0	0.598159	0	0.590716	0	0.583156	0	0.575481	0	0.567688	0	0.559778	0	0.551751	0	0.543606	0	0.535343	0	0.526962	0	0.518463	
0.546155	0.666396	0.541594	0.660066	0.536987	0.653628	0.532334	0.647083	0.527633	0.640429	0.522886	0.633665	0.518091	0.626789	0.513248	0.619802	0.508356	0.612702	0.503415	0.605488	0.498424	0.598159	0.493383	0.590716	0.488291	0.583156	0.483149	0.575481	0.477954	0.567688	0.472708	0.559778	0.467408	0.551751	0.462056	0.543606	0.456649	0.535343	0.451188	0.526962	
0	0.666396	0	0.660066	0	0.653628	0	0.647083	0	0.640429	0	0.633665	0	0.626789	0	0.619802	0	0.612702	0	0.605488	0	0.598159	0	0.590716	0	0.583156	0	0.575481	0	0.567688	0	0.559778	0	0.551751	0	0.543606	0	0.535343	0	0.526962	
0.550671	0.672621	0.546155	0.666396	0.541594	0.660066	0.536987	0.653628	0.532334	0.647083	0.527633	0.640429	0.522886	0.633665	0.518091	0.626789	0.513248	0.619802	0.508356	0.612702	0.503415	0.605488	0.498424	0.598159	0.493383	0.590716	0.488291	0.583156	0.483149	0.575481	0.477954	0.567688	0.472708	0.559778	0.467408	0.551751	0.462056	0.543606	0.456649	0.535343	
0	0.672621	0	0.666396	0	0.660066	0	0.653628	0	0.647083	0	0.640429	0	0.633665	0	0.626789	0	0.619802	0	0.612702	0	0.605488	0	0.598159	0	0.590716	0	0.583156	0	0.575481	0	0.567688	0	0.559778	0	0.551751	0	0.543606	0	0.535343	
0.555142	0.67874	0.550671	0.672621	0.546155	0.666396	0.541594	0.660066	0.536987	0.653628	0.532334	0.647083	0.527633	0.640429	0.522886	0.633665	0.518091	0.626789	0.513248	0.619802	0.508356	0.612702	0.503415	0.605488	0.498424	0.598159	0.493383	0.590716	0.488291	0.583156	0.483149	0.575481	0.477954	0.567688	0.472708	0.559778	0.467408	0.551751	0.462056	0.543606	
0	0.67874	0	0.672621	0	0.666396	0	0.660066	0	0.653628	0	0.647083	0	0.640429	0	0.633665	0	0.626789	0	0.619802	0	0.612702	0	0.605488	0	0.598159	0	0.590716	0	0.583156	0	0.575481	0	0.567688	0	0.559778	0	0.551751	0	0.543606	
0.559568	0.684757	0.555142	0.67874	0.550671	0.672621	0.546155	0.666396	0.541594	0.660066	0.536987	0.653628	0.532334	0.647083	0.527633	0.640429	0.522886	0.633665	0.518091	0.626789	0.513248	0.619802	0.508356	0.612702	0.503415	0.605488	0.498424	0.598159	0.493383	0.590716	0.488291	0.583156	0.483149	0.575481	0.477954	0.567688	0.472708	0.559778	0.467408	0.551751	
0	0.684757	0	0.67874	0	0.672621	0	0.666396	0	0.660066	0	0.653628	0	0.647083	0	0.640429	0	0.633665	0	0.626789	0	0.619802	0	0.612702	0	0.605488	0	0.598159	0	0.590716	0	0.583156	0	0.575481	0	0.567688	0	0.559778	0	0.551751	
0.563951	0.690671	0.559568	0.684757	0.555142	0.67874	0.550671	0.672621	0.546155	0.666396	0.541594	0.660066	0.536987	0.653628	0.532334	0.647083	0.527633	0.640429	0.522886	0.633665	0.518091	0.626789	0.513248	0.619802	0.508356	0.612702	0.503415	0.605488	0.498424	0.598159	0.493383	0.590716	0.488291	0.583156	0.483149	0.575481	0.477954	0.567688	0.472708	0.559778	
0	0.690671	0	0.684757	0	0.67874	0	0.672621	0	0.666396	0	0.660066	0	0.653628	0	0.647083	0	0.640429	0	0.633665	0	0.626789	0	0.619802	0	0.612702	0	0.605488	0	0.598159	0	0.590716	0	0.583156	0	0.575481	0	0.567688	0	0.559778	
0.568289	0.696484	0.563951	0.690671	0.559568	0.684757	0.555142	0.67874	0.550671	0.672621	0.546155	0.666396	0.541594	0.660066	0.536987	0.653628	0.532334	0.647083	0.527633	0.640429	0.522886	0.633665	0.518091	0.626789	0.513248	0.619802	0.508356	0.612702	0.503415	0.605488	0.498424	0.598159	0.493383	0.590716	0.488291	0.583156	0.483149	0.575481	0.477954	0.567688	
0	0.696484	0	0.690671	0	0.684757	0	0.67874	0	0.672621	0	0.666396	0	0.660066	0	0.653628	0	0.647083	0	0.640429	0	0.633665	0	0.626789	0	0.619802	0	0.612702	0	0.605488	0	0.598159	0	0.590716	0	0.583156	0	0.575481	0	0.567688	
0.572585	0.702197	0.568289	0.696484	0.563951	0.690671	0.559568	0.684757	0.555142	0.67874	0.550671	0.672621	0.546155	0.666396	0.541594	0.660066	0.536987	0.653628	0.532334	0.647083	0.527633	0.640429	0.522886	0.633665	0.518091	0.626789	0.513248	0.619802	0.508356	0.612702	0.503415	0.605488	0.498424	0.598159	0.493383	0.590716	0.488291	0.583156	0.483149	0.575481	
0	0.702197	0	0.696484	0	0.690671	0	0.684757	0	0.67874	0	0.672621	0	0.666396	0	0.660066	0	0.653628	0	0.647083	0	0.640429	0	0.633665	0	0.626789	0	0.619802	0	0.612702	0	0.605488	0	0.598159	0	0.590716	0	0.583156	0	0.575481	
0.576838	0.707811	0.572585	0.702197	0.568289	0.696484	0.563951	0.690671	0.559568	0.684757	0.555142	0.67874	0.550671	0.672621	0.546155	0.666396	0.541594	0.660066	0.536987	0.653628	0.532334	0.647083	0.527633	0.640429	0.522886	0.633665	0.518091	0.626789	0.513248	0.619802	0.508356	0.612702	0.503415	0.605488	0.498424	0.598159	0.493383	0.590716	0.488291	0.583156	
0	0.707811	0	0.702197	0	0.696484	0	0.690671	0	0.684757	0	0.67874	0	0.672621	0	0.666396	0	0.660066	0	0.653628	0	0.647083	0	0.640429	0	0.633665	0	0.626789	0	0.619802	0	0.612702	0	0.605488	0	0.598159	0	0.590716	0	0.583156	
0.581048	0.713328	0.576838	0.707811	0.572585	0.702197	0.568289	0.696484	0.563951	0.690671	0.559568	0.684757	0.555142	0.67874	0.550671	0.672621	0.546155	0.666396	0.541594	0.660066	0.536987	0.653628	0.532334	0.647083	0.527633	0.640429	0.522886	0.633665	0.518091	0.626789	0.513248	0.619802	0.508356	0.612702	0.503415	0.605488	0.498424	0.598159	0.493383	0.590716	
0	0.713328	0	0.707811	0	0.702197	0	0.696484	0	0.690671	0	0.684757	0	0.67874	0	0.672621	0	0.666396	0	0.660066	0	0.653628	0	0.647083	0	0.640429	0	0.633665	0	0.626789	0	0.619802	0	0.612702	0	0.605488	0	0.598159	0	0.590716	
0.585217	0.718749	0.581048	0.713328	0.576838	0.707811	0.572585	0.702197	0.568289	0.696484	0.563951	0.690671	0.559568	0.684757	0.555142	0.67874	0.550671	0.672621	0.546155	0.666396	0.541594	0.660066	0.536987	0.653628	0.532334	0.647083	0.527633	0.640429	0.522886	0.633665	0.518091	0.626789	0.513248	0.619802	0.508356	0.612702	0.503415	0.605488	0.498424	0.598159	
0	0.718749	0	0.713328	0	0.707811	0	0.702197	0	0.696484	0	0.690671	0	0.684757	0	0.67874	0	0.672621	0	0.666396	0	0.660066	0	0.653628	0	0.647083	0	0.640429	0	0.633665	0	0.626789	0	0.619802	0	0.612702	0	0.605488	0	0.598159	
0.589344	0.724075	0.585217	0.718749	0.581048	0.713328	0.576838	0.707811	0.572585	0.702197	0.568289	0.696484	0.563951	0.690671	0.559568	0.684757	0.555142	0.67874	0.550671	0.672621	0.546155	0.666396	0.541594	0.660066	0.536987	0.653628	0.532334	0.647083	0.527633	0.640429	0.522886	0.633665	0.518091	0.626789	0.513248	0.619802	0.508356	0.612702	0.503415	0.605488	
0	0.724075	0	0.718749	0	0.713328	0	0.707811	0	0.702197	0	0.696484	0	0.690671	0	0.684757	0	0.67874	0	0.672621	0	0.666396	0	0.660066	0	0.653628	0	0.647083	0	0.640429	0	0.633665	0	0.626789	0	0.619802	0	0.612702	0	0.605488	
0.59343	0.729308	0.589344	0.724075	0.585217	0.718749	0.581048	0.713328	0.576838	0.707811	0.572585	0.702197	0.568289	0.696484	0.563951	0.690671	0.559568	0.684757	0.555142	0.67874	0.550671	0.672621	0.546155	0.666396	0.541594	0.660066	0.536987	0.653628	0.532334	0.647083	0.527633	0.640429	0.522886	0.633665	0.518091	0.626789	0.513248	0.619802	0.508356	0.612702	
0	0.729308	0	0.724075	0	0.718749	0	0.713328	0	0.707811	0	0.702197	0	0.696484	0	0.690671	0	0.684757	0	0.67874	0	0.672621	0	0.666396	0	0.660066	0	0.653628	0	0.647083	0	0.640429	0	0.633665	0	0.626789	0	0.619802	0	0.612702	
0.597476	0.734448	0.59343	0.729308	0.589344	0.724075	0.585217	0.718749	0.581048	0.713328	0.576838	0.707811	0.572585	0.702197	0.568289	0.696484	0.563951	0.690671	0.559568	0.684757	0.555142	0.67874	0.550671	0.672621	0.546155	0.666396	0.541594	0.660066	0.536987	0.653628	0.532334	0.647083	0.527633	0.640429	0.522886	0.633665	0.518091	0.626789	0.513248	0.619802	
0	0.734448	0	0.729308	0	0.724075	0	0.718749	0	0.713328	0	0.707811	0	0.702197	0	0.696484	0	0.690671	0	0.684757	0	0.67874	0	0.672621	0	0.666396	0	0.660066	0	0.653628	0	0.647083	0	0.640429	0	0.633665	0	0.626789	0	0.619802	
0.601481	0.739497	0.597476	0.734448	0.59343	0.729308	0.589344	0.724075	0.585217	0.718749	0.581048	0.713328	0.576838	0.707811	0.572585	0.702197	0.568289	0.696484	0.563951	0.690671	0.559568	0.684757	0.555142	0.67874	0.550671	0.672621	0.546155	0.666396	0.541594	0.660066	0.536987	0.653628	0.532334	0.647083	0.527633	0.640429	0.522886	0.633665	0.518091	0.626789	
0	0.739497	0	0.734448	0	0.729308	0	0.724075	0	0.718749	0	0.713328	0	0.707811	0	0.702197	0	0.696484	0	0.690671	0	0.684757	0	0.67874	0	0.672621	0	0.666396	0	0.660066	0	0.653628	0	0.647083	0	0.640429	0	0.633665	0	0.626789	
0.605446	0.744456	0.601481	0.739497	0.597476	0.734448	0.59343	0.729308	0.589344	0.724075	0.585217	0.718749	0.581048	0.713328	0.576838	0.707811	0.572585	0.702197	0.568289	0.696484	0.563951	0.690671	0.559568	0.684757	0.555142	0.67874	0.550671	0.672621	0.546155	0.666396	0.541594	0.660066	0.536987	0.653628	0.532334	0.647083	0.527633	0.640429	0.522886	0.633665	
0	0.744456	0	0.739497	0	0.734448	0	0.729308	0	0.724075	0	0.718749	0	0.713328	0	0.707811	0	0.702197	0	0.696484	0	0.690671	0	0.684757	0	0.67874	0	0.672621	0	0.666396	0	0.660066	0	0.653628	0	0.647083	0	0.640429	0	0.633665	
0.609372	0.749327	0.605446	0.744456	0.601481	0.739497	0.597476	0.734448	0.59343	0.729308	0.589344	0.724075	0.585217	0.718749	0.581048	0.713328	0.576838	0.707811	0.572585	0.702197	0.568289	0.696484	0.563951	0.690671	0.559568	0.684757	0.555142	0.67874	0.550671	0.672621	0.546155	0.666396	0.541594	0.660066	0.536987	0.653628	0.532334	0.647083	0.527633	0.640429	
0	0.749327	0	0.744456	0	0.739497	0	0.734448	0	0.729308	0	0.724075	0	0.718749	0	0.713328	0	0.707811	0	0.702197	0	0.696484	0	0.690671	0	0.684757	0	0.67874	0	0.672621	0	0.666396	0	0.660066	0	0.653628	0	0.647083	0	0.640429	
0.613259	0.754111	0.609372	0.749327	0.605446	0.744456	0.601481	0.739497	0.597476	0.734448	0.59343	0.729308	0.589344	0.724075	0.585217	0.718749	0.581048	0.713328	0.576838	0.707811	0.572585	0.702197	0.568289	0.696484	0.563951	0.690671	0.559568	0.684757	0.555142	0.67874	0.550671	0.672621	0.546155	0.666396	0.541594	0.660066	0.536987	0.653628	0.532334	0.647083	
0	0.754111	0	0.749327	0	0.744456	0	0.739497	0	0.734448	0	0.729308	0	0.724075	0	0.718749	0	0.713328	0	0.707811	0	0.702197	0	0.696484	0	0.690671	0	0.684757	0	0.67874	0	0.672621	0	0.666396	0	0.660066	0	0.653628	0	0.647083	
0.617107	0.758808	0.613259	0.754111	0.609372	0.749327	0.605446	0.744456	0.601481	0.739497	0.597476	0.734448	0.59343	0.729308	0.589344	0.724075	0.585217	0.718749	0.581048	0.713328	0.576838	0.707811	0.572585	0.702197	0.568289	0.696484	0.563951	0.690671	0.559568	0.684757	0.555142	0.67874	0.550671	0.672621	0.546155	0.666396	0.541594	0.660066	0.536987	0.653628	
0	0.758808	0	0.754111	0	0.749327	0	0.744456	0	0.739497	0	0.734448	0	0.729308	0	0.724075	0	0.718749	0	0.713328	0	0.707811	0	0.702197	0	0.696484	0	0.690671	0	0.684757	0	0.67874	0	0.672621	0	0.666396	0	0.660066	0	0.653628	
0.620917	0.763421	0.617107	0.758808	0.613259	0.754111	0.609372	0.749327	0.605446	0.744456	0.601481	0.739497	0.597476	0.734448	0.59343	0.729308	0.589344	0.724075	0.585217	0.718749	0.581048	0.713328	0.576838	0.707811	0.572585	0.702197	0.568289	0.696484	0.563951	0.690671	0.559568	0.684757	0.555142	0.67874	0.550671	0.672621	0.546155	0.666396	0.541594	0.660066	
0	0.763421	0	0.758808	0	0.754111	0	0.749327	0	0.744456	0	0.739497	0	0.734448	0	0.729308	0	0.724075	0	0.718749	0	0.713328	0	0.707811	0	0.702197	0	0.696484	0	0.690671	0	0.684757	0	0.67874	0	0.672621	0	0.666396	0	0.660066	
0.624689	0.767951	0.620917	0.763421	0.617107	0.758808	0.613259	0.754111	0.609372	0.749327	0.605446	0.744456	0.601481	0.739497	0.597476	0.734448	0.59343	0.729308	0.589344	0.724075	0.585217	0.718749	0.581048	0.713328	0.576838	0.707811	0.572585	0.702197	0.568289	0.696484	0.563951	0.690671	0.559568	0.684757	0.555142	0.67874	0.550671	0.672621	0.546155	0.666396	
0	0.767951	0	0.763421	0	0.758808	0	0.754111	0	0.749327	0	0.744456	0	0.739497	0	0.734448	0	0.729308	0	0.724075	0	0.718749	0	0.713328	0	0.707811	0	0.702197	0	0.696484	0	0.690671	0	0.684757	0	0.67874	0	0.672621	0	0.666396	
0.628423	0.772398	0.624689	0.767951	0.620917	0.763421	0.617107	0.758808	0.613259	0.754111	0.609372	0.749327	0.605446	0.744456	0.601481	0.739497	0.597476	0.734448	0.59343	0.729308	0.589344	0.724075	0.585217	0.718749	0.581048	0.713328	0.576838	0.707811	0.572585	0.702197	0.568289	0.696484	0.563951	0.690671	0.559568	0.684757	0.555142	0.67874	0.550671	0.672621	
0	0.772398	0	0.767951	0	0.763421	0	0.758808	0	0.754111	0	0.749327	0	0.744456	0	0.739497	0	0.734448	0	0.729308	0	0.724075	0	0.718749	0	0.713328	0	0.707811	0	0.702197	0	0.696484	0	0.690671	0	0.684757	0	0.67874	0	0.672621	
0.632121	0.776765	0.628423	0.772398	0.624689	0.767951	0.620917	0.763421	0.617107	0.758808	0.613259	0.754111	0.609372	0.749327	0.605446	0.744456	0.601481	0.739497	0.597476	0.734448	0.59343	0.729308	0.589344	0.724075	0.585217	0.718749	0.581048	0.713328	0.576838	0.707811	0.572585	0.702197	0.568289	0.696484	0.563951	0.690671	0.559568	0.684757	0.555142	0.67874	
0	0.776765	0	0.772398	0	0.767951	0	0.763421	0	0.758808	0	0.754111	0	0.749327	0	0.744456	0	0.739497	0	0.734448	0	0.729308	0	0.724075	0	0.718749	0	0.713328	0	0.707811	0	0.702197	0	0.696484	0	0.690671	0	0.684757	0	0.67874	
[KMatrix]
40 198
1.0105	-0.00274655	1.16032	-0.00912088	1.16173	-0.0187735	1.06802	-0.0306547	0.921111	-0.0434275	0.752243	-0.0557655	0.583236	-0.0665474	0.428074	-0.0749639	0.294559	-0.0805559	0.185878	-0.0832024	0.101982	-0.0830734	0.0407412	-0.0805628	-0.00113777	-0.0762115	-0.0274233	-0.0706291	-0.0418653	-0.0644196	-0.0478664	-0.0581152	-0.0482808	-0.0521189	-0.0453081	-0.0466587	-0.0404527	-0.0417503	-0.0359255	-0.0371706	-0.0317086	-0.0329017	-0.0277851	-0.0289269	-0.0241391	-0.0252299	-0.0207552	-0.0217957	-0.0176192	-0.0186098	-0.0147172	-0.0156584	-0.0120363	-0.0129286	-0.00956413	-0.010408	-0.00728897	-0.00808486	-0.00519973	-0.00594816	-0.00328588	-0.00398731	-0.00153742	-0.00219233	5.51199e-05	-0.00055373	0.00150072	0.000937478	0.00280791	0.00228982	0.00398477	0.00351137	0.00503894	0.0046098	0.0059777	0.00559237	0.00680791	0.00646597	0.0075361	0.00723711	0.00816845	0.00791198	0.00871081	0.00849643	0.00916872	0.00899602	0.00954744	0.009416	0.00985193	0.00976135	0.0100869	0.0100368	0.0102568	0.0102467	0.0103659	0.0103955	0.0104181	0.0104869	0.0104173	0.010525	0.010367	0.0105131	0.0102705	0.0104547	0.0101311	0.0103531	0.00995186	0.0102111	0.00973555	0.0100318	0.0094849	0.00981774	0.00920245	0.00957153	0.00889062	0.00929557	0.00855167	0.00899214	0.00818776	0.00866339	0.00780091	0.00831136	0.00739304	0.00793795	0.00696593	0.00754497	0.0065213	0.00713412	0.00606075	0.00670701	0.00558577	0.00626516	0.00509781	0.00580997	0.00459818	0.0053428	0.00408815	0.00486491	0.0035689	0.00437748	0.00304155	0.00388163	0.00250713	0.0033784	0.00196664	0.00286878	0.00142099	0.0023537	0.000871046	0.00183402	0.000317617	0.00131056	-0.000238538	0.000784067	-0.000796709	0.000255267	-0.00135623	-0.000275178	-0.00191649	-0.000806644	-0.00247689	-0.00133855	-0.00303691	-0.00187035	-0.00359604	-0.00240154	-0.0041538	-0.00293164	-0.00470977	-0.00346023	-0.00526354	-0.00398688	-0.00581473	-0.00451123	-0.00636299	-0.00503292	-0.00690801	-0.00555162	-0.00744949	-0.00606705	-0.00798715	-0.00657892	-0.00852074	-0.00708698	-0.00905003	-0.00759099	-0.00957482	-0.00809075	-0.0100949	-0.00858606	-0.0106101	-0.00907673	-0.0111203	-0.00956262	-0.0116253	-0.0100436	-0.012125	-0.0105194	
-0.0131807	0.0649992	0.0219586	0.164888	0.0612712	0.276975	0.0950828	0.384961	0.118516	0.477957	0.130215	0.549549	0.13124	0.596919	0.124145	0.620044	0.112236	0.620968	0.0989975	0.603149	0.0876382	0.57089	0.0807274	0.528846	0.0798854	0.481596	0.0854934	0.433285	0.0964034	0.387328	0.109637	0.346165	0.120079	0.311064	0.120198	0.281969	0.0998256	0.257398	0.0809485	0.234363	0.0634853	0.212783	0.047359	0.192582	0.0324962	0.173684	0.0188276	0.156021	0.00628704	0.139526	-0.00518805	0.124135	-0.0156571	0.109789	-0.0251765	0.0964318	-0.0337999	0.0840087	-0.0415779	0.0724687	-0.0485588	0.0617632	-0.0547882	0.0518462	-0.0603097	0.042674	-0.0651641	0.034205	-0.0693907	0.0263999	-0.0730263	0.0192214	-0.076106	0.012634	-0.0786632	0.00660409	-0.0807292	0.00109985	-0.082334	-0.00390897	-0.0835059	-0.00845101	-0.0842718	-0.0125535	-0.0846569	-0.016242	-0.0846856	-0.0195412	-0.0843805	-0.0224741	-0.0837632	-0.0250626	-0.0828543	-0.0273276	-0.0816731	-0.0292887	-0.0802379	-0.0309645	-0.0785661	-0.0323728	-0.0766741	-0.0335302	-0.0745775	-0.0344526	-0.0722908	-0.035155	-0.0698282	-0.0356516	-0.0672025	-0.0359559	-0.0644264	-0.0360804	-0.0615115	-0.0360374	-0.0584689	-0.0358381	-0.0553091	-0.0354932	-0.052042	-0.0350131	-0.0486769	-0.0344072	-0.0452226	-0.0336847	-0.0416874	-0.0328541	-0.0380792	-0.0319236	-0.0344054	-0.0309008	-0.0306729	-0.0297929	-0.0268882	-0.0286068	-0.0230576	-0.0273489	-0.0191868	-0.0260252	-0.0152814	-0.0246416	-0.0113465	-0.0232033	-0.00738681	-0.0217154	-0.003407	-0.0201828	0.000588708	-0.01861	0.00459632	-0.0170011	0.00861208	-0.0153603	0.0126325	-0.0136911	0.0166542	-0.0119972	0.0206743	-0.0102819	0.0246897	-0.00854825	0.0286978	-0.00679917	0.0326962	-0.00503741	0.0366824	-0.00326551	0.0406544	-0.00148588	0.04461	0.000299236	0.0485474	0.00208775	0.0524648	0.00387771	0.0563607	0.00566727	0.0602336	0.00745475	0.064082	0.00923856	0.0679048	0.0110172	0.0717007	0.0127894	0.0754686	0.0145537	0.0792077	0.0163091	0.082917	0.0180544	0.0865956	0.0197887	0.090243	0.021511	0.0938583	0.0232204	0.0974411	0.0249162	
0.211262	-0.00212204	0.505307	-0.00717403	0.651545	-0.0150232	0.691398	-0.0249458	0.660049	-0.0359257	0.585822	-0.0468875	0.490328	-0.0568642	0.389105	-0.0651014	0.29252	-0.0711089	0.206779	-0.07467	0.134911	-0.0758182	0.0776742	-0.0747938	0.034327	-0.0719864	0.00326594	-0.0678733	-0.0174801	-0.0629568	-0.0298809	-0.0577064	-0.0356453	-0.0525061	-0.0360532	-0.0476106	-0.0318623	-0.0431094	-0.0279592	-0.038899	-0.0243283	-0.0349639	-0.0209549	-0.0312893	-0.017825	-0.0278611	-0.0149251	-0.024666	-0.0122426	-0.0216913	-0.00976569	-0.0189249	-0.0074828	-0.0163555	-0.00538318	-0.0139723	-0.00345658	-0.0117648	-0.00169327	-0.00972347	-8.40102e-05	-0.00783893	0.00137994	-0.00610245	0.00270689	-0.00450567	0.00390472	-0.0030407	0.00498089	-0.00170004	0.0059425	-0.000476585	0.00679625	0.00063641	0.00754851	0.00164534	0.00820532	0.00255626	0.00877239	0.00337492	0.00925516	0.00410677	0.00965876	0.00475697	0.00998805	0.00533041	0.0102476	0.00583172	0.0104419	0.00626531	0.010575	0.00663532	0.0106508	0.0069457	0.010673	0.00720019	0.0106452	0.00740231	0.0105707	0.00755541	0.0104526	0.00766265	0.0102938	0.00772704	0.0100973	0.0077514	0.00986556	0.00773843	0.00960124	0.00769065	0.00930667	0.00761046	0.0089841	0.00750014	0.00863564	0.00736183	0.00826332	0.00719755	0.00786901	0.00700922	0.0074545	0.00679865	0.00702149	0.00656754	0.00657156	0.0063175	0.00610622	0.00605006	0.00562687	0.00576665	0.00513486	0.00546862	0.00463144	0.00515726	0.00411779	0.00483375	0.00359503	0.00449925	0.00306421	0.0041548	0.00252631	0.00380142	0.00198225	0.00344005	0.00143292	0.00307159	0.000879117	0.00269686	0.000321621	0.00231665	-0.00023885	0.00193171	-0.000801623	0.00154271	-0.00136607	0.00115032	-0.00193159	0.000755133	-0.00249763	0.000357729	-0.00306369	-4.13603e-05	-0.00362927	-0.000441636	-0.00419392	-0.000842632	-0.00475723	-0.00124391	-0.0053188	-0.00164507	-0.00587828	-0.00204572	-0.00643532	-0.00244552	-0.00698961	-0.00284414	-0.00754087	-0.00324127	-0.00808882	-0.00363663	-0.00863322	-0.00402995	-0.00917384	-0.004421	-0.00971047	-0.00480955	-0.0102429	-0.00519539	-0.010771	-0.00557834	-0.0112946	-0.00595822	-0.0118135	-0.00633487	-0.0123277	-0.00670814	-0.0128369	-0.00707791	
-0.0574059	-0.0256522	-0.0610836	-0.000187626	-0.0413841	0.0551839	-0.0120782	0.124203	0.0177902	0.194924	0.0429873	0.25909	0.06119	0.311533	0.0721623	0.349601	0.0770406	0.372625	0.0777326	0.381431	0.0764252	0.377891	0.0751808	0.364528	0.0756028	0.344172	0.0785451	0.319652	0.0838503	0.293543	0.0901032	0.267945	0.0943988	0.24431	0.0921373	0.223294	0.0768716	0.204651	0.0627196	0.187155	0.0496209	0.170746	0.0375181	0.155365	0.0263571	0.140959	0.016086	0.127475	0.00665594	0.114865	-0.00197964	0.10308	-0.00986489	0.0920769	-0.0170417	0.0818133	-0.0235499	0.072249	-0.0294272	0.0633461	-0.0347094	0.0550684	-0.0394304	0.0473816	-0.0436226	0.0402532	-0.0473164	0.0336524	-0.0505409	0.0275497	-0.0533236	0.0219176	-0.0556906	0.0167295	-0.0576665	0.0119606	-0.0592749	0.00758692	-0.060538	0.00358613	-0.0614768	-6.31574e-05	-0.0621113	-0.00338118	-0.0624605	-0.00638714	-0.0625422	-0.00909921	-0.0623734	-0.0115347	-0.0619703	-0.0137098	-0.0613481	-0.0156402	-0.0605211	-0.0173405	-0.0595031	-0.0188246	-0.058307	-0.0201057	-0.0569451	-0.0211963	-0.0554288	-0.0221082	-0.0537693	-0.0228526	-0.0519768	-0.0234402	-0.0500611	-0.0238809	-0.0480315	-0.0241842	-0.0458967	-0.0243592	-0.0436652	-0.0244144	-0.0413445	-0.0243577	-0.0389423	-0.0241969	-0.0364653	-0.0239391	-0.0339202	-0.0235911	-0.0313133	-0.0231594	-0.0286503	-0.02265	-0.0259369	-0.0220687	-0.0231782	-0.0214209	-0.020379	-0.0207117	-0.0175442	-0.0199459	-0.0146779	-0.0191282	-0.0117844	-0.0182628	-0.0088674	-0.0173538	-0.00593061	-0.016405	-0.00297741	-0.01542	-1.1004e-05	-0.0144023	0.0029656	-0.0133549	0.00594958	-0.012281	0.0089383	-0.0111833	0.0119293	-0.0100645	0.0149202	-0.0089272	0.0179089	-0.00777365	0.0208933	-0.0066061	0.0238716	-0.00542661	0.026842	-0.00423714	0.0298029	-0.0030395	0.0327526	-0.00183541	0.0356898	-0.000626457	0.0386132	0.000585852	0.0415216	0.00180012	0.0444137	0.00301505	0.0472886	0.00422941	0.0501452	0.00544208	0.0529828	0.006652	0.0558004	0.00785819	0.0585973	0.00905972	0.0613729	0.0102558	0.0641265	0.0114455	0.0668575	0.0126283	0.0695654	0.0138034	0.0722498	0.0149702	
-0.596008	-0.00149125	-0.156288	-0.00520761	0.13623	-0.0112351	0.31099	-0.0191795	0.396363	-0.0283485	0.417729	-0.0379204	0.396487	-0.0470838	0.349744	-0.0551398	0.29046	-0.0615669	0.227889	-0.0660517	0.168171	-0.0684902	0.114978	-0.0689669	0.0701482	-0.0677189	0.0342636	-0.0650898	0.0071501	-0.0614794	-0.0117147	-0.0572936	-0.0228827	-0.0528972	-0.0267052	-0.0485721	-0.0231855	-0.0444821	-0.0199128	-0.0406448	-0.0168739	-0.0370468	-0.0140561	-0.0336755	-0.0114474	-0.0305188	-0.0090363	-0.0275652	-0.00681206	-0.0248038	-0.00476439	-0.0222243	-0.00288353	-0.019817	-0.00116022	-0.0175724	0.000414327	-0.0154818	0.00184844	-0.0135367	0.00315004	-0.0117293	0.00432662	-0.0100519	0.00538532	-0.00849732	0.00633288	-0.00705885	0.00717571	-0.00573	0.0079199	-0.00450462	0.00857121	-0.00337691	0.00913511	-0.00234136	0.00961677	-0.00139274	0.0100211	-0.000526079	0.0103528	0.000263321	0.0106162	0.000979921	0.0108156	0.00162795	0.0109549	0.00221142	0.0110378	0.00273413	0.011068	0.00319969	0.0110487	0.0036115	0.0109833	0.00397281	0.0108746	0.00428668	0.0107256	0.00455601	0.010539	0.00478356	0.0103173	0.00497192	0.010063	0.00512358	0.00977839	0.00524085	0.00946558	0.00532596	0.00912665	0.005381	0.00876355	0.00540794	0.00837811	0.00540866	0.00797206	0.00538493	0.00754705	0.00533843	0.00710461	0.00527074	0.00664621	0.00518336	0.00617323	0.0050777	0.00568696	0.00495511	0.00518864	0.00481684	0.00467942	0.00466409	0.00416039	0.00449798	0.00363258	0.00431959	0.00309697	0.00412991	0.00255445	0.00392988	0.00200589	0.00372041	0.0014521	0.00350233	0.000893828	0.00327643	0.000331798	0.00304347	-0.000233325	0.00280413	-0.00080091	0.0025591	-0.00137037	0.00230898	-0.00194115	0.00205436	-0.00251272	0.0017958	-0.00308462	0.0015338	-0.00365638	0.00126886	-0.00422757	0.00100143	-0.00479781	0.000731939	-0.00536672	0.00046078	-0.00593395	0.000188331	-0.0064992	-8.50577e-05	-0.00706215	-0.000359058	-0.00762253	-0.000633365	-0.00818008	-0.000907692	-0.00873457	-0.00118177	-0.00928578	-0.00145536	-0.0098335	-0.00172822	-0.0103775	-0.00200015	-0.0109177	-0.00227093	-0.0114539	-0.00254039	-0.011986	-0.00280836	-0.0125138	-0.00307468	-0.0130371	-0.0033392	-0.013556	-0.00360179	
-0.0189504	-0.0202372	-0.0779659	-0.0770531	-0.0937875	-0.086645	-0.083326	-0.0651489	-0.0592614	-0.0254076	-0.0304984	0.0226786	-0.00276381	0.0717951	0.0207477	0.116855	0.0387443	0.154645	0.0512622	0.18349	0.0591635	0.202925	0.0637129	0.213403	0.0662255	0.216014	0.0677771	0.212249	0.0689628	0.203778	0.0696945	0.192268	0.0690299	0.179217	0.0650327	0.165828	0.0546718	0.152901	0.0450586	0.140748	0.0361529	0.129327	0.0279163	0.1186	0.0203126	0.108531	0.0133073	0.0990854	0.0068676	0.0902293	0.000962449	0.0819317	-0.00443768	0.074163	-0.00936079	0.0668948	-0.0138335	0.0601004	-0.017881	0.0537543	-0.0215272	0.0478323	-0.024795	0.0423114	-0.0277058	0.03717	-0.0302801	0.0323872	-0.0325373	0.0279435	-0.0344958	0.0238202	-0.0361732	0.0199996	-0.0375859	0.016465	-0.0387497	0.0132005	-0.0396794	0.0101909	-0.0403892	0.00742191	-0.0408925	0.00487995	-0.0412019	0.00255211	-0.0413295	0.000426176	-0.0412867	-0.00150946	-0.0410843	-0.00326578	-0.0407325	-0.00485323	-0.040241	-0.00628168	-0.0396189	-0.0075605	-0.0388751	-0.00869858	-0.0380176	-0.00970433	-0.0370543	-0.0105857	-0.0359926	-0.0113503	-0.0348394	-0.0120053	-0.0336013	-0.0125574	-0.0322846	-0.013013	-0.0308952	-0.0133783	-0.0294387	-0.013659	-0.0279202	-0.0138605	-0.0263449	-0.0139881	-0.0247174	-0.0140465	-0.0230422	-0.0140404	-0.0213235	-0.0139742	-0.0195651	-0.013852	-0.017771	-0.0136776	-0.0159446	-0.0134549	-0.0140892	-0.0131872	-0.012208	-0.0128779	-0.0103039	-0.0125301	-0.00837969	-0.0121467	-0.00643804	-0.0117306	-0.00448138	-0.0112842	-0.00251205	-0.0108101	-0.000532212	-0.0103107	0.00145607	-0.00978807	0.00345088	-0.00924433	0.00545041	-0.00868145	0.00745296	-0.00810124	0.00945694	-0.00750545	0.0114609	-0.0068957	0.0134633	-0.00627352	0.0154631	-0.00564037	0.0174588	-0.00499758	0.0194495	-0.00434643	0.021434	-0.00368812	0.0234113	-0.00302377	0.0253806	-0.00235442	0.0273409	-0.00168107	0.0292916	-0.00100462	0.0312317	-0.000325951	0.0331608	0.000354141	0.0350781	0.0010349	0.036983	0.00171562	0.0388751	0.00239566	0.0407538	0.00307439	0.0426187	0.00375126	0.0444694	0.00442573	0.0463055	0.00509732	0.0481267	0.00576557	
-0.428585	-0.000841332	-0.852697	-0.00312822	-0.413959	-0.007154	-0.101501	-0.0128694	0.104981	-0.0199355	0.226991	-0.0278179	0.285065	-0.0358914	0.297456	-0.043537	0.279483	-0.0502175	0.243349	-0.0555298	0.198302	-0.0592311	0.150992	-0.0612434	0.105931	-0.0616393	0.0660029	-0.0606145	0.0329423	-0.0584514	0.00777911	-0.0554789	-0.00879118	-0.0520319	-0.0161177	-0.0484123	-0.0133947	-0.0448565	-0.0108697	-0.0415069	-0.00853195	-0.0383528	-0.00637147	-0.035384	-0.00437863	-0.032591	-0.00254433	-0.0299645	-0.000859942	-0.0274957	0.000682747	-0.0251765	0.00209153	-0.0229989	0.00337379	-0.0209554	0.00453656	-0.0190391	0.00558651	-0.017243	0.00652995	-0.0155609	0.00737289	-0.0139866	0.00812103	-0.0125144	0.00877977	-0.0111388	0.00935425	-0.00985465	0.00984934	-0.00865691	0.0102696	-0.00754094	0.0106196	-0.00650229	0.0109032	-0.00553673	0.0111246	-0.00464026	0.0112874	-0.00380908	0.0113952	-0.00303956	0.0114513	-0.00232828	0.0114589	-0.001672	0.0114211	-0.00106763	0.0113407	-0.00051224	0.0112205	-3.05942e-06	0.0110629	0.000462545	0.0108704	0.000887071	0.0106454	0.00127288	0.0103899	0.00162223	0.0101062	0.00193723	0.00979604	0.00221992	0.00946141	0.00247219	0.00910402	0.00269587	0.00872553	0.00289266	0.00832751	0.0030642	0.00791145	0.00321203	0.00747875	0.00333761	0.00703073	0.00344232	0.00656866	0.00352748	0.00609371	0.00359431	0.005607	0.003644	0.00510961	0.00367765	0.00460251	0.00369633	0.00408666	0.00370101	0.00356294	0.00369265	0.00303219	0.00367214	0.00249521	0.00364031	0.00195273	0.00359796	0.00140546	0.00354584	0.000854065	0.00348467	0.000299161	0.00341512	-0.000258664	0.00333781	-0.000818859	0.00325335	-0.00138091	0.0031623	-0.00194432	0.0030652	-0.00250865	0.00296255	-0.00307346	0.00285483	-0.00363835	0.00274247	-0.00420295	0.00262591	-0.0047669	0.00250553	-0.00532987	0.00238172	-0.00589155	0.00225483	-0.00645167	0.00212518	-0.00700994	0.00199309	-0.00756612	0.00185884	-0.00811998	0.00172273	-0.0086713	0.001585	-0.00921988	0.00144589	-0.00976552	0.00130563	-0.0103081	0.00116445	-0.0108474	0.00102252	-0.0113833	0.000880055	-0.0119156	0.000737212	-0.0124443	0.000594159	-0.0129692	0.000451048	-0.0134902	0.000308022	-0.0140072	0.000165212	
0.00685396	-0.0153652	-0.0209689	-0.0592258	-0.0891746	-0.142566	-0.113061	-0.177734	-0.10825	-0.178294	-0.086997	-0.155574	-0.058385	-0.118812	-0.028701	-0.0753161	-0.00191012	-0.0306597	0.0198503	0.011127	0.0357982	0.0473496	0.0460858	0.0764469	0.0514429	0.0977928	0.0528879	0.11151	0.0515024	0.1183	0.0482615	0.119285	0.0439101	0.115871	0.0388754	0.10963	0.0332078	0.102196	0.0279387	0.0951779	0.0230466	0.0885541	0.0185117	0.0823047	0.0143147	0.0764102	0.0104375	0.0708525	0.00686292	0.0656141	0.00357457	0.0606785	0.000556915	0.05603	-0.0022048	0.0516536	-0.0047246	0.0475352	-0.00701577	0.0436614	-0.00909096	0.0400192	-0.0109622	0.0365967	-0.0126407	0.0333822	-0.0141375	0.0303648	-0.0154627	0.0275341	-0.0166262	0.0248802	-0.017637	0.0223936	-0.0185041	0.0200656	-0.0192357	0.0178875	-0.0198397	0.0158515	-0.0203236	0.0139497	-0.0206945	0.0121751	-0.0209591	0.0105207	-0.0211239	0.00898003	-0.0211949	0.00754682	-0.0211778	0.00621522	-0.0210781	0.00497964	-0.020901	0.00383479	-0.0206514	0.00277565	-0.0203338	0.00179743	-0.0199527	0.000895607	-0.0195123	6.58954e-05	-0.0190165	-0.000695782	-0.018469	-0.00139329	-0.0178734	-0.00203029	-0.0172331	-0.00261026	-0.0165511	-0.0031365	-0.0158306	-0.00361213	-0.0150743	-0.00404011	-0.014285	-0.00442325	-0.0134651	-0.00476422	-0.0126172	-0.00506552	-0.0117434	-0.00532957	-0.0108459	-0.00555861	-0.0099268	-0.00575479	-0.00898796	-0.00592015	-0.00803121	-0.00605661	-0.00705826	-0.00616599	-0.00607072	-0.00625002	-0.00507012	-0.00631032	-0.00405791	-0.00634845	-0.00303544	-0.00636587	-0.00200398	-0.00636396	-0.000964745	-0.00634403	8.11298e-05	-0.00630732	0.00113258	-0.006255	0.00218859	-0.00618816	0.00324822	-0.00610787	0.00431058	-0.0060151	0.00537483	-0.00591079	0.00644019	-0.00579582	0.00750592	-0.00567102	0.00857134	-0.00553718	0.00963579	-0.00539504	0.0106987	-0.00524529	0.0117594	-0.0050886	0.0128175	-0.00492558	0.0138724	-0.00475682	0.0149236	-0.00458288	0.0159708	-0.00440426	0.0170136	-0.00422147	0.0180515	-0.00403495	0.0190842	-0.00384514	0.0201115	-0.00365244	0.0211329	-0.00345724	0.0221482	-0.0032599	0.0231573	-0.00306075	0.0241597	-0.0028601	0.0251554	-0.00265824	
-0.287644	-0.000206193	-0.594049	-0.00103111	-1.01865	-0.0029045	-0.566989	-0.00611295	-0.234142	-0.0106987	-0.0042552	-0.0164601	0.141043	-0.0230081	0.220265	-0.0298474	0.250526	-0.0364589	0.246692	-0.0423705	0.221017	-0.0472088	0.183158	-0.0507298	0.140422	-0.0528295	0.0981486	-0.0535378	0.0601579	-0.0529988	0.029203	-0.0514435	0.00738099	-0.049158	-0.0035249	-0.0464508	-0.00179667	-0.0436227	-0.000204168	-0.0409414	0.00125982	-0.0383994	0.00260215	-0.0359898	0.00382934	-0.033706	0.00494758	-0.0315416	0.00596275	-0.0294907	0.00688044	-0.0275476	0.00770596	-0.0257068	0.00844435	-0.0239633	0.0091004	-0.0223122	0.00967866	-0.0207487	0.0101834	-0.0192685	0.0106189	-0.0178674	0.0109888	-0.0165413	0.011297	-0.0152866	0.0115469	-0.0140995	0.0117419	-0.0129767	0.0118851	-0.0119148	0.0119796	-0.0109109	0.0120281	-0.00996187	0.0120335	-0.00906502	0.0119983	-0.00821766	0.0119249	-0.00741727	0.0118156	-0.00666143	0.0116727	-0.00594787	0.0114981	-0.00527443	0.011294	-0.00463903	0.0110621	-0.00403971	0.0108043	-0.00347463	0.0105221	-0.002942	0.0102174	-0.00244016	0.00989142	-0.0019675	0.00954576	-0.0015225	0.00918174	-0.00110373	0.00880065	-0.000709821	0.00840372	-0.000339466	0.0079921	8.56597e-06	0.00756688	0.000335449	0.00712912	0.000642297	0.00667979	0.000930167	0.00621982	0.00120007	0.0057501	0.00145295	0.00527145	0.00168972	0.00478467	0.00191124	0.00429051	0.00211832	0.00378967	0.00231175	0.00328281	0.00249225	0.00277057	0.00266054	0.00225354	0.00281726	0.00173229	0.00296306	0.00120735	0.00309853	0.000679212	0.00322423	0.000148358	0.00334071	-0.000384767	0.00344848	-0.000919744	0.00354802	-0.00145617	0.00363979	-0.00199369	0.00372424	-0.00253193	0.00380176	-0.00307056	0.00387276	-0.00360929	0.0039376	-0.0041478	0.00399665	-0.00468584	0.00405024	-0.00522313	0.00409868	-0.00575944	0.00414227	-0.00629454	0.00418131	-0.00682821	0.00421605	-0.00736027	0.00424677	-0.00789051	0.00427369	-0.00841876	0.00429705	-0.00894487	0.00431708	-0.00946868	0.00433397	-0.00999005	0.00434792	-0.0105089	0.00435911	-0.011025	0.00436773	-0.0115382	0.00437393	-0.0120486	0.00437788	-0.012556	0.00437973	-0.0130603	0.0043796	-0.0135613	0.00437765	-0.0140592	0.00437398	
0.0219563	-0.0110618	0.0160585	-0.0433838	-0.0183557	-0.106218	-0.0931805	-0.207782	-0.122434	-0.258602	-0.121199	-0.271199	-0.101723	-0.256484	-0.0734341	-0.223757	-0.0431695	-0.180745	-0.0155272	-0.133671	0.00673987	-0.08734	0.0223362	-0.0452577	0.0310795	-0.00974778	0.0336179	0.0179201	0.0312173	0.0374042	0.0256144	0.04917	0.0189281	0.0543763	0.0136099	0.0547705	0.0124163	0.0525934	0.0112889	0.0504924	0.0102248	0.0484644	0.00922102	0.0465063	0.00827489	0.0446153	0.00738377	0.0427887	0.00654515	0.0410239	0.00575666	0.0393185	0.00501603	0.0376701	0.00432108	0.0360764	0.00366975	0.0345352	0.00306005	0.0330445	0.00249011	0.0316024	0.00195811	0.0302069	0.00146236	0.0288562	0.00100119	0.0275486	0.000573054	0.0262824	0.000176447	0.0250561	-0.000190056	0.0238682	-0.000527821	0.0227172	-0.000838149	0.0216017	-0.00112228	0.0205205	-0.00138142	0.0194721	-0.00161668	0.0184555	-0.00182916	0.0174694	-0.00201989	0.0165128	-0.00218987	0.0155846	-0.00234003	0.0146837	-0.00247129	0.0138092	-0.0025845	0.0129601	-0.0026805	0.0121356	-0.00276008	0.0113347	-0.00282398	0.0105567	-0.00287293	0.00980079	-0.00290762	0.00906613	-0.00292872	0.00835204	-0.00293684	0.00765781	-0.00293261	0.00698277	-0.00291658	0.00632627	-0.00288933	0.0056877	-0.00285137	0.00506646	-0.0028032	0.00446198	-0.00274533	0.00387371	-0.0026782	0.00330112	-0.00260226	0.0027437	-0.00251794	0.00220097	-0.00242564	0.00167246	-0.00232575	0.00115772	-0.00221864	0.000656307	-0.00210467	0.000167812	-0.00198418	-0.000308168	-0.00185749	-0.000772019	-0.00172493	-0.00122411	-0.00158678	-0.00166481	-0.00144334	-0.00209445	-0.00129489	-0.00251338	-0.00114167	-0.0029219	-0.00098396	-0.00332033	-0.000821984	-0.00370897	-0.000655979	-0.00408809	-0.000486168	-0.00445799	-0.000312762	-0.00481892	-0.000135967	-0.00517115	4.40232e-05	-0.00551492	0.00022702	-0.00585047	0.000412844	-0.00617803	0.000601322	-0.00649783	0.000792291	-0.00681008	0.00098559	-0.007115	0.00118107	-0.00741277	0.00137858	-0.00770361	0.00157799	-0.00798769	0.00177916	-0.0082652	0.00198196	-0.00853632	0.00218627	-0.00880121	0.00239197	-0.00906004	0.00259894	-0.00931297	0.00280709	-0.00956016	0.0030163	-0.00980175	0.00322648	-0.0100379	0.00343752	-0.0102687	
-0.174981	0.000375863	-0.381771	0.000952905	-0.688232	0.00125577	-1.10537	0.00073996	-0.642168	-0.00101492	-0.29627	-0.00418026	-0.0536152	-0.00866336	0.10302	-0.0141558	0.191526	-0.0202114	0.228811	-0.0263298	0.229841	-0.0320313	0.207213	-0.0369142	0.171107	-0.0406926	0.129495	-0.043214	0.0885027	-0.0444616	0.0528377	-0.0445423	0.0262171	-0.0436676	0.0117498	-0.0421301	0.0122269	-0.0402791	0.0126474	-0.0384985	0.013014	-0.0367852	0.0133295	-0.0351364	0.0135967	-0.0335493	0.0138179	-0.0320213	0.0139956	-0.0305498	0.014132	-0.0291324	0.0142293	-0.0277668	0.0142896	-0.026451	0.0143148	-0.0251827	0.0143068	-0.0239599	0.0142673	-0.0227809	0.0141981	-0.0216437	0.0141008	-0.0205467	0.0139769	-0.0194881	0.0138278	-0.0184664	0.0136551	-0.0174802	0.0134598	-0.0165279	0.0132435	-0.0156081	0.0130071	-0.0147196	0.012752	-0.0138612	0.0124791	-0.0130315	0.0121896	-0.0122295	0.0118843	-0.0114541	0.0115643	-0.0107041	0.0112304	-0.00997874	0.0108834	-0.0092769	0.0105243	-0.00859771	0.0101537	-0.00794028	0.00977246	-0.00730379	0.00938118	-0.00668743	0.00898056	-0.00609043	0.00857123	-0.00551207	0.00815379	-0.00495165	0.00772883	-0.00440848	0.00729687	-0.00388194	0.00685845	-0.0033714	0.00641406	-0.00287627	0.00596417	-0.00239599	0.00550921	-0.00193003	0.00504963	-0.00147786	0.00458583	-0.00103899	0.00411818	-0.000612938	0.00364706	-0.000199255	0.00317281	0.000202498	0.00269576	0.000592739	0.00221624	0.000971869	0.00173453	0.00134027	0.00125093	0.00169832	0.000765696	0.00204637	0.000279094	0.00238476	-0.000208634	0.00271381	-0.000697257	0.00303383	-0.00118656	0.00334514	-0.00167632	0.00364802	-0.00216635	0.00394274	-0.00265646	0.00422957	-0.00314647	0.00450877	-0.00363622	0.00478059	-0.00412553	0.00504525	-0.00461426	0.005303	-0.00510227	0.00555404	-0.00558942	0.0057986	-0.00607557	0.00603686	-0.00656061	0.00626903	-0.00704441	0.0064953	-0.00752688	0.00671584	-0.0080079	0.00693083	-0.00848738	0.00714044	-0.00896523	0.00734482	-0.00944135	0.00754414	-0.00991567	0.00773854	-0.0103881	0.00792818	-0.0108586	0.00811317	-0.011327	0.00829368	-0.0117934	0.00846981	-0.0122576	0.0086417	-0.0127196	0.00880947	-0.0131794	0.00897324	-0.0136368	0.00913311	
0.0285989	-0.00733907	0.0366635	-0.0295871	0.0264144	-0.0743431	-0.0130361	-0.149031	-0.0924597	-0.260695	-0.125344	-0.319225	-0.12668	-0.336938	-0.108921	-0.324866	-0.081878	-0.292664	-0.0528459	-0.248562	-0.0268607	-0.199344	-0.0070112	-0.150378	0.00525435	-0.105657	0.00986403	-0.0678712	0.00792219	-0.038478	0.0015794	-0.017792	-0.00603458	-0.00506939	-0.0108338	0.00140467	-0.00778541	0.00423103	-0.00498428	0.0068123	-0.00241635	0.00916255	-6.82584e-05	0.0112951	0.00207268	0.0132227	0.00401847	0.0149573	0.00578053	0.0165102	0.00736965	0.0178922	0.00879606	0.0191136	0.0100695	0.0201841	0.0111991	0.0211128	0.0121936	0.0219083	0.0130612	0.022579	0.0138098	0.0231326	0.0144468	0.0235765	0.0149792	0.0239177	0.0154135	0.0241629	0.0157561	0.0243181	0.016013	0.0243895	0.0161897	0.0243826	0.0162916	0.0243026	0.0163237	0.0241547	0.0162907	0.0239435	0.0161972	0.0236735	0.0160473	0.023349	0.0158453	0.022974	0.0155947	0.0225522	0.0152992	0.0220872	0.0149622	0.0215824	0.0145869	0.0210409	0.0141764	0.0204658	0.0137333	0.0198599	0.0132605	0.0192258	0.0127605	0.0185661	0.0122356	0.0178832	0.0116881	0.0171792	0.0111202	0.0164563	0.0105337	0.0157165	0.00993064	0.0149615	0.00931272	0.0141933	0.00868161	0.0134133	0.00803886	0.0126232	0.00738595	0.0118244	0.00672425	0.0110182	0.00605504	0.010206	0.00537953	0.00938885	0.00469886	0.00856799	0.00401409	0.00774442	0.00332621	0.00691912	0.00263614	0.00609301	0.00194476	0.00526693	0.00125287	0.00444169	0.00056123	0.00361802	-0.000129463	0.00279662	-0.000818554	0.00197811	-0.00150544	0.00116311	-0.00218954	0.000352147	-0.00287036	-0.000454255	-0.00354739	-0.00125563	-0.00422021	-0.00205154	-0.00488838	-0.00284159	-0.00555154	-0.00362541	-0.00620934	-0.00440267	-0.00686145	-0.00517306	-0.00750759	-0.0059363	-0.00814749	-0.00669213	-0.00878092	-0.00744034	-0.00940764	-0.0081807	-0.0100275	-0.00891303	-0.0106402	-0.00963718	-0.0112458	-0.010353	-0.0118439	-0.0110603	-0.0124346	-0.0117591	-0.0130177	-0.0124492	-0.0135931	-0.0131306	-0.0141607	-0.0138031	-0.0147206	-0.0144668	-0.0152725	-0.0151216	-0.0158165	-0.0157674	-0.0163526	-0.0164042	-0.0168807	-0.0170321	
-0.0894464	0.000871484	-0.216211	0.00269806	-0.422708	0.00504435	-0.725728	0.00721444	-1.13787	0.00848835	-0.669305	0.00831648	-0.318465	0.00644287	-0.0717863	0.0029162	0.08772	-0.00196436	0.177919	-0.00773382	0.215866	-0.0138524	0.216825	-0.0197878	0.193824	-0.0250806	0.157603	-0.0293892	0.116818	-0.0325162	0.0783955	-0.0344172	0.0479428	-0.0351986	0.0301448	-0.0351062	0.0290836	-0.0345103	0.0280633	-0.0338899	0.0270814	-0.0332474	0.0261357	-0.0325849	0.0252241	-0.0319044	0.0243444	-0.0312077	0.0234949	-0.0304966	0.0226735	-0.0297728	0.0218788	-0.0290378	0.021109	-0.0282931	0.0203625	-0.0275401	0.0196381	-0.02678	0.0189342	-0.0260141	0.0182497	-0.0252435	0.0175832	-0.0244693	0.0169338	-0.0236924	0.0163002	-0.0229138	0.0156816	-0.0221344	0.0150769	-0.0213549	0.0144852	-0.0205761	0.0139058	-0.0197988	0.0133378	-0.0190235	0.0127805	-0.018251	0.0122331	-0.0174817	0.0116951	-0.0167161	0.0111658	-0.0159548	0.0106446	-0.0151982	0.010131	-0.0144468	0.00962456	-0.0137008	0.00912469	-0.0129607	0.00863099	-0.0122267	0.00814306	-0.0114992	0.00766049	-0.0107784	0.00718293	-0.0100646	0.00671004	-0.00935799	0.00624151	-0.00865874	0.00577704	-0.00796705	0.00531637	-0.00728307	0.00485922	-0.00660695	0.00440538	-0.0059388	0.00395463	-0.00527873	0.00350675	-0.00462683	0.00306157	-0.00398318	0.00261891	-0.00334784	0.00217861	-0.00272087	0.00174053	-0.0021023	0.00130452	-0.00149217	0.000870477	-0.000890488	0.000438273	-0.00029727	7.80934e-06	0.000287486	-0.000421008	0.000863786	-0.000848266	0.00143164	-0.00127404	0.00199109	-0.0016984	0.00254214	-0.00212141	0.00308483	-0.00254312	0.00361922	-0.00296359	0.00414533	-0.00338286	0.00466323	-0.00380096	0.00517297	-0.00421793	0.00567461	-0.00463381	0.0061682	-0.0050486	0.00665383	-0.00546234	0.00713155	-0.00587503	0.00760144	-0.0062867	0.00806358	-0.00669735	0.00851805	-0.00710698	0.00896492	-0.00751561	0.00940427	-0.00792323	0.0098362	-0.00832984	0.0102608	-0.00873544	0.0106781	-0.00914002	0.0110883	-0.00954357	0.0114913	-0.0099461	0.0118874	-0.0103476	0.0122766	-0.010748	0.0126589	-0.0111474	0.0130346	-0.0115456	0.0134036	-0.0119428	0.0137661	-0.0123389	0.0141221	-0.0127338	0.0144718	
0.0290239	-0.00419479	0.0446291	-0.0178463	0.0502273	-0.047006	0.0365392	-0.0982375	-0.00644973	-0.178338	-0.0890742	-0.294058	-0.124715	-0.35526	-0.128483	-0.374426	-0.113094	-0.362887	-0.0886704	-0.330669	-0.0627928	-0.286381	-0.0406769	-0.237155	-0.0254065	-0.188619	-0.0181582	-0.144898	-0.0183812	-0.108645	-0.0239138	-0.081083	-0.031038	-0.0620623	-0.0344887	-0.0501266	-0.0274543	-0.0425848	-0.0209602	-0.0355882	-0.0149762	-0.0291068	-0.00947383	-0.023112	-0.00442607	-0.0175766	0.000192756	-0.0124751	0.00440702	-0.00778288	0.00823981	-0.00347693	0.011713	0.000464755	0.0148475	0.00406298	0.0176628	0.0073375	0.0201777	0.010307	0.0224099	0.0129893	0.0243762	0.0154012	0.0260924	0.0175586	0.0275737	0.0194767	0.0288344	0.0211698	0.0298879	0.0226515	0.0307471	0.0239346	0.0314242	0.0250313	0.0319305	0.0259531	0.0322771	0.0267111	0.0324743	0.0273155	0.0325317	0.0277761	0.0324587	0.0281023	0.0322639	0.0283027	0.0319556	0.0283857	0.0315417	0.0283592	0.0310295	0.0282306	0.030426	0.0280068	0.0297379	0.0276946	0.0289714	0.0273003	0.0281323	0.0268297	0.0272263	0.0262885	0.0262585	0.025682	0.0252341	0.0250152	0.0241576	0.0242928	0.0230335	0.0235192	0.021866	0.0226987	0.0206589	0.0218352	0.019416	0.0209325	0.0181408	0.019994	0.0168365	0.0190232	0.0155063	0.0180232	0.0141531	0.0169968	0.0127796	0.0159468	0.0113883	0.0148759	0.00998178	0.0137866	0.0085622	0.012681	0.00713171	0.0115614	0.00569233	0.0104298	0.00424591	0.00928814	0.00279421	0.00813815	0.00133888	0.00698152	-0.000118543	0.00581982	-0.00157663	0.00465452	-0.00303405	0.00348698	-0.00448954	0.00231848	-0.00594193	0.00115022	-0.00739016	-1.66935e-05	-0.0088332	-0.00118123	-0.0102701	-0.00234241	-0.0117001	-0.00349935	-0.0131222	-0.00465122	-0.0145358	-0.00579725	-0.0159402	-0.00693673	-0.0173348	-0.00806899	-0.0187189	-0.00919344	-0.0200921	-0.0103095	-0.0214538	-0.0114167	-0.0228036	-0.0125145	-0.0241412	-0.0136026	-0.0254661	-0.0146805	-0.026778	-0.0157478	-0.0280766	-0.0168043	-0.0293617	-0.0178497	-0.030633	-0.0188837	-0.0318904	-0.0199061	-0.0331335	-0.0209166	-0.0343624	-0.0219152	-0.0355769	-0.0229016	
-0.0280984	0.00125706	-0.0937999	0.0041063	-0.220008	0.00821886	-0.425854	0.0128552	-0.728441	0.0171084	-1.14057	0.0201253	-0.672525	0.0212873	-0.322772	0.0203201	-0.0777123	0.0172922	0.0797495	0.01255	0.167661	0.00662254	0.203348	0.000121823	0.202447	-0.00634858	0.178473	-0.0122666	0.142782	-0.0172453	0.104775	-0.0210664	0.0722366	-0.0236987	0.0517111	-0.025304	0.0488314	-0.0262349	0.0461081	-0.0270288	0.0435325	-0.0276943	0.0410963	-0.0282393	0.0387918	-0.0286714	0.0366115	-0.028998	0.0345484	-0.0292258	0.0325959	-0.0293612	0.0307477	-0.0294104	0.0289979	-0.0293792	0.0273408	-0.029273	0.025771	-0.029097	0.0242834	-0.0288561	0.0228734	-0.028555	0.0215363	-0.0281979	0.0202679	-0.027789	0.019064	-0.0273322	0.0179209	-0.0268311	0.0168349	-0.0262894	0.0158026	-0.0257101	0.0148207	-0.0250965	0.0138861	-0.0244515	0.0129959	-0.0237777	0.0121475	-0.0230778	0.0113381	-0.0223542	0.0105653	-0.0216093	0.00982686	-0.0208451	0.00912054	-0.0200638	0.00844428	-0.0192672	0.00779613	-0.0184571	0.00717426	-0.0176353	0.00657693	-0.0168033	0.00600251	-0.0159626	0.00544946	-0.0151146	0.00491632	-0.0142607	0.00440173	-0.013402	0.00390441	-0.0125397	0.00342313	-0.0116749	0.00295676	-0.0108086	0.00250423	-0.00994165	0.00206452	-0.00907504	0.0016367	-0.00820956	0.00121987	-0.00734595	0.000813194	-0.00648492	0.000415892	-0.00562713	2.72281e-05	-0.0047732	-0.000353486	-0.00392368	-0.000726896	-0.0030791	-0.00109361	-0.00223993	-0.00145418	-0.00140663	-0.00180914	-0.000579596	-0.00215899	0.000240791	-0.00250419	0.00105419	-0.00284515	0.00186028	-0.00318229	0.00265879	-0.00351598	0.00344946	-0.00384656	0.00423204	-0.00417434	0.00500634	-0.00449964	0.00577217	-0.00482272	0.00652935	-0.00514384	0.00727774	-0.00546324	0.00801722	-0.00578113	0.00874767	-0.00609771	0.00946899	-0.00641316	0.0101811	-0.00672767	0.010884	-0.00704137	0.0115775	-0.0073544	0.0122617	-0.00766691	0.0129365	-0.00797899	0.0136018	-0.00829077	0.0142578	-0.00860232	0.0149043	-0.00891373	0.0155415	-0.00922509	0.0161693	-0.00953645	0.0167877	-0.00984787	0.0173968	-0.0101594	0.0179967	-0.0104711	0.0185873	-0.010783	0.0191687	-0.0110951	0.0197411	-0.0114075	0.0203043	
0.025283	-0.00161454	0.0435727	-0.00812628	0.0582519	-0.024168	0.0619196	-0.0554058	0.0458762	-0.108222	0.000405092	-0.189399	-0.0847493	-0.305795	-0.123043	-0.367468	-0.129755	-0.387144	-0.117794	-0.376408	-0.0974385	-0.345513	-0.0763167	-0.303236	-0.0595097	-0.256781	-0.0497061	-0.211724	-0.0473441	-0.171981	-0.0507121	-0.139819	-0.0559948	-0.115873	-0.0572802	-0.0991891	-0.0465613	-0.0872795	-0.0366511	-0.0761906	-0.0275051	-0.0658776	-0.0190809	-0.056298	-0.0113383	-0.0474114	-0.00423907	-0.0391796	0.00225297	-0.0315663	0.00817215	-0.0245369	0.0135511	-0.0180589	0.0184206	-0.0121012	0.0228101	-0.00663442	0.0267474	-0.00163057	0.0302588	0.00293679	0.0333692	0.00709274	0.0361025	0.0108611	0.038481	0.0142644	0.0405261	0.0173241	0.0422579	0.0200604	0.0436956	0.0224925	0.0448572	0.0246387	0.0457599	0.0265163	0.0464201	0.0281415	0.0468529	0.0295298	0.0470731	0.0306961	0.0470945	0.031654	0.0469301	0.0324168	0.0465922	0.032997	0.0460926	0.0334063	0.0454423	0.0336558	0.0446518	0.0337562	0.043731	0.0337175	0.0426893	0.033549	0.0415354	0.0332597	0.0402778	0.0328581	0.0389244	0.0323521	0.0374825	0.0317492	0.0359594	0.0310567	0.0343615	0.0302813	0.0326952	0.0294292	0.0309664	0.0285065	0.0291807	0.0275189	0.0273434	0.0264717	0.0254593	0.02537	0.0235333	0.0242184	0.0215696	0.0230216	0.0195724	0.0217836	0.0175457	0.0205085	0.0154931	0.0192	0.013418	0.0178616	0.0113237	0.0164967	0.00921317	0.0151084	0.00708935	0.0136995	0.00495487	0.0122729	0.00281224	0.0108311	0.000663824	0.00937648	-0.00148819	0.00791139	-0.00364175	0.00643793	-0.00579493	0.00495808	-0.00794594	0.0034737	-0.0100931	0.00198653	-0.0122349	0.000498205	-0.0143697	-0.000989768	-0.0164964	-0.00247598	-0.0186137	-0.0039591	-0.0207203	-0.00543792	-0.0228152	-0.00691129	-0.0248975	-0.00837817	-0.0269661	-0.00983757	-0.0290204	-0.0112886	-0.0310593	-0.0127304	-0.0330824	-0.0141622	-0.0350889	-0.0155833	-0.0370782	-0.0169931	-0.0390499	-0.018391	-0.0410033	-0.0197764	-0.0429381	-0.0211488	-0.0448539	-0.0225077	-0.0467503	-0.0238529	-0.0486271	-0.0251839	-0.0504839	-0.0265003	-0.0523205	-0.027802	
0.0129113	0.00152013	-0.00875001	0.00511649	-0.0737163	0.0106085	-0.201052	0.0173053	-0.409376	0.024231	-0.715372	0.0303416	-1.13151	0.0347247	-0.667807	0.0367597	-0.322524	0.0362118	-0.0818692	0.033216	0.0714556	0.0282002	0.155748	0.0217794	0.188661	0.0146469	0.186266	0.00747436	0.162637	0.000830684	0.129823	-0.00487993	0.0980352	-0.00946048	0.0759544	-0.0129482	0.0710316	-0.0156295	0.0663947	-0.0180472	0.062028	-0.0202168	0.0579167	-0.022153	0.0540464	-0.0238696	0.050404	-0.0253799	0.0469766	-0.0266963	0.0437523	-0.0278307	0.0407196	-0.0287943	0.0378676	-0.0295977	0.0351862	-0.030251	0.0326655	-0.0307636	0.0302965	-0.0311446	0.0280703	-0.0314026	0.0259787	-0.0315455	0.0240139	-0.0315811	0.0221684	-0.0315166	0.0204352	-0.0313587	0.0188077	-0.0311139	0.0172795	-0.0307885	0.0158448	-0.030388	0.0144978	-0.0299181	0.0132333	-0.0293838	0.0120462	-0.0287899	0.0109317	-0.0281412	0.00988532	-0.027442	0.00890276	-0.0266962	0.00798	-0.0259079	0.00711323	-0.0250806	0.00629885	-0.0242177	0.00553346	-0.0233226	0.00481383	-0.0223982	0.00413694	-0.0214475	0.00349992	-0.020473	0.00290007	-0.0194775	0.00233484	-0.0184632	0.00180182	-0.0174323	0.00129875	-0.0163872	0.00082349	-0.0153296	0.000374026	-0.0142614	-5.15373e-05	-0.0131845	-0.000454986	-0.0121004	-0.000837999	-0.0110106	-0.00120216	-0.00991666	-0.00154895	-0.00881986	-0.00187976	-0.00772144	-0.00219592	-0.00662259	-0.00249866	-0.0055244	-0.00278912	-0.00442787	-0.00306839	-0.00333395	-0.0033375	-0.00224354	-0.00359739	-0.00115743	-0.00384896	-7.63912e-05	-0.00409304	0.000998877	-0.00433041	0.00206773	-0.0045618	0.00312956	-0.00478789	0.00418382	-0.00500931	0.00523001	-0.00522666	0.00626766	-0.00544049	0.00729635	-0.0056513	0.00831569	-0.00585958	0.00932532	-0.00606576	0.0103249	-0.00627025	0.0113142	-0.00647343	0.012293	-0.00667566	0.0132609	-0.00687724	0.0142178	-0.00707848	0.0151636	-0.00727965	0.016098	-0.00748099	0.0170209	-0.00768274	0.0179322	-0.00788511	0.0188319	-0.00808827	0.0197198	-0.00829241	0.0205958	-0.00849768	0.02146	-0.00870421	0.0223123	-0.00891213	0.0231526	-0.00912156	0.023981	-0.00933258	0.0247975	-0.00954528	0.0256021	-0.00975974	0.0263948	
0.0191297	0.00042611	0.0366993	-0.000354271	0.055275	-0.00570161	0.0693624	-0.0203764	0.0718425	-0.050212	0.0541595	-0.101785	0.00662774	-0.182084	-0.0810586	-0.298175	-0.12245	-0.360303	-0.132922	-0.381347	-0.125428	-0.37299	-0.110188	-0.345505	-0.0945974	-0.307597	-0.0832612	-0.266281	-0.0780737	-0.226806	-0.0782884	-0.192613	-0.0805568	-0.16532	-0.0789386	-0.144738	-0.0649129	-0.128905	-0.0519343	-0.114137	-0.0399452	-0.100377	-0.028891	-0.0875688	-0.0187199	-0.0756613	-0.00938261	-0.0646049	-0.000832476	-0.0543527	0.00697481	-0.0448603	0.0140813	-0.0360855	0.0205268	-0.0279883	0.0263492	-0.0205306	0.0315844	-0.0136764	0.0362663	-0.00739157	0.0404272	-0.00164366	0.0440978	0.00359808	0.047307	0.0083628	0.0500823	0.0126782	0.0524498	0.0165704	0.0544341	0.0200643	0.0560587	0.0231834	0.0573458	0.0259502	0.0583163	0.0283856	0.0589901	0.0305099	0.0593862	0.0323419	0.0595223	0.0338996	0.0594153	0.0352001	0.0590812	0.0362596	0.0585352	0.0370932	0.0577916	0.0377155	0.0568639	0.0381401	0.055765	0.0383801	0.0545069	0.0384476	0.0531012	0.0383542	0.0515587	0.0381109	0.0498895	0.0377281	0.0481035	0.0372156	0.0462096	0.0365827	0.0442166	0.035838	0.0421326	0.0349899	0.0399652	0.0340462	0.0377218	0.0330143	0.0354092	0.0319011	0.0330338	0.0307131	0.0306017	0.0294567	0.0281186	0.0281375	0.02559	0.0267613	0.0230209	0.025333	0.020416	0.0238577	0.0177799	0.02234	0.0151168	0.0207841	0.0124307	0.0191941	0.0097253	0.017574	0.00700408	0.0159272	0.00427033	0.0142572	0.00152714	0.0125672	-0.00122261	0.0108602	-0.00397624	0.0091389	-0.00673121	0.00740598	-0.00948517	0.00566391	-0.0122359	0.00391498	-0.0149814	0.00216135	-0.0177197	0.000405017	-0.0204491	-0.00135213	-0.0231678	-0.00310834	-0.0258744	-0.00486198	-0.0285675	-0.00661153	-0.0312456	-0.00835558	-0.0339077	-0.0100928	-0.0365525	-0.011822	-0.039179	-0.0135421	-0.0417863	-0.0152519	-0.0443735	-0.0169506	-0.0469399	-0.0186372	-0.0494846	-0.020311	-0.052007	-0.0219712	-0.0545066	-0.0236171	-0.0569828	-0.025248	-0.059435	-0.0268635	-0.061863	-0.028463	-0.0642662	-0.030046	-0.0666444	-0.0316121	
0.0376958	0.00165846	0.0456754	0.00570404	0.0248561	0.0121209	-0.0422253	0.0203357	-0.173652	0.0294082	-0.387266	0.0382247	-0.699163	0.0456881	-1.12138	0.0508944	-0.663634	0.0532744	-0.323942	0.0526709	-0.0883105	0.0493108	0.060785	0.0437158	0.141922	0.0365885	0.173128	0.028694	0.17096	0.0207524	0.150105	0.0133493	0.123337	0.00686575	0.101668	0.00142695	0.0945902	-0.00313337	0.0879344	-0.0072966	0.0816776	-0.0110856	0.0757979	-0.0145219	0.0702747	-0.0176262	0.0650882	-0.0204178	0.0602197	-0.0229152	0.0556516	-0.0251358	0.051367	-0.0270964	0.0473499	-0.0288124	0.0435854	-0.0302988	0.040059	-0.0315698	0.0367572	-0.0326385	0.0336672	-0.0335178	0.0307768	-0.0342194	0.0280744	-0.0347549	0.025549	-0.0351348	0.0231904	-0.0353693	0.0209887	-0.0354681	0.0189346	-0.0354401	0.0170193	-0.0352941	0.0152345	-0.0350381	0.0135723	-0.0346798	0.0120252	-0.0342265	0.0105862	-0.0336851	0.00924856	-0.0330619	0.00800599	-0.0323632	0.00685252	-0.0315947	0.00578249	-0.0307619	0.00479055	-0.02987	0.00387166	-0.0289237	0.00302105	-0.0279277	0.0022342	-0.0268864	0.00150687	-0.0258037	0.000835019	-0.0246835	0.000214868	-0.0235295	-0.000357169	-0.022345	-0.000884471	-0.0211332	-0.00137023	-0.0198972	-0.00181744	-0.0186398	-0.00222894	-0.0173637	-0.00260739	-0.0160712	-0.00295532	-0.0147649	-0.00327509	-0.0134469	-0.00356892	-0.0121193	-0.00383892	-0.0107839	-0.00408705	-0.00944267	-0.00431516	-0.00809722	-0.004525	-0.00674916	-0.0047182	-0.00539996	-0.0048963	-0.004051	-0.00506073	-0.00270356	-0.00521284	-0.00135886	-0.0053539	-1.79931e-05	-0.00548509	0.001318	-0.00560752	0.00264815	-0.00572222	0.00397157	-0.00583016	0.00528745	-0.00593225	0.00659502	-0.00602932	0.00789357	-0.00612215	0.00918247	-0.00621149	0.0104611	-0.00629801	0.011729	-0.00638233	0.0129856	-0.00646505	0.0142304	-0.0065467	0.0154631	-0.00662779	0.0166833	-0.00670877	0.0178906	-0.00679008	0.0190848	-0.00687211	0.0202656	-0.00695521	0.0214328	-0.00703972	0.022586	-0.00712594	0.0237253	-0.00721414	0.0248504	-0.00730457	0.0259612	-0.00739746	0.0270576	-0.00749302	0.0281395	-0.00759141	0.0292068	-0.00769281	0.0302595	-0.00779737	0.0312976	-0.0079052	0.0323211	
0.0119747	0.00195874	0.026676	0.00557127	0.0454339	0.00859046	0.0645275	0.0071444	0.0784729	-0.00394783	0.08015	-0.0308586	0.0609844	-0.0804303	0.011258	-0.159847	-0.0793685	-0.276306	-0.124457	-0.340112	-0.139338	-0.364131	-0.136822	-0.359956	-0.126831	-0.33768	-0.116251	-0.305729	-0.108904	-0.270733	-0.105564	-0.237434	-0.103981	-0.208641	-0.0988931	-0.185205	-0.0820567	-0.166037	-0.0664665	-0.148138	-0.0520541	-0.13144	-0.0387548	-0.115878	-0.026507	-0.10139	-0.0152523	-0.0879174	-0.00493525	-0.0754045	0.00449666	-0.0637986	0.0130933	-0.0530495	0.0209021	-0.0431097	0.0279679	-0.0339341	0.0343334	-0.0254799	0.0400388	-0.0177065	0.0451225	-0.0105753	0.0496209	-0.00404992	0.0535683	0.00190442	0.0569975	0.00732054	0.0599395	0.0122296	0.0624234	0.0166611	0.0644772	0.0206431	0.0661273	0.0242022	0.0673985	0.0273634	0.0683145	0.0301506	0.0688978	0.0325865	0.0691695	0.0346924	0.0691498	0.0364885	0.0688576	0.0379942	0.068311	0.0392275	0.067527	0.0402058	0.0665218	0.0409453	0.0653105	0.0414614	0.0639077	0.0417687	0.062327	0.0418811	0.0605812	0.0418116	0.0586826	0.0415726	0.0566426	0.0411757	0.0544723	0.0406321	0.0521818	0.0399522	0.0497809	0.0391459	0.0472788	0.0382224	0.044684	0.0371906	0.0420048	0.0360588	0.0392489	0.0348349	0.0364234	0.0335262	0.0335354	0.0321398	0.0305911	0.0306823	0.0275967	0.0291598	0.0245579	0.0275783	0.02148	0.0259432	0.0183682	0.0242598	0.0152271	0.0225329	0.0120612	0.0207672	0.00887475	0.018967	0.00567165	0.0171363	0.0024556	0.0152791	-0.000769967	0.0133987	-0.00400179	0.0114988	-0.00723686	0.00958233	-0.0104723	0.00765236	-0.0137055	0.00571165	-0.016934	0.00376279	-0.0201555	0.00180822	-0.0233678	-0.000149787	-0.026569	-0.00210911	-0.0297571	-0.00406776	-0.0329305	-0.00602391	-0.0360875	-0.00797581	-0.0392267	-0.00992189	-0.0423468	-0.0118607	-0.0454463	-0.0137907	-0.0485243	-0.0157108	-0.0515796	-0.0176198	-0.0546112	-0.0195165	-0.0576184	-0.0213999	-0.0606001	-0.0232692	-0.0635558	-0.0251235	-0.0664847	-0.026962	-0.0693863	-0.028784	-0.07226	-0.0305888	-0.0751053	-0.032376	-0.0779219	-0.0341448	
0.0501987	0.00167769	0.0762687	0.00587425	0.085142	0.0127327	0.0618142	0.0218395	-0.00998203	0.0323727	-0.147389	0.0432586	-0.367544	0.0533362	-0.686038	0.0615238	-1.11456	0.0669747	-0.662577	0.0692031	-0.327925	0.0681478	-0.0964249	0.0641331	0.0496572	0.0577705	0.129177	0.0498362	0.160527	0.0411453	0.160725	0.0324372	0.145009	0.0242782	0.126758	0.0169842	0.117591	0.0105619	0.108978	0.00466603	0.100888	-0.00073332	0.0932929	-0.00566449	0.0861658	-0.0101544	0.0794806	-0.0142285	0.0732131	-0.017911	0.06734	-0.0212248	0.0618393	-0.0241916	0.0566902	-0.0268321	0.0518729	-0.0291657	0.0473687	-0.031211	0.0431598	-0.0329853	0.0392294	-0.0345055	0.0355615	-0.0357871	0.0321409	-0.0368451	0.0289535	-0.0376935	0.0259855	-0.0383458	0.0232241	-0.0388144	0.0206571	-0.0391115	0.018273	-0.0392483	0.0160608	-0.0392355	0.0140102	-0.0390832	0.0121115	-0.0388011	0.0103552	-0.0383981	0.00873276	-0.0378829	0.00723574	-0.0372634	0.00585632	-0.0365474	0.00458708	-0.0357421	0.00342099	-0.0348543	0.0023514	-0.0338905	0.00137205	-0.0328566	0.000477002	-0.0317584	-0.000339353	-0.0306014	-0.00108231	-0.0293906	-0.00175686	-0.0281309	-0.00236773	-0.0268267	-0.00291937	-0.0254824	-0.003416	-0.0241019	-0.00386156	-0.022689	-0.00425981	-0.0212473	-0.00461426	-0.0197801	-0.00492824	-0.0182905	-0.00520488	-0.0167816	-0.00544713	-0.015256	-0.00565776	-0.0137165	-0.00583937	-0.0121653	-0.00599443	-0.0106048	-0.00612525	-0.00903708	-0.00623399	-0.00746423	-0.00632269	-0.00588807	-0.00639325	-0.00431034	-0.00644749	-0.00273268	-0.00648707	-0.00115661	-0.00651358	0.000416461	-0.00652849	0.00198522	-0.00653318	0.00354843	-0.00652895	0.00510497	-0.006517	0.00665378	-0.00649845	0.0081939	-0.00647437	0.00972441	-0.00644572	0.0112445	-0.00641343	0.0127534	-0.00637834	0.0142504	-0.00634123	0.0157349	-0.00630284	0.0172062	-0.00626385	0.0186639	-0.00622488	0.0201074	-0.00618651	0.0215364	-0.00614928	0.0229504	-0.00611367	0.0243491	-0.00608014	0.0257321	-0.0060491	0.0270993	-0.00602092	0.0284502	-0.00599596	0.0297848	-0.00597452	0.0311029	-0.00595689	0.0324042	-0.00594333	0.0336887	-0.00593405	0.0349562	-0.00592928	0.0362067	-0.00592918	0.0374402	
0.00488548	0.00301938	0.0155941	0.0097707	0.032097	0.0189547	0.0522146	0.0275501	0.0720119	0.0311014	0.0858865	0.0240068	0.0866634	-0.000188351	0.0657567	-0.0484907	0.0134728	-0.128149	-0.080463	-0.246334	-0.129492	-0.31325	-0.148737	-0.341587	-0.150683	-0.342687	-0.144758	-0.326327	-0.137145	-0.300541	-0.130706	-0.271492	-0.124971	-0.243378	-0.116149	-0.218386	-0.0971692	-0.196674	-0.0795827	-0.176382	-0.0633135	-0.157434	-0.0482892	-0.139758	-0.0344411	-0.123284	-0.0217042	-0.107948	-0.0100167	-0.0936864	0.000680215	-0.0804415	0.0104421	-0.068157	0.0193218	-0.0567797	0.0273693	-0.0462595	0.0346323	-0.0365484	0.0411558	-0.0276011	0.0469826	-0.0193748	0.0521532	-0.0118284	0.0567061	-0.00492345	0.0606777	0.00137684	0.0641026	0.00710725	0.0670135	0.0123008	0.0694415	0.0169887	0.0714161	0.0212006	0.0729651	0.0249648	0.0741149	0.0283077	0.0748907	0.0312547	0.0753159	0.0338296	0.0754132	0.0360552	0.0752038	0.0379528	0.0747078	0.039543	0.0739443	0.0408448	0.0729312	0.0418765	0.0716856	0.0426554	0.0702238	0.0431979	0.0685609	0.0435194	0.0667113	0.0436345	0.0646888	0.043557	0.0625062	0.0433001	0.0601756	0.0428762	0.0577087	0.0422969	0.0551163	0.0415733	0.0524086	0.0407158	0.0495954	0.0397344	0.0466858	0.0386384	0.0436884	0.0374365	0.0406113	0.0361371	0.0374623	0.0347481	0.0342485	0.0332768	0.0309767	0.0317302	0.0276535	0.0301149	0.0242847	0.0284371	0.0208761	0.0267027	0.017433	0.0249171	0.0139605	0.0230856	0.0104632	0.0212129	0.00694559	0.0193038	0.00341178	0.0173625	-0.000134322	0.0153931	-0.00368907	0.0133993	-0.00724904	0.0113848	-0.0108111	0.00935282	-0.0143721	0.0073066	-0.0179294	0.00524904	-0.0214804	0.00318291	-0.0250226	0.00111077	-0.0285538	-0.000964965	-0.0320718	-0.00304205	-0.0355748	-0.00511839	-0.0390609	-0.00719202	-0.0425283	-0.00926113	-0.0459757	-0.011324	-0.0494015	-0.0133791	-0.0528044	-0.015425	-0.0561832	-0.0174603	-0.0595368	-0.0194837	-0.0628642	-0.0214941	-0.0661644	-0.0234905	-0.0694365	-0.0254718	-0.0726799	-0.0274372	-0.0758939	-0.0293858	-0.0790777	-0.031317	-0.0822309	-0.0332299	-0.085353	-0.0351241	
0.0539313	0.00158819	0.0893002	0.00565207	0.116281	0.0124697	0.122686	0.021805	0.0947502	0.0330104	0.0171821	0.0451418	-0.126431	0.0570873	-0.352706	0.067707	-0.676887	0.0759807	-1.11044	0.0811473	-0.662683	0.0828179	-0.33135	0.0810286	-0.102166	0.076193	0.0427194	0.0689963	0.122314	0.0602659	0.1552	0.0508404	0.158626	0.0414485	0.148071	0.032607	0.137131	0.0245378	0.126856	0.0171052	0.117211	0.0102733	0.10816	0.00400814	0.0996709	-0.00172258	0.0917134	-0.00694945	0.0842579	-0.0117015	0.0772766	-0.0160062	0.0707432	-0.0198897	0.0646327	-0.0233767	0.0589214	-0.0264906	0.0535867	-0.0292536	0.0486075	-0.0316868	0.0439634	-0.0338102	0.0396354	-0.0356427	0.0356053	-0.037202	0.0318558	-0.0385053	0.0283708	-0.0395685	0.0251347	-0.0404069	0.0221329	-0.0410348	0.0193515	-0.0414659	0.0167775	-0.0417131	0.0143984	-0.0417885	0.0122024	-0.0417036	0.0101784	-0.0414695	0.00831581	-0.0410965	0.00660472	-0.0405942	0.00503564	-0.0399719	0.00359965	-0.0392383	0.0022883	-0.0384017	0.00109361	-0.0374698	8.00605e-06	-0.0364499	-0.00097564	-0.0353491	-0.00186408	-0.0341738	-0.00266368	-0.0329302	-0.00338048	-0.0316241	-0.00402016	-0.030261	-0.00458808	-0.0288461	-0.00508932	-0.0273842	-0.00552866	-0.02588	-0.00591061	-0.0243377	-0.00623942	-0.0227614	-0.00651911	-0.021155	-0.00675345	-0.019522	-0.00694601	-0.0178657	-0.00710014	-0.0161895	-0.00721899	-0.0144962	-0.00730554	-0.0127886	-0.00736258	-0.0110693	-0.00739273	-0.00934086	-0.00739846	-0.00760548	-0.00738209	-0.00586532	-0.0073458	-0.00412239	-0.00729163	-0.00237856	-0.00722148	-0.000635567	-0.00713716	0.00110495	-0.00704035	0.00284149	-0.00693261	0.00457263	-0.00681542	0.00629708	-0.00669014	0.00801361	-0.00655807	0.00972111	-0.00642039	0.0114185	-0.00627823	0.0131049	-0.00613261	0.0147794	-0.0059845	0.0164412	-0.0058348	0.0180895	-0.00568434	0.0197236	-0.0055339	0.021343	-0.00538417	0.022947	-0.00523582	0.0245352	-0.00508945	0.0261071	-0.00494563	0.0276622	-0.00480487	0.0292002	-0.00466763	0.0307209	-0.00453434	0.0322238	-0.00440539	0.0337087	-0.00428114	0.0351754	-0.00416191	0.0366238	-0.00404799	0.0380536	-0.00393964	0.0394648	-0.00383709	0.0408572	
-0.00138554	0.00364604	0.00499323	0.0123745	0.0178485	0.0256669	0.0362613	0.0412993	0.0576753	0.0555884	0.0779585	0.0636375	0.0914404	0.0595875	0.0909674	0.0368755	0.0680397	-0.0114937	0.0131006	-0.0926631	-0.0839369	-0.213625	-0.136265	-0.284348	-0.158683	-0.317241	-0.163244	-0.323336	-0.158825	-0.312071	-0.150911	-0.291121	-0.141509	-0.266276	-0.129148	-0.241353	-0.108927	-0.218157	-0.0901773	-0.196461	-0.0728195	-0.176187	-0.056777	-0.157257	-0.0419776	-0.139599	-0.0283527	-0.123144	-0.0158371	-0.107826	-0.00436888	-0.0935834	0.00611049	-0.0803573	0.0156567	-0.0680917	0.0243227	-0.0567335	0.0321584	-0.0462323	0.0392114	-0.0365403	0.0455269	-0.0276121	0.0511475	-0.0194048	0.0561138	-0.0118775	0.0604643	-0.00499153	0.0642353	0.00128984	0.0674616	0.00700139	0.0701758	0.0121761	0.072409	0.0168454	0.0741905	0.0210388	0.0755484	0.0247845	0.0765089	0.0281091	0.0770972	0.0310379	0.0773368	0.0335949	0.0772503	0.0358026	0.0768589	0.0376826	0.0761827	0.0392552	0.0752408	0.0405397	0.0740511	0.0415542	0.0726308	0.0423162	0.0709958	0.0428419	0.0691616	0.0431467	0.0671424	0.0432454	0.064952	0.0431518	0.0626032	0.0428789	0.0601082	0.0424391	0.0574785	0.0418442	0.054725	0.0411052	0.0518579	0.0402326	0.0488868	0.0392362	0.045821	0.0381254	0.042669	0.0369089	0.0394389	0.0355952	0.0361385	0.0341919	0.0327749	0.0327067	0.0293549	0.0311463	0.0258849	0.0295175	0.0223709	0.0278264	0.0188187	0.0260788	0.0152334	0.0242803	0.0116202	0.022436	0.00798372	0.0205509	0.00432834	0.0186295	0.000658222	0.016676	-0.00302276	0.0146946	-0.00671096	0.0126891	-0.010403	0.010663	-0.0140957	0.00861972	-0.017786	0.00656232	-0.0214713	0.00449378	-0.0251488	0.00241684	-0.0288163	0.000334085	-0.0324714	-0.00175209	-0.036112	-0.00383943	-0.0397363	-0.00592586	-0.0433424	-0.0080094	-0.0469287	-0.0100883	-0.0504936	-0.0121607	-0.0540356	-0.0142252	-0.0575536	-0.0162803	-0.0610462	-0.0183247	-0.0645125	-0.020357	-0.0679513	-0.0223762	-0.0713617	-0.0243812	-0.074743	-0.0263709	-0.0780944	-0.0283446	-0.0814151	-0.0303014	-0.0847046	-0.0322405	-0.0879624	-0.0341613	
0.0518384	0.0014017	0.0901905	0.00507055	0.126476	0.0113827	0.151337	0.0202761	0.153769	0.0313091	0.120945	0.0437331	0.0382758	0.0565799	-0.110154	0.068768	-0.34064	0.0792247	-0.668245	0.0870179	-1.10437	0.0914835	-0.658341	0.0923287	-0.327992	0.0896765	-0.0991912	0.084012	0.0457121	0.0760718	0.12547	0.0667106	0.158354	0.0567668	0.161239	0.0469405	0.14917	0.0376896	0.137838	0.0291471	0.127203	0.0212735	0.117226	0.0140311	0.107872	0.00738417	0.0991066	0.00129897	0.0908975	-0.00425663	0.083214	-0.00931307	0.0760269	-0.0138992	0.0693086	-0.0180424	0.0630329	-0.0217687	0.0571749	-0.0251025	0.0517112	-0.0280673	0.0466193	-0.0306851	0.0418782	-0.0329768	0.0374676	-0.0349622	0.0333686	-0.0366603	0.0295631	-0.0380886	0.0260341	-0.0392642	0.0227653	-0.0402029	0.0197415	-0.0409199	0.0169481	-0.0414295	0.0143713	-0.0417451	0.0119981	-0.0418796	0.00981621	-0.0418451	0.00781388	-0.0416531	0.00598008	-0.0413144	0.00430435	-0.0408393	0.00277679	-0.0402374	0.00138804	-0.0395178	0.000129236	-0.0386893	-0.001008	-0.03776	-0.00203157	-0.0367376	-0.00294898	-0.0356294	-0.0037673	-0.0344422	-0.0044932	-0.0331826	-0.00513301	-0.0318567	-0.00569268	-0.0304702	-0.00617785	-0.0290285	-0.00659383	-0.0275368	-0.00694562	-0.0259999	-0.00723796	-0.0244224	-0.00747531	-0.0228085	-0.00766188	-0.0211622	-0.00780161	-0.0194873	-0.00789825	-0.0177873	-0.00795531	-0.0160657	-0.0079761	-0.0143255	-0.00796372	-0.0125697	-0.00792111	-0.0108009	-0.00785102	-0.00902189	-0.00775604	-0.00723496	-0.00763858	-0.0054424	-0.00750094	-0.00364632	-0.00734525	-0.00184869	-0.00717352	-5.13518e-05	-0.00698761	0.00174398	-0.00678931	0.0035357	-0.00658023	0.00532233	-0.00636194	0.00710248	-0.00613586	0.00887488	-0.00590334	0.0106383	-0.00566562	0.0123917	-0.00542389	0.0141341	-0.00517921	0.0158645	-0.00493259	0.017582	-0.00468499	0.0192859	-0.00443726	0.0209754	-0.0041902	0.0226499	-0.00394457	0.0243087	-0.00370105	0.0259514	-0.00346028	0.0275774	-0.00322282	0.0291863	-0.00298923	0.0307778	-0.00275999	0.0323513	-0.00253554	0.0339067	-0.00231629	0.0354436	-0.00210262	0.0369619	-0.00189484	0.0384612	-0.00169328	0.0399415	-0.00149818	0.0414027	
-0.00635556	0.00387682	-0.00407677	0.0135161	0.00454438	0.0290159	0.0195572	0.0488856	0.0395717	0.0702402	0.0618022	0.0889944	0.0820651	0.10006	0.0947622	0.0975527	0.0928962	0.0750071	0.0681782	0.0256152	0.0112999	-0.0575227	-0.08755	-0.181128	-0.141266	-0.25489	-0.164328	-0.290962	-0.168455	-0.300146	-0.162183	-0.291704	-0.150664	-0.273197	-0.135615	-0.250374	-0.115363	-0.227099	-0.0965705	-0.205314	-0.0791585	-0.184939	-0.0630514	-0.165899	-0.0481778	-0.148121	-0.0344697	-0.131538	-0.0218627	-0.116084	-0.0102956	-0.101699	0.000289617	-0.0883236	0.00994804	-0.0759027	0.0187319	-0.0643838	0.0266909	-0.053717	0.0338719	-0.0438552	0.0403197	-0.0347533	0.0460765	-0.0263687	0.0511825	-0.0186611	0.0556757	-0.0115922	0.0595922	-0.00512558	0.0629663	0.000773232	0.0658304	0.00613691	0.0682152	0.0109965	0.0701499	0.0153813	0.0716621	0.0193192	0.072778	0.0228366	0.0735223	0.0259586	0.0739186	0.0287089	0.073989	0.03111	0.0737547	0.033183	0.0732355	0.0349483	0.0724504	0.0364249	0.0714172	0.037631	0.0701528	0.0385835	0.0686732	0.0392988	0.0669936	0.0397922	0.0651282	0.0400783	0.0630906	0.0401707	0.0608936	0.0400824	0.0585492	0.0398259	0.0560689	0.0394126	0.0534634	0.0388536	0.050743	0.0381594	0.0479172	0.0373396	0.0449952	0.0364035	0.0419855	0.0353601	0.0388961	0.0342174	0.0357348	0.0329833	0.0325086	0.0316653	0.0292243	0.0302702	0.0258883	0.0288045	0.0225066	0.0272746	0.0190849	0.0256862	0.0156284	0.0240447	0.0121421	0.0223554	0.00863068	0.0206232	0.00509861	0.0188526	0.00154997	0.0170478	-0.00201135	0.0152131	-0.00558173	0.013352	-0.00915778	0.0114684	-0.0127363	0.00956538	-0.0163143	0.00764622	-0.019889	0.00571383	-0.0234579	0.00377098	-0.0270185	0.00182025	-0.0305685	-0.000135946	-0.0341058	-0.00209535	-0.0376286	-0.00405585	-0.0411349	-0.00601547	-0.0446231	-0.0079724	-0.0480917	-0.00992491	-0.0515392	-0.0118714	-0.0549643	-0.0138105	-0.0583658	-0.0157407	-0.0617425	-0.0176608	-0.0650935	-0.0195696	-0.0684177	-0.021466	-0.0717144	-0.0233491	-0.0749828	-0.025218	-0.0782221	-0.0270717	-0.0814317	-0.0289095	-0.0846111	-0.0307308	
0.0462608	0.00112828	0.0833706	0.00415966	0.122656	0.00952259	0.157388	0.0173099	0.179292	0.0272973	0.178234	0.0389743	0.142044	0.0515918	0.0565943	0.0642294	-0.0937484	0.075884	-0.325166	0.0855781	-0.652766	0.0924792	-1.08815	0.0960189	-0.64102	0.0959878	-0.309752	0.0925765	-0.0809574	0.0863176	0.0620691	0.0779748	0.136933	0.0684102	0.16058	0.0584534	0.148431	0.0487838	0.137026	0.0398334	0.126324	0.0315622	0.116288	0.0239322	0.106881	0.0169074	0.0980683	0.0104538	0.0898183	0.00453888	0.0820995	-0.00086799	0.0748825	-0.00579595	0.0681397	-0.0102726	0.0618445	-0.0143242	0.0559719	-0.0179755	0.0504981	-0.0212501	0.0454007	-0.0241702	0.0406582	-0.0267571	0.0362504	-0.0290306	0.0321582	-0.03101	0.0283632	-0.032713	0.0248483	-0.0341568	0.0215971	-0.0353574	0.0185942	-0.0363302	0.0158249	-0.0370896	0.0132752	-0.0376494	0.0109321	-0.0380224	0.00878307	-0.0382209	0.0068163	-0.0382566	0.00502062	-0.0381404	0.00338547	-0.0378827	0.00190084	-0.0374933	0.000557275	-0.0369815	-0.000654191	-0.036356	-0.00174202	-0.0356252	-0.00271424	-0.0347969	-0.0035784	-0.0338784	-0.00434168	-0.0328768	-0.00501083	-0.0317986	-0.00559225	-0.0306501	-0.00609198	-0.0294371	-0.00651571	-0.0281651	-0.00686883	-0.0268394	-0.00715643	-0.0254649	-0.0073833	-0.0240462	-0.00755395	-0.0225876	-0.00767266	-0.0210934	-0.00774344	-0.0195672	-0.00777009	-0.0180128	-0.00775616	-0.0164336	-0.00770503	-0.0148327	-0.00761986	-0.0132132	-0.00750362	-0.0115779	-0.00735911	-0.00992943	-0.00718896	-0.00827031	-0.00699565	-0.00660283	-0.0067815	-0.00492919	-0.00654868	-0.0032514	-0.00629925	-0.00157137	-0.00603512	0.000109121	-0.00575808	0.00178843	-0.00546982	0.003465	-0.00517191	0.00513741	-0.00486582	0.00680432	-0.00455293	0.0084645	-0.00423451	0.0101168	-0.00391177	0.0117601	-0.00358582	0.0133936	-0.0032577	0.0150161	-0.00292836	0.016627	-0.00259871	0.0182255	-0.00226957	0.0198109	-0.00194171	0.0213824	-0.00161585	0.0229396	-0.00129263	0.0244819	-0.000972668	0.0260088	-0.000656512	0.0275199	-0.000344674	0.0290148	-3.76185e-05	0.0304931	0.000264228	0.0319546	0.000560478	0.0333989	0.00085078	0.0348258	0.00113482	0.0362352	0.00141231	0.0376269	
-0.00975955	0.00374867	-0.0109752	0.0133267	-0.00659078	0.0292912	0.00413045	0.0508146	0.0207422	0.0758205	0.0416421	0.101118	0.0640425	0.122536	0.0839043	0.135071	0.0958684	0.133037	0.0932288	0.11024	0.0680051	0.0601694	0.0111828	-0.0237871	-0.0868004	-0.14811	-0.138667	-0.222328	-0.158838	-0.258537	-0.159138	-0.267619	-0.148412	-0.25907	-0.132395	-0.240861	-0.113715	-0.219342	-0.0963638	-0.199182	-0.0802708	-0.180307	-0.065367	-0.162649	-0.0515875	-0.146143	-0.0388707	-0.130726	-0.0271581	-0.116341	-0.016394	-0.10293	-0.00652581	-0.0904423	0.00249651	-0.0788262	0.0107204	-0.0680343	0.018191	-0.0580212	0.024951	-0.0487441	0.0310409	-0.0401621	0.0364992	-0.0322365	0.0413623	-0.0249305	0.045665	-0.0182095	0.0494398	-0.0120402	0.0527181	-0.00639139	0.0555292	-0.00123329	0.0579011	0.00346227	0.0598604	0.00772205	0.0614321	0.0115714	0.0626401	0.0150343	0.0635068	0.0181336	0.0640538	0.0208908	0.0643011	0.0233265	0.064268	0.02546	0.0639727	0.0273096	0.0634323	0.0288928	0.0626631	0.0302261	0.0616805	0.0313251	0.060499	0.0322045	0.0591325	0.0328784	0.057594	0.0333599	0.0558958	0.0336617	0.0540496	0.0337956	0.0520664	0.0337728	0.0499567	0.0336039	0.0477302	0.0332989	0.0453963	0.0328675	0.0429638	0.0323185	0.0404409	0.0316603	0.0378355	0.0309011	0.0351549	0.0300484	0.0324062	0.0291093	0.0295958	0.0280906	0.0267301	0.0269986	0.0238147	0.0258394	0.0208552	0.0246186	0.0178568	0.0233416	0.0148243	0.0220133	0.0117623	0.0206386	0.00867505	0.0192219	0.00556668	0.0177674	0.00244094	0.0162791	-0.000698614	0.0147607	-0.00384863	0.0132157	-0.00700599	0.0116474	-0.0101678	0.0100589	-0.0133312	0.00845301	-0.0164937	0.00683256	-0.019653	0.00520006	-0.0228067	0.0035579	-0.0259527	0.00190834	-0.0290892	0.000253447	-0.0322144	-0.00140481	-0.0353264	-0.00306459	-0.0384239	-0.00472421	-0.0415052	-0.00638206	-0.0445692	-0.00803667	-0.0476145	-0.00968665	-0.05064	-0.0113307	-0.0536447	-0.0129677	-0.0566276	-0.0145965	-0.0595878	-0.0162161	-0.0625245	-0.0178255	-0.065437	-0.0194239	-0.0683245	-0.0210105	-0.0711866	-0.0225845	-0.0740227	-0.0241453	
0.0389612	0.000773756	0.0722738	0.00293698	0.110362	0.00691911	0.148815	0.0129386	0.181887	0.0209849	0.202111	0.0308118	0.19997	0.0419461	0.163726	0.0537159	0.0794889	0.0653016	-0.0683446	0.0758107	-0.296156	0.0843744	-0.619518	0.0902581	-1.0508	0.0929737	-0.600844	0.0923711	-0.269535	0.0886779	-0.0454317	0.0824442	0.0858118	0.0744376	0.139082	0.0655208	0.128375	0.0565329	0.118327	0.0481875	0.108904	0.040449	0.10007	0.0332839	0.091795	0.0266604	0.0840475	0.0205482	0.076799	0.0149187	0.0700221	0.00974468	0.0636908	0.00500035	0.0577805	0.000661235	0.0522679	-0.00329586	0.0471307	-0.00689295	0.042348	-0.0101509	0.0378999	-0.0130895	0.0337674	-0.0157275	0.0299326	-0.0180826	0.0263785	-0.0201718	0.023089	-0.0220109	0.0200488	-0.0236151	0.0172435	-0.0249988	0.0146593	-0.0261755	0.0122832	-0.0271581	0.010103	-0.0279587	0.0081069	-0.0285888	0.00628393	-0.0290595	0.00462359	-0.029381	0.00311599	-0.029563	0.00175173	-0.0296149	0.000521944	-0.0295454	-0.000581779	-0.0293628	-0.00156739	-0.0290749	-0.00244242	-0.028689	-0.00321398	-0.0282122	-0.00388881	-0.0276511	-0.00447327	-0.027012	-0.00497338	-0.0263006	-0.00539482	-0.0255227	-0.00574298	-0.0246834	-0.00602292	-0.0237877	-0.00623945	-0.0228402	-0.00639709	-0.0218455	-0.00650011	-0.0208076	-0.00655256	-0.0197305	-0.00655822	-0.0186179	-0.0065207	-0.0174732	-0.00644338	-0.0162997	-0.00632944	-0.0151005	-0.0061819	-0.0138785	-0.00600357	-0.0126364	-0.00579713	-0.0113768	-0.00556507	-0.010102	-0.00530977	-0.00881438	-0.00503343	-0.00751599	-0.00473815	-0.00620882	-0.00442587	-0.00489472	-0.00409843	-0.00357543	-0.00375757	-0.00225259	-0.00340489	-0.000927693	-0.00304191	0.000397825	-0.00267004	0.00172265	-0.00229063	0.00304554	-0.0019049	0.00436536	-0.00151402	0.00568104	-0.00111907	0.00699158	-0.000721062	0.00829607	-0.000320937	0.00959366	8.04307e-05	0.0108836	0.000482225	0.012165	0.000883688	0.0134375	0.00128412	0.0147002	0.00168287	0.0159526	0.00207934	0.0171943	0.00247297	0.0184247	0.00286325	0.0196434	0.00324971	0.0208501	0.00363191	0.0220444	0.00400947	0.0232259	0.00438203	0.0243944	0.00474924	0.0255497	0.00511082	0.0266915	0.0054665	0.0278197	
-0.0114982	0.00329666	-0.0153834	0.0119329	-0.0148483	0.0267755	-0.00872403	0.0475885	0.00327379	0.073103	0.0205521	0.101085	0.0415895	0.128406	0.0638381	0.151114	0.0835969	0.164521	0.0958883	0.163298	0.0943792	0.141599	0.0713995	0.0931958	0.0181239	0.0116506	-0.0750089	-0.109498	-0.120985	-0.179954	-0.134844	-0.212225	-0.129466	-0.217868	-0.115293	-0.207352	-0.100269	-0.189938	-0.0862928	-0.173595	-0.0733096	-0.158269	-0.0612651	-0.143906	-0.0501086	-0.130453	-0.0397915	-0.117862	-0.0302681	-0.106088	-0.0214947	-0.0950859	-0.0134299	-0.0848148	-0.00603447	-0.0752351	0.000728832	-0.0663091	0.0068954	-0.0580015	0.0124988	-0.0502783	0.0175708	-0.0431075	0.0221418	-0.0364587	0.0262402	-0.0303031	0.0298935	-0.0246132	0.0331272	-0.0193631	0.0359659	-0.014528	0.0384327	-0.0100847	0.0405498	-0.00601082	0.0423378	-0.00228542	0.0438166	0.00111148	0.045005	0.00419881	0.0459206	0.00699451	0.0465803	0.00951561	0.0470001	0.0117782	0.047195	0.0137977	0.0471793	0.0155884	0.0469667	0.0171642	0.0465699	0.018538	0.0460011	0.0197222	0.0452718	0.0207285	0.0443929	0.0215678	0.0433746	0.0222507	0.0422268	0.0227872	0.0409586	0.0231865	0.0395788	0.0234576	0.0380956	0.0236088	0.0365168	0.0236482	0.0348497	0.0235833	0.0331013	0.0234211	0.0312783	0.0231684	0.0293867	0.0228316	0.0274324	0.0224166	0.0254211	0.0219292	0.0233578	0.0213748	0.0212475	0.0207583	0.0190949	0.0200846	0.0169043	0.0193583	0.0146799	0.0185835	0.0124254	0.0177642	0.0101447	0.0169044	0.00784099	0.0160075	0.00551764	0.015077	0.00317765	0.014116	0.000823882	0.0131274	-0.001541	0.0121142	-0.00391447	0.0110789	-0.00629418	0.0100241	-0.00867792	0.00895205	-0.0110636	0.00786499	-0.0134494	0.00676499	-0.0158333	0.00565397	-0.0182138	0.00453376	-0.0205892	0.00340606	-0.0229581	0.00227247	-0.0253191	0.00113447	-0.027671	-6.52672e-06	-0.0300125	-0.00114923	-0.0323425	-0.00229241	-0.0346601	-0.00343494	-0.0369643	-0.00457575	-0.0392542	-0.00571386	-0.0415291	-0.00684836	-0.0437881	-0.00797839	-0.0460306	-0.00910316	-0.048256	-0.0102219	-0.0504638	-0.0113341	-0.0526533	-0.0124389	-0.0548242	-0.0135359	
0.0311901	0.000338138	0.059414	0.00140134	0.0937908	0.00356585	0.13188	0.00714095	0.170185	0.0123185	0.203734	0.0191317	0.225663	0.027428	0.226877	0.0368586	0.195836	0.0468906	0.118581	0.0568438	-0.0208945	0.0659528	-0.239789	0.0734538	-0.554992	0.0786891	-0.980791	0.0812155	-0.53061	0.0808976	-0.207656	0.0779539	-0.00451417	0.0729141	0.0885189	0.0665322	0.0813061	0.0596874	0.0745467	0.0532923	0.0682164	0.0473227	0.0622921	0.0417556	0.056752	0.0365691	0.0515754	0.0317425	0.0467425	0.0272562	0.0422346	0.0230914	0.0380339	0.0192305	0.0341237	0.0156566	0.0304879	0.0123538	0.0271114	0.0093069	0.0239797	0.00650163	0.0210793	0.00392432	0.0183971	0.00156205	0.0159208	-0.000597443	0.0136389	-0.00256577	0.0115402	-0.00435397	0.00961434	-0.00597248	0.00785128	-0.00743121	0.00624163	-0.00873956	0.00477646	-0.00990643	0.0034473	-0.0109403	0.00224612	-0.011849	0.00116533	-0.0126404	0.000197699	-0.0133214	-0.000663583	-0.0138989	-0.00142499	-0.0143794	-0.00209264	-0.0147689	-0.00267234	-0.0150733	-0.00316958	-0.0152979	-0.00358957	-0.0154479	-0.00393722	-0.0155284	-0.00421719	-0.0155438	-0.00443388	-0.0154985	-0.00459148	-0.0153968	-0.00469392	-0.0152425	-0.00474492	-0.0150393	-0.00474803	-0.0147907	-0.00470656	-0.0145001	-0.00462367	-0.0141705	-0.00450234	-0.013805	-0.00434537	-0.0134062	-0.00415543	-0.0129769	-0.003935	-0.0125195	-0.00368647	-0.0120363	-0.00341206	-0.0115295	-0.00311387	-0.0110013	-0.00279389	-0.0104537	-0.002454	-0.00988831	-0.00209594	-0.00930704	-0.00172138	-0.0087115	-0.00133189	-0.00810322	-0.000928935	-0.00748366	-0.000513895	-0.00685416	-8.80719e-05	-0.00621602	0.000347311	-0.00557043	0.000791105	-0.00491852	0.00124223	-0.00426134	0.00169969	-0.0035999	0.00216251	-0.0029351	0.00262983	-0.00226783	0.0031008	-0.0015989	0.00357464	-0.000929054	0.00405064	-0.000259013	0.0045281	0.000410566	0.0050064	0.00107907	0.00548494	0.00174592	0.00596317	0.00241059	0.00644058	0.00307258	0.00691669	0.00373144	0.00739106	0.00438674	0.00786328	0.00503808	0.00833297	0.00568511	0.00879977	0.0063275	0.00926337	0.00696493	0.00972347	0.00759713	0.0101798	0.00822384	0.0106321	0.00884482	0.0110801	0.00945987	0.0115237	0.0100688	
-0.0115901	0.00255393	-0.017221	0.0094553	-0.0199166	0.0217422	-0.0182991	0.0396993	-0.0115459	0.0628568	0.0005909	0.0899875	0.0177144	0.119104	0.0386614	0.147457	0.0613377	0.171544	0.0825277	0.187127	0.0977015	0.189267	0.10086	0.172378	0.0844624	0.130312	0.0395055	0.0564629	-0.0441813	-0.056095	-0.0807581	-0.117884	-0.0871411	-0.142623	-0.0789282	-0.143521	-0.070219	-0.133156	-0.0620886	-0.123387	-0.0545064	-0.114182	-0.0474433	-0.105512	-0.0408716	-0.0973502	-0.034765	-0.089669	-0.0290987	-0.0824437	-0.023849	-0.0756505	-0.0189932	-0.0692667	-0.0145102	-0.0632708	-0.0103796	-0.0576423	-0.00658206	-0.0523618	-0.00309942	-0.047411	8.5709e-05	-0.0427723	0.00298981	-0.0384291	0.00562852	-0.0343656	0.00801669	-0.0305668	0.0101684	-0.0270185	0.012097	-0.0237073	0.0138152	-0.0206201	0.0153351	-0.017745	0.016668	-0.0150703	0.0178247	-0.012585	0.0188157	-0.0102788	0.0196505	-0.00814184	0.0203385	-0.00616464	0.0208884	-0.00433836	0.0213086	-0.00265454	0.0216068	-0.00110519	0.0217906	0.000317286	0.0218671	0.00162009	0.021843	0.00281007	0.0217245	0.00389368	0.0215178	0.00487708	0.0212286	0.0057661	0.0208623	0.00656625	0.0204239	0.00728277	0.0199183	0.00792062	0.0193501	0.00848451	0.0187237	0.00897889	0.0180432	0.00940798	0.0173124	0.00977578	0.0165351	0.0100861	0.0157146	0.0103425	0.0148544	0.0105483	0.0139574	0.0107069	0.0130267	0.0108212	0.0120651	0.0108942	0.0110751	0.0109285	0.0100592	0.0109267	0.00901976	0.0108913	0.00795901	0.0108246	0.00687901	0.0107288	0.00578173	0.0106059	0.00466902	0.0104578	0.00354262	0.0102865	0.00240418	0.0100936	0.00125525	0.00988082	9.72846e-05	0.00964969	-0.00106835	0.00940167	-0.00224035	0.00913815	-0.00341752	0.00886043	-0.00459872	0.00856973	-0.00578287	0.00826721	-0.00696898	0.00795397	-0.00815609	0.00763104	-0.00934334	0.00729937	-0.0105299	0.00695988	-0.011715	0.00661342	-0.0128979	0.00626081	-0.0140779	0.0059028	-0.0152545	0.0055401	-0.016427	0.00517338	-0.0175948	0.00480325	-0.0187576	0.00443032	-0.0199147	0.00405513	-0.0210658	0.0036782	-0.0222104	0.0033	-0.0233483	0.00292099	-0.024479	0.00254159	-0.0256022	0.00216219	
0.023771	-0.000184835	0.0465123	-0.00046921	0.07593	-0.000585769	0.111222	-0.000170277	0.150845	0.00115808	0.192085	0.003724	0.230606	0.00773425	0.259982	0.0132308	0.271288	0.0200631	0.252802	0.0278833	0.18991	0.0361688	0.0653407	0.044273	-0.140127	0.0515036	-0.44632	0.0572242	-0.871507	0.060966	-0.434216	0.0625321	-0.143869	0.0620625	-0.00022244	0.0600205	-0.00133401	0.0571414	-0.0023507	0.0543747	-0.00327727	0.0517156	-0.00411824	0.0491593	-0.00487793	0.0467013	-0.00556045	0.0443374	-0.0061697	0.0420636	-0.0067094	0.0398758	-0.0071831	0.0377704	-0.00759417	0.0357439	-0.00794582	0.0337929	-0.00824113	0.0319142	-0.00848299	0.0301046	-0.00867418	0.0283613	-0.00881734	0.0266815	-0.008915	0.0250625	-0.00896954	0.0235018	-0.00898324	0.0219968	-0.00895827	0.0205454	-0.00889671	0.0191453	-0.00880053	0.0177943	-0.00867159	0.0164905	-0.00851168	0.0152319	-0.0083225	0.0140167	-0.00810568	0.0128431	-0.00786274	0.0117094	-0.00759517	0.0106141	-0.00730436	0.00955562	-0.00699164	0.00853244	-0.00665827	0.00754321	-0.00630547	0.00658657	-0.00593438	0.00566124	-0.0055461	0.00476601	-0.00514166	0.00389971	-0.00472206	0.0030612	-0.00428825	0.00224944	-0.00384112	0.00146338	-0.00338153	0.000702054	-0.00291029	-3.54756e-05	-0.00242818	-0.000750107	-0.00193594	-0.0014427	-0.00143427	-0.00211407	-0.000923835	-0.00276501	-0.000405277	-0.00339626	0.0001208	-0.00400856	0.000653819	-0.00460259	0.00119323	-0.00517901	0.00173851	-0.00573846	0.00228917	-0.00628154	0.00284473	-0.00680883	0.00340474	-0.0073209	0.00396878	-0.00781828	0.00453643	-0.00830148	0.00510732	-0.00877099	0.00568107	-0.00922729	0.00625733	-0.00967082	0.00683577	-0.010102	0.00741607	-0.0105213	0.00799795	-0.0109291	0.00858109	-0.0113258	0.00916525	-0.0117117	0.00975016	-0.0120872	0.0103356	-0.0124526	0.0109213	-0.0128083	0.011507	-0.0131546	0.0120926	-0.0134918	0.0126778	-0.0138201	0.0132625	-0.0141399	0.0138465	-0.0144514	0.0144295	-0.0147549	0.0150115	-0.0150506	0.0155924	-0.0153388	0.0161718	-0.0156197	0.0167498	-0.0158935	0.0173262	-0.0161605	0.0179008	-0.0164208	0.0184736	-0.0166746	0.0190445	-0.0169222	0.0196132	-0.0171637	0.0201798	-0.0173993	0.0207442	-0.0176291	
-0.0101317	0.00155207	-0.0165722	0.00600986	-0.0217708	0.014456	-0.024331	0.0276281	-0.02306	0.0458423	-0.0170217	0.068915	-0.0056281	0.0960839	0.0112215	0.125929	0.0329511	0.156297	0.0580715	0.184234	0.0839056	0.205926	0.106297	0.216659	0.119333	0.210804	0.115125	0.181816	0.0837214	0.122278	0.0132092	0.023968	-0.0132999	-0.025479	-0.0166201	-0.0422192	-0.0175558	-0.0425316	-0.0183666	-0.0427252	-0.0190603	-0.042808	-0.0196446	-0.0427873	-0.0201264	-0.0426702	-0.0205124	-0.0424633	-0.020809	-0.0421728	-0.0210221	-0.0418048	-0.0211575	-0.0413647	-0.0212204	-0.0408579	-0.0212159	-0.0402895	-0.0211489	-0.039664	-0.0210237	-0.038986	-0.0208447	-0.0382597	-0.0206159	-0.037489	-0.0203412	-0.0366777	-0.0200239	-0.0358293	-0.0196677	-0.0349471	-0.0192756	-0.0340343	-0.0188506	-0.0330939	-0.0183956	-0.0321286	-0.0179133	-0.0311409	-0.0174061	-0.0301335	-0.0168764	-0.0291086	-0.0163264	-0.0280683	-0.0157583	-0.0270147	-0.015174	-0.0259498	-0.0145753	-0.0248753	-0.013964	-0.0237928	-0.0133417	-0.0227041	-0.01271	-0.0216106	-0.0120701	-0.0205135	-0.0114236	-0.0194144	-0.0107716	-0.0183142	-0.0101153	-0.0172143	-0.00945585	-0.0161156	-0.00879422	-0.015019	-0.00813137	-0.0139256	-0.00746819	-0.0128362	-0.00680552	-0.0117515	-0.00614412	-0.0106722	-0.00548471	-0.00959914	-0.00482794	-0.00853281	-0.00417443	-0.00747382	-0.00352475	-0.00642268	-0.00287942	-0.0053799	-0.00223893	-0.0043459	-0.00160371	-0.00332109	-0.000974182	-0.00230585	-0.000350709	-0.0013005	0.000266366	-0.000305355	0.000876734	0.000679326	0.00148011	0.00165329	0.00207625	0.00261633	0.00266492	0.00356825	0.00324592	0.00450888	0.00381906	0.00543808	0.00438419	0.00635573	0.00494116	0.00726171	0.00548986	0.00815594	0.00603018	0.00903835	0.00656203	0.0099089	0.00708534	0.0107675	0.00760006	0.0116142	0.00810613	0.012449	0.00860354	0.0132718	0.00909225	0.0140827	0.00957226	0.0148817	0.0100436	0.0156688	0.0105062	0.016444	0.0109601	0.0172075	0.0114055	0.0179593	0.0118422	0.0186994	0.0122703	0.019428	0.0126899	0.020145	0.0131011	0.0208506	0.0135039	0.0215449	0.0138984	0.022228	0.0142845	0.0228999	0.0146625	0.0235608	0.0150324	0.0242108	
0.0171918	-0.00080663	0.0346453	-0.00271422	0.0587455	-0.0056207	0.0900427	-0.00914069	0.128674	-0.0127146	0.17395	-0.0157119	0.223867	-0.0175262	0.274579	-0.0176583	0.319823	-0.0157848	0.350368	-0.0118051	0.353535	-0.00586495	0.312902	0.00165124	0.208305	0.0101599	0.0163238	0.0189531	-0.288576	0.0273036	-0.731995	0.0345921	-0.341403	0.0404385	-0.13656	0.0448074	-0.128427	0.048045	-0.120739	0.0508868	-0.11347	0.0533568	-0.106599	0.0554777	-0.100102	0.0572711	-0.0939592	0.0587573	-0.0881505	0.0599559	-0.0826571	0.0608849	-0.0774613	0.0615618	-0.0725463	0.0620029	-0.067896	0.0622237	-0.0634953	0.062239	-0.05933	0.0620626	-0.0553865	0.0617077	-0.0516518	0.0611866	-0.0481139	0.0605111	-0.0447613	0.0596923	-0.0415829	0.0587406	-0.0385687	0.057666	-0.0357087	0.0564778	-0.0329937	0.0551848	-0.0304151	0.0537955	-0.0279645	0.0523175	-0.0256341	0.0507584	-0.0234166	0.0491251	-0.021305	0.0474243	-0.0192927	0.0456621	-0.0173735	0.0438444	-0.0155414	0.0419767	-0.013791	0.0400641	-0.012117	0.0381117	-0.0105144	0.0361238	-0.00897854	0.0341049	-0.00750508	0.0320591	-0.00608984	0.02999	-0.0047289	0.0279013	-0.00341856	0.0257963	-0.00215536	0.0236782	-0.000936021	0.0215498	0.000242536	0.019414	0.00138321	0.0172733	0.00248873	0.0151301	0.00356166	0.0129866	0.00460441	0.0108449	0.00561924	0.008707	0.00660828	0.00657467	0.00757352	0.00444961	0.00851684	0.00233336	0.00943997	0.000227383	0.0103446	-0.00186699	0.0112322	-0.00394851	0.0121042	-0.00601604	0.0129621	-0.00806854	0.013807	-0.010105	0.0146401	-0.0121246	0.0154625	-0.0141265	0.0162753	-0.01611	0.0170793	-0.0180744	0.0178755	-0.020019	0.0186647	-0.0219434	0.0194476	-0.0238471	0.020225	-0.0257296	0.0209974	-0.0275905	0.0217656	-0.0294295	0.02253	-0.0312463	0.0232912	-0.0330407	0.0240497	-0.0348124	0.0248058	-0.0365612	0.02556	-0.0382871	0.0263126	-0.0399898	0.0270639	-0.0416694	0.0278144	-0.0433257	0.0285641	-0.0449588	0.0293134	-0.0465685	0.0300625	-0.0481551	0.0308115	-0.0497184	0.0315607	-0.0512585	0.0323102	-0.0527756	0.0330601	-0.0542697	0.0338106	-0.0557409	0.0345617	-0.0571894	
-0.00726458	0.000321715	-0.0136242	0.00170957	-0.0205764	0.00517638	-0.0268666	0.011849	-0.0310756	0.0228135	-0.0317139	0.0389579	-0.0273377	0.0608138	-0.0167036	0.0883952	0.00102637	0.121038	0.0260184	0.157237	0.0574344	0.194496	0.0930362	0.229174	0.12874	0.256363	0.158152	0.269771	0.172129	0.261645	0.158437	0.22272	0.101604	0.142216	0.0796572	0.104437	0.0649893	0.0890686	0.0514329	0.0748182	0.0389261	0.0616245	0.0274103	0.0494286	0.0168299	0.0381748	0.00713222	0.0278105	-0.00173289	0.0182853	-0.00981287	0.00955189	-0.0171527	0.00156506	-0.0237952	-0.00571792	-0.0297807	-0.0123376	-0.0351477	-0.0183325	-0.0399326	-0.0237389	-0.0441698	-0.0285915	-0.0478921	-0.0329231	-0.0511304	-0.0367646	-0.0539141	-0.0401455	-0.056271	-0.0430937	-0.0582274	-0.0456355	-0.0598084	-0.047796	-0.0610375	-0.0495989	-0.0619371	-0.0510666	-0.0625284	-0.0522204	-0.0628315	-0.0530804	-0.0628654	-0.0536655	-0.0626479	-0.0539939	-0.0621962	-0.0540825	-0.0615262	-0.0539475	-0.0606531	-0.0536042	-0.0595914	-0.0530669	-0.0583546	-0.0523492	-0.0569555	-0.0514642	-0.0554062	-0.0504238	-0.0537183	-0.0492397	-0.0519025	-0.0479227	-0.049969	-0.0464831	-0.0479274	-0.0449305	-0.0457869	-0.0432741	-0.043556	-0.0415225	-0.0412428	-0.0396838	-0.0388549	-0.0377657	-0.0363995	-0.0357754	-0.0338833	-0.0337197	-0.0313127	-0.031605	-0.0286937	-0.0294374	-0.0260319	-0.0272225	-0.0233327	-0.0249656	-0.0206008	-0.0226718	-0.0178412	-0.0203458	-0.015058	-0.017992	-0.0122555	-0.0156146	-0.00943746	-0.0132174	-0.00660751	-0.0108041	-0.00376903	-0.00837816	-0.000925169	-0.00594272	0.00192111	-0.00350079	0.00476705	-0.00105518	0.00761009	0.00139152	0.0104478	0.00383686	0.013278	0.00627857	0.0160986	0.00871454	0.0189077	0.0111428	0.0217035	0.0135615	0.0244842	0.0159691	0.0272485	0.0183638	0.0299949	0.0207443	0.032722	0.0231092	0.0354288	0.0254573	0.038114	0.0277875	0.0407768	0.0300987	0.0434161	0.03239	0.0460311	0.0346605	0.0486212	0.0369094	0.0511856	0.0391361	0.0537237	0.0413398	0.0562349	0.04352	0.0587189	0.0456762	0.0611751	0.0478079	0.0636031	0.0499147	0.0660028	0.0519962	0.0683737	0.0540523	
0.0116913	-0.00154108	0.0243931	-0.00538118	0.0433838	-0.0116399	0.0703358	-0.0199405	0.106846	-0.0295487	0.154034	-0.0395066	0.212044	-0.0487622	0.279456	-0.0562894	0.352595	-0.0611977	0.424763	-0.0628257	0.485433	-0.0608123	0.519487	-0.0551411	0.506596	-0.0461479	0.420912	-0.0344878	0.231272	-0.0210565	-0.0978216	-0.00686643	-0.60415	0.00711578	-0.329285	0.0201528	-0.308311	0.0319102	-0.288524	0.0425718	-0.269861	0.0522012	-0.252259	0.0608591	-0.235661	0.0686026	-0.22001	0.0754862	-0.205255	0.0815614	-0.191346	0.0868768	-0.178236	0.0914788	-0.165881	0.0954112	-0.154237	0.0987154	-0.143266	0.101431	-0.132928	0.103594	-0.123188	0.105241	-0.114011	0.106405	-0.105367	0.107117	-0.0972224	0.107408	-0.0895499	0.107305	-0.0823216	0.106835	-0.0755115	0.106023	-0.0690949	0.104894	-0.0630486	0.10347	-0.0573504	0.101771	-0.0519795	0.0998196	-0.0469161	0.0976331	-0.0421415	0.0952299	-0.0376379	0.0926271	-0.0333888	0.0898406	-0.0293782	0.0868855	-0.0255913	0.0837761	-0.0220139	0.0805258	-0.0186326	0.0771473	-0.0154348	0.0736526	-0.0124087	0.0700527	-0.00954305	0.0663584	-0.00682714	0.0625796	-0.00425101	0.0587256	-0.00180521	0.0548053	0.000519172	0.0508269	0.00273053	0.0467982	0.00483677	0.0427265	0.00684537	0.0386186	0.00876334	0.0344809	0.0105973	0.0303195	0.0123535	0.0261399	0.0140377	0.0219475	0.0156555	0.0177471	0.0172121	0.0135434	0.0187123	0.00934058	0.0201606	0.00514269	0.0215615	0.000953457	0.0229188	-0.00322367	0.0242363	-0.00738548	0.0255177	-0.011529	0.0267661	-0.0156514	0.0279848	-0.0197502	0.0291765	-0.023823	0.0303439	-0.0278677	0.0314897	-0.0318822	0.0326162	-0.0358646	0.0337255	-0.0398134	0.0348197	-0.043727	0.0359007	-0.047604	0.0369702	-0.051443	0.0380299	-0.0552431	0.0390814	-0.059003	0.0401259	-0.062722	0.0411649	-0.0663992	0.0421995	-0.0700338	0.0432308	-0.0736253	0.0442598	-0.0771731	0.0452874	-0.0806766	0.0463146	-0.0841356	0.047342	-0.0875497	0.0483704	-0.0909186	0.0494004	-0.0942421	0.0504326	-0.0975201	0.0514675	-0.100753	0.0525056	-0.103939	0.0535473	-0.10708	0.054593	-0.110176	
-0.00315153	-0.00110685	-0.00861901	-0.00333365	-0.0166103	-0.00583933	-0.0261485	-0.0071662	-0.035711	-0.00547682	-0.0433726	0.00120787	-0.0469503	0.0147676	-0.0441728	0.0367373	-0.0328947	0.0680564	-0.01138	0.108814	0.0213266	0.157988	0.064926	0.213189	0.117285	0.270406	0.173763	0.323769	0.226466	0.365327	0.263504	0.384871	0.26832	0.369785	0.219227	0.304964	0.185907	0.269349	0.15502	0.236191	0.126434	0.205355	0.100021	0.176715	0.0756596	0.150149	0.0532367	0.125543	0.0326433	0.102789	0.0137765	0.0817825	-0.0034614	0.0624262	-0.0191631	0.0446273	-0.0334164	0.0282977	-0.0463048	0.0133536	-0.0579072	-0.000284002	-0.0682986	-0.0126904	-0.07755	-0.0239367	-0.0857289	-0.0340907	-0.092899	-0.0432162	-0.0991209	-0.0513741	-0.104452	-0.0586219	-0.108947	-0.065014	-0.112656	-0.0706022	-0.115629	-0.0754355	-0.117912	-0.0795601	-0.119549	-0.0830201	-0.120581	-0.085857	-0.121047	-0.0881102	-0.120984	-0.0898169	-0.120428	-0.0910126	-0.119412	-0.0917305	-0.117967	-0.0920023	-0.116122	-0.0918579	-0.113907	-0.0913256	-0.111347	-0.090432	-0.108468	-0.0892026	-0.105293	-0.0876611	-0.101845	-0.0858302	-0.098145	-0.0837311	-0.094213	-0.0813842	-0.0900679	-0.0788083	-0.0857274	-0.0760214	-0.0812083	-0.0730406	-0.0765266	-0.0698817	-0.0716971	-0.06656	-0.0667339	-0.0630895	-0.0616502	-0.0594837	-0.0564586	-0.0557553	-0.0511708	-0.0519161	-0.0457978	-0.0479773	-0.0403501	-0.0439494	-0.0348373	-0.0398425	-0.0292687	-0.0356657	-0.0236529	-0.0314279	-0.017998	-0.0271372	-0.0123115	-0.0228014	-0.00660057	-0.0184277	-0.000871844	-0.0140229	0.00486845	-0.00959338	0.0106145	-0.00514505	0.0163609	-0.000683489	0.0221025	0.0037861	0.0278346	0.00825885	0.0335528	0.0127302	0.039253	0.017196	0.0449314	0.0216523	0.0505845	0.0260954	0.0562089	0.0305219	0.0618017	0.0349286	0.06736	0.0393127	0.0728813	0.0436714	0.0783631	0.0480023	0.0838034	0.052303	0.0892	0.0565715	0.0945512	0.0608057	0.0998553	0.0650039	0.105111	0.0691646	0.110316	0.0732861	0.115471	0.0773673	0.120573	0.0814068	0.125621	0.0854035	0.130616	0.0893566	0.135555	0.0932652	
0.00733638	-0.00239946	0.0159769	-0.0085082	0.030369	-0.0187229	0.0531312	-0.0327005	0.0871489	-0.0495289	0.135179	-0.0678941	0.199345	-0.0862454	0.280499	-0.102955	0.377424	-0.116471	0.485879	-0.125459	0.597512	-0.128928	0.698664	-0.12633	0.769195	-0.117623	0.781445	-0.103295	0.699568	-0.0843218	0.479498	-0.0620722	0.069938	-0.0381392	-0.585222	-0.014113	-0.547526	0.00868815	-0.511976	0.0294913	-0.478456	0.0484114	-0.446855	0.0655576	-0.417069	0.0810331	-0.388998	0.094936	-0.362547	0.107359	-0.337628	0.118391	-0.314155	0.128114	-0.292048	0.136608	-0.271231	0.143948	-0.251632	0.150204	-0.233181	0.155444	-0.215814	0.159732	-0.19947	0.163127	-0.18409	0.165688	-0.169618	0.167467	-0.156003	0.168516	-0.143195	0.168883	-0.131146	0.168614	-0.119813	0.167752	-0.109153	0.166339	-0.0991269	0.164412	-0.0896959	0.162008	-0.0808248	0.159163	-0.0724797	0.155908	-0.0646287	0.152274	-0.0572414	0.148291	-0.0502894	0.143986	-0.0437455	0.139385	-0.0375841	0.134512	-0.0317811	0.12939	-0.0263136	0.124042	-0.0211601	0.118487	-0.0163002	0.112746	-0.0117146	0.106835	-0.00738509	0.100773	-0.00329462	0.0945751	0.000573043	0.0882568	0.00423315	0.0818323	0.0077001	0.075315	0.0109875	0.0687175	0.014108	0.0620515	0.0170738	0.0553281	0.0198962	0.0485577	0.0225858	0.04175	0.0251527	0.0349141	0.0276063	0.0280585	0.0299556	0.0211912	0.0322089	0.0143196	0.034374	0.00745052	0.0364583	0.000590563	0.0384686	-0.00625432	0.0404116	-0.0130785	0.0422931	-0.0198769	0.044119	-0.0266445	0.0458945	-0.033377	0.0476246	-0.0400703	0.0493139	-0.0467205	0.0509669	-0.053324	0.0525876	-0.0598778	0.0541796	-0.0663788	0.0557467	-0.0728243	0.057292	-0.0792119	0.0588185	-0.0855392	0.0603292	-0.0918043	0.0618266	-0.0980053	0.0633131	-0.104141	0.064791	-0.110209	0.0662624	-0.116208	0.0677291	-0.122138	0.069193	-0.127997	0.0706556	-0.133784	0.0721183	-0.139499	0.0735827	-0.145142	0.0750498	-0.15071	0.0765208	-0.156205	0.0779967	-0.161626	0.0794784	-0.166972	0.0809667	-0.172243	0.0824624	-0.17744	
0.00203986	-0.00270338	-0.00181856	-0.00900814	-0.0102002	-0.0183343	-0.0225212	-0.0289472	-0.037262	-0.0382782	-0.0521658	-0.0432462	-0.064416	-0.0405828	-0.0708196	-0.0271637	-0.0680263	-0.000351731	-0.0528185	0.0416502	-0.0225054	0.0994324	0.0245486	0.172002	0.0882393	0.2564	0.165871	0.347323	0.251155	0.436754	0.333088	0.513621	0.394805	0.5635	0.412521	0.568377	0.354742	0.506478	0.301111	0.448768	0.251401	0.395019	0.205396	0.345016	0.162892	0.298553	0.123694	0.255435	0.0876181	0.21548	0.0544901	0.17851	0.0241438	0.14436	-0.00357796	0.112873	-0.0288244	0.0838982	-0.0517371	0.0572945	-0.0724503	0.032927	-0.0910912	0.0106682	-0.107781	-0.0096031	-0.122633	-0.0280016	-0.135756	-0.0446362	-0.147254	-0.0596101	-0.157224	-0.0730211	-0.165757	-0.0849618	-0.172942	-0.0955202	-0.178862	-0.10478	-0.183595	-0.112819	-0.187215	-0.119712	-0.189792	-0.125531	-0.191395	-0.130343	-0.192085	-0.13421	-0.191923	-0.137193	-0.190965	-0.139349	-0.189265	-0.140731	-0.186872	-0.141392	-0.183836	-0.141378	-0.180202	-0.140735	-0.176012	-0.139507	-0.171306	-0.137734	-0.166124	-0.135455	-0.1605	-0.132706	-0.15447	-0.129522	-0.148066	-0.125935	-0.141317	-0.121976	-0.134253	-0.117674	-0.1269	-0.113056	-0.119285	-0.108147	-0.111431	-0.102974	-0.103361	-0.0975573	-0.0950966	-0.0919199	-0.0866574	-0.0860818	-0.0780627	-0.0800622	-0.0693303	-0.0738792	-0.0604768	-0.0675499	-0.0515181	-0.0610902	-0.042469	-0.0545153	-0.0333433	-0.0478391	-0.0241541	-0.0410751	-0.0149137	-0.0342357	-0.00563339	-0.0273326	0.00367594	-0.0203767	0.0130043	-0.0133785	0.0223423	-0.00634738	0.0316811	0.000707522	0.0410126	0.00777781	0.0503291	0.0148556	0.0596235	0.0219336	0.0688892	0.0290049	0.07812	0.0360631	0.0873102	0.0431024	0.0964545	0.0501171	0.105548	0.0571023	0.114586	0.0640531	0.123565	0.0709651	0.13248	0.0778343	0.141328	0.084657	0.150107	0.0914297	0.158812	0.0981492	0.167441	0.104813	0.175992	0.111418	0.184463	0.117961	0.192851	0.124442	0.201155	0.130857	0.209373	0.137205	0.217503	0.143484	
[StepResponses]
[StepRes]
0 0 199 1
0 0.00995017 0.0198013 0.0295545 0.0392106 0.0487706 0.0582355 0.0676062 0.0768837 0.0860688 0.0951626 0.104166 0.11308 0.121905 0.130642 0.139292 0.147856 0.156335 0.16473 0.173041 0.181269 0.189416 0.197481 0.205466 0.213372 0.221199 0.228948 0.236621 0.244216 0.251736 0.259182 0.266553 0.273851 0.281076 0.28823 0.295312 0.302324 0.309266 0.316139 0.322943 0.32968 0.33635 0.342953 0.349491 0.355964 0.362372 0.368716 0.374998 0.381217 0.387374 0.393469 0.399504 0.405479 0.411395 0.417252 0.42305 0.428791 0.434475 0.440102 0.445673 0.451188 0.456649 0.462056 0.467408 0.472708 0.477954 0.483149 0.488291 0.493383 0.498424 0.503415 0.508356 0.513248 0.518091 0.522886 0.527633 0.532334 0.536987 0.541594 0.546155 0.550671 0.555142 0.559568 0.563951 0.568289 0.572585 0.576838 0.581048 0.585217 0.589344 0.59343 0.597476 0.601481 0.605446 0.609372 0.613259 0.617107 0.620917 0.624689 0.628423 0.632121 0.635781 0.639405 0.642993 0.646545 0.650062 0.653544 0.656991 0.660404 0.663784 0.667129 0.670441 0.67372 0.676967 0.680181 0.683363 0.686514 0.689633 0.692721 0.695779 0.698806 0.701803 0.70477 0.707707 0.710616 0.713495 0.716346 0.719168 0.721963 0.724729 0.727468 0.73018 0.732865 0.735523 0.738154 0.74076 0.743339 0.745893 0.748421 0.750925 0.753403 0.755857 0.758286 0.760691 0.763072 0.76543 0.767764 0.770075 0.772362 0.774627 0.77687 0.77909 0.781288 0.783464 0.785619 0.787752 0.789864 0.791955 0.794025 0.796074 0.798103 0.800112 0.802101 0.80407 0.80602 0.80795 0.809861 0.811753 0.813626 0.81548 0.817316 0.819134 0.820934 0.822716 0.82448 0.826226 0.827955 0.829667 0.831362 0.83304 0.834701 0.836346 0.837974 0.839586 0.841183 0.842763 0.844327 0.845876 0.84741 0.848928 0.850431 0.85192 0.853393 0.854852 0.856296 0.857726 0.859142 0.860543 0.861931 
[StepRes]
0 1 199 1
0 0 0 0 0 0 0 0 0 0 0 0 0 0 0 0 0 0 0 0 0 0 0 0 0 0 0 0 0 0 0 0 0 0 0 0 0 0 0 0 0 0 0 0 0 0 0 0 0 0 0 0 0 0 0 0 0 0 0 0 0 0 0 0 0 0 0 0 0 0 0 0 0 0 0 0 0 0 0 0 0 0 0 0 0 0 0 0 0 0 0 0 0 0 0 0 0 0 0 0 0 0 0 0 0 0 0 0 0 0 0 0 0 0 0 0 0 0 0 0 0 0 0 0 0 0 0 0 0 0 0 0 0 0 0 0 0 0 0 0 0 0 0 0 0 0 0 0 0 0 0 0 0 0 0 0 0 0 0 0 0 0 0 0 0 0 0 0 0 0 0 0 0 0 0 0 0 0 0 0 0 0 0 0 0 0 0 0 0 0 0 0 0 0 0 0 0 0 0 
[StepRes]
1 0 199 1
0 0 0.000965722 0.00283094 0.00553306 0.00901287 0.0132144 0.0180849 0.0235744 0.0296357 0.0362243 0.0432982 0.0508178 0.0587457 0.0670466 0.0756872 0.0846364 0.0938645 0.103344 0.113048 0.122953 0.133035 0.143273 0.153646 0.164135 0.174722 0.185391 0.196125 0.206909 0.21773 0.228576 0.239433 0.25029 0.261137 0.271965 0.282764 0.293525 0.304241 0.314904 0.325509 0.336047 0.346515 0.356905 0.367215 0.377438 0.387572 0.397611 0.407554 0.417397 0.427137 0.436772 0.446299 0.455717 0.465024 0.474218 0.483298 0.492264 0.501114 0.509847 0.518463 0.526962 0.535343 0.543606 0.551751 0.559778 0.567688 0.575481 0.583156 0.590716 0.598159 0.605488 0.612702 0.619802 0.626789 0.633665 0.640429 0.647083 0.653628 0.660066 0.666396 0.672621 0.67874 0.684757 0.690671 0.696484 0.702197 0.707811 0.713328 0.718749 0.724075 0.729308 0.734448 0.739497 0.744456 0.749327 0.754111 0.758808 0.763421 0.767951 0.772398 0.776765 0.781052 0.78526 0.789392 0.793447 0.797428 0.801335 0.80517 0.808934 0.812628 0.816253 0.819811 0.823302 0.826727 0.830089 0.833387 0.836623 0.839798 0.842913 0.84597 0.848968 0.85191 0.854795 0.857626 0.860403 0.863127 0.865799 0.86842 0.870991 0.873513 0.875986 0.878412 0.880791 0.883125 0.885413 0.887658 0.889859 0.892018 0.894135 0.896212 0.898248 0.900245 0.902203 0.904123 0.906006 0.907852 0.909663 0.911438 0.913179 0.914886 0.91656 0.918201 0.919811 0.921389 0.922936 0.924453 0.92594 0.927399 0.928828 0.93023 0.931605 0.932953 0.934274 0.935569 0.936839 0.938085 0.939306 0.940502 0.941676 0.942826 0.943954 0.94506 0.946144 0.947207 0.948249 0.94927 0.950272 0.951253 0.952216 0.953159 0.954084 0.954991 0.95588 0.956751 0.957605 0.958443 0.959264 0.960069 0.960858 0.961631 0.962389 0.963133 0.963861 0.964575 0.965276 0.965962 0.966635 0.967294 0.967941 
[StepRes]
1 1 199 1
0 0 0.000965722 0.00283094 0.00553306 0.00901287 0.0132144 0.0180849 0.0235744 0.0296357 0.0362243 0.0432982 0.0508178 0.0587457 0.0670466 0.0756872 0.0846364 0.0938645 0.103344 0.113048 0.122953 0.133035 0.143273 0.153646 0.164135 0.174722 0.185391 0.196125 0.206909 0.21773 0.228576 0.239433 0.25029 0.261137 0.271965 0.282764 0.293525 0.304241 0.314904 0.325509 0.336047 0.346515 0.356905 0.367215 0.377438 0.387572 0.397611 0.407554 0.417397 0.427137 0.436772 0.446299 0.455717 0.465024 0.474218 0.483298 0.492264 0.501114 0.509847 0.518463 0.526962 0.535343 0.543606 0.551751 0.559778 0.567688 0.575481 0.583156 0.590716 0.598159 0.605488 0.612702 0.619802 0.626789 0.633665 0.640429 0.647083 0.653628 0.660066 0.666396 0.672621 0.67874 0.684757 0.690671 0.696484 0.702197 0.707811 0.713328 0.718749 0.724075 0.729308 0.734448 0.739497 0.744456 0.749327 0.754111 0.758808 0.763421 0.767951 0.772398 0.776765 0.781052 0.78526 0.789392 0.793447 0.797428 0.801335 0.80517 0.808934 0.812628 0.816253 0.819811 0.823302 0.826727 0.830089 0.833387 0.836623 0.839798 0.842913 0.84597 0.848968 0.85191 0.854795 0.857626 0.860403 0.863127 0.865799 0.86842 0.870991 0.873513 0.875986 0.878412 0.880791 0.883125 0.885413 0.887658 0.889859 0.892018 0.894135 0.896212 0.898248 0.900245 0.902203 0.904123 0.906006 0.907852 0.909663 0.911438 0.913179 0.914886 0.91656 0.918201 0.919811 0.921389 0.922936 0.924453 0.92594 0.927399 0.928828 0.93023 0.931605 0.932953 0.934274 0.935569 0.936839 0.938085 0.939306 0.940502 0.941676 0.942826 0.943954 0.94506 0.946144 0.947207 0.948249 0.94927 0.950272 0.951253 0.952216 0.953159 0.954084 0.954991 0.95588 0.956751 0.957605 0.958443 0.959264 0.960069 0.960858 0.961631 0.962389 0.963133 0.963861 0.964575 0.965276 0.965962 0.966635 0.967294 0.967941 
[End]
[Trajectories]
[Traj]
0 7
0 10 20 40 60 100 200 
0 0 1 1 0 0 0 
0
[Traj]
1 9
0 20 30 40 50 60 70 100 200 
0 0 -1 -1 1 1 0 0 0 
0
[End]
