6265468 : 2DD8 : Log    : [XML DLL] Messenger changed.
6265468 : 2DD8 : Log    : [NATIVE COMM DLL] Messenger changed.
6265468 : 2DD8 : Log    : [XML DLL] initXMLDll called.
6265468 : 2DD8 : Log    : [XML DLL] Create element factory
6265468 : 2DD8 : Log    : [XML DLL] Create parser
6265468 : 2DD8 : Log    : [XML DLL] Initiated
6265468 : 2DD8 : Log    : [XML DLL] getParser called.
6265468 : 2DD8 : Log    : [XML DLL] getElemFactory called.
6265468 : 2DD8 : Log    : [NATIVE COMM DLL] initCommDll called.
6265468 : 2DD8 : Log    : [NATIVE COMM DLL] Create communication client
6265468 : 2DD8 : Log    : [NATIVE COMM DLL] Initiated
6265468 : 2DD8 : Log    : [XML DLL] getElemFactory called.
6265468 : 2DD8 : Log    : [XML DLL] getParser called.
6265468 : 2DD8 : Log    : [NATIVE COMM DLL] getClient called.
6265468 : 1FF0 : Log    : Start execute client sending thread.
6265468 : 2DD8 : Log    : [CPathPluginManager] Attempt to scan for plugins
6265531 : 2DD8 : Log    : [sumDispFactory] Factory initiated
6265531 : 2DD8 : Log    : [gainDispFactory] Factory initiated
6265531 : 2DD8 : Log    : [productDispFactory] Factory initiated
6265531 : 2DD8 : Log    : [powerDispFactory] Factory initiated
6265531 : 2DD8 : Log    : [math_expressionDispFactory] Factory initiated
6265531 : 2DD8 : Log    : [signumDispFactory] Factory initiated
6265531 : 2DD8 : Log    : [basic_functionsDispFactory] Factory initiated
6265531 : 2DD8 : Log    : [math_absoluteDispFactory] Factory initiated
6265531 : 2DD8 : Log    : [CPathPluginManager] Loaded: Mathematic operators
6265640 : 2DD8 : Log    : [Systemic_Venous_CirculationDispFactory] Factory initiated
6265640 : 2DD8 : Log    : [Pulmonary_Venous_CirculationDispFactory] Factory initiated
6265640 : 2DD8 : Log    : [Pulmonary_Arterial_CirculationDispFactory] Factory initiated
6265640 : 2DD8 : Log    : [Systemic_Arterial_CirculationDispFactory] Factory initiated
6265640 : 2DD8 : Log    : [Left_VentricularDispFactory] Factory initiated
6265640 : 2DD8 : Log    : [Right_VentricularDispFactory] Factory initiated
6265640 : 2DD8 : Log    : [CPathPluginManager] Loaded: Circulation System
6265718 : 2DD8 : Log    : [pid_controllerDispFactory] Factory initiated
6265718 : 2DD8 : Log    : [DMC_controlerDispFactory] Factory initiated
6265718 : 2DD8 : Log    : [DMC_InputDispFactory] Factory initiated
6265718 : 2DD8 : Log    : [DMC_outputDispFactory] Factory initiated
6265718 : 2DD8 : Log    : [Trajectory_generatorDispFactory] Factory initiated
6265718 : 2DD8 : Log    : [CPathPluginManager] Loaded: Controllers
6265734 : 2DD8 : Log    : [CPathPluginManager] Loaded: Basic connections types
6265796 : 2DD8 : Log    : [inertiaDispFactory] Factory initiated
6265796 : 2DD8 : Log    : [discrete_integratorDispFactory] Factory initiated
6265796 : 2DD8 : Log    : [integer_delayDispFactory] Factory initiated
6265796 : 2DD8 : Log    : [discrete_derivativeDispFactory] Factory initiated
6265796 : 2DD8 : Log    : [slope_counterDispFactory] Factory initiated
6265796 : 2DD8 : Log    : [discrete_counterDispFactory] Factory initiated
6265796 : 2DD8 : Log    : [CPathPluginManager] Loaded: Discrete operations
6265828 : 2DD8 : Log    : [induction_motorDispFactory] Factory initiated
6265828 : 2DD8 : Log    : [ec_dc_motorDispFactory] Factory initiated
6265828 : 2DD8 : Log    : [ec_ac_servo_vcDispFactory] Factory initiated
6265828 : 2DD8 : Log    : [CPathPluginManager] Loaded: Electric components
6265843 : 2DD8 : Log    : [one_step_delDispFactory] Factory initiated
6265843 : 2DD8 : Log    : [set_statusDispFactory] Factory initiated
6265843 : 2DD8 : Log    : [get_statusDispFactory] Factory initiated
6265843 : 2DD8 : Log    : [CPathPluginManager] Loaded: Execution control
6265875 : 2DD8 : Log    : [impulse_filterDispFactory] Factory initiated
6265875 : 2DD8 : Log    : [CPathPluginManager] Loaded: Filtering
6265890 : 2DD8 : Log    : [global_fisDispFactory] Factory initiated
6265890 : 2DD8 : Log    : [CPathPluginManager] Loaded: FIS systems
6265906 : 2DD8 : Log    : [FuzzyficationDispFactory] Factory initiated
6265906 : 2DD8 : Log    : [fl_displayDispFactory] Factory initiated
6265906 : 2DD8 : Log    : [CPathPluginManager] Loaded: Fuzzy logic
6265921 : 2DD8 : Log    : [fuzzy_variableDispFactory] Factory initiated
6265921 : 2DD8 : Log    : [fuzzy_mf_displayDispFactory] Factory initiated
6265921 : 2DD8 : Log    : [defuzzyficationDispFactory] Factory initiated
6265921 : 2DD8 : Log    : [if_then_rulesDispFactory] Factory initiated
6265937 : 2DD8 : Log    : [CPathPluginManager] Loaded: Fuzzy logic 2
6265953 : 2DD8 : Log    : [change_detectorDispFactory] Factory initiated
6265953 : 2DD8 : Log    : [alarmDispFactory] Factory initiated
6265953 : 2DD8 : Log    : [multi_change_detectorDispFactory] Factory initiated
6265953 : 2DD8 : Log    : [stab_checkDispFactory] Factory initiated
6265953 : 2DD8 : Log    : [var_checkDispFactory] Factory initiated
6265953 : 2DD8 : Log    : [multi_var_checkDispFactory] Factory initiated
6265953 : 2DD8 : Log    : [CPathPluginManager] Loaded: Heuristic tests
6265984 : 2DD8 : Log    : [Hydraulic_lineDispFactory] Factory initiated
6265984 : 2DD8 : Log    : [Hydraulic_accumulatorDispFactory] Factory initiated
6265984 : 2DD8 : Log    : [Hydraulic_motorDispFactory] Factory initiated
6265984 : 2DD8 : Log    : [Hydraulic_actuatorDispFactory] Factory initiated
6265984 : 2DD8 : Log    : [32_Proportional_ValveDispFactory] Factory initiated
6265984 : 2DD8 : Log    : [32_ON_OFF_ValveDispFactory] Factory initiated
6265984 : 2DD8 : Log    : [Max_pressure_valveDispFactory] Factory initiated
6265984 : 2DD8 : Log    : [22_Proportional_ValveDispFactory] Factory initiated
6265984 : 2DD8 : Log    : [43_Proportional_ValveDispFactory] Factory initiated
6265984 : 2DD8 : Log    : [hydraulic_pumpDispFactory] Factory initiated
6265984 : 2DD8 : Log    : [Hydraulic_volumeDispFactory] Factory initiated
6265984 : 2DD8 : Log    : [CPathPluginManager] Loaded: Hydraulic elements
6266000 : 2DD8 : Log    : [slowdetDispFactory] Factory initiated
6266000 : 2DD8 : Log    : [slowpredDispFactory] Factory initiated
6266000 : 2DD8 : Log    : [CPathPluginManager] Loaded: Incipient FDI
6266015 : 2DD8 : Log    : [second_order_inertiaDispFactory] Factory initiated
6266015 : 2DD8 : Log    : [first_order_inertiaDispFactory] Factory initiated
6266015 : 2DD8 : Log    : [first_order_integratorDispFactory] Factory initiated
6266015 : 2DD8 : Log    : [ideal_diffDispFactory] Factory initiated
6266015 : 2DD8 : Log    : [real_diffDispFactory] Factory initiated
6266015 : 2DD8 : Log    : [second_order_tfDispFactory] Factory initiated
6266015 : 2DD8 : Log    : [cont_state_space_eqDispFactory] Factory initiated
6266015 : 2DD8 : Log    : [cld_transfer_functionDispFactory] Factory initiated
6266031 : 2DD8 : Log    : [CPathPluginManager] Loaded: Linear dynamic
6266046 : 2DD8 : Log    : [relationalDispFactory] Factory initiated
6266046 : 2DD8 : Log    : [logicalDispFactory] Factory initiated
6266046 : 2DD8 : Log    : [rsDispFactory] Factory initiated
6266046 : 2DD8 : Log    : [horizontal_logicDispFactory] Factory initiated
6266046 : 2DD8 : Log    : [CPathPluginManager] Loaded: Crisp logic
6266078 : 2DD8 : Log    : [CP model plugin] Plugins in: C:\DYDAK\Model_podypl\PExSim\bin\
6266078 : 2DD8 : Log    : [CPluginManager] Scan for plugins in C:\DYDAK\Model_podypl\PExSim\bin\
6266078 : 2DD8 : Log    : [CPluginManager] Found file matching criteria, name: aggregate_plg.mbplug
6266078 : 2DD8 : Log    : [CPluginManager] Not a model plugin.
6266093 : 2DD8 : Log    : [CPluginManager] Found file matching criteria, name: autocorrelation_plg.mbplug
6266109 : 2DD8 : Log    : [CPluginManager] Not a model plugin.
6266109 : 2DD8 : Log    : [CPluginManager] Found file matching criteria, name: disp_xy_plg.mbplug
6266125 : 2DD8 : Log    : [CPluginManager] Not a model plugin.
6266125 : 2DD8 : Log    : [CPluginManager] Found file matching criteria, name: downsample_plg.mbplug
6266140 : 2DD8 : Log    : [CPluginManager] Not a model plugin.
6266140 : 2DD8 : Log    : [CPluginManager] Found file matching criteria, name: filtering_poly_plg.mbplug
6266140 : 2DD8 : Log    : [CPluginManager] Not a model plugin.
6266140 : 2DD8 : Log    : [CPluginManager] Found file matching criteria, name: histogram_plg.mbplug
6266156 : 2DD8 : Log    : [CPluginManager] Not a model plugin.
6266156 : 2DD8 : Log    : [CPluginManager] Found file matching criteria, name: interpolation_plg.mbplug
6266171 : 2DD8 : Log    : [CPluginManager] Not a model plugin.
6266171 : 2DD8 : Log    : [CPluginManager] Found file matching criteria, name: join_datasets_plg.mbplug
6266187 : 2DD8 : Log    : [CPluginManager] Not a model plugin.
6266187 : 2DD8 : Log    : [CPluginManager] Found file matching criteria, name: model_ann_plg.mbplug
6266218 : 2DD8 : Log    : [CPluginManager] Plugin loaded, name: Artificial neural network model.
6266218 : 2DD8 : Log    : [CPluginManager] Found file matching criteria, name: model_fann_plg.mbplug
6266250 : 2DD8 : Log    : [CPluginManager] Plugin loaded, name: Simplified neural network model.
6266250 : 2DD8 : Log    : [CPluginManager] Found file matching criteria, name: model_linear_classic_plg.mbplug
6266265 : 2DD8 : Log    : [CModelLinClFactory] Initiated
6266265 : 2DD8 : Log    : [CPluginManager] Plugin loaded, name: Classic linear model
6266265 : 2DD8 : Log    : [CPluginManager] Found file matching criteria, name: model_linear_plg.mbplug
6266296 : 2DD8 : Log    : [CPluginManager] Plugin loaded, name: Linear discreete model
6266296 : 2DD8 : Log    : [CPluginManager] Found file matching criteria, name: model_tsk_plg.mbplug
6266328 : 2DD8 : Log    : [CPluginManager] Plugin loaded, name: TSK model
6266328 : 2DD8 : Log    : [CPluginManager] Found file matching criteria, name: power_spectrum_plg.mbplug
6266359 : 2DD8 : Log    : [CPluginManager] Not a model plugin.
6266359 : 2DD8 : Log    : [CPluginManager] Found file matching criteria, name: si_import_plg.mbplug
6266375 : 2DD8 : Log    : [CPluginManager] Not a model plugin.
6266375 : 2DD8 : Log    : [CPluginManager] Found file matching criteria, name: text_import_plg.mbplug
6266390 : 2DD8 : Log    : [CPluginManager] Not a model plugin.
6266406 : 2DD8 : Log    : [CPluginManager] Found file matching criteria, name: trends_nv_plg.mbplug
6266421 : 2DD8 : Log    : [CPluginManager] Not a model plugin.
6266421 : 2DD8 : Log    : [CPluginManager] Found file matching criteria, name: verif_mro_plg.mbplug
6266437 : 2DD8 : Log    : [CPluginManager] Not a model plugin.
6266437 : 2DD8 : Log    : [CPluginManager] Found file matching criteria, name: verif_standard_plg.mbplug
6266453 : 2DD8 : Log    : [CPluginManager] Not a model plugin.
6266453 : 2DD8 : Log    : [mmodelDispFactory] Factory initiated
6266453 : 2DD8 : Log    : [CPathPluginManager] Loaded: MITforRD models
6266484 : 2DD8 : Log    : [lookup_tableDispFactory] Factory initiated
6266484 : 2DD8 : Log    : [signal_limiterDispFactory] Factory initiated
6266484 : 2DD8 : Log    : [nonlinear_frictionDispFactory] Factory initiated
6266484 : 2DD8 : Log    : [hysteresisDispFactory] Factory initiated
6266484 : 2DD8 : Log    : [CPathPluginManager] Loaded: Nonlinear elements
6266500 : 2DD8 : Log    : [nonlinear_dynamicDispFactory] Factory initiated
6266515 : 2DD8 : Log    : [nonlinear_dynamic_cppDispFactory] Factory initiated
6266515 : 2DD8 : Log    : [CPathPluginManager] Loaded: Nonlinear dynamic
6266531 : 2DD8 : Log    : [op_quality_indexDispFactory] Factory initiated
6266531 : 2DD8 : Log    : [CPathPluginManager] Loaded: Parameters optimization
6266593 : 2DD8 : Log    : [pneumatic_lineDispFactory] Factory initiated
6266593 : 2DD8 : Log    : [pneumatic_volumeDispFactory] Factory initiated
6266593 : 2DD8 : Log    : [3_2_valveDispFactory] Factory initiated
6266609 : 2DD8 : Log    : [5_3_valveDispFactory] Factory initiated
6266609 : 2DD8 : Log    : [3_2_switch_valveDispFactory] Factory initiated
6266609 : 2DD8 : Log    : [2p_switch_valveDispFactory] Factory initiated
6266609 : 2DD8 : Log    : [pneumatic_actuatorDispFactory] Factory initiated
6266609 : 2DD8 : Log    : [CPathPluginManager] Loaded: Pneumatic elements
6266640 : 2DD8 : Log    : [subpathDispFactory] Factory initiated
6266640 : 2DD8 : Log    : [subpath_inputDispFactory] Factory initiated
6266640 : 2DD8 : Log    : [subpath_outputDispFactory] Factory initiated
6266640 : 2DD8 : Log    : [CPathPluginManager] Loaded: Ports and subsystems
6266703 : 2DD8 : Log    : [dmc_controllerDispFactory] Factory initiated
6266703 : 2DD8 : Log    : [CPathPluginManager] Loaded: DMC controller
6266734 : 2DD8 : Log    : [simple_heat_exchangeDispFactory] Factory initiated
6266734 : 2DD8 : Log    : [heat_exchangeDispFactory] Factory initiated
6266734 : 2DD8 : Log    : [tle_heat_exchangeDispFactory] Factory initiated
6266734 : 2DD8 : Log    : [injectorDispFactory] Factory initiated
6266734 : 2DD8 : Log    : [CPathPluginManager] Loaded: Heat exchange
6266765 : 2DD8 : Log    : [simple_heat_exchangerDispFactory] Factory initiated
6266765 : 2DD8 : Log    : [fire_box_heat_exchangeDispFactory] Factory initiated
6266765 : 2DD8 : Log    : [CPathPluginManager] Loaded: Heat exchange - new
6266781 : 2DD8 : Log    : [script_c_cppDispFactory] Factory initiated
6266796 : 2DD8 : Log    : [CPathPluginManager] Loaded: C/C++ scripts
6266906 : 2DD8 : Log    : [switchDispFactory] Factory initiated
6266906 : 2DD8 : Log    : [min_max_selectDispFactory] Factory initiated
6266906 : 2DD8 : Log    : [multi_switchDispFactory] Factory initiated
6266906 : 2DD8 : Log    : [MuxDispFactory] Factory initiated
6266906 : 2DD8 : Log    : [DemuxDispFactory] Factory initiated
6266906 : 2DD8 : Log    : [selectorDispFactory] Factory initiated
6266906 : 2DD8 : Log    : [CPathPluginManager] Loaded: Signal routing
6266921 : 2DD8 : Log    : [displayDispFactory] Factory initiated
6266921 : 2DD8 : Log    : [ccom_outDispFactory] Factory initiated
6266921 : 2DD8 : Log    : [internal_out_varDispFactory] Factory initiated
6266921 : 2DD8 : Log    : [text_file_outDispFactory] Factory initiated
6266921 : 2DD8 : Log    : [xy_displayDispFactory] Factory initiated
6266921 : 2DD8 : Log    : [sink_plotDispFactory] Factory initiated
6266921 : 2DD8 : Log    : [text_file_out_discDispFactory] Factory initiated
6266921 : 2DD8 : Log    : [CPathPluginManager] Loaded: Sinks
6266953 : 2DD8 : Log    : [randomDispFactory] Factory initiated
6266968 : 2DD8 : Log    : [constantDispFactory] Factory initiated
6266968 : 2DD8 : Log    : [ccom_inDispFactory] Factory initiated
6266968 : 2DD8 : Log    : [time_lineDispFactory] Factory initiated
6266968 : 2DD8 : Log    : [text_file_inDispFactory] Factory initiated
6266968 : 2DD8 : Log    : [src_periodicDispFactory] Factory initiated
6266968 : 2DD8 : Log    : [src_time_eventDispFactory] Factory initiated
6266968 : 2DD8 : Log    : [g_randomDispFactory] Factory initiated
6266968 : 2DD8 : Log    : [CPathPluginManager] Loaded: Sources
6267000 : 2DD8 : Log    : [averageDispFactory] Factory initiated
6267000 : 2DD8 : Log    : [basic_statDispFactory] Factory initiated
6267000 : 2DD8 : Log    : [signals_interdependenceDispFactory] Factory initiated
6267000 : 2DD8 : Log    : [averagetsDispFactory] Factory initiated
6267000 : 2DD8 : Log    : [CPathPluginManager] Loaded: Statistic operators
6267031 : 2DD8 : Log    : [wss_char_T_pDispFactory] Factory initiated
6267031 : 2DD8 : Log    : [wss_char_p_TDispFactory] Factory initiated
6267031 : 2DD8 : Log    : [steam_boiler_1DispFactory] Factory initiated
6267031 : 2DD8 : Log    : [CPathPluginManager] Loaded: Water-steam dependencies
6267078 : 2DD8 : Log    : [CPathPluginManager] Scan for plugins done. 
6267078 : 2DD8 : Log    : [DispContainer] Initiation
6267078 : 2DD8 : Log    : Decode configuration ...
6267093 : 2DD8 : Log    : [XML DLL] getElemFactory called.
6267093 : 2DD8 : Log    : [XML DLL] getParser called.
6267093 : 2DD8 : Log    : Configuration done.
6267125 : 2DD8 : Log    : [CWUTMsgDecoderExpat] File decode done, time: 0.000000 [ms]
6278046 : 2DD8 : Log    : [CTransformPath] Release path Path 1
6278046 : 2DD8 : Log    : [CTransformPath] Release path Path 1
6278046 : 2DD8 : Log    : [CTransformPath] Delete path Path 1
6278171 : 2DD8 : Log    : [DispContainer] Release
6278171 : 2DD8 : Log    : [DispContainer] Clear called
6278187 : 2DD8 : Log    : [NATIVE COMM DLL] releaseCommDll called.
6278187 : 2DD8 : Log    : [NATIVE COMM DLL] delete communication client
6278187 : 1FF0 : Log    : Stop execute client sending thread.
6278187 : 2DD8 : Log    : [XML DLL] releaseXMLDll called.
6278187 : 2DD8 : Log    : [XML DLL] delete parser
6278187 : 2DD8 : Log    : [XML DLL] delete element factory
6278187 : 2DD8 : Log    : [CWUTXMLElemFactory] Release factory, usage report:
6278187 : 2DD8 : Log    : [CWUTXMLElemFactory] Elems created: 7395, released: 1, left: 7394
6278187 : 2DD8 : Log    : [CWUTXMLElemFactory] Maximum count of elems in memory: 7395
6278187 : 2DD8 : Log    : [CWUTXMLElemFactory] Clear all XML elements list
6278203 : 2DD8 : Log    : [XML DLL] Released
6402328 :  674 : Log    : [XML DLL] Messenger changed.
6402328 :  674 : Log    : [NATIVE COMM DLL] Messenger changed.
6402328 :  674 : Log    : [XML DLL] initXMLDll called.
6402328 :  674 : Log    : [XML DLL] Create element factory
6402328 :  674 : Log    : [XML DLL] Create parser
6402328 :  674 : Log    : [XML DLL] Initiated
6402328 :  674 : Log    : [XML DLL] getParser called.
6402328 :  674 : Log    : [XML DLL] getElemFactory called.
6402328 :  674 : Log    : [NATIVE COMM DLL] initCommDll called.
6402328 :  674 : Log    : [NATIVE COMM DLL] Create communication client
6402328 :  674 : Log    : [NATIVE COMM DLL] Initiated
6402328 :  674 : Log    : [XML DLL] getElemFactory called.
6402328 :  674 : Log    : [XML DLL] getParser called.
6402328 :  674 : Log    : [NATIVE COMM DLL] getClient called.
6402328 : 18EC : Log    : Start execute client sending thread.
6402328 :  674 : Log    : [CPathPluginManager] Attempt to scan for plugins
6402343 :  674 : Log    : [sumDispFactory] Factory initiated
6402343 :  674 : Log    : [gainDispFactory] Factory initiated
6402343 :  674 : Log    : [productDispFactory] Factory initiated
6402343 :  674 : Log    : [powerDispFactory] Factory initiated
6402343 :  674 : Log    : [math_expressionDispFactory] Factory initiated
6402343 :  674 : Log    : [signumDispFactory] Factory initiated
6402343 :  674 : Log    : [basic_functionsDispFactory] Factory initiated
6402343 :  674 : Log    : [math_absoluteDispFactory] Factory initiated
6402343 :  674 : Log    : [CPathPluginManager] Loaded: Mathematic operators
6402343 :  674 : Log    : [Systemic_Venous_CirculationDispFactory] Factory initiated
6402359 :  674 : Log    : [Pulmonary_Venous_CirculationDispFactory] Factory initiated
6402359 :  674 : Log    : [Pulmonary_Arterial_CirculationDispFactory] Factory initiated
6402359 :  674 : Log    : [Systemic_Arterial_CirculationDispFactory] Factory initiated
6402359 :  674 : Log    : [Left_VentricularDispFactory] Factory initiated
6402359 :  674 : Log    : [Right_VentricularDispFactory] Factory initiated
6402359 :  674 : Log    : [CPathPluginManager] Loaded: Circulation System
6402359 :  674 : Log    : [pid_controllerDispFactory] Factory initiated
6402359 :  674 : Log    : [DMC_controlerDispFactory] Factory initiated
6402359 :  674 : Log    : [DMC_InputDispFactory] Factory initiated
6402359 :  674 : Log    : [DMC_outputDispFactory] Factory initiated
6402359 :  674 : Log    : [Trajectory_generatorDispFactory] Factory initiated
6402359 :  674 : Log    : [CPathPluginManager] Loaded: Controllers
6402359 :  674 : Log    : [CPathPluginManager] Loaded: Basic connections types
6402375 :  674 : Log    : [inertiaDispFactory] Factory initiated
6402375 :  674 : Log    : [discrete_integratorDispFactory] Factory initiated
6402375 :  674 : Log    : [integer_delayDispFactory] Factory initiated
6402375 :  674 : Log    : [discrete_derivativeDispFactory] Factory initiated
6402375 :  674 : Log    : [slope_counterDispFactory] Factory initiated
6402375 :  674 : Log    : [discrete_counterDispFactory] Factory initiated
6402375 :  674 : Log    : [CPathPluginManager] Loaded: Discrete operations
6402375 :  674 : Log    : [induction_motorDispFactory] Factory initiated
6402375 :  674 : Log    : [ec_dc_motorDispFactory] Factory initiated
6402375 :  674 : Log    : [ec_ac_servo_vcDispFactory] Factory initiated
6402375 :  674 : Log    : [CPathPluginManager] Loaded: Electric components
6402375 :  674 : Log    : [one_step_delDispFactory] Factory initiated
6402390 :  674 : Log    : [set_statusDispFactory] Factory initiated
6402390 :  674 : Log    : [get_statusDispFactory] Factory initiated
6402390 :  674 : Log    : [CPathPluginManager] Loaded: Execution control
6402390 :  674 : Log    : [impulse_filterDispFactory] Factory initiated
6402390 :  674 : Log    : [CPathPluginManager] Loaded: Filtering
6402390 :  674 : Log    : [global_fisDispFactory] Factory initiated
6402390 :  674 : Log    : [CPathPluginManager] Loaded: FIS systems
6402390 :  674 : Log    : [FuzzyficationDispFactory] Factory initiated
6402390 :  674 : Log    : [fl_displayDispFactory] Factory initiated
6402390 :  674 : Log    : [CPathPluginManager] Loaded: Fuzzy logic
6402390 :  674 : Log    : [fuzzy_variableDispFactory] Factory initiated
6402390 :  674 : Log    : [fuzzy_mf_displayDispFactory] Factory initiated
6402406 :  674 : Log    : [defuzzyficationDispFactory] Factory initiated
6402406 :  674 : Log    : [if_then_rulesDispFactory] Factory initiated
6402406 :  674 : Log    : [CPathPluginManager] Loaded: Fuzzy logic 2
6402406 :  674 : Log    : [change_detectorDispFactory] Factory initiated
6402406 :  674 : Log    : [alarmDispFactory] Factory initiated
6402406 :  674 : Log    : [multi_change_detectorDispFactory] Factory initiated
6402406 :  674 : Log    : [stab_checkDispFactory] Factory initiated
6402406 :  674 : Log    : [var_checkDispFactory] Factory initiated
6402406 :  674 : Log    : [multi_var_checkDispFactory] Factory initiated
6402406 :  674 : Log    : [CPathPluginManager] Loaded: Heuristic tests
6402406 :  674 : Log    : [Hydraulic_lineDispFactory] Factory initiated
6402406 :  674 : Log    : [Hydraulic_accumulatorDispFactory] Factory initiated
6402406 :  674 : Log    : [Hydraulic_motorDispFactory] Factory initiated
6402421 :  674 : Log    : [Hydraulic_actuatorDispFactory] Factory initiated
6402421 :  674 : Log    : [32_Proportional_ValveDispFactory] Factory initiated
6402421 :  674 : Log    : [32_ON_OFF_ValveDispFactory] Factory initiated
6402421 :  674 : Log    : [Max_pressure_valveDispFactory] Factory initiated
6402421 :  674 : Log    : [22_Proportional_ValveDispFactory] Factory initiated
6402421 :  674 : Log    : [43_Proportional_ValveDispFactory] Factory initiated
6402421 :  674 : Log    : [hydraulic_pumpDispFactory] Factory initiated
6402421 :  674 : Log    : [Hydraulic_volumeDispFactory] Factory initiated
6402421 :  674 : Log    : [CPathPluginManager] Loaded: Hydraulic elements
6402421 :  674 : Log    : [slowdetDispFactory] Factory initiated
6402421 :  674 : Log    : [slowpredDispFactory] Factory initiated
6402421 :  674 : Log    : [CPathPluginManager] Loaded: Incipient FDI
6402421 :  674 : Log    : [second_order_inertiaDispFactory] Factory initiated
6402437 :  674 : Log    : [first_order_inertiaDispFactory] Factory initiated
6402437 :  674 : Log    : [first_order_integratorDispFactory] Factory initiated
6402437 :  674 : Log    : [ideal_diffDispFactory] Factory initiated
6402437 :  674 : Log    : [real_diffDispFactory] Factory initiated
6402437 :  674 : Log    : [second_order_tfDispFactory] Factory initiated
6402437 :  674 : Log    : [cont_state_space_eqDispFactory] Factory initiated
6402437 :  674 : Log    : [cld_transfer_functionDispFactory] Factory initiated
6402437 :  674 : Log    : [CPathPluginManager] Loaded: Linear dynamic
6402437 :  674 : Log    : [relationalDispFactory] Factory initiated
6402437 :  674 : Log    : [logicalDispFactory] Factory initiated
6402437 :  674 : Log    : [rsDispFactory] Factory initiated
6402437 :  674 : Log    : [horizontal_logicDispFactory] Factory initiated
6402437 :  674 : Log    : [CPathPluginManager] Loaded: Crisp logic
6402437 :  674 : Log    : [CP model plugin] Plugins in: C:\DYDAK\Model_podypl\PExSim\bin\
6402453 :  674 : Log    : [CPluginManager] Scan for plugins in C:\DYDAK\Model_podypl\PExSim\bin\
6402453 :  674 : Log    : [CPluginManager] Found file matching criteria, name: aggregate_plg.mbplug
6402453 :  674 : Log    : [CPluginManager] Not a model plugin.
6402453 :  674 : Log    : [CPluginManager] Found file matching criteria, name: autocorrelation_plg.mbplug
6402453 :  674 : Log    : [CPluginManager] Not a model plugin.
6402453 :  674 : Log    : [CPluginManager] Found file matching criteria, name: disp_xy_plg.mbplug
6402453 :  674 : Log    : [CPluginManager] Not a model plugin.
6402453 :  674 : Log    : [CPluginManager] Found file matching criteria, name: downsample_plg.mbplug
6402453 :  674 : Log    : [CPluginManager] Not a model plugin.
6402453 :  674 : Log    : [CPluginManager] Found file matching criteria, name: filtering_poly_plg.mbplug
6402453 :  674 : Log    : [CPluginManager] Not a model plugin.
6402453 :  674 : Log    : [CPluginManager] Found file matching criteria, name: histogram_plg.mbplug
6402453 :  674 : Log    : [CPluginManager] Not a model plugin.
6402453 :  674 : Log    : [CPluginManager] Found file matching criteria, name: interpolation_plg.mbplug
6402453 :  674 : Log    : [CPluginManager] Not a model plugin.
6402468 :  674 : Log    : [CPluginManager] Found file matching criteria, name: join_datasets_plg.mbplug
6402468 :  674 : Log    : [CPluginManager] Not a model plugin.
6402468 :  674 : Log    : [CPluginManager] Found file matching criteria, name: model_ann_plg.mbplug
6402468 :  674 : Log    : [CPluginManager] Plugin loaded, name: Artificial neural network model.
6402468 :  674 : Log    : [CPluginManager] Found file matching criteria, name: model_fann_plg.mbplug
6402468 :  674 : Log    : [CPluginManager] Plugin loaded, name: Simplified neural network model.
6402468 :  674 : Log    : [CPluginManager] Found file matching criteria, name: model_linear_classic_plg.mbplug
6402468 :  674 : Log    : [CModelLinClFactory] Initiated
6402468 :  674 : Log    : [CPluginManager] Plugin loaded, name: Classic linear model
6402468 :  674 : Log    : [CPluginManager] Found file matching criteria, name: model_linear_plg.mbplug
6402468 :  674 : Log    : [CPluginManager] Plugin loaded, name: Linear discreete model
6402468 :  674 : Log    : [CPluginManager] Found file matching criteria, name: model_tsk_plg.mbplug
6402484 :  674 : Log    : [CPluginManager] Plugin loaded, name: TSK model
6402484 :  674 : Log    : [CPluginManager] Found file matching criteria, name: power_spectrum_plg.mbplug
6402484 :  674 : Log    : [CPluginManager] Not a model plugin.
6402484 :  674 : Log    : [CPluginManager] Found file matching criteria, name: si_import_plg.mbplug
6402484 :  674 : Log    : [CPluginManager] Not a model plugin.
6402484 :  674 : Log    : [CPluginManager] Found file matching criteria, name: text_import_plg.mbplug
6402484 :  674 : Log    : [CPluginManager] Not a model plugin.
6402484 :  674 : Log    : [CPluginManager] Found file matching criteria, name: trends_nv_plg.mbplug
6402484 :  674 : Log    : [CPluginManager] Not a model plugin.
6402484 :  674 : Log    : [CPluginManager] Found file matching criteria, name: verif_mro_plg.mbplug
6402500 :  674 : Log    : [CPluginManager] Not a model plugin.
6402500 :  674 : Log    : [CPluginManager] Found file matching criteria, name: verif_standard_plg.mbplug
6402500 :  674 : Log    : [CPluginManager] Not a model plugin.
6402500 :  674 : Log    : [mmodelDispFactory] Factory initiated
6402500 :  674 : Log    : [CPathPluginManager] Loaded: MITforRD models
6402500 :  674 : Log    : [lookup_tableDispFactory] Factory initiated
6402500 :  674 : Log    : [signal_limiterDispFactory] Factory initiated
6402500 :  674 : Log    : [nonlinear_frictionDispFactory] Factory initiated
6402500 :  674 : Log    : [hysteresisDispFactory] Factory initiated
6402500 :  674 : Log    : [CPathPluginManager] Loaded: Nonlinear elements
6402515 :  674 : Log    : [nonlinear_dynamicDispFactory] Factory initiated
6402515 :  674 : Log    : [nonlinear_dynamic_cppDispFactory] Factory initiated
6402515 :  674 : Log    : [CPathPluginManager] Loaded: Nonlinear dynamic
6402515 :  674 : Log    : [op_quality_indexDispFactory] Factory initiated
6402515 :  674 : Log    : [CPathPluginManager] Loaded: Parameters optimization
6402515 :  674 : Log    : [pneumatic_lineDispFactory] Factory initiated
6402515 :  674 : Log    : [pneumatic_volumeDispFactory] Factory initiated
6402515 :  674 : Log    : [3_2_valveDispFactory] Factory initiated
6402515 :  674 : Log    : [5_3_valveDispFactory] Factory initiated
6402515 :  674 : Log    : [3_2_switch_valveDispFactory] Factory initiated
6402515 :  674 : Log    : [2p_switch_valveDispFactory] Factory initiated
6402515 :  674 : Log    : [pneumatic_actuatorDispFactory] Factory initiated
6402515 :  674 : Log    : [CPathPluginManager] Loaded: Pneumatic elements
6402531 :  674 : Log    : [subpathDispFactory] Factory initiated
6402531 :  674 : Log    : [subpath_inputDispFactory] Factory initiated
6402531 :  674 : Log    : [subpath_outputDispFactory] Factory initiated
6402531 :  674 : Log    : [CPathPluginManager] Loaded: Ports and subsystems
6402546 :  674 : Log    : [dmc_controllerDispFactory] Factory initiated
6402546 :  674 : Log    : [CPathPluginManager] Loaded: DMC controller
6402546 :  674 : Log    : [simple_heat_exchangeDispFactory] Factory initiated
6402546 :  674 : Log    : [heat_exchangeDispFactory] Factory initiated
6402546 :  674 : Log    : [tle_heat_exchangeDispFactory] Factory initiated
6402546 :  674 : Log    : [injectorDispFactory] Factory initiated
6402546 :  674 : Log    : [CPathPluginManager] Loaded: Heat exchange
6402546 :  674 : Log    : [simple_heat_exchangerDispFactory] Factory initiated
6402546 :  674 : Log    : [fire_box_heat_exchangeDispFactory] Factory initiated
6402546 :  674 : Log    : [CPathPluginManager] Loaded: Heat exchange - new
6402562 :  674 : Log    : [script_c_cppDispFactory] Factory initiated
6402562 :  674 : Log    : [CPathPluginManager] Loaded: C/C++ scripts
6402562 :  674 : Log    : [switchDispFactory] Factory initiated
6402562 :  674 : Log    : [min_max_selectDispFactory] Factory initiated
6402562 :  674 : Log    : [multi_switchDispFactory] Factory initiated
6402562 :  674 : Log    : [MuxDispFactory] Factory initiated
6402562 :  674 : Log    : [DemuxDispFactory] Factory initiated
6402562 :  674 : Log    : [selectorDispFactory] Factory initiated
6402562 :  674 : Log    : [CPathPluginManager] Loaded: Signal routing
6402578 :  674 : Log    : [displayDispFactory] Factory initiated
6402578 :  674 : Log    : [ccom_outDispFactory] Factory initiated
6402578 :  674 : Log    : [internal_out_varDispFactory] Factory initiated
6402578 :  674 : Log    : [text_file_outDispFactory] Factory initiated
6402578 :  674 : Log    : [xy_displayDispFactory] Factory initiated
6402578 :  674 : Log    : [sink_plotDispFactory] Factory initiated
6402578 :  674 : Log    : [text_file_out_discDispFactory] Factory initiated
6402578 :  674 : Log    : [CPathPluginManager] Loaded: Sinks
6402578 :  674 : Log    : [randomDispFactory] Factory initiated
6402578 :  674 : Log    : [constantDispFactory] Factory initiated
6402578 :  674 : Log    : [ccom_inDispFactory] Factory initiated
6402578 :  674 : Log    : [time_lineDispFactory] Factory initiated
6402593 :  674 : Log    : [text_file_inDispFactory] Factory initiated
6402593 :  674 : Log    : [src_periodicDispFactory] Factory initiated
6402593 :  674 : Log    : [src_time_eventDispFactory] Factory initiated
6402593 :  674 : Log    : [g_randomDispFactory] Factory initiated
6402593 :  674 : Log    : [CPathPluginManager] Loaded: Sources
6402593 :  674 : Log    : [averageDispFactory] Factory initiated
6402593 :  674 : Log    : [basic_statDispFactory] Factory initiated
6402593 :  674 : Log    : [signals_interdependenceDispFactory] Factory initiated
6402593 :  674 : Log    : [averagetsDispFactory] Factory initiated
6402593 :  674 : Log    : [CPathPluginManager] Loaded: Statistic operators
6402593 :  674 : Log    : [wss_char_T_pDispFactory] Factory initiated
6402609 :  674 : Log    : [wss_char_p_TDispFactory] Factory initiated
6402609 :  674 : Log    : [steam_boiler_1DispFactory] Factory initiated
6402609 :  674 : Log    : [CPathPluginManager] Loaded: Water-steam dependencies
6402609 :  674 : Log    : [CPathPluginManager] Scan for plugins done. 
6402609 :  674 : Log    : [DispContainer] Initiation
6402625 :  674 : Log    : Decode configuration ...
6402625 :  674 : Log    : [XML DLL] getElemFactory called.
6402625 :  674 : Log    : [XML DLL] getParser called.
6402625 :  674 : Log    : Configuration done.
6402671 :  674 : Log    : [CWUTMsgDecoderExpat] File decode done, time: 0.000000 [ms]
6408328 :  674 : Log    : [DispContainer] Create display for TO Get signal status 1
6408328 :  674 : Log    : [get_statusDispFactory] Creating display type get_status
6411984 :  674 : Log    : [CTransformPath] Release path Path 1
6411984 :  674 : Log    : [DispContainer] Delete display for TO Get signal status 1
6411984 :  674 : Log    : [get_statusDispFactory] Deleting display
6411984 :  674 : Log    : [CTransformPath] Transform object deleted, name: Get signal status 1
6411984 :  674 : Log    : [CTransformPath] Release path Path 1
6411984 :  674 : Log    : [CTransformPath] Delete path Path 1
6412109 :  674 : Log    : [DispContainer] Release
6412125 :  674 : Log    : [DispContainer] Clear called
6412140 :  674 : Log    : [NATIVE COMM DLL] releaseCommDll called.
6412140 :  674 : Log    : [NATIVE COMM DLL] delete communication client
6412140 : 18EC : Log    : Stop execute client sending thread.
6412140 :  674 : Log    : [XML DLL] releaseXMLDll called.
6412156 :  674 : Log    : [XML DLL] delete parser
6412156 :  674 : Log    : [XML DLL] delete element factory
6412156 :  674 : Log    : [CWUTXMLElemFactory] Release factory, usage report:
6412156 :  674 : Log    : [CWUTXMLElemFactory] Elems created: 7395, released: 1, left: 7394
6412156 :  674 : Log    : [CWUTXMLElemFactory] Maximum count of elems in memory: 7395
6412156 :  674 : Log    : [CWUTXMLElemFactory] Clear all XML elements list
6412171 :  674 : Log    : [XML DLL] Released
1025292187 : 61B4 : Log    : [XML DLL] Messenger changed.
1025292250 : 61B4 : Log    : [NATIVE COMM DLL] Messenger changed.
1025292328 : 61B4 : Log    : [XML DLL] initXMLDll called.
1025292375 : 61B4 : Log    : [XML DLL] Create element factory
1025292437 : 61B4 : Log    : [XML DLL] Create parser
1025292500 : 61B4 : Log    : [XML DLL] Initiated
1025292562 : 61B4 : Log    : [XML DLL] getParser called.
1025292609 : 61B4 : Log    : [XML DLL] getElemFactory called.
1025292687 : 61B4 : Log    : [NATIVE COMM DLL] initCommDll called.
1025292687 : 61B4 : Log    : [NATIVE COMM DLL] Create communication client
1025292687 : 61B4 : Log    : [NATIVE COMM DLL] Initiated
1025292687 : 61B4 : Log    : [XML DLL] getElemFactory called.
1025292703 : 61B4 : Log    : [XML DLL] getParser called.
1025292703 : 61B4 : Log    : [NATIVE COMM DLL] getClient called.
1025292703 : 5638 : Log    : Start execute client sending thread.
1025292718 : 61B4 : Log    : [CPathPluginManager] Attempt to scan for plugins
1025292734 : 61B4 : Log    : [sumDispFactory] Factory initiated
1025292796 : 61B4 : Log    : [gainDispFactory] Factory initiated
1025292843 : 61B4 : Log    : [productDispFactory] Factory initiated
1025292843 : 61B4 : Log    : [powerDispFactory] Factory initiated
1025292859 : 61B4 : Log    : [math_expressionDispFactory] Factory initiated
1025292859 : 61B4 : Log    : [signumDispFactory] Factory initiated
1025292875 : 61B4 : Log    : [basic_functionsDispFactory] Factory initiated
1025292875 : 61B4 : Log    : [math_absoluteDispFactory] Factory initiated
1025292875 : 61B4 : Log    : [CPathPluginManager] Loaded: Mathematic operators
1025292906 : 61B4 : Log    : [Systemic_Venous_CirculationDispFactory] Factory initiated
1025292953 : 61B4 : Log    : [Pulmonary_Venous_CirculationDispFactory] Factory initiated
1025293000 : 61B4 : Log    : [Pulmonary_Arterial_CirculationDispFactory] Factory initiated
1025293078 : 61B4 : Log    : [Systemic_Arterial_CirculationDispFactory] Factory initiated
1025293078 : 61B4 : Log    : [Left_VentricularDispFactory] Factory initiated
1025293093 : 61B4 : Log    : [Right_VentricularDispFactory] Factory initiated
1025293109 : 61B4 : Log    : [CPathPluginManager] Loaded: Circulation System
1025293109 : 61B4 : Log    : [pid_controllerDispFactory] Factory initiated
1025293218 : 61B4 : Log    : [DMC_controlerDispFactory] Factory initiated
1025293328 : 61B4 : Log    : [DMC_InputDispFactory] Factory initiated
1025293343 : 61B4 : Log    : [DMC_outputDispFactory] Factory initiated
1025293343 : 61B4 : Log    : [Trajectory_generatorDispFactory] Factory initiated
1025293343 : 61B4 : Log    : [CPathPluginManager] Loaded: Controllers
1025293359 : 61B4 : Log    : [CPathPluginManager] Loaded: Basic connections types
1025293421 : 61B4 : Log    : [inertiaDispFactory] Factory initiated
1025293468 : 61B4 : Log    : [discrete_integratorDispFactory] Factory initiated
1025293562 : 61B4 : Log    : [integer_delayDispFactory] Factory initiated
1025293640 : 61B4 : Log    : [discrete_derivativeDispFactory] Factory initiated
1025293750 : 61B4 : Log    : [slope_counterDispFactory] Factory initiated
1025293765 : 61B4 : Log    : [discrete_counterDispFactory] Factory initiated
1025293765 : 61B4 : Log    : [CPathPluginManager] Loaded: Discrete operations
1025293765 : 61B4 : Log    : [induction_motorDispFactory] Factory initiated
1025293843 : 61B4 : Log    : [ec_dc_motorDispFactory] Factory initiated
1025293859 : 61B4 : Log    : [ec_ac_servo_vcDispFactory] Factory initiated
1025293875 : 61B4 : Log    : [CPathPluginManager] Loaded: Electric components
1025293890 : 61B4 : Log    : [one_step_delDispFactory] Factory initiated
1025293953 : 61B4 : Log    : [set_statusDispFactory] Factory initiated
1025293953 : 61B4 : Log    : [get_statusDispFactory] Factory initiated
1025293968 : 61B4 : Log    : [CPathPluginManager] Loaded: Execution control
1025293984 : 61B4 : Log    : [impulse_filterDispFactory] Factory initiated
1025294046 : 61B4 : Log    : [CPathPluginManager] Loaded: Filtering
1025294140 : 61B4 : Log    : [global_fisDispFactory] Factory initiated
1025294250 : 61B4 : Log    : [CPathPluginManager] Loaded: FIS systems
1025294265 : 61B4 : Log    : [FuzzyficationDispFactory] Factory initiated
1025294328 : 61B4 : Log    : [fl_displayDispFactory] Factory initiated
1025294343 : 61B4 : Log    : [CPathPluginManager] Loaded: Fuzzy logic
1025294343 : 61B4 : Log    : [fuzzy_variableDispFactory] Factory initiated
1025294421 : 61B4 : Log    : [fuzzy_mf_displayDispFactory] Factory initiated
1025294421 : 61B4 : Log    : [defuzzyficationDispFactory] Factory initiated
1025294437 : 61B4 : Log    : [if_then_rulesDispFactory] Factory initiated
1025294453 : 61B4 : Log    : [CPathPluginManager] Loaded: Fuzzy logic 2
1025294468 : 61B4 : Log    : [change_detectorDispFactory] Factory initiated
1025294562 : 61B4 : Log    : [alarmDispFactory] Factory initiated
1025294578 : 61B4 : Log    : [multi_change_detectorDispFactory] Factory initiated
1025294593 : 61B4 : Log    : [stab_checkDispFactory] Factory initiated
1025294593 : 61B4 : Log    : [var_checkDispFactory] Factory initiated
1025294593 : 61B4 : Log    : [multi_var_checkDispFactory] Factory initiated
1025294609 : 61B4 : Log    : [CPathPluginManager] Loaded: Heuristic tests
1025294609 : 61B4 : Log    : [Hydraulic_lineDispFactory] Factory initiated
1025294656 : 61B4 : Log    : [Hydraulic_accumulatorDispFactory] Factory initiated
1025294687 : 61B4 : Log    : [Hydraulic_motorDispFactory] Factory initiated
1025294687 : 61B4 : Log    : [Hydraulic_actuatorDispFactory] Factory initiated
1025294687 : 61B4 : Log    : [32_Proportional_ValveDispFactory] Factory initiated
1025294703 : 61B4 : Log    : [32_ON_OFF_ValveDispFactory] Factory initiated
1025294703 : 61B4 : Log    : [Max_pressure_valveDispFactory] Factory initiated
1025294703 : 61B4 : Log    : [22_Proportional_ValveDispFactory] Factory initiated
1025294718 : 61B4 : Log    : [43_Proportional_ValveDispFactory] Factory initiated
1025294718 : 61B4 : Log    : [hydraulic_pumpDispFactory] Factory initiated
1025294718 : 61B4 : Log    : [Hydraulic_volumeDispFactory] Factory initiated
1025294734 : 61B4 : Log    : [CPathPluginManager] Loaded: Hydraulic elements
1025294750 : 61B4 : Log    : [slowdetDispFactory] Factory initiated
1025294875 : 61B4 : Log    : [slowpredDispFactory] Factory initiated
1025294890 : 61B4 : Log    : [CPathPluginManager] Loaded: Incipient FDI
1025294906 : 61B4 : Log    : [second_order_inertiaDispFactory] Factory initiated
1025294984 : 61B4 : Log    : [first_order_inertiaDispFactory] Factory initiated
1025294984 : 61B4 : Log    : [first_order_integratorDispFactory] Factory initiated
1025295000 : 61B4 : Log    : [ideal_diffDispFactory] Factory initiated
1025295000 : 61B4 : Log    : [real_diffDispFactory] Factory initiated
1025295015 : 61B4 : Log    : [second_order_tfDispFactory] Factory initiated
1025295015 : 61B4 : Log    : [cont_state_space_eqDispFactory] Factory initiated
1025295015 : 61B4 : Log    : [cld_transfer_functionDispFactory] Factory initiated
1025295031 : 61B4 : Log    : [CPathPluginManager] Loaded: Linear dynamic
1025295046 : 61B4 : Log    : [relationalDispFactory] Factory initiated
1025295156 : 61B4 : Log    : [logicalDispFactory] Factory initiated
1025295171 : 61B4 : Log    : [rsDispFactory] Factory initiated
1025295171 : 61B4 : Log    : [horizontal_logicDispFactory] Factory initiated
1025295187 : 61B4 : Log    : [CPathPluginManager] Loaded: Crisp logic
1025295187 : 61B4 : Log    : [CP model plugin] Plugins in: E:\PExSim\bin\
1025295250 : 61B4 : Log    : [CPluginManager] Scan for plugins in E:\PExSim\bin\
1025295265 : 61B4 : Log    : [CPluginManager] Found file matching criteria, name: aggregate_plg.mbplug
1025295281 : 61B4 : Log    : [CPluginManager] Not a model plugin.
1025295328 : 61B4 : Log    : [CPluginManager] Found file matching criteria, name: autocorrelation_plg.mbplug
1025295343 : 61B4 : Log    : [CPluginManager] Not a model plugin.
1025295406 : 61B4 : Log    : [CPluginManager] Found file matching criteria, name: disp_xy_plg.mbplug
1025295406 : 61B4 : Log    : [CPluginManager] Not a model plugin.
1025295453 : 61B4 : Log    : [CPluginManager] Found file matching criteria, name: downsample_plg.mbplug
1025295484 : 61B4 : Log    : [CPluginManager] Not a model plugin.
1025295546 : 61B4 : Log    : [CPluginManager] Found file matching criteria, name: filtering_poly_plg.mbplug
1025295546 : 61B4 : Log    : [CPluginManager] Not a model plugin.
1025295593 : 61B4 : Log    : [CPluginManager] Found file matching criteria, name: histogram_plg.mbplug
1025295609 : 61B4 : Log    : [CPluginManager] Not a model plugin.
1025295671 : 61B4 : Log    : [CPluginManager] Found file matching criteria, name: interpolation_plg.mbplug
1025295687 : 61B4 : Log    : [CPluginManager] Not a model plugin.
1025295718 : 61B4 : Log    : [CPluginManager] Found file matching criteria, name: join_datasets_plg.mbplug
1025295750 : 61B4 : Log    : [CPluginManager] Not a model plugin.
1025295828 : 61B4 : Log    : [CPluginManager] Found file matching criteria, name: model_ann_plg.mbplug
1025295843 : 61B4 : Log    : [CPluginManager] Plugin loaded, name: Artificial neural network model.
1025295937 : 61B4 : Log    : [CPluginManager] Found file matching criteria, name: model_fann_plg.mbplug
1025295953 : 61B4 : Log    : [CPluginManager] Plugin loaded, name: Simplified neural network model.
1025296031 : 61B4 : Log    : [CPluginManager] Found file matching criteria, name: model_linear_classic_plg.mbplug
1025296046 : 61B4 : Log    : [CModelLinClFactory] Initiated
1025296093 : 61B4 : Log    : [CPluginManager] Plugin loaded, name: Classic linear model
1025296109 : 61B4 : Log    : [CPluginManager] Found file matching criteria, name: model_linear_plg.mbplug
1025296109 : 61B4 : Log    : [CPluginManager] Plugin loaded, name: Linear discreete model
1025296468 : 61B4 : Log    : [CPluginManager] Found file matching criteria, name: model_tsk_plg.mbplug
1025296718 : 61B4 : Log    : [CPluginManager] Plugin loaded, name: TSK model
1025296765 : 61B4 : Log    : [CPluginManager] Found file matching criteria, name: power_spectrum_plg.mbplug
1025296796 : 61B4 : Log    : [CPluginManager] Not a model plugin.
1025296890 : 61B4 : Log    : [CPluginManager] Found file matching criteria, name: si_import_plg.mbplug
1025296906 : 61B4 : Log    : [CPluginManager] Not a model plugin.
1025297015 : 61B4 : Log    : [CPluginManager] Found file matching criteria, name: text_import_plg.mbplug
1025297062 : 61B4 : Log    : [CPluginManager] Not a model plugin.
1025297171 : 61B4 : Log    : [CPluginManager] Found file matching criteria, name: trends_nv_plg.mbplug
1025297203 : 61B4 : Log    : [CPluginManager] Not a model plugin.
1025297296 : 61B4 : Log    : [CPluginManager] Found file matching criteria, name: verif_mro_plg.mbplug
1025297328 : 61B4 : Log    : [CPluginManager] Not a model plugin.
1025297468 : 61B4 : Log    : [CPluginManager] Found file matching criteria, name: verif_standard_plg.mbplug
1025297500 : 61B4 : Log    : [CPluginManager] Not a model plugin.
1025297640 : 61B4 : Log    : [mmodelDispFactory] Factory initiated
1025297656 : 61B4 : Log    : [CPathPluginManager] Loaded: MITforRD models
1025297703 : 61B4 : Log    : [lookup_tableDispFactory] Factory initiated
1025297812 : 61B4 : Log    : [signal_limiterDispFactory] Factory initiated
1025297843 : 61B4 : Log    : [nonlinear_frictionDispFactory] Factory initiated
1025297921 : 61B4 : Log    : [hysteresisDispFactory] Factory initiated
1025297953 : 61B4 : Log    : [CPathPluginManager] Loaded: Nonlinear elements
1025297984 : 61B4 : Log    : [nonlinear_dynamicDispFactory] Factory initiated
1025298109 : 61B4 : Log    : [nonlinear_dynamic_cppDispFactory] Factory initiated
1025298125 : 61B4 : Log    : [CPathPluginManager] Loaded: Nonlinear dynamic
1025298156 : 61B4 : Log    : [op_quality_indexDispFactory] Factory initiated
1025298265 : 61B4 : Log    : [CPathPluginManager] Loaded: Parameters optimization
1025298296 : 61B4 : Log    : [pneumatic_lineDispFactory] Factory initiated
1025298406 : 61B4 : Log    : [pneumatic_volumeDispFactory] Factory initiated
1025298562 : 61B4 : Log    : [3_2_valveDispFactory] Factory initiated
1025298578 : 61B4 : Log    : [5_3_valveDispFactory] Factory initiated
1025298609 : 61B4 : Log    : [3_2_switch_valveDispFactory] Factory initiated
1025298640 : 61B4 : Log    : [2p_switch_valveDispFactory] Factory initiated
1025298671 : 61B4 : Log    : [pneumatic_actuatorDispFactory] Factory initiated
1025299062 : 61B4 : Log    : [CPathPluginManager] Loaded: Pneumatic elements
1025299328 : 61B4 : Log    : [subpathDispFactory] Factory initiated
1025299796 : 61B4 : Log    : [subpath_inputDispFactory] Factory initiated
1025299843 : 61B4 : Log    : [subpath_outputDispFactory] Factory initiated
1025299859 : 61B4 : Log    : [CPathPluginManager] Loaded: Ports and subsystems
1025299937 : 61B4 : Log    : [dmc_controllerDispFactory] Factory initiated
1025299968 : 61B4 : Log    : [CPathPluginManager] Loaded: DMC controller
1025300031 : 61B4 : Log    : [simple_heat_exchangeDispFactory] Factory initiated
1025300093 : 61B4 : Log    : [heat_exchangeDispFactory] Factory initiated
1025300125 : 61B4 : Log    : [tle_heat_exchangeDispFactory] Factory initiated
1025300218 : 61B4 : Log    : [injectorDispFactory] Factory initiated
1025300312 : 61B4 : Log    : [CPathPluginManager] Loaded: Heat exchange
1025300421 : 61B4 : Log    : [simple_heat_exchangerDispFactory] Factory initiated
1025300515 : 61B4 : Log    : [fire_box_heat_exchangeDispFactory] Factory initiated
1025300578 : 61B4 : Log    : [CPathPluginManager] Loaded: Heat exchange - new
1025300671 : 61B4 : Log    : [script_c_cppDispFactory] Factory initiated
1025300765 : 61B4 : Log    : [CPathPluginManager] Loaded: C/C++ scripts
1025300796 : 61B4 : Log    : [switchDispFactory] Factory initiated
1025300859 : 61B4 : Log    : [min_max_selectDispFactory] Factory initiated
1025301250 : 61B4 : Log    : [multi_switchDispFactory] Factory initiated
1025301531 : 61B4 : Log    : [MuxDispFactory] Factory initiated
1025301828 : 61B4 : Log    : [DemuxDispFactory] Factory initiated
1025301828 : 61B4 : Log    : [selectorDispFactory] Factory initiated
1025301906 : 61B4 : Log    : [CPathPluginManager] Loaded: Signal routing
1025301937 : 61B4 : Log    : [displayDispFactory] Factory initiated
1025302062 : 61B4 : Log    : [ccom_outDispFactory] Factory initiated
1025302093 : 61B4 : Log    : [internal_out_varDispFactory] Factory initiated
1025302468 : 61B4 : Log    : [text_file_outDispFactory] Factory initiated
1025302765 : 61B4 : Log    : [xy_displayDispFactory] Factory initiated
1025302984 : 61B4 : Log    : [sink_plotDispFactory] Factory initiated
1025303000 : 61B4 : Log    : [text_file_out_discDispFactory] Factory initiated
1025303031 : 61B4 : Log    : [CPathPluginManager] Loaded: Sinks
1025303078 : 61B4 : Log    : [randomDispFactory] Factory initiated
1025303203 : 61B4 : Log    : [constantDispFactory] Factory initiated
1025303218 : 61B4 : Log    : [ccom_inDispFactory] Factory initiated
1025303250 : 61B4 : Log    : [time_lineDispFactory] Factory initiated
1025303265 : 61B4 : Log    : [text_file_inDispFactory] Factory initiated
1025303312 : 61B4 : Log    : [src_periodicDispFactory] Factory initiated
1025303328 : 61B4 : Log    : [src_time_eventDispFactory] Factory initiated
1025303359 : 61B4 : Log    : [g_randomDispFactory] Factory initiated
1025303375 : 61B4 : Log    : [CPathPluginManager] Loaded: Sources
1025303406 : 61B4 : Log    : [averageDispFactory] Factory initiated
1025303515 : 61B4 : Log    : [basic_statDispFactory] Factory initiated
1025303531 : 61B4 : Log    : [signals_interdependenceDispFactory] Factory initiated
1025303562 : 61B4 : Log    : [averagetsDispFactory] Factory initiated
1025303593 : 61B4 : Log    : [CPathPluginManager] Loaded: Statistic operators
1025303625 : 61B4 : Log    : [wss_char_T_pDispFactory] Factory initiated
1025303765 : 61B4 : Log    : [wss_char_p_TDispFactory] Factory initiated
1025303781 : 61B4 : Log    : [steam_boiler_1DispFactory] Factory initiated
1025303812 : 61B4 : Log    : [CPathPluginManager] Loaded: Water-steam dependencies
1025303843 : 61B4 : Log    : [CPathPluginManager] Scan for plugins done. 
1025303921 : 61B4 : Log    : [DispContainer] Initiation
1025304343 : 61B4 : Log    : Decode configuration ...
1025304734 : 61B4 : Log    : [XML DLL] getElemFactory called.
1025304921 : 61B4 : Log    : [XML DLL] getParser called.
1025304937 : 61B4 : Log    : Configuration done.
1025305031 : 61B4 : Log    : [CWUTMsgDecoderExpat] File decode done, time: 0.000000 [ms]
1025309390 : 61B4 : Log    : [CWUTMsgDecoderExpat] Message decode done, time: 0 [ms]
1025340171 : 61B4 : Log    : [CTransformPath] Release path Path 1
1025340218 : 61B4 : Log    : [CTransformPath] Delete path Path 1
1025340265 : 61B4 : Log    : [CWUTMsgDecoderExpat] File decode done, time: 0.000000 [ms]
1025340296 : 61B4 : Log    : [CTransformPath] Atempt to configure path Path 1 (2)...
1025340312 : 61B4 : Log    : [CTransformPath] Atempt to configure path Doplyw B  (3)...
1025340343 : 61B4 : Log    : [DispContainer] Create display for TO 
1025340359 : 61B4 : Log    : [constantDispFactory] Creating display type constant
1025340406 : 61B4 : Log    : [DispContainer] Create display for TO 
1025340437 : 61B4 : Log    : [randomDispFactory] Creating display type random
1025340468 : 61B4 : Log    : [DispContainer] Create display for TO 
1025340484 : 61B4 : Log    : [first_order_integratorDispFactory] Creating display type first_order_integrator
1025340531 : 61B4 : Log    : [dryft wolno zmienny ] Calculated coefs in dryft wolno zmienny : a1 = -1.000000, b1 = 2.000000
1025340546 : 61B4 : Log    : [dryft wolno zmienny ] Calculated coefs in dryft wolno zmienny : a1 = -1.000000, b1 = 2.000000
1025340562 : 61B4 : Log    : [dryft wolno zmienny ] Calculated coefs in dryft wolno zmienny : a1 = -1.000000, b1 = 2.000000
1025340593 : 61B4 : Log    : [dryft wolno zmienny ] Calculated coefs in dryft wolno zmienny : a1 = -1.000000, b1 = 2.000000
1025340609 : 61B4 : Log    : [dryft wolno zmienny ] Calculated coefs in dryft wolno zmienny : a1 = -1.000000, b1 = 2.000000
1025340625 : 61B4 : Log    : [dryft wolno zmienny ] Calculated coefs in dryft wolno zmienny : a1 = -1.000000, b1 = 2.000000
1025340656 : 61B4 : Log    : [dryft wolno zmienny ] Calculated coefs in dryft wolno zmienny : a1 = -1.000000, b1 = 2.000000
1025340671 : 61B4 : Log    : [dryft wolno zmienny ] Calculated coefs in dryft wolno zmienny : a1 = -1.000000, b1 = 2.000000
1025341031 : 61B4 : Log    : [DispContainer] Create display for TO 
1025341046 : 61B4 : Log    : [first_order_inertiaDispFactory] Creating display type first_order_inertia
1025341062 : 61B4 : Log    : [zmiennosc po inercji ] Calculated coefs in zmiennosc po inercji : a1 = -0.904837, b1 = 0.095163
1025341078 : 61B4 : Log    : [zmiennosc po inercji ] Calculated coefs in zmiennosc po inercji : a1 = -0.904837, b1 = 0.095163
1025341093 : 61B4 : Log    : [zmiennosc po inercji ] Calculated coefs in zmiennosc po inercji : a1 = -0.967216, b1 = 0.032784
1025341125 : 61B4 : Log    : [zmiennosc po inercji ] Calculated coefs in zmiennosc po inercji : a1 = -0.967216, b1 = 0.032784
1025341140 : 61B4 : Log    : [zmiennosc po inercji ] Calculated coefs in zmiennosc po inercji : a1 = -0.967216, b1 = 0.032784
1025341156 : 61B4 : Log    : [zmiennosc po inercji ] Calculated coefs in zmiennosc po inercji : a1 = -0.967216, b1 = 0.032784
1025341171 : 61B4 : Log    : [zmiennosc po inercji ] Calculated coefs in zmiennosc po inercji : a1 = -0.967216, b1 = 0.032784
1025341187 : 61B4 : Log    : [zmiennosc po inercji ] Calculated coefs in zmiennosc po inercji : a1 = -0.967216, b1 = 0.032784
1025341203 : 61B4 : Log    : [DispContainer] Create display for TO 
1025341218 : 61B4 : Log    : [sumDispFactory] Creating display type sum
1025341234 : 61B4 : Log    : [DispContainer] Create display for TO 
1025341250 : 61B4 : Log    : [signal_limiterDispFactory] Creating display type signal_limiter
1025341265 : 61B4 : Log    : [DispContainer] Create display for TO 
1025341296 : 61B4 : Log    : [displayDispFactory] Creating display type display
1025341328 : 61B4 : Log    : [DispContainer] Create display for TO 
1025341343 : 61B4 : Log    : [gainDispFactory] Creating display type gain
1025341359 : 61B4 : Log    : [DispContainer] Create display for TO 
1025341359 : 61B4 : Log    : [subpath_outputDispFactory] Creating display type subpath_output
1025341375 : 61B4 : Log    : [DispContainer] Create display for TO 
1025341390 : 61B4 : Log    : [gainDispFactory] Creating display type gain
1025341390 : 61B4 : Log    : [DispContainer] Create display for connection
1025341406 : 61B4 : Log    : [DispContainer] Create display for connection
1025341421 : 61B4 : Log    : [DispContainer] Create display for connection
1025341437 : 61B4 : Log    : [DispContainer] Create display for connection
1025341437 : 61B4 : Log    : [DispContainer] Create display for connection
1025341453 : 61B4 : Log    : [DispContainer] Create display for connection
1025341468 : 61B4 : Log    : [DispContainer] Create display for connection
1025341484 : 61B4 : Log    : [DispContainer] Create display for connection
1025341484 : 61B4 : Log    : [DispContainer] Create display for connection
1025341500 : 61B4 : Log    : [DispContainer] Create display for connection
1025341515 : 61B4 : Log    : [CTransformPath] Path Doplyw B  (3) configured
1025341515 : 61B4 : Log    : [CTransformPath] Atempt to configure path Valve FD (4)...
1025341531 : 61B4 : Log    : [DispContainer] Create display for TO 
1025341546 : 61B4 : Log    : [subpath_inputDispFactory] Creating display type subpath_input
1025341546 : 61B4 : Log    : [DispContainer] Create display for TO 
1025341562 : 61B4 : Log    : [integer_delayDispFactory] Creating display type integer_delay
1025341578 : 61B4 : Log    : [DispContainer] Create display for TO 
1025341578 : 61B4 : Log    : [displayDispFactory] Creating display type display
1025341609 : 61B4 : Log    : [DispContainer] Create display for TO 
1025341609 : 61B4 : Log    : [constantDispFactory] Creating display type constant
1025341640 : 61B4 : Log    : [DispContainer] Create display for TO 
1025341640 : 61B4 : Log    : [first_order_inertiaDispFactory] Creating display type first_order_inertia
1025341640 : 61B4 : Log    : [Valve FD inertia] Calculated coefs in Valve FD inertia: a1 = -0.904837, b1 = 0.095163
1025341640 : 61B4 : Log    : [Valve FD inertia] Calculated coefs in Valve FD inertia: a1 = -0.904837, b1 = 0.095163
1025341671 : 61B4 : Log    : [Valve FD inertia] Calculated coefs in Valve FD inertia: a1 = -0.904837, b1 = 0.095163
1025341671 : 61B4 : Log    : [Valve FD inertia] Calculated coefs in Valve FD inertia: a1 = -0.904837, b1 = 0.095163
1025341671 : 61B4 : Log    : [Valve FD inertia] Calculated coefs in Valve FD inertia: a1 = -0.904837, b1 = 0.095163
1025341687 : 61B4 : Log    : [Valve FD inertia] Calculated coefs in Valve FD inertia: a1 = -0.904837, b1 = 0.095163
1025341687 : 61B4 : Log    : [Valve FD inertia] Calculated coefs in Valve FD inertia: a1 = -0.904837, b1 = 0.095163
1025341687 : 61B4 : Log    : [Valve FD inertia] Calculated coefs in Valve FD inertia: a1 = -0.904837, b1 = 0.095163
1025341703 : 61B4 : Log    : [DispContainer] Create display for TO 
1025341703 : 61B4 : Log    : [subpath_outputDispFactory] Creating display type subpath_output
1025341718 : 61B4 : Log    : [DispContainer] Create display for connection
1025341718 : 61B4 : Log    : [DispContainer] Create display for connection
1025341734 : 61B4 : Log    : [DispContainer] Create display for connection
1025341734 : 61B4 : Log    : [DispContainer] Create display for connection
1025341750 : 61B4 : Log    : [DispContainer] Create display for connection
1025341750 : 61B4 : Log    : [CTransformPath] Path Valve FD (4) configured
1025341765 : 61B4 : Log    : [DispContainer] Create display for TO 
1025341765 : 61B4 : Log    : [gainDispFactory] Creating display type gain
1025341781 : 61B4 : Log    : [DispContainer] Create display for TO 
1025341796 : 61B4 : Log    : [gainDispFactory] Creating display type gain
1025341796 : 61B4 : Log    : [DispContainer] Create display for TO 
1025341812 : 61B4 : Log    : [sumDispFactory] Creating display type sum
1025341828 : 61B4 : Log    : [DispContainer] Create display for TO 
1025341828 : 61B4 : Log    : [first_order_integratorDispFactory] Creating display type first_order_integrator
1025341843 : 61B4 : Log    : [Wypelnienie W ] Calculated coefs in Wypelnienie W : a1 = -1.000000, b1 = 10.000000
1025341843 : 61B4 : Log    : [Wypelnienie W ] Calculated coefs in Wypelnienie W : a1 = -1.000000, b1 = 10.000000
1025341859 : 61B4 : Log    : [Wypelnienie W ] Calculated coefs in Wypelnienie W : a1 = -1.000000, b1 = 10.000000
1025341875 : 61B4 : Log    : [Wypelnienie W ] Calculated coefs in Wypelnienie W : a1 = -1.000000, b1 = 10.000000
1025341875 : 61B4 : Log    : [Wypelnienie W ] Calculated coefs in Wypelnienie W : a1 = -1.000000, b1 = 10.000000
1025341890 : 61B4 : Log    : [Wypelnienie W ] Calculated coefs in Wypelnienie W : a1 = -1.000000, b1 = 10.000000
1025341890 : 61B4 : Log    : [Wypelnienie W ] Calculated coefs in Wypelnienie W : a1 = -1.000000, b1 = 10.000000
1025341906 : 61B4 : Log    : [Wypelnienie W ] Calculated coefs in Wypelnienie W : a1 = -1.000000, b1 = 10.000000
1025341921 : 61B4 : Log    : [DispContainer] Create display for TO 
1025341921 : 61B4 : Log    : [first_order_integratorDispFactory] Creating display type first_order_integrator
1025341937 : 61B4 : Log    : [Stezenie CA] Calculated coefs in Stezenie CA: a1 = -1.000000, b1 = 10.000000
1025341953 : 61B4 : Log    : [Stezenie CA] Calculated coefs in Stezenie CA: a1 = -1.000000, b1 = 10.000000
1025341953 : 61B4 : Log    : [Stezenie CA] Calculated coefs in Stezenie CA: a1 = -1.000000, b1 = 10.000000
1025341968 : 61B4 : Log    : [Stezenie CA] Calculated coefs in Stezenie CA: a1 = -1.000000, b1 = 10.000000
1025341984 : 61B4 : Log    : [Stezenie CA] Calculated coefs in Stezenie CA: a1 = -1.000000, b1 = 10.000000
1025341984 : 61B4 : Log    : [Stezenie CA] Calculated coefs in Stezenie CA: a1 = -1.000000, b1 = 10.000000
1025342000 : 61B4 : Log    : [Stezenie CA] Calculated coefs in Stezenie CA: a1 = -1.000000, b1 = 10.000000
1025342000 : 61B4 : Log    : [Stezenie CA] Calculated coefs in Stezenie CA: a1 = -1.000000, b1 = 10.000000
1025342015 : 61B4 : Log    : [DispContainer] Create display for TO 
1025342031 : 61B4 : Log    : [math_expressionDispFactory] Creating display type math_expression
1025342031 : 61B4 : Log    : [DispContainer] Create display for TO 
1025342046 : 61B4 : Log    : [math_expressionDispFactory] Creating display type math_expression
1025342062 : 61B4 : Log    : [DispContainer] Create display for TO 
1025342062 : 61B4 : Log    : [constantDispFactory] Creating display type constant
1025342093 : 61B4 : Log    : [DispContainer] Create display for TO 
1025342109 : 61B4 : Log    : [constantDispFactory] Creating display type constant
1025342125 : 61B4 : Log    : [DispContainer] Create display for TO 
1025342140 : 61B4 : Log    : [constantDispFactory] Creating display type constant
1025342156 : 61B4 : Log    : [DispContainer] Create display for TO 
1025342156 : 61B4 : Log    : [gainDispFactory] Creating display type gain
1025342156 : 61B4 : Log    : [DispContainer] Create display for TO 
1025342156 : 61B4 : Log    : [first_order_integratorDispFactory] Creating display type first_order_integrator
1025342171 : 61B4 : Log    : [Temperatura w reaktorze T ] Calculated coefs in Temperatura w reaktorze T : a1 = -1.000000, b1 = 10.000000
1025342171 : 61B4 : Log    : [Temperatura w reaktorze T ] Calculated coefs in Temperatura w reaktorze T : a1 = -1.000000, b1 = 10.000000
1025342171 : 61B4 : Log    : [Temperatura w reaktorze T ] Calculated coefs in Temperatura w reaktorze T : a1 = -1.000000, b1 = 10.000000
1025342187 : 61B4 : Log    : [Temperatura w reaktorze T ] Calculated coefs in Temperatura w reaktorze T : a1 = -1.000000, b1 = 10.000000
1025342187 : 61B4 : Log    : [Temperatura w reaktorze T ] Calculated coefs in Temperatura w reaktorze T : a1 = -1.000000, b1 = 10.000000
1025342187 : 61B4 : Log    : [Temperatura w reaktorze T ] Calculated coefs in Temperatura w reaktorze T : a1 = -1.000000, b1 = 10.000000
1025342203 : 61B4 : Log    : [Temperatura w reaktorze T ] Calculated coefs in Temperatura w reaktorze T : a1 = -1.000000, b1 = 10.000000
1025342203 : 61B4 : Log    : [Temperatura w reaktorze T ] Calculated coefs in Temperatura w reaktorze T : a1 = -1.000000, b1 = 10.000000
1025342218 : 61B4 : Log    : [DispContainer] Create display for TO 
1025342218 : 61B4 : Log    : [constantDispFactory] Creating display type constant
1025342250 : 61B4 : Log    : [DispContainer] Create display for TO 
1025342250 : 61B4 : Log    : [constantDispFactory] Creating display type constant
1025342265 : 61B4 : Log    : [DispContainer] Create display for TO 
1025342265 : 61B4 : Log    : [constantDispFactory] Creating display type constant
1025342281 : 61B4 : Log    : [DispContainer] Create display for TO 
1025342281 : 61B4 : Log    : [displayDispFactory] Creating display type display
1025342312 : 61B4 : Log    : [DispContainer] Create display for TO 
1025342312 : 61B4 : Log    : [displayDispFactory] Creating display type display
1025342312 : 61B4 : Log    : [DispContainer] Create display for TO 
1025342328 : 61B4 : Log    : [math_expressionDispFactory] Creating display type math_expression
1025342328 : 61B4 : Log    : [DispContainer] Create display for TO 
1025342328 : 61B4 : Log    : [constantDispFactory] Creating display type constant
1025342359 : 61B4 : Log    : [DispContainer] Create display for TO 
1025342359 : 61B4 : Log    : [constantDispFactory] Creating display type constant
1025342375 : 61B4 : Log    : [DispContainer] Create display for TO 
1025342375 : 61B4 : Log    : [sumDispFactory] Creating display type sum
1025342375 : 61B4 : Log    : [DispContainer] Create display for TO 
1025342375 : 61B4 : Log    : [gainDispFactory] Creating display type gain
1025342390 : 61B4 : Log    : [DispContainer] Create display for TO 
1025342406 : 61B4 : Log    : [gainDispFactory] Creating display type gain
1025342406 : 61B4 : Log    : [DispContainer] Create display for TO 
1025342406 : 61B4 : Log    : [displayDispFactory] Creating display type display
1025342437 : 61B4 : Log    : [DispContainer] Create display for TO 
1025342437 : 61B4 : Log    : [src_time_eventDispFactory] Creating display type src_time_event
1025342437 : 61B4 : Log    : [DispContainer] Create display for TO 
1025342437 : 61B4 : Log    : [src_periodicDispFactory] Creating display type src_periodic
1025342437 : 61B4 : Log    : [DispContainer] Create display for TO 
1025342453 : 61B4 : Log    : [gainDispFactory] Creating display type gain
1025342453 : 61B4 : Log    : [DispContainer] Create display for TO 
1025342453 : 61B4 : Log    : [subpathDispFactory] Creating display type subpath
1025342468 : 61B4 : Log    : [DispContainer] Create display for TO 
1025342468 : 61B4 : Log    : [pid_controllerDispFactory] Creating display type pid_controller
1025342484 : 61B4 : Log    : [DispContainer] Create display for TO 
1025342484 : 61B4 : Log    : [src_time_eventDispFactory] Creating display type src_time_event
1025342500 : 61B4 : Log    : [DispContainer] Create display for TO 
1025342500 : 61B4 : Log    : [displayDispFactory] Creating display type display
1025342531 : 61B4 : Log    : [DispContainer] Create display for TO 
1025342531 : 61B4 : Log    : [sumDispFactory] Creating display type sum
1025342562 : 61B4 : Log    : [DispContainer] Create display for TO 
1025342562 : 61B4 : Log    : [math_absoluteDispFactory] Creating display type math_absolute
1025342578 : 61B4 : Log    : [DispContainer] Create display for TO 
1025342578 : 61B4 : Log    : [gainDispFactory] Creating display type gain
1025342593 : 61B4 : Log    : [DispContainer] Create display for TO 
1025342593 : 61B4 : Log    : [first_order_integratorDispFactory] Creating display type first_order_integrator
1025342609 : 61B4 : Log    : [Cost index] Calculated coefs in Cost index: a1 = -1.000000, b1 = 10.000000
1025342609 : 61B4 : Log    : [Cost index] Calculated coefs in Cost index: a1 = -1.000000, b1 = 10.000000
1025342625 : 61B4 : Log    : [Cost index] Calculated coefs in Cost index: a1 = -1.000000, b1 = 10.000000
1025342625 : 61B4 : Log    : [Cost index] Calculated coefs in Cost index: a1 = -1.000000, b1 = 10.000000
1025342640 : 61B4 : Log    : [Cost index] Calculated coefs in Cost index: a1 = -1.000000, b1 = 10.000000
1025342640 : 61B4 : Log    : [Cost index] Calculated coefs in Cost index: a1 = -1.000000, b1 = 10.000000
1025342656 : 61B4 : Log    : [Cost index] Calculated coefs in Cost index: a1 = -1.000000, b1 = 10.000000
1025342656 : 61B4 : Log    : [Cost index] Calculated coefs in Cost index: a1 = -1.000000, b1 = 10.000000
1025342671 : 61B4 : Log    : [DispContainer] Create display for TO 
1025342671 : 61B4 : Log    : [displayDispFactory] Creating display type display
1025342703 : 61B4 : Log    : [DispContainer] Create display for TO 
1025342703 : 61B4 : Log    : [src_time_eventDispFactory] Creating display type src_time_event
1025342718 : 61B4 : Log    : [DispContainer] Create display for TO 
1025342718 : 61B4 : Log    : [sumDispFactory] Creating display type sum
1025342734 : 61B4 : Log    : [DispContainer] Create display for TO 
1025342734 : 61B4 : Log    : [displayDispFactory] Creating display type display
1025342765 : 61B4 : Log    : [DispContainer] Create display for TO 
1025342765 : 61B4 : Log    : [subpathDispFactory] Creating display type subpath
1025342765 : 61B4 : Log    : [DispContainer] Create display for TO 
1025342781 : 61B4 : Log    : [displayDispFactory] Creating display type display
1025342796 : 61B4 : Log    : [DispContainer] Create display for TO 
1025342796 : 61B4 : Log    : [sumDispFactory] Creating display type sum
1025342812 : 61B4 : Log    : [DispContainer] Create display for TO 
1025342812 : 61B4 : Log    : [math_expressionDispFactory] Creating display type math_expression
1025342828 : 61B4 : Log    : [DispContainer] Create display for TO 
1025342828 : 61B4 : Log    : [constantDispFactory] Creating display type constant
1025342843 : 61B4 : Log    : [DispContainer] Create display for TO 
1025342843 : 61B4 : Log    : [lookup_tableDispFactory] Creating display type lookup_table
1025342859 : 61B4 : Log    : [DispContainer] Create display for TO 
1025342859 : 61B4 : Log    : [gainDispFactory] Creating display type gain
1025342875 : 61B4 : Log    : [DispContainer] Create display for TO 
1025342890 : 61B4 : Log    : [displayDispFactory] Creating display type display
1025342890 : 61B4 : Log    : [DispContainer] Create display for TO 
1025342906 : 61B4 : Log    : [displayDispFactory] Creating display type display
1025342921 : 61B4 : Log    : [DispContainer] Create display for connection
1025342921 : 61B4 : Log    : [DispContainer] Create display for connection
1025342921 : 61B4 : Log    : [DispContainer] Create display for connection
1025342937 : 61B4 : Log    : [DispContainer] Create display for connection
1025342937 : 61B4 : Log    : [DispContainer] Create display for connection
1025342937 : 61B4 : Log    : [DispContainer] Create display for connection
1025342953 : 61B4 : Log    : [DispContainer] Create display for connection
1025342968 : 61B4 : Log    : [DispContainer] Create display for connection
1025342968 : 61B4 : Log    : [DispContainer] Create display for connection
1025342968 : 61B4 : Log    : [DispContainer] Create display for connection
1025342968 : 61B4 : Log    : [DispContainer] Create display for connection
1025342984 : 61B4 : Log    : [DispContainer] Create display for connection
1025342984 : 61B4 : Log    : [DispContainer] Create display for connection
1025343000 : 61B4 : Log    : [DispContainer] Create display for connection
1025343000 : 61B4 : Log    : [DispContainer] Create display for connection
1025343015 : 61B4 : Log    : [DispContainer] Create display for connection
1025343015 : 61B4 : Log    : [DispContainer] Create display for connection
1025343031 : 61B4 : Log    : [DispContainer] Create display for connection
1025343031 : 61B4 : Log    : [DispContainer] Create display for connection
1025343046 : 61B4 : Log    : [DispContainer] Create display for connection
1025343062 : 61B4 : Log    : [DispContainer] Create display for connection
1025343062 : 61B4 : Log    : [DispContainer] Create display for connection
1025343078 : 61B4 : Log    : [DispContainer] Create display for connection
1025343093 : 61B4 : Log    : [DispContainer] Create display for connection
1025343093 : 61B4 : Log    : [DispContainer] Create display for connection
1025343109 : 61B4 : Log    : [DispContainer] Create display for connection
1025343125 : 61B4 : Log    : [DispContainer] Create display for connection
1025343125 : 61B4 : Log    : [DispContainer] Create display for connection
1025343140 : 61B4 : Log    : [DispContainer] Create display for connection
1025343156 : 61B4 : Log    : [DispContainer] Create display for connection
1025343156 : 61B4 : Log    : [DispContainer] Create display for connection
1025343171 : 61B4 : Log    : [DispContainer] Create display for connection
1025343187 : 61B4 : Log    : [DispContainer] Create display for connection
1025343187 : 61B4 : Log    : [DispContainer] Create display for connection
1025343203 : 61B4 : Log    : [DispContainer] Create display for connection
1025343203 : 61B4 : Log    : [DispContainer] Create display for connection
1025343218 : 61B4 : Log    : [DispContainer] Create display for connection
1025343218 : 61B4 : Log    : [DispContainer] Create display for connection
1025343218 : 61B4 : Log    : [DispContainer] Create display for connection
1025343234 : 61B4 : Log    : [DispContainer] Create display for connection
1025343250 : 61B4 : Log    : [DispContainer] Create display for connection
1025343265 : 61B4 : Log    : [DispContainer] Create display for connection
1025343265 : 61B4 : Log    : [DispContainer] Create display for connection
1025343281 : 61B4 : Log    : [DispContainer] Create display for connection
1025343296 : 61B4 : Log    : [DispContainer] Create display for connection
1025343296 : 61B4 : Log    : [DispContainer] Create display for connection
1025343312 : 61B4 : Log    : [DispContainer] Create display for connection
1025343328 : 61B4 : Log    : [DispContainer] Create display for connection
1025343328 : 61B4 : Log    : [DispContainer] Create display for connection
1025343343 : 61B4 : Log    : [DispContainer] Create display for connection
1025343343 : 61B4 : Log    : [DispContainer] Create display for connection
1025343359 : 61B4 : Log    : [DispContainer] Create display for connection
1025343375 : 61B4 : Log    : [DispContainer] Create display for connection
1025343375 : 61B4 : Log    : [DispContainer] Create display for connection
1025343390 : 61B4 : Log    : [DispContainer] Create display for connection
1025343390 : 61B4 : Log    : [DispContainer] Create display for connection
1025343406 : 61B4 : Log    : [DispContainer] Create display for connection
1025343406 : 61B4 : Log    : [DispContainer] Create display for connection
1025343421 : 61B4 : Log    : [DispContainer] Create display for connection
1025343437 : 61B4 : Log    : [DispContainer] Create display for connection
1025343453 : 61B4 : Log    : [DispContainer] Create display for connection
1025343453 : 61B4 : Log    : [DispContainer] Create display for connection
1025343468 : 61B4 : Log    : [CTransformPath] Path Path 1 (2) configured
1025343484 : 61B4 : Log    : [CTransformPath] Init path Path 1
1025343500 : 61B4 : Log    : [CTransformPath] Init path Doplyw B 
1025343500 : 61B4 : Log    : [CTransformPath] Init path Valve FD
1025352671 : 61B4 : Log    : [CWUTMsgDecoderExpat] Message decode done, time: 0 [ms]
1025360593 : 61B4 : Log    : [CWUTMsgDecoderExpat] Message decode done, time: 0 [ms]
1025364328 : 61B4 : Log    : [CWUTMsgDecoderExpat] Message decode done, time: 0 [ms]
1025372265 : 61B4 : Log    : [CWUTMsgDecoderExpat] Message decode done, time: 0 [ms]
1025375406 : 61B4 : Log    : [CTransformPath] Release path Path 1
1025375421 : 61B4 : Log    : [DispContainer] Remove connection display
1025375421 : 61B4 : Log    : [CTransformPath] Connection deleted
1025375437 : 61B4 : Log    : [DispContainer] Remove connection display
1025375437 : 61B4 : Log    : [CTransformPath] Connection deleted
1025375453 : 61B4 : Log    : [DispContainer] Remove connection display
1025375468 : 61B4 : Log    : [CTransformPath] Connection deleted
1025375468 : 61B4 : Log    : [DispContainer] Remove connection display
1025375484 : 61B4 : Log    : [CTransformPath] Connection deleted
1025375484 : 61B4 : Log    : [DispContainer] Remove connection display
1025375500 : 61B4 : Log    : [CTransformPath] Connection deleted
1025375515 : 61B4 : Log    : [DispContainer] Remove connection display
1025375515 : 61B4 : Log    : [CTransformPath] Connection deleted
1025375531 : 61B4 : Log    : [DispContainer] Remove connection display
1025375531 : 61B4 : Log    : [CTransformPath] Connection deleted
1025375562 : 61B4 : Log    : [DispContainer] Remove connection display
1025375562 : 61B4 : Log    : [CTransformPath] Connection deleted
1025375578 : 61B4 : Log    : [DispContainer] Remove connection display
1025375578 : 61B4 : Log    : [CTransformPath] Connection deleted
1025375593 : 61B4 : Log    : [DispContainer] Remove connection display
1025375593 : 61B4 : Log    : [CTransformPath] Connection deleted
1025375609 : 61B4 : Log    : [DispContainer] Remove connection display
1025375625 : 61B4 : Log    : [CTransformPath] Connection deleted
1025375625 : 61B4 : Log    : [DispContainer] Remove connection display
1025375640 : 61B4 : Log    : [CTransformPath] Connection deleted
1025375656 : 61B4 : Log    : [DispContainer] Remove connection display
1025375671 : 61B4 : Log    : [CTransformPath] Connection deleted
1025375671 : 61B4 : Log    : [DispContainer] Remove connection display
1025375687 : 61B4 : Log    : [CTransformPath] Connection deleted
1025375687 : 61B4 : Log    : [DispContainer] Remove connection display
1025375703 : 61B4 : Log    : [CTransformPath] Connection deleted
1025375718 : 61B4 : Log    : [DispContainer] Remove connection display
1025375718 : 61B4 : Log    : [CTransformPath] Connection deleted
1025375734 : 61B4 : Log    : [DispContainer] Remove connection display
1025375734 : 61B4 : Log    : [CTransformPath] Connection deleted
1025375750 : 61B4 : Log    : [DispContainer] Remove connection display
1025375765 : 61B4 : Log    : [CTransformPath] Connection deleted
1025375781 : 61B4 : Log    : [DispContainer] Remove connection display
1025375781 : 61B4 : Log    : [CTransformPath] Connection deleted
1025375796 : 61B4 : Log    : [DispContainer] Remove connection display
1025375796 : 61B4 : Log    : [CTransformPath] Connection deleted
1025375812 : 61B4 : Log    : [DispContainer] Remove connection display
1025375828 : 61B4 : Log    : [CTransformPath] Connection deleted
1025375828 : 61B4 : Log    : [DispContainer] Remove connection display
1025375843 : 61B4 : Log    : [CTransformPath] Connection deleted
1025375859 : 61B4 : Log    : [DispContainer] Remove connection display
1025375859 : 61B4 : Log    : [CTransformPath] Connection deleted
1025375875 : 61B4 : Log    : [DispContainer] Remove connection display
1025375875 : 61B4 : Log    : [CTransformPath] Connection deleted
1025375875 : 61B4 : Log    : [DispContainer] Remove connection display
1025375906 : 61B4 : Log    : [CTransformPath] Connection deleted
1025375906 : 61B4 : Log    : [DispContainer] Remove connection display
1025375921 : 61B4 : Log    : [CTransformPath] Connection deleted
1025375921 : 61B4 : Log    : [DispContainer] Remove connection display
1025375937 : 61B4 : Log    : [CTransformPath] Connection deleted
1025375953 : 61B4 : Log    : [DispContainer] Remove connection display
1025375953 : 61B4 : Log    : [CTransformPath] Connection deleted
1025375968 : 61B4 : Log    : [DispContainer] Remove connection display
1025375968 : 61B4 : Log    : [CTransformPath] Connection deleted
1025375984 : 61B4 : Log    : [DispContainer] Remove connection display
1025375984 : 61B4 : Log    : [CTransformPath] Connection deleted
1025376000 : 61B4 : Log    : [DispContainer] Remove connection display
1025376015 : 61B4 : Log    : [CTransformPath] Connection deleted
1025376015 : 61B4 : Log    : [DispContainer] Remove connection display
1025376031 : 61B4 : Log    : [CTransformPath] Connection deleted
1025376046 : 61B4 : Log    : [DispContainer] Remove connection display
1025376046 : 61B4 : Log    : [CTransformPath] Connection deleted
1025376093 : 61B4 : Log    : [DispContainer] Remove connection display
1025376109 : 61B4 : Log    : [CTransformPath] Connection deleted
1025376109 : 61B4 : Log    : [DispContainer] Remove connection display
1025376125 : 61B4 : Log    : [CTransformPath] Connection deleted
1025376140 : 61B4 : Log    : [DispContainer] Remove connection display
1025376140 : 61B4 : Log    : [CTransformPath] Connection deleted
1025376156 : 61B4 : Log    : [DispContainer] Remove connection display
1025376171 : 61B4 : Log    : [CTransformPath] Connection deleted
1025376171 : 61B4 : Log    : [DispContainer] Remove connection display
1025376187 : 61B4 : Log    : [CTransformPath] Connection deleted
1025376187 : 61B4 : Log    : [DispContainer] Remove connection display
1025376203 : 61B4 : Log    : [CTransformPath] Connection deleted
1025376203 : 61B4 : Log    : [DispContainer] Remove connection display
1025376218 : 61B4 : Log    : [CTransformPath] Connection deleted
1025376218 : 61B4 : Log    : [DispContainer] Remove connection display
1025376234 : 61B4 : Log    : [CTransformPath] Connection deleted
1025376250 : 61B4 : Log    : [DispContainer] Remove connection display
1025376250 : 61B4 : Log    : [CTransformPath] Connection deleted
1025376265 : 61B4 : Log    : [DispContainer] Remove connection display
1025376265 : 61B4 : Log    : [CTransformPath] Connection deleted
1025376281 : 61B4 : Log    : [DispContainer] Remove connection display
1025376296 : 61B4 : Log    : [CTransformPath] Connection deleted
1025376296 : 61B4 : Log    : [DispContainer] Remove connection display
1025376312 : 61B4 : Log    : [CTransformPath] Connection deleted
1025376312 : 61B4 : Log    : [DispContainer] Remove connection display
1025376328 : 61B4 : Log    : [CTransformPath] Connection deleted
1025376328 : 61B4 : Log    : [DispContainer] Remove connection display
1025376343 : 61B4 : Log    : [CTransformPath] Connection deleted
1025376359 : 61B4 : Log    : [DispContainer] Remove connection display
1025376375 : 61B4 : Log    : [CTransformPath] Connection deleted
1025376375 : 61B4 : Log    : [DispContainer] Remove connection display
1025376390 : 61B4 : Log    : [CTransformPath] Connection deleted
1025376406 : 61B4 : Log    : [DispContainer] Remove connection display
1025376421 : 61B4 : Log    : [CTransformPath] Connection deleted
1025376421 : 61B4 : Log    : [DispContainer] Remove connection display
1025376437 : 61B4 : Log    : [CTransformPath] Connection deleted
1025376453 : 61B4 : Log    : [DispContainer] Remove connection display
1025376453 : 61B4 : Log    : [CTransformPath] Connection deleted
1025376468 : 61B4 : Log    : [DispContainer] Remove connection display
1025376484 : 61B4 : Log    : [CTransformPath] Connection deleted
1025376484 : 61B4 : Log    : [DispContainer] Remove connection display
1025376500 : 61B4 : Log    : [CTransformPath] Connection deleted
1025376515 : 61B4 : Log    : [DispContainer] Remove connection display
1025376515 : 61B4 : Log    : [CTransformPath] Connection deleted
1025376531 : 61B4 : Log    : [DispContainer] Remove connection display
1025376546 : 61B4 : Log    : [CTransformPath] Connection deleted
1025376546 : 61B4 : Log    : [DispContainer] Remove connection display
1025376562 : 61B4 : Log    : [CTransformPath] Connection deleted
1025376562 : 61B4 : Log    : [DispContainer] Remove connection display
1025376578 : 61B4 : Log    : [CTransformPath] Connection deleted
1025376578 : 61B4 : Log    : [DispContainer] Remove connection display
1025376593 : 61B4 : Log    : [CTransformPath] Connection deleted
1025376609 : 61B4 : Log    : [DispContainer] Remove connection display
1025376609 : 61B4 : Log    : [CTransformPath] Connection deleted
1025376625 : 61B4 : Log    : [DispContainer] Remove connection display
1025376625 : 61B4 : Log    : [CTransformPath] Connection deleted
1025376640 : 61B4 : Log    : [DispContainer] Remove connection display
1025376656 : 61B4 : Log    : [CTransformPath] Connection deleted
1025376671 : 61B4 : Log    : [DispContainer] Delete display for TO Wyplyw FD
1025376687 : 61B4 : Log    : [gainDispFactory] Deleting display
1025376703 : 61B4 : Log    : [CTransformPath] Transform object deleted, name: Wyplyw FD
1025376703 : 61B4 : Log    : [DispContainer] Delete display for TO Doplyw FA
1025376703 : 61B4 : Log    : [gainDispFactory] Deleting display
1025376718 : 61B4 : Log    : [CTransformPath] Transform object deleted, name: Doplyw FA
1025376734 : 61B4 : Log    : [DispContainer] Delete display for TO Prawa strona dla W
1025376750 : 61B4 : Log    : [sumDispFactory] Deleting display
1025376765 : 61B4 : Log    : [CTransformPath] Transform object deleted, name: Prawa strona dla W
1025376765 : 61B4 : Log    : [DispContainer] Delete display for TO Wypelnienie W 
1025376781 : 61B4 : Log    : [first_order_integratorDispFactory] Deleting display
1025376781 : 61B4 : Log    : [CTransformPath] Transform object deleted, name: Wypelnienie W 
1025376796 : 61B4 : Log    : [DispContainer] Delete display for TO Stezenie CA
1025376812 : 61B4 : Log    : [first_order_integratorDispFactory] Deleting display
1025376812 : 61B4 : Log    : [CTransformPath] Transform object deleted, name: Stezenie CA
1025376828 : 61B4 : Log    : [DispContainer] Delete display for TO (1-CA)*FA/W-r*CA-CA*FB/W = prawa strona dla CA 
1025376828 : 61B4 : Log    : [math_expressionDispFactory] Deleting display
1025376843 : 61B4 : Log    : [CTransformPath] Transform object deleted, name: (1-CA)*FA/W-r*CA-CA*FB/W = prawa strona dla CA 
1025376859 : 61B4 : Log    : [DispContainer] Delete display for TO ((TA-T)*FA+(TB-T)*FB+H/q)/W-r*CA*h/q = prawa strona T
1025376859 : 61B4 : Log    : [math_expressionDispFactory] Deleting display
1025376875 : 61B4 : Log    : [CTransformPath] Transform object deleted, name: ((TA-T)*FA+(TB-T)*FB+H/q)/W-r*CA*h/q = prawa strona T
1025376875 : 61B4 : Log    : [DispContainer] Delete display for TO r-szybkosc reakcji 
1025376890 : 61B4 : Log    : [constantDispFactory] Deleting display
1025376906 : 61B4 : Log    : [CTransformPath] Transform object deleted, name: r-szybkosc reakcji 
1025376906 : 61B4 : Log    : [DispContainer] Delete display for TO Temperatura TA
1025376906 : 61B4 : Log    : [constantDispFactory] Deleting display
1025376937 : 61B4 : Log    : [CTransformPath] Transform object deleted, name: Temperatura TA
1025376937 : 61B4 : Log    : [DispContainer] Delete display for TO Temperatura TB
1025376953 : 61B4 : Log    : [constantDispFactory] Deleting display
1025376968 : 61B4 : Log    : [CTransformPath] Transform object deleted, name: Temperatura TB
1025376968 : 61B4 : Log    : [DispContainer] Delete display for TO Doplyw ciepla H
1025376984 : 61B4 : Log    : [gainDispFactory] Deleting display
1025377000 : 61B4 : Log    : [CTransformPath] Transform object deleted, name: Doplyw ciepla H
1025377000 : 61B4 : Log    : [DispContainer] Delete display for TO Temperatura w reaktorze T 
1025377015 : 61B4 : Log    : [first_order_integratorDispFactory] Deleting display
1025377031 : 61B4 : Log    : [CTransformPath] Transform object deleted, name: Temperatura w reaktorze T 
1025377031 : 61B4 : Log    : [DispContainer] Delete display for TO cieplo wlasc q
1025377046 : 61B4 : Log    : [constantDispFactory] Deleting display
1025377046 : 61B4 : Log    : [CTransformPath] Transform object deleted, name: cieplo wlasc q
1025377062 : 61B4 : Log    : [DispContainer] Delete display for TO cieplo reakcji h
1025377078 : 61B4 : Log    : [constantDispFactory] Deleting display
1025377078 : 61B4 : Log    : [CTransformPath] Transform object deleted, name: cieplo reakcji h
1025377093 : 61B4 : Log    : [DispContainer] Delete display for TO Ustalony doplyw ciepla H
1025377109 : 61B4 : Log    : [constantDispFactory] Deleting display
1025377109 : 61B4 : Log    : [CTransformPath] Transform object deleted, name: Ustalony doplyw ciepla H
1025377125 : 61B4 : Log    : [DispContainer] Delete display for TO Stezenie CA
1025377125 : 61B4 : Log    : [displayDispFactory] Deleting display
1025377140 : 61B4 : Log    : [CTransformPath] Transform object deleted, name: Stezenie CA
1025377140 : 61B4 : Log    : [DispContainer] Delete display for TO Temperatura T 
1025377156 : 61B4 : Log    : [displayDispFactory] Deleting display
1025377156 : 61B4 : Log    : [CTransformPath] Transform object deleted, name: Temperatura T 
1025377171 : 61B4 : Log    : [DispContainer] Delete display for TO Ubytek ciepla przez sciany
1025377171 : 61B4 : Log    : [math_expressionDispFactory] Deleting display
1025377171 : 61B4 : Log    : [CTransformPath] Transform object deleted, name: Ubytek ciepla przez sciany
1025377187 : 61B4 : Log    : [DispContainer] Delete display for TO Wspolcz ro
1025377203 : 61B4 : Log    : [constantDispFactory] Deleting display
1025377203 : 61B4 : Log    : [CTransformPath] Transform object deleted, name: Wspolcz ro
1025377218 : 61B4 : Log    : [DispContainer] Delete display for TO Temperatura To
1025377234 : 61B4 : Log    : [constantDispFactory] Deleting display
1025377234 : 61B4 : Log    : [CTransformPath] Transform object deleted, name: Temperatura To
1025377250 : 61B4 : Log    : [DispContainer] Delete display for TO Bilans ciepla
1025377265 : 61B4 : Log    : [sumDispFactory] Deleting display
1025377265 : 61B4 : Log    : [CTransformPath] Transform object deleted, name: Bilans ciepla
1025377281 : 61B4 : Log    : [DispContainer] Delete display for TO Gain 1
1025377296 : 61B4 : Log    : [gainDispFactory] Deleting display
1025377296 : 61B4 : Log    : [CTransformPath] Transform object deleted, name: Gain 1
1025377312 : 61B4 : Log    : [DispContainer] Delete display for TO Gain 2
1025377328 : 61B4 : Log    : [gainDispFactory] Deleting display
1025377343 : 61B4 : Log    : [CTransformPath] Transform object deleted, name: Gain 2
1025377343 : 61B4 : Log    : [DispContainer] Delete display for TO Ubytek ciepla przez scianki
1025377359 : 61B4 : Log    : [displayDispFactory] Deleting display
1025377359 : 61B4 : Log    : [CTransformPath] Transform object deleted, name: Ubytek ciepla przez scianki
1025377375 : 61B4 : Log    : [DispContainer] Delete display for TO FA 
1025377390 : 61B4 : Log    : [src_time_eventDispFactory] Deleting display
1025377390 : 61B4 : Log    : [CTransformPath] Transform object deleted, name: FA 
1025377406 : 61B4 : Log    : [DispContainer] Delete display for TO FB
1025377421 : 61B4 : Log    : [src_periodicDispFactory] Deleting display
1025377421 : 61B4 : Log    : [CTransformPath] Transform object deleted, name: FB
1025377437 : 61B4 : Log    : [DispContainer] Delete display for TO Gain 3
1025377437 : 61B4 : Log    : [gainDispFactory] Deleting display
1025377453 : 61B4 : Log    : [CTransformPath] Transform object deleted, name: Gain 3
1025377468 : 61B4 : Log    : [DispContainer] Delete display for TO Doplyw B 
1025377468 : 61B4 : Log    : [subpathDispFactory] Deleting display
1025377484 : 61B4 : Log    : [CTransformPath] Release path Doplyw B 
1025377500 : 61B4 : Log    : [DispContainer] Remove connection display
1025377500 : 61B4 : Log    : [CTransformPath] Connection deleted
1025377515 : 61B4 : Log    : [DispContainer] Remove connection display
1025377515 : 61B4 : Log    : [CTransformPath] Connection deleted
1025377531 : 61B4 : Log    : [DispContainer] Remove connection display
1025377531 : 61B4 : Log    : [CTransformPath] Connection deleted
1025377546 : 61B4 : Log    : [DispContainer] Remove connection display
1025377562 : 61B4 : Log    : [CTransformPath] Connection deleted
1025377562 : 61B4 : Log    : [DispContainer] Remove connection display
1025377578 : 61B4 : Log    : [CTransformPath] Connection deleted
1025377593 : 61B4 : Log    : [DispContainer] Remove connection display
1025377593 : 61B4 : Log    : [CTransformPath] Connection deleted
1025377609 : 61B4 : Log    : [DispContainer] Remove connection display
1025377625 : 61B4 : Log    : [CTransformPath] Connection deleted
1025377625 : 61B4 : Log    : [DispContainer] Remove connection display
1025377640 : 61B4 : Log    : [CTransformPath] Connection deleted
1025377656 : 61B4 : Log    : [DispContainer] Remove connection display
1025377656 : 61B4 : Log    : [CTransformPath] Connection deleted
1025377656 : 61B4 : Log    : [DispContainer] Remove connection display
1025377671 : 61B4 : Log    : [CTransformPath] Connection deleted
1025377687 : 61B4 : Log    : [DispContainer] Delete display for TO Stumien sredni
1025377687 : 61B4 : Log    : [constantDispFactory] Deleting display
1025377703 : 61B4 : Log    : [CTransformPath] Transform object deleted, name: Stumien sredni
1025377718 : 61B4 : Log    : [DispContainer] Delete display for TO Losowosc
1025377718 : 61B4 : Log    : [randomDispFactory] Deleting display
1025377718 : 61B4 : Log    : [CTransformPath] Transform object deleted, name: Losowosc
1025377718 : 61B4 : Log    : [DispContainer] Delete display for TO dryft wolno zmienny 
1025377734 : 61B4 : Log    : [first_order_integratorDispFactory] Deleting display
1025377734 : 61B4 : Log    : [CTransformPath] Transform object deleted, name: dryft wolno zmienny 
1025377750 : 61B4 : Log    : [DispContainer] Delete display for TO zmiennosc po inercji 
1025377750 : 61B4 : Log    : [first_order_inertiaDispFactory] Deleting display
1025377765 : 61B4 : Log    : [CTransformPath] Transform object deleted, name: zmiennosc po inercji 
1025377765 : 61B4 : Log    : [DispContainer] Delete display for TO Sum 1
1025377781 : 61B4 : Log    : [sumDispFactory] Deleting display
1025377796 : 61B4 : Log    : [CTransformPath] Transform object deleted, name: Sum 1
1025377796 : 61B4 : Log    : [DispContainer] Delete display for TO ogranicznik zmian 
1025377812 : 61B4 : Log    : [signal_limiterDispFactory] Deleting display
1025377812 : 61B4 : Log    : [CTransformPath] Transform object deleted, name: ogranicznik zmian 
1025377828 : 61B4 : Log    : [DispContainer] Delete display for TO zmiennosc B
1025377828 : 61B4 : Log    : [displayDispFactory] Deleting display
1025377843 : 61B4 : Log    : [CTransformPath] Transform object deleted, name: zmiennosc B
1025377859 : 61B4 : Log    : [DispContainer] Delete display for TO Gain 1
1025377859 : 61B4 : Log    : [gainDispFactory] Deleting display
1025377875 : 61B4 : Log    : [CTransformPath] Transform object deleted, name: Gain 1
1025377875 : 61B4 : Log    : [DispContainer] Delete display for TO FB
1025377890 : 61B4 : Log    : [subpath_outputDispFactory] Deleting display
1025377906 : 61B4 : Log    : [CTransformPath] Transform object deleted, name: FB
1025377906 : 61B4 : Log    : [DispContainer] Delete display for TO Gain 2
1025377921 : 61B4 : Log    : [gainDispFactory] Deleting display
1025377921 : 61B4 : Log    : [CTransformPath] Transform object deleted, name: Gain 2
1025377937 : 61B4 : Log    : [CTransformPath] Release path Doplyw B 
1025377953 : 61B4 : Log    : [CTransformPath] Delete path Doplyw B 
1025377953 : 61B4 : Log    : [CTransformPath] Transform object deleted, name: Doplyw B 
1025377968 : 61B4 : Log    : [DispContainer] Delete display for TO PID 1
1025377968 : 61B4 : Log    : [pid_controllerDispFactory] Deleting display
1025377984 : 61B4 : Log    : [CTransformPath] Transform object deleted, name: PID 1
1025377984 : 61B4 : Log    : [DispContainer] Delete display for TO Zadane wypelnienie  W 
1025378000 : 61B4 : Log    : [src_time_eventDispFactory] Deleting display
1025378015 : 61B4 : Log    : [CTransformPath] Transform object deleted, name: Zadane wypelnienie  W 
1025378015 : 61B4 : Log    : [DispContainer] Delete display for TO W0  and W
1025378031 : 61B4 : Log    : [displayDispFactory] Deleting display
1025378031 : 61B4 : Log    : [CTransformPath] Transform object deleted, name: W0  and W
1025378046 : 61B4 : Log    : [DispContainer] Delete display for TO Sum 1
1025378046 : 61B4 : Log    : [sumDispFactory] Deleting display
1025378062 : 61B4 : Log    : [CTransformPath] Transform object deleted, name: Sum 1
1025378078 : 61B4 : Log    : [DispContainer] Delete display for TO Absolute 1
1025378078 : 61B4 : Log    : [math_absoluteDispFactory] Deleting display
1025378093 : 61B4 : Log    : [CTransformPath] Transform object deleted, name: Absolute 1
1025378093 : 61B4 : Log    : [DispContainer] Delete display for TO Error coeff.
1025378109 : 61B4 : Log    : [gainDispFactory] Deleting display
1025378125 : 61B4 : Log    : [CTransformPath] Transform object deleted, name: Error coeff.
1025378140 : 61B4 : Log    : [DispContainer] Delete display for TO Cost index
1025378140 : 61B4 : Log    : [first_order_integratorDispFactory] Deleting display
1025378156 : 61B4 : Log    : [CTransformPath] Transform object deleted, name: Cost index
1025378171 : 61B4 : Log    : [DispContainer] Delete display for TO Index intergral
1025378187 : 61B4 : Log    : [displayDispFactory] Deleting display
1025378187 : 61B4 : Log    : [CTransformPath] Transform object deleted, name: Index intergral
1025378203 : 61B4 : Log    : [DispContainer] Delete display for TO druga galaz
1025378203 : 61B4 : Log    : [src_time_eventDispFactory] Deleting display
1025378218 : 61B4 : Log    : [CTransformPath] Transform object deleted, name: druga galaz
1025378234 : 61B4 : Log    : [DispContainer] Delete display for TO Sum 2
1025378234 : 61B4 : Log    : [sumDispFactory] Deleting display
1025378234 : 61B4 : Log    : [CTransformPath] Transform object deleted, name: Sum 2
1025378250 : 61B4 : Log    : [DispContainer] Delete display for TO wypelnienie
1025378265 : 61B4 : Log    : [displayDispFactory] Deleting display
1025378281 : 61B4 : Log    : [CTransformPath] Transform object deleted, name: wypelnienie
1025378281 : 61B4 : Log    : [DispContainer] Delete display for TO Valve FD
1025378296 : 61B4 : Log    : [subpathDispFactory] Deleting display
1025378312 : 61B4 : Log    : [CTransformPath] Release path Valve FD
1025378312 : 61B4 : Log    : [DispContainer] Remove connection display
1025378312 : 61B4 : Log    : [CTransformPath] Connection deleted
1025378328 : 61B4 : Log    : [DispContainer] Remove connection display
1025378343 : 61B4 : Log    : [CTransformPath] Connection deleted
1025378359 : 61B4 : Log    : [DispContainer] Remove connection display
1025378375 : 61B4 : Log    : [CTransformPath] Connection deleted
1025378390 : 61B4 : Log    : [DispContainer] Remove connection display
1025378390 : 61B4 : Log    : [CTransformPath] Connection deleted
1025378406 : 61B4 : Log    : [DispContainer] Remove connection display
1025378406 : 61B4 : Log    : [CTransformPath] Connection deleted
1025378421 : 61B4 : Log    : [DispContainer] Delete display for TO W contr outp.
1025378421 : 61B4 : Log    : [subpath_inputDispFactory] Deleting display
1025378484 : 61B4 : Log    : [CTransformPath] Transform object deleted, name: W contr outp.
1025378484 : 61B4 : Log    : [DispContainer] Delete display for TO Valve FD  delay 
1025378484 : 61B4 : Log    : [integer_delayDispFactory] Deleting display
1025378500 : 61B4 : Log    : [CTransformPath] Transform object deleted, name: Valve FD  delay 
1025378500 : 61B4 : Log    : [DispContainer] Delete display for TO Display 1
1025378500 : 61B4 : Log    : [displayDispFactory] Deleting display
1025378515 : 61B4 : Log    : [CTransformPath] Transform object deleted, name: Display 1
1025378515 : 61B4 : Log    : [DispContainer] Delete display for TO Constant 1
1025378531 : 61B4 : Log    : [constantDispFactory] Deleting display
1025378546 : 61B4 : Log    : [CTransformPath] Transform object deleted, name: Constant 1
1025378546 : 61B4 : Log    : [DispContainer] Delete display for TO Valve FD inertia
1025378546 : 61B4 : Log    : [first_order_inertiaDispFactory] Deleting display
1025378546 : 61B4 : Log    : [CTransformPath] Transform object deleted, name: Valve FD inertia
1025378562 : 61B4 : Log    : [DispContainer] Delete display for TO Valve FD out.
1025378562 : 61B4 : Log    : [subpath_outputDispFactory] Deleting display
1025378578 : 61B4 : Log    : [CTransformPath] Transform object deleted, name: Valve FD out.
1025378578 : 61B4 : Log    : [CTransformPath] Release path Valve FD
1025378578 : 61B4 : Log    : [CTransformPath] Delete path Valve FD
1025378593 : 61B4 : Log    : [CTransformPath] Transform object deleted, name: Valve FD
1025378593 : 61B4 : Log    : [DispContainer] Delete display for TO Controller W output
1025378609 : 61B4 : Log    : [displayDispFactory] Deleting display
1025378609 : 61B4 : Log    : [CTransformPath] Transform object deleted, name: Controller W output
1025378625 : 61B4 : Log    : [DispContainer] Delete display for TO Cost function
1025378640 : 61B4 : Log    : [sumDispFactory] Deleting display
1025378640 : 61B4 : Log    : [CTransformPath] Transform object deleted, name: Cost function
1025378640 : 61B4 : Log    : [DispContainer] Delete display for TO actuator effort
1025378671 : 61B4 : Log    : [math_expressionDispFactory] Deleting display
1025378687 : 61B4 : Log    : [CTransformPath] Transform object deleted, name: actuator effort
1025378687 : 61B4 : Log    : [DispContainer] Delete display for TO Actuat cost
1025378703 : 61B4 : Log    : [constantDispFactory] Deleting display
1025378718 : 61B4 : Log    : [CTransformPath] Transform object deleted, name: Actuat cost
1025378718 : 61B4 : Log    : [DispContainer] Delete display for TO Temp impact
1025378734 : 61B4 : Log    : [lookup_tableDispFactory] Deleting display
1025378750 : 61B4 : Log    : [CTransformPath] Transform object deleted, name: Temp impact
1025378750 : 61B4 : Log    : [DispContainer] Delete display for TO r gain
1025378765 : 61B4 : Log    : [gainDispFactory] Deleting display
1025378781 : 61B4 : Log    : [CTransformPath] Transform object deleted, name: r gain
1025378781 : 61B4 : Log    : [DispContainer] Delete display for TO r change
1025378796 : 61B4 : Log    : [displayDispFactory] Deleting display
1025378812 : 61B4 : Log    : [CTransformPath] Transform object deleted, name: r change
1025378812 : 61B4 : Log    : [DispContainer] Delete display for TO FB
1025378828 : 61B4 : Log    : [displayDispFactory] Deleting display
1025378828 : 61B4 : Log    : [CTransformPath] Transform object deleted, name: FB
1025378843 : 61B4 : Log    : [CTransformPath] Release path Path 1
1025378843 : 61B4 : Log    : [CTransformPath] Delete path Path 1
1025379000 : 61B4 : Log    : [DispContainer] Release
1025379000 : 61B4 : Log    : [DispContainer] Clear called
1025379046 : 61B4 : Log    : [NATIVE COMM DLL] releaseCommDll called.
1025379046 : 61B4 : Log    : [NATIVE COMM DLL] delete communication client
1025379062 : 61B4 : Log    : [XML DLL] releaseXMLDll called.
1025379062 : 61B4 : Log    : [XML DLL] delete parser
1025379078 : 61B4 : Log    : [XML DLL] delete element factory
1025379078 : 61B4 : Log    : [CWUTXMLElemFactory] Release factory, usage report:
1025379078 : 61B4 : Log    : [CWUTXMLElemFactory] Elems created: 9083, released: 1689, left: 7394
1025379093 : 61B4 : Log    : [CWUTXMLElemFactory] Maximum count of elems in memory: 9077
1025379093 : 61B4 : Log    : [CWUTXMLElemFactory] Clear all XML elements list
1025379109 : 5638 : Log    : Stop execute client sending thread.
1025379109 : 61B4 : Log    : [XML DLL] Released
1025699531 :  CBC : Log    : [XML DLL] Messenger changed.
1025699625 :  CBC : Log    : [NATIVE COMM DLL] Messenger changed.
1025699687 :  CBC : Log    : [XML DLL] initXMLDll called.
1025699734 :  CBC : Log    : [XML DLL] Create element factory
1025699796 :  CBC : Log    : [XML DLL] Create parser
1025699843 :  CBC : Log    : [XML DLL] Initiated
1025699906 :  CBC : Log    : [XML DLL] getParser called.
1025699968 :  CBC : Log    : [XML DLL] getElemFactory called.
1025699984 :  CBC : Log    : [NATIVE COMM DLL] initCommDll called.
1025699984 :  CBC : Log    : [NATIVE COMM DLL] Create communication client
1025700000 :  CBC : Log    : [NATIVE COMM DLL] Initiated
1025700015 :  CBC : Log    : [XML DLL] getElemFactory called.
1025700015 :  CBC : Log    : [XML DLL] getParser called.
1025700015 :  CBC : Log    : [NATIVE COMM DLL] getClient called.
1025700015 : 3AA4 : Log    : Start execute client sending thread.
1025700031 :  CBC : Log    : [CPathPluginManager] Attempt to scan for plugins
1025700046 :  CBC : Log    : [sumDispFactory] Factory initiated
1025700093 :  CBC : Log    : [gainDispFactory] Factory initiated
1025700156 :  CBC : Log    : [productDispFactory] Factory initiated
1025700156 :  CBC : Log    : [powerDispFactory] Factory initiated
1025700187 :  CBC : Log    : [math_expressionDispFactory] Factory initiated
1025700187 :  CBC : Log    : [signumDispFactory] Factory initiated
1025700203 :  CBC : Log    : [basic_functionsDispFactory] Factory initiated
1025700203 :  CBC : Log    : [math_absoluteDispFactory] Factory initiated
1025700203 :  CBC : Log    : [CPathPluginManager] Loaded: Mathematic operators
1025700218 :  CBC : Log    : [Systemic_Venous_CirculationDispFactory] Factory initiated
1025700281 :  CBC : Log    : [Pulmonary_Venous_CirculationDispFactory] Factory initiated
1025700328 :  CBC : Log    : [Pulmonary_Arterial_CirculationDispFactory] Factory initiated
1025700390 :  CBC : Log    : [Systemic_Arterial_CirculationDispFactory] Factory initiated
1025700390 :  CBC : Log    : [Left_VentricularDispFactory] Factory initiated
1025700390 :  CBC : Log    : [Right_VentricularDispFactory] Factory initiated
1025700406 :  CBC : Log    : [CPathPluginManager] Loaded: Circulation System
1025700421 :  CBC : Log    : [pid_controllerDispFactory] Factory initiated
1025700468 :  CBC : Log    : [DMC_controlerDispFactory] Factory initiated
1025700531 :  CBC : Log    : [DMC_InputDispFactory] Factory initiated
1025700546 :  CBC : Log    : [DMC_outputDispFactory] Factory initiated
1025700546 :  CBC : Log    : [Trajectory_generatorDispFactory] Factory initiated
1025700546 :  CBC : Log    : [CPathPluginManager] Loaded: Controllers
1025700562 :  CBC : Log    : [CPathPluginManager] Loaded: Basic connections types
1025700625 :  CBC : Log    : [inertiaDispFactory] Factory initiated
1025700671 :  CBC : Log    : [discrete_integratorDispFactory] Factory initiated
1025700750 :  CBC : Log    : [integer_delayDispFactory] Factory initiated
1025700812 :  CBC : Log    : [discrete_derivativeDispFactory] Factory initiated
1025700890 :  CBC : Log    : [slope_counterDispFactory] Factory initiated
1025700906 :  CBC : Log    : [discrete_counterDispFactory] Factory initiated
1025700906 :  CBC : Log    : [CPathPluginManager] Loaded: Discrete operations
1025700906 :  CBC : Log    : [induction_motorDispFactory] Factory initiated
1025700984 :  CBC : Log    : [ec_dc_motorDispFactory] Factory initiated
1025700984 :  CBC : Log    : [ec_ac_servo_vcDispFactory] Factory initiated
1025700984 :  CBC : Log    : [CPathPluginManager] Loaded: Electric components
1025701000 :  CBC : Log    : [one_step_delDispFactory] Factory initiated
1025701125 :  CBC : Log    : [set_statusDispFactory] Factory initiated
1025701140 :  CBC : Log    : [get_statusDispFactory] Factory initiated
1025701140 :  CBC : Log    : [CPathPluginManager] Loaded: Execution control
1025701156 :  CBC : Log    : [impulse_filterDispFactory] Factory initiated
1025701250 :  CBC : Log    : [CPathPluginManager] Loaded: Filtering
1025701265 :  CBC : Log    : [global_fisDispFactory] Factory initiated
1025701359 :  CBC : Log    : [CPathPluginManager] Loaded: FIS systems
1025701468 :  CBC : Log    : [FuzzyficationDispFactory] Factory initiated
1025701531 :  CBC : Log    : [fl_displayDispFactory] Factory initiated
1025701546 :  CBC : Log    : [CPathPluginManager] Loaded: Fuzzy logic
1025701562 :  CBC : Log    : [fuzzy_variableDispFactory] Factory initiated
1025701625 :  CBC : Log    : [fuzzy_mf_displayDispFactory] Factory initiated
1025701640 :  CBC : Log    : [defuzzyficationDispFactory] Factory initiated
1025701656 :  CBC : Log    : [if_then_rulesDispFactory] Factory initiated
1025701656 :  CBC : Log    : [CPathPluginManager] Loaded: Fuzzy logic 2
1025701671 :  CBC : Log    : [change_detectorDispFactory] Factory initiated
1025701734 :  CBC : Log    : [alarmDispFactory] Factory initiated
1025701750 :  CBC : Log    : [multi_change_detectorDispFactory] Factory initiated
1025701750 :  CBC : Log    : [stab_checkDispFactory] Factory initiated
1025701750 :  CBC : Log    : [var_checkDispFactory] Factory initiated
1025701765 :  CBC : Log    : [multi_var_checkDispFactory] Factory initiated
1025701765 :  CBC : Log    : [CPathPluginManager] Loaded: Heuristic tests
1025701781 :  CBC : Log    : [Hydraulic_lineDispFactory] Factory initiated
1025701843 :  CBC : Log    : [Hydraulic_accumulatorDispFactory] Factory initiated
1025701843 :  CBC : Log    : [Hydraulic_motorDispFactory] Factory initiated
1025701859 :  CBC : Log    : [Hydraulic_actuatorDispFactory] Factory initiated
1025701859 :  CBC : Log    : [32_Proportional_ValveDispFactory] Factory initiated
1025701859 :  CBC : Log    : [32_ON_OFF_ValveDispFactory] Factory initiated
1025701859 :  CBC : Log    : [Max_pressure_valveDispFactory] Factory initiated
1025701859 :  CBC : Log    : [22_Proportional_ValveDispFactory] Factory initiated
1025701875 :  CBC : Log    : [43_Proportional_ValveDispFactory] Factory initiated
1025701875 :  CBC : Log    : [hydraulic_pumpDispFactory] Factory initiated
1025701890 :  CBC : Log    : [Hydraulic_volumeDispFactory] Factory initiated
1025701890 :  CBC : Log    : [CPathPluginManager] Loaded: Hydraulic elements
1025701906 :  CBC : Log    : [slowdetDispFactory] Factory initiated
1025702000 :  CBC : Log    : [slowpredDispFactory] Factory initiated
1025702000 :  CBC : Log    : [CPathPluginManager] Loaded: Incipient FDI
1025702031 :  CBC : Log    : [second_order_inertiaDispFactory] Factory initiated
1025702140 :  CBC : Log    : [first_order_inertiaDispFactory] Factory initiated
1025702156 :  CBC : Log    : [first_order_integratorDispFactory] Factory initiated
1025702156 :  CBC : Log    : [ideal_diffDispFactory] Factory initiated
1025702171 :  CBC : Log    : [real_diffDispFactory] Factory initiated
1025702171 :  CBC : Log    : [second_order_tfDispFactory] Factory initiated
1025702171 :  CBC : Log    : [cont_state_space_eqDispFactory] Factory initiated
1025702171 :  CBC : Log    : [cld_transfer_functionDispFactory] Factory initiated
1025702187 :  CBC : Log    : [CPathPluginManager] Loaded: Linear dynamic
1025702187 :  CBC : Log    : [relationalDispFactory] Factory initiated
1025702250 :  CBC : Log    : [logicalDispFactory] Factory initiated
1025702250 :  CBC : Log    : [rsDispFactory] Factory initiated
1025702265 :  CBC : Log    : [horizontal_logicDispFactory] Factory initiated
1025702265 :  CBC : Log    : [CPathPluginManager] Loaded: Crisp logic
1025702281 :  CBC : Log    : [CP model plugin] Plugins in: E:\PExSim\bin\
1025702359 :  CBC : Log    : [CPluginManager] Scan for plugins in E:\PExSim\bin\
1025702375 :  CBC : Log    : [CPluginManager] Found file matching criteria, name: aggregate_plg.mbplug
1025702375 :  CBC : Log    : [CPluginManager] Not a model plugin.
1025702437 :  CBC : Log    : [CPluginManager] Found file matching criteria, name: autocorrelation_plg.mbplug
1025702453 :  CBC : Log    : [CPluginManager] Not a model plugin.
1025702500 :  CBC : Log    : [CPluginManager] Found file matching criteria, name: disp_xy_plg.mbplug
1025702515 :  CBC : Log    : [CPluginManager] Not a model plugin.
1025702640 :  CBC : Log    : [CPluginManager] Found file matching criteria, name: downsample_plg.mbplug
1025702656 :  CBC : Log    : [CPluginManager] Not a model plugin.
1025702703 :  CBC : Log    : [CPluginManager] Found file matching criteria, name: filtering_poly_plg.mbplug
1025702718 :  CBC : Log    : [CPluginManager] Not a model plugin.
1025702765 :  CBC : Log    : [CPluginManager] Found file matching criteria, name: histogram_plg.mbplug
1025702781 :  CBC : Log    : [CPluginManager] Not a model plugin.
1025702859 :  CBC : Log    : [CPluginManager] Found file matching criteria, name: interpolation_plg.mbplug
1025702875 :  CBC : Log    : [CPluginManager] Not a model plugin.
1025702937 :  CBC : Log    : [CPluginManager] Found file matching criteria, name: join_datasets_plg.mbplug
1025702953 :  CBC : Log    : [CPluginManager] Not a model plugin.
1025703000 :  CBC : Log    : [CPluginManager] Found file matching criteria, name: model_ann_plg.mbplug
1025703015 :  CBC : Log    : [CPluginManager] Plugin loaded, name: Artificial neural network model.
1025703109 :  CBC : Log    : [CPluginManager] Found file matching criteria, name: model_fann_plg.mbplug
1025703125 :  CBC : Log    : [CPluginManager] Plugin loaded, name: Simplified neural network model.
1025703203 :  CBC : Log    : [CPluginManager] Found file matching criteria, name: model_linear_classic_plg.mbplug
1025703218 :  CBC : Log    : [CModelLinClFactory] Initiated
1025703281 :  CBC : Log    : [CPluginManager] Plugin loaded, name: Classic linear model
1025703281 :  CBC : Log    : [CPluginManager] Found file matching criteria, name: model_linear_plg.mbplug
1025703296 :  CBC : Log    : [CPluginManager] Plugin loaded, name: Linear discreete model
1025703359 :  CBC : Log    : [CPluginManager] Found file matching criteria, name: model_tsk_plg.mbplug
1025703390 :  CBC : Log    : [CPluginManager] Plugin loaded, name: TSK model
1025703406 :  CBC : Log    : [CPluginManager] Found file matching criteria, name: power_spectrum_plg.mbplug
1025703406 :  CBC : Log    : [CPluginManager] Not a model plugin.
1025703453 :  CBC : Log    : [CPluginManager] Found file matching criteria, name: si_import_plg.mbplug
1025703453 :  CBC : Log    : [CPluginManager] Not a model plugin.
1025703484 :  CBC : Log    : [CPluginManager] Found file matching criteria, name: text_import_plg.mbplug
1025703546 :  CBC : Log    : [CPluginManager] Not a model plugin.
1025703593 :  CBC : Log    : [CPluginManager] Found file matching criteria, name: trends_nv_plg.mbplug
1025703609 :  CBC : Log    : [CPluginManager] Not a model plugin.
1025703656 :  CBC : Log    : [CPluginManager] Found file matching criteria, name: verif_mro_plg.mbplug
1025703671 :  CBC : Log    : [CPluginManager] Not a model plugin.
1025703734 :  CBC : Log    : [CPluginManager] Found file matching criteria, name: verif_standard_plg.mbplug
1025703750 :  CBC : Log    : [CPluginManager] Not a model plugin.
1025703812 :  CBC : Log    : [mmodelDispFactory] Factory initiated
1025703812 :  CBC : Log    : [CPathPluginManager] Loaded: MITforRD models
1025703828 :  CBC : Log    : [lookup_tableDispFactory] Factory initiated
1025703890 :  CBC : Log    : [signal_limiterDispFactory] Factory initiated
1025703937 :  CBC : Log    : [nonlinear_frictionDispFactory] Factory initiated
1025703937 :  CBC : Log    : [hysteresisDispFactory] Factory initiated
1025703953 :  CBC : Log    : [CPathPluginManager] Loaded: Nonlinear elements
1025703953 :  CBC : Log    : [nonlinear_dynamicDispFactory] Factory initiated
1025704015 :  CBC : Log    : [nonlinear_dynamic_cppDispFactory] Factory initiated
1025704015 :  CBC : Log    : [CPathPluginManager] Loaded: Nonlinear dynamic
1025704031 :  CBC : Log    : [op_quality_indexDispFactory] Factory initiated
1025704078 :  CBC : Log    : [CPathPluginManager] Loaded: Parameters optimization
1025704093 :  CBC : Log    : [pneumatic_lineDispFactory] Factory initiated
1025704140 :  CBC : Log    : [pneumatic_volumeDispFactory] Factory initiated
1025704234 :  CBC : Log    : [3_2_valveDispFactory] Factory initiated
1025704250 :  CBC : Log    : [5_3_valveDispFactory] Factory initiated
1025704265 :  CBC : Log    : [3_2_switch_valveDispFactory] Factory initiated
1025704265 :  CBC : Log    : [2p_switch_valveDispFactory] Factory initiated
1025704265 :  CBC : Log    : [pneumatic_actuatorDispFactory] Factory initiated
1025704265 :  CBC : Log    : [CPathPluginManager] Loaded: Pneumatic elements
1025704281 :  CBC : Log    : [subpathDispFactory] Factory initiated
1025704343 :  CBC : Log    : [subpath_inputDispFactory] Factory initiated
1025704343 :  CBC : Log    : [subpath_outputDispFactory] Factory initiated
1025704359 :  CBC : Log    : [CPathPluginManager] Loaded: Ports and subsystems
1025704375 :  CBC : Log    : [dmc_controllerDispFactory] Factory initiated
1025704406 :  CBC : Log    : [CPathPluginManager] Loaded: DMC controller
1025704453 :  CBC : Log    : [simple_heat_exchangeDispFactory] Factory initiated
1025704500 :  CBC : Log    : [heat_exchangeDispFactory] Factory initiated
1025704562 :  CBC : Log    : [tle_heat_exchangeDispFactory] Factory initiated
1025704656 :  CBC : Log    : [injectorDispFactory] Factory initiated
1025704656 :  CBC : Log    : [CPathPluginManager] Loaded: Heat exchange
1025704718 :  CBC : Log    : [simple_heat_exchangerDispFactory] Factory initiated
1025704781 :  CBC : Log    : [fire_box_heat_exchangeDispFactory] Factory initiated
1025704828 :  CBC : Log    : [CPathPluginManager] Loaded: Heat exchange - new
1025704875 :  CBC : Log    : [script_c_cppDispFactory] Factory initiated
1025704937 :  CBC : Log    : [CPathPluginManager] Loaded: C/C++ scripts
1025704953 :  CBC : Log    : [switchDispFactory] Factory initiated
1025705000 :  CBC : Log    : [min_max_selectDispFactory] Factory initiated
1025705078 :  CBC : Log    : [multi_switchDispFactory] Factory initiated
1025705078 :  CBC : Log    : [MuxDispFactory] Factory initiated
1025705093 :  CBC : Log    : [DemuxDispFactory] Factory initiated
1025705109 :  CBC : Log    : [selectorDispFactory] Factory initiated
1025705109 :  CBC : Log    : [CPathPluginManager] Loaded: Signal routing
1025705125 :  CBC : Log    : [displayDispFactory] Factory initiated
1025705234 :  CBC : Log    : [ccom_outDispFactory] Factory initiated
1025705234 :  CBC : Log    : [internal_out_varDispFactory] Factory initiated
1025705234 :  CBC : Log    : [text_file_outDispFactory] Factory initiated
1025705234 :  CBC : Log    : [xy_displayDispFactory] Factory initiated
1025705250 :  CBC : Log    : [sink_plotDispFactory] Factory initiated
1025705250 :  CBC : Log    : [text_file_out_discDispFactory] Factory initiated
1025705250 :  CBC : Log    : [CPathPluginManager] Loaded: Sinks
1025705281 :  CBC : Log    : [randomDispFactory] Factory initiated
1025705343 :  CBC : Log    : [constantDispFactory] Factory initiated
1025705375 :  CBC : Log    : [ccom_inDispFactory] Factory initiated
1025705375 :  CBC : Log    : [time_lineDispFactory] Factory initiated
1025705375 :  CBC : Log    : [text_file_inDispFactory] Factory initiated
1025705390 :  CBC : Log    : [src_periodicDispFactory] Factory initiated
1025705390 :  CBC : Log    : [src_time_eventDispFactory] Factory initiated
1025705421 :  CBC : Log    : [g_randomDispFactory] Factory initiated
1025705421 :  CBC : Log    : [CPathPluginManager] Loaded: Sources
1025705437 :  CBC : Log    : [averageDispFactory] Factory initiated
1025705531 :  CBC : Log    : [basic_statDispFactory] Factory initiated
1025705531 :  CBC : Log    : [signals_interdependenceDispFactory] Factory initiated
1025705546 :  CBC : Log    : [averagetsDispFactory] Factory initiated
1025705546 :  CBC : Log    : [CPathPluginManager] Loaded: Statistic operators
1025705562 :  CBC : Log    : [wss_char_T_pDispFactory] Factory initiated
1025705609 :  CBC : Log    : [wss_char_p_TDispFactory] Factory initiated
1025705609 :  CBC : Log    : [steam_boiler_1DispFactory] Factory initiated
1025705625 :  CBC : Log    : [CPathPluginManager] Loaded: Water-steam dependencies
1025705640 :  CBC : Log    : [CPathPluginManager] Scan for plugins done. 
1025705687 :  CBC : Log    : [DispContainer] Initiation
1025705765 :  CBC : Log    : Decode configuration ...
1025705765 :  CBC : Log    : [XML DLL] getElemFactory called.
1025705765 :  CBC : Log    : [XML DLL] getParser called.
1025705781 :  CBC : Log    : Configuration done.
1025705828 :  CBC : Log    : [CWUTMsgDecoderExpat] File decode done, time: 0.000000 [ms]
1025707937 :  CBC : Log    : [CWUTMsgDecoderExpat] Message decode done, time: 0 [ms]
1025733953 :  CBC : Log    : [CTransformPath] Release path Path 1
1025733968 :  CBC : Log    : [CTransformPath] Delete path Path 1
1025734000 :  CBC : Log    : [CWUTMsgDecoderExpat] File decode done, time: 0.000000 [ms]
1025734000 :  CBC : Log    : [CTransformPath] Atempt to configure path Path 1 (2)...
1025734015 :  CBC : Log    : [DispContainer] Create display for TO 
1025734031 :  CBC : Log    : [gainDispFactory] Creating display type gain
1025734031 :  CBC : Log    : [DispContainer] Create display for TO 
1025734046 :  CBC : Log    : [gainDispFactory] Creating display type gain
1025734046 :  CBC : Log    : [DispContainer] Create display for TO 
1025734046 :  CBC : Log    : [sumDispFactory] Creating display type sum
1025734046 :  CBC : Log    : [DispContainer] Create display for TO 
1025734046 :  CBC : Log    : [first_order_integratorDispFactory] Creating display type first_order_integrator
1025734062 :  CBC : Log    : [Wypelnienie W ] Calculated coefs in Wypelnienie W : a1 = -1.000000, b1 = 10.000000
1025734062 :  CBC : Log    : [Wypelnienie W ] Calculated coefs in Wypelnienie W : a1 = -1.000000, b1 = 10.000000
1025734062 :  CBC : Log    : [Wypelnienie W ] Calculated coefs in Wypelnienie W : a1 = -1.000000, b1 = 10.000000
1025734093 :  CBC : Log    : [Wypelnienie W ] Calculated coefs in Wypelnienie W : a1 = -1.000000, b1 = 10.000000
1025734093 :  CBC : Log    : [Wypelnienie W ] Calculated coefs in Wypelnienie W : a1 = -1.000000, b1 = 10.000000
1025734109 :  CBC : Log    : [Wypelnienie W ] Calculated coefs in Wypelnienie W : a1 = -1.000000, b1 = 10.000000
1025734109 :  CBC : Log    : [Wypelnienie W ] Calculated coefs in Wypelnienie W : a1 = -1.000000, b1 = 10.000000
1025734109 :  CBC : Log    : [Wypelnienie W ] Calculated coefs in Wypelnienie W : a1 = -1.000000, b1 = 10.000000
1025734125 :  CBC : Log    : [DispContainer] Create display for TO 
1025734125 :  CBC : Log    : [first_order_integratorDispFactory] Creating display type first_order_integrator
1025734125 :  CBC : Log    : [Stezenie CA] Calculated coefs in Stezenie CA: a1 = -1.000000, b1 = 10.000000
1025734140 :  CBC : Log    : [Stezenie CA] Calculated coefs in Stezenie CA: a1 = -1.000000, b1 = 10.000000
1025734171 :  CBC : Log    : [Stezenie CA] Calculated coefs in Stezenie CA: a1 = -1.000000, b1 = 10.000000
1025734187 :  CBC : Log    : [Stezenie CA] Calculated coefs in Stezenie CA: a1 = -1.000000, b1 = 10.000000
1025734187 :  CBC : Log    : [Stezenie CA] Calculated coefs in Stezenie CA: a1 = -1.000000, b1 = 10.000000
1025734187 :  CBC : Log    : [Stezenie CA] Calculated coefs in Stezenie CA: a1 = -1.000000, b1 = 10.000000
1025734187 :  CBC : Log    : [Stezenie CA] Calculated coefs in Stezenie CA: a1 = -1.000000, b1 = 10.000000
1025734203 :  CBC : Log    : [Stezenie CA] Calculated coefs in Stezenie CA: a1 = -1.000000, b1 = 10.000000
1025734203 :  CBC : Log    : [DispContainer] Create display for TO 
1025734203 :  CBC : Log    : [math_expressionDispFactory] Creating display type math_expression
1025734218 :  CBC : Log    : [DispContainer] Create display for TO 
1025734218 :  CBC : Log    : [math_expressionDispFactory] Creating display type math_expression
1025734218 :  CBC : Log    : [DispContainer] Create display for TO 
1025734234 :  CBC : Log    : [constantDispFactory] Creating display type constant
1025734234 :  CBC : Log    : [DispContainer] Create display for TO 
1025734250 :  CBC : Log    : [constantDispFactory] Creating display type constant
1025734250 :  CBC : Log    : [DispContainer] Create display for TO 
1025734265 :  CBC : Log    : [constantDispFactory] Creating display type constant
1025734265 :  CBC : Log    : [DispContainer] Create display for TO 
1025734265 :  CBC : Log    : [gainDispFactory] Creating display type gain
1025734281 :  CBC : Log    : [DispContainer] Create display for TO 
1025734281 :  CBC : Log    : [first_order_integratorDispFactory] Creating display type first_order_integrator
1025734281 :  CBC : Log    : [Temperatura w reaktorze T ] Calculated coefs in Temperatura w reaktorze T : a1 = -1.000000, b1 = 10.000000
1025734296 :  CBC : Log    : [Temperatura w reaktorze T ] Calculated coefs in Temperatura w reaktorze T : a1 = -1.000000, b1 = 10.000000
1025734296 :  CBC : Log    : [Temperatura w reaktorze T ] Calculated coefs in Temperatura w reaktorze T : a1 = -1.000000, b1 = 10.000000
1025734296 :  CBC : Log    : [Temperatura w reaktorze T ] Calculated coefs in Temperatura w reaktorze T : a1 = -1.000000, b1 = 10.000000
1025734312 :  CBC : Log    : [Temperatura w reaktorze T ] Calculated coefs in Temperatura w reaktorze T : a1 = -1.000000, b1 = 10.000000
1025734312 :  CBC : Log    : [Temperatura w reaktorze T ] Calculated coefs in Temperatura w reaktorze T : a1 = -1.000000, b1 = 10.000000
1025734312 :  CBC : Log    : [Temperatura w reaktorze T ] Calculated coefs in Temperatura w reaktorze T : a1 = -1.000000, b1 = 10.000000
1025734328 :  CBC : Log    : [Temperatura w reaktorze T ] Calculated coefs in Temperatura w reaktorze T : a1 = -1.000000, b1 = 10.000000
1025734328 :  CBC : Log    : [DispContainer] Create display for TO 
1025734328 :  CBC : Log    : [constantDispFactory] Creating display type constant
1025734343 :  CBC : Log    : [DispContainer] Create display for TO 
1025734343 :  CBC : Log    : [constantDispFactory] Creating display type constant
1025734359 :  CBC : Log    : [DispContainer] Create display for TO 
1025734359 :  CBC : Log    : [constantDispFactory] Creating display type constant
1025734359 :  CBC : Log    : [DispContainer] Create display for TO 
1025734375 :  CBC : Log    : [displayDispFactory] Creating display type display
1025734421 :  CBC : Log    : [DispContainer] Create display for TO 
1025734421 :  CBC : Log    : [displayDispFactory] Creating display type display
1025734437 :  CBC : Log    : [DispContainer] Create display for TO 
1025734453 :  CBC : Log    : [displayDispFactory] Creating display type display
1025734468 :  CBC : Log    : [DispContainer] Create display for TO 
1025734468 :  CBC : Log    : [math_expressionDispFactory] Creating display type math_expression
1025734468 :  CBC : Log    : [DispContainer] Create display for TO 
1025734468 :  CBC : Log    : [constantDispFactory] Creating display type constant
1025734500 :  CBC : Log    : [DispContainer] Create display for TO 
1025734500 :  CBC : Log    : [constantDispFactory] Creating display type constant
1025734500 :  CBC : Log    : [DispContainer] Create display for TO 
1025734515 :  CBC : Log    : [sumDispFactory] Creating display type sum
1025734515 :  CBC : Log    : [DispContainer] Create display for TO 
1025734531 :  CBC : Log    : [gainDispFactory] Creating display type gain
1025734531 :  CBC : Log    : [DispContainer] Create display for TO 
1025734531 :  CBC : Log    : [gainDispFactory] Creating display type gain
1025734531 :  CBC : Log    : [DispContainer] Create display for TO 
1025734546 :  CBC : Log    : [displayDispFactory] Creating display type display
1025734562 :  CBC : Log    : [DispContainer] Create display for TO 
1025734562 :  CBC : Log    : [src_time_eventDispFactory] Creating display type src_time_event
1025734562 :  CBC : Log    : [DispContainer] Create display for TO 
1025734578 :  CBC : Log    : [src_time_eventDispFactory] Creating display type src_time_event
1025734593 :  CBC : Log    : [DispContainer] Create display for TO 
1025734593 :  CBC : Log    : [src_periodicDispFactory] Creating display type src_periodic
1025734593 :  CBC : Log    : [DispContainer] Create display for TO 
1025734609 :  CBC : Log    : [gainDispFactory] Creating display type gain
1025734609 :  CBC : Log    : [DispContainer] Create display for connection
1025734625 :  CBC : Log    : [DispContainer] Create display for connection
1025734640 :  CBC : Log    : [DispContainer] Create display for connection
1025734640 :  CBC : Log    : [DispContainer] Create display for connection
1025734656 :  CBC : Log    : [DispContainer] Create display for connection
1025734671 :  CBC : Log    : [DispContainer] Create display for connection
1025734671 :  CBC : Log    : [DispContainer] Create display for connection
1025734671 :  CBC : Log    : [DispContainer] Create display for connection
1025734687 :  CBC : Log    : [DispContainer] Create display for connection
1025734718 :  CBC : Log    : [DispContainer] Create display for connection
1025734718 :  CBC : Log    : [DispContainer] Create display for connection
1025734734 :  CBC : Log    : [DispContainer] Create display for connection
1025734734 :  CBC : Log    : [DispContainer] Create display for connection
1025734750 :  CBC : Log    : [DispContainer] Create display for connection
1025734765 :  CBC : Log    : [DispContainer] Create display for connection
1025734781 :  CBC : Log    : [DispContainer] Create display for connection
1025734781 :  CBC : Log    : [DispContainer] Create display for connection
1025734796 :  CBC : Log    : [DispContainer] Create display for connection
1025734812 :  CBC : Log    : [DispContainer] Create display for connection
1025734828 :  CBC : Log    : [DispContainer] Create display for connection
1025734828 :  CBC : Log    : [DispContainer] Create display for connection
1025734843 :  CBC : Log    : [DispContainer] Create display for connection
1025734859 :  CBC : Log    : [DispContainer] Create display for connection
1025734859 :  CBC : Log    : [DispContainer] Create display for connection
1025734875 :  CBC : Log    : [DispContainer] Create display for connection
1025734890 :  CBC : Log    : [DispContainer] Create display for connection
1025734890 :  CBC : Log    : [DispContainer] Create display for connection
1025734890 :  CBC : Log    : [DispContainer] Create display for connection
1025734906 :  CBC : Log    : [DispContainer] Create display for connection
1025734921 :  CBC : Log    : [DispContainer] Create display for connection
1025734921 :  CBC : Log    : [DispContainer] Create display for connection
1025734937 :  CBC : Log    : [DispContainer] Create display for connection
1025734953 :  CBC : Log    : [DispContainer] Create display for connection
1025734968 :  CBC : Log    : [DispContainer] Create display for connection
1025734968 :  CBC : Log    : [DispContainer] Create display for connection
1025734984 :  CBC : Log    : [DispContainer] Create display for connection
1025735000 :  CBC : Log    : [DispContainer] Create display for connection
1025735000 :  CBC : Log    : [DispContainer] Create display for connection
1025735015 :  CBC : Log    : [CTransformPath] Path Path 1 (2) configured
1025735031 :  CBC : Log    : [CTransformPath] Atempt to configure path Path 1 (4)...
1025735031 :  CBC : Log    : [DispContainer] Create display for TO 
1025735046 :  CBC : Log    : [src_periodicDispFactory] Creating display type src_periodic
1025735062 :  CBC : Log    : [DispContainer] Create display for TO 
1025735078 :  CBC : Log    : [gainDispFactory] Creating display type gain
1025735093 :  CBC : Log    : [DispContainer] Create display for TO 
1025735093 :  CBC : Log    : [gainDispFactory] Creating display type gain
1025735109 :  CBC : Log    : [DispContainer] Create display for TO 
1025735125 :  CBC : Log    : [sumDispFactory] Creating display type sum
1025735125 :  CBC : Log    : [DispContainer] Create display for TO 
1025735140 :  CBC : Log    : [first_order_integratorDispFactory] Creating display type first_order_integrator
1025735156 :  CBC : Log    : [Wypelnienie W ] Calculated coefs in Wypelnienie W : a1 = -1.000000, b1 = 10.000000
1025735156 :  CBC : Log    : [Wypelnienie W ] Calculated coefs in Wypelnienie W : a1 = -1.000000, b1 = 10.000000
1025735171 :  CBC : Log    : [Wypelnienie W ] Calculated coefs in Wypelnienie W : a1 = -1.000000, b1 = 10.000000
1025735171 :  CBC : Log    : [Wypelnienie W ] Calculated coefs in Wypelnienie W : a1 = -1.000000, b1 = 10.000000
1025735187 :  CBC : Log    : [Wypelnienie W ] Calculated coefs in Wypelnienie W : a1 = -1.000000, b1 = 10.000000
1025735187 :  CBC : Log    : [Wypelnienie W ] Calculated coefs in Wypelnienie W : a1 = -1.000000, b1 = 10.000000
1025735203 :  CBC : Log    : [Wypelnienie W ] Calculated coefs in Wypelnienie W : a1 = -1.000000, b1 = 10.000000
1025735203 :  CBC : Log    : [Wypelnienie W ] Calculated coefs in Wypelnienie W : a1 = -1.000000, b1 = 10.000000
1025735218 :  CBC : Log    : [DispContainer] Create display for TO 
1025735234 :  CBC : Log    : [first_order_integratorDispFactory] Creating display type first_order_integrator
1025735234 :  CBC : Log    : [Stezenie CA] Calculated coefs in Stezenie CA: a1 = -1.000000, b1 = 10.000000
1025735250 :  CBC : Log    : [Stezenie CA] Calculated coefs in Stezenie CA: a1 = -1.000000, b1 = 10.000000
1025735265 :  CBC : Log    : [Stezenie CA] Calculated coefs in Stezenie CA: a1 = -1.000000, b1 = 10.000000
1025735265 :  CBC : Log    : [Stezenie CA] Calculated coefs in Stezenie CA: a1 = -1.000000, b1 = 10.000000
1025735265 :  CBC : Log    : [Stezenie CA] Calculated coefs in Stezenie CA: a1 = -1.000000, b1 = 10.000000
1025735281 :  CBC : Log    : [Stezenie CA] Calculated coefs in Stezenie CA: a1 = -1.000000, b1 = 10.000000
1025735296 :  CBC : Log    : [Stezenie CA] Calculated coefs in Stezenie CA: a1 = -1.000000, b1 = 10.000000
1025735296 :  CBC : Log    : [Stezenie CA] Calculated coefs in Stezenie CA: a1 = -1.000000, b1 = 10.000000
1025735312 :  CBC : Log    : [DispContainer] Create display for TO 
1025735328 :  CBC : Log    : [math_expressionDispFactory] Creating display type math_expression
1025735343 :  CBC : Log    : [DispContainer] Create display for TO 
1025735343 :  CBC : Log    : [math_expressionDispFactory] Creating display type math_expression
1025735359 :  CBC : Log    : [DispContainer] Create display for TO 
1025735375 :  CBC : Log    : [constantDispFactory] Creating display type constant
1025735390 :  CBC : Log    : [DispContainer] Create display for TO 
1025735406 :  CBC : Log    : [constantDispFactory] Creating display type constant
1025735421 :  CBC : Log    : [DispContainer] Create display for TO 
1025735437 :  CBC : Log    : [constantDispFactory] Creating display type constant
1025735437 :  CBC : Log    : [DispContainer] Create display for TO 
1025735437 :  CBC : Log    : [gainDispFactory] Creating display type gain
1025735453 :  CBC : Log    : [DispContainer] Create display for TO 
1025735453 :  CBC : Log    : [first_order_integratorDispFactory] Creating display type first_order_integrator
1025735453 :  CBC : Log    : [Temperatura w reaktorze T ] Calculated coefs in Temperatura w reaktorze T : a1 = -1.000000, b1 = 10.000000
1025735468 :  CBC : Log    : [Temperatura w reaktorze T ] Calculated coefs in Temperatura w reaktorze T : a1 = -1.000000, b1 = 10.000000
1025735468 :  CBC : Log    : [Temperatura w reaktorze T ] Calculated coefs in Temperatura w reaktorze T : a1 = -1.000000, b1 = 10.000000
1025735468 :  CBC : Log    : [Temperatura w reaktorze T ] Calculated coefs in Temperatura w reaktorze T : a1 = -1.000000, b1 = 10.000000
1025735484 :  CBC : Log    : [Temperatura w reaktorze T ] Calculated coefs in Temperatura w reaktorze T : a1 = -1.000000, b1 = 10.000000
1025735484 :  CBC : Log    : [Temperatura w reaktorze T ] Calculated coefs in Temperatura w reaktorze T : a1 = -1.000000, b1 = 10.000000
1025735484 :  CBC : Log    : [Temperatura w reaktorze T ] Calculated coefs in Temperatura w reaktorze T : a1 = -1.000000, b1 = 10.000000
1025735500 :  CBC : Log    : [Temperatura w reaktorze T ] Calculated coefs in Temperatura w reaktorze T : a1 = -1.000000, b1 = 10.000000
1025735515 :  CBC : Log    : [DispContainer] Create display for TO 
1025735515 :  CBC : Log    : [constantDispFactory] Creating display type constant
1025735531 :  CBC : Log    : [DispContainer] Create display for TO 
1025735531 :  CBC : Log    : [constantDispFactory] Creating display type constant
1025735546 :  CBC : Log    : [DispContainer] Create display for TO 
1025735546 :  CBC : Log    : [constantDispFactory] Creating display type constant
1025735562 :  CBC : Log    : [DispContainer] Create display for TO 
1025735578 :  CBC : Log    : [constantDispFactory] Creating display type constant
1025735593 :  CBC : Log    : [DispContainer] Create display for TO 
1025735593 :  CBC : Log    : [displayDispFactory] Creating display type display
1025735609 :  CBC : Log    : [DispContainer] Create display for TO 
1025735609 :  CBC : Log    : [displayDispFactory] Creating display type display
1025735625 :  CBC : Log    : [DispContainer] Create display for TO 
1025735625 :  CBC : Log    : [displayDispFactory] Creating display type display
1025735625 :  CBC : Log    : [DispContainer] Create display for TO 
1025735640 :  CBC : Log    : [math_expressionDispFactory] Creating display type math_expression
1025735640 :  CBC : Log    : [DispContainer] Create display for TO 
1025735640 :  CBC : Log    : [constantDispFactory] Creating display type constant
1025735671 :  CBC : Log    : [DispContainer] Create display for TO 
1025735671 :  CBC : Log    : [constantDispFactory] Creating display type constant
1025735687 :  CBC : Log    : [DispContainer] Create display for TO 
1025735687 :  CBC : Log    : [sumDispFactory] Creating display type sum
1025735687 :  CBC : Log    : [DispContainer] Create display for TO 
1025735687 :  CBC : Log    : [gainDispFactory] Creating display type gain
1025735703 :  CBC : Log    : [DispContainer] Create display for TO 
1025735703 :  CBC : Log    : [gainDispFactory] Creating display type gain
1025735703 :  CBC : Log    : [DispContainer] Create display for TO 
1025735734 :  CBC : Log    : [src_time_eventDispFactory] Creating display type src_time_event
1025735734 :  CBC : Log    : [DispContainer] Create display for TO 
1025735734 :  CBC : Log    : [displayDispFactory] Creating display type display
1025735750 :  CBC : Log    : [DispContainer] Create display for connection
1025735750 :  CBC : Log    : [DispContainer] Create display for connection
1025735750 :  CBC : Log    : [DispContainer] Create display for connection
1025735750 :  CBC : Log    : [DispContainer] Create display for connection
1025735781 :  CBC : Log    : [DispContainer] Create display for connection
1025735781 :  CBC : Log    : [DispContainer] Create display for connection
1025735781 :  CBC : Log    : [DispContainer] Create display for connection
1025735781 :  CBC : Log    : [DispContainer] Create display for connection
1025735781 :  CBC : Log    : [DispContainer] Create display for connection
1025735812 :  CBC : Log    : [DispContainer] Create display for connection
1025735812 :  CBC : Log    : [DispContainer] Create display for connection
1025735812 :  CBC : Log    : [DispContainer] Create display for connection
1025735828 :  CBC : Log    : [DispContainer] Create display for connection
1025735843 :  CBC : Log    : [DispContainer] Create display for connection
1025735859 :  CBC : Log    : [DispContainer] Create display for connection
1025735875 :  CBC : Log    : [DispContainer] Create display for connection
1025735875 :  CBC : Log    : [DispContainer] Create display for connection
1025735890 :  CBC : Log    : [DispContainer] Create display for connection
1025735906 :  CBC : Log    : [DispContainer] Create display for connection
1025735906 :  CBC : Log    : [DispContainer] Create display for connection
1025735921 :  CBC : Log    : [DispContainer] Create display for connection
1025735937 :  CBC : Log    : [DispContainer] Create display for connection
1025735937 :  CBC : Log    : [DispContainer] Create display for connection
1025735953 :  CBC : Log    : [DispContainer] Create display for connection
1025735968 :  CBC : Log    : [DispContainer] Create display for connection
1025735968 :  CBC : Log    : [DispContainer] Create display for connection
1025735984 :  CBC : Log    : [DispContainer] Create display for connection
1025736000 :  CBC : Log    : [DispContainer] Create display for connection
1025736000 :  CBC : Log    : [DispContainer] Create display for connection
1025736015 :  CBC : Log    : [DispContainer] Create display for connection
1025736031 :  CBC : Log    : [DispContainer] Create display for connection
1025736031 :  CBC : Log    : [DispContainer] Create display for connection
1025736046 :  CBC : Log    : [DispContainer] Create display for connection
1025736062 :  CBC : Log    : [DispContainer] Create display for connection
1025736062 :  CBC : Log    : [DispContainer] Create display for connection
1025736078 :  CBC : Log    : [DispContainer] Create display for connection
1025736093 :  CBC : Log    : [DispContainer] Create display for connection
1025736093 :  CBC : Log    : [CTransformPath] Path Path 1 (4) configured
1025736109 :  CBC : Log    : [CTransformPath] Init path Path 1
1025736125 :  CBC : Log    : [CTransformPath] Init path Path 1
1025758937 :  CBC : Log    : [CWUTMsgDecoderExpat] Message decode done, time: 2 [ms]
1025767062 :  CBC : Log    : [CPathsSimulator] Prepare for simulation
1025767078 :  CBC : Log    : [Wypelnienie W ] Calculated coefs in Wypelnienie W : a1 = -1.000000, b1 = 10.000000
1025767078 :  CBC : Log    : [Stezenie CA] Calculated coefs in Stezenie CA: a1 = -1.000000, b1 = 10.000000
1025767093 :  CBC : Warning: [(1-CA)*FA/W-r*CA-CA*FB/W = prawa strona dla CA ] Local buffers with 0 length!
1025767093 :  CBC : Warning: [(1-CA)*FA/W-r*CA-CA*FB/W = prawa strona dla CA ] Local buffers with 0 length!
1025767109 :  CBC : Warning: [(1-CA)*FA/W-r*CA-CA*FB/W = prawa strona dla CA ] Local buffers with 0 length!
1025767109 :  CBC : Warning: [((TA-T)*FA+(TB-T)*FB+H/q)/W-r*CA*h/q = prawa strona T] Local buffers with 0 length!
1025767125 :  CBC : Warning: [((TA-T)*FA+(TB-T)*FB+H/q)/W-r*CA*h/q = prawa strona T] Local buffers with 0 length!
1025767125 :  CBC : Warning: [((TA-T)*FA+(TB-T)*FB+H/q)/W-r*CA*h/q = prawa strona T] Local buffers with 0 length!
1025767125 :  CBC : Warning: [((TA-T)*FA+(TB-T)*FB+H/q)/W-r*CA*h/q = prawa strona T] Local buffers with 0 length!
1025767140 :  CBC : Warning: [((TA-T)*FA+(TB-T)*FB+H/q)/W-r*CA*h/q = prawa strona T] Local buffers with 0 length!
1025767156 :  CBC : Warning: [((TA-T)*FA+(TB-T)*FB+H/q)/W-r*CA*h/q = prawa strona T] Local buffers with 0 length!
1025767156 :  CBC : Warning: [((TA-T)*FA+(TB-T)*FB+H/q)/W-r*CA*h/q = prawa strona T] Local buffers with 0 length!
1025767171 :  CBC : Warning: [((TA-T)*FA+(TB-T)*FB+H/q)/W-r*CA*h/q = prawa strona T] Local buffers with 0 length!
1025767171 :  CBC : Warning: [((TA-T)*FA+(TB-T)*FB+H/q)/W-r*CA*h/q = prawa strona T] Local buffers with 0 length!
1025767187 :  CBC : Log    : [Temperatura w reaktorze T ] Calculated coefs in Temperatura w reaktorze T : a1 = -1.000000, b1 = 10.000000
1025767187 :  CBC : Log    : [Wypelnienie W ] Calculated coefs in Wypelnienie W : a1 = -1.000000, b1 = 10.000000
1025767203 :  CBC : Log    : [Stezenie CA] Calculated coefs in Stezenie CA: a1 = -1.000000, b1 = 10.000000
1025767218 :  CBC : Warning: [(1-CA)*FA/W-r*CA-CA*FB/W = prawa strona dla CA ] Local buffers with 0 length!
1025767234 :  CBC : Warning: [(1-CA)*FA/W-r*CA-CA*FB/W = prawa strona dla CA ] Local buffers with 0 length!
1025767234 :  CBC : Warning: [(1-CA)*FA/W-r*CA-CA*FB/W = prawa strona dla CA ] Local buffers with 0 length!
1025767234 :  CBC : Warning: [((TA-T)*FA+(TB-T)*FB+H/q)/W-r*CA*h/q = prawa strona T] Local buffers with 0 length!
1025767250 :  CBC : Warning: [((TA-T)*FA+(TB-T)*FB+H/q)/W-r*CA*h/q = prawa strona T] Local buffers with 0 length!
1025767265 :  CBC : Warning: [((TA-T)*FA+(TB-T)*FB+H/q)/W-r*CA*h/q = prawa strona T] Local buffers with 0 length!
1025767281 :  CBC : Warning: [((TA-T)*FA+(TB-T)*FB+H/q)/W-r*CA*h/q = prawa strona T] Local buffers with 0 length!
1025767281 :  CBC : Warning: [((TA-T)*FA+(TB-T)*FB+H/q)/W-r*CA*h/q = prawa strona T] Local buffers with 0 length!
1025767296 :  CBC : Warning: [((TA-T)*FA+(TB-T)*FB+H/q)/W-r*CA*h/q = prawa strona T] Local buffers with 0 length!
1025767296 :  CBC : Warning: [((TA-T)*FA+(TB-T)*FB+H/q)/W-r*CA*h/q = prawa strona T] Local buffers with 0 length!
1025767312 :  CBC : Warning: [((TA-T)*FA+(TB-T)*FB+H/q)/W-r*CA*h/q = prawa strona T] Local buffers with 0 length!
1025767328 :  CBC : Warning: [((TA-T)*FA+(TB-T)*FB+H/q)/W-r*CA*h/q = prawa strona T] Local buffers with 0 length!
1025767343 :  CBC : Log    : [Temperatura w reaktorze T ] Calculated coefs in Temperatura w reaktorze T : a1 = -1.000000, b1 = 10.000000
1025767343 :  CBC : Log    : [CPathsSimulator] Simulation start
1025768062 : 31BC : Log    : [CPathsSimulator] End of simulation
1025776375 :  CBC : Error  : [Sinks] Value in display out of range!!!
1025776390 :  CBC : Error  : [Sinks] Value in display out of range!!!
1025781000 :  CBC : Error  : [Sinks] Value in display out of range!!!
1025781015 :  CBC : Error  : [Sinks] Value in display out of range!!!
1025781046 :  CBC : Error  : [Sinks] Value in display out of range!!!
1025781062 :  CBC : Error  : [Sinks] Value in display out of range!!!
1025781062 :  CBC : Error  : [Sinks] Value in display out of range!!!
1025781078 :  CBC : Error  : [Sinks] Value in display out of range!!!
1025781093 :  CBC : Error  : [Sinks] Value in display out of range!!!
1025781093 :  CBC : Error  : [Sinks] Value in display out of range!!!
1025781109 :  CBC : Error  : [Sinks] Value in display out of range!!!
1025781125 :  CBC : Error  : [Sinks] Value in display out of range!!!
1025781140 :  CBC : Error  : [Sinks] Value in display out of range!!!
1025781140 :  CBC : Error  : [Sinks] Value in display out of range!!!
1025781156 :  CBC : Error  : [Sinks] Value in display out of range!!!
1025781156 :  CBC : Error  : [Sinks] Value in display out of range!!!
1025782562 :  CBC : Error  : [Sinks] Value in display out of range!!!
1025782578 :  CBC : Error  : [Sinks] Value in display out of range!!!
1025782578 :  CBC : Error  : [Sinks] Value in display out of range!!!
1025782593 :  CBC : Error  : [Sinks] Value in display out of range!!!
1025783578 :  CBC : Error  : [Sinks] Value in display out of range!!!
1025783578 :  CBC : Error  : [Sinks] Value in display out of range!!!
1025783593 :  CBC : Error  : [Sinks] Value in display out of range!!!
1025783609 :  CBC : Error  : [Sinks] Value in display out of range!!!
1025783625 :  CBC : Error  : [Sinks] Value in display out of range!!!
1025783625 :  CBC : Error  : [Sinks] Value in display out of range!!!
1025783640 :  CBC : Error  : [Sinks] Value in display out of range!!!
1025783656 :  CBC : Error  : [Sinks] Value in display out of range!!!
1025783656 :  CBC : Error  : [Sinks] Value in display out of range!!!
1025783671 :  CBC : Error  : [Sinks] Value in display out of range!!!
1025783671 :  CBC : Error  : [Sinks] Value in display out of range!!!
1025783687 :  CBC : Error  : [Sinks] Value in display out of range!!!
1025783687 :  CBC : Error  : [Sinks] Value in display out of range!!!
1025783687 :  CBC : Error  : [Sinks] Value in display out of range!!!
1025783703 :  CBC : Error  : [Sinks] Value in display out of range!!!
1025783703 :  CBC : Error  : [Sinks] Value in display out of range!!!
1025783703 :  CBC : Error  : [Sinks] Value in display out of range!!!
1025783718 :  CBC : Error  : [Sinks] Value in display out of range!!!
1025788546 :  CBC : Error  : [Sinks] Value in display out of range!!!
1025788578 :  CBC : Error  : [Sinks] Value in display out of range!!!
1025788593 :  CBC : Error  : [Sinks] Value in display out of range!!!
1025788593 :  CBC : Error  : [Sinks] Value in display out of range!!!
1025788625 :  CBC : Error  : [Sinks] Value in display out of range!!!
1025788625 :  CBC : Error  : [Sinks] Value in display out of range!!!
1025804312 :  CBC : Error  : [Sinks] Value in display out of range!!!
1025804328 :  CBC : Error  : [Sinks] Value in display out of range!!!
1025804343 :  CBC : Error  : [Sinks] Value in display out of range!!!
1025804343 :  CBC : Error  : [Sinks] Value in display out of range!!!
1025804375 :  CBC : Error  : [Sinks] Value in display out of range!!!
1025804375 :  CBC : Error  : [Sinks] Value in display out of range!!!
1025804390 :  CBC : Error  : [Sinks] Value in display out of range!!!
1025804390 :  CBC : Error  : [Sinks] Value in display out of range!!!
1025804406 :  CBC : Error  : [Sinks] Value in display out of range!!!
1025804406 :  CBC : Error  : [Sinks] Value in display out of range!!!
1025804421 :  CBC : Error  : [Sinks] Value in display out of range!!!
1025804437 :  CBC : Error  : [Sinks] Value in display out of range!!!
1025804453 :  CBC : Error  : [Sinks] Value in display out of range!!!
1025804453 :  CBC : Error  : [Sinks] Value in display out of range!!!
1025804468 :  CBC : Error  : [Sinks] Value in display out of range!!!
1025804468 :  CBC : Error  : [Sinks] Value in display out of range!!!
1025804484 :  CBC : Error  : [Sinks] Value in display out of range!!!
1025804500 :  CBC : Error  : [Sinks] Value in display out of range!!!
1025804500 :  CBC : Error  : [Sinks] Value in display out of range!!!
1025804515 :  CBC : Error  : [Sinks] Value in display out of range!!!
1025804531 :  CBC : Error  : [Sinks] Value in display out of range!!!
1025804531 :  CBC : Error  : [Sinks] Value in display out of range!!!
1025804578 :  CBC : Error  : [Sinks] Value in display out of range!!!
1025804593 :  CBC : Error  : [Sinks] Value in display out of range!!!
1025804609 :  CBC : Error  : [Sinks] Value in display out of range!!!
1025804609 :  CBC : Error  : [Sinks] Value in display out of range!!!
1025804640 :  CBC : Error  : [Sinks] Value in display out of range!!!
1025804656 :  CBC : Error  : [Sinks] Value in display out of range!!!
1025804656 :  CBC : Error  : [Sinks] Value in display out of range!!!
1025804671 :  CBC : Error  : [Sinks] Value in display out of range!!!
1025804687 :  CBC : Error  : [Sinks] Value in display out of range!!!
1025804687 :  CBC : Error  : [Sinks] Value in display out of range!!!
1025804703 :  CBC : Error  : [Sinks] Value in display out of range!!!
1025804718 :  CBC : Error  : [Sinks] Value in display out of range!!!
1025804734 :  CBC : Error  : [Sinks] Value in display out of range!!!
1025804734 :  CBC : Error  : [Sinks] Value in display out of range!!!
1025804750 :  CBC : Error  : [Sinks] Value in display out of range!!!
1025804750 :  CBC : Error  : [Sinks] Value in display out of range!!!
1025804765 :  CBC : Error  : [Sinks] Value in display out of range!!!
1025804765 :  CBC : Error  : [Sinks] Value in display out of range!!!
1025804781 :  CBC : Error  : [Sinks] Value in display out of range!!!
1025804781 :  CBC : Error  : [Sinks] Value in display out of range!!!
1025804796 :  CBC : Error  : [Sinks] Value in display out of range!!!
1025804812 :  CBC : Error  : [Sinks] Value in display out of range!!!
1025804812 :  CBC : Error  : [Sinks] Value in display out of range!!!
1025804828 :  CBC : Error  : [Sinks] Value in display out of range!!!
1025804843 :  CBC : Error  : [Sinks] Value in display out of range!!!
1025804843 :  CBC : Error  : [Sinks] Value in display out of range!!!
1025804859 :  CBC : Error  : [Sinks] Value in display out of range!!!
1025804859 :  CBC : Error  : [Sinks] Value in display out of range!!!
1025804875 :  CBC : Error  : [Sinks] Value in display out of range!!!
1025804890 :  CBC : Error  : [Sinks] Value in display out of range!!!
1025804906 :  CBC : Error  : [Sinks] Value in display out of range!!!
1025804906 :  CBC : Error  : [Sinks] Value in display out of range!!!
1025804921 :  CBC : Error  : [Sinks] Value in display out of range!!!
1025804937 :  CBC : Error  : [Sinks] Value in display out of range!!!
1025804984 :  CBC : Error  : [Sinks] Value in display out of range!!!
1025805000 :  CBC : Error  : [Sinks] Value in display out of range!!!
1025805000 :  CBC : Error  : [Sinks] Value in display out of range!!!
1025805031 :  CBC : Error  : [Sinks] Value in display out of range!!!
1025805031 :  CBC : Error  : [Sinks] Value in display out of range!!!
1025805046 :  CBC : Error  : [Sinks] Value in display out of range!!!
1025805046 :  CBC : Error  : [Sinks] Value in display out of range!!!
1025805062 :  CBC : Error  : [Sinks] Value in display out of range!!!
1025805078 :  CBC : Error  : [Sinks] Value in display out of range!!!
1025805093 :  CBC : Error  : [Sinks] Value in display out of range!!!
1025805109 :  CBC : Error  : [Sinks] Value in display out of range!!!
1025805125 :  CBC : Error  : [Sinks] Value in display out of range!!!
1025807859 :  CBC : Error  : [Sinks] Value in display out of range!!!
1025807875 :  CBC : Error  : [Sinks] Value in display out of range!!!
1025807953 :  CBC : Error  : [Sinks] Value in display out of range!!!
1025807953 :  CBC : Error  : [Sinks] Value in display out of range!!!
1025821796 :  CBC : Error  : [Sinks] Value in display out of range!!!
1025821812 :  CBC : Error  : [Sinks] Value in display out of range!!!
1025821828 :  CBC : Error  : [Sinks] Value in display out of range!!!
1025821843 :  CBC : Error  : [Sinks] Value in display out of range!!!
1025821843 :  CBC : Error  : [Sinks] Value in display out of range!!!
1025821859 :  CBC : Error  : [Sinks] Value in display out of range!!!
1025821875 :  CBC : Error  : [Sinks] Value in display out of range!!!
1025821875 :  CBC : Error  : [Sinks] Value in display out of range!!!
1025821890 :  CBC : Error  : [Sinks] Value in display out of range!!!
1025821906 :  CBC : Error  : [Sinks] Value in display out of range!!!
1025821921 :  CBC : Error  : [Sinks] Value in display out of range!!!
1025821921 :  CBC : Error  : [Sinks] Value in display out of range!!!
1025821937 :  CBC : Error  : [Sinks] Value in display out of range!!!
1025821953 :  CBC : Error  : [Sinks] Value in display out of range!!!
1025821953 :  CBC : Error  : [Sinks] Value in display out of range!!!
1025821968 :  CBC : Error  : [Sinks] Value in display out of range!!!
1025821984 :  CBC : Error  : [Sinks] Value in display out of range!!!
1025821984 :  CBC : Error  : [Sinks] Value in display out of range!!!
1025821984 :  CBC : Error  : [Sinks] Value in display out of range!!!
1025822000 :  CBC : Error  : [Sinks] Value in display out of range!!!
1025822015 :  CBC : Error  : [Sinks] Value in display out of range!!!
1025822015 :  CBC : Error  : [Sinks] Value in display out of range!!!
1025822031 :  CBC : Error  : [Sinks] Value in display out of range!!!
1025822031 :  CBC : Error  : [Sinks] Value in display out of range!!!
1025822046 :  CBC : Error  : [Sinks] Value in display out of range!!!
1025822046 :  CBC : Error  : [Sinks] Value in display out of range!!!
1025822062 :  CBC : Error  : [Sinks] Value in display out of range!!!
1025822078 :  CBC : Error  : [Sinks] Value in display out of range!!!
1025822125 :  CBC : Error  : [Sinks] Value in display out of range!!!
1025822125 :  CBC : Error  : [Sinks] Value in display out of range!!!
1025822140 :  CBC : Error  : [Sinks] Value in display out of range!!!
1025822156 :  CBC : Error  : [Sinks] Value in display out of range!!!
1025822156 :  CBC : Error  : [Sinks] Value in display out of range!!!
1025822171 :  CBC : Error  : [Sinks] Value in display out of range!!!
1025822187 :  CBC : Error  : [Sinks] Value in display out of range!!!
1025822187 :  CBC : Error  : [Sinks] Value in display out of range!!!
1025822203 :  CBC : Error  : [Sinks] Value in display out of range!!!
1025822218 :  CBC : Error  : [Sinks] Value in display out of range!!!
1025822234 :  CBC : Error  : [Sinks] Value in display out of range!!!
1025822250 :  CBC : Error  : [Sinks] Value in display out of range!!!
1025822265 :  CBC : Error  : [Sinks] Value in display out of range!!!
1025822281 :  CBC : Error  : [Sinks] Value in display out of range!!!
1025822296 :  CBC : Error  : [Sinks] Value in display out of range!!!
1025822312 :  CBC : Error  : [Sinks] Value in display out of range!!!
1025822312 :  CBC : Error  : [Sinks] Value in display out of range!!!
1025822328 :  CBC : Error  : [Sinks] Value in display out of range!!!
1025824859 :  CBC : Error  : [Sinks] Value in display out of range!!!
1025824859 :  CBC : Error  : [Sinks] Value in display out of range!!!
1025824890 :  CBC : Error  : [Sinks] Value in display out of range!!!
1025824906 :  CBC : Error  : [Sinks] Value in display out of range!!!
1025824906 :  CBC : Error  : [Sinks] Value in display out of range!!!
1025824921 :  CBC : Error  : [Sinks] Value in display out of range!!!
1025824937 :  CBC : Error  : [Sinks] Value in display out of range!!!
1025824937 :  CBC : Error  : [Sinks] Value in display out of range!!!
1025824953 :  CBC : Error  : [Sinks] Value in display out of range!!!
1025824968 :  CBC : Error  : [Sinks] Value in display out of range!!!
1025824968 :  CBC : Error  : [Sinks] Value in display out of range!!!
1025824984 :  CBC : Error  : [Sinks] Value in display out of range!!!
1025825000 :  CBC : Error  : [Sinks] Value in display out of range!!!
1025825000 :  CBC : Error  : [Sinks] Value in display out of range!!!
1025825015 :  CBC : Error  : [Sinks] Value in display out of range!!!
1025825015 :  CBC : Error  : [Sinks] Value in display out of range!!!
1025825031 :  CBC : Error  : [Sinks] Value in display out of range!!!
1025825031 :  CBC : Error  : [Sinks] Value in display out of range!!!
1025825062 :  CBC : Error  : [Sinks] Value in display out of range!!!
1025825062 :  CBC : Error  : [Sinks] Value in display out of range!!!
1025825078 :  CBC : Error  : [Sinks] Value in display out of range!!!
1025825093 :  CBC : Error  : [Sinks] Value in display out of range!!!
1025825109 :  CBC : Error  : [Sinks] Value in display out of range!!!
1025825125 :  CBC : Error  : [Sinks] Value in display out of range!!!
1025825125 :  CBC : Error  : [Sinks] Value in display out of range!!!
1025825140 :  CBC : Error  : [Sinks] Value in display out of range!!!
1025825156 :  CBC : Error  : [Sinks] Value in display out of range!!!
1025825156 :  CBC : Error  : [Sinks] Value in display out of range!!!
1025825171 :  CBC : Error  : [Sinks] Value in display out of range!!!
1025825171 :  CBC : Error  : [Sinks] Value in display out of range!!!
1025846437 :  CBC : Error  : [Sinks] Value in display out of range!!!
1025846453 :  CBC : Error  : [Sinks] Value in display out of range!!!
1025884609 :  CBC : Log    : [CWUTMsgDecoderExpat] Message decode done, time: 0 [ms]
1025885343 :  CBC : Log    : [CWUTMsgDecoderExpat] Message decode done, time: 0 [ms]
1025885593 :  CBC : Log    : [CWUTMsgDecoderExpat] Message decode done, time: 0 [ms]
1025887640 :  CBC : Log    : [CTransformPath] Release path Path 1
1025887656 :  CBC : Log    : [DispContainer] Remove connection display
1025887656 :  CBC : Log    : [CTransformPath] Connection deleted
1025887656 :  CBC : Log    : [DispContainer] Remove connection display
1025887671 :  CBC : Log    : [CTransformPath] Connection deleted
1025887671 :  CBC : Log    : [DispContainer] Remove connection display
1025887687 :  CBC : Log    : [CTransformPath] Connection deleted
1025887703 :  CBC : Log    : [DispContainer] Remove connection display
1025887703 :  CBC : Log    : [CTransformPath] Connection deleted
1025887718 :  CBC : Log    : [DispContainer] Remove connection display
1025887734 :  CBC : Log    : [CTransformPath] Connection deleted
1025887734 :  CBC : Log    : [DispContainer] Remove connection display
1025887750 :  CBC : Log    : [CTransformPath] Connection deleted
1025887765 :  CBC : Log    : [DispContainer] Remove connection display
1025887765 :  CBC : Log    : [CTransformPath] Connection deleted
1025887781 :  CBC : Log    : [DispContainer] Remove connection display
1025887796 :  CBC : Log    : [CTransformPath] Connection deleted
1025887796 :  CBC : Log    : [DispContainer] Remove connection display
1025887796 :  CBC : Log    : [CTransformPath] Connection deleted
1025887812 :  CBC : Log    : [DispContainer] Remove connection display
1025887812 :  CBC : Log    : [CTransformPath] Connection deleted
1025887828 :  CBC : Log    : [DispContainer] Remove connection display
1025887828 :  CBC : Log    : [CTransformPath] Connection deleted
1025887843 :  CBC : Log    : [DispContainer] Remove connection display
1025887843 :  CBC : Log    : [CTransformPath] Connection deleted
1025887843 :  CBC : Log    : [DispContainer] Remove connection display
1025887859 :  CBC : Log    : [CTransformPath] Connection deleted
1025887859 :  CBC : Log    : [DispContainer] Remove connection display
1025887875 :  CBC : Log    : [CTransformPath] Connection deleted
1025887875 :  CBC : Log    : [DispContainer] Remove connection display
1025887875 :  CBC : Log    : [CTransformPath] Connection deleted
1025887890 :  CBC : Log    : [DispContainer] Remove connection display
1025887890 :  CBC : Log    : [CTransformPath] Connection deleted
1025887906 :  CBC : Log    : [DispContainer] Remove connection display
1025887906 :  CBC : Log    : [CTransformPath] Connection deleted
1025887906 :  CBC : Log    : [DispContainer] Remove connection display
1025887921 :  CBC : Log    : [CTransformPath] Connection deleted
1025887921 :  CBC : Log    : [DispContainer] Remove connection display
1025887937 :  CBC : Log    : [CTransformPath] Connection deleted
1025887937 :  CBC : Log    : [DispContainer] Remove connection display
1025887937 :  CBC : Log    : [CTransformPath] Connection deleted
1025887953 :  CBC : Log    : [DispContainer] Remove connection display
1025887953 :  CBC : Log    : [CTransformPath] Connection deleted
1025887968 :  CBC : Log    : [DispContainer] Remove connection display
1025887968 :  CBC : Log    : [CTransformPath] Connection deleted
1025887984 :  CBC : Log    : [DispContainer] Remove connection display
1025887984 :  CBC : Log    : [CTransformPath] Connection deleted
1025888000 :  CBC : Log    : [DispContainer] Remove connection display
1025888000 :  CBC : Log    : [CTransformPath] Connection deleted
1025888015 :  CBC : Log    : [DispContainer] Remove connection display
1025888015 :  CBC : Log    : [CTransformPath] Connection deleted
1025888031 :  CBC : Log    : [DispContainer] Remove connection display
1025888031 :  CBC : Log    : [CTransformPath] Connection deleted
1025888062 :  CBC : Log    : [DispContainer] Remove connection display
1025888062 :  CBC : Log    : [CTransformPath] Connection deleted
1025888078 :  CBC : Log    : [DispContainer] Remove connection display
1025888078 :  CBC : Log    : [CTransformPath] Connection deleted
1025888078 :  CBC : Log    : [DispContainer] Remove connection display
1025888109 :  CBC : Log    : [CTransformPath] Connection deleted
1025888109 :  CBC : Log    : [DispContainer] Remove connection display
1025888125 :  CBC : Log    : [CTransformPath] Connection deleted
1025888125 :  CBC : Log    : [DispContainer] Remove connection display
1025888125 :  CBC : Log    : [CTransformPath] Connection deleted
1025888140 :  CBC : Log    : [DispContainer] Remove connection display
1025888140 :  CBC : Log    : [CTransformPath] Connection deleted
1025888156 :  CBC : Log    : [DispContainer] Remove connection display
1025888171 :  CBC : Log    : [CTransformPath] Connection deleted
1025888171 :  CBC : Log    : [DispContainer] Remove connection display
1025888187 :  CBC : Log    : [CTransformPath] Connection deleted
1025888187 :  CBC : Log    : [DispContainer] Remove connection display
1025888203 :  CBC : Log    : [CTransformPath] Connection deleted
1025888203 :  CBC : Log    : [DispContainer] Remove connection display
1025888218 :  CBC : Log    : [CTransformPath] Connection deleted
1025888250 :  CBC : Log    : [DispContainer] Remove connection display
1025888250 :  CBC : Log    : [CTransformPath] Connection deleted
1025888265 :  CBC : Log    : [DispContainer] Remove connection display
1025888265 :  CBC : Log    : [CTransformPath] Connection deleted
1025888281 :  CBC : Log    : [DispContainer] Delete display for TO Wyplyw FD
1025888281 :  CBC : Log    : [gainDispFactory] Deleting display
1025888375 :  CBC : Log    : [CTransformPath] Transform object deleted, name: Wyplyw FD
1025888390 :  CBC : Log    : [DispContainer] Delete display for TO Doplyw FA
1025888390 :  CBC : Log    : [gainDispFactory] Deleting display
1025888390 :  CBC : Log    : [CTransformPath] Transform object deleted, name: Doplyw FA
1025888421 :  CBC : Log    : [DispContainer] Delete display for TO Prawa strona dla W
1025888437 :  CBC : Log    : [sumDispFactory] Deleting display
1025888437 :  CBC : Log    : [CTransformPath] Transform object deleted, name: Prawa strona dla W
1025888453 :  CBC : Log    : [DispContainer] Delete display for TO Wypelnienie W 
1025888453 :  CBC : Log    : [first_order_integratorDispFactory] Deleting display
1025888468 :  CBC : Log    : [CTransformPath] Transform object deleted, name: Wypelnienie W 
1025888484 :  CBC : Log    : [DispContainer] Delete display for TO Stezenie CA
1025888484 :  CBC : Log    : [first_order_integratorDispFactory] Deleting display
1025888500 :  CBC : Log    : [CTransformPath] Transform object deleted, name: Stezenie CA
1025888515 :  CBC : Log    : [DispContainer] Delete display for TO (1-CA)*FA/W-r*CA-CA*FB/W = prawa strona dla CA 
1025888515 :  CBC : Log    : [math_expressionDispFactory] Deleting display
1025888531 :  CBC : Log    : [CTransformPath] Transform object deleted, name: (1-CA)*FA/W-r*CA-CA*FB/W = prawa strona dla CA 
1025888531 :  CBC : Log    : [DispContainer] Delete display for TO ((TA-T)*FA+(TB-T)*FB+H/q)/W-r*CA*h/q = prawa strona T
1025888546 :  CBC : Log    : [math_expressionDispFactory] Deleting display
1025888562 :  CBC : Log    : [CTransformPath] Transform object deleted, name: ((TA-T)*FA+(TB-T)*FB+H/q)/W-r*CA*h/q = prawa strona T
1025888562 :  CBC : Log    : [DispContainer] Delete display for TO r-szybkosc reakcji 
1025888578 :  CBC : Log    : [constantDispFactory] Deleting display
1025888578 :  CBC : Log    : [CTransformPath] Transform object deleted, name: r-szybkosc reakcji 
1025888593 :  CBC : Log    : [DispContainer] Delete display for TO Temperatura TA
1025888609 :  CBC : Log    : [constantDispFactory] Deleting display
1025888625 :  CBC : Log    : [CTransformPath] Transform object deleted, name: Temperatura TA
1025888640 :  CBC : Log    : [DispContainer] Delete display for TO Temperatura TB
1025888656 :  CBC : Log    : [constantDispFactory] Deleting display
1025888656 :  CBC : Log    : [CTransformPath] Transform object deleted, name: Temperatura TB
1025888671 :  CBC : Log    : [DispContainer] Delete display for TO Doplyw ciepla H
1025888671 :  CBC : Log    : [gainDispFactory] Deleting display
1025888687 :  CBC : Log    : [CTransformPath] Transform object deleted, name: Doplyw ciepla H
1025888703 :  CBC : Log    : [DispContainer] Delete display for TO Temperatura w reaktorze T 
1025888703 :  CBC : Log    : [first_order_integratorDispFactory] Deleting display
1025888703 :  CBC : Log    : [CTransformPath] Transform object deleted, name: Temperatura w reaktorze T 
1025888718 :  CBC : Log    : [DispContainer] Delete display for TO cieplo wlasc q
1025888734 :  CBC : Log    : [constantDispFactory] Deleting display
1025888750 :  CBC : Log    : [CTransformPath] Transform object deleted, name: cieplo wlasc q
1025888750 :  CBC : Log    : [DispContainer] Delete display for TO cieplo reakcji h
1025888765 :  CBC : Log    : [constantDispFactory] Deleting display
1025888765 :  CBC : Log    : [CTransformPath] Transform object deleted, name: cieplo reakcji h
1025888781 :  CBC : Log    : [DispContainer] Delete display for TO Ustalony doplyw ciepla H
1025888796 :  CBC : Log    : [constantDispFactory] Deleting display
1025888796 :  CBC : Log    : [CTransformPath] Transform object deleted, name: Ustalony doplyw ciepla H
1025888812 :  CBC : Log    : [DispContainer] Delete display for TO Wypelnienie W
1025888828 :  CBC : Log    : [displayDispFactory] Deleting display
1025888828 :  CBC : Log    : [CTransformPath] Transform object deleted, name: Wypelnienie W
1025888843 :  CBC : Log    : [DispContainer] Delete display for TO Stezenie CA
1025888859 :  CBC : Log    : [displayDispFactory] Deleting display
1025888859 :  CBC : Log    : [CTransformPath] Transform object deleted, name: Stezenie CA
1025888875 :  CBC : Log    : [DispContainer] Delete display for TO Temperatura T 
1025888875 :  CBC : Log    : [displayDispFactory] Deleting display
1025888890 :  CBC : Log    : [CTransformPath] Transform object deleted, name: Temperatura T 
1025888890 :  CBC : Log    : [DispContainer] Delete display for TO Ubytek ciepla przez sciany
1025888906 :  CBC : Log    : [math_expressionDispFactory] Deleting display
1025888906 :  CBC : Log    : [CTransformPath] Transform object deleted, name: Ubytek ciepla przez sciany
1025888921 :  CBC : Log    : [DispContainer] Delete display for TO Wspolcz ro
1025888921 :  CBC : Log    : [constantDispFactory] Deleting display
1025888937 :  CBC : Log    : [CTransformPath] Transform object deleted, name: Wspolcz ro
1025888953 :  CBC : Log    : [DispContainer] Delete display for TO Temperatura To
1025888953 :  CBC : Log    : [constantDispFactory] Deleting display
1025888968 :  CBC : Log    : [CTransformPath] Transform object deleted, name: Temperatura To
1025888968 :  CBC : Log    : [DispContainer] Delete display for TO Bilans ciepla
1025888984 :  CBC : Log    : [sumDispFactory] Deleting display
1025888984 :  CBC : Log    : [CTransformPath] Transform object deleted, name: Bilans ciepla
1025889015 :  CBC : Log    : [DispContainer] Delete display for TO Gain 1
1025889015 :  CBC : Log    : [gainDispFactory] Deleting display
1025889031 :  CBC : Log    : [CTransformPath] Transform object deleted, name: Gain 1
1025889031 :  CBC : Log    : [DispContainer] Delete display for TO Gain 2
1025889046 :  CBC : Log    : [gainDispFactory] Deleting display
1025889046 :  CBC : Log    : [CTransformPath] Transform object deleted, name: Gain 2
1025889062 :  CBC : Log    : [DispContainer] Delete display for TO Ubytek ciepla przez scianki
1025889078 :  CBC : Log    : [displayDispFactory] Deleting display
1025889093 :  CBC : Log    : [CTransformPath] Transform object deleted, name: Ubytek ciepla przez scianki
1025889093 :  CBC : Log    : [DispContainer] Delete display for TO FD
1025889109 :  CBC : Log    : [src_time_eventDispFactory] Deleting display
1025889109 :  CBC : Log    : [CTransformPath] Transform object deleted, name: FD
1025889125 :  CBC : Log    : [DispContainer] Delete display for TO FA 
1025889140 :  CBC : Log    : [src_time_eventDispFactory] Deleting display
1025889140 :  CBC : Log    : [CTransformPath] Transform object deleted, name: FA 
1025889156 :  CBC : Log    : [DispContainer] Delete display for TO FB
1025889156 :  CBC : Log    : [src_periodicDispFactory] Deleting display
1025889156 :  CBC : Log    : [CTransformPath] Transform object deleted, name: FB
1025889187 :  CBC : Log    : [DispContainer] Delete display for TO Gain 3
1025889187 :  CBC : Log    : [gainDispFactory] Deleting display
1025889203 :  CBC : Log    : [CTransformPath] Transform object deleted, name: Gain 3
1025889218 :  CBC : Log    : [CTransformPath] Release path Path 1
1025889218 :  CBC : Log    : [DispContainer] Remove connection display
1025889218 :  CBC : Log    : [CTransformPath] Connection deleted
1025889234 :  CBC : Log    : [DispContainer] Remove connection display
1025889234 :  CBC : Log    : [CTransformPath] Connection deleted
1025889265 :  CBC : Log    : [DispContainer] Remove connection display
1025889265 :  CBC : Log    : [CTransformPath] Connection deleted
1025889281 :  CBC : Log    : [DispContainer] Remove connection display
1025889281 :  CBC : Log    : [CTransformPath] Connection deleted
1025889296 :  CBC : Log    : [DispContainer] Remove connection display
1025889296 :  CBC : Log    : [CTransformPath] Connection deleted
1025889312 :  CBC : Log    : [DispContainer] Remove connection display
1025889328 :  CBC : Log    : [CTransformPath] Connection deleted
1025889343 :  CBC : Log    : [DispContainer] Remove connection display
1025889343 :  CBC : Log    : [CTransformPath] Connection deleted
1025889359 :  CBC : Log    : [DispContainer] Remove connection display
1025889375 :  CBC : Log    : [CTransformPath] Connection deleted
1025889375 :  CBC : Log    : [DispContainer] Remove connection display
1025889390 :  CBC : Log    : [CTransformPath] Connection deleted
1025889390 :  CBC : Log    : [DispContainer] Remove connection display
1025889406 :  CBC : Log    : [CTransformPath] Connection deleted
1025889421 :  CBC : Log    : [DispContainer] Remove connection display
1025889421 :  CBC : Log    : [CTransformPath] Connection deleted
1025889437 :  CBC : Log    : [DispContainer] Remove connection display
1025889437 :  CBC : Log    : [CTransformPath] Connection deleted
1025889453 :  CBC : Log    : [DispContainer] Remove connection display
1025889468 :  CBC : Log    : [CTransformPath] Connection deleted
1025889468 :  CBC : Log    : [DispContainer] Remove connection display
1025889484 :  CBC : Log    : [CTransformPath] Connection deleted
1025889484 :  CBC : Log    : [DispContainer] Remove connection display
1025889500 :  CBC : Log    : [CTransformPath] Connection deleted
1025889515 :  CBC : Log    : [DispContainer] Remove connection display
1025889531 :  CBC : Log    : [CTransformPath] Connection deleted
1025889531 :  CBC : Log    : [DispContainer] Remove connection display
1025889546 :  CBC : Log    : [CTransformPath] Connection deleted
1025889546 :  CBC : Log    : [DispContainer] Remove connection display
1025889562 :  CBC : Log    : [CTransformPath] Connection deleted
1025889578 :  CBC : Log    : [DispContainer] Remove connection display
1025889578 :  CBC : Log    : [CTransformPath] Connection deleted
1025889593 :  CBC : Log    : [DispContainer] Remove connection display
1025889609 :  CBC : Log    : [CTransformPath] Connection deleted
1025889609 :  CBC : Log    : [DispContainer] Remove connection display
1025889625 :  CBC : Log    : [CTransformPath] Connection deleted
1025889625 :  CBC : Log    : [DispContainer] Remove connection display
1025889640 :  CBC : Log    : [CTransformPath] Connection deleted
1025889656 :  CBC : Log    : [DispContainer] Remove connection display
1025889656 :  CBC : Log    : [CTransformPath] Connection deleted
1025889671 :  CBC : Log    : [DispContainer] Remove connection display
1025889671 :  CBC : Log    : [CTransformPath] Connection deleted
1025889687 :  CBC : Log    : [DispContainer] Remove connection display
1025889687 :  CBC : Log    : [CTransformPath] Connection deleted
1025889703 :  CBC : Log    : [DispContainer] Remove connection display
1025889703 :  CBC : Log    : [CTransformPath] Connection deleted
1025889718 :  CBC : Log    : [DispContainer] Remove connection display
1025889734 :  CBC : Log    : [CTransformPath] Connection deleted
1025889750 :  CBC : Log    : [DispContainer] Remove connection display
1025889750 :  CBC : Log    : [CTransformPath] Connection deleted
1025889750 :  CBC : Log    : [DispContainer] Remove connection display
1025889765 :  CBC : Log    : [CTransformPath] Connection deleted
1025889781 :  CBC : Log    : [DispContainer] Remove connection display
1025889796 :  CBC : Log    : [CTransformPath] Connection deleted
1025889796 :  CBC : Log    : [DispContainer] Remove connection display
1025889812 :  CBC : Log    : [CTransformPath] Connection deleted
1025889812 :  CBC : Log    : [DispContainer] Remove connection display
1025889828 :  CBC : Log    : [CTransformPath] Connection deleted
1025889828 :  CBC : Log    : [DispContainer] Remove connection display
1025889843 :  CBC : Log    : [CTransformPath] Connection deleted
1025889859 :  CBC : Log    : [DispContainer] Remove connection display
1025889859 :  CBC : Log    : [CTransformPath] Connection deleted
1025889875 :  CBC : Log    : [DispContainer] Remove connection display
1025889890 :  CBC : Log    : [CTransformPath] Connection deleted
1025889890 :  CBC : Log    : [DispContainer] Remove connection display
1025889906 :  CBC : Log    : [CTransformPath] Connection deleted
1025889921 :  CBC : Log    : [DispContainer] Remove connection display
1025889921 :  CBC : Log    : [CTransformPath] Connection deleted
1025889937 :  CBC : Log    : [DispContainer] Delete display for TO Przeplyw FB
1025889953 :  CBC : Log    : [src_periodicDispFactory] Deleting display
1025889953 :  CBC : Log    : [CTransformPath] Transform object deleted, name: Przeplyw FB
1025889953 :  CBC : Log    : [DispContainer] Delete display for TO Wyplyw FD
1025889968 :  CBC : Log    : [gainDispFactory] Deleting display
1025889984 :  CBC : Log    : [CTransformPath] Transform object deleted, name: Wyplyw FD
1025889984 :  CBC : Log    : [DispContainer] Delete display for TO Doplyw FA
1025890000 :  CBC : Log    : [gainDispFactory] Deleting display
1025890000 :  CBC : Log    : [CTransformPath] Transform object deleted, name: Doplyw FA
1025890000 :  CBC : Log    : [DispContainer] Delete display for TO Prawa strona dla W
1025890015 :  CBC : Log    : [sumDispFactory] Deleting display
1025890015 :  CBC : Log    : [CTransformPath] Transform object deleted, name: Prawa strona dla W
1025890046 :  CBC : Log    : [DispContainer] Delete display for TO Wypelnienie W 
1025890046 :  CBC : Log    : [first_order_integratorDispFactory] Deleting display
1025890062 :  CBC : Log    : [CTransformPath] Transform object deleted, name: Wypelnienie W 
1025890062 :  CBC : Log    : [DispContainer] Delete display for TO Stezenie CA
1025890062 :  CBC : Log    : [first_order_integratorDispFactory] Deleting display
1025890078 :  CBC : Log    : [CTransformPath] Transform object deleted, name: Stezenie CA
1025890078 :  CBC : Log    : [DispContainer] Delete display for TO (1-CA)*FA/W-r*CA-CA*FB/W = prawa strona dla CA 
1025890109 :  CBC : Log    : [math_expressionDispFactory] Deleting display
1025890109 :  CBC : Log    : [CTransformPath] Transform object deleted, name: (1-CA)*FA/W-r*CA-CA*FB/W = prawa strona dla CA 
1025890125 :  CBC : Log    : [DispContainer] Delete display for TO ((TA-T)*FA+(TB-T)*FB+H/q)/W-r*CA*h/q = prawa strona T
1025890140 :  CBC : Log    : [math_expressionDispFactory] Deleting display
1025890140 :  CBC : Log    : [CTransformPath] Transform object deleted, name: ((TA-T)*FA+(TB-T)*FB+H/q)/W-r*CA*h/q = prawa strona T
1025890140 :  CBC : Log    : [DispContainer] Delete display for TO r-szybkosc reakcji 
1025890156 :  CBC : Log    : [constantDispFactory] Deleting display
1025890171 :  CBC : Log    : [CTransformPath] Transform object deleted, name: r-szybkosc reakcji 
1025890187 :  CBC : Log    : [DispContainer] Delete display for TO Temperatura TA
1025890203 :  CBC : Log    : [constantDispFactory] Deleting display
1025890203 :  CBC : Log    : [CTransformPath] Transform object deleted, name: Temperatura TA
1025890218 :  CBC : Log    : [DispContainer] Delete display for TO Temperatura TB
1025890218 :  CBC : Log    : [constantDispFactory] Deleting display
1025890234 :  CBC : Log    : [CTransformPath] Transform object deleted, name: Temperatura TB
1025890250 :  CBC : Log    : [DispContainer] Delete display for TO Doplyw ciepla H
1025890250 :  CBC : Log    : [gainDispFactory] Deleting display
1025890265 :  CBC : Log    : [CTransformPath] Transform object deleted, name: Doplyw ciepla H
1025890265 :  CBC : Log    : [DispContainer] Delete display for TO Temperatura w reaktorze T 
1025890281 :  CBC : Log    : [first_order_integratorDispFactory] Deleting display
1025890296 :  CBC : Log    : [CTransformPath] Transform object deleted, name: Temperatura w reaktorze T 
1025890296 :  CBC : Log    : [DispContainer] Delete display for TO cieplo wlasc q
1025890312 :  CBC : Log    : [constantDispFactory] Deleting display
1025890328 :  CBC : Log    : [CTransformPath] Transform object deleted, name: cieplo wlasc q
1025890343 :  CBC : Log    : [DispContainer] Delete display for TO cieplo reakcji h
1025890343 :  CBC : Log    : [constantDispFactory] Deleting display
1025890359 :  CBC : Log    : [CTransformPath] Transform object deleted, name: cieplo reakcji h
1025890359 :  CBC : Log    : [DispContainer] Delete display for TO Ustalony doplyw FA
1025890375 :  CBC : Log    : [constantDispFactory] Deleting display
1025890390 :  CBC : Log    : [CTransformPath] Transform object deleted, name: Ustalony doplyw FA
1025890390 :  CBC : Log    : [DispContainer] Delete display for TO Ustalony doplyw ciepla H
1025890406 :  CBC : Log    : [constantDispFactory] Deleting display
1025890421 :  CBC : Log    : [CTransformPath] Transform object deleted, name: Ustalony doplyw ciepla H
1025890437 :  CBC : Log    : [DispContainer] Delete display for TO Wypelnienie W
1025890437 :  CBC : Log    : [displayDispFactory] Deleting display
1025890453 :  CBC : Log    : [CTransformPath] Transform object deleted, name: Wypelnienie W
1025890453 :  CBC : Log    : [DispContainer] Delete display for TO Stezenie CA
1025890468 :  CBC : Log    : [displayDispFactory] Deleting display
1025890484 :  CBC : Log    : [CTransformPath] Transform object deleted, name: Stezenie CA
1025890484 :  CBC : Log    : [DispContainer] Delete display for TO Temperatura T 
1025890500 :  CBC : Log    : [displayDispFactory] Deleting display
1025890500 :  CBC : Log    : [CTransformPath] Transform object deleted, name: Temperatura T 
1025890515 :  CBC : Log    : [DispContainer] Delete display for TO Ubytek ciepla przez sciany
1025890531 :  CBC : Log    : [math_expressionDispFactory] Deleting display
1025890546 :  CBC : Log    : [CTransformPath] Transform object deleted, name: Ubytek ciepla przez sciany
1025890546 :  CBC : Log    : [DispContainer] Delete display for TO Wspolcz ro
1025890562 :  CBC : Log    : [constantDispFactory] Deleting display
1025890578 :  CBC : Log    : [CTransformPath] Transform object deleted, name: Wspolcz ro
1025890578 :  CBC : Log    : [DispContainer] Delete display for TO Temperatura To
1025890593 :  CBC : Log    : [constantDispFactory] Deleting display
1025890593 :  CBC : Log    : [CTransformPath] Transform object deleted, name: Temperatura To
1025890609 :  CBC : Log    : [DispContainer] Delete display for TO Bilans ciepla
1025890609 :  CBC : Log    : [sumDispFactory] Deleting display
1025890625 :  CBC : Log    : [CTransformPath] Transform object deleted, name: Bilans ciepla
1025890640 :  CBC : Log    : [DispContainer] Delete display for TO Gain 1
1025890640 :  CBC : Log    : [gainDispFactory] Deleting display
1025890656 :  CBC : Log    : [CTransformPath] Transform object deleted, name: Gain 1
1025890656 :  CBC : Log    : [DispContainer] Delete display for TO Gain 2
1025890671 :  CBC : Log    : [gainDispFactory] Deleting display
1025890687 :  CBC : Log    : [CTransformPath] Transform object deleted, name: Gain 2
1025890703 :  CBC : Log    : [DispContainer] Delete display for TO Time event 1
1025890718 :  CBC : Log    : [src_time_eventDispFactory] Deleting display
1025890718 :  CBC : Log    : [CTransformPath] Transform object deleted, name: Time event 1
1025890734 :  CBC : Log    : [DispContainer] Delete display for TO Display 1
1025890734 :  CBC : Log    : [displayDispFactory] Deleting display
1025890750 :  CBC : Log    : [CTransformPath] Transform object deleted, name: Display 1
1025890765 :  CBC : Log    : [CTransformPath] Release path Path 1
1025890765 :  CBC : Log    : [CTransformPath] Delete path Path 1
1025890765 :  CBC : Log    : [CTransformPath] Release path Path 1
1025890781 :  CBC : Log    : [CTransformPath] Delete path Path 1
1025890921 :  CBC : Log    : [DispContainer] Release
1025890921 :  CBC : Log    : [DispContainer] Clear called
1025890953 :  CBC : Log    : [NATIVE COMM DLL] releaseCommDll called.
1025890984 :  CBC : Log    : [NATIVE COMM DLL] delete communication client
1025890984 :  CBC : Log    : [XML DLL] releaseXMLDll called.
1025891000 :  CBC : Log    : [XML DLL] delete parser
1025891000 :  CBC : Log    : [XML DLL] delete element factory
1025891000 :  CBC : Log    : [CWUTXMLElemFactory] Release factory, usage report:
1025891015 :  CBC : Log    : [CWUTXMLElemFactory] Elems created: 8933, released: 1539, left: 7394
1025891015 :  CBC : Log    : [CWUTXMLElemFactory] Maximum count of elems in memory: 8927
1025891031 :  CBC : Log    : [CWUTXMLElemFactory] Clear all XML elements list
1025891031 : 3AA4 : Log    : Stop execute client sending thread.
1025891046 :  CBC : Log    : [XML DLL] Released
267648671 : 35A0 : Log    : [XML DLL] Messenger changed.
267648718 : 35A0 : Log    : [NATIVE COMM DLL] Messenger changed.
267648718 : 35A0 : Log    : [XML DLL] initXMLDll called.
267648734 : 35A0 : Log    : [XML DLL] Create element factory
267648734 : 35A0 : Log    : [XML DLL] Create parser
267648734 : 35A0 : Log    : [XML DLL] Initiated
267648750 : 35A0 : Log    : [XML DLL] getParser called.
267648750 : 35A0 : Log    : [XML DLL] getElemFactory called.
267648765 : 35A0 : Log    : [NATIVE COMM DLL] initCommDll called.
267648765 : 35A0 : Log    : [NATIVE COMM DLL] Create communication client
267648781 : 35A0 : Log    : [NATIVE COMM DLL] Initiated
267648781 : 35A0 : Log    : [XML DLL] getElemFactory called.
267648796 : 35A0 : Log    : [XML DLL] getParser called.
267648796 : 35A0 : Log    : [NATIVE COMM DLL] getClient called.
267648796 : 4FC8 : Log    : Start execute client sending thread.
267648812 : 35A0 : Log    : [CPathPluginManager] Attempt to scan for plugins
267648937 : 35A0 : Log    : [sumDispFactory] Factory initiated
267649000 : 35A0 : Log    : [gainDispFactory] Factory initiated
267649000 : 35A0 : Log    : [productDispFactory] Factory initiated
267649015 : 35A0 : Log    : [powerDispFactory] Factory initiated
267649031 : 35A0 : Log    : [math_expressionDispFactory] Factory initiated
267649031 : 35A0 : Log    : [signumDispFactory] Factory initiated
267649031 : 35A0 : Log    : [basic_functionsDispFactory] Factory initiated
267649046 : 35A0 : Log    : [math_absoluteDispFactory] Factory initiated
267649046 : 35A0 : Log    : [CPathPluginManager] Loaded: Mathematic operators
267649234 : 35A0 : Log    : [Systemic_Venous_CirculationDispFactory] Factory initiated
267649265 : 35A0 : Log    : [Pulmonary_Venous_CirculationDispFactory] Factory initiated
267649281 : 35A0 : Log    : [Pulmonary_Arterial_CirculationDispFactory] Factory initiated
267649281 : 35A0 : Log    : [Systemic_Arterial_CirculationDispFactory] Factory initiated
267649296 : 35A0 : Log    : [Left_VentricularDispFactory] Factory initiated
267649296 : 35A0 : Log    : [Right_VentricularDispFactory] Factory initiated
267649296 : 35A0 : Log    : [CPathPluginManager] Loaded: Circulation System
267649406 : 35A0 : Log    : [pid_controllerDispFactory] Factory initiated
267649406 : 35A0 : Log    : [DMC_controlerDispFactory] Factory initiated
267649437 : 35A0 : Log    : [DMC_InputDispFactory] Factory initiated
267649437 : 35A0 : Log    : [DMC_outputDispFactory] Factory initiated
267649437 : 35A0 : Log    : [Trajectory_generatorDispFactory] Factory initiated
267649437 : 35A0 : Log    : [CPathPluginManager] Loaded: Controllers
267649546 : 35A0 : Log    : [CPathPluginManager] Loaded: Basic connections types
267649781 : 35A0 : Log    : [inertiaDispFactory] Factory initiated
267649828 : 35A0 : Log    : [discrete_integratorDispFactory] Factory initiated
267649843 : 35A0 : Log    : [integer_delayDispFactory] Factory initiated
267649843 : 35A0 : Log    : [discrete_derivativeDispFactory] Factory initiated
267649843 : 35A0 : Log    : [slope_counterDispFactory] Factory initiated
267649843 : 35A0 : Log    : [discrete_counterDispFactory] Factory initiated
267649859 : 35A0 : Log    : [CPathPluginManager] Loaded: Discrete operations
267649921 : 35A0 : Log    : [induction_motorDispFactory] Factory initiated
267650000 : 35A0 : Log    : [ec_dc_motorDispFactory] Factory initiated
267650015 : 35A0 : Log    : [ec_ac_servo_vcDispFactory] Factory initiated
267650015 : 35A0 : Log    : [CPathPluginManager] Loaded: Electric components
267650140 : 35A0 : Log    : [one_step_delDispFactory] Factory initiated
267650218 : 35A0 : Log    : [set_statusDispFactory] Factory initiated
267650328 : 35A0 : Log    : [get_statusDispFactory] Factory initiated
267650343 : 35A0 : Log    : [CPathPluginManager] Loaded: Execution control
267650421 : 35A0 : Log    : [impulse_filterDispFactory] Factory initiated
267650468 : 35A0 : Log    : [CPathPluginManager] Loaded: Filtering
267650562 : 35A0 : Log    : [global_fisDispFactory] Factory initiated
267650593 : 35A0 : Log    : [CPathPluginManager] Loaded: FIS systems
267650687 : 35A0 : Log    : [FuzzyficationDispFactory] Factory initiated
267650718 : 35A0 : Log    : [fl_displayDispFactory] Factory initiated
267650718 : 35A0 : Log    : [CPathPluginManager] Loaded: Fuzzy logic
267650781 : 35A0 : Log    : [fuzzy_variableDispFactory] Factory initiated
267650812 : 35A0 : Log    : [fuzzy_mf_displayDispFactory] Factory initiated
267650828 : 35A0 : Log    : [defuzzyficationDispFactory] Factory initiated
267650843 : 35A0 : Log    : [if_then_rulesDispFactory] Factory initiated
267650875 : 35A0 : Log    : [CPathPluginManager] Loaded: Fuzzy logic 2
267650937 : 35A0 : Log    : [change_detectorDispFactory] Factory initiated
267650968 : 35A0 : Log    : [alarmDispFactory] Factory initiated
267650984 : 35A0 : Log    : [multi_change_detectorDispFactory] Factory initiated
267650984 : 35A0 : Log    : [stab_checkDispFactory] Factory initiated
267651000 : 35A0 : Log    : [var_checkDispFactory] Factory initiated
267651000 : 35A0 : Log    : [multi_var_checkDispFactory] Factory initiated
267651000 : 35A0 : Log    : [CPathPluginManager] Loaded: Heuristic tests
267651078 : 35A0 : Log    : [Hydraulic_lineDispFactory] Factory initiated
267651078 : 35A0 : Log    : [Hydraulic_accumulatorDispFactory] Factory initiated
267651078 : 35A0 : Log    : [Hydraulic_motorDispFactory] Factory initiated
267651093 : 35A0 : Log    : [Hydraulic_actuatorDispFactory] Factory initiated
267651093 : 35A0 : Log    : [32_Proportional_ValveDispFactory] Factory initiated
267651093 : 35A0 : Log    : [32_ON_OFF_ValveDispFactory] Factory initiated
267651109 : 35A0 : Log    : [Max_pressure_valveDispFactory] Factory initiated
267651109 : 35A0 : Log    : [22_Proportional_ValveDispFactory] Factory initiated
267651109 : 35A0 : Log    : [43_Proportional_ValveDispFactory] Factory initiated
267651109 : 35A0 : Log    : [hydraulic_pumpDispFactory] Factory initiated
267651125 : 35A0 : Log    : [Hydraulic_volumeDispFactory] Factory initiated
267651125 : 35A0 : Log    : [CPathPluginManager] Loaded: Hydraulic elements
267651187 : 35A0 : Log    : [slowdetDispFactory] Factory initiated
267651218 : 35A0 : Log    : [slowpredDispFactory] Factory initiated
267651234 : 35A0 : Log    : [CPathPluginManager] Loaded: Incipient FDI
267651328 : 35A0 : Log    : [second_order_inertiaDispFactory] Factory initiated
267651359 : 35A0 : Log    : [first_order_inertiaDispFactory] Factory initiated
267651375 : 35A0 : Log    : [first_order_integratorDispFactory] Factory initiated
267651375 : 35A0 : Log    : [ideal_diffDispFactory] Factory initiated
267651390 : 35A0 : Log    : [real_diffDispFactory] Factory initiated
267651390 : 35A0 : Log    : [second_order_tfDispFactory] Factory initiated
267651406 : 35A0 : Log    : [cont_state_space_eqDispFactory] Factory initiated
267651406 : 35A0 : Log    : [cld_transfer_functionDispFactory] Factory initiated
267651406 : 35A0 : Log    : [CPathPluginManager] Loaded: Linear dynamic
267651453 : 35A0 : Log    : [relationalDispFactory] Factory initiated
267651515 : 35A0 : Log    : [logicalDispFactory] Factory initiated
267651515 : 35A0 : Log    : [rsDispFactory] Factory initiated
267651515 : 35A0 : Log    : [horizontal_logicDispFactory] Factory initiated
267651515 : 35A0 : Log    : [CPathPluginManager] Loaded: Crisp logic
267651578 : 35A0 : Log    : [CP model plugin] Plugins in: E:\PExSim\bin\
267651609 : 35A0 : Log    : [CPluginManager] Scan for plugins in E:\PExSim\bin\
267651625 : 35A0 : Log    : [CPluginManager] Found file matching criteria, name: aggregate_plg.mbplug
267651687 : 35A0 : Log    : [CPluginManager] Not a model plugin.
267651718 : 35A0 : Log    : [CPluginManager] Found file matching criteria, name: autocorrelation_plg.mbplug
267651750 : 35A0 : Log    : [CPluginManager] Not a model plugin.
267651781 : 35A0 : Log    : [CPluginManager] Found file matching criteria, name: disp_xy_plg.mbplug
267651812 : 35A0 : Log    : [CPluginManager] Not a model plugin.
267651859 : 35A0 : Log    : [CPluginManager] Found file matching criteria, name: downsample_plg.mbplug
267651906 : 35A0 : Log    : [CPluginManager] Not a model plugin.
267651937 : 35A0 : Log    : [CPluginManager] Found file matching criteria, name: filtering_poly_plg.mbplug
267651984 : 35A0 : Log    : [CPluginManager] Not a model plugin.
267652000 : 35A0 : Log    : [CPluginManager] Found file matching criteria, name: histogram_plg.mbplug
267652031 : 35A0 : Log    : [CPluginManager] Not a model plugin.
267652078 : 35A0 : Log    : [CPluginManager] Found file matching criteria, name: interpolation_plg.mbplug
267652109 : 35A0 : Log    : [CPluginManager] Not a model plugin.
267652140 : 35A0 : Log    : [CPluginManager] Found file matching criteria, name: join_datasets_plg.mbplug
267652218 : 35A0 : Log    : [CPluginManager] Not a model plugin.
267652234 : 35A0 : Log    : [CPluginManager] Found file matching criteria, name: model_ann_plg.mbplug
267652343 : 35A0 : Log    : [CPluginManager] Plugin loaded, name: Artificial neural network model.
267652359 : 35A0 : Log    : [CPluginManager] Found file matching criteria, name: model_fann_plg.mbplug
267652437 : 35A0 : Log    : [CPluginManager] Plugin loaded, name: Simplified neural network model.
267652453 : 35A0 : Log    : [CPluginManager] Found file matching criteria, name: model_linear_classic_plg.mbplug
267652562 : 35A0 : Log    : [CModelLinClFactory] Initiated
267652593 : 35A0 : Log    : [CPluginManager] Plugin loaded, name: Classic linear model
267652593 : 35A0 : Log    : [CPluginManager] Found file matching criteria, name: model_linear_plg.mbplug
267652734 : 35A0 : Log    : [CPluginManager] Plugin loaded, name: Linear discreete model
267652765 : 35A0 : Log    : [CPluginManager] Found file matching criteria, name: model_tsk_plg.mbplug
267652953 : 35A0 : Log    : [CPluginManager] Plugin loaded, name: TSK model
267652953 : 35A0 : Log    : [CPluginManager] Found file matching criteria, name: power_spectrum_plg.mbplug
267653015 : 35A0 : Log    : [CPluginManager] Not a model plugin.
267653046 : 35A0 : Log    : [CPluginManager] Found file matching criteria, name: si_import_plg.mbplug
267653078 : 35A0 : Log    : [CPluginManager] Not a model plugin.
267653125 : 35A0 : Log    : [CPluginManager] Found file matching criteria, name: text_import_plg.mbplug
267653171 : 35A0 : Log    : [CPluginManager] Not a model plugin.
267653250 : 35A0 : Log    : [CPluginManager] Found file matching criteria, name: trends_nv_plg.mbplug
267653296 : 35A0 : Log    : [CPluginManager] Not a model plugin.
267653359 : 35A0 : Log    : [CPluginManager] Found file matching criteria, name: verif_mro_plg.mbplug
267653406 : 35A0 : Log    : [CPluginManager] Not a model plugin.
267653484 : 35A0 : Log    : [CPluginManager] Found file matching criteria, name: verif_standard_plg.mbplug
267653546 : 35A0 : Log    : [CPluginManager] Not a model plugin.
267653593 : 35A0 : Log    : [mmodelDispFactory] Factory initiated
267653609 : 35A0 : Log    : [CPathPluginManager] Loaded: MITforRD models
267653781 : 35A0 : Log    : [lookup_tableDispFactory] Factory initiated
267653812 : 35A0 : Log    : [signal_limiterDispFactory] Factory initiated
267653828 : 35A0 : Log    : [nonlinear_frictionDispFactory] Factory initiated
267653828 : 35A0 : Log    : [hysteresisDispFactory] Factory initiated
267653828 : 35A0 : Log    : [CPathPluginManager] Loaded: Nonlinear elements
267653921 : 35A0 : Log    : [nonlinear_dynamicDispFactory] Factory initiated
267653984 : 35A0 : Log    : [nonlinear_dynamic_cppDispFactory] Factory initiated
267654000 : 35A0 : Log    : [CPathPluginManager] Loaded: Nonlinear dynamic
267654125 : 35A0 : Log    : [op_quality_indexDispFactory] Factory initiated
267654218 : 35A0 : Log    : [CPathPluginManager] Loaded: Parameters optimization
267654437 : 35A0 : Log    : [pneumatic_lineDispFactory] Factory initiated
267654484 : 35A0 : Log    : [pneumatic_volumeDispFactory] Factory initiated
267654484 : 35A0 : Log    : [3_2_valveDispFactory] Factory initiated
267654500 : 35A0 : Log    : [5_3_valveDispFactory] Factory initiated
267654500 : 35A0 : Log    : [3_2_switch_valveDispFactory] Factory initiated
267654500 : 35A0 : Log    : [2p_switch_valveDispFactory] Factory initiated
267654515 : 35A0 : Log    : [pneumatic_actuatorDispFactory] Factory initiated
267654531 : 35A0 : Log    : [CPathPluginManager] Loaded: Pneumatic elements
267654625 : 35A0 : Log    : [subpathDispFactory] Factory initiated
267654656 : 35A0 : Log    : [subpath_inputDispFactory] Factory initiated
267654656 : 35A0 : Log    : [subpath_outputDispFactory] Factory initiated
267654671 : 35A0 : Log    : [CPathPluginManager] Loaded: Ports and subsystems
267655031 : 35A0 : Log    : [dmc_controllerDispFactory] Factory initiated
267655046 : 35A0 : Log    : [CPathPluginManager] Loaded: DMC controller
267655125 : 35A0 : Log    : [simple_heat_exchangeDispFactory] Factory initiated
267655187 : 35A0 : Log    : [heat_exchangeDispFactory] Factory initiated
267655203 : 35A0 : Log    : [tle_heat_exchangeDispFactory] Factory initiated
267655203 : 35A0 : Log    : [injectorDispFactory] Factory initiated
267655203 : 35A0 : Log    : [CPathPluginManager] Loaded: Heat exchange
267655328 : 35A0 : Log    : [simple_heat_exchangerDispFactory] Factory initiated
267655406 : 35A0 : Log    : [fire_box_heat_exchangeDispFactory] Factory initiated
267655421 : 35A0 : Log    : [CPathPluginManager] Loaded: Heat exchange - new
267655562 : 35A0 : Log    : [script_c_cppDispFactory] Factory initiated
267655640 : 35A0 : Log    : [CPathPluginManager] Loaded: C/C++ scripts
267655937 : 35A0 : Log    : [switchDispFactory] Factory initiated
267655968 : 35A0 : Log    : [min_max_selectDispFactory] Factory initiated
267655984 : 35A0 : Log    : [multi_switchDispFactory] Factory initiated
267655984 : 35A0 : Log    : [MuxDispFactory] Factory initiated
267655984 : 35A0 : Log    : [DemuxDispFactory] Factory initiated
267656000 : 35A0 : Log    : [selectorDispFactory] Factory initiated
267656000 : 35A0 : Log    : [CPathPluginManager] Loaded: Signal routing
267656140 : 35A0 : Log    : [displayDispFactory] Factory initiated
267656171 : 35A0 : Log    : [ccom_outDispFactory] Factory initiated
267656171 : 35A0 : Log    : [internal_out_varDispFactory] Factory initiated
267656187 : 35A0 : Log    : [text_file_outDispFactory] Factory initiated
267656187 : 35A0 : Log    : [xy_displayDispFactory] Factory initiated
267656203 : 35A0 : Log    : [sink_plotDispFactory] Factory initiated
267656203 : 35A0 : Log    : [text_file_out_discDispFactory] Factory initiated
267656203 : 35A0 : Log    : [CPathPluginManager] Loaded: Sinks
267656328 : 35A0 : Log    : [randomDispFactory] Factory initiated
267656406 : 35A0 : Log    : [constantDispFactory] Factory initiated
267656406 : 35A0 : Log    : [ccom_inDispFactory] Factory initiated
267656406 : 35A0 : Log    : [time_lineDispFactory] Factory initiated
267656406 : 35A0 : Log    : [text_file_inDispFactory] Factory initiated
267656421 : 35A0 : Log    : [src_periodicDispFactory] Factory initiated
267656421 : 35A0 : Log    : [src_time_eventDispFactory] Factory initiated
267656437 : 35A0 : Log    : [g_randomDispFactory] Factory initiated
267656453 : 35A0 : Log    : [CPathPluginManager] Loaded: Sources
267656562 : 35A0 : Log    : [averageDispFactory] Factory initiated
267656625 : 35A0 : Log    : [basic_statDispFactory] Factory initiated
267656640 : 35A0 : Log    : [signals_interdependenceDispFactory] Factory initiated
267656656 : 35A0 : Log    : [averagetsDispFactory] Factory initiated
267656656 : 35A0 : Log    : [CPathPluginManager] Loaded: Statistic operators
267656812 : 35A0 : Log    : [wss_char_T_pDispFactory] Factory initiated
267656984 : 35A0 : Log    : [wss_char_p_TDispFactory] Factory initiated
267657000 : 35A0 : Log    : [steam_boiler_1DispFactory] Factory initiated
267657000 : 35A0 : Log    : [CPathPluginManager] Loaded: Water-steam dependencies
267657156 : 35A0 : Log    : [CPathPluginManager] Scan for plugins done. 
267657187 : 35A0 : Log    : [DispContainer] Initiation
267657296 : 35A0 : Log    : Decode configuration ...
267657296 : 35A0 : Log    : [XML DLL] getElemFactory called.
267657312 : 35A0 : Log    : [XML DLL] getParser called.
267657312 : 35A0 : Log    : Configuration done.
267657375 : 35A0 : Log    : [CWUTMsgDecoderExpat] File decode done, time: 0.000000 [ms]
267672468 : 35A0 : Log    : [DispContainer] Create display for TO 1st order integrator 1
267672500 : 35A0 : Log    : [first_order_integratorDispFactory] Creating display type first_order_integrator
267677437 : 35A0 : Log    : [DispContainer] Create display for TO 1st order integrator 2
267677453 : 35A0 : Log    : [first_order_integratorDispFactory] Creating display type first_order_integrator
267682437 : 35A0 : Log    : [DispContainer] Create display for connection
267692609 : 35A0 : Log    : [DispContainer] Create display for TO PID 1
267692609 : 35A0 : Log    : [pid_controllerDispFactory] Creating display type pid_controller
267697484 : 35A0 : Log    : [DispContainer] Create display for connection
267709046 : 35A0 : Log    : [DispContainer] Create display for TO Time event 1
267709062 : 35A0 : Log    : [src_time_eventDispFactory] Creating display type src_time_event
267739468 : 35A0 : Log    : [DispContainer] Create display for connection
267747609 : 35A0 : Log    : [DispContainer] Create display for TO 1st order inertia 1
267747625 : 35A0 : Log    : [first_order_inertiaDispFactory] Creating display type first_order_inertia
267753140 : 35A0 : Log    : [DispContainer] Create display for connection
267761468 : 35A0 : Log    : [DispContainer] Create display for connection
267821859 : 35A0 : Log    : [DispContainer] Create display for TO Display 1
267821875 : 35A0 : Log    : [displayDispFactory] Creating display type display
267845875 : 35A0 : Log    : [DispContainer] Create display for connection
267850937 : 35A0 : Log    : [DispContainer] Create display for connection
267859250 : 35A0 : Log    : [CWUTMsgDecoderExpat] Message decode done, time: 0 [ms]
267883015 : 35A0 : Log    : [CWUTMsgDecoderExpat] Message decode done, time: 0 [ms]
267906484 : 35A0 : Log    : [CPathsSimulator] Prepare for simulation
267906500 : 35A0 : Log    : [1st order integrator 1] Calculated coefs in 1st order integrator 1: a1 = -1.000000, b1 = 1.000000
267906500 : 35A0 : Log    : [1st order integrator 2] Calculated coefs in 1st order integrator 2: a1 = -1.000000, b1 = 1.000000
267906500 : 35A0 : Log    : [1st order inertia 1] Calculated coefs in 1st order inertia 1: a1 = -0.990050, b1 = 0.009950
267906531 : 35A0 : Log    : [CPathsSimulator] Simulation start
267926546 : 536C : Log    : [CPathsSimulator] End of simulation
267944812 : 35A0 : Log    : [CPathsSimulator] Prepare for simulation
267944828 : 35A0 : Log    : [1st order integrator 1] Calculated coefs in 1st order integrator 1: a1 = -1.000000, b1 = 1.000000
267944828 : 35A0 : Log    : [1st order integrator 2] Calculated coefs in 1st order integrator 2: a1 = -1.000000, b1 = 1.000000
267944843 : 35A0 : Log    : [1st order inertia 1] Calculated coefs in 1st order inertia 1: a1 = -0.990050, b1 = 0.009950
267944843 : 35A0 : Log    : [CPathsSimulator] Simulation start
267944984 : 4294 : Log    : [CPathsSimulator] End of simulation
267970968 : 35A0 : Log    : [CPathsSimulator] Prepare for simulation
267970968 : 35A0 : Log    : [1st order integrator 1] Calculated coefs in 1st order integrator 1: a1 = -1.000000, b1 = 1.000000
267971000 : 35A0 : Log    : [1st order integrator 2] Calculated coefs in 1st order integrator 2: a1 = -1.000000, b1 = 1.000000
267971000 : 35A0 : Log    : [1st order inertia 1] Calculated coefs in 1st order inertia 1: a1 = -0.990050, b1 = 0.009950
267971000 : 35A0 : Log    : [CPathsSimulator] Simulation start
267971140 : 252C : Log    : [CPathsSimulator] End of simulation
267976546 : 35A0 : Error  : [Sinks] Value in display out of range!!!
267976578 : 35A0 : Error  : [Sinks] Value in display out of range!!!
267976578 : 35A0 : Error  : [Sinks] Value in display out of range!!!
267976593 : 35A0 : Error  : [Sinks] Value in display out of range!!!
267976609 : 35A0 : Error  : [Sinks] Value in display out of range!!!
267976625 : 35A0 : Error  : [Sinks] Value in display out of range!!!
267976625 : 35A0 : Error  : [Sinks] Value in display out of range!!!
267976640 : 35A0 : Error  : [Sinks] Value in display out of range!!!
267976656 : 35A0 : Error  : [Sinks] Value in display out of range!!!
267976656 : 35A0 : Error  : [Sinks] Value in display out of range!!!
267976671 : 35A0 : Error  : [Sinks] Value in display out of range!!!
267976687 : 35A0 : Error  : [Sinks] Value in display out of range!!!
267976781 : 35A0 : Error  : [Sinks] Value in display out of range!!!
267976781 : 35A0 : Error  : [Sinks] Value in display out of range!!!
267976796 : 35A0 : Error  : [Sinks] Value in display out of range!!!
267976812 : 35A0 : Error  : [Sinks] Value in display out of range!!!
267976812 : 35A0 : Error  : [Sinks] Value in display out of range!!!
267976828 : 35A0 : Error  : [Sinks] Value in display out of range!!!
267976843 : 35A0 : Error  : [Sinks] Value in display out of range!!!
267976843 : 35A0 : Error  : [Sinks] Value in display out of range!!!
267976859 : 35A0 : Error  : [Sinks] Value in display out of range!!!
267976875 : 35A0 : Error  : [Sinks] Value in display out of range!!!
267976890 : 35A0 : Error  : [Sinks] Value in display out of range!!!
267976890 : 35A0 : Error  : [Sinks] Value in display out of range!!!
267976890 : 35A0 : Error  : [Sinks] Value in display out of range!!!
267976906 : 35A0 : Error  : [Sinks] Value in display out of range!!!
267976921 : 35A0 : Error  : [Sinks] Value in display out of range!!!
267976921 : 35A0 : Error  : [Sinks] Value in display out of range!!!
267976937 : 35A0 : Error  : [Sinks] Value in display out of range!!!
267976953 : 35A0 : Error  : [Sinks] Value in display out of range!!!
267976953 : 35A0 : Error  : [Sinks] Value in display out of range!!!
267976968 : 35A0 : Error  : [Sinks] Value in display out of range!!!
267976984 : 35A0 : Error  : [Sinks] Value in display out of range!!!
267978015 : 35A0 : Error  : [Sinks] Value in display out of range!!!
267978031 : 35A0 : Error  : [Sinks] Value in display out of range!!!
267978031 : 35A0 : Error  : [Sinks] Value in display out of range!!!
267978046 : 35A0 : Error  : [Sinks] Value in display out of range!!!
267978062 : 35A0 : Error  : [Sinks] Value in display out of range!!!
267978062 : 35A0 : Error  : [Sinks] Value in display out of range!!!
267978093 : 35A0 : Error  : [Sinks] Value in display out of range!!!
267978093 : 35A0 : Error  : [Sinks] Value in display out of range!!!
267978109 : 35A0 : Error  : [Sinks] Value in display out of range!!!
267978109 : 35A0 : Error  : [Sinks] Value in display out of range!!!
267978109 : 35A0 : Error  : [Sinks] Value in display out of range!!!
267978140 : 35A0 : Error  : [Sinks] Value in display out of range!!!
267978140 : 35A0 : Error  : [Sinks] Value in display out of range!!!
267978140 : 35A0 : Error  : [Sinks] Value in display out of range!!!
267978156 : 35A0 : Error  : [Sinks] Value in display out of range!!!
267978171 : 35A0 : Error  : [Sinks] Value in display out of range!!!
267978187 : 35A0 : Error  : [Sinks] Value in display out of range!!!
267978187 : 35A0 : Error  : [Sinks] Value in display out of range!!!
267981312 : 35A0 : Error  : [Sinks] Value in display out of range!!!
267981328 : 35A0 : Error  : [Sinks] Value in display out of range!!!
267981328 : 35A0 : Error  : [Sinks] Value in display out of range!!!
267993843 : 35A0 : Log    : [CPathsSimulator] Prepare for simulation
267993859 : 35A0 : Log    : [1st order integrator 1] Calculated coefs in 1st order integrator 1: a1 = -1.000000, b1 = 1.000000
267993875 : 35A0 : Log    : [1st order integrator 2] Calculated coefs in 1st order integrator 2: a1 = -1.000000, b1 = 1.000000
267993875 : 35A0 : Log    : [1st order inertia 1] Calculated coefs in 1st order inertia 1: a1 = -0.990050, b1 = 0.009950
267993890 : 35A0 : Log    : [CPathsSimulator] Simulation start
267994046 :  6EC : Log    : [CPathsSimulator] End of simulation
267997671 : 35A0 : Error  : [Sinks] Value in display out of range!!!
267997687 : 35A0 : Error  : [Sinks] Value in display out of range!!!
267997687 : 35A0 : Error  : [Sinks] Value in display out of range!!!
267997703 : 35A0 : Error  : [Sinks] Value in display out of range!!!
267997718 : 35A0 : Error  : [Sinks] Value in display out of range!!!
267997718 : 35A0 : Error  : [Sinks] Value in display out of range!!!
267997734 : 35A0 : Error  : [Sinks] Value in display out of range!!!
267997750 : 35A0 : Error  : [Sinks] Value in display out of range!!!
267997750 : 35A0 : Error  : [Sinks] Value in display out of range!!!
267997781 : 35A0 : Error  : [Sinks] Value in display out of range!!!
267997796 : 35A0 : Error  : [Sinks] Value in display out of range!!!
267997796 : 35A0 : Error  : [Sinks] Value in display out of range!!!
267997812 : 35A0 : Error  : [Sinks] Value in display out of range!!!
267997828 : 35A0 : Error  : [Sinks] Value in display out of range!!!
267997828 : 35A0 : Error  : [Sinks] Value in display out of range!!!
267997843 : 35A0 : Error  : [Sinks] Value in display out of range!!!
267997843 : 35A0 : Error  : [Sinks] Value in display out of range!!!
267997859 : 35A0 : Error  : [Sinks] Value in display out of range!!!
267997859 : 35A0 : Error  : [Sinks] Value in display out of range!!!
267997875 : 35A0 : Error  : [Sinks] Value in display out of range!!!
267997875 : 35A0 : Error  : [Sinks] Value in display out of range!!!
267997890 : 35A0 : Error  : [Sinks] Value in display out of range!!!
267997906 : 35A0 : Error  : [Sinks] Value in display out of range!!!
267997906 : 35A0 : Error  : [Sinks] Value in display out of range!!!
267997921 : 35A0 : Error  : [Sinks] Value in display out of range!!!
267997921 : 35A0 : Error  : [Sinks] Value in display out of range!!!
267997937 : 35A0 : Error  : [Sinks] Value in display out of range!!!
267998062 : 35A0 : Error  : [Sinks] Value in display out of range!!!
267998078 : 35A0 : Error  : [Sinks] Value in display out of range!!!
267998093 : 35A0 : Error  : [Sinks] Value in display out of range!!!
267998093 : 35A0 : Error  : [Sinks] Value in display out of range!!!
267998109 : 35A0 : Error  : [Sinks] Value in display out of range!!!
267998125 : 35A0 : Error  : [Sinks] Value in display out of range!!!
267998140 : 35A0 : Error  : [Sinks] Value in display out of range!!!
267998140 : 35A0 : Error  : [Sinks] Value in display out of range!!!
267998156 : 35A0 : Error  : [Sinks] Value in display out of range!!!
267999812 : 35A0 : Error  : [Sinks] Value in display out of range!!!
267999828 : 35A0 : Error  : [Sinks] Value in display out of range!!!
267999843 : 35A0 : Error  : [Sinks] Value in display out of range!!!
268017921 : 35A0 : Log    : [CPathsSimulator] Prepare for simulation
268017921 : 35A0 : Log    : [1st order integrator 1] Calculated coefs in 1st order integrator 1: a1 = -1.000000, b1 = 1.000000
268017937 : 35A0 : Log    : [1st order integrator 2] Calculated coefs in 1st order integrator 2: a1 = -1.000000, b1 = 1.000000
268017937 : 35A0 : Log    : [1st order inertia 1] Calculated coefs in 1st order inertia 1: a1 = -0.990050, b1 = 0.009950
268017953 : 35A0 : Log    : [CPathsSimulator] Simulation start
268018156 : 34E0 : Log    : [CPathsSimulator] End of simulation
268023843 : 35A0 : Log    : [CPathsSimulator] Prepare for simulation
268023843 : 35A0 : Log    : [1st order integrator 1] Calculated coefs in 1st order integrator 1: a1 = -1.000000, b1 = 1.000000
268023843 : 35A0 : Log    : [1st order integrator 2] Calculated coefs in 1st order integrator 2: a1 = -1.000000, b1 = 1.000000
268023859 : 35A0 : Log    : [1st order inertia 1] Calculated coefs in 1st order inertia 1: a1 = -0.990050, b1 = 0.009950
268023875 : 35A0 : Log    : [CPathsSimulator] Simulation start
268024062 : 4598 : Log    : [CPathsSimulator] End of simulation
268025078 : 35A0 : Error  : [Sinks] Value in display out of range!!!
268025078 : 35A0 : Error  : [Sinks] Value in display out of range!!!
268025093 : 35A0 : Error  : [Sinks] Value in display out of range!!!
268033187 : 35A0 : Error  : [Sinks] Value in display out of range!!!
268033203 : 35A0 : Error  : [Sinks] Value in display out of range!!!
268033218 : 35A0 : Error  : [Sinks] Value in display out of range!!!
268043406 : 35A0 : Log    : [1st order integrator 1] Calculated coefs in 1st order integrator 1: a1 = -1.000000, b1 = 0.010000
268043468 : 35A0 : Log    : [1st order integrator 1] Calculated coefs in 1st order integrator 1: a1 = -1.000000, b1 = 0.010000
268043531 : 35A0 : Log    : [1st order integrator 1] Calculated coefs in 1st order integrator 1: a1 = -1.000000, b1 = 0.010000
268058046 : 35A0 : Log    : [1st order integrator 1] Calculated coefs in 1st order integrator 1: a1 = -1.000000, b1 = 0.001000
268058109 : 35A0 : Log    : [1st order integrator 1] Calculated coefs in 1st order integrator 1: a1 = -1.000000, b1 = 0.001000
268058171 : 35A0 : Log    : [1st order integrator 1] Calculated coefs in 1st order integrator 1: a1 = -1.000000, b1 = 0.001000
268080937 : 35A0 : Log    : [1st order integrator 2] Calculated coefs in 1st order integrator 2: a1 = -1.000000, b1 = 0.100000
268081000 : 35A0 : Log    : [1st order integrator 2] Calculated coefs in 1st order integrator 2: a1 = -1.000000, b1 = 0.100000
268081062 : 35A0 : Log    : [1st order integrator 2] Calculated coefs in 1st order integrator 2: a1 = -1.000000, b1 = 0.100000
268086328 : 35A0 : Log    : [1st order integrator 2] Calculated coefs in 1st order integrator 2: a1 = -1.000000, b1 = 0.001000
268086390 : 35A0 : Log    : [1st order integrator 2] Calculated coefs in 1st order integrator 2: a1 = -1.000000, b1 = 0.001000
268086453 : 35A0 : Log    : [1st order integrator 2] Calculated coefs in 1st order integrator 2: a1 = -1.000000, b1 = 0.001000
268087109 : 35A0 : Error  : [Sinks] Value in display out of range!!!
268087109 : 35A0 : Error  : [Sinks] Value in display out of range!!!
268087125 : 35A0 : Error  : [Sinks] Value in display out of range!!!
268089359 : 35A0 : Log    : [CPathsSimulator] Prepare for simulation
268089375 : 35A0 : Log    : [1st order integrator 1] Calculated coefs in 1st order integrator 1: a1 = -1.000000, b1 = 0.001000
268089375 : 35A0 : Log    : [1st order integrator 2] Calculated coefs in 1st order integrator 2: a1 = -1.000000, b1 = 0.001000
268089390 : 35A0 : Log    : [1st order inertia 1] Calculated coefs in 1st order inertia 1: a1 = -0.990050, b1 = 0.009950
268089390 : 35A0 : Log    : [CPathsSimulator] Simulation start
268089609 : 23E0 : Log    : [CPathsSimulator] End of simulation
268091593 : 35A0 : Error  : [Sinks] Value in display out of range!!!
268091609 : 35A0 : Error  : [Sinks] Value in display out of range!!!
268091609 : 35A0 : Error  : [Sinks] Value in display out of range!!!
268093671 : 35A0 : Error  : [Sinks] Value in display out of range!!!
268093671 : 35A0 : Error  : [Sinks] Value in display out of range!!!
268093671 : 35A0 : Error  : [Sinks] Value in display out of range!!!
268093703 : 35A0 : Error  : [Sinks] Value in display out of range!!!
268093718 : 35A0 : Error  : [Sinks] Value in display out of range!!!
268093718 : 35A0 : Error  : [Sinks] Value in display out of range!!!
268093734 : 35A0 : Error  : [Sinks] Value in display out of range!!!
268093750 : 35A0 : Error  : [Sinks] Value in display out of range!!!
268093750 : 35A0 : Error  : [Sinks] Value in display out of range!!!
268093765 : 35A0 : Error  : [Sinks] Value in display out of range!!!
268093765 : 35A0 : Error  : [Sinks] Value in display out of range!!!
268093781 : 35A0 : Error  : [Sinks] Value in display out of range!!!
268093796 : 35A0 : Error  : [Sinks] Value in display out of range!!!
268093796 : 35A0 : Error  : [Sinks] Value in display out of range!!!
268093812 : 35A0 : Error  : [Sinks] Value in display out of range!!!
268097750 : 35A0 : Error  : [Sinks] Value in display out of range!!!
268097765 : 35A0 : Error  : [Sinks] Value in display out of range!!!
268097781 : 35A0 : Error  : [Sinks] Value in display out of range!!!
268116484 : 35A0 : Log    : [CPathsSimulator] Prepare for simulation
268116484 : 35A0 : Log    : [1st order integrator 1] Calculated coefs in 1st order integrator 1: a1 = -1.000000, b1 = 0.001000
268116500 : 35A0 : Log    : [1st order integrator 2] Calculated coefs in 1st order integrator 2: a1 = -1.000000, b1 = 0.001000
268116500 : 35A0 : Log    : [1st order inertia 1] Calculated coefs in 1st order inertia 1: a1 = -0.990050, b1 = 0.009950
268116515 : 35A0 : Log    : [CPathsSimulator] Simulation start
268116687 : 1A30 : Log    : [CPathsSimulator] End of simulation
268118093 : 35A0 : Error  : [Sinks] Value in display out of range!!!
268118093 : 35A0 : Error  : [Sinks] Value in display out of range!!!
268118109 : 35A0 : Error  : [Sinks] Value in display out of range!!!
268118578 : 35A0 : Error  : [Sinks] Value in display out of range!!!
268118578 : 35A0 : Error  : [Sinks] Value in display out of range!!!
268118593 : 35A0 : Error  : [Sinks] Value in display out of range!!!
268119125 : 35A0 : Error  : [Sinks] Value in display out of range!!!
268119140 : 35A0 : Error  : [Sinks] Value in display out of range!!!
268119140 : 35A0 : Error  : [Sinks] Value in display out of range!!!
268119156 : 35A0 : Error  : [Sinks] Value in display out of range!!!
268119156 : 35A0 : Error  : [Sinks] Value in display out of range!!!
268119171 : 35A0 : Error  : [Sinks] Value in display out of range!!!
268119187 : 35A0 : Error  : [Sinks] Value in display out of range!!!
268119187 : 35A0 : Error  : [Sinks] Value in display out of range!!!
268119203 : 35A0 : Error  : [Sinks] Value in display out of range!!!
268119218 : 35A0 : Error  : [Sinks] Value in display out of range!!!
268119218 : 35A0 : Error  : [Sinks] Value in display out of range!!!
268119234 : 35A0 : Error  : [Sinks] Value in display out of range!!!
268119234 : 35A0 : Error  : [Sinks] Value in display out of range!!!
268119250 : 35A0 : Error  : [Sinks] Value in display out of range!!!
268119265 : 35A0 : Error  : [Sinks] Value in display out of range!!!
268120250 : 35A0 : Error  : [Sinks] Value in display out of range!!!
268120265 : 35A0 : Error  : [Sinks] Value in display out of range!!!
268120265 : 35A0 : Error  : [Sinks] Value in display out of range!!!
268142328 : 35A0 : Log    : [DispContainer] Create display for connection
268145390 : 35A0 : Error  : [Sinks] Value in display out of range!!!
268145406 : 35A0 : Error  : [Sinks] Value in display out of range!!!
268145421 : 35A0 : Error  : [Sinks] Value in display out of range!!!
268145421 : 35A0 : Error  : [Sinks] Value in display out of range!!!
268147125 : 35A0 : Log    : [CPathsSimulator] Prepare for simulation
268147125 : 35A0 : Log    : [1st order integrator 1] Calculated coefs in 1st order integrator 1: a1 = -1.000000, b1 = 0.001000
268147140 : 35A0 : Log    : [1st order integrator 2] Calculated coefs in 1st order integrator 2: a1 = -1.000000, b1 = 0.001000
268147140 : 35A0 : Log    : [1st order inertia 1] Calculated coefs in 1st order inertia 1: a1 = -0.990050, b1 = 0.009950
268147156 : 35A0 : Log    : [CPathsSimulator] Simulation start
268147359 :  610 : Log    : [CPathsSimulator] End of simulation
268148812 : 35A0 : Error  : [Sinks] Value in display out of range!!!
268148828 : 35A0 : Error  : [Sinks] Value in display out of range!!!
268148843 : 35A0 : Error  : [Sinks] Value in display out of range!!!
268148843 : 35A0 : Error  : [Sinks] Value in display out of range!!!
268148859 : 35A0 : Error  : [Sinks] Value in display out of range!!!
268148875 : 35A0 : Error  : [Sinks] Value in display out of range!!!
268148875 : 35A0 : Error  : [Sinks] Value in display out of range!!!
268148890 : 35A0 : Error  : [Sinks] Value in display out of range!!!
268148906 : 35A0 : Error  : [Sinks] Value in display out of range!!!
268148906 : 35A0 : Error  : [Sinks] Value in display out of range!!!
268148921 : 35A0 : Error  : [Sinks] Value in display out of range!!!
268148921 : 35A0 : Error  : [Sinks] Value in display out of range!!!
268149093 : 35A0 : Error  : [Sinks] Value in display out of range!!!
268149109 : 35A0 : Error  : [Sinks] Value in display out of range!!!
268149109 : 35A0 : Error  : [Sinks] Value in display out of range!!!
268149125 : 35A0 : Error  : [Sinks] Value in display out of range!!!
268149125 : 35A0 : Error  : [Sinks] Value in display out of range!!!
268149140 : 35A0 : Error  : [Sinks] Value in display out of range!!!
268149140 : 35A0 : Error  : [Sinks] Value in display out of range!!!
268149140 : 35A0 : Error  : [Sinks] Value in display out of range!!!
268150812 : 35A0 : Error  : [Sinks] Value in display out of range!!!
268150828 : 35A0 : Error  : [Sinks] Value in display out of range!!!
268150843 : 35A0 : Error  : [Sinks] Value in display out of range!!!
268150859 : 35A0 : Error  : [Sinks] Value in display out of range!!!
268150859 : 35A0 : Error  : [Sinks] Value in display out of range!!!
268150875 : 35A0 : Error  : [Sinks] Value in display out of range!!!
268150890 : 35A0 : Error  : [Sinks] Value in display out of range!!!
268150890 : 35A0 : Error  : [Sinks] Value in display out of range!!!
268152984 : 35A0 : Error  : [Sinks] Value in display out of range!!!
268153000 : 35A0 : Error  : [Sinks] Value in display out of range!!!
268153015 : 35A0 : Error  : [Sinks] Value in display out of range!!!
268153015 : 35A0 : Error  : [Sinks] Value in display out of range!!!
268153031 : 35A0 : Error  : [Sinks] Value in display out of range!!!
268153031 : 35A0 : Error  : [Sinks] Value in display out of range!!!
268153046 : 35A0 : Error  : [Sinks] Value in display out of range!!!
268153046 : 35A0 : Error  : [Sinks] Value in display out of range!!!
268169859 : 35A0 : Error  : [Sinks] Value in display out of range!!!
268169875 : 35A0 : Error  : [Sinks] Value in display out of range!!!
268169890 : 35A0 : Error  : [Sinks] Value in display out of range!!!
268169890 : 35A0 : Error  : [Sinks] Value in display out of range!!!
268186062 : 35A0 : Error  : [Sinks] Value in display out of range!!!
268186078 : 35A0 : Error  : [Sinks] Value in display out of range!!!
268186078 : 35A0 : Error  : [Sinks] Value in display out of range!!!
268186078 : 35A0 : Error  : [Sinks] Value in display out of range!!!
268188078 : 35A0 : Log    : [CPathsSimulator] Prepare for simulation
268188093 : 35A0 : Log    : [1st order integrator 1] Calculated coefs in 1st order integrator 1: a1 = -1.000000, b1 = 0.001000
268188109 : 35A0 : Log    : [1st order integrator 2] Calculated coefs in 1st order integrator 2: a1 = -1.000000, b1 = 0.001000
268188109 : 35A0 : Log    : [1st order inertia 1] Calculated coefs in 1st order inertia 1: a1 = -0.990050, b1 = 0.009950
268188125 : 35A0 : Log    : [CPathsSimulator] Simulation start
268188296 : 4084 : Log    : [CPathsSimulator] End of simulation
268190968 : 35A0 : Error  : [Sinks] Value in display out of range!!!
268190984 : 35A0 : Error  : [Sinks] Value in display out of range!!!
268190984 : 35A0 : Error  : [Sinks] Value in display out of range!!!
268190984 : 35A0 : Error  : [Sinks] Value in display out of range!!!
268191171 : 35A0 : Error  : [Sinks] Value in display out of range!!!
268191171 : 35A0 : Error  : [Sinks] Value in display out of range!!!
268191171 : 35A0 : Error  : [Sinks] Value in display out of range!!!
268191187 : 35A0 : Error  : [Sinks] Value in display out of range!!!
268191203 : 35A0 : Error  : [Sinks] Value in display out of range!!!
268191203 : 35A0 : Error  : [Sinks] Value in display out of range!!!
268191218 : 35A0 : Error  : [Sinks] Value in display out of range!!!
268191218 : 35A0 : Error  : [Sinks] Value in display out of range!!!
268194109 : 35A0 : Error  : [Sinks] Value in display out of range!!!
268194140 : 35A0 : Error  : [Sinks] Value in display out of range!!!
268194140 : 35A0 : Error  : [Sinks] Value in display out of range!!!
268194156 : 35A0 : Error  : [Sinks] Value in display out of range!!!
268194171 : 35A0 : Error  : [Sinks] Value in display out of range!!!
268194187 : 35A0 : Error  : [Sinks] Value in display out of range!!!
268194203 : 35A0 : Error  : [Sinks] Value in display out of range!!!
268194203 : 35A0 : Error  : [Sinks] Value in display out of range!!!
268210421 : 35A0 : Error  : [Sinks] Value in display out of range!!!
268210437 : 35A0 : Error  : [Sinks] Value in display out of range!!!
268210437 : 35A0 : Error  : [Sinks] Value in display out of range!!!
268210453 : 35A0 : Error  : [Sinks] Value in display out of range!!!
268210937 : 35A0 : Error  : [Sinks] Value in display out of range!!!
268210953 : 35A0 : Error  : [Sinks] Value in display out of range!!!
268210953 : 35A0 : Error  : [Sinks] Value in display out of range!!!
268210968 : 35A0 : Error  : [Sinks] Value in display out of range!!!
268212593 : 35A0 : Log    : [CPathsSimulator] Prepare for simulation
268212609 : 35A0 : Log    : [1st order integrator 1] Calculated coefs in 1st order integrator 1: a1 = -1.000000, b1 = 0.001000
268212625 : 35A0 : Log    : [1st order integrator 2] Calculated coefs in 1st order integrator 2: a1 = -1.000000, b1 = 0.001000
268212625 : 35A0 : Log    : [1st order inertia 1] Calculated coefs in 1st order inertia 1: a1 = -0.990050, b1 = 0.009950
268212625 : 35A0 : Log    : [CPathsSimulator] Simulation start
268212781 : 3F28 : Log    : [CPathsSimulator] End of simulation
268214687 : 35A0 : Error  : [Sinks] Value in display out of range!!!
268214703 : 35A0 : Error  : [Sinks] Value in display out of range!!!
268214703 : 35A0 : Error  : [Sinks] Value in display out of range!!!
268214718 : 35A0 : Error  : [Sinks] Value in display out of range!!!
268214734 : 35A0 : Error  : [Sinks] Value in display out of range!!!
268214750 : 35A0 : Error  : [Sinks] Value in display out of range!!!
268214750 : 35A0 : Error  : [Sinks] Value in display out of range!!!
268214750 : 35A0 : Error  : [Sinks] Value in display out of range!!!
268214765 : 35A0 : Error  : [Sinks] Value in display out of range!!!
268214765 : 35A0 : Error  : [Sinks] Value in display out of range!!!
268214781 : 35A0 : Error  : [Sinks] Value in display out of range!!!
268214812 : 35A0 : Error  : [Sinks] Value in display out of range!!!
268216343 : 35A0 : Error  : [Sinks] Value in display out of range!!!
268216359 : 35A0 : Error  : [Sinks] Value in display out of range!!!
268216375 : 35A0 : Error  : [Sinks] Value in display out of range!!!
268216390 : 35A0 : Error  : [Sinks] Value in display out of range!!!
268222937 : 35A0 : Log    : [CWUTMsgDecoderExpat] Message decode done, time: 0 [ms]
268224171 : 35A0 : Log    : [DispContainer] Remove connection display
268224171 : 35A0 : Log    : [CTransformPath] Connection deleted
268238515 : 35A0 : Log    : [CPathsSimulator] Prepare for simulation
268238531 : 35A0 : Log    : [1st order integrator 1] Calculated coefs in 1st order integrator 1: a1 = -1.000000, b1 = 0.001000
268238531 : 35A0 : Log    : [1st order integrator 2] Calculated coefs in 1st order integrator 2: a1 = -1.000000, b1 = 0.001000
268238546 : 35A0 : Log    : [1st order inertia 1] Calculated coefs in 1st order inertia 1: a1 = -0.990050, b1 = 0.009950
268238546 : 35A0 : Log    : [CPathsSimulator] Simulation start
268238718 : 4BC0 : Log    : [CPathsSimulator] End of simulation
268241718 : 35A0 : Error  : [Sinks] Value in display out of range!!!
268241734 : 35A0 : Error  : [Sinks] Value in display out of range!!!
268241750 : 35A0 : Error  : [Sinks] Value in display out of range!!!
268241750 : 35A0 : Error  : [Sinks] Value in display out of range!!!
268241765 : 35A0 : Error  : [Sinks] Value in display out of range!!!
268241765 : 35A0 : Error  : [Sinks] Value in display out of range!!!
268241765 : 35A0 : Error  : [Sinks] Value in display out of range!!!
268241781 : 35A0 : Error  : [Sinks] Value in display out of range!!!
268241781 : 35A0 : Error  : [Sinks] Value in display out of range!!!
268241796 : 35A0 : Error  : [Sinks] Value in display out of range!!!
268241812 : 35A0 : Error  : [Sinks] Value in display out of range!!!
268241812 : 35A0 : Error  : [Sinks] Value in display out of range!!!
268241828 : 35A0 : Error  : [Sinks] Value in display out of range!!!
268241843 : 35A0 : Error  : [Sinks] Value in display out of range!!!
268241843 : 35A0 : Error  : [Sinks] Value in display out of range!!!
268241859 : 35A0 : Error  : [Sinks] Value in display out of range!!!
268241875 : 35A0 : Error  : [Sinks] Value in display out of range!!!
268241890 : 35A0 : Error  : [Sinks] Value in display out of range!!!
268241890 : 35A0 : Error  : [Sinks] Value in display out of range!!!
268241906 : 35A0 : Error  : [Sinks] Value in display out of range!!!
268241921 : 35A0 : Error  : [Sinks] Value in display out of range!!!
268241937 : 35A0 : Error  : [Sinks] Value in display out of range!!!
268241937 : 35A0 : Error  : [Sinks] Value in display out of range!!!
268241953 : 35A0 : Error  : [Sinks] Value in display out of range!!!
268241953 : 35A0 : Error  : [Sinks] Value in display out of range!!!
268241968 : 35A0 : Error  : [Sinks] Value in display out of range!!!
268241984 : 35A0 : Error  : [Sinks] Value in display out of range!!!
268241984 : 35A0 : Error  : [Sinks] Value in display out of range!!!
268242000 : 35A0 : Error  : [Sinks] Value in display out of range!!!
268242000 : 35A0 : Error  : [Sinks] Value in display out of range!!!
268244250 : 35A0 : Error  : [Sinks] Value in display out of range!!!
268244265 : 35A0 : Error  : [Sinks] Value in display out of range!!!
268244265 : 35A0 : Error  : [Sinks] Value in display out of range!!!
268245671 : 35A0 : Error  : [Sinks] Value in display out of range!!!
268245687 : 35A0 : Error  : [Sinks] Value in display out of range!!!
268245687 : 35A0 : Error  : [Sinks] Value in display out of range!!!
268245718 : 35A0 : Error  : [Sinks] Value in display out of range!!!
268245718 : 35A0 : Error  : [Sinks] Value in display out of range!!!
268245734 : 35A0 : Error  : [Sinks] Value in display out of range!!!
268245734 : 35A0 : Error  : [Sinks] Value in display out of range!!!
268245750 : 35A0 : Error  : [Sinks] Value in display out of range!!!
268245750 : 35A0 : Error  : [Sinks] Value in display out of range!!!
268259609 : 35A0 : Log    : [1st order integrator 1] Calculated coefs in 1st order integrator 1: a1 = -1.000000, b1 = 0.001000
268259640 : 35A0 : Log    : [1st order integrator 1] Calculated coefs in 1st order integrator 1: a1 = -1.000000, b1 = 0.001000
268268765 : 35A0 : Log    : [1st order integrator 1] Calculated coefs in 1st order integrator 1: a1 = -1.000000, b1 = 0.002000
268268781 : 35A0 : Log    : [1st order integrator 1] Calculated coefs in 1st order integrator 1: a1 = -1.000000, b1 = 0.002000
268268812 : 35A0 : Log    : [1st order integrator 1] Calculated coefs in 1st order integrator 1: a1 = -1.000000, b1 = 0.002000
268275750 : 35A0 : Log    : [1st order integrator 2] Calculated coefs in 1st order integrator 2: a1 = -1.000000, b1 = 0.003000
268275765 : 35A0 : Log    : [1st order integrator 2] Calculated coefs in 1st order integrator 2: a1 = -1.000000, b1 = 0.003000
268275781 : 35A0 : Log    : [1st order integrator 2] Calculated coefs in 1st order integrator 2: a1 = -1.000000, b1 = 0.003000
268278593 : 35A0 : Log    : [CPathsSimulator] Prepare for simulation
268278609 : 35A0 : Log    : [1st order integrator 1] Calculated coefs in 1st order integrator 1: a1 = -1.000000, b1 = 0.002000
268278609 : 35A0 : Log    : [1st order integrator 2] Calculated coefs in 1st order integrator 2: a1 = -1.000000, b1 = 0.003000
268278609 : 35A0 : Log    : [1st order inertia 1] Calculated coefs in 1st order inertia 1: a1 = -0.990050, b1 = 0.009950
268278625 : 35A0 : Log    : [CPathsSimulator] Simulation start
268278796 : 5390 : Log    : [CPathsSimulator] End of simulation
268294531 : 35A0 : Error  : [Sinks] Value in display out of range!!!
268294546 : 35A0 : Error  : [Sinks] Value in display out of range!!!
268294562 : 35A0 : Error  : [Sinks] Value in display out of range!!!
268301890 : 35A0 : Log    : [1st order integrator 1] Calculated coefs in 1st order integrator 1: a1 = -1.000000, b1 = 0.010000
268301953 : 35A0 : Log    : [1st order integrator 1] Calculated coefs in 1st order integrator 1: a1 = -1.000000, b1 = 0.010000
268302000 : 35A0 : Log    : [1st order integrator 1] Calculated coefs in 1st order integrator 1: a1 = -1.000000, b1 = 0.010000
268305968 : 35A0 : Log    : [CPathsSimulator] Prepare for simulation
268305984 : 35A0 : Log    : [1st order integrator 1] Calculated coefs in 1st order integrator 1: a1 = -1.000000, b1 = 0.010000
268305984 : 35A0 : Log    : [1st order integrator 2] Calculated coefs in 1st order integrator 2: a1 = -1.000000, b1 = 0.003000
268306000 : 35A0 : Log    : [1st order inertia 1] Calculated coefs in 1st order inertia 1: a1 = -0.990050, b1 = 0.009950
268306000 : 35A0 : Log    : [CPathsSimulator] Simulation start
268306187 : 3E44 : Log    : [CPathsSimulator] End of simulation
268307578 : 35A0 : Error  : [Sinks] Value in display out of range!!!
268307593 : 35A0 : Error  : [Sinks] Value in display out of range!!!
268307593 : 35A0 : Error  : [Sinks] Value in display out of range!!!
268307609 : 35A0 : Error  : [Sinks] Value in display out of range!!!
268307625 : 35A0 : Error  : [Sinks] Value in display out of range!!!
268307625 : 35A0 : Error  : [Sinks] Value in display out of range!!!
268307859 : 35A0 : Error  : [Sinks] Value in display out of range!!!
268307859 : 35A0 : Error  : [Sinks] Value in display out of range!!!
268307875 : 35A0 : Error  : [Sinks] Value in display out of range!!!
268307890 : 35A0 : Error  : [Sinks] Value in display out of range!!!
268307890 : 35A0 : Error  : [Sinks] Value in display out of range!!!
268307906 : 35A0 : Error  : [Sinks] Value in display out of range!!!
268307906 : 35A0 : Error  : [Sinks] Value in display out of range!!!
268307921 : 35A0 : Error  : [Sinks] Value in display out of range!!!
268307937 : 35A0 : Error  : [Sinks] Value in display out of range!!!
268307968 : 35A0 : Error  : [Sinks] Value in display out of range!!!
268307984 : 35A0 : Error  : [Sinks] Value in display out of range!!!
268307984 : 35A0 : Error  : [Sinks] Value in display out of range!!!
268308000 : 35A0 : Error  : [Sinks] Value in display out of range!!!
268308015 : 35A0 : Error  : [Sinks] Value in display out of range!!!
268308015 : 35A0 : Error  : [Sinks] Value in display out of range!!!
268308015 : 35A0 : Error  : [Sinks] Value in display out of range!!!
268308046 : 35A0 : Error  : [Sinks] Value in display out of range!!!
268308046 : 35A0 : Error  : [Sinks] Value in display out of range!!!
268309656 : 35A0 : Error  : [Sinks] Value in display out of range!!!
268309656 : 35A0 : Error  : [Sinks] Value in display out of range!!!
268309671 : 35A0 : Error  : [Sinks] Value in display out of range!!!
268309687 : 35A0 : Error  : [Sinks] Value in display out of range!!!
268309703 : 35A0 : Error  : [Sinks] Value in display out of range!!!
268309703 : 35A0 : Error  : [Sinks] Value in display out of range!!!
268320281 : 35A0 : Log    : [1st order integrator 1] Calculated coefs in 1st order integrator 1: a1 = -1.000000, b1 = 0.010000
268323593 : 35A0 : Error  : [Sinks] Value in display out of range!!!
268323609 : 35A0 : Error  : [Sinks] Value in display out of range!!!
268323609 : 35A0 : Error  : [Sinks] Value in display out of range!!!
268324953 : 35A0 : Log    : [1st order integrator 1] Calculated coefs in 1st order integrator 1: a1 = -1.000000, b1 = 0.010000
268325031 : 35A0 : Log    : [1st order integrator 1] Calculated coefs in 1st order integrator 1: a1 = -1.000000, b1 = 0.010000
268344828 : 35A0 : Log    : [CPathsSimulator] Prepare for simulation
268344843 : 35A0 : Log    : [1st order integrator 1] Calculated coefs in 1st order integrator 1: a1 = -1.000000, b1 = 0.010000
268344859 : 35A0 : Log    : [1st order integrator 2] Calculated coefs in 1st order integrator 2: a1 = -1.000000, b1 = 0.003000
268344859 : 35A0 : Log    : [1st order inertia 1] Calculated coefs in 1st order inertia 1: a1 = -0.990050, b1 = 0.009950
268344859 : 35A0 : Log    : [CPathsSimulator] Simulation start
268345046 : 4464 : Log    : [CPathsSimulator] End of simulation
268356562 : 35A0 : Log    : [CPathsSimulator] Prepare for simulation
268356578 : 35A0 : Log    : [1st order integrator 1] Calculated coefs in 1st order integrator 1: a1 = -1.000000, b1 = 0.010000
268356593 : 35A0 : Log    : [1st order integrator 2] Calculated coefs in 1st order integrator 2: a1 = -1.000000, b1 = 0.003000
268356593 : 35A0 : Log    : [1st order inertia 1] Calculated coefs in 1st order inertia 1: a1 = -0.990050, b1 = 0.009950
268356593 : 35A0 : Log    : [CPathsSimulator] Simulation start
268356750 : 3DC4 : Log    : [CPathsSimulator] End of simulation
268368812 : 35A0 : Log    : [CPathsSimulator] Prepare for simulation
268368812 : 35A0 : Log    : [1st order integrator 1] Calculated coefs in 1st order integrator 1: a1 = -1.000000, b1 = 0.010000
268368828 : 35A0 : Log    : [1st order integrator 2] Calculated coefs in 1st order integrator 2: a1 = -1.000000, b1 = 0.003000
268368828 : 35A0 : Log    : [1st order inertia 1] Calculated coefs in 1st order inertia 1: a1 = -0.990050, b1 = 0.009950
268368843 : 35A0 : Log    : [CPathsSimulator] Simulation start
268368984 : 4DE0 : Log    : [CPathsSimulator] End of simulation
268371843 : 35A0 : Log    : [CPathsSimulator] Prepare for simulation
268371859 : 35A0 : Log    : [1st order integrator 1] Calculated coefs in 1st order integrator 1: a1 = -1.000000, b1 = 0.010000
268371875 : 35A0 : Log    : [1st order integrator 2] Calculated coefs in 1st order integrator 2: a1 = -1.000000, b1 = 0.003000
268371875 : 35A0 : Log    : [1st order inertia 1] Calculated coefs in 1st order inertia 1: a1 = -0.990050, b1 = 0.009950
268371890 : 35A0 : Log    : [CPathsSimulator] Simulation start
268372078 : 3E34 : Log    : [CPathsSimulator] End of simulation
268372953 : 35A0 : Error  : [Sinks] Value in display out of range!!!
268372953 : 35A0 : Error  : [Sinks] Value in display out of range!!!
268372968 : 35A0 : Error  : [Sinks] Value in display out of range!!!
268381453 : 35A0 : Log    : [CPathsSimulator] Prepare for simulation
268381468 : 35A0 : Log    : [1st order integrator 1] Calculated coefs in 1st order integrator 1: a1 = -1.000000, b1 = 0.010000
268381468 : 35A0 : Log    : [1st order integrator 2] Calculated coefs in 1st order integrator 2: a1 = -1.000000, b1 = 0.003000
268381484 : 35A0 : Log    : [1st order inertia 1] Calculated coefs in 1st order inertia 1: a1 = -0.990050, b1 = 0.009950
268381484 : 35A0 : Log    : [CPathsSimulator] Simulation start
268381687 : 1D88 : Log    : [CPathsSimulator] End of simulation
268382531 : 35A0 : Error  : [Sinks] Value in display out of range!!!
268382546 : 35A0 : Error  : [Sinks] Value in display out of range!!!
268382546 : 35A0 : Error  : [Sinks] Value in display out of range!!!
268391921 : 35A0 : Log    : [CPathsSimulator] Prepare for simulation
268391937 : 35A0 : Log    : [1st order integrator 1] Calculated coefs in 1st order integrator 1: a1 = -1.000000, b1 = 0.010000
268391953 : 35A0 : Log    : [1st order integrator 2] Calculated coefs in 1st order integrator 2: a1 = -1.000000, b1 = 0.003000
268391953 : 35A0 : Log    : [1st order inertia 1] Calculated coefs in 1st order inertia 1: a1 = -0.990050, b1 = 0.009950
268391968 : 35A0 : Log    : [CPathsSimulator] Simulation start
268392125 : 3B94 : Log    : [CPathsSimulator] End of simulation
268395156 : 35A0 : Error  : [Sinks] Value in display out of range!!!
268395187 : 35A0 : Error  : [Sinks] Value in display out of range!!!
268395187 : 35A0 : Error  : [Sinks] Value in display out of range!!!
268395828 : 35A0 : Error  : [Sinks] Value in display out of range!!!
268395828 : 35A0 : Error  : [Sinks] Value in display out of range!!!
268395843 : 35A0 : Error  : [Sinks] Value in display out of range!!!
268395859 : 35A0 : Error  : [Sinks] Value in display out of range!!!
268395859 : 35A0 : Error  : [Sinks] Value in display out of range!!!
268395875 : 35A0 : Error  : [Sinks] Value in display out of range!!!
268395890 : 35A0 : Error  : [Sinks] Value in display out of range!!!
268395890 : 35A0 : Error  : [Sinks] Value in display out of range!!!
268395906 : 35A0 : Error  : [Sinks] Value in display out of range!!!
268395906 : 35A0 : Error  : [Sinks] Value in display out of range!!!
268395921 : 35A0 : Error  : [Sinks] Value in display out of range!!!
268395921 : 35A0 : Error  : [Sinks] Value in display out of range!!!
268395937 : 35A0 : Error  : [Sinks] Value in display out of range!!!
268395953 : 35A0 : Error  : [Sinks] Value in display out of range!!!
268395953 : 35A0 : Error  : [Sinks] Value in display out of range!!!
268395968 : 35A0 : Error  : [Sinks] Value in display out of range!!!
268395968 : 35A0 : Error  : [Sinks] Value in display out of range!!!
268395984 : 35A0 : Error  : [Sinks] Value in display out of range!!!
268409109 : 35A0 : Error  : [Sinks] Value in display out of range!!!
268409125 : 35A0 : Error  : [Sinks] Value in display out of range!!!
268409140 : 35A0 : Error  : [Sinks] Value in display out of range!!!
268417687 : 35A0 : Log    : [CPathsSimulator] Prepare for simulation
268417703 : 35A0 : Log    : [1st order integrator 1] Calculated coefs in 1st order integrator 1: a1 = -1.000000, b1 = 0.010000
268417718 : 35A0 : Log    : [1st order integrator 2] Calculated coefs in 1st order integrator 2: a1 = -1.000000, b1 = 0.003000
268417734 : 35A0 : Log    : [1st order inertia 1] Calculated coefs in 1st order inertia 1: a1 = -0.990050, b1 = 0.009950
268417750 : 35A0 : Log    : [CPathsSimulator] Simulation start
268417890 :  C10 : Log    : [CPathsSimulator] End of simulation
268419265 : 35A0 : Error  : [Sinks] Value in display out of range!!!
268419265 : 35A0 : Error  : [Sinks] Value in display out of range!!!
268419281 : 35A0 : Error  : [Sinks] Value in display out of range!!!
268420265 : 35A0 : Error  : [Sinks] Value in display out of range!!!
268420265 : 35A0 : Error  : [Sinks] Value in display out of range!!!
268420265 : 35A0 : Error  : [Sinks] Value in display out of range!!!
268420625 : 35A0 : Error  : [Sinks] Value in display out of range!!!
268420625 : 35A0 : Error  : [Sinks] Value in display out of range!!!
268420640 : 35A0 : Error  : [Sinks] Value in display out of range!!!
268420640 : 35A0 : Error  : [Sinks] Value in display out of range!!!
268420656 : 35A0 : Error  : [Sinks] Value in display out of range!!!
268420671 : 35A0 : Error  : [Sinks] Value in display out of range!!!
268421953 : 35A0 : Error  : [Sinks] Value in display out of range!!!
268421968 : 35A0 : Error  : [Sinks] Value in display out of range!!!
268421984 : 35A0 : Error  : [Sinks] Value in display out of range!!!
268464156 : 35A0 : Log    : [1st order integrator 2] Calculated coefs in 1st order integrator 2: a1 = -1.000000, b1 = 0.010000
268464218 : 35A0 : Log    : [1st order integrator 2] Calculated coefs in 1st order integrator 2: a1 = -1.000000, b1 = 0.010000
268464281 : 35A0 : Log    : [1st order integrator 2] Calculated coefs in 1st order integrator 2: a1 = -1.000000, b1 = 0.010000
268465125 : 35A0 : Error  : [Sinks] Value in display out of range!!!
268465140 : 35A0 : Error  : [Sinks] Value in display out of range!!!
268465156 : 35A0 : Error  : [Sinks] Value in display out of range!!!
268465171 : 35A0 : Error  : [Sinks] Value in display out of range!!!
268465171 : 35A0 : Error  : [Sinks] Value in display out of range!!!
268465187 : 35A0 : Error  : [Sinks] Value in display out of range!!!
268465203 : 35A0 : Error  : [Sinks] Value in display out of range!!!
268465203 : 35A0 : Error  : [Sinks] Value in display out of range!!!
268465218 : 35A0 : Error  : [Sinks] Value in display out of range!!!
268466953 : 35A0 : Log    : [CPathsSimulator] Prepare for simulation
268466968 : 35A0 : Log    : [1st order integrator 1] Calculated coefs in 1st order integrator 1: a1 = -1.000000, b1 = 0.010000
268466968 : 35A0 : Log    : [1st order integrator 2] Calculated coefs in 1st order integrator 2: a1 = -1.000000, b1 = 0.010000
268466968 : 35A0 : Log    : [1st order inertia 1] Calculated coefs in 1st order inertia 1: a1 = -0.990050, b1 = 0.009950
268466984 : 35A0 : Log    : [CPathsSimulator] Simulation start
268467125 : 1E10 : Log    : [CPathsSimulator] End of simulation
268471750 : 35A0 : Error  : [Sinks] Value in display out of range!!!
268471765 : 35A0 : Error  : [Sinks] Value in display out of range!!!
268471796 : 35A0 : Error  : [Sinks] Value in display out of range!!!
268472953 : 35A0 : Error  : [Sinks] Value in display out of range!!!
268472953 : 35A0 : Error  : [Sinks] Value in display out of range!!!
268472968 : 35A0 : Error  : [Sinks] Value in display out of range!!!
268473078 : 35A0 : Error  : [Sinks] Value in display out of range!!!
268473093 : 35A0 : Error  : [Sinks] Value in display out of range!!!
268473109 : 35A0 : Error  : [Sinks] Value in display out of range!!!
268493703 : 35A0 : Log    : [CPathsSimulator] Prepare for simulation
268493718 : 35A0 : Log    : [1st order integrator 1] Calculated coefs in 1st order integrator 1: a1 = -1.000000, b1 = 0.010000
268493734 : 35A0 : Log    : [1st order integrator 2] Calculated coefs in 1st order integrator 2: a1 = -1.000000, b1 = 0.010000
268493750 : 35A0 : Log    : [1st order inertia 1] Calculated coefs in 1st order inertia 1: a1 = -0.990050, b1 = 0.009950
268493750 : 35A0 : Log    : [CPathsSimulator] Simulation start
268495203 : 1B00 : Log    : [CPathsSimulator] End of simulation
268498906 : 35A0 : Error  : [Sinks] Value in display out of range!!!
268498921 : 35A0 : Error  : [Sinks] Value in display out of range!!!
268498921 : 35A0 : Error  : [Sinks] Value in display out of range!!!
268499250 : 35A0 : Error  : [Sinks] Value in display out of range!!!
268499281 : 35A0 : Error  : [Sinks] Value in display out of range!!!
268499281 : 35A0 : Error  : [Sinks] Value in display out of range!!!
268505031 : 35A0 : Log    : [CWUTMsgDecoderExpat] Message decode done, time: 0 [ms]
268517968 : 35A0 : Log    : [CWUTMsgDecoderExpat] Message decode done, time: 0 [ms]
268518921 : 35A0 : Log    : [DispContainer] Delete display for TO 1st order integrator 2
268518921 : 35A0 : Log    : [first_order_integratorDispFactory] Deleting display
268518921 : 35A0 : Log    : [DispContainer] Remove connection display
268518937 : 35A0 : Log    : [CTransformPath] Connection deleted
268518953 : 35A0 : Log    : [DispContainer] Remove connection display
268518953 : 35A0 : Log    : [CTransformPath] Connection deleted
268518968 : 35A0 : Log    : [CTransformPath] Transform object deleted, name: 1st order integrator 2
268522828 : 35A0 : Log    : [DispContainer] Create display for connection
268526656 : 35A0 : Log    : [CPathsSimulator] Prepare for simulation
268526656 : 35A0 : Log    : [1st order integrator 1] Calculated coefs in 1st order integrator 1: a1 = -1.000000, b1 = 0.010000
268526671 : 35A0 : Log    : [1st order inertia 1] Calculated coefs in 1st order inertia 1: a1 = -0.990050, b1 = 0.009950
268526671 : 35A0 : Log    : [CPathsSimulator] Simulation start
268527812 : 4DE4 : Log    : [CPathsSimulator] End of simulation
268531875 : 35A0 : Error  : [Sinks] Value in display out of range!!!
268531890 : 35A0 : Error  : [Sinks] Value in display out of range!!!
268531921 : 35A0 : Error  : [Sinks] Value in display out of range!!!
268531937 : 35A0 : Error  : [Sinks] Value in display out of range!!!
268531937 : 35A0 : Error  : [Sinks] Value in display out of range!!!
268531953 : 35A0 : Error  : [Sinks] Value in display out of range!!!
268531968 : 35A0 : Error  : [Sinks] Value in display out of range!!!
268531968 : 35A0 : Error  : [Sinks] Value in display out of range!!!
268531984 : 35A0 : Error  : [Sinks] Value in display out of range!!!
268531984 : 35A0 : Error  : [Sinks] Value in display out of range!!!
268532000 : 35A0 : Error  : [Sinks] Value in display out of range!!!
268532015 : 35A0 : Error  : [Sinks] Value in display out of range!!!
268534500 : 35A0 : Error  : [Sinks] Value in display out of range!!!
268534515 : 35A0 : Error  : [Sinks] Value in display out of range!!!
268534531 : 35A0 : Error  : [Sinks] Value in display out of range!!!
268534546 : 35A0 : Error  : [Sinks] Value in display out of range!!!
268534625 : 35A0 : Error  : [Sinks] Value in display out of range!!!
268534640 : 35A0 : Error  : [Sinks] Value in display out of range!!!
268536656 : 35A0 : Error  : [Sinks] Value in display out of range!!!
268536671 : 35A0 : Error  : [Sinks] Value in display out of range!!!
268536687 : 35A0 : Error  : [Sinks] Value in display out of range!!!
268536812 : 35A0 : Error  : [Sinks] Value in display out of range!!!
268536828 : 35A0 : Error  : [Sinks] Value in display out of range!!!
268536828 : 35A0 : Error  : [Sinks] Value in display out of range!!!
268547062 : 35A0 : Log    : [CPathsSimulator] Prepare for simulation
268547093 : 35A0 : Log    : [1st order integrator 1] Calculated coefs in 1st order integrator 1: a1 = -1.000000, b1 = 0.010000
268547093 : 35A0 : Log    : [1st order inertia 1] Calculated coefs in 1st order inertia 1: a1 = -0.990050, b1 = 0.009950
268547093 : 35A0 : Log    : [CPathsSimulator] Simulation start
268548421 : 3998 : Log    : [CPathsSimulator] End of simulation
268549125 : 35A0 : Error  : [Sinks] Value in display out of range!!!
268549125 : 35A0 : Error  : [Sinks] Value in display out of range!!!
268549125 : 35A0 : Error  : [Sinks] Value in display out of range!!!
268549140 : 35A0 : Error  : [Sinks] Value in display out of range!!!
268549140 : 35A0 : Error  : [Sinks] Value in display out of range!!!
268549156 : 35A0 : Error  : [Sinks] Value in display out of range!!!
268551546 : 35A0 : Error  : [Sinks] Value in display out of range!!!
268551562 : 35A0 : Error  : [Sinks] Value in display out of range!!!
268551578 : 35A0 : Error  : [Sinks] Value in display out of range!!!
268560281 : 35A0 : Error  : [Sinks] Value in display out of range!!!
268560296 : 35A0 : Error  : [Sinks] Value in display out of range!!!
268560312 : 35A0 : Error  : [Sinks] Value in display out of range!!!
268560328 : 35A0 : Error  : [Sinks] Value in display out of range!!!
268560328 : 35A0 : Error  : [Sinks] Value in display out of range!!!
268560343 : 35A0 : Error  : [Sinks] Value in display out of range!!!
268560359 : 35A0 : Error  : [Sinks] Value in display out of range!!!
268560359 : 35A0 : Error  : [Sinks] Value in display out of range!!!
268560375 : 35A0 : Error  : [Sinks] Value in display out of range!!!
268560609 : 35A0 : Error  : [Sinks] Value in display out of range!!!
268560625 : 35A0 : Error  : [Sinks] Value in display out of range!!!
268560640 : 35A0 : Error  : [Sinks] Value in display out of range!!!
268562015 : 35A0 : Error  : [Sinks] Value in display out of range!!!
268562015 : 35A0 : Error  : [Sinks] Value in display out of range!!!
268562031 : 35A0 : Error  : [Sinks] Value in display out of range!!!
268562046 : 35A0 : Error  : [Sinks] Value in display out of range!!!
268562046 : 35A0 : Error  : [Sinks] Value in display out of range!!!
268562062 : 35A0 : Error  : [Sinks] Value in display out of range!!!
268574390 : 35A0 : Error  : [Sinks] Value in display out of range!!!
268574406 : 35A0 : Error  : [Sinks] Value in display out of range!!!
268574421 : 35A0 : Error  : [Sinks] Value in display out of range!!!
268576703 : 35A0 : Log    : [CPathsSimulator] Prepare for simulation
268576718 : 35A0 : Log    : [1st order integrator 1] Calculated coefs in 1st order integrator 1: a1 = -1.000000, b1 = 0.010000
268576718 : 35A0 : Log    : [1st order inertia 1] Calculated coefs in 1st order inertia 1: a1 = -0.990050, b1 = 0.009950
268576734 : 35A0 : Log    : [CPathsSimulator] Simulation start
268578000 : 476C : Log    : [CPathsSimulator] End of simulation
268579640 : 35A0 : Error  : [Sinks] Value in display out of range!!!
268579656 : 35A0 : Error  : [Sinks] Value in display out of range!!!
268579656 : 35A0 : Error  : [Sinks] Value in display out of range!!!
268579687 : 35A0 : Error  : [Sinks] Value in display out of range!!!
268579687 : 35A0 : Error  : [Sinks] Value in display out of range!!!
268579687 : 35A0 : Error  : [Sinks] Value in display out of range!!!
268579687 : 35A0 : Error  : [Sinks] Value in display out of range!!!
268579718 : 35A0 : Error  : [Sinks] Value in display out of range!!!
268579718 : 35A0 : Error  : [Sinks] Value in display out of range!!!
268579734 : 35A0 : Error  : [Sinks] Value in display out of range!!!
268579734 : 35A0 : Error  : [Sinks] Value in display out of range!!!
268579750 : 35A0 : Error  : [Sinks] Value in display out of range!!!
268579765 : 35A0 : Error  : [Sinks] Value in display out of range!!!
268579765 : 35A0 : Error  : [Sinks] Value in display out of range!!!
268579781 : 35A0 : Error  : [Sinks] Value in display out of range!!!
268579796 : 35A0 : Error  : [Sinks] Value in display out of range!!!
268579796 : 35A0 : Error  : [Sinks] Value in display out of range!!!
268579812 : 35A0 : Error  : [Sinks] Value in display out of range!!!
268579828 : 35A0 : Error  : [Sinks] Value in display out of range!!!
268579828 : 35A0 : Error  : [Sinks] Value in display out of range!!!
268579843 : 35A0 : Error  : [Sinks] Value in display out of range!!!
268579859 : 35A0 : Error  : [Sinks] Value in display out of range!!!
268579859 : 35A0 : Error  : [Sinks] Value in display out of range!!!
268579875 : 35A0 : Error  : [Sinks] Value in display out of range!!!
268579890 : 35A0 : Error  : [Sinks] Value in display out of range!!!
268579890 : 35A0 : Error  : [Sinks] Value in display out of range!!!
268579890 : 35A0 : Error  : [Sinks] Value in display out of range!!!
268579906 : 35A0 : Error  : [Sinks] Value in display out of range!!!
268579906 : 35A0 : Error  : [Sinks] Value in display out of range!!!
268579921 : 35A0 : Error  : [Sinks] Value in display out of range!!!
268579968 : 35A0 : Error  : [Sinks] Value in display out of range!!!
268579984 : 35A0 : Error  : [Sinks] Value in display out of range!!!
268579984 : 35A0 : Error  : [Sinks] Value in display out of range!!!
268579984 : 35A0 : Error  : [Sinks] Value in display out of range!!!
268580000 : 35A0 : Error  : [Sinks] Value in display out of range!!!
268580000 : 35A0 : Error  : [Sinks] Value in display out of range!!!
268580000 : 35A0 : Error  : [Sinks] Value in display out of range!!!
268580015 : 35A0 : Error  : [Sinks] Value in display out of range!!!
268580015 : 35A0 : Error  : [Sinks] Value in display out of range!!!
268580015 : 35A0 : Error  : [Sinks] Value in display out of range!!!
268580031 : 35A0 : Error  : [Sinks] Value in display out of range!!!
268580031 : 35A0 : Error  : [Sinks] Value in display out of range!!!
268582578 : 35A0 : Error  : [Sinks] Value in display out of range!!!
268582593 : 35A0 : Error  : [Sinks] Value in display out of range!!!
268582593 : 35A0 : Error  : [Sinks] Value in display out of range!!!
268595421 : 35A0 : Error  : [Sinks] Value in display out of range!!!
268595421 : 35A0 : Error  : [Sinks] Value in display out of range!!!
268595421 : 35A0 : Error  : [Sinks] Value in display out of range!!!
268610734 : 35A0 : Log    : [CPathsSimulator] Prepare for simulation
268610750 : 35A0 : Log    : [1st order integrator 1] Calculated coefs in 1st order integrator 1: a1 = -1.000000, b1 = 0.010000
268610750 : 35A0 : Log    : [1st order inertia 1] Calculated coefs in 1st order inertia 1: a1 = -0.990050, b1 = 0.009950
268610765 : 35A0 : Log    : [CPathsSimulator] Simulation start
268610890 : 3174 : Log    : [CPathsSimulator] End of simulation
268625796 : 35A0 : Log    : [CTransformPath] Release path Path 1
268625796 : 35A0 : Log    : [DispContainer] Remove connection display
268625812 : 35A0 : Log    : [CTransformPath] Connection deleted
268625812 : 35A0 : Log    : [DispContainer] Remove connection display
268625828 : 35A0 : Log    : [CTransformPath] Connection deleted
268625828 : 35A0 : Log    : [DispContainer] Remove connection display
268625843 : 35A0 : Log    : [CTransformPath] Connection deleted
268625843 : 35A0 : Log    : [DispContainer] Remove connection display
268625859 : 35A0 : Log    : [CTransformPath] Connection deleted
268625859 : 35A0 : Log    : [DispContainer] Remove connection display
268625875 : 35A0 : Log    : [CTransformPath] Connection deleted
268625890 : 35A0 : Log    : [DispContainer] Remove connection display
268625890 : 35A0 : Log    : [CTransformPath] Connection deleted
268625906 : 35A0 : Log    : [DispContainer] Delete display for TO 1st order integrator 1
268625921 : 35A0 : Log    : [first_order_integratorDispFactory] Deleting display
268625921 : 35A0 : Log    : [CTransformPath] Transform object deleted, name: 1st order integrator 1
268625937 : 35A0 : Log    : [DispContainer] Delete display for TO PID 1
268625953 : 35A0 : Log    : [pid_controllerDispFactory] Deleting display
268625953 : 35A0 : Log    : [CTransformPath] Transform object deleted, name: PID 1
268625968 : 35A0 : Log    : [DispContainer] Delete display for TO Time event 1
268625968 : 35A0 : Log    : [src_time_eventDispFactory] Deleting display
268625984 : 35A0 : Log    : [CTransformPath] Transform object deleted, name: Time event 1
268626000 : 35A0 : Log    : [DispContainer] Delete display for TO 1st order inertia 1
268626000 : 35A0 : Log    : [first_order_inertiaDispFactory] Deleting display
268626015 : 35A0 : Log    : [CTransformPath] Transform object deleted, name: 1st order inertia 1
268626031 : 35A0 : Log    : [DispContainer] Delete display for TO Display 1
268626031 : 35A0 : Log    : [displayDispFactory] Deleting display
268626046 : 35A0 : Log    : [CTransformPath] Transform object deleted, name: Display 1
268626046 : 35A0 : Log    : [CTransformPath] Release path Path 1
268626062 : 35A0 : Log    : [CTransformPath] Delete path Path 1
268626203 : 35A0 : Log    : [DispContainer] Release
268626203 : 35A0 : Log    : [DispContainer] Clear called
268626281 : 35A0 : Log    : [NATIVE COMM DLL] releaseCommDll called.
268626296 : 35A0 : Log    : [NATIVE COMM DLL] delete communication client
268626296 : 35A0 : Log    : [XML DLL] releaseXMLDll called.
268626312 : 35A0 : Log    : [XML DLL] delete parser
268626312 : 35A0 : Log    : [XML DLL] delete element factory
268626328 : 35A0 : Log    : [CWUTXMLElemFactory] Release factory, usage report:
268626343 : 35A0 : Log    : [CWUTXMLElemFactory] Elems created: 7400, released: 6, left: 7394
268626343 : 35A0 : Log    : [CWUTXMLElemFactory] Maximum count of elems in memory: 7395
268626359 : 35A0 : Log    : [CWUTXMLElemFactory] Clear all XML elements list
268626359 : 4FC8 : Log    : Stop execute client sending thread.
268626390 : 35A0 : Log    : [XML DLL] Released
269606390 : 2BC8 : Log    : [XML DLL] Messenger changed.
269606437 : 2BC8 : Log    : [NATIVE COMM DLL] Messenger changed.
269606468 : 2BC8 : Log    : [XML DLL] initXMLDll called.
269606500 : 2BC8 : Log    : [XML DLL] Create element factory
269606515 : 2BC8 : Log    : [XML DLL] Create parser
269606515 : 2BC8 : Log    : [XML DLL] Initiated
269606531 : 2BC8 : Log    : [XML DLL] getParser called.
269606531 : 2BC8 : Log    : [XML DLL] getElemFactory called.
269606531 : 2BC8 : Log    : [NATIVE COMM DLL] initCommDll called.
269606531 : 2BC8 : Log    : [NATIVE COMM DLL] Create communication client
269606546 : 2BC8 : Log    : [NATIVE COMM DLL] Initiated
269606546 : 2BC8 : Log    : [XML DLL] getElemFactory called.
269606546 : 2BC8 : Log    : [XML DLL] getParser called.
269606562 : 2BC8 : Log    : [NATIVE COMM DLL] getClient called.
269606562 : 2888 : Log    : Start execute client sending thread.
269606578 : 2BC8 : Log    : [CPathPluginManager] Attempt to scan for plugins
269606578 : 2BC8 : Log    : [sumDispFactory] Factory initiated
269606609 : 2BC8 : Log    : [gainDispFactory] Factory initiated
269606625 : 2BC8 : Log    : [productDispFactory] Factory initiated
269606640 : 2BC8 : Log    : [powerDispFactory] Factory initiated
269606656 : 2BC8 : Log    : [math_expressionDispFactory] Factory initiated
269606656 : 2BC8 : Log    : [signumDispFactory] Factory initiated
269606656 : 2BC8 : Log    : [basic_functionsDispFactory] Factory initiated
269606671 : 2BC8 : Log    : [math_absoluteDispFactory] Factory initiated
269606671 : 2BC8 : Log    : [CPathPluginManager] Loaded: Mathematic operators
269606687 : 2BC8 : Log    : [Systemic_Venous_CirculationDispFactory] Factory initiated
269606703 : 2BC8 : Log    : [Pulmonary_Venous_CirculationDispFactory] Factory initiated
269606750 : 2BC8 : Log    : [Pulmonary_Arterial_CirculationDispFactory] Factory initiated
269606781 : 2BC8 : Log    : [Systemic_Arterial_CirculationDispFactory] Factory initiated
269606781 : 2BC8 : Log    : [Left_VentricularDispFactory] Factory initiated
269606796 : 2BC8 : Log    : [Right_VentricularDispFactory] Factory initiated
269606796 : 2BC8 : Log    : [CPathPluginManager] Loaded: Circulation System
269606812 : 2BC8 : Log    : [pid_controllerDispFactory] Factory initiated
269606828 : 2BC8 : Log    : [DMC_controlerDispFactory] Factory initiated
269606859 : 2BC8 : Log    : [DMC_InputDispFactory] Factory initiated
269606875 : 2BC8 : Log    : [DMC_outputDispFactory] Factory initiated
269606890 : 2BC8 : Log    : [Trajectory_generatorDispFactory] Factory initiated
269606890 : 2BC8 : Log    : [CPathPluginManager] Loaded: Controllers
269606890 : 2BC8 : Log    : [CPathPluginManager] Loaded: Basic connections types
269606921 : 2BC8 : Log    : [inertiaDispFactory] Factory initiated
269606968 : 2BC8 : Log    : [discrete_integratorDispFactory] Factory initiated
269607000 : 2BC8 : Log    : [integer_delayDispFactory] Factory initiated
269607046 : 2BC8 : Log    : [discrete_derivativeDispFactory] Factory initiated
269607078 : 2BC8 : Log    : [slope_counterDispFactory] Factory initiated
269607093 : 2BC8 : Log    : [discrete_counterDispFactory] Factory initiated
269607093 : 2BC8 : Log    : [CPathPluginManager] Loaded: Discrete operations
269607093 : 2BC8 : Log    : [induction_motorDispFactory] Factory initiated
269607125 : 2BC8 : Log    : [ec_dc_motorDispFactory] Factory initiated
269607140 : 2BC8 : Log    : [ec_ac_servo_vcDispFactory] Factory initiated
269607156 : 2BC8 : Log    : [CPathPluginManager] Loaded: Electric components
269607156 : 2BC8 : Log    : [one_step_delDispFactory] Factory initiated
269607203 : 2BC8 : Log    : [set_statusDispFactory] Factory initiated
269607203 : 2BC8 : Log    : [get_statusDispFactory] Factory initiated
269607218 : 2BC8 : Log    : [CPathPluginManager] Loaded: Execution control
269607218 : 2BC8 : Log    : [impulse_filterDispFactory] Factory initiated
269607281 : 2BC8 : Log    : [CPathPluginManager] Loaded: Filtering
269607296 : 2BC8 : Log    : [global_fisDispFactory] Factory initiated
269607343 : 2BC8 : Log    : [CPathPluginManager] Loaded: FIS systems
269607359 : 2BC8 : Log    : [FuzzyficationDispFactory] Factory initiated
269607406 : 2BC8 : Log    : [fl_displayDispFactory] Factory initiated
269607421 : 2BC8 : Log    : [CPathPluginManager] Loaded: Fuzzy logic
269607421 : 2BC8 : Log    : [fuzzy_variableDispFactory] Factory initiated
269607453 : 2BC8 : Log    : [fuzzy_mf_displayDispFactory] Factory initiated
269607468 : 2BC8 : Log    : [defuzzyficationDispFactory] Factory initiated
269607468 : 2BC8 : Log    : [if_then_rulesDispFactory] Factory initiated
269607468 : 2BC8 : Log    : [CPathPluginManager] Loaded: Fuzzy logic 2
269607500 : 2BC8 : Log    : [change_detectorDispFactory] Factory initiated
269607578 : 2BC8 : Log    : [alarmDispFactory] Factory initiated
269607593 : 2BC8 : Log    : [multi_change_detectorDispFactory] Factory initiated
269607593 : 2BC8 : Log    : [stab_checkDispFactory] Factory initiated
269607593 : 2BC8 : Log    : [var_checkDispFactory] Factory initiated
269607609 : 2BC8 : Log    : [multi_var_checkDispFactory] Factory initiated
269607609 : 2BC8 : Log    : [CPathPluginManager] Loaded: Heuristic tests
269607625 : 2BC8 : Log    : [Hydraulic_lineDispFactory] Factory initiated
269607687 : 2BC8 : Log    : [Hydraulic_accumulatorDispFactory] Factory initiated
269607687 : 2BC8 : Log    : [Hydraulic_motorDispFactory] Factory initiated
269607703 : 2BC8 : Log    : [Hydraulic_actuatorDispFactory] Factory initiated
269607703 : 2BC8 : Log    : [32_Proportional_ValveDispFactory] Factory initiated
269607703 : 2BC8 : Log    : [32_ON_OFF_ValveDispFactory] Factory initiated
269607718 : 2BC8 : Log    : [Max_pressure_valveDispFactory] Factory initiated
269607718 : 2BC8 : Log    : [22_Proportional_ValveDispFactory] Factory initiated
269607718 : 2BC8 : Log    : [43_Proportional_ValveDispFactory] Factory initiated
269607734 : 2BC8 : Log    : [hydraulic_pumpDispFactory] Factory initiated
269607734 : 2BC8 : Log    : [Hydraulic_volumeDispFactory] Factory initiated
269607734 : 2BC8 : Log    : [CPathPluginManager] Loaded: Hydraulic elements
269607750 : 2BC8 : Log    : [slowdetDispFactory] Factory initiated
269607828 : 2BC8 : Log    : [slowpredDispFactory] Factory initiated
269607843 : 2BC8 : Log    : [CPathPluginManager] Loaded: Incipient FDI
269607859 : 2BC8 : Log    : [second_order_inertiaDispFactory] Factory initiated
269607937 : 2BC8 : Log    : [first_order_inertiaDispFactory] Factory initiated
269607953 : 2BC8 : Log    : [first_order_integratorDispFactory] Factory initiated
269607953 : 2BC8 : Log    : [ideal_diffDispFactory] Factory initiated
269607953 : 2BC8 : Log    : [real_diffDispFactory] Factory initiated
269607968 : 2BC8 : Log    : [second_order_tfDispFactory] Factory initiated
269607984 : 2BC8 : Log    : [cont_state_space_eqDispFactory] Factory initiated
269607984 : 2BC8 : Log    : [cld_transfer_functionDispFactory] Factory initiated
269608000 : 2BC8 : Log    : [CPathPluginManager] Loaded: Linear dynamic
269608015 : 2BC8 : Log    : [relationalDispFactory] Factory initiated
269608078 : 2BC8 : Log    : [logicalDispFactory] Factory initiated
269608078 : 2BC8 : Log    : [rsDispFactory] Factory initiated
269608093 : 2BC8 : Log    : [horizontal_logicDispFactory] Factory initiated
269608093 : 2BC8 : Log    : [CPathPluginManager] Loaded: Crisp logic
269608109 : 2BC8 : Log    : [CP model plugin] Plugins in: F:\PExSim\bin\
269608156 : 2BC8 : Log    : [CPluginManager] Scan for plugins in F:\PExSim\bin\
269608171 : 2BC8 : Log    : [CPluginManager] Found file matching criteria, name: aggregate_plg.mbplug
269608187 : 2BC8 : Log    : [CPluginManager] Not a model plugin.
269608281 : 2BC8 : Log    : [CPluginManager] Found file matching criteria, name: autocorrelation_plg.mbplug
269608296 : 2BC8 : Log    : [CPluginManager] Not a model plugin.
269608312 : 2BC8 : Log    : [CPluginManager] Found file matching criteria, name: disp_xy_plg.mbplug
269608343 : 2BC8 : Log    : [CPluginManager] Not a model plugin.
269608359 : 2BC8 : Log    : [CPluginManager] Found file matching criteria, name: downsample_plg.mbplug
269608390 : 2BC8 : Log    : [CPluginManager] Not a model plugin.
269608421 : 2BC8 : Log    : [CPluginManager] Found file matching criteria, name: filtering_poly_plg.mbplug
269608421 : 2BC8 : Log    : [CPluginManager] Not a model plugin.
269608468 : 2BC8 : Log    : [CPluginManager] Found file matching criteria, name: histogram_plg.mbplug
269608484 : 2BC8 : Log    : [CPluginManager] Not a model plugin.
269608546 : 2BC8 : Log    : [CPluginManager] Found file matching criteria, name: interpolation_plg.mbplug
269608546 : 2BC8 : Log    : [CPluginManager] Not a model plugin.
269608593 : 2BC8 : Log    : [CPluginManager] Found file matching criteria, name: join_datasets_plg.mbplug
269608609 : 2BC8 : Log    : [CPluginManager] Not a model plugin.
269608656 : 2BC8 : Log    : [CPluginManager] Found file matching criteria, name: model_ann_plg.mbplug
269608671 : 2BC8 : Log    : [CPluginManager] Plugin loaded, name: Artificial neural network model.
269608734 : 2BC8 : Log    : [CPluginManager] Found file matching criteria, name: model_fann_plg.mbplug
269608734 : 2BC8 : Log    : [CPluginManager] Plugin loaded, name: Simplified neural network model.
269608765 : 2BC8 : Log    : [CPluginManager] Found file matching criteria, name: model_linear_classic_plg.mbplug
269608781 : 2BC8 : Log    : [CModelLinClFactory] Initiated
269608812 : 2BC8 : Log    : [CPluginManager] Plugin loaded, name: Classic linear model
269608812 : 2BC8 : Log    : [CPluginManager] Found file matching criteria, name: model_linear_plg.mbplug
269608828 : 2BC8 : Log    : [CPluginManager] Plugin loaded, name: Linear discreete model
269608859 : 2BC8 : Log    : [CPluginManager] Found file matching criteria, name: model_tsk_plg.mbplug
269608875 : 2BC8 : Log    : [CPluginManager] Plugin loaded, name: TSK model
269608906 : 2BC8 : Log    : [CPluginManager] Found file matching criteria, name: power_spectrum_plg.mbplug
269608921 : 2BC8 : Log    : [CPluginManager] Not a model plugin.
269608953 : 2BC8 : Log    : [CPluginManager] Found file matching criteria, name: si_import_plg.mbplug
269608968 : 2BC8 : Log    : [CPluginManager] Not a model plugin.
269609015 : 2BC8 : Log    : [CPluginManager] Found file matching criteria, name: text_import_plg.mbplug
269609031 : 2BC8 : Log    : [CPluginManager] Not a model plugin.
269609125 : 2BC8 : Log    : [CPluginManager] Found file matching criteria, name: trends_nv_plg.mbplug
269609140 : 2BC8 : Log    : [CPluginManager] Not a model plugin.
269609218 : 2BC8 : Log    : [CPluginManager] Found file matching criteria, name: verif_mro_plg.mbplug
269609234 : 2BC8 : Log    : [CPluginManager] Not a model plugin.
269609281 : 2BC8 : Log    : [CPluginManager] Found file matching criteria, name: verif_standard_plg.mbplug
269609296 : 2BC8 : Log    : [CPluginManager] Not a model plugin.
269609328 : 2BC8 : Log    : [mmodelDispFactory] Factory initiated
269609328 : 2BC8 : Log    : [CPathPluginManager] Loaded: MITforRD models
269609359 : 2BC8 : Log    : [lookup_tableDispFactory] Factory initiated
269609390 : 2BC8 : Log    : [signal_limiterDispFactory] Factory initiated
269609437 : 2BC8 : Log    : [nonlinear_frictionDispFactory] Factory initiated
269609437 : 2BC8 : Log    : [hysteresisDispFactory] Factory initiated
269609437 : 2BC8 : Log    : [CPathPluginManager] Loaded: Nonlinear elements
269609453 : 2BC8 : Log    : [nonlinear_dynamicDispFactory] Factory initiated
269609484 : 2BC8 : Log    : [nonlinear_dynamic_cppDispFactory] Factory initiated
269609484 : 2BC8 : Log    : [CPathPluginManager] Loaded: Nonlinear dynamic
269609500 : 2BC8 : Log    : [op_quality_indexDispFactory] Factory initiated
269609531 : 2BC8 : Log    : [CPathPluginManager] Loaded: Parameters optimization
269609546 : 2BC8 : Log    : [pneumatic_lineDispFactory] Factory initiated
269609593 : 2BC8 : Log    : [pneumatic_volumeDispFactory] Factory initiated
269609625 : 2BC8 : Log    : [3_2_valveDispFactory] Factory initiated
269609656 : 2BC8 : Log    : [5_3_valveDispFactory] Factory initiated
269609656 : 2BC8 : Log    : [3_2_switch_valveDispFactory] Factory initiated
269609656 : 2BC8 : Log    : [2p_switch_valveDispFactory] Factory initiated
269609671 : 2BC8 : Log    : [pneumatic_actuatorDispFactory] Factory initiated
269609671 : 2BC8 : Log    : [CPathPluginManager] Loaded: Pneumatic elements
269609671 : 2BC8 : Log    : [subpathDispFactory] Factory initiated
269609750 : 2BC8 : Log    : [subpath_inputDispFactory] Factory initiated
269609750 : 2BC8 : Log    : [subpath_outputDispFactory] Factory initiated
269609765 : 2BC8 : Log    : [CPathPluginManager] Loaded: Ports and subsystems
269609796 : 2BC8 : Log    : [dmc_controllerDispFactory] Factory initiated
269609812 : 2BC8 : Log    : [CPathPluginManager] Loaded: DMC controller
269609843 : 2BC8 : Log    : [simple_heat_exchangeDispFactory] Factory initiated
269609875 : 2BC8 : Log    : [heat_exchangeDispFactory] Factory initiated
269609890 : 2BC8 : Log    : [tle_heat_exchangeDispFactory] Factory initiated
269609921 : 2BC8 : Log    : [injectorDispFactory] Factory initiated
269609953 : 2BC8 : Log    : [CPathPluginManager] Loaded: Heat exchange
269609984 : 2BC8 : Log    : [simple_heat_exchangerDispFactory] Factory initiated
269610015 : 2BC8 : Log    : [fire_box_heat_exchangeDispFactory] Factory initiated
269610046 : 2BC8 : Log    : [CPathPluginManager] Loaded: Heat exchange - new
269610062 : 2BC8 : Log    : [script_c_cppDispFactory] Factory initiated
269610093 : 2BC8 : Log    : [CPathPluginManager] Loaded: C/C++ scripts
269610109 : 2BC8 : Log    : [switchDispFactory] Factory initiated
269610140 : 2BC8 : Log    : [min_max_selectDispFactory] Factory initiated
269610187 : 2BC8 : Log    : [multi_switchDispFactory] Factory initiated
269610187 : 2BC8 : Log    : [MuxDispFactory] Factory initiated
269610187 : 2BC8 : Log    : [DemuxDispFactory] Factory initiated
269610203 : 2BC8 : Log    : [selectorDispFactory] Factory initiated
269610203 : 2BC8 : Log    : [CPathPluginManager] Loaded: Signal routing
269610203 : 2BC8 : Log    : [displayDispFactory] Factory initiated
269610234 : 2BC8 : Log    : [ccom_outDispFactory] Factory initiated
269610250 : 2BC8 : Log    : [internal_out_varDispFactory] Factory initiated
269610250 : 2BC8 : Log    : [text_file_outDispFactory] Factory initiated
269610250 : 2BC8 : Log    : [xy_displayDispFactory] Factory initiated
269610250 : 2BC8 : Log    : [sink_plotDispFactory] Factory initiated
269610265 : 2BC8 : Log    : [text_file_out_discDispFactory] Factory initiated
269610265 : 2BC8 : Log    : [CPathPluginManager] Loaded: Sinks
269610265 : 2BC8 : Log    : [randomDispFactory] Factory initiated
269610328 : 2BC8 : Log    : [constantDispFactory] Factory initiated
269610343 : 2BC8 : Log    : [ccom_inDispFactory] Factory initiated
269610343 : 2BC8 : Log    : [time_lineDispFactory] Factory initiated
269610343 : 2BC8 : Log    : [text_file_inDispFactory] Factory initiated
269610343 : 2BC8 : Log    : [src_periodicDispFactory] Factory initiated
269610359 : 2BC8 : Log    : [src_time_eventDispFactory] Factory initiated
269610359 : 2BC8 : Log    : [g_randomDispFactory] Factory initiated
269610359 : 2BC8 : Log    : [CPathPluginManager] Loaded: Sources
269610390 : 2BC8 : Log    : [averageDispFactory] Factory initiated
269610437 : 2BC8 : Log    : [basic_statDispFactory] Factory initiated
269610453 : 2BC8 : Log    : [signals_interdependenceDispFactory] Factory initiated
269610453 : 2BC8 : Log    : [averagetsDispFactory] Factory initiated
269610453 : 2BC8 : Log    : [CPathPluginManager] Loaded: Statistic operators
269610468 : 2BC8 : Log    : [wss_char_T_pDispFactory] Factory initiated
269610500 : 2BC8 : Log    : [wss_char_p_TDispFactory] Factory initiated
269610515 : 2BC8 : Log    : [steam_boiler_1DispFactory] Factory initiated
269610515 : 2BC8 : Log    : [CPathPluginManager] Loaded: Water-steam dependencies
269610531 : 2BC8 : Log    : [CPathPluginManager] Scan for plugins done. 
269610562 : 2BC8 : Log    : [DispContainer] Initiation
269610609 : 2BC8 : Log    : Decode configuration ...
269610609 : 2BC8 : Log    : [XML DLL] getElemFactory called.
269610609 : 2BC8 : Log    : [XML DLL] getParser called.
269610625 : 2BC8 : Log    : Configuration done.
269610671 : 2BC8 : Log    : [CWUTMsgDecoderExpat] File decode done, time: 0.000000 [ms]
269614421 : 2BC8 : Log    : [CTransformPath] Release path Path 1
269614437 : 2BC8 : Log    : [CTransformPath] Release path Path 1
269614437 : 2BC8 : Log    : [CTransformPath] Delete path Path 1
269614562 : 2BC8 : Log    : [DispContainer] Release
269614562 : 2BC8 : Log    : [DispContainer] Clear called
269614593 : 2BC8 : Log    : [NATIVE COMM DLL] releaseCommDll called.
269614593 : 2BC8 : Log    : [NATIVE COMM DLL] delete communication client
269614609 : 2BC8 : Log    : [XML DLL] releaseXMLDll called.
269614625 : 2BC8 : Log    : [XML DLL] delete parser
269614625 : 2BC8 : Log    : [XML DLL] delete element factory
269614640 : 2BC8 : Log    : [CWUTXMLElemFactory] Release factory, usage report:
269614640 : 2BC8 : Log    : [CWUTXMLElemFactory] Elems created: 7395, released: 1, left: 7394
269614640 : 2BC8 : Log    : [CWUTXMLElemFactory] Maximum count of elems in memory: 7395
269614640 : 2BC8 : Log    : [CWUTXMLElemFactory] Clear all XML elements list
269614640 : 2888 : Log    : Stop execute client sending thread.
269614656 : 2BC8 : Log    : [XML DLL] Released
