1.450779957587876379000000000000000000000e+92	
-9.430363361621087289000000000000000000000e+91	
7.892322065511337464000000000000000000000e+91	
-1.604584087198851361000000000000000000000e+92	
1.280136864652553432000000000000000000000e+91	
1.809086423468323449000000000000000000000e+92	
-5.847298702816616583000000000000000000000e+91	
1.096697576171392860000000000000000000000e+92	
-1.297118717578592248000000000000000000000e+92	
3.846632617970108762000000000000000000000e+91	
-2.009153031952974231000000000000000000000e+92	
-3.270166960944079826000000000000000000000e+91	
1.303619716131052589000000000000000000000e+92	
-1.090196577618932519000000000000000000000e+92	
5.408196445865043670000000000000000000000e+91	
-1.852996649163480741000000000000000000000e+92	
-2.216008059972288828000000000000000000000e+91	
1.358320365440455608000000000000000000000e+92	
-1.035495928309529500100000000000000000000e+92	
6.877372606824699026000000000000000000000e+91	
-1.706079033067515205000000000000000000000e+92	
1.748788347909692499000000000000000000000e+90	
1.689534257730604248000000000000000000000e+92	
-7.042820360193808592000000000000000000000e+91	
9.681235398113458816000000000000000000000e+91	
-1.425692753938639226000000000000000000000e+92	
2.470718447082819694000000000000000000000e+91	
1.868341183733045518000000000000000000000e+92	
-5.254751100169395895000000000000000000000e+91	
1.109596249237739327000000000000000000000e+92	
-1.284220044512245780000000000000000000000e+92	
3.512289175925004068000000000000000000000e+91	
-2.042587376157484701000000000000000000000e+92	
-4.067609991234146437000000000000000000000e+91	
1.177588501248466901000000000000000000000e+92	
-1.216227792501518206000000000000000000000e+92	
4.978807160022892052000000000000000000000e+91	
-1.895935577747695902000000000000000000000e+92	
-1.814888006304804409000000000000000000000e+91	
1.481441972990487883000000000000000000000e+92	
-9.123743207594972246000000000000000000000e+91	
7.509201909807340049000000000000000000000e+91	
-1.642896102769251103000000000000000000000e+92	
2.076196606952794055000000000000000000000e+90	
1.632929307311937487000000000000000000000e+92	
-7.608869864380476203000000000000000000000e+91	
8.937575193963397471000000000000000000000e+91	
-1.500058774353645360000000000000000000000e+92	
1.549535934078758802000000000000000000000e+91	
1.758479536259239160000000000000000000000e+92	
-6.353367574907459478000000000000000000000e+91	
1.037419794633552202200000000000000000000e+92	
-1.356396499116432905000000000000000000000e+92	
3.167189011544929373000000000000000000000e+91	
1.938338867220622098000000000000000000000e+92	
-4.554774265293630093000000000000000000000e+91	
1.178757786574282843000000000000000000000e+92	
-1.215058507175702264000000000000000000000e+92	
4.195547249009465762000000000000000000000e+91	
-1.974261568849038531000000000000000000000e+92	
-3.392705059272204912000000000000000000000e+91	
1.244244096041265586000000000000000000000e+92	
-1.149572197708719522000000000000000000000e+92	
5.662127108566136888000000000000000000000e+91	
-1.827603582893371419000000000000000000000e+92	
-1.114812400048013764000000000000000000000e+91	
1.553124265512549478000000000000000000000e+92	
-8.406920282374356294000000000000000000000e+91	
8.242763819391994285000000000000000000000e+91	
-1.569539911810785679000000000000000000000e+92	
9.579122241920456981000000000000000000000e+90	
1.709630796422212091000000000000000000000e+92	
-6.841854973277730170000000000000000000000e+91	
9.668178987729089368000000000000000000000e+91	
-1.426998394977076171000000000000000000000e+92	
2.243746751134631506000000000000000000000e+91	
1.824263131454763582000000000000000000000e+92	
-5.695531622952215255000000000000000000000e+91	
1.110809985071635157000000000000000000000e+92	
-1.283006308678349950000000000000000000000e+92	
3.977119012783390202000000000000000000000e+91	
2.026930893357384775000000000000000000000e+92	
-3.668854003926003325000000000000000000000e+91	
1.262714107070652634000000000000000000000e+92	
-1.131102186679332474000000000000000000000e+92	
4.988776467979099312000000000000000000000e+91	
-1.894938646952075176000000000000000000000e+92	
-2.645786767368176345000000000000000000000e+91	
1.314307137270386249000000000000000000000e+92	
-1.079509156479598859000000000000000000000e+92	
6.459737267046507702000000000000000000000e+91	
-1.747842567045334337000000000000000000000e+92	
-2.202707590661738318000000000000000000000e+90	
1.652266753894038869000000000000000000000e+92	
-7.415495398559462382000000000000000000000e+91	
9.331023730378845641000000000000000000000e+91	
-1.460713920712100544000000000000000000000e+92	
2.142958970685141293000000000000000000000e+91	
1.837809337853918112000000000000000000000e+92	
-5.560069558960669952000000000000000000000e+91	
1.074358056032260380000000000000000000000e+92	
-1.319458237717724728000000000000000000000e+92	
3.112867192577421438000000000000000000000e+91	
1.890557328429677925000000000000000000000e+92	
-5.032589653203071829000000000000000000000e+91	
1.220632916360477726000000000000000000000e+92	
-1.173183377389507382000000000000000000000e+92	
5.510419040358116950000000000000000000000e+91	
-1.842774389714173413000000000000000000000e+92	
-1.182158744666060013000000000000000000000e+91	
1.554821604999207656000000000000000000000e+92	
-8.389946887507774518000000000000000000000e+91	
8.344014990531982227000000000000000000000e+91	
-1.559414794696786885000000000000000000000e+92	
1.143399229277960994000000000000000000000e+91	
1.736598888179982097000000000000000000000e+92	
-6.572174055700030102000000000000000000000e+91	
9.759379741418693748000000000000000000000e+91	
-1.417878319608115733000000000000000000000e+92	
2.156556164749655568000000000000000000000e+91	
1.797713816769684747000000000000000000000e+92	
-5.961024769803003602000000000000000000000e+91	
1.122017291308235588000000000000000000000e+92	
-1.271799002441749520000000000000000000000e+92	
4.466570381857441808000000000000000000000e+91	
2.113595080036021229000000000000000000000e+92	
-2.802212137139638786000000000000000000000e+91	
1.387078571967594359000000000000000000000e+92	
-1.006737721782390748300000000000000000000e+92	
6.609236277022263742000000000000000000000e+91	
-1.732892666047758734000000000000000000000e+92	
-6.486993269871090230000000000000000000000e+90	
1.551659900901398521000000000000000000000e+92	
-8.421563928485865866000000000000000000000e+91	
8.033686097668445348000000000000000000000e+91	
-1.590447683983140573000000000000000000000e+92	
5.544971904165991258000000000000000000000e+90	
1.649865233379882382000000000000000000000e+92	
-7.439510603701027256000000000000000000000e+91	
9.482255151470987237000000000000000000000e+91	
-1.445590778602886384000000000000000000000e+92	
2.469349803424741423000000000000000000000e+91	
1.887955645174387201000000000000000000000e+92	
-5.058606485755979066000000000000000000000e+91	
1.135534658329130406000000000000000000000e+92	
-1.258281635420854701000000000000000000000e+92	
3.834881271094293281000000000000000000000e+91	
-2.010328166640555780000000000000000000000e+92	
-3.681841348391884748000000000000000000000e+91	
1.222479876207242848000000000000000000000e+92	
-1.171336417542742260000000000000000000000e+92	
5.293528922020866538000000000000000000000e+91	
-1.864463401547898454000000000000000000000e+92	
-1.634291448878150683000000000000000000000e+91	
1.486095783254291896000000000000000000000e+92	
-9.077205104956932116000000000000000000000e+91	
7.421748274220272067000000000000000000000e+91	
-1.651641466327957901000000000000000000000e+92	
-1.375902975607225554000000000000000000000e+89	
1.597405597797840935000000000000000000000e+92	
-7.964106959521441728000000000000000000000e+91	
8.866001407619909964000000000000000000000e+91	
-1.507216152987994111000000000000000000000e+92	
1.761484286464926723000000000000000000000e+91	
1.808012475389617722000000000000000000000e+92	
-5.858038183603673861000000000000000000000e+91	
1.046439427408681108200000000000000000000e+92	
-1.347376866341303999000000000000000000000e+92	
2.852453897385595442000000000000000000000e+91	
1.866392363743755320000000000000000000000e+92	
-5.274239300062297874000000000000000000000e+91	
1.192530986408866108000000000000000000000e+92	
-1.201285307341118999000000000000000000000e+92	
5.190049681189779963000000000000000000000e+91	
-1.874811325631007111000000000000000000000e+92	
-1.541858580232748218000000000000000000000e+91	
1.514920531153495290000000000000000000000e+92	
-8.788957625964898180000000000000000000000e+91	
7.905712912951239626000000000000000000000e+91	
-1.603245002454861145000000000000000000000e+92	
6.658253666041568329000000000000000000000e+90	
1.684916277833211097000000000000000000000e+92	
-7.089000159167740102000000000000000000000e+91	
9.326290602052408874000000000000000000000e+91	
-1.461187233544744220000000000000000000000e+92	
1.807162316302069701000000000000000000000e+91	
1.771139795772462534000000000000000000000e+92	
-6.226764979775225742000000000000000000000e+91	
1.077781741516969710000000000000000000000e+92	
-1.316034552233015398000000000000000000000e+92	
3.847687491729323548000000000000000000000e+91	
2.034062836999875311000000000000000000000e+92	
-3.597534567501097968000000000000000000000e+91	
1.289911155734216077000000000000000000000e+92	
-1.103905138015769030000000000000000000000e+92	
5.461298147277842210000000000000000000000e+91	
-1.847686479022200886000000000000000000000e+92	
-1.972813703258073840000000000000000000000e+91	
1.401639606344472589000000000000000000000e+92	
-9.921766874055125184000000000000000000000e+91	
6.908030285445354959000000000000000000000e+91	
-1.703013265205449612000000000000000000000e+92	
-1.967978884725100756000000000000000000000e+90	
1.612153168099677137000000000000000000000e+92	
-7.816631256503079703000000000000000000000e+91	
8.505490457949312470000000000000000000000e+91	
-1.543267247955053860000000000000000000000e+92	
8.932394926568785954000000000000000000000e+90	
1.670439879868753144000000000000000000000e+92	
-7.233764138812319632000000000000000000000e+91	
9.969083755732034647000000000000000000000e+91	
-1.396907918176781643000000000000000000000e+92	
3.237120661554969078000000000000000000000e+91	
1.992812974785662000000000000000000000000e+92	
-4.010033189643231080000000000000000000000e+91	
1.268458257108176710000000000000000000000e+92	
-1.125358036641808398000000000000000000000e+92	
5.444640273804881520000000000000000000000e+91	
-1.849352266369496956000000000000000000000e+92	
-1.791698938006141505000000000000000000000e+91	
1.439518504236636592000000000000000000000e+92	
-9.542977895133485156000000000000000000000e+91	
6.868118570425374024000000000000000000000e+91	
-1.707004436707447705000000000000000000000e+92	
-6.552019236207600512000000000000000000000e+90	
1.524484359583268132000000000000000000000e+92	
-8.693319341667169755000000000000000000000e+91	
8.323453081901826613000000000000000000000e+91	
-1.561470985559802446000000000000000000000e+92	
1.405507120501958221000000000000000000000e+91	
1.791062589724747303000000000000000000000e+92	
-6.027537040252378044000000000000000000000e+91	
1.048128092252018341400000000000000000000e+92	
-1.345688201497966766000000000000000000000e+92	
3.055633292854517110000000000000000000000e+91	
1.905330306805819319000000000000000000000e+92	
-4.884859869441657886000000000000000000000e+91	
1.192024853746087192000000000000000000000e+92	
-1.201791440003897916000000000000000000000e+92	
4.790743897739903478000000000000000000000e+91	
-1.914741903975994760000000000000000000000e+92	
-2.335212617770763475000000000000000000000e+91	
1.396199912499898391000000000000000000000e+92	
-9.976163812500867168000000000000000000000e+91	
6.324850584912333483000000000000000000000e+91	
-1.761331235258751759000000000000000000000e+92	
-1.308497192989269357000000000000000000000e+91	
1.448157579963452242000000000000000000000e+92	
-9.456587137865328657000000000000000000000e+91	
7.793866929980879832000000000000000000000e+91	
-1.614429600751897124000000000000000000000e+92	
1.109486317050668076000000000000000000000e+91	
1.784805420433494506000000000000000000000e+92	
-6.090108733164906016000000000000000000000e+91	
1.065204216006339247000000000000000000000e+92	
-1.328612077743645860000000000000000000000e+92	
3.459611338589521462000000000000000000000e+91	
-2.047855159891032961000000000000000000000e+92	
-3.729240042345606271000000000000000000000e+91	
1.250510813574299903000000000000000000000e+92	
-1.143305480175685205000000000000000000000e+92	
4.880177064873155838000000000000000000000e+91	
-1.905798587262669524000000000000000000000e+92	
-2.740959324051504241000000000000000000000e+91	
1.306131898033530838000000000000000000000e+92	
-1.087684395716454269000000000000000000000e+92	
6.349704051141823688000000000000000000000e+91	
-1.758845888635802739000000000000000000000e+92	
-3.585707240544513576000000000000000000000e+90	
1.635611489231665741000000000000000000000e+92	
-7.582048045183193662000000000000000000000e+91	
9.136232462566883278000000000000000000000e+91	
-1.480193047493296780000000000000000000000e+92	
1.919943135134744564000000000000000000000e+91	
1.812686702170619455000000000000000000000e+92	
-5.811295915793656524000000000000000000000e+91	
1.055237373804397800100000000000000000000e+92	
-1.338578919945587308000000000000000000000e+92	
2.981650035069151007000000000000000000000e+91	
1.883431593664008508000000000000000000000e+92	
-5.103847000859765999000000000000000000000e+91	
1.200831982509381196000000000000000000000e+92	
-1.192984311240603912000000000000000000000e+92	
5.185720791365246986000000000000000000000e+91	
-1.875244214613460409000000000000000000000e+92	
-1.633482855161535962000000000000000000000e+91	
1.497032909559585164000000000000000000000e+92	
-8.967833841903999440000000000000000000000e+91	
7.639628178475044039000000000000000000000e+91	
-1.629853475902480704000000000000000000000e+92	
3.125755144541269230000000000000000000000e+90	
1.640879118777229596000000000000000000000e+92	
-7.529371749727555116000000000000000000000e+91	
9.070823280989842780000000000000000000000e+91	
-1.486733965651000830000000000000000000000e+92	
1.736507243853344549000000000000000000000e+91	
1.782546315880215654000000000000000000000e+92	
-6.112699778697694531000000000000000000000e+91	
1.050094357203158679200000000000000000000e+92	
-1.343721936546826428000000000000000000000e+92	
3.180069162112414857000000000000000000000e+91	
1.928246001481478731000000000000000000000e+92	
-4.655702922685063768000000000000000000000e+91	
1.192755368327941136000000000000000000000e+92	
-1.201060925422043972000000000000000000000e+92	
4.576307651096958857000000000000000000000e+91	
-1.936185528640289222000000000000000000000e+92	
-2.771279903345343230000000000000000000000e+91	
1.330441109910322320000000000000000000000e+92	
-1.063375183839662788000000000000000000000e+92	
6.014049769089089452000000000000000000000e+91	
-1.792411316841076162000000000000000000000e+92	
-1.272683383534879015000000000000000000000e+91	
1.486383173546154125000000000000000000000e+92	
-9.074331202038309822000000000000000000000e+91	
7.442691316184787898000000000000000000000e+91	
-1.649547162131506318000000000000000000000e+92	
2.524415882738243115000000000000000000000e+89	
1.603111032522908509000000000000000000000e+92	
-7.907052612270765989000000000000000000000e+91	
8.884790673704579435000000000000000000000e+91	
-1.505337226379527164000000000000000000000e+92	
1.742027514678704052000000000000000000000e+91	
1.802244097805695008000000000000000000000e+92	
-5.915721959442900991000000000000000000000e+91	
1.036850251853994478500000000000000000000e+92	
-1.356966041895990629000000000000000000000e+92	
2.718373177008654304000000000000000000000e+91	
1.849167295764501621000000000000000000000e+92	
-5.446489979854834862000000000000000000000e+91	
1.183404194170702917000000000000000000000e+92	
-1.210412099579282190000000000000000000000e+92	
5.179724213716047358000000000000000000000e+91	
-1.875843872378380372000000000000000000000e+92	
-1.471281875244336328000000000000000000000e+91	
1.530064392658702704000000000000000000000e+92	
-8.637519010912824032000000000000000000000e+91	
8.137973195705790874000000000000000000000e+91	
-1.580018974179406020000000000000000000000e+92	
9.788670947273216188000000000000000000000e+90	
1.724294574950738342000000000000000000000e+92	
-6.695217187992467653000000000000000000000e+91	
9.572680610698900002000000000000000000000e+91	
-1.436548232680095107000000000000000000000e+92	
1.906232715137137173000000000000000000000e+91	
1.766322206296035854000000000000000000000e+92	
-6.274940874539492538000000000000000000000e+91	
1.104121359274314693000000000000000000000e+92	
-1.289694934475670414000000000000000000000e+92	
4.422500682282375113000000000000000000000e+91	
-1.951566225521747596000000000000000000000e+92	
-2.192918308515617624000000000000000000000e+91	
1.461457688092867552000000000000000000000e+92	
-9.323586056571175551000000000000000000000e+91	
7.487457835924874425000000000000000000000e+91	
-1.645070510157497665000000000000000000000e+92	
3.638857278979292628000000000000000000000e+90	
1.666348069150879939000000000000000000000e+92	
-7.274682245991051684000000000000000000000e+91	
9.028714186211223904000000000000000000000e+91	
-1.490944875128862717000000000000000000000e+92	
1.397747257636909946000000000000000000000e+91	
1.719019991471617393000000000000000000000e+92	
-6.747963022783677149000000000000000000000e+91	
1.049380475436394392400000000000000000000e+92	
-1.344435818313590715000000000000000000000e+92	
3.800742173621496128000000000000000000000e+91	
2.053063241382853512000000000000000000000e+92	
-3.407530523671315961000000000000000000000e+91	
1.332594704106444874000000000000000000000e+92	
-1.061221589643540234000000000000000000000e+92	
6.124847207533522498000000000000000000000e+91	
-1.781331572996632858000000000000000000000e+92	
-1.072668871171324908000000000000000000000e+91	
1.515301892128781278000000000000000000000e+92	
-8.785144016212038298000000000000000000000e+91	
7.542839212928107258000000000000000000000e+91	
-1.639532372457174382000000000000000000000e+92	
-6.355315476313648050000000000000000000000e+89	
1.575346183323388368000000000000000000000e+92	
-8.184701104265967395000000000000000000000e+91	
9.007040924284288520000000000000000000000e+91	
-1.493112201321556256000000000000000000000e+92	
2.263977491143965346000000000000000000000e+91	
1.894389176276257571000000000000000000000e+92	
-4.994271174737275370000000000000000000000e+91	
1.168925529283563904000000000000000000000e+92	
-1.224890764466421204000000000000000000000e+92	
4.438229221189741254000000000000000000000e+91	
-1.949993371631010982000000000000000000000e+92	
-2.809188248953744195000000000000000000000e+91	
1.336662298637769806000000000000000000000e+92	
-1.057153995112215302000000000000000000000e+92	
5.864368268112952774000000000000000000000e+91	
-1.807379466938689830000000000000000000000e+92	
-1.634152820265440390000000000000000000000e+91	
1.429067976299244684000000000000000000000e+92	
-9.647483174507404235000000000000000000000e+91	
7.318137420500770466000000000000000000000e+91	
-1.662002551699908061000000000000000000000e+92	
3.490650871531979587000000000000000000000e+90	
1.680308293589518635000000000000000000000e+92	
-7.135080001604664726000000000000000000000e+91	
9.322662464445921718000000000000000000000e+91	
-1.461550047305392936000000000000000000000e+92	
1.845964756683507499000000000000000000000e+91	
1.779260985976563176000000000000000000000e+92	
-6.145553077734219320000000000000000000000e+91	
1.076920042036408088000000000000000000000e+92	
-1.316896251713577020000000000000000000000e+92	
3.749286305018006919000000000000000000000e+91	
-2.018887663248184416000000000000000000000e+92	
-3.267134225782498838000000000000000000000e+91	
1.313955898917530904000000000000000000000e+92	
-1.079860394832454204000000000000000000000e+92	
5.611837435883738042000000000000000000000e+91	
-1.832632550161611303000000000000000000000e+92	
-1.912137813500145246000000000000000000000e+91	
1.398725327646613471000000000000000000000e+92	
-9.950909661033716365000000000000000000000e+91	
7.068942827674940088000000000000000000000e+91	
-1.686922010982491099000000000000000000000e+92	
1.540753985657848716000000000000000000000e+90	
1.666227117551591002000000000000000000000e+92	
-7.275891761983941052000000000000000000000e+91	
9.236001669669601450000000000000000000000e+91	
-1.470216126783024962000000000000000000000e+92	
1.813427978323381216000000000000000000000e+91	
1.781417016204667480000000000000000000000e+92	
-6.123992775453176272000000000000000000000e+91	
1.067628649305375989000000000000000000000e+92	
-1.326187644444609118000000000000000000000e+92	
3.541955118243414296000000000000000000000e+91	
1.983079616961048740000000000000000000000e+92	
-4.107366767889363674000000000000000000000e+91	
1.218528110394394285000000000000000000000e+92	
-1.175288183355590823000000000000000000000e+92	
4.543570964212026562000000000000000000000e+91	
-1.939459197328782451000000000000000000000e+92	
-3.094336143174015040000000000000000000000e+91	
1.269117978899637587000000000000000000000e+92	
-1.124698314850347521000000000000000000000e+92	
6.015525573382719942000000000000000000000e+91	
-1.792263736411713113000000000000000000000e+92	
-6.568063847195132896000000000000000000000e+90	
1.609380416116634626000000000000000000000e+92	
-7.844358776333504815000000000000000000000e+91	
8.909828782254110320000000000000000000000e+91	
-1.502833415524574076000000000000000000000e+92	
1.729428635879929252000000000000000000000e+91	
1.797222384262297380000000000000000000000e+92	
-5.965939094876877275000000000000000000000e+91	
1.032205143622273392800000000000000000000e+92	
-1.361611150127711715000000000000000000000e+92	
2.675686273565192801000000000000000000000e+91	
1.845274835976504248000000000000000000000e+92	
-5.485414577734808590000000000000000000000e+91	
1.178721047395731223000000000000000000000e+92	
-1.215095246354253884000000000000000000000e+92	
5.124989811090367522000000000000000000000e+91	
-1.881317312640948355000000000000000000000e+92	
-1.533915279710520882000000000000000000000e+91	
1.523011545135845516000000000000000000000e+92	
-8.708047486141395919000000000000000000000e+91	
8.059553578836578009000000000000000000000e+91	
-1.587860935866327307000000000000000000000e+92	
8.925602633838186452000000000000000000000e+90	
1.714875562890151259000000000000000000000e+92	
-6.789407308598338488000000000000000000000e+91	
9.471344763490414806000000000000000000000e+91	
-1.446681817400943627000000000000000000000e+92	
1.797754697523398642000000000000000000000e+91	
1.754760542936891219000000000000000000000e+92	
-6.390557508130938882000000000000000000000e+91	
1.094085495268603174000000000000000000000e+92	
-1.299730798481381934000000000000000000000e+92	
4.337392442348970758000000000000000000000e+91	
-1.960077049515088032000000000000000000000e+92	
-2.262783737956937923000000000000000000000e+91	
1.455994667612492729000000000000000000000e+92	
-9.378216261374923788000000000000000000000e+91	
7.448055273679419428000000000000000000000e+91	
-1.649010766382043165000000000000000000000e+92	
3.397032299048460218000000000000000000000e+90	
1.665451068323364504000000000000000000000e+92	
-7.283652254266206039000000000000000000000e+91	
9.034949096889158345000000000000000000000e+91	
-1.490321384061069273000000000000000000000e+92	
1.419179520270817146000000000000000000000e+91	
1.722682196607478028000000000000000000000e+92	
-6.711340971425070792000000000000000000000e+91	
1.049824264852580768200000000000000000000e+92	
-1.343992028897404339000000000000000000000e+92	
3.773011927602264046000000000000000000000e+91	
2.047075003667269469000000000000000000000e+92	
-3.467412900827156388000000000000000000000e+91	
1.323392853384930565000000000000000000000e+92	
-1.070423440365054542000000000000000000000e+92	
6.000708563373166508000000000000000000000e+91	
-1.793745437412668457000000000000000000000e+92	
-1.228911667122062777000000000000000000000e+91	
1.496468795074623120000000000000000000000e+92	
-8.973474986753619878000000000000000000000e+91	
7.422646351533069510000000000000000000000e+91	
-1.651551658596678156000000000000000000000e+92	
-1.156418171480215224000000000000000000000e+90	
1.576944347659874800000000000000000000000e+92	
-8.168719460901103076000000000000000000000e+91	
8.878994782287108993000000000000000000000e+91	
-1.505916815521274208000000000000000000000e+92	
1.991975241762111328000000000000000000000e+91	
1.852800504830159368000000000000000000000e+92	
-5.410157889198257394000000000000000000000e+91	
1.112955571994702381000000000000000000000e+92	
-1.280860721755282727000000000000000000000e+92	
3.734788360888660806000000000000000000000e+91	
-2.020337457661119027000000000000000000000e+92	
-3.656298861270694852000000000000000000000e+91	
1.237591412184060672000000000000000000000e+92	
-1.156224881565924436000000000000000000000e+92	
5.178784656328215519000000000000000000000e+91	
-1.875937828117163556000000000000000000000e+92	
-2.014763030282037086000000000000000000000e+91	
1.421489117933111079000000000000000000000e+92	
-9.723271758168740286000000000000000000000e+91	
6.597585171549762966000000000000000000000e+91	
-1.734057776595008811000000000000000000000e+92	
-1.015929949034045442700000000000000000000e+91	
1.479396583083449203000000000000000000000e+92	
-9.144197106665359050000000000000000000000e+91	
8.063899644117979240000000000000000000000e+91	
-1.587426329338187184000000000000000000000e+92	
1.337182793993659526000000000000000000000e+91	
1.803343551346182462000000000000000000000e+92	
-5.904727424038026460000000000000000000000e+91	
1.079512936026659777000000000000000000000e+92	
-1.314303357723325331000000000000000000000e+92	
3.560425478281165501000000000000000000000e+91	
-2.037773745921868558000000000000000000000e+92	
-3.670677925228521573000000000000000000000e+91	
1.252143925775262296000000000000000000000e+92	
-1.141672367974722812000000000000000000000e+92	
4.985828013084960608000000000000000000000e+91	
-1.895233492441489047000000000000000000000e+92	
-2.546033001230415525000000000000000000000e+91	
1.334547624829490912000000000000000000000e+92	
-1.059268668920494196000000000000000000000e+92	
6.444705535032781352000000000000000000000e+91	
-1.749345740246706972000000000000000000000e+92	
-4.526308875072322445000000000000000000000e+90	
1.607308717139623189000000000000000000000e+92	
-7.865075766103619184000000000000000000000e+91	
8.664331227229419850000000000000000000000e+91	
-1.527383171027043122000000000000000000000e+92	
1.259262381628648566000000000000000000000e+91	
1.727750069950098756000000000000000000000e+92	
-6.660662237998863520000000000000000000000e+91	
1.010332663916801240600000000000000000000e+92	
-1.383483629833183867000000000000000000000e+92	
2.932722933573370382000000000000000000000e+91	
1.918530970572375838000000000000000000000e+92	
-4.752853231776092698000000000000000000000e+91	
1.151278715709740211000000000000000000000e+92	
-1.242537578040244897000000000000000000000e+92	
3.844082975157734404000000000000000000000e+91	
-2.009407996234211667000000000000000000000e+92	
-3.820804740373038091000000000000000000000e+91	
1.193774401102995774000000000000000000000e+92	
-1.200041892646989333000000000000000000000e+92	
5.320156098784218304000000000000000000000e+91	
-1.861800683871563277000000000000000000000e+92	
-1.294138453674017665000000000000000000000e+91	
1.551448061451338136000000000000000000000e+92	
-8.423682322986469720000000000000000000000e+91	
8.388484888934532576000000000000000000000e+91	
-1.554967804856531850000000000000000000000e+92	
1.266035541292738785000000000000000000000e+91	
1.756675270652717878000000000000000000000e+92	
-6.371410230972672296000000000000000000000e+91	
9.933107844369666353000000000000000000000e+91	
-1.400505509313018472000000000000000000000e+92	
2.303262000729850193000000000000000000000e+91	
1.809683518481584351000000000000000000000e+92	
-5.841327752684007566000000000000000000000e+91	
1.139684709224221239000000000000000000000e+92	
-1.254131584525763869000000000000000000000e+92	
4.700193367364700769000000000000000000000e+91	
-1.923796957013515031000000000000000000000e+92	
-1.993127649223809621000000000000000000000e+91	
1.473650428375233540000000000000000000000e+92	
-9.201658653747515677000000000000000000000e+91	
7.531560732308519605000000000000000000000e+91	
-1.640660220519133147000000000000000000000e+92	
3.302028485850591548000000000000000000000e+90	
1.655205074796786696000000000000000000000e+92	
-7.386112189531984118000000000000000000000e+91	
8.948108242342506511000000000000000000000e+91	
-1.499005469515734456000000000000000000000e+92	
1.347949973331239986000000000000000000000e+91	
1.717119595749865756000000000000000000000e+92	
-6.766966980001193520000000000000000000000e+91	
1.040968155044242724700000000000000000000e+92	
-1.352848138705742383000000000000000000000e+92	
3.651532130742028740000000000000000000000e+91	
2.031636792360887151000000000000000000000e+92	
-3.621795013890979566000000000000000000000e+91	
1.304666047900207849000000000000000000000e+92	
-1.089150245849777258000000000000000000000e+92	
5.780570933013700442000000000000000000000e+91	
-1.815759200448615063000000000000000000000e+92	
-1.481902514867562966000000000000000000000e+91	
1.467886023559998252000000000000000000000e+92	
-9.259302701899868561000000000000000000000e+91	
7.206672096796519572000000000000000000000e+91	
-1.673149084070333150000000000000000000000e+92	
-2.617973752861837983000000000000000000000e+90	
1.569307186854848547000000000000000000000e+92	
-8.245091068951365606000000000000000000000e+91	
8.655094604207565496000000000000000000000e+91	
-1.528306833329228558000000000000000000000e+92	
1.620619913858121330000000000000000000000e+91	
1.800926795423913498000000000000000000000e+92	
-5.928894983260716098000000000000000000000e+91	
1.046351020687138530500000000000000000000e+92	
-1.347465273062846577000000000000000000000e+92	
2.921507739442630563000000000000000000000e+91	
1.880288058292826986000000000000000000000e+92	
-5.135282354571581214000000000000000000000e+91	
1.191619584098938182000000000000000000000e+92	
-1.202196709651046926000000000000000000000e+92	
5.032938379639591346000000000000000000000e+91	
-1.890522455786025973000000000000000000000e+92	
-1.846893506767961158000000000000000000000e+91	
1.469632037682563926000000000000000000000e+92	
-9.241842560674211811000000000000000000000e+91	
7.305051550242047950000000000000000000000e+91	
-1.663311138725780313000000000000000000000e+92	
-8.253888054916844387000000000000000000000e+89	
1.595316915369014112000000000000000000000e+92	
-7.984993783809709960000000000000000000000e+91	
8.743822580468809870000000000000000000000e+91	
-1.519434035703104121000000000000000000000e+92	
1.538063866209572624000000000000000000000e+91	
1.775551312520783844000000000000000000000e+92	
-6.182649812292012630000000000000000000000e+91	
1.015925356370930200100000000000000000000e+92	
-1.377890937379054907000000000000000000000e+92	
2.566774415271687220000000000000000000000e+91	
1.839769569836244778000000000000000000000e+92	
-5.540467239137403294000000000000000000000e+91	
1.161829013413587085000000000000000000000e+92	
-1.231987280336398022000000000000000000000e+92	
4.842258461116250146000000000000000000000e+91	
-1.909590447638360093000000000000000000000e+92	
-1.930400999773111654000000000000000000000e+91	
1.471993197308366239000000000000000000000e+92	
-9.218230964416188682000000000000000000000e+91	
7.435728926051948782000000000000000000000e+91	
-1.650243401144790229000000000000000000000e+92	
1.551509916318379248000000000000000000000e+90	
1.629781826557880431000000000000000000000e+92	
-7.640344671921046764000000000000000000000e+91	
8.861729228037190308000000000000000000000e+91	
-1.507643370946266077000000000000000000000e+92	
1.429340891859466658000000000000000000000e+91	
1.742027331518302260000000000000000000000e+92	
-6.517889622316828479000000000000000000000e+91	
1.030367378340379652200000000000000000000e+92	
-1.363448915409605455000000000000000000000e+92	
3.190615953379425267000000000000000000000e+91	
1.950071996237626835000000000000000000000e+92	
-4.437442975123582724000000000000000000000e+91	
1.187645727245217106000000000000000000000e+92	
-1.206170566504768002000000000000000000000e+92	
4.255988931841649856000000000000000000000e+91	
-1.968217400565820122000000000000000000000e+92	
-3.360686947780415476000000000000000000000e+91	
1.244604964605756673000000000000000000000e+92	
-1.149211329144228435000000000000000000000e+92	
5.725832532223165472000000000000000000000e+91	
-1.821233040527668560000000000000000000000e+92	
-9.910401465845349731000000000000000000000e+90	
1.571505184507409986000000000000000000000e+92	
-8.223111092425751220000000000000000000000e+91	
8.486580067381340396000000000000000000000e+91	
-1.545158287011851068000000000000000000000e+92	
1.261705666647292954000000000000000000000e+91	
1.746004875243055539000000000000000000000e+92	
-6.478114185069295690000000000000000000000e+91	
9.904607653554159127000000000000000000000e+91	
-1.403355528394569195000000000000000000000e+92	
2.352926653708075262000000000000000000000e+91	
1.822462578146939978000000000000000000000e+92	
-5.713537156030451298000000000000000000000e+91	
1.135918593365984691000000000000000000000e+92	
-1.257897700384000417000000000000000000000e+92	
4.497162793541689060000000000000000000000e+91	
-1.944100014395816202000000000000000000000e+92	
-2.361445339270141096000000000000000000000e+91	
1.420298173554244678000000000000000000000e+92	
-9.735181201957404300000000000000000000000e+91	
6.832915543057654906000000000000000000000e+91	
-1.710524739444219617000000000000000000000e+92	
-5.334828055010084754000000000000000000000e+90	
1.552340676435592944000000000000000000000e+92	
-8.414756173143921634000000000000000000000e+91	
8.269829002343341144000000000000000000000e+91	
-1.566833393515650993000000000000000000000e+92	
1.019861111727051580100000000000000000000e+91	
1.719312319584759447000000000000000000000e+92	
-6.745039741652256606000000000000000000000e+91	
9.691102138533275477000000000000000000000e+91	
-1.424706079896657560000000000000000000000e+92	
2.192814594819800324000000000000000000000e+91	
1.811788060651496438000000000000000000000e+92	
-5.820282330984886690000000000000000000000e+91	
1.113968428976611628000000000000000000000e+92	
-1.279847864773373480000000000000000000000e+92	
4.164960795961759322000000000000000000000e+91	
-1.977320214153809175000000000000000000000e+92	
-2.806291603209924362000000000000000000000e+91	
1.364554726465630584000000000000000000000e+92	
-1.029261567284354523200000000000000000000e+92	
6.162948896739697504000000000000000000000e+91	
-1.777521404076015357000000000000000000000e+92	
-1.315925623621326818000000000000000000000e+91	
1.462854375019151796000000000000000000000e+92	
-9.309619187308333111000000000000000000000e+91	
7.614003230148027526000000000000000000000e+91	
-1.632415970735182355000000000000000000000e+92	
6.029536203852704066000000000000000000000e+90	
1.701501508344687736000000000000000000000e+92	
-6.923147854052973714000000000000000000000e+91	
9.492659106655398572000000000000000000000e+91	
-1.444550383084445250000000000000000000000e+92	
1.974046763497465908000000000000000000000e+91	
1.787879809074446019000000000000000000000e+92	
-6.059364846755390888000000000000000000000e+91	
1.094390088575402201000000000000000000000e+92	
-1.299426205174582906000000000000000000000e+92	
4.012454955138511096000000000000000000000e+91	
2.050408048116707349000000000000000000000e+92	
-3.434082456332777582000000000000000000000e+91	
1.306124897087794684000000000000000000000e+92	
-1.087691396662190424000000000000000000000e+92	
5.622121517463645757000000000000000000000e+91	
-1.831604142003620532000000000000000000000e+92	
-1.813303722465311263000000000000000000000e+91	
1.417459330847593222000000000000000000000e+92	
-9.763569629023918851000000000000000000000e+91	
7.068791396158879816000000000000000000000e+91	
-1.686937154134097126000000000000000000000e+92	
-3.347418802981127582000000000000000000000e+89	
1.628741669585049756000000000000000000000e+92	
-7.650746241649353512000000000000000000000e+91	
8.673935512530599099000000000000000000000e+91	
-1.526422742496925198000000000000000000000e+92	
1.064243312916628564000000000000000000000e+91	
1.687796011121070198000000000000000000000e+92	
-7.060202826289149100000000000000000000000e+91	
1.013700055213503354100000000000000000000e+92	
-1.380116238536481754000000000000000000000e+92	
3.399395750931180192000000000000000000000e+91	
2.008476593790142877000000000000000000000e+92	
-3.853396999598422308000000000000000000000e+91	
1.283558266809326109000000000000000000000e+92	
-1.110258026940658999000000000000000000000e+92	
5.590007082684548052000000000000000000000e+91	
-1.834815585481530302000000000000000000000e+92	
-1.651962613752729263000000000000000000000e+91	
1.452929368410388631000000000000000000000e+92	
-9.408869253395964765000000000000000000000e+91	
7.013952048154657042000000000000000000000e+91	
-1.692421088934519403000000000000000000000e+92	
-4.976494449719346272000000000000000000000e+90	
1.541410924323275847000000000000000000000e+92	
-8.524053694267092607000000000000000000000e+91	
8.467710699797329886000000000000000000000e+91	
-1.547045223770252119000000000000000000000e+92	
1.524769154581535810000000000000000000000e+91	
1.800490478700594427000000000000000000000e+92	
-5.933258150493906804000000000000000000000e+91	
1.055058910126163911700000000000000000000e+92	
-1.338757383623821196000000000000000000000e+92	
3.099983187695402530000000000000000000000e+91	
1.907270709993037072000000000000000000000e+92	
-4.865455837569480352000000000000000000000e+91	
1.199240066511986428000000000000000000000e+92	
-1.194576227237998679000000000000000000000e+92	
4.915617870161946059000000000000000000000e+91	
-1.902254506733790502000000000000000000000e+92	
-2.157643038545143612000000000000000000000e+91	
1.419223808612649228000000000000000000000e+92	
-9.745924851373358794000000000000000000000e+91	
6.607732716091326932000000000000000000000e+91	
-1.733043022140852414000000000000000000000e+92	
-9.729980905644048722000000000000000000000e+90	
1.486966568753794604000000000000000000000e+92	
-9.068497249961905031000000000000000000000e+91	
8.070175048200965821000000000000000000000e+91	
-1.586798788929888526000000000000000000000e+92	
1.274068295764170747000000000000000000000e+91	
1.790096564603327731000000000000000000000e+92	
-6.037197291466573763000000000000000000000e+91	
1.059333863956640215000000000000000000000e+92	
-1.334482429793344892000000000000000000000e+92	
3.289348403059259040000000000000000000000e+91	
1.940861502646583484000000000000000000000e+92	
-4.529547911034016235000000000000000000000e+91	
1.201783704038315054000000000000000000000e+92	
-1.192032589711670053000000000000000000000e+92	
4.630737205817377862000000000000000000000e+91	
-1.930742573168247321000000000000000000000e+92	
-2.752686307728714030000000000000000000000e+91	
1.328718657001558160000000000000000000000e+92	
-1.065097636748426948000000000000000000000e+92	
6.072623551052674926000000000000000000000e+91	
-1.786553938644717615000000000000000000000e+92	
-1.138349012891561037000000000000000000000e+91	
1.507388899118631227000000000000000000000e+92	
-8.864273946313538802000000000000000000000e+91	
7.492269692272019973000000000000000000000e+91	
-1.644589324522783110000000000000000000000e+92	
-8.557647956722490828000000000000000000000e+89	
1.575997049776202585000000000000000000000e+92	
-8.178192439737825228000000000000000000000e+91	
8.953179920397911372000000000000000000000e+91	
-1.498498301710193970000000000000000000000e+92	
2.149776862877384534000000000000000000000e+91	
1.876938153919816388000000000000000000000e+92	
-5.168781398301687198000000000000000000000e+91	
1.145446548811126838000000000000000000000e+92	
-1.248369744938858270000000000000000000000e+92	
4.143189834506211532000000000000000000000e+91	
-1.979497310299363954000000000000000000000e+92	
-3.164447233325263065000000000000000000000e+91	
1.295117437366715235000000000000000000000e+92	
-1.098698856383269872000000000000000000000e+92	
5.576814055781253205000000000000000000000e+91	
-1.836134888171859787000000000000000000000e+92	
-1.793876281130987957000000000000000000000e+91	
1.425872343635636292000000000000000000000e+92	
-9.679439501143488157000000000000000000000e+91	
7.015926227197525845000000000000000000000e+91	
-1.692223671030232523000000000000000000000e+92	
-2.232664756980028259000000000000000000000e+90	
1.596076543368035752000000000000000000000e+92	
-7.977397503819493560000000000000000000000e+91	
8.437621821622712292000000000000000000000e+91	
-1.550054111587713878000000000000000000000e+92	
9.182222351792471291000000000000000000000e+90	
1.682218671092627081000000000000000000000e+92	
-7.115976226573580266000000000000000000000e+91	
9.890378740462767275000000000000000000000e+91	
-1.404778419703708380000000000000000000000e+92	
2.962020506961935748000000000000000000000e+91	
1.945673219345804168000000000000000000000e+92	
-4.481430744041809401000000000000000000000e+91	
1.201698530775405996000000000000000000000e+92	
-1.192117762974579111000000000000000000000e+92	
4.580940943806869081000000000000000000000e+91	
-1.935722199369298200000000000000000000000e+92	
-2.851402741009036540000000000000000000000e+91	
1.313957431145479337000000000000000000000e+92	
-1.079858862604505770000000000000000000000e+92	
6.028651952019841770000000000000000000000e+91	
-1.790951098548000931000000000000000000000e+92	
-1.078731531005582557000000000000000000000e+91	
1.523704400105095484000000000000000000000e+92	
-8.701118936448896242000000000000000000000e+91	
7.618450011652690971000000000000000000000e+91	
-1.631971292584716010000000000000000000000e+92	
3.647550438819047397000000000000000000000e+88	
1.581225663034514990000000000000000000000e+92	
-8.125906307154701177000000000000000000000e+91	
9.083539580945390488000000000000000000000e+91	
-1.485462335655446059000000000000000000000e+92	
2.358171196715753356000000000000000000000e+91	
1.905577171099066857000000000000000000000e+92	
-4.882391226509182508000000000000000000000e+91	
1.181881268184825008000000000000000000000e+92	
-1.211935025565160099000000000000000000000e+92	
4.585455253495489864000000000000000000000e+91	
-1.935270768400436121000000000000000000000e+92	
-2.644302366468015266000000000000000000000e+91	
1.354915993030630233000000000000000000000e+92	
-1.038900300719354874900000000000000000000e+92	
6.009317371286760078000000000000000000000e+91	
-1.792884556621309100000000000000000000000e+92	
-1.526772851591993333000000000000000000000e+91	
1.436050929411046877000000000000000000000e+92	
-9.577653643389382306000000000000000000000e+91	
7.467312686339842686000000000000000000000e+91	
-1.647085025116000839000000000000000000000e+92	
5.775465999036396560000000000000000000000e+90	
1.711083122739912456000000000000000000000e+92	
-6.827331710100726516000000000000000000000e+91	
9.709638086187506894000000000000000000000e+91	
-1.422852485131234418000000000000000000000e+92	
2.312128279779146450000000000000000000000e+91	
1.833792187495420900000000000000000000000e+92	
-5.600241062545642074000000000000000000000e+91	
1.114633449004025242000000000000000000000e+92	
-1.279182844745959866000000000000000000000e+92	
3.958326125913907359000000000000000000000e+91	
-1.997983681158594372000000000000000000000e+92	
-3.226104998587890776000000000000000000000e+91	
1.301266123611517146000000000000000000000e+92	
-1.092550170138467962000000000000000000000e+92	
5.377699214443465110000000000000000000000e+91	
-1.856046372305638596000000000000000000000e+92	
-2.253463133202799968000000000000000000000e+91	
1.353879420205827706000000000000000000000e+92	
-1.039936873544157401200000000000000000000e+92	
6.847735378112263836000000000000000000000e+91	
-1.709042755938758724000000000000000000000e+92	
1.600064780537436196000000000000000000000e+90	
1.689522774454408348000000000000000000000e+92	
-7.042935192955767597000000000000000000000e+91	
9.695870744983682422000000000000000000000e+91	
-1.424229219251616865000000000000000000000e+92	
2.500096632897177088000000000000000000000e+91	
1.872752552505412927000000000000000000000e+92	
-5.210637412445721806000000000000000000000e+91	
1.110884298922393537000000000000000000000e+92	
-1.282931994827591571000000000000000000000e+92	
3.493952025644833539000000000000000000000e+91	
1.930247264723070649000000000000000000000e+92	
-4.635690290269144587000000000000000000000e+91	
1.256923694202011243000000000000000000000e+92	
-1.136892599547973865000000000000000000000e+92	
5.839352150768704464000000000000000000000e+91	
-1.809881078673114661000000000000000000000e+92	
-8.871833941651727404000000000000000000000e+90	
1.580925054026369698000000000000000000000e+92	
-8.128912397236154096000000000000000000000e+91	
8.571125511844343948000000000000000000000e+91	
-1.536703742565550713000000000000000000000e+92	
1.336602664494832809000000000000000000000e+91	
1.752530210538292110000000000000000000000e+92	
-6.412860832116929978000000000000000000000e+91	
9.990174654060999473000000000000000000000e+91	
-1.394798828343885160000000000000000000000e+92	
2.458797192323037611000000000000000000000e+91	
1.835078975377727172000000000000000000000e+92	
-5.587373183722579351000000000000000000000e+91	
1.144224799726799579000000000000000000000e+92	
-1.249591494023185528000000000000000000000e+92	
4.537144398878093238000000000000000000000e+91	
-1.940101853862175784000000000000000000000e+92	
-2.364522752452694404000000000000000000000e+91	
1.415686673292385272000000000000000000000e+92	
-9.781296204575998360000000000000000000000e+91	
6.743784369421375404000000000000000000000e+91	
-1.719437856807847567000000000000000000000e+92	
-6.656087423958762500000000000000000000000e+90	
1.534830746130762149000000000000000000000e+92	
-8.589855476192229590000000000000000000000e+91	
8.185878151793713782000000000000000000000e+91	
-1.575228478570613729000000000000000000000e+92	
1.027013352034958529000000000000000000000e+91	
1.729133318794690912000000000000000000000e+92	
-6.646829749552941959000000000000000000000e+91	
9.621309110242255348000000000000000000000e+91	
-1.431685382725759573000000000000000000000e+92	
1.955102155815994389000000000000000000000e+91	
1.771233232486609514000000000000000000000e+92	
-6.225830612633755938000000000000000000000e+91	
1.108974817047932003000000000000000000000e+92	
-1.284841476702053105000000000000000000000e+92	
4.470459862348400991000000000000000000000e+91	
2.127408766009404292000000000000000000000e+92	
-2.664075277405808160000000000000000000000e+91	
1.414310314806753849000000000000000000000e+92	
-9.795059789432312585000000000000000000000e+91	
7.015667496735994162000000000000000000000e+91	
-1.692249544076385691000000000000000000000e+92	
-1.082210600539487852000000000000000000000e+90	
1.619105761228025460000000000000000000000e+92	
-7.747105325219596474000000000000000000000e+91	
8.555974973113966642000000000000000000000e+91	
-1.538218796438588443000000000000000000000e+92	
9.246920680005553463000000000000000000000e+90	
1.671682890579203851000000000000000000000e+92	
-7.221334031707812564000000000000000000000e+91	
1.002174011481742675600000000000000000000e+92	
-1.391642282268242432000000000000000000000e+92	
3.329983253314750870000000000000000000000e+91	
2.006117856294725879000000000000000000000e+92	
-3.876984374552592282000000000000000000000e+91	
1.285779761011773700000000000000000000000e+92	
-1.108036532738211408000000000000000000000e+92	
5.658001547353701710000000000000000000000e+91	
-1.828016139014614937000000000000000000000e+92	
-1.538211409428859764000000000000000000000e+91	
1.468877885643086824000000000000000000000e+92	
-9.249384081068982840000000000000000000000e+91	
7.076469624836730098000000000000000000000e+91	
-1.686169331266312098000000000000000000000e+92	
-5.320512062940046014000000000000000000000e+90	
1.528283637753104198000000000000000000000e+92	
-8.655326559968809100000000000000000000000e+91	
8.541550637303980510000000000000000000000e+91	
-1.539661230019587057000000000000000000000e+92	
1.803619817278555629000000000000000000000e+91	
1.848866414767627472000000000000000000000e+92	
-5.449498789823576356000000000000000000000e+91	
1.123915518346387488000000000000000000000e+92	
-1.269900775403597620000000000000000000000e+92	
3.993254065738511239000000000000000000000e+91	
-1.994490887176133984000000000000000000000e+92	
-3.249041001008495896000000000000000000000e+91	
1.293189008846468172000000000000000000000e+92	
-1.100627284903516936000000000000000000000e+92	
5.419390197433335960000000000000000000000e+91	
-1.851877274006651512000000000000000000000e+92	
-2.089370965020045298000000000000000000000e+91	
1.382522664031700996000000000000000000000e+92	
-1.011293629718284111500000000000000000000e+92	
6.874964482612824774000000000000000000000e+91	
-1.706319845488702630000000000000000000000e+92	
-7.183875407567994321000000000000000000000e+89	
1.640443710871515222000000000000000000000e+92	
-7.533725828784698852000000000000000000000e+91	
8.946263574219968254000000000000000000000e+91	
-1.499189936327988282000000000000000000000e+92	
1.491801731829585318000000000000000000000e+91	
1.746067163421165515000000000000000000000e+92	
-6.477491303288195926000000000000000000000e+91	
1.039069203345071580600000000000000000000e+92	
-1.354747090404913527000000000000000000000e+92	
3.324230933210565881000000000000000000000e+91	
1.968090848230406545000000000000000000000e+92	
-4.257254455195785627000000000000000000000e+91	
1.210319615432982574000000000000000000000e+92	
-1.183496678317002533000000000000000000000e+92	
4.529255009057368520000000000000000000000e+91	
-1.940890792844248256000000000000000000000e+92	
-3.040916830309144163000000000000000000000e+91	
1.281230066022540965000000000000000000000e+92	
-1.112586227727444142000000000000000000000e+92	
5.993257006051761699000000000000000000000e+91	
-1.794490593144808938000000000000000000000e+92	
-8.223930303176880732000000000000000000000e+90	
1.578497076208002454000000000000000000000e+92	
-8.153192175419826532000000000000000000000e+91	
8.457819918962666584000000000000000000000e+91	
-1.548034301853718449000000000000000000000e+92	
1.134315562188016488000000000000000000000e+91	
1.723407777687452847000000000000000000000e+92	
-6.704085160625322602000000000000000000000e+91	
9.887494260470423891000000000000000000000e+91	
-1.405066867702942718000000000000000000000e+92	
2.544566901422940017000000000000000000000e+91	
1.862491578003758078000000000000000000000e+92	
-5.313247157462270300000000000000000000000e+91	
1.131752693467792042000000000000000000000e+92	
-1.262063600282193065000000000000000000000e+92	
4.013774740752899832000000000000000000000e+91	
-1.992438819674695124000000000000000000000e+92	
-3.286342611581452929000000000000000000000e+91	
1.283679496858853674000000000000000000000e+92	
-1.110136796891131434000000000000000000000e+92	
5.446688437998100716000000000000000000000e+91	
-1.849147449950175036000000000000000000000e+92	
-1.939740275237142121000000000000000000000e+91	
1.409712889840883287000000000000000000000e+92	
-9.841034039091018208000000000000000000000e+91	
6.887828339847210362000000000000000000000e+91	
-1.705033459765264071000000000000000000000e+92	
-3.178843826523285740000000000000000000000e+90	
1.589961084521702196000000000000000000000e+92	
-8.038552092282829114000000000000000000000e+91	
8.305756313050778102000000000000000000000e+91	
-1.563240662444907297000000000000000000000e+92	
7.156809970400331974000000000000000000000e+90	
1.654900491624789281000000000000000000000e+92	
-7.389158021251958270000000000000000000000e+91	
9.767009007290624667000000000000000000000e+91	
-1.417115393020922641000000000000000000000e+92	
2.988388278671231052000000000000000000000e+91	
1.963276295052840027000000000000000000000e+92	
-4.305399986971450804000000000000000000000e+91	
1.234260456775106995000000000000000000000e+92	
-1.159555836974878113000000000000000000000e+92	
5.056074261363612416000000000000000000000e+91	
-1.888208867613623866000000000000000000000e+92	
-2.226829774210418117000000000000000000000e+91	
1.391351255620804561000000000000000000000e+92	
-1.002465038129180546700000000000000000000e+92	
6.485556771895332006000000000000000000000e+91	
-1.745260616560451907000000000000000000000e+92	
-9.387023587109595972000000000000000000000e+90	
1.506035522454094869000000000000000000000e+92	
-8.877807712958902384000000000000000000000e+91	
7.929748332543890222000000000000000000000e+91	
-1.600841460495596085000000000000000000000e+92	
8.026901133124960450000000000000000000000e+90	
1.709880070064387600000000000000000000000e+92	
-6.839362236855975074000000000000000000000e+91	
9.460551553128359681000000000000000000000e+91	
-1.447761138437149140000000000000000000000e+92	
1.826103715534661576000000000000000000000e+91	
1.761507719593054256000000000000000000000e+92	
-6.323085741569308514000000000000000000000e+91	
1.092546955882910893000000000000000000000e+92	
-1.301269337867074215000000000000000000000e+92	
4.239191123406339790000000000000000000000e+91	
2.097586213268302665000000000000000000000e+92	
-2.962300804816824422000000000000000000000e+91	
1.377795415441880190000000000000000000000e+92	
-1.016020878308104917400000000000000000000e+92	
6.583628342497376336000000000000000000000e+91	
-1.735453459500247474000000000000000000000e+92	
-6.071170858097542138000000000000000000000e+90	
1.562533798751305414000000000000000000000e+92	
-8.312824949986796936000000000000000000000e+91	
8.000204928860278439000000000000000000000e+91	
-1.593795800863957264000000000000000000000e+92	
3.788666526754807046000000000000000000000e+90	
1.618094317027492545000000000000000000000e+92	
-7.757219767224925624000000000000000000000e+91	
9.465548999610661811000000000000000000000e+91	
-1.447261393788918926000000000000000000000e+92	
2.753496863750035043000000000000000000000e+91	
1.946440699932720238000000000000000000000e+92	
-4.473755938172648692000000000000000000000e+91	
1.224075096771835203000000000000000000000e+92	
-1.169741196978149905000000000000000000000e+92	
5.020689916426905916000000000000000000000e+91	
-1.891747302107294516000000000000000000000e+92	
-2.195777943652733116000000000000000000000e+91	
1.401096749912114984000000000000000000000e+92	
-9.927195438378701230000000000000000000000e+91	
6.442401113988259212000000000000000000000e+91	
-1.749576182351159186000000000000000000000e+92	
-1.122398640083229070000000000000000000000e+91	
1.473618826223299335000000000000000000000e+92	
-9.201974675266857729000000000000000000000e+91	
7.903191398693356796000000000000000000000e+91	
-1.603497153880649428000000000000000000000e+92	
1.073595097019601271000000000000000000000e+91	
1.766701956471885002000000000000000000000e+92	
-6.271143372781001056000000000000000000000e+91	
1.032593633405475732000000000000000000000e+92	
-1.361222660344509376000000000000000000000e+92	
2.988506523432708363000000000000000000000e+91	
1.907435021452047205000000000000000000000e+92	
-4.863812722979379023000000000000000000000e+91	
1.175473084621058023000000000000000000000e+92	
-1.218343209128927085000000000000000000000e+92	
4.438754216071615166000000000000000000000e+91	
-1.949940872142823591000000000000000000000e+92	
-2.873581488769568217000000000000000000000e+91	
1.323734381957303681000000000000000000000e+92	
-1.070081911792681427000000000000000000000e+92	
5.872532926361242822000000000000000000000e+91	
-1.806563001113860825000000000000000000000e+92	
-1.488612738317149315000000000000000000000e+91	
1.457352690132892893000000000000000000000e+92	
-9.364636036170922148000000000000000000000e+91	
7.310123051802017911000000000000000000000e+91	
-1.662803988569783316000000000000000000000e+92	
5.033396379782923628000000000000000000000e+89	
1.621377973822323349000000000000000000000e+92	
-7.724383199276617584000000000000000000000e+91	
8.733846020371983139000000000000000000000e+91	
-1.520431691712786794000000000000000000000e+92	
1.257634823966036887000000000000000000000e+91	
1.720476619628363684000000000000000000000e+92	
-6.733396741216214239000000000000000000000e+91	
1.018112060805000382300000000000000000000e+92	
-1.375704232944984725000000000000000000000e+92	
3.160970461395488978000000000000000000000e+91	
1.956393591660864896000000000000000000000e+92	
-4.374227020891202114000000000000000000000e+91	
1.203248845875806568000000000000000000000e+92	
-1.190567447874178540000000000000000000000e+92	
4.504789159077537467000000000000000000000e+91	
-1.943337377842231361000000000000000000000e+92	
-3.019163847770202674000000000000000000000e+91	
1.288024947366282960000000000000000000000e+92	
-1.105791346383702148000000000000000000000e+92	
5.963384545888010448000000000000000000000e+91	
-1.797477839161184063000000000000000000000e+92	
-9.500380815938954319000000000000000000000e+90	
1.555960177795237048000000000000000000000e+92	
-8.378561159547480594000000000000000000000e+91	
8.134775636028929286000000000000000000000e+91	
-1.580338730147092179000000000000000000000e+92	
7.136445902899674362000000000000000000000e+90	
1.671582870166238955000000000000000000000e+92	
-7.222334235837461530000000000000000000000e+91	
9.576375434017416281000000000000000000000e+91	
-1.436178750348243479000000000000000000000e+92	
2.440475241693575911000000000000000000000e+91	
1.872774825629696615000000000000000000000e+92	
-5.210414681202884922000000000000000000000e+91	
1.108066593422799292000000000000000000000e+92	
-1.285749700327185816000000000000000000000e+92	
3.437389318066547053000000000000000000000e+91	
-2.050077361943330402000000000000000000000e+92	
-4.202083486164294856000000000000000000000e+91	
1.158186752835805205000000000000000000000e+92	
-1.235629540914179903000000000000000000000e+92	
4.911019641906503478000000000000000000000e+91	
-1.902714329559334760000000000000000000000e+92	
-1.756508378988427725000000000000000000000e+91	
1.499890371334033199000000000000000000000e+92	
-8.939259224159519084000000000000000000000e+91	
7.819727491296398600000000000000000000000e+91	
-1.611843544620345248000000000000000000000e+92	
6.441241134051361668000000000000000000000e+90	
1.689171370143433860000000000000000000000e+92	
-7.046449236065512474000000000000000000000e+91	
9.232855366413949807000000000000000000000e+91	
-1.470530757108590127000000000000000000000e+92	
1.577808597842424170000000000000000000000e+91	
1.734619339868317569000000000000000000000e+92	
-6.591969538816675390000000000000000000000e+91	
1.070050470461904618000000000000000000000e+92	
-1.323765823288080490000000000000000000000e+92	
4.058123355194004439000000000000000000000e+91	
2.083866960430637978000000000000000000000e+92	
-3.099493333193471293000000000000000000000e+91	
1.368461503058794070000000000000000000000e+92	
-1.025354790691191037200000000000000000000e+92	
6.534120798789112148000000000000000000000e+91	
-1.740404213871073893000000000000000000000e+92	
-6.128148629572976103000000000000000000000e+90	
1.566342817422026317000000000000000000000e+92	
-8.274734763279587910000000000000000000000e+91	
8.005321363989012072000000000000000000000e+91	
-1.593284157351083900000000000000000000000e+92	
3.510257461970063998000000000000000000000e+90	
1.612016132399379593000000000000000000000e+92	
-7.818001613506055148000000000000000000000e+91	
9.474537359067247370000000000000000000000e+91	
-1.446362557843260370000000000000000000000e+92	
2.832220706566189985000000000000000000000e+91	
1.961283162040498160000000000000000000000e+92	
-4.325331317094869474000000000000000000000e+91	
1.245884167923141345000000000000000000000e+92	
-1.147932125826843763000000000000000000000e+92	
5.308412047811924511000000000000000000000e+91	
-1.862975088968792656000000000000000000000e+92	
-1.838459045704668675000000000000000000000e+91	
1.443784852756918230000000000000000000000e+92	
-9.500314409930668771000000000000000000000e+91	
6.779806221316691722000000000000000000000e+91	
-1.715835671618315935000000000000000000000e+92	
-8.744249245981009301000000000000000000000e+90	
1.489477509299033054000000000000000000000e+92	
-9.043387844509520533000000000000000000000e+91	
8.250666968041615979000000000000000000000e+91	
-1.568749596945823510000000000000000000000e+92	
1.609865401133790963000000000000000000000e+91	
1.839199064655664312000000000000000000000e+92	
-5.546172290943207956000000000000000000000e+91	
1.123951428333321110000000000000000000000e+92	
-1.269864865416663998000000000000000000000e+92	
4.090597476604996052000000000000000000000e+91	
-1.984756546089485502000000000000000000000e+92	
-3.054761545104317292000000000000000000000e+91	
1.322305734746751111000000000000000000000e+92	
-1.071510559003233997000000000000000000000e+92	
5.566525608378187400000000000000000000000e+91	
-1.837163732912166368000000000000000000000e+92	
-2.086195722133930725000000000000000000000e+91	
1.368451335947081006000000000000000000000e+92	
-1.025364957802904101700000000000000000000e+92	
7.038844505469557614000000000000000000000e+91	
-1.689931843203029346000000000000000000000e+92	
3.964829862336393818000000000000000000000e+90	
1.717704905566629136000000000000000000000e+92	
-6.761113881833559712000000000000000000000e+91	
1.002301429240420032200000000000000000000e+92	
-1.391514864509565075000000000000000000000e+92	
2.872539861202692106000000000000000000000e+91	
1.914524589005642786000000000000000000000e+92	
-4.792917047443423219000000000000000000000e+91	
1.148360383175616590000000000000000000000e+92	
-1.245455910574368518000000000000000000000e+92	
3.825774725273941361000000000000000000000e+91	
-2.011238821222590972000000000000000000000e+92	
-3.828243326973227191000000000000000000000e+91	
1.194116967823299052000000000000000000000e+92	
-1.199699325926686055000000000000000000000e+92	
5.300593258765965859000000000000000000000e+91	
-1.863756967873388522000000000000000000000e+92	
-1.336678360275931172000000000000000000000e+91	
1.544897507627179786000000000000000000000e+92	
-8.489187861228053212000000000000000000000e+91	
8.300025148306468208000000000000000000000e+91	
-1.563813778919338287000000000000000000000e+92	
1.154633021843411800000000000000000000000e+91	
1.743241882613666191000000000000000000000e+92	
-6.505744111363189164000000000000000000000e+91	
9.775854015235726618000000000000000000000e+91	
-1.416230892226412446000000000000000000000e+92	
2.123099629370771313000000000000000000000e+91	
1.789377567207325414000000000000000000000e+92	
-6.044387265426596935000000000000000000000e+91	
1.124250144275660286000000000000000000000e+92	
-1.269566149474324821000000000000000000000e+92	
4.594537337819548340000000000000000000000e+91	
-1.934362559968030274000000000000000000000e+92	
-2.050118290079908862000000000000000000000e+91	
1.472815481239300047000000000000000000000e+92	
-9.210008125106850608000000000000000000000e+91	
7.571828223306768417000000000000000000000e+91	
-1.636633471419308266000000000000000000000e+92	
4.190631068488185316000000000000000000000e+90	
1.668947959044618755000000000000000000000e+92	
-7.248683347053663524000000000000000000000e+91	
9.025549126322287302000000000000000000000e+91	
-1.491261381117756377000000000000000000000e+92	
1.365432752882098793000000000000000000000e+91	
1.712875047183281054000000000000000000000e+92	
-6.809412465667040538000000000000000000000e+91	
1.049407462476621278200000000000000000000e+92	
-1.344408831273363829000000000000000000000e+92	
3.862700641600413238000000000000000000000e+91	
2.065424877896133099000000000000000000000e+92	
-3.283914158538520090000000000000000000000e+91	
1.351119061820696373000000000000000000000e+92	
-1.042697231929288734300000000000000000000e+92	
6.371687326812605081000000000000000000000e+91	
-1.756647561068724600000000000000000000000e+92	
-7.642628643654199128000000000000000000000e+90	
1.552296017626659672000000000000000000000e+92	
-8.415202761233254360000000000000000000000e+91	
7.875827905096685597000000000000000000000e+91	
-1.606233503240316548000000000000000000000e+92	
2.325013646923536100000000000000000000000e+90	
1.601260056092125114000000000000000000000e+92	
-7.925562376578599934000000000000000000000e+91	
9.343927518742356954000000000000000000000e+91	
-1.459423541875749412000000000000000000000e+92	
2.678573259770327416000000000000000000000e+91	
1.943615803221088062000000000000000000000e+92	
-4.502004905288970455000000000000000000000e+91	
1.225915340900601365000000000000000000000e+92	
-1.167900952849383743000000000000000000000e+92	
5.085720549219208243000000000000000000000e+91	
-1.885244238828064283000000000000000000000e+92	
-2.084142324700839394000000000000000000000e+91	
1.416918491043614440000000000000000000000e+92	
-9.768978027063706671000000000000000000000e+91	
6.501859022858500631000000000000000000000e+91	
-1.743630391464135044000000000000000000000e+92	
-1.161651084242836238000000000000000000000e+91	
1.459827458999836779000000000000000000000e+92	
-9.339888347501483283000000000000000000000e+91	
7.974186582217648824000000000000000000000e+91	
-1.596397635528220225000000000000000000000e+92	
1.353395169112054124000000000000000000000e+91	
1.815552060992982306000000000000000000000e+92	
-5.782642327570028016000000000000000000000e+91	
1.102303448864997386000000000000000000000e+92	
-1.291512844884987722000000000000000000000e+92	
3.894097975367512194000000000000000000000e+91	
-2.004406496213233888000000000000000000000e+92	
-3.231290696442827471000000000000000000000e+91	
1.306648860742977826000000000000000000000e+92	
-1.087167433007007282000000000000000000000e+92	
5.429907345989155423000000000000000000000e+91	
-1.850825559151069565000000000000000000000e+92	
-2.202873435582684785000000000000000000000e+91	
1.358776627119510968000000000000000000000e+92	
-1.035039666630474139300000000000000000000e+92	
6.900063595479005340000000000000000000000e+91	
-1.703809934202084574000000000000000000000e+92	
2.156891734038074616000000000000000000000e+90	
1.695426324846211110000000000000000000000e+92	
-6.983899689037739978000000000000000000000e+91	
9.758257388885129285000000000000000000000e+91	
-1.417990554861472179000000000000000000000e+92	
2.565832749027898737000000000000000000000e+91	
1.879660944648997026000000000000000000000e+92	
-5.141553491009880817000000000000000000000e+91	
1.117075131153803744000000000000000000000e+92	
-1.276741162596181364000000000000000000000e+92	
3.548688319901141677000000000000000000000e+91	
-2.038947461759870940000000000000000000000e+92	
-4.069581417140977734000000000000000000000e+91	
1.173556211248831273000000000000000000000e+92	
-1.220260082501153834000000000000000000000e+92	
5.019673145284062702000000000000000000000e+91	
-1.891848979221578837000000000000000000000e+92	
-1.692873540872288729000000000000000000000e+91	
1.501754229053086422000000000000000000000e+92	
-8.920620646968986854000000000000000000000e+91	
7.793392200747219088000000000000000000000e+91	
-1.614477073675263199000000000000000000000e+92	
5.728373371577824180000000000000000000000e+90	
1.677549781039152546000000000000000000000e+92	
-7.162665127108325618000000000000000000000e+91	
9.211846023428622816000000000000000000000e+91	
-1.472631691407122826000000000000000000000e+92	
1.651958421690329828000000000000000000000e+91	
1.751545503172016997000000000000000000000e+92	
-6.422707905779681110000000000000000000000e+91	
1.066832419447646007000000000000000000000e+92	
-1.326983874302339101000000000000000000000e+92	
3.824600953120881624000000000000000000000e+91	
2.040390551165995460000000000000000000000e+92	
-3.534257425839896473000000000000000000000e+91	
1.304870939885847267000000000000000000000e+92	
-1.088945353864137841000000000000000000000e+92	
5.697173729624688591000000000000000000000e+91	
-1.824098920787516248000000000000000000000e+92	
-1.650703317725941483000000000000000000000e+91	
1.442469833588557024000000000000000000000e+92	
-9.513464601614280837000000000000000000000e+91	
7.133438675599883548000000000000000000000e+91	
-1.680472426189996753000000000000000000000e+92	
-1.541923602256784994000000000000000000000e+90	
1.598142532241662174000000000000000000000e+92	
-7.956737615083229336000000000000000000000e+91	
8.560676645127130118000000000000000000000e+91	
-1.537748629237272096000000000000000000000e+92	
1.143621034799649199000000000000000000000e+91	
1.714987855337096720000000000000000000000e+92	
-6.788284384128883880000000000000000000000e+91	
1.000122256158883391400000000000000000000e+92	
-1.393694037591101716000000000000000000000e+92	
2.856124225026427754000000000000000000000e+91	
1.913420367301058337000000000000000000000e+92	
-4.803959264489267702000000000000000000000e+91	
1.147793235966357548000000000000000000000e+92	
-1.246023057783627559000000000000000000000e+92	
3.825471325288289813000000000000000000000e+91	
-2.011269161221156126000000000000000000000e+92	
-3.823181326368061615000000000000000000000e+91	
1.195159440924237914000000000000000000000e+92	
-1.198656852825747193000000000000000000000e+92	
5.299658801938292034000000000000000000000e+91	
-1.863850413556155904000000000000000000000e+92	
-1.348966351839730550000000000000000000000e+91	
1.542533920025944418000000000000000000000e+92	
-8.512823737240406901000000000000000000000e+91	
8.265047035321166880000000000000000000000e+91	
-1.567311590217868420000000000000000000000e+92	
1.108318316550206018000000000000000000000e+91	
1.737477317039142378000000000000000000000e+92	
-6.563389767108427299000000000000000000000e+91	
9.706883048086564016000000000000000000000e+91	
-1.423127988941328706000000000000000000000e+92	
2.042808987059414529000000000000000000000e+91	
1.780217098803646273000000000000000000000e+92	
-6.135991949463388344000000000000000000000e+91	
1.117495570559932297000000000000000000000e+92	
-1.276320723190052810000000000000000000000e+92	
4.551038574180912205000000000000000000000e+91	
2.135003985225491914000000000000000000000e+92	
-2.588123085244931939000000000000000000000e+91	
1.421443112302620793000000000000000000000e+92	
-9.723731814473643144000000000000000000000e+91	
7.082373555816018100000000000000000000000e+91	
-1.685578938168383298000000000000000000000e+92	
-4.613461667430573134000000000000000000000e+89	
1.624852673899305790000000000000000000000e+92	
-7.689636198506793178000000000000000000000e+91	
8.608829081049320993000000000000000000000e+91	
-1.532933385645053008000000000000000000000e+92	
9.729334539042628336000000000000000000000e+90	
1.676045986526688566000000000000000000000e+92	
-7.177703072232965412000000000000000000000e+91	
1.007506584203247283500000000000000000000e+92	
-1.386309709546737824000000000000000000000e+92	
3.392998923497189025000000000000000000000e+91	
2.013387935372541062000000000000000000000e+92	
-3.804283583774440454000000000000000000000e+91	
1.294017870151986278000000000000000000000e+92	
-1.099798423597998829000000000000000000000e+92	
5.750058121806810650000000000000000000000e+91	
-1.818810481569304043000000000000000000000e+92	
-1.436484167100210886000000000000000000000e+91	
1.480017195385597164000000000000000000000e+92	
-9.137990983643879432000000000000000000000e+91	
7.167263918728565789000000000000000000000e+91	
-1.677089901877128529000000000000000000000e+92	
-4.618454645761636802000000000000000000000e+90	
1.533246381333239346000000000000000000000e+92	
-8.605699124167457611000000000000000000000e+91	
8.634645627349309434000000000000000000000e+91	
-1.530351731015054164000000000000000000000e+92	
1.940160729169911650000000000000000000000e+91	
1.866862935978145094000000000000000000000e+92	
-5.269533577718400134000000000000000000000e+91	
1.146252308491104668000000000000000000000e+92	
-1.247563985258880440000000000000000000000e+92	
4.260003056410895353000000000000000000000e+91	
-1.967815988108895572000000000000000000000e+92	
-2.938932510478002548000000000000000000000e+91	
1.328533650023050892000000000000000000000e+92	
-1.065282643726934216000000000000000000000e+92	
5.680676459528836239000000000000000000000e+91	
-1.825748647797101484000000000000000000000e+92	
-1.920198987464710562000000000000000000000e+91	
1.390233017563674678000000000000000000000e+92	
-1.003583276186310429600000000000000000000e+92	
7.146739591964058054000000000000000000000e+91	
-1.679142334553579302000000000000000000000e+92	
3.945110475516148089000000000000000000000e+90	
1.706526476907799334000000000000000000000e+92	
-6.872898168421857731000000000000000000000e+91	
9.801472307968768405000000000000000000000e+91	
-1.413669062953108267000000000000000000000e+92	
2.541294801781695698000000000000000000000e+91	
1.870435235132739943000000000000000000000e+92	
-5.233810586172451647000000000000000000000e+91	
1.122188195004164709000000000000000000000e+92	
-1.271628098745820398000000000000000000000e+92	
3.743135332626625765000000000000000000000e+91	
-2.019502760487322531000000000000000000000e+92	
-3.731889354124639142000000000000000000000e+91	
1.221642793736010796000000000000000000000e+92	
-1.172173500013974312000000000000000000000e+92	
5.196999160608135139000000000000000000000e+91	
-1.874116377689171594000000000000000000000e+92	
-1.818936273135605937000000000000000000000e+91	
1.458824179746182524000000000000000000000e+92	
-9.349921140038025833000000000000000000000e+91	
7.061004858512884947000000000000000000000e+91	
-1.687715807898696613000000000000000000000e+92	
-4.624860177052780648000000000000000000000e+90	
1.543738920436984472000000000000000000000e+92	
-8.500773733130006355000000000000000000000e+91	
8.516099357617496754000000000000000000000e+91	
-1.542206357988235432000000000000000000000e+92	
1.598254013297335823000000000000000000000e+91	
1.810347335704868306000000000000000000000e+92	
-5.834689580451168016000000000000000000000e+91	
1.067422889927827219000000000000000000000e+92	
-1.326393403822157889000000000000000000000e+92	
3.248681736545449404000000000000000000000e+91	
1.924645192868281460000000000000000000000e+92	
-4.691711008817036470000000000000000000000e+91	
1.211292454184079139000000000000000000000e+92	
-1.182523839565905969000000000000000000000e+92	
4.982947281200397138000000000000000000000e+91	
-1.895521565629945394000000000000000000000e+92	
-2.143481620021528712000000000000000000000e+91	
1.415325797212807536000000000000000000000e+92	
-9.784904965371775716000000000000000000000e+91	
6.515637516395397989000000000000000000000e+91	
-1.742252542110445309000000000000000000000e+92	
-1.118181942295056760000000000000000000000e+91	
1.467141960428018050000000000000000000000e+92	
-9.266743333219670572000000000000000000000e+91	
7.984452140119243123000000000000000000000e+91	
-1.595371079738060795000000000000000000000e+92	
1.300812563708165750000000000000000000000e+91	
1.804012111872163228000000000000000000000e+92	
-5.898041818778218792000000000000000000000e+91	
1.084484937357286066000000000000000000000e+92	
-1.309331356392699041000000000000000000000e+92	
3.653158482798799868000000000000000000000e+91	
1.988466856418081744000000000000000000000e+92	
-4.053494373319033633000000000000000000000e+91	
1.225579190771569318000000000000000000000e+92	
-1.168237102978415790000000000000000000000e+92	
4.630711896786277367000000000000000000000e+91	
-1.930745104071357371000000000000000000000e+92	
-2.990573358075293659000000000000000000000e+91	
1.281155615446037544000000000000000000000e+92	
-1.112660678303947563000000000000000000000e+92	
6.100592752707048896000000000000000000000e+91	
-1.783757018479280218000000000000000000000e+92	
-6.070308192932316154000000000000000000000e+90	
1.610830567619107014000000000000000000000e+92	
-7.829857261308780936000000000000000000000e+91	
8.889073801632977132000000000000000000000e+91	
-1.504908913586687394000000000000000000000e+92	
1.673434705632204753000000000000000000000e+91	
1.788100850003584256000000000000000000000e+92	
-6.057154437464008520000000000000000000000e+91	
1.030547178939722866300000000000000000000e+92	
-1.363269114810262241000000000000000000000e+92	
2.733705178725913744000000000000000000000e+91	
1.858532869162184452000000000000000000000e+92	
-5.352834245878006555000000000000000000000e+91	
1.176187351191773425000000000000000000000e+92	
-1.217628942558211683000000000000000000000e+92	
4.941814145491608254000000000000000000000e+91	
-1.899634879200824282000000000000000000000e+92	
-1.874851097643129592000000000000000000000e+91	
1.473149799322491503000000000000000000000e+92	
-9.206664944274936049000000000000000000000e+91	
7.403332953562066621000000000000000000000e+91	
-1.653482998393778446000000000000000000000e+92	
7.881490497479716638000000000000000000000e+89	
1.617756393233036442000000000000000000000e+92	
-7.760599005169486660000000000000000000000e+91	
8.834548344055481950000000000000000000000e+91	
-1.510361459344436912000000000000000000000e+92	
1.495187137494618713000000000000000000000e+91	
1.757910039383695174000000000000000000000e+92	
-6.359062543662899331000000000000000000000e+91	
1.026558097743451187800000000000000000000e+92	
-1.367258196006533920000000000000000000000e+92	
2.955701263453935668000000000000000000000e+91	
1.906908134038981280000000000000000000000e+92	
-4.869081597110038274000000000000000000000e+91	
1.169121443355051882000000000000000000000e+92	
-1.224694850394933226000000000000000000000e+92	
4.317019252800958183000000000000000000000e+91	
-1.962114368469889289000000000000000000000e+92	
-3.053506029158362434000000000000000000000e+91	
1.299925866113939457000000000000000000000e+92	
-1.093890427636045650000000000000000000000e+92	
5.757810556652718752000000000000000000000e+91	
-1.818035238084713232000000000000000000000e+92	
-1.480033712976482517000000000000000000000e+91	
1.470534595859652129000000000000000000000e+92	
-9.232816978903329784000000000000000000000e+91	
7.181043745148387625000000000000000000000e+91	
-1.675711919235146345000000000000000000000e+92	
-3.395138660870699900000000000000000000000e+90	
1.556329316117950127000000000000000000000e+92	
-8.374869776320349802000000000000000000000e+91	
8.635631175564226936000000000000000000000e+91	
-1.530253176193562414000000000000000000000e+92	
1.711416863588860428000000000000000000000e+91	
1.821027040931451723000000000000000000000e+92	
-5.727892528185333842000000000000000000000e+91	
1.077466332157050992000000000000000000000e+92	
-1.316349961592934116000000000000000000000e+92	
3.342756695339542223000000000000000000000e+91	
1.933417058887837634000000000000000000000e+92	
-4.603992348621474731000000000000000000000e+91	
1.221397200963383768000000000000000000000e+92	
-1.172419092786601340000000000000000000000e+92	
5.097316923273845923000000000000000000000e+91	
-1.884084601422600515000000000000000000000e+92	
-2.015796433683570441000000000000000000000e+91	
1.429425207601418622000000000000000000000e+92	
-9.643910861485664861000000000000000000000e+91	
6.669933914411213758000000000000000000000e+91	
-1.726822902308863732000000000000000000000e+92	
-9.505898702717245536000000000000000000000e+90	
1.485230073348346141000000000000000000000e+92	
-9.085862204016389668000000000000000000000e+91	
8.136975705744722624000000000000000000000e+91	
-1.580118723175512845000000000000000000000e+92	
1.424992678399422127000000000000000000000e+91	
1.813597188809884280000000000000000000000e+92	
-5.802191049401008274000000000000000000000e+91	
1.091238489623628402000000000000000000000e+92	
-1.302577804126356706000000000000000000000e+92	
3.692392850332276006000000000000000000000e+91	
1.989561586115526737000000000000000000000e+92	
-4.042547076344583707000000000000000000000e+91	
1.232656719927476242000000000000000000000e+92	
-1.161159573822508866000000000000000000000e+92	
4.761285408469224485000000000000000000000e+91	
-1.917687752903062659000000000000000000000e+92	
-2.800231385911432480000000000000000000000e+91	
1.306163684227260588000000000000000000000e+92	
-1.087652609522724520000000000000000000000e+92	
6.223955931686665166000000000000000000000e+91	
-1.771420700581318591000000000000000000000e+92	
-6.103220859344504027000000000000000000000e+90	
1.597842299575626727000000000000000000000e+92	
-7.959739941743583807000000000000000000000e+91	
8.632662707862939158000000000000000000000e+91	
-1.530550022963691192000000000000000000000e+92	
1.290558167631987437000000000000000000000e+91	
1.737172945557280853000000000000000000000e+92	
-6.566433481927042548000000000000000000000e+91	
1.006429040895705478300000000000000000000e+92	
-1.387387252854279629000000000000000000000e+92	
2.760488038759488031000000000000000000000e+91	
1.887994243498064356000000000000000000000e+92	
-5.058220502519207519000000000000000000000e+91	
1.148948000535152887000000000000000000000e+92	
-1.244868293214832220000000000000000000000e+92	
4.102695570197066106000000000000000000000e+91	
-1.983546736730278497000000000000000000000e+92	
-3.280412700901813009000000000000000000000e+91	
1.275977526240371160000000000000000000000e+92	
-1.117838767509613948000000000000000000000e+92	
5.545256762656102456000000000000000000000e+91	
-1.839290617484374862000000000000000000000e+92	
-1.665671304228607231000000000000000000000e+91	
1.454661117476403872000000000000000000000e+92	
-9.391551762735812353000000000000000000000e+91	
6.965608705841054616000000000000000000000e+91	
-1.697255423165879646000000000000000000000e+92	
-6.116209429832522171000000000000000000000e+90	
1.523454225053734542000000000000000000000e+92	
-8.703620686962505656000000000000000000000e+91	
8.427156461307745442000000000000000000000e+91	
-1.551100647619210563000000000000000000000e+92	
1.623158488139454963000000000000000000000e+91	
1.824216854488277762000000000000000000000e+92	
-5.695994392617073457000000000000000000000e+91	
1.092665817014138116000000000000000000000e+92	
-1.301150476735846992000000000000000000000e+92	
3.614788488657514704000000000000000000000e+91	
1.972617958843266154000000000000000000000e+92	
-4.211983349067189531000000000000000000000e+91	
1.235163451175433948000000000000000000000e+92	
-1.158652842574551160000000000000000000000e+92	
4.980759507998158686000000000000000000000e+91	
-1.895740342950169239000000000000000000000e+92	
-2.386447249312645321000000000000000000000e+91	
1.366963431411107996000000000000000000000e+92	
-1.026852862338877111700000000000000000000e+92	
6.420265338558716383000000000000000000000e+91	
-1.751789759894113469000000000000000000000e+92	
-8.254958601744470413000000000000000000000e+90	
1.535197082229452721000000000000000000000e+92	
-8.586192115205323862000000000000000000000e+91	
7.843537112446162195000000000000000000000e+91	
-1.609462582505368888000000000000000000000e+92	
3.388401075687085606000000000000000000000e+90	
1.625749984788172265000000000000000000000e+92	
-7.680663089618128424000000000000000000000e+91	
9.295364645277850621000000000000000000000e+91	
-1.464279829222200046000000000000000000000e+92	
2.336694272520664320000000000000000000000e+91	
1.880110890513318453000000000000000000000e+92	
-5.137054032366666546000000000000000000000e+91	
1.133108004341088157000000000000000000000e+92	
-1.260708289408896950000000000000000000000e+92	
3.864768773806872319000000000000000000000e+91	
-2.007339416369297876000000000000000000000e+92	
-3.597826753804381902000000000000000000000e+91	
1.236291351122927038000000000000000000000e+92	
-1.157524942627058069000000000000000000000e+92	
5.317005790319925314000000000000000000000e+91	
-1.862115714717992576000000000000000000000e+92	
-1.725395409865827437000000000000000000000e+91	
1.465533006544683319000000000000000000000e+92	
-9.282832872053017882000000000000000000000e+91	
7.101653695815503566000000000000000000000e+91	
-1.683650924168434751000000000000000000000e+92	
-4.482634530342621278000000000000000000000e+90	
1.542519864791169802000000000000000000000e+92	
-8.512964289588153051000000000000000000000e+91	
8.559803555553380183000000000000000000000e+91	
-1.537835938194647089000000000000000000000e+92	
1.697825148613116612000000000000000000000e+91	
1.825888362657386168000000000000000000000e+92	
-5.679279310925989400000000000000000000000e+91	
1.088545051367909559000000000000000000000e+92	
-1.305271242382075548000000000000000000000e+92	
3.515686920318006955000000000000000000000e+91	
1.956921292014617737000000000000000000000e+92	
-4.368950017353673704000000000000000000000e+91	
1.231729607787144418000000000000000000000e+92	
-1.162086685962840689000000000000000000000e+92	
5.068988280406896401000000000000000000000e+91	
-1.886917465709295468000000000000000000000e+92	
-2.175712268352512565000000000000000000000e+91	
1.400281453623897680000000000000000000000e+92	
-9.935348401260874273000000000000000000000e+91	
6.493957126001911464000000000000000000000e+91	
-1.744420581149793961000000000000000000000e+92	
-1.011163368402242359200000000000000000000e+91	
1.490707309314113220000000000000000000000e+92	
-9.031089844358718877000000000000000000000e+91	
7.947654114084322870000000000000000000000e+91	
-1.599050882341552821000000000000000000000e+92	
9.916986130974622224000000000000000000000e+90	
1.745882676637630571000000000000000000000e+92	
-6.479336171123545368000000000000000000000e+91	
9.991510074888728313000000000000000000000e+91	
-1.394665286261112276000000000000000000000e+92	
2.527909625759907082000000000000000000000e+91	
1.848764546939297681000000000000000000000e+92	
-5.450517468106874266000000000000000000000e+91	
1.143560479044412521000000000000000000000e+92	
-1.250255814705572587000000000000000000000e+92	
4.387073684394018230000000000000000000000e+91	
-1.955108925310583284000000000000000000000e+92	
-2.657949595358435654000000000000000000000e+91	
1.372015510531184626000000000000000000000e+92	
-1.021800783218800482100000000000000000000e+92	
6.163859265313040387000000000000000000000e+91	
-1.777430367218681069000000000000000000000e+92	
-1.388676050278400572000000000000000000000e+91	
1.448216918690292248000000000000000000000e+92	
-9.455993750596928595000000000000000000000e+91	
7.623581673859492972000000000000000000000e+91	
-1.631458126364035810000000000000000000000e+92	
7.684074583217450930000000000000000000000e+90	
1.733626674145868761000000000000000000000e+92	
-6.601896196041163464000000000000000000000e+91	
9.969631049199015655000000000000000000000e+91	
-1.396853188830083542000000000000000000000e+92	
2.606661493616296125000000000000000000000e+91	
1.866697815004964655000000000000000000000e+92	
-5.271184787450204523000000000000000000000e+91	
1.140191179050625891000000000000000000000e+92	
-1.253625114699359217000000000000000000000e+92	
4.140461019863140074000000000000000000000e+91	
-1.979770191763671100000000000000000000000e+92	
-3.117375961241545105000000000000000000000e+91	
1.304802094858280699000000000000000000000e+92	
-1.089014198891704408000000000000000000000e+92	
5.568227837549331598000000000000000000000e+91	
-1.836993509995051948000000000000000000000e+92	
-1.907842822014309273000000000000000000000e+91	
1.403942901720495095000000000000000000000e+92	
-9.898733920294900125000000000000000000000e+91	
7.019754029799363610000000000000000000000e+91	
-1.691840890770048747000000000000000000000e+92	
3.572507933098417372000000000000000000000e+88	
1.641050461287811978000000000000000000000e+92	
-7.527658324621731301000000000000000000000e+91	
8.883021830685925204000000000000000000000e+91	
-1.505514110681392587000000000000000000000e+92	
1.359285233572751038000000000000000000000e+91	
1.725891485704021362000000000000000000000e+92	
-6.679248080459637453000000000000000000000e+91	
1.033568865731790071100000000000000000000e+92	
-1.360247428018195036000000000000000000000e+92	
3.415907923688111812000000000000000000000e+91	
1.991919284131058907000000000000000000000e+92	
-4.018970096189262007000000000000000000000e+91	
1.248801492011271880000000000000000000000e+92	
-1.145014801738713228000000000000000000000e+92	
5.060535256174737160000000000000000000000e+91	
-1.887762768132511392000000000000000000000e+92	
-2.363247991006551624000000000000000000000e+91	
1.363628523883854721000000000000000000000e+92	
-1.030187769866130386400000000000000000000e+92	
6.506592139297889415000000000000000000000e+91	
-1.743157079820196166000000000000000000000e+92	
-6.195527422420991149000000000000000000000e+90	
1.567747072824201578000000000000000000000e+92	
-8.260692209257835290000000000000000000000e+91	
8.040134009566769341000000000000000000000e+91	
-1.589802892793308174000000000000000000000e+92	
4.065981467269745745000000000000000000000e+90	
1.619648314801637799000000000000000000000e+92	
-7.741679789483473086000000000000000000000e+91	
9.506859805734344330000000000000000000000e+91	
-1.443130313176550674000000000000000000000e+92	
2.820565672946941195000000000000000000000e+91	
1.955722099267106078000000000000000000000e+92	
-4.380941944828790292000000000000000000000e+91	
1.235929733266245645000000000000000000000e+92	
-1.157886560483739463000000000000000000000e+92	
5.164955846800945478000000000000000000000e+91	
-1.877320709069890560000000000000000000000e+92	
-2.025805247645852436000000000000000000000e+91	
1.420663416733381888000000000000000000000e+92	
-9.731528770166032200000000000000000000000e+91	
6.583447046931598339000000000000000000000e+91	
-1.735471589056825274000000000000000000000e+92	
-1.035946259433262120200000000000000000000e+91	
1.476807426003745185000000000000000000000e+92	
-9.170088677462399228000000000000000000000e+91	
8.050472398411149486000000000000000000000e+91	
-1.588769053908870159000000000000000000000e+92	
1.336213670284982274000000000000000000000e+91	
1.804491831174631983000000000000000000000e+92	
-5.893244625753531246000000000000000000000e+91	
1.081905788362482906000000000000000000000e+92	
-1.311910505387502202000000000000000000000e+92	
3.596793532877700090000000000000000000000e+91	
1.979774536971030197000000000000000000000e+92	
-4.140417567789549102000000000000000000000e+91	
1.223363345035789995000000000000000000000e+92	
-1.170452948714195112000000000000000000000e+92	
4.673285945223139900000000000000000000000e+91	
-1.926487699227671118000000000000000000000e+92	
-2.883299019121366362000000000000000000000e+91	
1.298349858468629129000000000000000000000e+92	
-1.095466435281355979000000000000000000000e+92	
6.135494678466156976000000000000000000000e+91	
-1.780266825903369410000000000000000000000e+92	
-7.091011973676073304000000000000000000000e+90	
1.586933116097527661000000000000000000000e+92	
-8.068831776524574468000000000000000000000e+91	
8.513263282043470728000000000000000000000e+91	
-1.542489965545638035000000000000000000000e+92	
1.160856280529214771000000000000000000000e+91	
1.723173023438899355000000000000000000000e+92	
-6.706432703110857530000000000000000000000e+91	
9.946264486730730996000000000000000000000e+91	
-1.399189845076912008000000000000000000000e+92	
2.664424480089398212000000000000000000000e+91	
1.880583030990772394000000000000000000000e+92	
-5.132332627592127140000000000000000000000e+91	
1.136902841596197938000000000000000000000e+92	
-1.256913452153787170000000000000000000000e+92	
3.935927578145740324000000000000000000000e+91	
1.992614785441983334000000000000000000000e+92	
-4.012015083080017738000000000000000000000e+91	
1.280767628193401256000000000000000000000e+92	
-1.113048665556583852000000000000000000000e+92	
5.692747342857248762000000000000000000000e+91	
-1.824541559464260231000000000000000000000e+92	
-1.418640725864696490000000000000000000000e+91	
1.489313221344829620000000000000000000000e+92	
-9.045030724051554881000000000000000000000e+91	
7.270537623267629334000000000000000000000e+91	
-1.666762531423222174000000000000000000000e+92	
-3.482634477588346918000000000000000000000e+90	
1.545634901231387626000000000000000000000e+92	
-8.481813925185974820000000000000000000000e+91	
8.736566881691510503000000000000000000000e+91	
-1.520159605580834057000000000000000000000e+92	
2.020128969618745436000000000000000000000e+91	
1.872665551164296006000000000000000000000e+92	
-5.211507425856891018000000000000000000000e+91	
1.149861806805409408000000000000000000000e+92	
-1.243954486944575700000000000000000000000e+92	
4.274177785269879657000000000000000000000e+91	
-1.966398515222997142000000000000000000000e+92	
-2.946667126900446205000000000000000000000e+91	
1.325570344210021849000000000000000000000e+92	
-1.068245949539963259000000000000000000000e+92	
5.697410636362960054000000000000000000000e+91	
-1.824075230113689102000000000000000000000e+92	
-1.857120651141576166000000000000000000000e+91	
1.401172960745740881000000000000000000000e+92	
-9.926433330042442267000000000000000000000e+91	
7.157996859367845058000000000000000000000e+91	
-1.678016607813200602000000000000000000000e+92	
3.076749927242320655000000000000000000000e+90	
1.688038420989797234000000000000000000000e+92	
-7.057778727601878740000000000000000000000e+91	
9.518596038019558404000000000000000000000e+91	
-1.441956689948029267000000000000000000000e+92	
2.160471590363755362000000000000000000000e+91	
1.822563094347028260000000000000000000000e+92	
-5.712531994029568481000000000000000000000e+91	
1.095091467000985600000000000000000000000e+92	
-1.298724826748999507000000000000000000000e+92	
3.679818787900207431000000000000000000000e+91	
1.983196339524642391000000000000000000000e+92	
-4.106199542253427165000000000000000000000e+91	
1.237105954803510605000000000000000000000e+92	
-1.156710338946474502000000000000000000000e+92	
4.913868751717049658000000000000000000000e+91	
-1.902429418578280142000000000000000000000e+92	
-2.539610841573259730000000000000000000000e+91	
1.343024082107523038000000000000000000000e+92	
-1.050792211642462069000000000000000000000e+92	
6.363618411506717686000000000000000000000e+91	
-1.757454452599313339000000000000000000000e+92	
-6.994871683066417636000000000000000000000e+90	
1.566054423127950063000000000000000000000e+92	
-8.277618706220350444000000000000000000000e+91	
8.086184084694819088000000000000000000000e+91	
-1.585197885280503199000000000000000000000e+92	
5.155934525395046518000000000000000000000e+90	
1.636839235870490642000000000000000000000e+92	
-7.569770578794944659000000000000000000000e+91	
9.545439628411100938000000000000000000000e+91	
-1.439272330908875014000000000000000000000e+92	
2.725882461342436716000000000000000000000e+91	
1.932934106749370267000000000000000000000e+92	
-4.608821870006148409000000000000000000000e+91	
1.199828698161497397000000000000000000000e+92	
-1.193987595588487711000000000000000000000e+92	
4.670881324596817734000000000000000000000e+91	
-1.926728161290303334000000000000000000000e+92	
-2.652877719265980093000000000000000000000e+91	
1.344662993508192223000000000000000000000e+92	
-1.049153300241792885000000000000000000000e+92	
6.105691500320864830000000000000000000000e+91	
-1.783247143717898625000000000000000000000e+92	
-1.231593586458394177000000000000000000000e+91	
1.485439475644777492000000000000000000000e+92	
-9.083768181052076156000000000000000000000e+91	
7.540159057951816169000000000000000000000e+91	
-1.639800387954803491000000000000000000000e+92	
2.295634183481836835000000000000000000000e+90	
1.634222792595406499000000000000000000000e+92	
-7.595935011545786089000000000000000000000e+91	
8.969551409098707555000000000000000000000e+91	
-1.496861152840114352000000000000000000000e+92	
1.600544035243611247000000000000000000000e+91	
1.765482587823174980000000000000000000000e+92	
-6.283337059268101280000000000000000000000e+91	
1.040389114359770719000000000000000000000e+92	
-1.353427179390214389000000000000000000000e+92	
3.156564965010595420000000000000000000000e+91	
1.933246744646555273000000000000000000000e+92	
-4.605695491034298348000000000000000000000e+91	
1.182197605417034417000000000000000000000e+92	
-1.211618688332950691000000000000000000000e+92	
4.315222390888146050000000000000000000000e+91	
-1.962294054661170503000000000000000000000e+92	
-3.187795403528061392000000000000000000000e+91	
1.273254271155738284000000000000000000000e+92	
-1.120562022594246823000000000000000000000e+92	
5.771609455436656598000000000000000000000e+91	
-1.816655348206319448000000000000000000000e+92	
-1.185859569007329540000000000000000000000e+91	
1.527975581404612930000000000000000000000e+92	
-8.658407123453721774000000000000000000000e+91	
7.810927105190054378000000000000000000000e+91	
-1.612723583230979670000000000000000000000e+92	
3.458153911749484832000000000000000000000e+90	
1.630404072202946321000000000000000000000e+92	
-7.634122215470387862000000000000000000000e+91	
9.258139724703855489000000000000000000000e+91	
-1.468002321279599559000000000000000000000e+92	
2.215745244755726606000000000000000000000e+91	
1.859647743696156792000000000000000000000e+92	
-5.341685500538283150000000000000000000000e+91	
1.104280778088063743000000000000000000000e+92	
-1.289535515661921365000000000000000000000e+92	
3.492897342240153813000000000000000000000e+91	
1.936636615005594061000000000000000000000e+92	
-4.571796787443910463000000000000000000000e+91	
1.249564306544730862000000000000000000000e+92	
-1.144251987205254246000000000000000000000e+92	
5.628339317826406018000000000000000000000e+91	
-1.830982361967344506000000000000000000000e+92	
-1.235546794500354590000000000000000000000e+91	
1.532360492747725127000000000000000000000e+92	
-8.614558010022599808000000000000000000000e+91	
7.948266007530217084000000000000000000000e+91	
-1.598989692996963399000000000000000000000e+92	
5.765975555754821022000000000000000000000e+90	
1.662821964479661016000000000000000000000e+92	
-7.309943292703240916000000000000000000000e+91	
9.384295910508665227000000000000000000000e+91	
-1.455386702699118585000000000000000000000e+92	
2.143977243119201472000000000000000000000e+91	
1.832688374835978978000000000000000000000e+92	
-5.611279189140061294000000000000000000000e+91	
1.080293079299201696000000000000000000000e+92	
-1.313523214450783411000000000000000000000e+92	
3.282722266022451379000000000000000000000e+91	
1.918587820382695413000000000000000000000e+92	
-4.752284733672896944000000000000000000000e+91	
1.225259381533696900000000000000000000000e+92	
-1.168556912216288208000000000000000000000e+92	
5.322759898575224594000000000000000000000e+91	
-1.861540303892462648000000000000000000000e+92	
-1.603625263646625435000000000000000000000e+91	
1.489305851219461067000000000000000000000e+92	
-9.045104425305240410000000000000000000000e+91	
7.455282734390579367000000000000000000000e+91	
-1.648288020310927171000000000000000000000e+92	
2.120849738659622206000000000000000000000e+89	
1.601045585890228418000000000000000000000e+92	
-7.927707078597566890000000000000000000000e+91	
8.899321993061054477000000000000000000000e+91	
-1.503884094443879660000000000000000000000e+92	
1.791727108889259168000000000000000000000e+91	
1.810729134500695415000000000000000000000e+92	
-5.830871592492896929000000000000000000000e+91	
1.048848616482500946900000000000000000000e+92	
-1.344967677267484161000000000000000000000e+92	
2.873472617930291884000000000000000000000e+91	
1.868187071720630315000000000000000000000e+92	
-5.256292220293547924000000000000000000000e+91	
1.194973096039925105000000000000000000000e+92	
-1.198843197710060003000000000000000000000e+92	
5.220941572133258362000000000000000000000e+91	
-1.871722136536659272000000000000000000000e+92	
-1.504499114961893324000000000000000000000e+91	
1.519302913243031302000000000000000000000e+92	
-8.745133805069538052000000000000000000000e+91	
7.955997872370075432000000000000000000000e+91	
-1.598216506512977564000000000000000000000e+92	
7.225682490464930848000000000000000000000e+90	
1.691236036989821622000000000000000000000e+92	
-7.025802567601634856000000000000000000000e+91	
9.375747715885118690000000000000000000000e+91	
-1.456241522161473239000000000000000000000e+92	
1.842885790593392876000000000000000000000e+91	
1.773339462726343536000000000000000000000e+92	
-6.204768310236415712000000000000000000000e+91	
1.082882418942344575000000000000000000000e+92	
-1.310933874807640533000000000000000000000e+92	
3.927689933305780158000000000000000000000e+91	
2.044961204869071352000000000000000000000e+92	
-3.488550888809137552000000000000000000000e+91	
1.303706205012386648000000000000000000000e+92	
-1.090110088737598459000000000000000000000e+92	
5.628201038301408148000000000000000000000e+91	
-1.830996189919844293000000000000000000000e+92	
-1.776972822666222784000000000000000000000e+91	
1.424116053210201024000000000000000000000e+92	
-9.697002405397840830000000000000000000000e+91	
7.071302368120651334000000000000000000000e+91	
-1.686686056937919974000000000000000000000e+92	
-9.498758900460447680000000000000000000000e+89	
1.616191078480186859000000000000000000000e+92	
-7.776252152697982488000000000000000000000e+91	
8.484468938413750368000000000000000000000e+91	
-1.545369399908610071000000000000000000000e+92	
8.108479068879399348000000000000000000000e+90	
1.656066768858521995000000000000000000000e+92	
-7.377495248914631128000000000000000000000e+91	
9.955313358505168055000000000000000000000e+91	
-1.398284957899468302000000000000000000000e+92	
3.353246299953860605000000000000000000000e+91	
2.017408677681935782000000000000000000000e+92	
-3.764076160680493254000000000000000000000e+91	
1.306030637771820032000000000000000000000e+92	
-1.087785655978165076000000000000000000000e+92	
5.950066277380611896000000000000000000000e+91	
-1.798809666011923918000000000000000000000e+92	
-1.156635286085773602000000000000000000000e+91	
1.515982182616046524000000000000000000000e+92	
-8.778341111339385833000000000000000000000e+91	
7.541909077751456904000000000000000000000e+91	
-1.639625385974839417000000000000000000000e+92	
-7.221248150480371434000000000000000000000e+89	
1.573707716149622645000000000000000000000e+92	
-8.201085776003624622000000000000000000000e+91	
9.007021708911479810000000000000000000000e+91	
-1.493114122858837127000000000000000000000e+92	
2.280315587576895834000000000000000000000e+91	
1.897657903049542369000000000000000000000e+92	
-4.961583907004427390000000000000000000000e+91	
1.173828359541384695000000000000000000000e+92	
-1.219987934208600413000000000000000000000e+92	
4.503590426208006670000000000000000000000e+91	
-1.943457251129184441000000000000000000000e+92	
-2.727502269853492000000000000000000000000e+91	
1.346462561524709188000000000000000000000e+92	
-1.047353732225275919200000000000000000000e+92	
5.927720048908249186000000000000000000000e+91	
-1.801044288859160189000000000000000000000e+92	
-1.605434642936212970000000000000000000000e+91	
1.428478157288154668000000000000000000000e+92	
-9.653381364618304398000000000000000000000e+91	
7.385479890961114540000000000000000000000e+91	
-1.655268304653873654000000000000000000000e+92	
4.896117686733458852000000000000000000000e+90	
1.701679739710343749000000000000000000000e+92	
-6.921365540396413584000000000000000000000e+91	
9.609508292101294981000000000000000000000e+91	
-1.432865464539855610000000000000000000000e+92	
2.205905555666718234000000000000000000000e+91	
1.822560925307005998000000000000000000000e+92	
-5.712553684429791100000000000000000000000e+91	
1.104705678957590006000000000000000000000e+92	
-1.289110614792395102000000000000000000000e+92	
3.872076859809923332000000000000000000000e+91	
-2.006608607768992774000000000000000000000e+92	
-3.299332314162523985000000000000000000000e+91	
1.295244939046565549000000000000000000000e+92	
-1.098571354703419558000000000000000000000e+92	
5.290033654359694784000000000000000000000e+91	
-1.864812928314015629000000000000000000000e+92	
-2.368568744893770941000000000000000000000e+91	
1.339626219478760162000000000000000000000e+92	
-1.054190074271224945300000000000000000000e+92	
6.763417496498356796000000000000000000000e+91	
-1.717474544100149428000000000000000000000e+92	
1.338737508063066451000000000000000000000e+90	
1.692725121479088734000000000000000000000e+92	
-7.010911722708963740000000000000000000000e+91	
9.786021470263402342000000000000000000000e+91	
-1.415214146723644873000000000000000000000e+92	
2.648345685152219448000000000000000000000e+91	
1.893384399062345249000000000000000000000e+92	
-5.004318946876398590000000000000000000000e+91	
1.128498784263774349000000000000000000000e+92	
-1.265317509486210759000000000000000000000e+92	
3.639938283335433626000000000000000000000e+91	
-2.029822465416441745000000000000000000000e+92	
-4.001306581699733060000000000000000000000e+91	
1.178087325391573021000000000000000000000e+92	
-1.215728968358412087000000000000000000000e+92	
5.113504071909071490000000000000000000000e+91	
-1.882465886559077958000000000000000000000e+92	
-1.550546975779826494000000000000000000000e+91	
1.520834035937769269000000000000000000000e+92	
-8.729822578122158384000000000000000000000e+91	
8.032637650646396578000000000000000000000e+91	
-1.590552528685345450000000000000000000000e+92	
8.605060574123723582000000000000000000000e+90	
1.711156570230371443000000000000000000000e+92	
-6.826597235196136648000000000000000000000e+91	
9.445069860873056329000000000000000000000e+91	
-1.449309307662679475000000000000000000000e+92	
1.782389386831547072000000000000000000000e+91	
1.754314428125099792000000000000000000000e+92	
-6.395018656248853154000000000000000000000e+91	
1.091333150193476562000000000000000000000e+92	
-1.302483143556508546000000000000000000000e+92	
4.286818166327571529000000000000000000000e+91	
2.108322453225977799000000000000000000000e+92	
-2.854938405240073086000000000000000000000e+91	
1.394502218229323832000000000000000000000e+92	
-9.993140755206612751000000000000000000000e+91	
6.810372285106496736000000000000000000000e+91	
-1.712779065239335434000000000000000000000e+92	
-3.207269272414674479000000000000000000000e+90	
1.597134467804511747000000000000000000000e+92	
-7.966818259454733608000000000000000000000e+91	
8.329058558555723463000000000000000000000e+91	
-1.560910437894412761000000000000000000000e+92	
6.905757580587313851000000000000000000000e+90	
1.647551628362204031000000000000000000000e+92	
-7.462646653877810764000000000000000000000e+91	
9.795977019156398647000000000000000000000e+91	
-1.414218591834345243000000000000000000000e+92	
3.119761945665528439000000000000000000000e+91	
1.986649130866387620000000000000000000000e+92	
-4.071671628835974878000000000000000000000e+91	
1.267863667840350482000000000000000000000e+92	
-1.125952625909634626000000000000000000000e+92	
5.494359211259305060000000000000000000000e+91	
-1.844380372624054602000000000000000000000e+92	
-1.686342873007283376000000000000000000000e+91	
1.455615054610809409000000000000000000000e+92	
-9.382012391391756985000000000000000000000e+91	
6.911222415656915950000000000000000000000e+91	
-1.702694052184293513000000000000000000000e+92	
-7.299010809583330053000000000000000000000e+90	
1.505240006267589942000000000000000000000e+92	
-8.885762874823951656000000000000000000000e+91	
8.380363307993939996000000000000000000000e+91	
-1.555779962950591108000000000000000000000e+92	
1.711647010529922333000000000000000000000e+91	
1.846587141765647228000000000000000000000e+92	
-5.472291519843378796000000000000000000000e+91	
1.128550810148289706000000000000000000000e+92	
-1.265265483601695402000000000000000000000e+92	
4.108718220240402504000000000000000000000e+91	
-1.982944471725944857000000000000000000000e+92	
-3.064500004454165548000000000000000000000e+91	
1.318547354975800989000000000000000000000e+92	
-1.075268938774184118000000000000000000000e+92	
5.526568866801230500000000000000000000000e+91	
-1.841159407069862058000000000000000000000e+92	
-2.128524226640811821000000000000000000000e+91	
1.363981427238381325000000000000000000000e+92	
-1.029834866511603782900000000000000000000e+92	
6.999220774877284250000000000000000000000e+91	
-1.693894216262256683000000000000000000000e+92	
3.619320862950714444000000000000000000000e+90	
1.714756846179744107000000000000000000000e+92	
-6.790594475702410008000000000000000000000e+91	
9.998601481277481948000000000000000000000e+91	
-1.393956145622236913000000000000000000000e+92	
2.853192310746302510000000000000000000000e+91	
1.913096107945371251000000000000000000000e+92	
-4.807201858046138566000000000000000000000e+91	
1.147437924144499940000000000000000000000e+92	
-1.246378369605485168000000000000000000000e+92	
3.821607836946107947000000000000000000000e+91	
-2.011655510055374313000000000000000000000e+92	
-3.827355030372661814000000000000000000000e+91	
1.194711064395967369000000000000000000000e+92	
-1.199105229354017738000000000000000000000e+92	
5.295837032636472396000000000000000000000e+91	
-1.864232590486337868000000000000000000000e+92	
-1.352126454614684616000000000000000000000e+91	
1.542284043472129124000000000000000000000e+92	
-8.515322502778559833000000000000000000000e+91	
8.263209277893631188000000000000000000000e+91	
-1.567495365960621989000000000000000000000e+92	
1.107141238270897373000000000000000000000e+91	
1.737425644246167042000000000000000000000e+92	
-6.563906495038180656000000000000000000000e+91	
9.707026341871319988000000000000000000000e+91	
-1.423113659562853109000000000000000000000e+92	
2.043611974087190200000000000000000000000e+91	
1.780363333999923506000000000000000000000e+92	
-6.134529597500616018000000000000000000000e+91	
1.117502116542094914000000000000000000000e+92	
-1.276314177207890193000000000000000000000e+92	
4.549707837049494056000000000000000000000e+91	
-1.938845510045035702000000000000000000000e+92	
-2.072308286844348376000000000000000000000e+91	
1.472859305268417883000000000000000000000e+92	
-9.209569884815672246000000000000000000000e+91	
7.594883439310764944000000000000000000000e+91	
-1.634327949818908613000000000000000000000e+92	
4.647240428272430020000000000000000000000e+90	
1.675773499626226286000000000000000000000e+92	
-7.180427941237588220000000000000000000000e+91	
9.116387757438073321000000000000000000000e+91	
-1.482177518006177776000000000000000000000e+92	
1.478843370355693132000000000000000000000e+91	
1.726472184231556951000000000000000000000e+92	
-6.673441095184281562000000000000000000000e+91	
1.058213423262879151800000000000000000000e+92	
-1.335602870487105956000000000000000000000e+92	
3.902872330979750046000000000000000000000e+91	
2.064655638212790692000000000000000000000e+92	
-3.291606555371944156000000000000000000000e+91	
1.345565795557070510000000000000000000000e+92	
-1.048250498192914598000000000000000000000e+92	
6.268338206928788822000000000000000000000e+91	
-1.766982473057106225000000000000000000000e+92	
-9.154046447902665966000000000000000000000e+90	
1.532404952016439956000000000000000000000e+92	
-8.614113417335451518000000000000000000000e+91	
7.684515744382343611000000000000000000000e+91	
-1.625364719311750746000000000000000000000e+92	
4.878391784010491921000000000000000000000e+89	
1.583647404828728533000000000000000000000e+92	
-8.101688889212565748000000000000000000000e+91	
9.151979461948892536000000000000000000000e+91	
-1.478618347555095854000000000000000000000e+92	
2.470811532688927484000000000000000000000e+91	
1.921259050479454764000000000000000000000e+92	
-4.725572432705303432000000000000000000000e+91	
1.201978794729112031000000000000000000000e+92	
-1.191837499020873077000000000000000000000e+92	
4.830565015327463012000000000000000000000e+91	
-1.910759792217238806000000000000000000000e+92	
-2.355080072560461431000000000000000000000e+91	
1.388247280290684705000000000000000000000e+92	
-1.005569013459300402900000000000000000000e+92	
6.248904954281392498000000000000000000000e+91	
-1.768925798321845858000000000000000000000e+92	
-1.380863914153515479000000000000000000000e+91	
1.441278620682931597000000000000000000000e+92	
-9.525376730670535108000000000000000000000e+91	
7.717602485641393196000000000000000000000e+91	
-1.622056045185845788000000000000000000000e+92	
1.025750741169111347400000000000000000000e+91	
1.775685121505220099000000000000000000000e+92	
-6.181311722447650089000000000000000000000e+91	
1.055337547366994858400000000000000000000e+92	
-1.338478746382990249000000000000000000000e+92	
3.353484669526384828000000000000000000000e+91	
1.957679891837096347000000000000000000000e+92	
-4.361364019128887603000000000000000000000e+91	
1.196567606271545625000000000000000000000e+92	
-1.197248687478439482000000000000000000000e+92	
4.358341017102358202000000000000000000000e+91	
-1.957982192039749287000000000000000000000e+92	
-3.245208103539059230000000000000000000000e+91	
1.257464871651555462000000000000000000000e+92	
-1.136351422098429645000000000000000000000e+92	
5.826501700637889904000000000000000000000e+91	
-1.811166123686196117000000000000000000000e+92	
-9.182869804028301217000000000000000000000e+90	
1.575990290191554591000000000000000000000e+92	
-8.178260035584305162000000000000000000000e+91	
8.503542900861241479000000000000000000000e+91	
-1.543462003663860960000000000000000000000e+92	
1.250794155833757834000000000000000000000e+91	
1.742127676948453550000000000000000000000e+92	
-6.516886168015315575000000000000000000000e+91	
9.924828209839482263000000000000000000000e+91	
-1.401333472766036881000000000000000000000e+92	
2.432110390543144656000000000000000000000e+91	
1.836274335478347870000000000000000000000e+92	
-5.575419582716372375000000000000000000000e+91	
1.137243971928160325000000000000000000000e+92	
-1.256572321821824782000000000000000000000e+92	
4.385614932145757806000000000000000000000e+91	
-1.955254800535409327000000000000000000000e+92	
-2.597732737934534570000000000000000000000e+91	
1.384201687844879562000000000000000000000e+92	
-1.009614605905105545600000000000000000000e+92	
6.347335275479321432000000000000000000000e+91	
-1.759082766202052964000000000000000000000e+92	
-1.143616466498706679000000000000000000000e+91	
1.478878169614029193000000000000000000000e+92	
-9.149381241359559143000000000000000000000e+91	
7.799562399163108768000000000000000000000e+91	
-1.613860053833674231000000000000000000000e+92	
8.138214109116891758000000000000000000000e+90	
1.725117890020105900000000000000000000000e+92	
-6.686984037298792080000000000000000000000e+91	
9.754106360622025525000000000000000000000e+91	
-1.418405657687782555000000000000000000000e+92	
2.260764871926371626000000000000000000000e+91	
1.819077447714750562000000000000000000000e+92	
-5.747388460352345456000000000000000000000e+91	
1.120202145222427045000000000000000000000e+92	
-1.273614148527558062000000000000000000000e+92	
4.216746503978259368000000000000000000000e+91	
-1.972141643352159171000000000000000000000e+92	
-2.765052098516968523000000000000000000000e+91	
1.367624581453052153000000000000000000000e+92	
-1.026191712296932954900000000000000000000e+92	
6.183111737687959395000000000000000000000e+91	
-1.775505119981189168000000000000000000000e+92	
-1.306293248316932904000000000000000000000e+91	
1.462765090052470867000000000000000000000e+92	
-9.310512036975142408000000000000000000000e+91	
7.635378239796294083000000000000000000000e+91	
-1.630278469770355699000000000000000000000e+92	
6.465854073541740274000000000000000000000e+90	
1.708089257125714199000000000000000000000e+92	
-6.857270366242709082000000000000000000000e+91	
9.580771224340137680000000000000000000000e+91	
-1.435739171315971340000000000000000000000e+92	
2.084382445599461355000000000000000000000e+91	
1.801134627731342086000000000000000000000e+92	
-5.926816660186430210000000000000000000000e+91	
1.102927866284529620000000000000000000000e+92	
-1.290888427465455487000000000000000000000e+92	
4.050685797941519507000000000000000000000e+91	
2.049518785318839110000000000000000000000e+92	
-3.442975084311459980000000000000000000000e+91	
1.300525632394711852000000000000000000000e+92	
-1.093290661355273256000000000000000000000e+92	
5.519052291738999086000000000000000000000e+91	
-1.841911064576085199000000000000000000000e+92	
-1.963426098490856164000000000000000000000e+91	
1.397744119898279716000000000000000000000e+92	
-9.960721738517053917000000000000000000000e+91	
6.971398926523269304000000000000000000000e+91	
-1.696676401097658177000000000000000000000e+92	
-3.115666495889535362000000000000000000000e+89	
1.638939458918472148000000000000000000000e+92	
-7.548768348315129591000000000000000000000e+91	
8.875524178380406732000000000000000000000e+91	
-1.506263875911944434000000000000000000000e+92	
1.365393178217489753000000000000000000000e+91	
1.727862162756900384000000000000000000000e+92	
-6.659541309930847236000000000000000000000e+91	
1.032659984103943107300000000000000000000e+92	
-1.361156309646042000000000000000000000000e+92	
3.378037851235974108000000000000000000000e+91	
1.985255583618647978000000000000000000000e+92	
-4.085607101313371294000000000000000000000e+91	
1.239262529868999971000000000000000000000e+92	
-1.154553763880985137000000000000000000000e+92	
4.936407327701969900000000000000000000000e+91	
-1.900175560979788118000000000000000000000e+92	
-2.516099924402062332000000000000000000000e+91	
1.345472359552989858000000000000000000000e+92	
-1.048343934196995249600000000000000000000e+92	
6.386012162151431107000000000000000000000e+91	
-1.755215077534841997000000000000000000000e+92	
-6.791814018321988352000000000000000000000e+90	
1.567876305270596355000000000000000000000e+92	
-8.259399884793887522000000000000000000000e+91	
8.102316999678456334000000000000000000000e+91	
-1.583584593782139474000000000000000000000e+92	
5.296414991685862490000000000000000000000e+90	
1.638035657455107572000000000000000000000e+92	
-7.557806362948775356000000000000000000000e+91	
9.561796164469318854000000000000000000000e+91	
-1.437636677303053222000000000000000000000e+92	
2.746629131696786995000000000000000000000e+91	
1.935447568731612416000000000000000000000e+92	
-4.583687250183726917000000000000000000000e+91	
1.202780736716472508000000000000000000000e+92	
-1.191035557033512600000000000000000000000e+92	
4.704785293219935112000000000000000000000e+91	
-1.923337764427991596000000000000000000000e+92	
-2.614592349137225797000000000000000000000e+91	
1.348929452623428256000000000000000000000e+92	
-1.044886841126556851200000000000000000000e+92	
6.139034099974705302000000000000000000000e+91	
-1.779912883752514577000000000000000000000e+92	
-1.207568339048962282000000000000000000000e+91	
1.486910728855811080000000000000000000000e+92	
-9.069055648941740280000000000000000000000e+91	
7.574553282269882602000000000000000000000e+91	
-1.636360965522996847000000000000000000000e+92	
2.836295399313900624000000000000000000000e+90	
1.641595615473445344000000000000000000000e+92	
-7.522206782765397636000000000000000000000e+91	
9.001584031042811643000000000000000000000e+91	
-1.493657890645703943000000000000000000000e+92	
1.590901800908391705000000000000000000000e+91	
1.760352952784727593000000000000000000000e+92	
-6.334633409652575142000000000000000000000e+91	
1.044078538293193652700000000000000000000e+92	
-1.349737755456791455000000000000000000000e+92	
3.281605904455160899000000000000000000000e+91	
1.954561121825452515000000000000000000000e+92	
-4.392551719245325927000000000000000000000e+91	
1.187527277496478232000000000000000000000e+92	
-1.206289016253506876000000000000000000000e+92	
4.208751611403036243000000000000000000000e+91	
-1.972941132609681483000000000000000000000e+92	
-3.453954172167557653000000000000000000000e+91	
1.230677542531854466000000000000000000000e+92	
-1.163138751218130642000000000000000000000e+92	
5.684076262608907538000000000000000000000e+91	
-1.825408667489094354000000000000000000000e+92	
-9.353269966089393205000000000000000000000e+90	
1.586818590725721832000000000000000000000e+92	
-8.069977030242632758000000000000000000000e+91	
8.737086558530202765000000000000000000000e+91	
-1.520107637896964831000000000000000000000e+92	
1.609536127648661666000000000000000000000e+91	
1.790515474828773816000000000000000000000e+92	
-6.033008189212112918000000000000000000000e+91	
1.026641387891585302600000000000000000000e+92	
-1.367174905858399805000000000000000000000e+92	
2.631474564179875640000000000000000000000e+91	
1.841995681202577676000000000000000000000e+92	
-5.518206125474074318000000000000000000000e+91	
1.173030319832815444000000000000000000000e+92	
-1.220785973917169664000000000000000000000e+92	
5.043978809190269250000000000000000000000e+91	
-1.889418412830958182000000000000000000000e+92	
-1.639018012235427422000000000000000000000e+91	
1.510093297788502323000000000000000000000e+92	
-8.837229959614827843000000000000000000000e+91	
7.906303348124030118000000000000000000000e+91	
-1.603185958937582096000000000000000000000e+92	
7.152542531776608058000000000000000000000e+90	
1.694740581098631170000000000000000000000e+92	
-6.990757126513539378000000000000000000000e+91	
9.321132335350061860000000000000000000000e+91	
-1.461703060214978922000000000000000000000e+92	
1.698654209730494455000000000000000000000e+91	
1.749959144516142236000000000000000000000e+92	
-6.438571492338428720000000000000000000000e+91	
1.078482957542943716000000000000000000000e+92	
-1.315333336207041392000000000000000000000e+92	
4.073409425825337932000000000000000000000e+91	
2.078495123313988492000000000000000000000e+92	
-3.153211704359966154000000000000000000000e+91	
1.356192655890578538000000000000000000000e+92	
-1.037623637859406569300000000000000000000e+92	
6.342496550782922426000000000000000000000e+91	
-1.759566638671692865000000000000000000000e+92	
-8.733405801779441620000000000000000000000e+90	
1.533403527782119959000000000000000000000e+92	
-8.604127659678651488000000000000000000000e+91	
7.762351348904588122000000000000000000000e+91	
-1.617581158859526295000000000000000000000e+92	
1.944356025502343385000000000000000000000e+90	
1.604990806331231888000000000000000000000e+92	
-7.888254874187532196000000000000000000000e+91	
9.221728697081373986000000000000000000000e+91	
-1.471643424041847709000000000000000000000e+92	
2.396947495203487398000000000000000000000e+91	
1.899518466637893879000000000000000000000e+92	
-4.942978271120912284000000000000000000000e+91	
1.165891174406395701000000000000000000000e+92	
-1.227925119343589406000000000000000000000e+92	
4.326289847855899702000000000000000000000e+91	
-1.961187308964395137000000000000000000000e+92	
-3.002682839243014027000000000000000000000e+91	
1.309161376653063628000000000000000000000e+92	
-1.084654917096921480000000000000000000000e+92	
5.762178235169009301000000000000000000000e+91	
-1.817598470233084178000000000000000000000e+92	
-1.563609672834355706000000000000000000000e+91	
1.453387012707313980000000000000000000000e+92	
-9.404292810426711280000000000000000000000e+91	
7.195755816903413778000000000000000000000e+91	
-1.674240712059643730000000000000000000000e+92	
-1.387065507601188675000000000000000000000e+90	
1.595010310648564264000000000000000000000e+92	
-7.988059831014208440000000000000000000000e+91	
8.628421448821000573000000000000000000000e+91	
-1.530974148867885050000000000000000000000e+92	
1.310383555662093758000000000000000000000e+91	
1.741560951348194990000000000000000000000e+92	
-6.522553424017901176000000000000000000000e+91	
1.005722241118713313500000000000000000000e+92	
-1.388094052631271794000000000000000000000e+92	
2.702497340512434412000000000000000000000e+91	
1.877105437883992872000000000000000000000e+92	
-5.167108558659922354000000000000000000000e+91	
1.148841474293739986000000000000000000000e+92	
-1.244974819456245122000000000000000000000e+92	
4.209399441587247350000000000000000000000e+91	
-1.972876349591260373000000000000000000000e+92	
-3.065993328924788848000000000000000000000e+91	
1.308185652844163241000000000000000000000e+92	
-1.085630640905821867000000000000000000000e+92	
5.639139490711707582000000000000000000000e+91	
-1.829902344678814350000000000000000000000e+92	
-1.799873547112685623000000000000000000000e+91	
1.418443747146426048000000000000000000000e+92	
-9.753725466035590601000000000000000000000e+91	
7.086208680289030172000000000000000000000e+91	
-1.685195425721082090000000000000000000000e+92	
-8.487551655659920867000000000000000000000e+88	
1.631996891744648986000000000000000000000e+92	
-7.618194020053361212000000000000000000000e+91	
8.714049554201001216000000000000000000000e+91	
-1.522411338329884986000000000000000000000e+92	
1.111915411387800382000000000000000000000e+91	
1.693318650508186516000000000000000000000e+92	
-7.004976432417985921000000000000000000000e+91	
1.017617098429293455900000000000000000000e+92	
-1.376199195320691652000000000000000000000e+92	
3.422518211909428920000000000000000000000e+91	
2.009184841425701341000000000000000000000e+92	
-3.846314523242837664000000000000000000000e+91	
1.282663314240851375000000000000000000000e+92	
-1.111152979509133732000000000000000000000e+92	
5.565033533569121902000000000000000000000e+91	
-1.837312940393072917000000000000000000000e+92	
-1.692952211659868392000000000000000000000e+91	
1.447229600807527250000000000000000000000e+92	
-9.465866929424578577000000000000000000000e+91	
6.990897134764928444000000000000000000000e+91	
-1.694726580273492263000000000000000000000e+92	
-4.867784879395543928000000000000000000000e+90	
1.545888918687718237000000000000000000000e+92	
-8.479273750622668708000000000000000000000e+91	
8.440694059892378608000000000000000000000e+91	
-1.549746887760747247000000000000000000000e+92	
1.425991661968152468000000000000000000000e+91	
1.783440215474299663000000000000000000000e+92	
-6.103760782756854449000000000000000000000e+91	
1.030839702463475162100000000000000000000e+92	
-1.362976591286509946000000000000000000000e+92	
2.786137344225805734000000000000000000000e+91	
1.868724314938375069000000000000000000000e+92	
-5.250919788116100386000000000000000000000e+91	
1.175896822255045468000000000000000000000e+92	
-1.217919471494939639000000000000000000000e+92	
4.834141274398116624000000000000000000000e+91	
-1.910402166310173445000000000000000000000e+92	
-2.087239411020900513000000000000000000000e+91	
1.441444635105668199000000000000000000000e+92	
-9.523716586443169086000000000000000000000e+91	
6.981670070161986757000000000000000000000e+91	
-1.695649286733786432000000000000000000000e+92	
-4.474071580208110932000000000000000000000e+90	
1.554683472546615147000000000000000000000e+92	
-8.391328212033699608000000000000000000000e+91	
8.425759782995525644000000000000000000000e+91	
-1.551240315450432543000000000000000000000e+92	
1.308228769547121794000000000000000000000e+91	
1.761386182127886229000000000000000000000e+92	
-6.324301116220988782000000000000000000000e+91	
9.985130399140699507000000000000000000000e+91	
-1.395303253835915157000000000000000000000e+92	
2.360195550259812780000000000000000000000e+91	
1.815867728506124966000000000000000000000e+92	
-5.779485652438601419000000000000000000000e+91	
1.144822152008206456000000000000000000000e+92	
-1.248994141741778651000000000000000000000e+92	
4.741105332221500752000000000000000000000e+91	
-1.919705760527835032000000000000000000000e+92	
-1.962672940520127573000000000000000000000e+91	
1.475650694054157182000000000000000000000e+92	
-9.181655996958279254000000000000000000000e+91	
7.541116538831997366000000000000000000000e+91	
-1.639704639866785371000000000000000000000e+92	
3.293170039027651631000000000000000000000e+90	
1.654072844855239942000000000000000000000e+92	
-7.397434488947451660000000000000000000000e+91	
8.958880066066592876000000000000000000000e+91	
-1.497928287143325820000000000000000000000e+92	
1.380804924663329524000000000000000000000e+91	
1.722612304637931945000000000000000000000e+92	
-6.712039891120531622000000000000000000000e+91	
1.041783983838626758000000000000000000000e+92	
-1.352032309911358350000000000000000000000e+92	
3.612944893070866166000000000000000000000e+91	
2.023105842406114436000000000000000000000e+92	
-3.707104513438706721000000000000000000000e+91	
1.291465196973862277000000000000000000000e+92	
-1.102351096776122831000000000000000000000e+92	
5.601886654623496046000000000000000000000e+91	
-1.833627628287635503000000000000000000000e+92	
-1.707239333361628723000000000000000000000e+91	
1.440689409446461658000000000000000000000e+92	
-9.531268843035234493000000000000000000000e+91	
7.033719376173813344000000000000000000000e+91	
-1.690444356132603773000000000000000000000e+92	
-3.357859511779598218000000000000000000000e+90	
1.571799818612887409000000000000000000000e+92	
-8.220164751370976990000000000000000000000e+91	
8.470727762585318750000000000000000000000e+91	
-1.546743517491453233000000000000000000000e+92	
1.227064071479402175000000000000000000000e+91	
1.740662721771381494000000000000000000000e+92	
-6.531535719786036130000000000000000000000e+91	
9.890988075438359058000000000000000000000e+91	
-1.404717486206149202000000000000000000000e+92	
2.379089224044832554000000000000000000000e+91	
1.829055070196819830000000000000000000000e+92	
-5.647612235531652772000000000000000000000e+91	
1.134090266917351901000000000000000000000e+92	
-1.259726026832633207000000000000000000000e+92	
4.394713251764386499000000000000000000000e+91	
-1.954344968573546458000000000000000000000e+92	
-2.548019271500381604000000000000000000000e+91	
1.393232527885158232000000000000000000000e+92	
-1.000583765864826875300000000000000000000e+92	
6.478218407063129871000000000000000000000e+91	
-1.745994453043672120000000000000000000000e+92	
-9.721787964672179719000000000000000000000e+90	
1.500075372193539354000000000000000000000e+92	
-8.937409215564457534000000000000000000000e+91	
7.925496109741767250000000000000000000000e+91	
-1.601266682775808383000000000000000000000e+92	
8.537596247647625946000000000000000000000e+90	
1.720516441451002223000000000000000000000e+92	
-6.732998522989828848000000000000000000000e+91	
9.622181951269579712000000000000000000000e+91	
-1.431598098623027136000000000000000000000e+92	
2.042973293507042042000000000000000000000e+91	
1.788715846297824534000000000000000000000e+92	
-6.051004474521605739000000000000000000000e+91	
1.108038081193722053000000000000000000000e+92	
-1.285778212556263054000000000000000000000e+92	
4.276990674306771473000000000000000000000e+91	
-1.966117226319307960000000000000000000000e+92	
-2.523013635769127820000000000000000000000e+91	
1.409998809654944048000000000000000000000e+92	
-9.838174840950410592000000000000000000000e+91	
6.788467410855272004000000000000000000000e+91	
-1.714969552664457907000000000000000000000e+92	
-5.194145671207599636000000000000000000000e+90	
1.559596225161097440000000000000000000000e+92	
-8.342200685888876677000000000000000000000e+91	
8.218553877135756270000000000000000000000e+91	
-1.571960906036409481000000000000000000000e+92	
8.448170005535240013000000000000000000000e+90	
1.689437169453528775000000000000000000000e+92	
-7.043791242964563326000000000000000000000e+91	
9.654462793447844868000000000000000000000e+91	
-1.428370014405200621000000000000000000000e+92	
2.418156961206055696000000000000000000000e+91	
1.860507430453586726000000000000000000000e+92	
-5.333088632963983812000000000000000000000e+91	
1.107226113542117051000000000000000000000e+92	
-1.286590180207868056000000000000000000000e+92	
3.543196804146921737000000000000000000000e+91	
-2.039496613335292934000000000000000000000e+92	
-3.982120554962406604000000000000000000000e+91	
1.191592909320309457000000000000000000000e+92	
-1.202223384429675651000000000000000000000e+92	
5.003249261858437060000000000000000000000e+91	
-1.893491367564141402000000000000000000000e+92	
-1.905990351980643395000000000000000000000e+91	
1.460783043945764777000000000000000000000e+92	
-9.330332498042203305000000000000000000000e+91	
7.187183148711452423000000000000000000000e+91	
-1.675097978878839865000000000000000000000e+92	
-2.297711255295374850000000000000000000000e+90	
1.577658767869657288000000000000000000000e+92	
-8.161575258803278196000000000000000000000e+91	
8.629568994676836596000000000000000000000e+91	
-1.530859394282301448000000000000000000000e+92	
1.486107151041631119000000000000000000000e+91	
1.776582227752330658000000000000000000000e+92	
-6.172340659976544494000000000000000000000e+91	
1.011118582864945343200000000000000000000e+92	
-1.382697710885039764000000000000000000000e+92	
2.460358845128079176000000000000000000000e+91	
1.823296133096824380000000000000000000000e+92	
-5.705201606531607276000000000000000000000e+91	
1.157715429420319483000000000000000000000e+92	
-1.236100864329665624000000000000000000000e+92	
4.924659637649622896000000000000000000000e+91	
-1.901350329985022818000000000000000000000e+92	
-1.724524287157124963000000000000000000000e+91	
1.504922277199561986000000000000000000000e+92	
-8.888940165504231220000000000000000000000e+91	
7.888372392054816214000000000000000000000e+91	
-1.604979054544503486000000000000000000000e+92	
7.310857360869044411000000000000000000000e+90	
1.699698293039849965000000000000000000000e+92	
-6.941180007101351423000000000000000000000e+91	
9.328535426093156535000000000000000000000e+91	
-1.460962751140669454000000000000000000000e+92	
1.663904260456546078000000000000000000000e+91	
1.742270943407710258000000000000000000000e+92	
-6.515453503422748496000000000000000000000e+91	
1.079718376961175337000000000000000000000e+92	
-1.314097916788809770000000000000000000000e+92	
4.174955415296832740000000000000000000000e+91	
2.097564463002450780000000000000000000000e+92	
-2.962518307475343280000000000000000000000e+91	
1.384172299741790399000000000000000000000e+92	
-1.009643994008194708200000000000000000000e+92	
6.711351687216313706000000000000000000000e+91	
-1.722681125028353737000000000000000000000e+92	
-4.154710674610595289000000000000000000000e+90	
1.588087486724123598000000000000000000000e+92	
-8.057288070258615100000000000000000000000e+91	
8.242860949971848492000000000000000000000e+91	
-1.569530198752800258000000000000000000000e+92	
6.086482255577851498000000000000000000000e+90	
1.639785670212506182000000000000000000000e+92	
-7.540306235374789255000000000000000000000e+91	
9.709393074482996240000000000000000000000e+91	
-1.422876986301685484000000000000000000000e+92	
3.024258079183037678000000000000000000000e+91	
1.976207195952930929000000000000000000000e+92	
-4.176090977970541782000000000000000000000e+91	
1.256530628356465356000000000000000000000e+92	
-1.137285665393519752000000000000000000000e+92	
5.372122205455829241000000000000000000000e+91	
-1.856604073204402184000000000000000000000e+92	
-1.817482057242747225000000000000000000000e+91	
1.441611361376734970000000000000000000000e+92	
-9.522049323732501377000000000000000000000e+91	
6.790197936904958579000000000000000000000e+91	
-1.714796500059489250000000000000000000000e+92	
-8.319225680056454600000000000000000000000e+90	
1.496937211015796904000000000000000000000e+92	
-8.968790827341882040000000000000000000000e+91	
8.257265500022433924000000000000000000000e+91	
-1.568089743747741715000000000000000000000e+92	
1.548499288577835957000000000000000000000e+91	
1.826269371327256786000000000000000000000e+92	
-5.675469224227283210000000000000000000000e+91	
1.104232033629665096000000000000000000000e+92	
-1.289584260120320011000000000000000000000e+92	
3.825540305966949516000000000000000000000e+91	
-2.011262263153290156000000000000000000000e+92	
-3.387648166009125541000000000000000000000e+91	
1.282237503282277248000000000000000000000e+92	
-1.111578790467707859000000000000000000000e+92	
5.248476943257285066000000000000000000000e+91	
-1.868968599424256601000000000000000000000e+92	
-2.321651861829691032000000000000000000000e+91	
1.353160864156763060000000000000000000000e+92	
-1.040655429593222047500000000000000000000e+92	
6.711504161770509759000000000000000000000e+91	
-1.722665877572934132000000000000000000000e+92	
-1.052061722837534222000000000000000000000e+90	
1.650109785010505854000000000000000000000e+92	
-7.437065087394792536000000000000000000000e+91	
9.172887764392107798000000000000000000000e+91	
-1.476527517310774328000000000000000000000e+92	
1.848324692172698182000000000000000000000e+91	
1.794702871830293377000000000000000000000e+92	
-5.991134219196917304000000000000000000000e+91	
1.060172259567178507000000000000000000000e+92	
-1.333644034182806601000000000000000000000e+92	
3.260071994679630674000000000000000000000e+91	
1.934169699594834745000000000000000000000e+92	
-4.596465941551503622000000000000000000000e+91	
1.203064202448468429000000000000000000000e+92	
-1.190752091301516679000000000000000000000e+92	
4.723225528968226783000000000000000000000e+91	
-1.921493740853162429000000000000000000000e+92	
-2.580554301353000922000000000000000000000e+91	
1.353892262352712632000000000000000000000e+92	
-1.039924031397272475400000000000000000000e+92	
6.155613731955907890000000000000000000000e+91	
-1.778254920554394318000000000000000000000e+92	
-1.224020725225519040000000000000000000000e+91	
1.481963932319245530000000000000000000000e+92	
-9.118523614307395770000000000000000000000e+91	
7.594998171810912883000000000000000000000e+91	
-1.634316476568893819000000000000000000000e+92	
3.739524910090736640000000000000000000000e+90	
1.657612239129428957000000000000000000000e+92	
-7.362040546205561506000000000000000000000e+91	
9.013777250873541130000000000000000000000e+91	
-1.492438568662630995000000000000000000000e+92	
1.455195645401618680000000000000000000000e+91	
1.731999760174566432000000000000000000000e+92	
-6.618165335754186754000000000000000000000e+91	
1.047036876879688286100000000000000000000e+92	
-1.346779416870296822000000000000000000000e+92	
3.624148774908026170000000000000000000000e+91	
2.020095782346692550000000000000000000000e+92	
-3.737205114032925572000000000000000000000e+91	
1.284326744261998687000000000000000000000e+92	
-1.109489549487986421000000000000000000000e+92	
5.489238746657405404000000000000000000000e+91	
-1.844892419084244567000000000000000000000e+92	
-1.861130086723133818000000000000000000000e+91	
1.421178102093989858000000000000000000000e+92	
-9.726381916559952495000000000000000000000e+91	
6.926077311370084674000000000000000000000e+91	
-1.701208562612976640000000000000000000000e+92	
-3.560005387568425779000000000000000000000e+90	
1.578516756594291318000000000000000000000e+92	
-8.152995371556937892000000000000000000000e+91	
8.352941295646809500000000000000000000000e+91	
-1.558522164185304158000000000000000000000e+92	
9.244138043400855189000000000000000000000e+90	
1.691920515111683656000000000000000000000e+92	
-7.018957786383014518000000000000000000000e+91	
9.795117449000794636000000000000000000000e+91	
-1.414304548849905644000000000000000000000e+92	
2.674575175260150507000000000000000000000e+91	
1.897719846530664785000000000000000000000e+92	
-4.960964472193203224000000000000000000000e+91	
1.134545877934443666000000000000000000000e+92	
-1.259270415815541442000000000000000000000e+92	
3.717517163755249968000000000000000000000e+91	
-2.022064577374460111000000000000000000000e+92	
-3.906628271637869272000000000000000000000e+91	
1.189264248378573116000000000000000000000e+92	
-1.204552045371411991000000000000000000000e+92	
5.188965884306151672000000000000000000000e+91	
-1.874919705319369940000000000000000000000e+92	
-1.511374511826545030000000000000000000000e+91	
1.521124153492392437000000000000000000000e+92	
-8.726921402575926702000000000000000000000e+91	
7.999285588834426758000000000000000000000e+91	
-1.593887734866542432000000000000000000000e+92	
7.909188003076298190000000000000000000000e+90	
1.700576128299266934000000000000000000000e+92	
-6.932401654507181736000000000000000000000e+91	
9.416027367634000727000000000000000000000e+91	
-1.452213556986585035000000000000000000000e+92	
1.830070617732918909000000000000000000000e+91	
1.766751105337310065000000000000000000000e+92	
-6.270651884126750422000000000000000000000e+91	
1.087529838067755690000000000000000000000e+92	
-1.306286455682229417000000000000000000000e+92	
4.086465972873242543000000000000000000000e+91	
-1.985169696462660853000000000000000000000e+92	
-2.698987852288510608000000000000000000000e+91	
1.393855712363777252000000000000000000000e+92	
-9.999605813862078561000000000000000000000e+91	
6.641572443848652880000000000000000000000e+91	
-1.729659049365119820000000000000000000000e+92	
-6.517807623230256430000000000000000000000e+90	
1.547811759771254256000000000000000000000e+92	
-8.460045339787308516000000000000000000000e+91	
8.070147042488292772000000000000000000000e+91	
-1.586801589501155830000000000000000000000e+92	
6.658631949673761086000000000000000000000e+90	
1.668488612025137254000000000000000000000e+92	
-7.253276817248478540000000000000000000000e+91	
9.509851193847243139000000000000000000000e+91	
-1.442831174365260794000000000000000000000e+92	
2.338387050606688502000000000000000000000e+91	
1.859011381332318886000000000000000000000e+92	
-5.348049124176662217000000000000000000000e+91	
1.092021315060130789000000000000000000000e+92	
-1.301794978689854318000000000000000000000e+92	
3.254129549738172630000000000000000000000e+91	
-2.068403338776167844000000000000000000000e+92	
-4.408138888894630887000000000000000000000e+91	
1.135302783587680828000000000000000000000e+92	
-1.258513510162304279000000000000000000000e+92	
4.730689828182636342000000000000000000000e+91	
-1.920747310931721473000000000000000000000e+92	
-1.888352455754930001000000000000000000000e+91	
1.491552124374576420000000000000000000000e+92	
-9.022641693754086877000000000000000000000e+91	
7.784782511096953009000000000000000000000e+91	
-1.615338042640289807000000000000000000000e+92	
6.575925168266437246000000000000000000000e+90	
1.695357139469929282000000000000000000000e+92	
-6.984591542800558258000000000000000000000e+91	
9.315190603272582296000000000000000000000e+91	
-1.462297233422726878000000000000000000000e+92	
1.680611187282613813000000000000000000000e+91	
1.746945315476454408000000000000000000000e+92	
-6.468709782735306992000000000000000000000e+91	
1.078032008221719819000000000000000000000e+92	
-1.315784285528265288000000000000000000000e+92	
4.094515975173069092000000000000000000000e+91	
2.083166107677047436000000000000000000000e+92	
-3.106501860729376720000000000000000000000e+91	
1.363422695488653771000000000000000000000e+92	
-1.030393598261331336800000000000000000000e+92	
6.440374763522380234000000000000000000000e+91	
-1.749778817397747084000000000000000000000e+92	
-7.498972799331382702000000000000000000000e+90	
1.548303094265293215000000000000000000000e+92	
-8.455131994846918922000000000000000000000e+91	
7.857088782331717146000000000000000000000e+91	
-1.608107415516813393000000000000000000000e+92	
2.349418071422543013000000000000000000000e+90	
1.603621002820041256000000000000000000000e+92	
-7.901952909299438520000000000000000000000e+91	
9.322720991527115245000000000000000000000e+91	
-1.461544194597273583000000000000000000000e+92	
2.612573041533799304000000000000000000000e+91	
1.932538641532646605000000000000000000000e+92	
-4.612776522173385030000000000000000000000e+91	
1.210363267475291906000000000000000000000e+92	
-1.183453026274693202000000000000000000000e+92	
4.885472967787964085000000000000000000000e+91	
-1.905268996971188699000000000000000000000e+92	
-2.329094494202852499000000000000000000000e+91	
1.387955040089309617000000000000000000000e+92	
-1.005861253660675490500000000000000000000e+92	
6.307142813798262448000000000000000000000e+91	
-1.763102012370158863000000000000000000000e+92	
-1.261496230593004384000000000000000000000e+91	
1.459325329209423885000000000000000000000e+92	
-9.344909645405612224000000000000000000000e+91	
7.768567319380949782000000000000000000000e+91	
-1.616959561811890129000000000000000000000e+92	
9.472777724715777859000000000000000000000e+90	
1.754900486093163577000000000000000000000e+92	
-6.389158076568215308000000000000000000000e+91	
1.021622011908213131500000000000000000000e+92	
-1.372194281841771976000000000000000000000e+92	
2.887084667384786860000000000000000000000e+91	
1.898121858956268668000000000000000000000e+92	
-4.956944347937164394000000000000000000000e+91	
1.164418637806755894000000000000000000000e+92	
-1.229397655943229214000000000000000000000e+92	
4.310805570553059636000000000000000000000e+91	
-1.962735736694679144000000000000000000000e+92	
-3.018925650166650053000000000000000000000e+91	
1.307461279948389082000000000000000000000e+92	
-1.086355013801596026000000000000000000000e+92	
5.746804108538276468000000000000000000000e+91	
-1.819135882896157461000000000000000000000e+92	
-1.577357768675014824000000000000000000000e+91	
1.452174725279954590000000000000000000000e+92	
-9.416415684700305175000000000000000000000e+91	
7.180211047749674526000000000000000000000e+91	
-1.675795188975017655000000000000000000000e+92	
-1.576715118274325730000000000000000000000e+90	
1.592771965562380834000000000000000000000e+92	
-8.010443281876042736000000000000000000000e+91	
8.613300168374712216000000000000000000000e+91	
-1.532486276912513886000000000000000000000e+92	
1.302520831483668154000000000000000000000e+91	
1.741500173322234581000000000000000000000e+92	
-6.523161204277505268000000000000000000000e+91	
1.004126724287819684400000000000000000000e+92	
-1.389689569462165423000000000000000000000e+92	
2.671202422053554314000000000000000000000e+91	
1.872442734432935156000000000000000000000e+92	
-5.213735593170499518000000000000000000000e+91	
1.147428645594846954000000000000000000000e+92	
-1.246387648155138154000000000000000000000e+92	
4.227753728542875387000000000000000000000e+91	
-1.971040920895697569000000000000000000000e+92	
-3.015172633552618074000000000000000000000e+91	
1.316512747474738229000000000000000000000e+92	
-1.077303546275246879000000000000000000000e+92	
5.653647987214816853000000000000000000000e+91	
-1.828451495028503422000000000000000000000e+92	
-1.854093279561649414000000000000000000000e+91	
1.406152371388318331000000000000000000000e+92	
-9.876639223616667763000000000000000000000e+91	
7.108786393145746486000000000000000000000e+91	
-1.682937654435410459000000000000000000000e+92	
1.595092252326946635000000000000000000000e+90	
1.663331238799465199000000000000000000000e+92	
-7.304850549505199083000000000000000000000e+91	
9.172667384053542928000000000000000000000e+91	
-1.476549555344630815000000000000000000000e+92	
1.715735302187760278000000000000000000000e+91	
1.768213619445284116000000000000000000000e+92	
-6.256026743047009914000000000000000000000e+91	
1.061708131516887106000000000000000000000e+92	
-1.332108162233098002000000000000000000000e+92	
3.555542485530853343000000000000000000000e+91	
1.991713985557137591000000000000000000000e+92	
-4.021023081928475166000000000000000000000e+91	
1.234434490010815542000000000000000000000e+92	
-1.159381803739169565000000000000000000000e+92	
4.775318680129228536000000000000000000000e+91	
-1.916284425737062254000000000000000000000e+92	
-2.789940679943347296000000000000000000000e+91	
1.306818684510285186000000000000000000000e+92	
-1.086997609239699921000000000000000000000e+92	
6.238410753412578066000000000000000000000e+91	
-1.769975218408727301000000000000000000000e+92	
-5.879663792859494202000000000000000000000e+90	
1.600867565531209304000000000000000000000e+92	
-7.929487282187758035000000000000000000000e+91	
8.670808390267660628000000000000000000000e+91	
-1.526735454723219045000000000000000000000e+92	
1.336592944783037063000000000000000000000e+91	
1.742564940132251056000000000000000000000e+92	
-6.512513536177340520000000000000000000000e+91	
1.010145617516085485400000000000000000000e+92	
-1.383670676233899622000000000000000000000e+92	
2.780907963431465030000000000000000000000e+91	
1.888362485198531632000000000000000000000e+92	
-5.054538085514534755000000000000000000000e+91	
1.152856651691543888000000000000000000000e+92	
-1.240959642058441220000000000000000000000e+92	
4.177168556845734686000000000000000000000e+91	
-1.976099438065411639000000000000000000000e+92	
-3.170570849874216197000000000000000000000e+91	
1.290496837586867480000000000000000000000e+92	
-1.103319456163117628000000000000000000000e+92	
5.615466698555749107000000000000000000000e+91	
-1.832269623894410197000000000000000000000e+92	
-1.670407229188402983000000000000000000000e+91	
1.446696668707936337000000000000000000000e+92	
-9.471196250420487702000000000000000000000e+91	
7.044544523776780389000000000000000000000e+91	
-1.689361841372307069000000000000000000000e+92	
-3.741837397238433539000000000000000000000e+90	
1.563040195809979968000000000000000000000e+92	
-8.307760979400051396000000000000000000000e+91	
8.487331471507371727000000000000000000000e+91	
-1.545083146599247935000000000000000000000e+92	
1.347815860409125148000000000000000000000e+91	
1.763147525551527426000000000000000000000e+92	
-6.306687681984576810000000000000000000000e+91	
9.980781112330781607000000000000000000000e+91	
-1.395738182516906947000000000000000000000e+92	
2.333894472540540428000000000000000000000e+91	
1.811043534113001593000000000000000000000e+92	
-5.827727596369835148000000000000000000000e+91	
1.144646165235651404000000000000000000000e+92	
-1.249170128514333703000000000000000000000e+92	
4.785804408073451676000000000000000000000e+91	
-1.915235852942639940000000000000000000000e+92	
-1.871538042206489020000000000000000000000e+91	
1.489405455170771173000000000000000000000e+92	
-9.044108385792139344000000000000000000000e+91	
7.725053764742359778000000000000000000000e+91	
-1.621310917275749130000000000000000000000e+92	
5.596207579442585146000000000000000000000e+90	
1.681737565560138483000000000000000000000e+92	
-7.120787281898466248000000000000000000000e+91	
9.140789906799659670000000000000000000000e+91	
-1.479737303070019141000000000000000000000e+92	
1.468024546808124795000000000000000000000e+91	
1.721869957419958976000000000000000000000e+92	
-6.719463363300261316000000000000000000000e+91	
1.061064871553992397000000000000000000000e+92	
-1.332751422195992710000000000000000000000e+92	
4.005886470384188276000000000000000000000e+91	
2.082403310195259175000000000000000000000e+92	
-3.114129835547259322000000000000000000000e+91	
1.370756019819414810000000000000000000000e+92	
-1.023060273930570297400000000000000000000e+92	
6.594628933171878411000000000000000000000e+91	
-1.734353400432797266000000000000000000000e+92	
-5.147624556734301086000000000000000000000e+90	
1.579900616983310996000000000000000000000e+92	
-8.139156767666741121000000000000000000000e+91	
8.178406272657423080000000000000000000000e+91	
-1.575975666484242800000000000000000000000e+92	
5.615989019416475484000000000000000000000e+90	
1.636820407012478824000000000000000000000e+92	
-7.569958867375062838000000000000000000000e+91	
9.642976825493009112000000000000000000000e+91	
-1.429518611200684196000000000000000000000e+92	
2.921096509268225849000000000000000000000e+91	
1.962218335564919856000000000000000000000e+92	
-4.315979581850652512000000000000000000000e+91	
1.238870892357793994000000000000000000000e+92	
-1.154945401392191113000000000000000000000e+92	
5.158834358124912237000000000000000000000e+91	
-1.877932857937493884000000000000000000000e+92	
-2.067442132247242968000000000000000000000e+91	
1.412949956167264960000000000000000000000e+92	
-9.808663375827201472000000000000000000000e+91	
6.581513697562452960000000000000000000000e+91	
-1.735664923993739812000000000000000000000e+92	
-9.627157777469961237000000000000000000000e+90	
1.491643116616784215000000000000000000000e+92	
-9.021731771332008923000000000000000000000e+91	
8.039695457545955572000000000000000000000e+91	
-1.589846747995389550000000000000000000000e+92	
1.166382078200593490000000000000000000000e+91	
1.771611122480593867000000000000000000000e+92	
-6.222051712693912406000000000000000000000e+91	
1.033135441879810370400000000000000000000e+92	
-1.360680851870174737000000000000000000000e+92	
2.950272767760307753000000000000000000000e+91	
1.899248634254355828000000000000000000000e+92	
-4.945676594956292794000000000000000000000e+91	
1.176527910788751189000000000000000000000e+92	
-1.217288382961233919000000000000000000000e+92	
4.541668620867945046000000000000000000000e+91	
-1.939649431663190603000000000000000000000e+92	
-2.678346908500287432000000000000000000000e+91	
1.352485263054543582000000000000000000000e+92	
-1.041331030695441525100000000000000000000e+92	
5.964443207092466874000000000000000000000e+91	
-1.797371973040738420000000000000000000000e+92	
-1.592203644755498282000000000000000000000e+91	
1.427453210234811381000000000000000000000e+92	
-9.663630835151737263000000000000000000000e+91	
7.424918380468346054000000000000000000000e+91	
-1.651324455703150502000000000000000000000e+92	
5.787134901282092474000000000000000000000e+90	
1.715553763471927762000000000000000000000e+92	
-6.782625302780573450000000000000000000000e+91	
9.797862342391703072000000000000000000000e+91	
-1.414030059510814800000000000000000000000e+92	
2.443848727439415015000000000000000000000e+91	
1.851311686742077901000000000000000000000e+92	
-5.425046070079072068000000000000000000000e+91	
1.122932063173974851000000000000000000000e+92	
-1.270884230576010257000000000000000000000e+92	
3.949149306213451282000000000000000000000e+91	
-1.998901363128639980000000000000000000000e+92	
-3.327398913158827880000000000000000000000e+91	
1.281929607037692728000000000000000000000e+92	
-1.111886686712292379000000000000000000000e+92	
5.379376233142284568000000000000000000000e+91	
-1.855878670435756651000000000000000000000e+92	
-2.056840996263179398000000000000000000000e+91	
1.393026443934913871000000000000000000000e+92	
-1.000789849815071236500000000000000000000e+92	
6.826466611831738608000000000000000000000e+91	
-1.711169632566811247000000000000000000000e+92	
-2.737958849255827720000000000000000000000e+90	
1.604909708951417045000000000000000000000e+92	
-7.889065847985680628000000000000000000000e+91	
8.437617000377905133000000000000000000000e+91	
-1.550054593712194594000000000000000000000e+92	
8.299248990676158768000000000000000000000e+90	
1.664564080028104068000000000000000000000e+92	
-7.292522137218810394000000000000000000000e+91	
9.900765267866743939000000000000000000000e+91	
-1.403739766963310714000000000000000000000e+92	
3.159246442177722891000000000000000000000e+91	
1.984070455254638984000000000000000000000e+92	
-4.097458384953461238000000000000000000000e+91	
1.258761115305082391000000000000000000000e+92	
-1.135055178444902716000000000000000000000e+92	
5.338127383899976760000000000000000000000e+91	
-1.860003555359987432000000000000000000000e+92	
-1.907748551302600578000000000000000000000e+91	
1.426960345179759378000000000000000000000e+92	
-9.668559485702257293000000000000000000000e+91	
6.762871688041718416000000000000000000000e+91	
-1.717529124945813266000000000000000000000e+92	
-7.401242177468535114000000000000000000000e+90	
1.518023577507295807000000000000000000000e+92	
-8.757927162426893004000000000000000000000e+91	
8.215956056022953238000000000000000000000e+91	
-1.572220688147689784000000000000000000000e+92	
1.255142234076209338000000000000000000000e+91	
1.771741448422461463000000000000000000000e+92	
-6.220748453275236445000000000000000000000e+91	
1.024524430623276165800000000000000000000e+92	
-1.369291863126708942000000000000000000000e+92	
2.776792786023152931000000000000000000000e+91	
1.873167997279684793000000000000000000000e+92	
-5.206482964703003144000000000000000000000e+91	
1.168956784992784143000000000000000000000e+92	
-1.224859508757200965000000000000000000000e+92	
4.650960358835862461000000000000000000000e+91	
-1.928720257866398862000000000000000000000e+92	
-2.384144244621144427000000000000000000000e+91	
1.400387419613971503000000000000000000000e+92	
-9.934288741360136043000000000000000000000e+91	
6.457487162483207236000000000000000000000e+91	
-1.748067577501664384000000000000000000000e+92	
-1.085144278058835196000000000000000000000e+91	
1.479559990533311333000000000000000000000e+92	
-9.142563032166737748000000000000000000000e+91	
7.915648068898032246000000000000000000000e+91	
-1.602251486860181883000000000000000000000e+92	
1.039120162302420542000000000000000000000e+91	
1.758563638142391562000000000000000000000e+92	
-6.352526556075935460000000000000000000000e+91	
1.019766824690247549800000000000000000000e+92	
-1.374049469059737558000000000000000000000e+92	
2.813376865525564268000000000000000000000e+91	
1.885238230734883090000000000000000000000e+92	
-5.085780630151020177000000000000000000000e+91	
1.163215094288565340000000000000000000000e+92	
-1.230601199461419768000000000000000000000e+92	
4.415512854393643611000000000000000000000e+91	
-1.952265008310620746000000000000000000000e+92	
-2.797533746384604113000000000000000000000e+91	
1.341263125304040850000000000000000000000e+92	
-1.052553168445944257100000000000000000000e+92	
5.837637345431647440000000000000000000000e+91	
-1.810052559206820364000000000000000000000e+92	
-1.733586732345351040000000000000000000000e+91	
1.411857904344379150000000000000000000000e+92	
-9.819583894056059572000000000000000000000e+91	
7.299999114905884247000000000000000000000e+91	
-1.663816382259396683000000000000000000000e+92	
4.848125733909077297000000000000000000000e+90	
1.709263962997666875000000000000000000000e+92	
-6.845523307523182324000000000000000000000e+91	
9.765951820495733521000000000000000000000e+91	
-1.417221111700411756000000000000000000000e+92	
2.442910266920618857000000000000000000000e+91	
1.854313505448445657000000000000000000000e+92	
-5.395027883015394506000000000000000000000e+91	
1.119380796352843475000000000000000000000e+92	
-1.274435497397141633000000000000000000000e+92	
3.848138395317481042000000000000000000000e+91	
-2.009002454218237004000000000000000000000e+92	
-3.493875470379352414000000000000000000000e+91	
1.258738644696979736000000000000000000000e+92	
-1.135077649053005371000000000000000000000e+92	
5.286206310693570203000000000000000000000e+91	
-1.865195662680628087000000000000000000000e+92	
-2.011340264022013952000000000000000000000e+91	
1.411436681437374678000000000000000000000e+92	
-9.823796123126104300000000000000000000000e+91	
6.717101851372353840000000000000000000000e+91	
-1.722106108612749724000000000000000000000e+92	
-6.764817317532178407000000000000000000000e+90	
1.535323613275010290000000000000000000000e+92	
-8.584926804749748172000000000000000000000e+91	
8.157370950751719686000000000000000000000e+91	
-1.578079198674813139000000000000000000000e+92	
9.650869184624028829000000000000000000000e+90	
1.719600415351653935000000000000000000000e+92	
-6.742158783983311722000000000000000000000e+91	
9.572006770673737204000000000000000000000e+91	
-1.436615616682611387000000000000000000000e+92	
1.951803605109738695000000000000000000000e+91	
1.775501466842208469000000000000000000000e+92	
-6.183148269077766382000000000000000000000e+91	
1.103509801627365809000000000000000000000e+92	
-1.290306492122619298000000000000000000000e+92	
4.318525649621852299000000000000000000000e+91	
2.102491780398072714000000000000000000000e+92	
-2.913245133519123939000000000000000000000e+91	
1.379674603960692341000000000000000000000e+92	
-1.014141689789292766800000000000000000000e+92	
6.572171502884888833000000000000000000000e+91	
-1.736599143461496224000000000000000000000e+92	
-6.488075964094095440000000000000000000000e+90	
1.555342885224788057000000000000000000000e+92	
-8.384734085251970506000000000000000000000e+91	
7.992321804172778580000000000000000000000e+91	
-1.594584113332707250000000000000000000000e+92	
4.349776748879258872000000000000000000000e+90	
1.630101649156710810000000000000000000000e+92	
-7.637146445932742980000000000000000000000e+91	
9.450144890332641801000000000000000000000e+91	
-1.448801804716720928000000000000000000000e+92	
2.602682746643739008000000000000000000000e+91	
1.917825026358042954000000000000000000000e+92	
-4.759912673919421531000000000000000000000e+91	
1.181931896898148300000000000000000000000e+92	
-1.211884396851836808000000000000000000000e+92	
4.464049976829585452000000000000000000000e+91	
-1.947411296067026562000000000000000000000e+92	
-2.887558535484910486000000000000000000000e+91	
1.318411351019233973000000000000000000000e+92	
-1.075404942730751135000000000000000000000e+92	
5.902416685236868153000000000000000000000e+91	
-1.803574625226298292000000000000000000000e+92	
-1.375656274372788299000000000000000000000e+91	
1.476951472773956283000000000000000000000e+92	
-9.168648209760288248000000000000000000000e+91	
7.330189507814736370000000000000000000000e+91	
-1.660797342968511471000000000000000000000e+92	
-1.054334002027409922000000000000000000000e+90	
1.588226606102300424000000000000000000000e+92	
-8.055896876476846837000000000000000000000e+91	
8.774579693908355302000000000000000000000e+91	
-1.516358324359149577000000000000000000000e+92	
1.670430592754359669000000000000000000000e+91	
1.798943889703492988000000000000000000000e+92	
-5.948724040464921193000000000000000000000e+91	
1.037407607101436422500000000000000000000e+92	
-1.356408686648548685000000000000000000000e+92	
2.762503165132529239000000000000000000000e+91	
1.857434019312550963000000000000000000000e+92	
-5.363822744374341449000000000000000000000e+91	
1.183507018692839955000000000000000000000e+92	
-1.210309275057145152000000000000000000000e+92	
5.099154097767199878000000000000000000000e+91	
-1.883900883973265120000000000000000000000e+92	
-1.633409743494281907000000000000000000000e+91	
1.505699889469537714000000000000000000000e+92	
-8.881164042804473933000000000000000000000e+91	
7.812851568632163892000000000000000000000e+91	
-1.612531136886768718000000000000000000000e+92	
5.723094207418405871000000000000000000000e+90	
1.675499255670060055000000000000000000000e+92	
-7.183170380799250526000000000000000000000e+91	
9.233631502482113509000000000000000000000e+91	
-1.470453143501773757000000000000000000000e+92	
1.716013586756338701000000000000000000000e+91	
1.762175884654107409000000000000000000000e+92	
-6.316404090958776983000000000000000000000e+91	
1.068510548735365659000000000000000000000e+92	
-1.325305745014619448000000000000000000000e+92	
3.751904276522394462000000000000000000000e+91	
2.024177539588148105000000000000000000000e+92	
-3.696387541618370030000000000000000000000e+91	
1.279719035203441836000000000000000000000e+92	
-1.114097258546543271000000000000000000000e+92	
5.356310237739202542000000000000000000000e+91	
-1.858185269976064853000000000000000000000e+92	
-2.080866790827952213000000000000000000000e+91	
1.390527932328372337000000000000000000000e+92	
-1.003288361421612770600000000000000000000e+92	
6.803544676780028036000000000000000000000e+91	
-1.713461826071982304000000000000000000000e+92	
-2.946556657421528702000000000000000000000e+90	
1.603029843666517570000000000000000000000e+92	
-7.907864500834675372000000000000000000000e+91	
8.420878449739662161000000000000000000000e+91	
-1.551728448776018892000000000000000000000e+92	
8.152454253937878880000000000000000000000e+90	
1.663301937883552004000000000000000000000e+92	
-7.305143558664331032000000000000000000000e+91	
9.883806948167303059000000000000000000000e+91	
-1.405435598933254802000000000000000000000e+92	
3.137953382558564730000000000000000000000e+91	
1.981507891026758073000000000000000000000e+92	
-4.123084027232270350000000000000000000000e+91	
1.255765508429883198000000000000000000000e+92	
-1.138050785320101910000000000000000000000e+92	
5.303843043788204587000000000000000000000e+91	
-1.863431989371164649000000000000000000000e+92	
-1.946359008733280432000000000000000000000e+91	
1.422666903001688433000000000000000000000e+92	
-9.711493907482966745000000000000000000000e+91	
6.729142723228375970000000000000000000000e+91	
-1.720902021427147510000000000000000000000e+92	
-7.646523068514678497000000000000000000000e+90	
1.516490398269837918000000000000000000000e+92	
-8.773258954801471895000000000000000000000e+91	
8.181189695856562124000000000000000000000e+91	
-1.575697324164328895000000000000000000000e+92	
1.200950978074753039000000000000000000000e+91	
1.764380799953141804000000000000000000000e+92	
-6.294354937968433040000000000000000000000e+91	
1.015223225518012440300000000000000000000e+92	
-1.378593068231972667000000000000000000000e+92	
2.664384826134746298000000000000000000000e+91	
1.859988575679010595000000000000000000000e+92	
-5.338277180709745123000000000000000000000e+91	
1.159896395289368750000000000000000000000e+92	
-1.233919898460616358000000000000000000000e+92	
4.601526281682798927000000000000000000000e+91	
-1.933663665581705215000000000000000000000e+92	
-2.392428990782883457000000000000000000000e+91	
1.403671830227618889000000000000000000000e+92	
-9.901444635223662187000000000000000000000e+91	
6.531439652416376516000000000000000000000e+91	
-1.740672328508347456000000000000000000000e+92	
-9.701038626439886459000000000000000000000e+90	
1.495170779809607266000000000000000000000e+92	
-8.986455139403778417000000000000000000000e+91	
7.984665120856622894000000000000000000000e+91	
-1.595349781664322818000000000000000000000e+92	
1.021089715755494372000000000000000000000e+91	
1.748060175710026147000000000000000000000e+92	
-6.457561180399589602000000000000000000000e+91	
1.000567274397155313400000000000000000000e+92	
-1.393249019352829794000000000000000000000e+92	
2.534463761608241158000000000000000000000e+91	
1.848659485852809302000000000000000000000e+92	
-5.451568078971758060000000000000000000000e+91	
1.145064382943404678000000000000000000000e+92	
-1.248751910806580430000000000000000000000e+92	
4.418194365939630539000000000000000000000e+91	
-1.951996857156022054000000000000000000000e+92	
-2.610755274571271172000000000000000000000e+91	
1.378341506600941168000000000000000000000e+92	
-1.015474787149043939000000000000000000000e+92	
6.243176870570865728000000000000000000000e+91	
-1.769498606692898535000000000000000000000e+92	
-1.293308791831426215000000000000000000000e+91	
1.459357811114497927000000000000000000000e+92	
-9.344584826354871809000000000000000000000e+91	
7.700903417325933151000000000000000000000e+91	
-1.623725952017391792000000000000000000000e+92	
8.116589851015903627000000000000000000000e+90	
1.734546500719847739000000000000000000000e+92	
-6.592697930301373688000000000000000000000e+91	
9.944793001107013219000000000000000000000e+91	
-1.399336993639283786000000000000000000000e+92	
2.547804070466683197000000000000000000000e+91	
1.857411828218672364000000000000000000000e+92	
-5.364044655313127433000000000000000000000e+91	
1.138111104689515179000000000000000000000e+92	
-1.255705189060469929000000000000000000000e+92	
4.191683539004869274000000000000000000000e+91	
-1.974647939849498180000000000000000000000e+92	
-2.994166022998843277000000000000000000000e+91	
1.324318248011283779000000000000000000000e+92	
-1.069498045738701328000000000000000000000e+92	
5.610908935093851328000000000000000000000e+91	
-1.832725400240599975000000000000000000000e+92	
-2.017566273867697422000000000000000000000e+91	
1.377737686277595480000000000000000000000e+92	
-1.016078607472389628100000000000000000000e+92	
7.080314411074298718000000000000000000000e+91	
-1.685784852642555236000000000000000000000e+92	
3.865848710717833062000000000000000000000e+90	
1.711580848394283440000000000000000000000e+92	
-6.822354453557016673000000000000000000000e+91	
9.910456815601653762000000000000000000000e+91	
-1.402770612189819731000000000000000000000e+92	
2.708691018087427624000000000000000000000e+91	
1.893013120668499109000000000000000000000e+92	
-5.008031730814859984000000000000000000000e+91	
1.132384491216082439000000000000000000000e+92	
-1.261431802533902668000000000000000000000e+92	
3.721344020678790360000000000000000000000e+91	
-2.021681891682106072000000000000000000000e+92	
-3.877373351633953018000000000000000000000e+91	
1.194731281214423513000000000000000000000e+92	
-1.199085012535561595000000000000000000000e+92	
5.189794896336269662000000000000000000000e+91	
-1.874836804116358141000000000000000000000e+92	
-1.564360021040494225000000000000000000000e+91	
1.510446828621517846000000000000000000000e+92	
-8.833694651284672618000000000000000000000e+91	
7.838751369051746937000000000000000000000e+91	
-1.609941156844810414000000000000000000000e+92	
5.766503645500974676000000000000000000000e+90	
1.673778537304421928000000000000000000000e+92	
-7.200377564455631800000000000000000000000e+91	
9.262033692388988545000000000000000000000e+91	
-1.467612924511086253000000000000000000000e+92	
1.790002451914212192000000000000000000000e+91	
1.774131169993390703000000000000000000000e+92	
-6.196851237565944046000000000000000000000e+91	
1.070810418606531031000000000000000000000e+92	
-1.323005875143454076000000000000000000000e+92	
3.678396872437420275000000000000000000000e+91	
2.007180991697055008000000000000000000000e+92	
-3.866353020529300998000000000000000000000e+91	
1.253081480236623657000000000000000000000e+92	
-1.140734813513361450000000000000000000000e+92	
4.993572597492405462000000000000000000000e+91	
-1.894459034000744561000000000000000000000e+92	
-2.539918565352922103000000000000000000000e+91	
1.334996134691472773000000000000000000000e+92	
-1.058820159058512334400000000000000000000e+92	
6.452631533360381320000000000000000000000e+91	
-1.748553140413946976000000000000000000000e+92	
-4.412657018965107294000000000000000000000e+90	
1.608788983271763624000000000000000000000e+92	
-7.850273104782214837000000000000000000000e+91	
8.682569653540858080000000000000000000000e+91	
-1.525559328395899300000000000000000000000e+92	
1.280934863060847541000000000000000000000e+91	
1.730260552703561573000000000000000000000e+92	
-6.635557410464235348000000000000000000000e+91	
1.012113631337206897200000000000000000000e+92	
-1.381702662412778210000000000000000000000e+92	
2.943241085009071676000000000000000000000e+91	
1.918853996314650676000000000000000000000e+92	
-4.749622974353344316000000000000000000000e+91	
1.153143097435298590000000000000000000000e+92	
-1.240673196314686517000000000000000000000e+92	
3.878132681415208461000000000000000000000e+91	
-2.006003025608464262000000000000000000000e+92	
-3.771356812127086908000000000000000000000e+91	
1.200258249806658858000000000000000000000e+92	
-1.193558043943326250000000000000000000000e+92	
5.352347645509062153000000000000000000000e+91	
-1.858581529199078892000000000000000000000e+92	
-1.294577599933111670000000000000000000000e+91	
1.548142701451243415000000000000000000000e+92	
-8.456735922987416930000000000000000000000e+91	
8.322833066352064518000000000000000000000e+91	
-1.561532987114778656000000000000000000000e+92	
1.167801719211365300000000000000000000000e+91	
1.743595309995580765000000000000000000000e+92	
-6.502209837544043422000000000000000000000e+91	
9.769758660247521513000000000000000000000e+91	
-1.416840427725232956000000000000000000000e+92	
2.107379437930478111000000000000000000000e+91	
1.786843543415114277000000000000000000000e+92	
-6.069727503348708305000000000000000000000e+91	
1.123754707439941509000000000000000000000e+92	
-1.270061586310043599000000000000000000000e+92	
4.609958693638372274000000000000000000000e+91	
-1.932820424386147880000000000000000000000e+92	
-2.014331350424954997000000000000000000000e+91	
1.478429720059071990000000000000000000000e+92	
-9.153865736909131179000000000000000000000e+91	
7.648315929797893768000000000000000000000e+91	
-1.628984700770195731000000000000000000000e+92	
5.158860064254937807000000000000000000000e+90	
1.680662756293953892000000000000000000000e+92	
-7.131535374560312158000000000000000000000e+91	
9.163012056599930820000000000000000000000e+91	
-1.477515088089992026000000000000000000000e+92	
1.523200530845621840000000000000000000000e+91	
1.730681299241526783000000000000000000000e+92	
-6.631349945084583246000000000000000000000e+91	
1.062896249369219863000000000000000000000e+92	
-1.330920044380765245000000000000000000000e+92	
3.954435345499723730000000000000000000000e+91	
2.070285179377055673000000000000000000000e+92	
-3.235311143729294345000000000000000000000e+91	
1.351668340917481918000000000000000000000e+92	
-1.042147952832503189500000000000000000000e+92	
6.334091348505243378000000000000000000000e+91	
-1.760407158899460770000000000000000000000e+92	
-8.449261680590949588000000000000000000000e+90	
1.539925098040358634000000000000000000000e+92	
-8.538911957096264740000000000000000000000e+91	
7.749624097021562782000000000000000000000e+91	
-1.618853884047828829000000000000000000000e+92	
1.038041858930544290000000000000000000000e+90	
1.588141125226786244000000000000000000000e+92	
-8.056751685231988632000000000000000000000e+91	
9.218187319273820814000000000000000000000e+91	
-1.471997561822603026000000000000000000000e+92	
2.558279457640979803000000000000000000000e+91	
1.932130791692466062000000000000000000000e+92	
-4.616855020575190460000000000000000000000e+91	
1.214974427141578317000000000000000000000e+92	
-1.178841866608406790000000000000000000000e+92	
4.981749681526086254000000000000000000000e+91	
-1.895641325597376482000000000000000000000e+92	
-2.182677628948148503000000000000000000000e+91	
1.407608246453026063000000000000000000000e+92	
-9.862080472969590449000000000000000000000e+91	
6.400501411296317854000000000000000000000e+91	
-1.753766152620353322000000000000000000000e+92	
-1.271259753131967600000000000000000000000e+91	
1.448041897006704523000000000000000000000e+92	
-9.457743967432805845000000000000000000000e+91	
7.873936714515647732000000000000000000000e+91	
-1.606422622298420334000000000000000000000e+92	
1.270742291825073720000000000000000000000e+91	
