-1.534570540573777692000000000000000000000e+92	
1.443595997852213656000000000000000000000e+91	
1.771791412131070180000000000000000000000e+92	
-6.220248816189149278000000000000000000000e+91	
1.005788335532777092500000000000000000000e+92	
-1.388027958217208015000000000000000000000e+92	
2.401664739274727562000000000000000000000e+91	
1.816887827582461099000000000000000000000e+92	
-5.769284661675240088000000000000000000000e+91	
1.152455824083013077000000000000000000000e+92	
-1.241360469666972031000000000000000000000e+92	
4.883544869337323330000000000000000000000e+91	
-1.905461806816252774000000000000000000000e+92	
-1.754163484273446848000000000000000000000e+91	
1.503105343505410228000000000000000000000e+92	
-8.907109502445748800000000000000000000000e+91	
7.881667207109107182000000000000000000000e+91	
-1.605649573039074389000000000000000000000e+92	
7.358389977987992108000000000000000000000e+90	
1.701318893626914577000000000000000000000e+92	
-6.924974001230705302000000000000000000000e+91	
9.356188476461655661000000000000000000000e+91	
-1.458197446103819541000000000000000000000e+92	
1.702998658498535515000000000000000000000e+91	
1.747323948580334841000000000000000000000e+92	
-6.464923451696502666000000000000000000000e+91	
1.082345297826616563000000000000000000000e+92	
-1.311470995923368544000000000000000000000e+92	
4.176975854717498283000000000000000000000e+91	
2.095342836804075801000000000000000000000e+92	
-2.984734569459093062000000000000000000000e+91	
1.379528209585329935000000000000000000000e+92	
-1.014288084164655172400000000000000000000e+92	
6.640698201891636974000000000000000000000e+91	
-1.729746473560821410000000000000000000000e+92	
-5.103250867248274242000000000000000000000e+90	
1.576183235786256081000000000000000000000e+92	
-8.176330579637290268000000000000000000000e+91	
8.099641988308622972000000000000000000000e+91	
-1.583852094919122810000000000000000000000e+92	
4.412648434495295590000000000000000000000e+90	
1.620632092542343566000000000000000000000e+92	
-7.731842012076415417000000000000000000000e+91	
9.569211176611575460000000000000000000000e+91	
-1.436895176088827562000000000000000000000e+92	
2.935404502974811012000000000000000000000e+91	
1.972452116053624778000000000000000000000e+92	
-4.213641776963603298000000000000000000000e+91	
1.257903273005136801000000000000000000000e+92	
-1.135913020744848306000000000000000000000e+92	
5.437100378393253824000000000000000000000e+91	
-1.850106255910659725000000000000000000000e+92	
-1.701277664183677280000000000000000000000e+91	
1.458351873331267039000000000000000000000e+92	
-9.354644204187180681000000000000000000000e+91	
6.933961026669007580000000000000000000000e+91	
-1.700420191083084350000000000000000000000e+92	
-7.117897421481690018000000000000000000000e+90	
1.506588643212807036000000000000000000000e+92	
-8.872276505371780712000000000000000000000e+91	
8.403615854897148734000000000000000000000e+91	
-1.553454708260270234000000000000000000000e+92	
1.744660874573050312000000000000000000000e+91	
1.850864174094722243000000000000000000000e+92	
-5.429521196552628645000000000000000000000e+91	
1.133803002854658665000000000000000000000e+92	
-1.260013290895326442000000000000000000000e+92	
4.170986898018767618000000000000000000000e+91	
-1.976717603948108346000000000000000000000e+92	
-2.992489426604185872000000000000000000000e+91	
1.326722117945055928000000000000000000000e+92	
-1.067094175804929179000000000000000000000e+92	
5.592590165753539988000000000000000000000e+91	
-1.834557277174631109000000000000000000000e+92	
-2.078221431941820542000000000000000000000e+91	
1.367440638542142556000000000000000000000e+92	
-1.026375655207842551900000000000000000000e+92	
7.067003004200852418000000000000000000000e+91	
-1.687115993329899866000000000000000000000e+92	
4.628879142555981209000000000000000000000e+90	
1.728168137896623801000000000000000000000e+92	
-6.656481558533613068000000000000000000000e+91	
1.016585498644206228500000000000000000000e+92	
-1.377230795105778879000000000000000000000e+92	
3.053569910906304878000000000000000000000e+91	
1.936444628981680489000000000000000000000e+92	
-4.573716647683046182000000000000000000000e+91	
1.174095558542280326000000000000000000000e+92	
-1.219720735207704782000000000000000000000e+92	
4.121258846150107854000000000000000000000e+91	
-1.981690409134974322000000000000000000000e+92	
-3.494645816135196945000000000000000000000e+91	
1.231286161122958379000000000000000000000e+92	
-1.162530132627026729000000000000000000000e+92	
5.591193334342556940000000000000000000000e+91	
-1.834696960315729414000000000000000000000e+92	
-1.127129785320786117000000000000000000000e+91	
1.557751248731977912000000000000000000000e+92	
-8.360650450180071954000000000000000000000e+91	
8.347591712087283923000000000000000000000e+91	
-1.559057122541256715000000000000000000000e+92	
1.121269034932774904000000000000000000000e+91	
1.731816456505598708000000000000000000000e+92	
-6.619998372443863995000000000000000000000e+91	
9.765977144566637161000000000000000000000e+91	
-1.417218579293321392000000000000000000000e+92	
2.217548203856946316000000000000000000000e+91	
1.809249777230985400000000000000000000000e+92	
-5.845665165189997076000000000000000000000e+91	
1.122035959557143536000000000000000000000e+92	
-1.271780334192841571000000000000000000000e+92	
4.351641460066397564000000000000000000000e+91	
-1.958652147743345351000000000000000000000e+92	
-2.513658336249326306000000000000000000000e+91	
1.404408040528418532000000000000000000000e+92	
-9.894082532215665756000000000000000000000e+91	
6.667329208087788022000000000000000000000e+91	
-1.727083372941206305000000000000000000000e+92	
-7.057508182715315968000000000000000000000e+90	
1.534446039904000845000000000000000000000e+92	
-8.593702538459842622000000000000000000000e+91	
8.105252305876312587000000000000000000000e+91	
-1.583291063162353849000000000000000000000e+92	
8.696469327888009848000000000000000000000e+90	
1.705726438667698434000000000000000000000e+92	
-6.880898550822866740000000000000000000000e+91	
9.525056981210327890000000000000000000000e+91	
-1.441310595628952319000000000000000000000e+92	
1.996598112115113418000000000000000000000e+91	
1.789150781372279426000000000000000000000e+92	
-6.046655123777056818000000000000000000000e+91	
1.097741393835567540000000000000000000000e+92	
-1.296074899914417568000000000000000000000e+92	
4.066760984218179294000000000000000000000e+91	
-1.987140195328167178000000000000000000000e+92	
-2.840452761125064621000000000000000000000e+91	
1.367539289059974034000000000000000000000e+92	
-1.026277004690011073200000000000000000000e+92	
6.256769452432489230000000000000000000000e+91	
-1.768139348506736184000000000000000000000e+92	
-1.158161976435624678000000000000000000000e+91	
1.485021866645854582000000000000000000000e+92	
-9.087944271041305250000000000000000000000e+91	
7.700171684876307416000000000000000000000e+91	
-1.623799125262354366000000000000000000000e+92	
5.536830507644958316000000000000000000000e+90	
1.683037289310544110000000000000000000000e+92	
-7.107790044394409974000000000000000000000e+91	
9.172712665677072532000000000000000000000e+91	
-1.476545027182277854000000000000000000000e+92	
1.518863408438107021000000000000000000000e+91	
1.728844512464871053000000000000000000000e+92	
-6.649717812851140548000000000000000000000e+91	
1.064030215540928389000000000000000000000e+92	
-1.329786078209056719000000000000000000000e+92	
3.995467752222440794000000000000000000000e+91	
2.077356216837865130000000000000000000000e+92	
-3.164600769121199774000000000000000000000e+91	
1.361705698190213150000000000000000000000e+92	
-1.032110595559771957400000000000000000000e+92	
6.464113356936043410000000000000000000000e+91	
-1.747404958056380767000000000000000000000e+92	
-6.852704789937492004000000000000000000000e+90	
1.558852560237765618000000000000000000000e+92	
-8.349637335122194894000000000000000000000e+91	
7.927973054111123188000000000000000000000e+91	
-1.601018988338872789000000000000000000000e+92	
2.712329154486735824000000000000000000000e+90	
1.603792518893410820000000000000000000000e+92	
-7.900237748565742880000000000000000000000e+91	
9.397581037580177125000000000000000000000e+91	
-1.454058189991967395000000000000000000000e+92	
2.760541571059034487000000000000000000000e+91	
1.954642704459270423000000000000000000000e+92	
-4.391735892907146849000000000000000000000e+91	
1.239770903813599815000000000000000000000e+92	
-1.154045389936385293000000000000000000000e+92	
5.252548717761718698000000000000000000000e+91	
-1.868561421973813238000000000000000000000e+92	
-1.889055687075596783000000000000000000000e+91	
1.439251595381666670000000000000000000000e+92	
-9.545646983683184371000000000000000000000e+91	
6.739735095426138686000000000000000000000e+91	
-1.719842784207371239000000000000000000000e+92	
-9.092372210793745249000000000000000000000e+90	
1.486521900876877744000000000000000000000e+92	
-9.072943928731073639000000000000000000000e+91	
8.210030946000116218000000000000000000000e+91	
-1.572813199149973486000000000000000000000e+92	
1.558154955399563834000000000000000000000e+91	
1.832921128851271066000000000000000000000e+92	
-5.608951648987140416000000000000000000000e+91	
1.116567152161976155000000000000000000000e+92	
-1.277249141588008953000000000000000000000e+92	
4.005696817120735720000000000000000000000e+91	
-1.993246612037911536000000000000000000000e+92	
-3.150714599200783193000000000000000000000e+91	
1.311605739917869851000000000000000000000e+92	
-1.082210553832115257000000000000000000000e+92	
5.448484263579506982000000000000000000000e+91	
-1.848967867392034409000000000000000000000e+92	
-2.215272968496016620000000000000000000000e+91	
1.354440570375711636000000000000000000000e+92	
-1.039375723374273471400000000000000000000e+92	
6.922261153403739309000000000000000000000e+91	
-1.701590178409611177000000000000000000000e+92	
3.034122305294844197000000000000000000000e+90	
1.710747919486393877000000000000000000000e+92	
-6.830683742635912302000000000000000000000e+91	
9.976933630867225153000000000000000000000e+91	
-1.396122930663262592000000000000000000000e+92	
2.849936709115207722000000000000000000000e+91	
1.914610856342019114000000000000000000000e+92	
-4.792054374079659938000000000000000000000e+91	
1.150792065238768244000000000000000000000e+92	
-1.243024228511216864000000000000000000000e+92	
3.873534020801576462000000000000000000000e+91	
-2.006462891669827461000000000000000000000e+92	
-3.757053223112149126000000000000000000000e+91	
1.203577892967090606000000000000000000000e+92	
-1.190238400782894502000000000000000000000e+92	
5.345530537449244860000000000000000000000e+91	
-1.859263240005060622000000000000000000000e+92	
-1.341388334210614314000000000000000000000e+91	
1.539464255755340960000000000000000000000e+92	
-8.543520379946441472000000000000000000000e+91	
8.196094780342345680000000000000000000000e+91	
-1.574206815715750540000000000000000000000e+92	
1.001129487881347714200000000000000000000e+91	
1.722936679714039913000000000000000000000e+92	
-6.708796140359451942000000000000000000000e+91	
9.610993953102414671000000000000000000000e+91	
-1.432716898439743640000000000000000000000e+92	
1.996412527191917987000000000000000000000e+91	
1.780524253239949536000000000000000000000e+92	
-6.132920405100355714000000000000000000000e+91	
1.107337099797848429000000000000000000000e+92	
-1.286479193952136678000000000000000000000e+92	
4.344849698612917160000000000000000000000e+91	
-1.959331323888693392000000000000000000000e+92	
-2.380323033000997430000000000000000000000e+91	
1.431747303651965274000000000000000000000e+92	
-9.620689900980198336000000000000000000000e+91	
7.080709465301437722000000000000000000000e+91	
-1.685745347219841335000000000000000000000e+92	
-1.524526024002146946000000000000000000000e+90	
1.603760694091964538000000000000000000000e+92	
-7.900555996580205694000000000000000000000e+91	
8.501607954832033593000000000000000000000e+91	
-1.543655498266781748000000000000000000000e+92	
9.693593920630899746000000000000000000000e+90	
1.686048128600519402000000000000000000000e+92	
-7.077681651494657055000000000000000000000e+91	
9.955790826905558129000000000000000000000e+91	
-1.398237211059429295000000000000000000000e+92	
3.054536609258952848000000000000000000000e+91	
1.957633882281592349000000000000000000000e+92	
-4.361824114683927583000000000000000000000e+91	
1.216366898209238134000000000000000000000e+92	
-1.177449395540746974000000000000000000000e+92	
4.754688187754803526000000000000000000000e+91	
-1.918347474974504755000000000000000000000e+92	
-2.650605396116060355000000000000000000000e+91	
1.336740829533116322000000000000000000000e+92	
-1.057075464216868785300000000000000000000e+92	
6.198981349309136954000000000000000000000e+91	
-1.773918158819071412000000000000000000000e+92	
-9.658781021277470891000000000000000000000e+90	
1.529245006545061988000000000000000000000e+92	
-8.645712872049231198000000000000000000000e+91	
7.616437301272209646000000000000000000000e+91	
-1.632172563622764143000000000000000000000e+92	
-5.575535925195466568000000000000000000000e+89	
1.569549208259285418000000000000000000000e+92	
-8.242670854906996896000000000000000000000e+91	
9.088283964270117864000000000000000000000e+91	
-1.484987897322973321000000000000000000000e+92	
2.484364040046667450000000000000000000000e+91	
1.930335257335142726000000000000000000000e+92	
-4.634810364148423812000000000000000000000e+91	
1.218772115234203650000000000000000000000e+92	
-1.175044178515781457000000000000000000000e+92	
5.075630951290034651000000000000000000000e+91	
-1.886253198620981642000000000000000000000e+92	
-2.032919792155385584000000000000000000000e+91	
1.428168906038897607000000000000000000000e+92	
-9.656473877110875002000000000000000000000e+91	
6.661928972097249857000000000000000000000e+91	
-1.727623396540260122000000000000000000000e+92	
-9.540390076803244078000000000000000000000e+90	
1.485340513370325548000000000000000000000e+92	
-9.084757803796595590000000000000000000000e+91	
8.128445373550460077000000000000000000000e+91	
-1.580971756394939100000000000000000000000e+92	
1.406832408686270973000000000000000000000e+91	
1.810818647337570163000000000000000000000e+92	
-5.829976464124149446000000000000000000000e+91	
1.087497912662697754000000000000000000000e+92	
-1.306318381087287353000000000000000000000e+92	
3.645371513576741932000000000000000000000e+91	
1.983898374261073458000000000000000000000e+92	
-4.099179194889116492000000000000000000000e+91	
1.229034354062636670000000000000000000000e+92	
-1.164781939687348437000000000000000000000e+92	
4.745460053085568430000000000000000000000e+91	
-1.919270288441428264000000000000000000000e+92	
-2.795668589607114741000000000000000000000e+91	
1.308657764374024461000000000000000000000e+92	
-1.085158529375960647000000000000000000000e+92	
6.205752386489363748000000000000000000000e+91	
-1.773241055101048733000000000000000000000e+92	
-6.716485062487141798000000000000000000000e+90	
1.587399516118732545000000000000000000000e+92	
-8.064167776312525630000000000000000000000e+91	
8.485154909221222087000000000000000000000e+91	
-1.545300802827862899000000000000000000000e+92	
1.099991844424339942000000000000000000000e+91	
1.713812603663631784000000000000000000000e+92	
-6.800036900863533234000000000000000000000e+91	
9.922049145739680481000000000000000000000e+91	
-1.401611379176017060000000000000000000000e+92	
2.709563463266885172000000000000000000000e+91	
1.892028910184642412000000000000000000000e+92	
-5.017873835653426960000000000000000000000e+91	
1.133668325964045941000000000000000000000e+92	
-1.260147967785939166000000000000000000000e+92	
3.756851533147978324000000000000000000000e+91	
-2.018131140435187275000000000000000000000e+92	
-3.819207955886520598000000000000000000000e+91	
1.202812481507314481000000000000000000000e+92	
-1.191003812242670626000000000000000000000e+92	
5.222587878080649578000000000000000000000e+91	
-1.871557505941920150000000000000000000000e+92	
-1.579562162964583181000000000000000000000e+91	
1.504129490624565578000000000000000000000e+92	
-8.896868031254195297000000000000000000000e+91	
7.727630624772725597000000000000000000000e+91	
-1.621053231272712548000000000000000000000e+92	
4.176061178163265187000000000000000000000e+90	
1.653084147383516716000000000000000000000e+92	
-7.407321463664683916000000000000000000000e+91	
9.156702993590905964000000000000000000000e+91	
-1.478145994390894511000000000000000000000e+92	
1.786234383918873705000000000000000000000e+91	
1.783905571829995068000000000000000000000e+92	
-6.099107219199900402000000000000000000000e+91	
1.059096237114535341900000000000000000000e+92	
-1.334720056635449766000000000000000000000e+92	
3.346476165970899501000000000000000000000e+91	
1.952521720747546516000000000000000000000e+92	
-4.412945730024385912000000000000000000000e+91	
1.200846081425118623000000000000000000000e+92	
-1.192970212324866484000000000000000000000e+92	
4.495445267928548363000000000000000000000e+91	
-1.944271766957130271000000000000000000000e+92	
-3.013831293191134322000000000000000000000e+91	
1.290025116997689152000000000000000000000e+92	
-1.103791176752295956000000000000000000000e+92	
5.952325949445157026000000000000000000000e+91	
-1.798583698805469405000000000000000000000e+92	
-9.921415130890584576000000000000000000000e+90	
1.548646896141669982000000000000000000000e+92	
-8.451693976083151254000000000000000000000e+91	
8.030628876775587698000000000000000000000e+91	
-1.590753406072426338000000000000000000000e+92	
5.784993229566417197000000000000000000000e+90	
1.654970035320544641000000000000000000000e+92	
-7.388462584294404664000000000000000000000e+91	
9.476017377175724437000000000000000000000e+91	
-1.446214556032412664000000000000000000000e+92	
2.405854744717060464000000000000000000000e+91	
1.875883260372509359000000000000000000000e+92	
-5.179330333774757490000000000000000000000e+91	
1.117742242688165117000000000000000000000e+92	
-1.276074051061819991000000000000000000000e+92	
3.599785273039954537000000000000000000000e+91	
-2.033837766445989654000000000000000000000e+92	
-3.974080735511694680000000000000000000000e+91	
1.187544442430642243000000000000000000000e+92	
-1.206271851319342864000000000000000000000e+92	
5.065475231927813860000000000000000000000e+91	
-1.887268770557203722000000000000000000000e+92	
-1.741104858713166004000000000000000000000e+91	
1.487532436559394255000000000000000000000e+92	
-9.062838571905908524000000000000000000000e+91	
7.557234442813290462000000000000000000000e+91	
-1.638092849468656061000000000000000000000e+92	
2.427864970479168838000000000000000000000e+90	
1.635160061566042515000000000000000000000e+92	
-7.586562321839425929000000000000000000000e+91	
8.987057158000512851000000000000000000000e+91	
-1.495110577949933822000000000000000000000e+92	
1.626178795779963926000000000000000000000e+91	
1.768858560485608576000000000000000000000e+92	
-6.249577332643765313000000000000000000000e+91	
1.042041656838923839900000000000000000000e+92	
-1.351774636911061268000000000000000000000e+92	
3.155864664924756734000000000000000000000e+91	
1.931454999418930628000000000000000000000e+92	
-4.623612943310544801000000000000000000000e+91	
1.184050653185060522000000000000000000000e+92	
-1.209765640564924585000000000000000000000e+92	
4.370182659567267992000000000000000000000e+91	
-1.956798027793258308000000000000000000000e+92	
-3.096423473780547866000000000000000000000e+91	
1.286030818146549457000000000000000000000e+92	
-1.107785475603435651000000000000000000000e+92	
5.822210252946681115000000000000000000000e+91	
-1.811595268455316996000000000000000000000e+92	
-1.212385041529993245000000000000000000000e+91	
1.517614245474456756000000000000000000000e+92	
-8.762020482755283516000000000000000000000e+91	
7.630264223261273825000000000000000000000e+91	
-1.630789871423857725000000000000000000000e+92	
8.814133167802970526000000000000000000000e+89	
1.596939381094038890000000000000000000000e+92	
-7.968769126559462176000000000000000000000e+91	
9.086784043718742830000000000000000000000e+91	
-1.485137889378110825000000000000000000000e+92	
2.207599529102880518000000000000000000000e+91	
1.875146046231214108000000000000000000000e+92	
-5.186702475187710000000000000000000000000e+91	
1.136083836332851135000000000000000000000e+92	
-1.257732457417133972000000000000000000000e+92	
3.973894338281820050000000000000000000000e+91	
-1.996426859921803103000000000000000000000e+92	
-3.409373443286552784000000000000000000000e+91	
1.263065508893268150000000000000000000000e+92	
-1.130750784856716957000000000000000000000e+92	
5.416647964209896864000000000000000000000e+91	
-1.852151497328995421000000000000000000000e+92	
-1.793768982144824310000000000000000000000e+91	
1.441902436300963334000000000000000000000e+92	
-9.519138574490217731000000000000000000000e+91	
6.837113153357764844000000000000000000000e+91	
-1.710104978414208623000000000000000000000e+92	
-7.410247839445149866000000000000000000000e+90	
1.510423057312395017000000000000000000000e+92	
-8.833932364375900902000000000000000000000e+91	
8.298941055498208096000000000000000000000e+91	
-1.563922188200164298000000000000000000000e+92	
1.497038310687106868000000000000000000000e+91	
1.811814255306012712000000000000000000000e+92	
-5.820020384439723960000000000000000000000e+91	
1.080472532173987620000000000000000000000e+92	
-1.313343761575997487000000000000000000000e+92	
3.494947741987270763000000000000000000000e+91	
1.960842990232220974000000000000000000000e+92	
-4.329733035177641341000000000000000000000e+91	
1.222961983906681383000000000000000000000e+92	
-1.170854309843303725000000000000000000000e+92	
4.854481971279640601000000000000000000000e+91	
-1.908368096622021048000000000000000000000e+92	
-2.516985528572396448000000000000000000000e+91	
1.353483741274406001000000000000000000000e+92	
-1.040332552475579106200000000000000000000e+92	
6.294659515767762622000000000000000000000e+91	
-1.764350342173208845000000000000000000000e+92	
-9.419151784923089859000000000000000000000e+90	
1.524473343662315966000000000000000000000e+92	
-8.693429500876691412000000000000000000000e+91	
7.717019461559457600000000000000000000000e+91	
-1.622114347594039348000000000000000000000e+92	
1.930517866320051573000000000000000000000e+90	
1.609245044728515081000000000000000000000e+92	
-7.845712490214700264000000000000000000000e+91	
9.171285583761692383000000000000000000000e+91	
-1.476687735373815869000000000000000000000e+92	
2.253565160470300464000000000000000000000e+91	
1.875890936308125610000000000000000000000e+92	
-5.179253574418594976000000000000000000000e+91	
1.132978970203223266000000000000000000000e+92	
-1.260837323546761842000000000000000000000e+92	
3.904367273913498611000000000000000000000e+91	
1.990226213858856745000000000000000000000e+92	
-4.035900798911283623000000000000000000000e+91	
1.276758678375026749000000000000000000000e+92	
-1.117057615374958359000000000000000000000e+92	
5.636462126420197162000000000000000000000e+91	
-1.830170081107965391000000000000000000000e+92	
-1.491113600469122888000000000000000000000e+91	
1.480447973675118034000000000000000000000e+92	
-9.133683200748670742000000000000000000000e+91	
7.165713596543263260000000000000000000000e+91	
-1.677244934095658782000000000000000000000e+92	
-4.692509764522661944000000000000000000000e+90	
1.531920602570430127000000000000000000000e+92	
-8.618956911795549808000000000000000000000e+91	
8.633786505712333826000000000000000000000e+91	
-1.530437643178751725000000000000000000000e+92	
1.951694103108406501000000000000000000000e+91	
1.869254906195058790000000000000000000000e+92	
-5.245613875549263172000000000000000000000e+91	
1.149882295103528673000000000000000000000e+92	
-1.243933998646456434000000000000000000000e+92	
4.308676925282454567000000000000000000000e+91	
-1.962948601221739651000000000000000000000e+92	
-2.877890797000672792000000000000000000000e+91	
1.335873990323677324000000000000000000000e+92	
-1.057942303426307783100000000000000000000e+92	
5.727829103222593636000000000000000000000e+91	
-1.821033383427725744000000000000000000000e+92	
-1.899284038928325182000000000000000000000e+91	
1.389702048666928793000000000000000000000e+92	
-1.004114245083056314500000000000000000000e+92	
7.196916633227038134000000000000000000000e+91	
-1.674124630427281294000000000000000000000e+92	
5.001472050913541699000000000000000000000e+90	
1.722633244268338513000000000000000000000e+92	
-6.711830494816465944000000000000000000000e+91	
1.001794391116443813400000000000000000000e+92	
-1.392021902633541294000000000000000000000e+92	
2.813142761821169525000000000000000000000e+91	
1.903154910918626952000000000000000000000e+92	
-4.906613828313581554000000000000000000000e+91	
1.143154432215070715000000000000000000000e+92	
-1.250661861534914392000000000000000000000e+92	
3.835321812053866805000000000000000000000e+91	
-2.010284112544598427000000000000000000000e+92	
-3.757120303421339972000000000000000000000e+91	
1.207383799420171702000000000000000000000e+92	
-1.186432494329813405000000000000000000000e+92	
5.302880464642572211000000000000000000000e+91	
-1.863528247285727886000000000000000000000e+92	
-1.464707378023638083000000000000000000000e+91	
1.519069468907568358000000000000000000000e+92	
-8.747468248424167497000000000000000000000e+91	
7.911558213562020484000000000000000000000e+91	
-1.602660472393783059000000000000000000000e+92	
6.360443291909474584000000000000000000000e+90	
1.678377313297278076000000000000000000000e+92	
-7.154389804527070319000000000000000000000e+91	
9.336320964390563550000000000000000000000e+91	
-1.460184197310928753000000000000000000000e+92	
1.892575152235580290000000000000000000000e+91	
1.787215575183087901000000000000000000000e+92	
-6.066007185668972070000000000000000000000e+91	
1.077896232303368759000000000000000000000e+92	
-1.315920061446616349000000000000000000000e+92	
3.689298947529801373000000000000000000000e+91	
2.002278576838264425000000000000000000000e+92	
-3.915377169117206823000000000000000000000e+91	
1.242189425344423686000000000000000000000e+92	
-1.151626868405561421000000000000000000000e+92	
4.824785456740390698000000000000000000000e+91	
-1.911337748075946038000000000000000000000e+92	
-2.768542504265599763000000000000000000000e+91	
1.306153038868338862000000000000000000000e+92	
-1.087663254881646246000000000000000000000e+92	
6.291114290856920760000000000000000000000e+91	
-1.764704864664293032000000000000000000000e+92	
-4.759323895297022423000000000000000000000e+90	
1.618001057053021298000000000000000000000e+92	
-7.758152366969638101000000000000000000000e+91	
8.901414718792187726000000000000000000000e+91	
-1.503674821870766335000000000000000000000e+92	
1.626441189145756706000000000000000000000e+91	
1.777471007873513814000000000000000000000e+92	
-6.163452858764712936000000000000000000000e+91	
1.032477926878665525200000000000000000000e+92	
-1.361338366871319582000000000000000000000e+92	
2.878556048805170738000000000000000000000e+91	
1.885566047349983192000000000000000000000e+92	
-5.082502464000019156000000000000000000000e+91	
1.176637947894039554000000000000000000000e+92	
-1.217178345855945553000000000000000000000e+92	
4.680626590582094072000000000000000000000e+91	
-1.925753634691775700000000000000000000000e+92	
-2.401599947399582892000000000000000000000e+91	
1.393932000990161095000000000000000000000e+92	
-9.998842927598240124000000000000000000000e+91	
6.345857932179598112000000000000000000000e+91	
-1.759230500532025296000000000000000000000e+92	
-1.243825124698825705000000000000000000000e+91	
1.458989085842665830000000000000000000000e+92	
-9.348272079073192771000000000000000000000e+91	
7.809706955444200470000000000000000000000e+91	
-1.612845598205565061000000000000000000000e+92	
1.032897331022761447100000000000000000000e+91	
1.767908220574981653000000000000000000000e+92	
-6.259080731750034546000000000000000000000e+91	
1.039073312496286162500000000000000000000e+92	
-1.354742981253698945000000000000000000000e+92	
3.106011220134613148000000000000000000000e+91	
1.924453658599367818000000000000000000000e+92	
-4.693626351506172892000000000000000000000e+91	
1.181323696231664196000000000000000000000e+92	
-1.212492597518320911000000000000000000000e+92	
4.385635656466891444000000000000000000000e+91	
-1.955252728103295963000000000000000000000e+92	
-3.038269172088921417000000000000000000000e+91	
1.296114253688877773000000000000000000000e+92	
-1.097702040061107335000000000000000000000e+92	
5.832616803466362600000000000000000000000e+91	
-1.810554613403348848000000000000000000000e+92	
-1.292361292915799097000000000000000000000e+91	
1.500582838205485386000000000000000000000e+92	
-8.932334555444997218000000000000000000000e+91	
7.369657287483833215000000000000000000000e+91	
-1.656850565001601786000000000000000000000e+92	
-2.627135313452075298000000000000000000000e+90	
1.552833593415016807000000000000000000000e+92	
-8.409827003349683006000000000000000000000e+91	
8.837149958444471755000000000000000000000e+91	
-1.510101297905537932000000000000000000000e+92	
2.149293969905594407000000000000000000000e+91	
1.888438821116341054000000000000000000000e+92	
-5.053774726336440540000000000000000000000e+91	
1.168490424958684107000000000000000000000e+92	
-1.225325868791301000000000000000000000000e+92	
4.489003238669061939000000000000000000000e+91	
-1.944915969883078914000000000000000000000e+92	
-2.703316604708751690000000000000000000000e+91	
1.352756483707891158000000000000000000000e+92	
-1.041059810042093949900000000000000000000e+92	
5.908589265869158977000000000000000000000e+91	
-1.802957367163069210000000000000000000000e+92	
-1.706594587255253185000000000000000000000e+91	
1.410163329054697353000000000000000000000e+92	
-9.836529646952877548000000000000000000000e+91	
7.376029095759817960000000000000000000000e+91	
-1.656213384174003312000000000000000000000e+92	
6.537720169755741580000000000000000000000e+90	
1.735448228829964776000000000000000000000e+92	
-6.583680649200203313000000000000000000000e+91	
1.012063146858073461400000000000000000000e+92	
-1.381753146891911646000000000000000000000e+92	
2.890380702796026435000000000000000000000e+91	
1.908335009917188968000000000000000000000e+92	
-4.854812838327961400000000000000000000000e+91	
1.153708864970118789000000000000000000000e+92	
-1.240107428779866319000000000000000000000e+92	
3.994582730845748660000000000000000000000e+91	
1.987545237345621670000000000000000000000e+92	
-4.062710564043634374000000000000000000000e+91	
1.298838605010329048000000000000000000000e+92	
-1.094977688739656060000000000000000000000e+92	
6.104747197240210586000000000000000000000e+91	
-1.783341574025964049000000000000000000000e+92	
-7.754658908743978786000000000000000000000e+90	
1.576736698072393134000000000000000000000e+92	
-8.170795956775919740000000000000000000000e+91	
8.375717331762430906000000000000000000000e+91	
-1.556244560573742017000000000000000000000e+92	
9.877462681163056195000000000000000000000e+90	
1.702307385892938517000000000000000000000e+92	
-6.915089078570465906000000000000000000000e+91	
9.813089600570412493000000000000000000000e+91	
-1.412507333692943858000000000000000000000e+92	
2.606693518528832351000000000000000000000e+91	
1.882350572694211630000000000000000000000e+92	
-5.114657210557734780000000000000000000000e+91	
1.122715392402012418000000000000000000000e+92	
-1.271100901347972689000000000000000000000e+92	
3.634582580064630664000000000000000000000e+91	
1.946541171352024075000000000000000000000e+92	
-4.472751223979610329000000000000000000000e+91	
1.268476151476364017000000000000000000000e+92	
-1.125340142273621091000000000000000000000e+92	
5.907485826628402891000000000000000000000e+91	
-1.803067711087144818000000000000000000000e+92	
-8.664170302704214146000000000000000000000e+90	
1.578267316537492723000000000000000000000e+92	
-8.155489772124923843000000000000000000000e+91	
8.497227959621870476000000000000000000000e+91	
-1.544093497787798060000000000000000000000e+92	
1.215408484662694405000000000000000000000e+91	
1.735683483594522551000000000000000000000e+92	
-6.581328101554625567000000000000000000000e+91	
9.921943181682872538000000000000000000000e+91	
-1.401621975581697854000000000000000000000e+92	
2.490751632885422174000000000000000000000e+91	
1.848288024798682166000000000000000000000e+92	
-5.455282689513029412000000000000000000000e+91	
1.136231741754714284000000000000000000000e+92	
-1.257584551995270824000000000000000000000e+92	
4.245298261268064076000000000000000000000e+91	
2.055144291543434642000000000000000000000e+92	
-3.386720022065504660000000000000000000000e+91	
1.292322284112271719000000000000000000000e+92	
-1.101494009637713389000000000000000000000e+92	
5.298799085587067020000000000000000000000e+91	
-1.863936385191278406000000000000000000000e+92	
-2.321830240477860916000000000000000000000e+91	
1.348095487441987476000000000000000000000e+92	
-1.045720806307997631500000000000000000000e+92	
6.767701974144878988000000000000000000000e+91	
-1.717046096335497209000000000000000000000e+92	
5.779004303240084700000000000000000000000e+89	
1.677083931824693403000000000000000000000e+92	
-7.167323619252917048000000000000000000000e+91	
9.549321361694733959000000000000000000000e+91	
-1.438884157580511712000000000000000000000e+92	
2.331397321409035080000000000000000000000e+91	
1.853668730867072100000000000000000000000e+92	
-5.401475628829130080000000000000000000000e+91	
1.096509807000684523000000000000000000000e+92	
-1.297306486749300584000000000000000000000e+92	
3.397276966780950056000000000000000000000e+91	
1.925284402357066691000000000000000000000e+92	
-4.685318913929184168000000000000000000000e+91	
1.242014607503456247000000000000000000000e+92	
-1.151801686246528860000000000000000000000e+92	
5.590848539603995652000000000000000000000e+91	
-1.834731439789585542000000000000000000000e+92	
-1.235050274996821914000000000000000000000e+91	
1.536206983965546109000000000000000000000e+92	
-8.576093097844389988000000000000000000000e+91	
8.024680416740266722000000000000000000000e+91	
-1.591348252075958435000000000000000000000e+92	
6.909425755782877014000000000000000000000e+90	
1.678047639875215754000000000000000000000e+92	
-7.157686538747693534000000000000000000000e+91	
9.456143153761016202000000000000000000000e+91	
-1.448201978373883487000000000000000000000e+92	
2.135454992884992129000000000000000000000e+91	
1.823803200194038083000000000000000000000e+92	
-5.700130935559470246000000000000000000000e+91	
1.088414003009743265000000000000000000000e+92	
-1.305402290740241842000000000000000000000e+92	
3.533907852793349214000000000000000000000e+91	
1.960695554852352907000000000000000000000e+92	
-4.331207388976322005000000000000000000000e+91	
1.231368866546092595000000000000000000000e+92	
-1.162447427203892512000000000000000000000e+92	
5.024051405788400612000000000000000000000e+91	
-1.891411153171145046000000000000000000000e+92	
-2.261958036840388558000000000000000000000e+91	
1.387528043198412069000000000000000000000e+92	
-1.006288250551573038800000000000000000000e+92	
6.453942574398767604000000000000000000000e+91	
-1.748422036310108347000000000000000000000e+92	
-9.637019230085630876000000000000000000000e+90	
1.504196700155298695000000000000000000000e+92	
-8.896195935946864126000000000000000000000e+91	
7.897398269016781387000000000000000000000e+91	
-1.604076466848306969000000000000000000000e+92	
7.563851576033810386000000000000000000000e+90	
1.703854779765191553000000000000000000000e+92	
-6.899615139847935545000000000000000000000e+91	
9.386357644296462434000000000000000000000e+91	
-1.455180529320338864000000000000000000000e+92	
1.737975738851206631000000000000000000000e+91	
1.751302208593109600000000000000000000000e+92	
-6.425140851568755073000000000000000000000e+91	
1.085301561566659244000000000000000000000e+92	
-1.308514732183325863000000000000000000000e+92	
4.196323615535996192000000000000000000000e+91	
-1.974183932196385488000000000000000000000e+92	
-2.457055563965433663000000000000000000000e+91	
1.431249832833540747000000000000000000000e+92	
-9.625664609164443608000000000000000000000e+91	
7.147456868346421026000000000000000000000e+91	
-1.679070606915343005000000000000000000000e+92	
-1.401878190448611518000000000000000000000e+89	
1.624769150285128587000000000000000000000e+92	
-7.690471434648565206000000000000000000000e+91	
8.575059172679782968000000000000000000000e+91	
-1.536310376482006811000000000000000000000e+92	
9.062452638296972198000000000000000000000e+90	
1.666086977585299346000000000000000000000e+92	
-7.277293161646857618000000000000000000000e+91	
1.004521569068455477500000000000000000000e+92	
-1.389294724681529630000000000000000000000e+92	
3.432854002900330190000000000000000000000e+91	
2.024340497383741941000000000000000000000e+92	
-3.694757963662431664000000000000000000000e+91	
1.311934018956265309000000000000000000000e+92	
-1.081882274793719798000000000000000000000e+92	
5.998820822257815881000000000000000000000e+91	
-1.793934211524203520000000000000000000000e+92	
-1.118154892516618011000000000000000000000e+91	
1.518803318153487532000000000000000000000e+92	
-8.750129755964975752000000000000000000000e+91	
7.559856505499780300000000000000000000000e+91	
-1.637830643200007078000000000000000000000e+92	
-6.452387335725826011000000000000000000000e+89	
1.573451205552620318000000000000000000000e+92	
-8.203650881973647892000000000000000000000e+91	
9.026152321734543013000000000000000000000e+91	
-1.491201061576530806000000000000000000000e+92	
2.321131121934471859000000000000000000000e+91	
1.903906869450238078000000000000000000000e+92	
-4.899094242997470292000000000000000000000e+91	
1.182243660255583495000000000000000000000e+92	
-1.211572633494401613000000000000000000000e+92	
4.609395995338767716000000000000000000000e+91	
-1.932876694216108336000000000000000000000e+92	
-2.600054914514786678000000000000000000000e+91	
1.361370398637566701000000000000000000000e+92	
-1.032445895112418406800000000000000000000e+92	
6.030835892460411800000000000000000000000e+91	
-1.790732704503943928000000000000000000000e+92	
-1.548258452894855560000000000000000000000e+91	
1.429604097209402090000000000000000000000e+92	
-9.642121965405830179000000000000000000000e+91	
7.493863445162647115000000000000000000000e+91	
-1.644429949233720396000000000000000000000e+92	
6.950711423086425930000000000000000000000e+90	
1.731928427867225221000000000000000000000e+92	
-6.618878658827598866000000000000000000000e+91	
1.000897439414645099700000000000000000000e+92	
-1.392918854335340008000000000000000000000e+92	
2.702302614762146921000000000000000000000e+91	
1.881888902980885105000000000000000000000e+92	
-5.119273907691000028000000000000000000000e+91	
1.143457627924378969000000000000000000000e+92	
-1.250358665825606138000000000000000000000e+92	
4.053938462656716558000000000000000000000e+91	
-1.988422447484313452000000000000000000000e+92	
-3.323026248848324850000000000000000000000e+91	
1.272330221659983019000000000000000000000e+92	
-1.121486072090002089000000000000000000000e+92	
5.495842344253669124000000000000000000000e+91	
-1.844232059324618195000000000000000000000e+92	
-1.728020654726399992000000000000000000000e+91	
1.447133332946885847000000000000000000000e+92	
-9.466829608030992608000000000000000000000e+91	
6.917783252871707360000000000000000000000e+91	
-1.702037968462814372000000000000000000000e+92	
-6.320076657958490104000000000000000000000e+90	
1.524158060251164119000000000000000000000e+92	
-8.696582334988209890000000000000000000000e+91	
8.376166165429273066000000000000000000000e+91	
-1.556199677207057801000000000000000000000e+92	
1.514168423392205889000000000000000000000e+91	
1.807520757587860023000000000000000000000e+92	
-5.862955361621250846000000000000000000000e+91	
1.070175514712714541000000000000000000000e+92	
-1.323640779037270567000000000000000000000e+92	
3.331972247522250697000000000000000000000e+91	
1.938547895071470391000000000000000000000e+92	
-4.552683986785147163000000000000000000000e+91	
1.213385065659209427000000000000000000000e+92	
-1.180431228090775680000000000000000000000e+92	
4.885831263678573432000000000000000000000e+91	
-1.905233167382127764000000000000000000000e+92	
-2.358581024059438324000000000000000000000e+91	
1.382023389809524777000000000000000000000e+92	
-1.011792903940460330500000000000000000000e+92	
6.311013130424572721000000000000000000000e+91	
-1.762714980707527836000000000000000000000e+92	
-1.194470540581932711000000000000000000000e+91	
1.472340292510035473000000000000000000000e+92	
-9.214760012399496346000000000000000000000e+91	
7.764999521586078808000000000000000000000e+91	
-1.617316341591377227000000000000000000000e+92	
8.100590907225981386000000000000000000000e+90	
1.727820180895720622000000000000000000000e+92	
-6.659961128542644854000000000000000000000e+91	
9.811899177509177142000000000000000000000e+91	
-1.412626375999067393000000000000000000000e+92	
2.349312283754971256000000000000000000000e+91	
1.831006117834888218000000000000000000000e+92	
-5.628101759150968892000000000000000000000e+91	
1.125611677154505471000000000000000000000e+92	
-1.268204616595479636000000000000000000000e+92	
4.205682885063843668000000000000000000000e+91	
-1.973248005243600741000000000000000000000e+92	
-2.841242228167344974000000000000000000000e+91	
1.353496158550530058000000000000000000000e+92	
-1.040320135199455049900000000000000000000e+92	
5.976765804518929007000000000000000000000e+91	
-1.796139713298092207000000000000000000000e+92	
-1.577668506520806053000000000000000000000e+91	
1.429127868028092702000000000000000000000e+92	
-9.646884257218924050000000000000000000000e+91	
7.436963964722582204000000000000000000000e+91	
-1.650119897277726887000000000000000000000e+92	
5.860604202366016400000000000000000000000e+90	
1.715818824905025274000000000000000000000e+92	
-6.779974688449598334000000000000000000000e+91	
9.795818978149956633000000000000000000000e+91	
-1.414234395934989444000000000000000000000e+92	
2.437113720666488046000000000000000000000e+91	
1.850169255299563970000000000000000000000e+92	
-5.436470384504211381000000000000000000000e+91	
1.122783219235671710000000000000000000000e+92	
-1.271033074514313397000000000000000000000e+92	
3.957591797108402631000000000000000000000e+91	
-1.998057114039144844000000000000000000000e+92	
-3.309030434289170710000000000000000000000e+91	
1.284758559737763416000000000000000000000e+92	
-1.109057734012221692000000000000000000000e+92	
5.386639129614647254000000000000000000000e+91	
-1.855152380788520382000000000000000000000e+92	
-2.070594266044202226000000000000000000000e+91	
1.389550546238195720000000000000000000000e+92	
-1.004265747511789387300000000000000000000e+92	
6.836193155152170174000000000000000000000e+91	
-1.710196978234768090000000000000000000000e+92	
-2.196059603243129843000000000000000000000e+90	
1.614772826740736695000000000000000000000e+92	
-7.790434670092484122000000000000000000000e+91	
8.580667314586506133000000000000000000000e+91	
-1.535749562291334494000000000000000000000e+92	
1.017372243622002773600000000000000000000e+91	
1.687746308021302154000000000000000000000e+92	
-7.060699857286829536000000000000000000000e+91	
1.003839752487744576100000000000000000000e+92	
-1.389976541262240532000000000000000000000e+92	
3.202735551599669286000000000000000000000e+91	
1.979009736638376457000000000000000000000e+92	
-4.148065571116086502000000000000000000000e+91	
1.244295449999107617000000000000000000000e+92	
-1.149520843750877490000000000000000000000e+92	
5.099468069325435098000000000000000000000e+91	
-1.883869486817441598000000000000000000000e+92	
-2.240363745303137461000000000000000000000e+91	
1.384307913717792422000000000000000000000e+92	
-1.009508380032192685600000000000000000000e+92	
6.535592029523539500000000000000000000000e+91	
-1.740257090797631158000000000000000000000e+92	
-7.682583777942303171000000000000000000000e+90	
1.535114800521324663000000000000000000000e+92	
-8.587014932286604450000000000000000000000e+91	
7.965544958517298426000000000000000000000e+91	
-1.597261797898255265000000000000000000000e+92	
5.836174879380530415000000000000000000000e+90	
1.662498566411692268000000000000000000000e+92	
-7.313177273382928399000000000000000000000e+91	
9.402758971288918985000000000000000000000e+91	
-1.453540396621093209000000000000000000000e+92	
2.184126547442567949000000000000000000000e+91	
1.838870850368322105000000000000000000000e+92	
-5.549454433816630025000000000000000000000e+91	
1.081881665820578358000000000000000000000e+92	
-1.311934627929406749000000000000000000000e+92	
3.252692103428552838000000000000000000000e+91	
1.910995486434956080000000000000000000000e+92	
-4.828208073150290279000000000000000000000e+91	
1.227386222121110218000000000000000000000e+92	
-1.166430071628874889000000000000000000000e+92	
5.441171680608048945000000000000000000000e+91	
-1.849699125689180213000000000000000000000e+92	
-1.388118450576153637000000000000000000000e+91	
1.520561203524148466000000000000000000000e+92	
-8.732550902258366414000000000000000000000e+91	
7.864834670400447463000000000000000000000e+91	
-1.607332826709940361000000000000000000000e+92	
5.277105733819058806000000000000000000000e+90	
1.661385982592939448000000000000000000000e+92	
-7.324303111570456598000000000000000000000e+91	
9.296911460467318506000000000000000000000e+91	
-1.464125147703253257000000000000000000000e+92	
1.983604503904313759000000000000000000000e+91	
1.809355904388571311000000000000000000000e+92	
-5.844603893614137962000000000000000000000e+91	
1.072425431563449283000000000000000000000e+92	
-1.321390862186535825000000000000000000000e+92	
3.358617052353240768000000000000000000000e+91	
1.941626732872002901000000000000000000000e+92	
-4.521895608779822068000000000000000000000e+91	
1.215583158073985415000000000000000000000e+92	
-1.178233135675999693000000000000000000000e+92	
4.899009117154113364000000000000000000000e+91	
-1.903915382034573771000000000000000000000e+92	
-2.354201860252145494000000000000000000000e+91	
1.381581875105798525000000000000000000000e+92	
-1.012234418644186582800000000000000000000e+92	
6.325208753769638882000000000000000000000e+91	
-1.761295418373021219000000000000000000000e+92	
-1.161673408833914450000000000000000000000e+91	
1.477479230788133052000000000000000000000e+92	
-9.163370629618520559000000000000000000000e+91	
7.776986752400921082000000000000000000000e+91	
-1.616117618509892999000000000000000000000e+92	
7.826637787498384013000000000000000000000e+90	
1.721144355361652291000000000000000000000e+92	
-6.726719383883328168000000000000000000000e+91	
9.705797568466253098000000000000000000000e+91	
-1.423236536903359798000000000000000000000e+92	
2.203886900926336740000000000000000000000e+91	
1.812533159190678393000000000000000000000e+92	
-5.812831345593067147000000000000000000000e+91	
1.115478631961080516000000000000000000000e+92	
-1.278337661788904591000000000000000000000e+92	
4.187710062581593892000000000000000000000e+91	
-1.975045287491825718000000000000000000000e+92	
-2.775898905597718648000000000000000000000e+91	
1.368357958937212516000000000000000000000e+92	
-1.025458334812772592100000000000000000000e+92	
6.208617046563437470000000000000000000000e+91	
-1.772954589093641361000000000000000000000e+92	
-1.262625448793217980000000000000000000000e+91	
1.468947215181162977000000000000000000000e+92	
-9.248690785688221305000000000000000000000e+91	
7.658711576475434581000000000000000000000e+91	
-1.627945136102441650000000000000000000000e+92	
6.314499836176585536000000000000000000000e+90	
1.702730753176466776000000000000000000000e+92	
-6.910855405735183321000000000000000000000e+91	
9.488755704223727721000000000000000000000e+91	
-1.444940723327612336000000000000000000000e+92	
1.953955570468206245000000000000000000000e+91	
1.784252716325820591000000000000000000000e+92	
-6.095635774241645167000000000000000000000e+91	
1.094190792323204264000000000000000000000e+92	
-1.299625501426780844000000000000000000000e+92	
4.044722898544657071000000000000000000000e+91	
2.057059227995492651000000000000000000000e+92	
-3.367570657544924568000000000000000000000e+91	
1.316198758298659631000000000000000000000e+92	
-1.077617535451325477000000000000000000000e+92	
5.757069909313468198000000000000000000000e+91	
-1.818109302818638288000000000000000000000e+92	
-1.644162575976881531000000000000000000000e+91	
1.437791019297324364000000000000000000000e+92	
-9.560252744526607438000000000000000000000e+91	
7.199533618352327625000000000000000000000e+91	
-1.673862931914752345000000000000000000000e+92	
2.472948992538386516000000000000000000000e+89	
1.627311792965825995000000000000000000000e+92	
-7.665045007841591126000000000000000000000e+91	
8.613403623996478994000000000000000000000e+91	
-1.532475931350337208000000000000000000000e+92	
9.575013107725054293000000000000000000000e+90	
1.672503099273775530000000000000000000000e+92	
-7.213131944762095772000000000000000000000e+91	
1.008198884852172276100000000000000000000e+92	
-1.385617408897812832000000000000000000000e+92	
3.442252731842390231000000000000000000000e+91	
2.022544289725356867000000000000000000000e+92	
-3.712720040246282403000000000000000000000e+91	
1.307403092404217533000000000000000000000e+92	
-1.086413201345767575000000000000000000000e+92	
5.926177977613462564000000000000000000000e+91	
-1.801198495988638851000000000000000000000e+92	
-1.218117713245261032000000000000000000000e+91	
1.506076398099173816000000000000000000000e+92	
-8.877398956508112918000000000000000000000e+91	
7.405294514645518024000000000000000000000e+91	
-1.653286842285433305000000000000000000000e+92	
-2.463650717823335887000000000000000000000e+90	
1.552540522551093075000000000000000000000e+92	
-8.412757711988920329000000000000000000000e+91	
8.875009274483258170000000000000000000000e+91	
-1.506315366301659291000000000000000000000e+92	
2.227923010744448659000000000000000000000e+91	
1.900376668702696150000000000000000000000e+92	
-4.934396250472889572000000000000000000000e+91	
1.184501188079728862000000000000000000000e+92	
-1.209315105670256246000000000000000000000e+92	
4.689819755641151533000000000000000000000e+91	
-1.924834318185869954000000000000000000000e+92	
-2.461811461472763038000000000000000000000e+91	
1.380973835716355404000000000000000000000e+92	
-1.012842458033629703000000000000000000000e+92	
6.146940664054359636000000000000000000000e+91	
-1.779122227344549144000000000000000000000e+92	
-1.512043502114673654000000000000000000000e+91	
1.425240586064419534000000000000000000000e+92	
-9.685757076855655732000000000000000000000e+91	
7.619214085257626862000000000000000000000e+91	
-1.631894885224222421000000000000000000000e+92	
9.893234351973128804000000000000000000000e+90	
1.778235416745673420000000000000000000000e+92	
-6.155808770043116875000000000000000000000e+91	
1.064077786376126788000000000000000000000e+92	
-1.329738507373858319000000000000000000000e+92	
3.502755691953407404000000000000000000000e+91	
-2.043540724554644367000000000000000000000e+92	
-3.631714116743504680000000000000000000000e+91	
1.265698856963108051000000000000000000000e+92	
-1.128117436786877056000000000000000000000e+92	
5.011335207831834788000000000000000000000e+91	
-1.892682772966801629000000000000000000000e+92	
-2.630513159207264589000000000000000000000e+91	
1.315106347474771788000000000000000000000e+92	
-1.078709946275213319000000000000000000000e+92	
6.483122994693082259000000000000000000000e+91	
-1.745503994280676882000000000000000000000e+92	
-1.814990667272048616000000000000000000000e+90	
1.657681753887402082000000000000000000000e+92	
-7.361345398625830259000000000000000000000e+91	
9.400544384620095469000000000000000000000e+91	
-1.453761855287975561000000000000000000000e+92	
2.227842629755758888000000000000000000000e+91	
1.847833239676781596000000000000000000000e+92	
-5.459830540732035116000000000000000000000e+91	
1.081119937499131122000000000000000000000e+92	
-1.312696356250853986000000000000000000000e+92	
3.147882037708034227000000000000000000000e+91	
1.890800038583198612000000000000000000000e+92	
-5.030162551667864962000000000000000000000e+91	
1.227769404265114390000000000000000000000e+92	
-1.166046889484870718000000000000000000000e+92	
5.650687388810138033000000000000000000000e+91	
-1.828747554868971304000000000000000000000e+92	
-9.730212178398570378000000000000000000000e+90	
1.582618848122652830000000000000000000000e+92	
-8.111974456273322772000000000000000000000e+91	
8.690788069265795702000000000000000000000e+91	
-1.524737486823405537000000000000000000000e+92	
1.558938715650804782000000000000000000000e+91	
1.785026055299144620000000000000000000000e+92	
-6.087902384508404878000000000000000000000e+91	
1.020722503869140352300000000000000000000e+92	
-1.373093789880844755000000000000000000000e+92	
2.567993216333353147000000000000000000000e+91	
1.835218509279959969000000000000000000000e+92	
-5.585977844700251386000000000000000000000e+91	
1.167169935608088600000000000000000000000e+92	
-1.226646358141896507000000000000000000000e+92	
4.994538281365618008000000000000000000000e+91	
-1.894362465613423307000000000000000000000e+92	
-1.679299785923119255000000000000000000000e+91	
1.506980540031813771000000000000000000000e+92	
-8.868357537181713366000000000000000000000e+91	
7.884325410930179308000000000000000000000e+91	
-1.605383752656967177000000000000000000000e+92	
7.024214028763198536000000000000000000000e+90	
1.694371349636307641000000000000000000000e+92	
-6.994449441136774668000000000000000000000e+91	
9.298107725018819842000000000000000000000e+91	
-1.464005521248103123000000000000000000000e+92	
1.656306924750477003000000000000000000000e+91	
1.743793110180377103000000000000000000000e+92	
-6.500231835696080048000000000000000000000e+91	
1.076411013724586663000000000000000000000e+92	
-1.317405280025398445000000000000000000000e+92	
4.093610517849539064000000000000000000000e+91	
2.084605249054550816000000000000000000000e+92	
-3.092110446954342913000000000000000000000e+91	
1.366390762700140379000000000000000000000e+92	
-1.027425531049844728400000000000000000000e+92	
6.485337085006971563000000000000000000000e+91	
-1.745282585249287951000000000000000000000e+92	
-6.896609142621887182000000000000000000000e+90	
1.555853375111172551000000000000000000000e+92	
-8.379629186388125569000000000000000000000e+91	
7.900192845766943724000000000000000000000e+91	
-1.603797009173290735000000000000000000000e+92	
2.456632493629894682000000000000000000000e+90	
1.601456496499142674000000000000000000000e+92	
-7.923597972508424340000000000000000000000e+91	
9.369578121151604678000000000000000000000e+91	
-1.456858481634824640000000000000000000000e+92	
2.727898272662687125000000000000000000000e+91	
1.950914567359682468000000000000000000000e+92	
-4.429017263903026395000000000000000000000e+91	
1.235579190275953187000000000000000000000e+92	
-1.158237103474031920000000000000000000000e+92	
5.205998125074889933000000000000000000000e+91	
-1.873216481242496114000000000000000000000e+92	
-1.940237431150726308000000000000000000000e+91	
1.433670536312771460000000000000000000000e+92	
-9.601457574372136480000000000000000000000e+91	
6.679297961750834680000000000000000000000e+91	
-1.725886497574901640000000000000000000000e+92	
-9.742985952599969529000000000000000000000e+90	
1.479553569541799155000000000000000000000e+92	
-9.142627242081859528000000000000000000000e+91	
8.150219535732785448000000000000000000000e+91	
-1.578794340176706563000000000000000000000e+92	
1.508210535288337436000000000000000000000e+91	
1.828912894807524574000000000000000000000e+92	
-5.649033989424605331000000000000000000000e+91	
1.113544635281749569000000000000000000000e+92	
-1.280271658468235538000000000000000000000e+92	
3.985323914357688515000000000000000000000e+91	
-1.995283902314216256000000000000000000000e+92	
-3.161240139079234641000000000000000000000e+91	
1.311537432147035294000000000000000000000e+92	
-1.082278861602949814000000000000000000000e+92	
5.457638749765711972000000000000000000000e+91	
-1.848052418773413910000000000000000000000e+92	
-2.196285814253109214000000000000000000000e+91	
1.357322063265538676000000000000000000000e+92	
-1.036494230484446431800000000000000000000e+92	
6.930246068225621901000000000000000000000e+91	
-1.700791686927422918000000000000000000000e+92	
2.905774977002873605000000000000000000000e+90	
1.707383517564991736000000000000000000000e+92	
-6.864327761849933710000000000000000000000e+91	
9.922490681378172694000000000000000000000e+91	
-1.401567225612167838000000000000000000000e+92	
2.774705180307017411000000000000000000000e+91	
1.905009880109741797000000000000000000000e+92	
-4.888064136402433106000000000000000000000e+91	
1.139114299720611090000000000000000000000e+92	
-1.254701994029374018000000000000000000000e+92	
3.735998808270773728000000000000000000000e+91	
-2.020216412922907735000000000000000000000e+92	
-3.915335662626256788000000000000000000000e+91	
1.185675958839832912000000000000000000000e+92	
-1.208140334910152195000000000000000000000e+92	
5.210622548328853188000000000000000000000e+91	
-1.872754038917099789000000000000000000000e+92	
-1.432206923974202789000000000000000000000e+91	
1.534789142527644010000000000000000000000e+92	
-8.590271512223410978000000000000000000000e+91	
8.193389174601569414000000000000000000000e+91	
-1.574477376289828166000000000000000000000e+92	
1.042447488640666814500000000000000000000e+91	
1.731468649527261293000000000000000000000e+92	
-6.623476442227238147000000000000000000000e+91	
9.652577647172437676000000000000000000000e+91	
-1.428558529032741340000000000000000000000e+92	
1.994281983196508580000000000000000000000e+91	
1.775941950550317777000000000000000000000e+92	
-6.178743431996673308000000000000000000000e+91	
1.112004345127539277000000000000000000000e+92	
-1.281811948622445831000000000000000000000e+92	
4.483971600089724393000000000000000000000e+91	
-1.945419133741012668000000000000000000000e+92	
-2.148797692448976016000000000000000000000e+91	
1.464135582993945255000000000000000000000e+92	
-9.296807107560398529000000000000000000000e+91	
7.496903748267426299000000000000000000000e+91	
-1.644125918923242478000000000000000000000e+92	
3.560072296648310416000000000000000000000e+90	
1.663828640449969810000000000000000000000e+92	
-7.299876533000152971000000000000000000000e+91	
8.986212727934980712000000000000000000000e+91	
-1.495195020956487036000000000000000000000e+92	
1.337947241313724924000000000000000000000e+91	
1.711310994927972532000000000000000000000e+92	
-6.825052988220125751000000000000000000000e+91	
1.045339650573269559000000000000000000000e+92	
-1.348476643176715549000000000000000000000e+92	
3.796997386489643845000000000000000000000e+91	
2.056353284197534515000000000000000000000e+92	
-3.374630095524505928000000000000000000000e+91	
1.339547444734973905000000000000000000000e+92	
-1.054268849015011202900000000000000000000e+92	
6.230983363893149734000000000000000000000e+91	
-1.770717957360670134000000000000000000000e+92	
-9.299421837299870716000000000000000000000e+90	
1.533231792988524180000000000000000000000e+92	
-8.605845007614609277000000000000000000000e+91	
7.660235154941134884000000000000000000000e+91	
-1.627792778255871619000000000000000000000e+92	
-8.029472177447173449000000000000000000000e+88	
1.574714404821757695000000000000000000000e+92	
-8.191018889282274122000000000000000000000e+91	
9.131560467125371918000000000000000000000e+91	
-1.480660247037447916000000000000000000000e+92	
2.519269248329787093000000000000000000000e+91	
1.932989065318537206000000000000000000000e+92	
-4.608272284314479021000000000000000000000e+91	
1.220589626777641311000000000000000000000e+92	
-1.173226666972343796000000000000000000000e+92	
5.085447264302144788000000000000000000000e+91	
-1.885271567319770629000000000000000000000e+92	
-2.031458121659529108000000000000000000000e+91	
1.427480024620434204000000000000000000000e+92	
-9.663362691295509034000000000000000000000e+91	
6.646693828998672258000000000000000000000e+91	
-1.729146910850117882000000000000000000000e+92	
-9.776163259944929817000000000000000000000e+90	
1.482148979180468762000000000000000000000e+92	
-9.116673145695163452000000000000000000000e+91	
8.114212580841415876000000000000000000000e+91	
-1.582395035665843520000000000000000000000e+92	
1.410273365133079233000000000000000000000e+91	
1.812929238332418534000000000000000000000e+92	
-5.808870554175665738000000000000000000000e+91	
1.091374119880027119000000000000000000000e+92	
-1.302442173869957988000000000000000000000e+92	
3.701780961073120427000000000000000000000e+91	
-2.023638197642673065000000000000000000000e+92	
-3.506590116955521419000000000000000000000e+91	
1.270824807836242194000000000000000000000e+92	
-1.122991485913742913000000000000000000000e+92	
5.124317491015940547000000000000000000000e+91	
-1.881384544648391053000000000000000000000e+92	
-2.455838819001890037000000000000000000000e+91	
1.338739916982993706000000000000000000000e+92	
-1.055076376766991401900000000000000000000e+92	
6.588692270754482562000000000000000000000e+91	
-1.734947066674536851000000000000000000000e+92	
-2.066311314630032484000000000000000000000e+90	
1.642104917917730708000000000000000000000e+92	
-7.517113758322543996000000000000000000000e+91	
9.114204743427542719000000000000000000000e+91	
-1.482395819407230836000000000000000000000e+92	
1.810996688177340246000000000000000000000e+91	
1.793104510357450801000000000000000000000e+92	
-6.007117833925343066000000000000000000000e+91	
1.054060537657225837700000000000000000000e+92	
-1.339755756092759270000000000000000000000e+92	
3.153843632746299660000000000000000000000e+91	
1.919037994154012569000000000000000000000e+92	
-4.747782995959725385000000000000000000000e+91	
1.197491643918521036000000000000000000000e+92	
-1.196324649831464072000000000000000000000e+92	
4.763043839990473774000000000000000000000e+91	
-1.917511909750937730000000000000000000000e+92	
-2.445239643120621707000000000000000000000e+91	
1.376968610352170543000000000000000000000e+92	
-1.016847683397814565000000000000000000000e+92	
6.184139179508489374000000000000000000000e+91	
-1.775402375799136170000000000000000000000e+92	
-1.397632662777515822000000000000000000000e+91	
1.444399059778437740000000000000000000000e+92	
-9.494172339715473681000000000000000000000e+91	
7.647275156773388262000000000000000000000e+91	
-1.629088778072646281000000000000000000000e+92	
8.539422215360032128000000000000000000000e+90	
1.748361200856528058000000000000000000000e+92	
-6.454550928934570494000000000000000000000e+91	
1.017875605910633436000000000000000000000e+92	
-1.375940687839351672000000000000000000000e+92	
2.877535500541542781000000000000000000000e+91	
1.899957042351120111000000000000000000000e+92	
-4.938592513988649968000000000000000000000e+91	
1.160348746442933026000000000000000000000e+92	
-1.233467547307052082000000000000000000000e+92	
4.211085296978103692000000000000000000000e+91	
-1.972707764052174738000000000000000000000e+92	
-3.177637910653599347000000000000000000000e+91	
1.285693791049167478000000000000000000000e+92	
-1.108122502700817630000000000000000000000e+92	
5.654161183915550021000000000000000000000e+91	
-1.828400175358430106000000000000000000000e+92	
-1.545030953298977747000000000000000000000e+91	
1.467898161477066598000000000000000000000e+92	
-9.259181322729185094000000000000000000000e+91	
7.072985065650828370000000000000000000000e+91	
-1.686517787184902271000000000000000000000e+92	
-5.292262246238074296000000000000000000000e+90	
1.529196776000261911000000000000000000000e+92	
-8.646195177497231970000000000000000000000e+91	
8.537328192409885780000000000000000000000e+91	
-1.540083474508996530000000000000000000000e+92	
1.786050190787405510000000000000000000000e+91	
1.845775398204930176000000000000000000000e+92	
-5.480408955450549312000000000000000000000e+91	
1.119491111785656618000000000000000000000e+92	
-1.274325181964328490000000000000000000000e+92	
3.935682736002264250000000000000000000000e+91	
-2.000248020149758683000000000000000000000e+92	
-3.319932962324726208000000000000000000000e+91	
1.284768412481661323000000000000000000000e+92	
-1.109047881268323785000000000000000000000e+92	
5.363464224772304092000000000000000000000e+91	
-1.857469871272754698000000000000000000000e+92	
-2.117031020732241000000000000000000000000e+91	
1.382581843451964107000000000000000000000e+92	
-1.011234450298021000300000000000000000000e+92	
6.815787235373587556000000000000000000000e+91	
-1.712237570212626352000000000000000000000e+92	
-1.907552976351165239000000000000000000000e+90	
1.622581099915400613000000000000000000000e+92	
-7.712351938345844943000000000000000000000e+91	
8.707957614179776185000000000000000000000e+91	
-1.523020532332007489000000000000000000000e+92	
1.193845622044551758000000000000000000000e+91	
1.710309506063489570000000000000000000000e+92	
-6.835067876864955374000000000000000000000e+91	
1.015972773553558419700000000000000000000e+92	
-1.377843520196426688000000000000000000000e+92	
3.219815900116432558000000000000000000000e+91	
1.970297973454876709000000000000000000000e+92	
-4.235183202951083984000000000000000000000e+91	
1.225169074377404491000000000000000000000e+92	
-1.168647219372580617000000000000000000000e+92	
4.804110018889053820000000000000000000000e+91	
-1.913405291861079726000000000000000000000e+92	
-2.639764285590381052000000000000000000000e+91	
1.333968788562694260000000000000000000000e+92	
-1.059847505187290847000000000000000000000e+92	
6.252877196584863246000000000000000000000e+91	
-1.768528574091498783000000000000000000000e+92	
-8.304066156473566602000000000000000000000e+90	
1.550945659357454090000000000000000000000e+92	
-8.428706343925310174000000000000000000000e+91	
7.914938293682629104000000000000000000000e+91	
-1.602322464381722197000000000000000000000e+92	
3.241995402819701098000000000000000000000e+90	
1.615686035227127945000000000000000000000e+92	
-7.781302585228571630000000000000000000000e+91	
9.376796002076378767000000000000000000000e+91	
-1.456136693542347231000000000000000000000e+92	
2.600105870944931896000000000000000000000e+91	
1.924641017949402506000000000000000000000e+92	
-4.691752758005826018000000000000000000000e+91	
1.195818047309075351000000000000000000000e+92	
-1.197998246440909756000000000000000000000e+92	
4.673577883237412762000000000000000000000e+91	
-1.926458505426243832000000000000000000000e+92	
-2.607399395164765880000000000000000000000e+91	
1.353486873354073326000000000000000000000e+92	
-1.040329420395911781500000000000000000000e+92	
6.103349342257386205000000000000000000000e+91	
-1.783481359524246487000000000000000000000e+92	
-1.324471621827436736000000000000000000000e+91	
1.467102590055543450000000000000000000000e+92	
-9.267137036944416576000000000000000000000e+91	
7.548475426232592454000000000000000000000e+91	
-1.638968751126725862000000000000000000000e+92	
4.294696152565208824000000000000000000000e+90	
1.673362860341969075000000000000000000000e+92	
-7.204534334080160326000000000000000000000e+91	
9.103423851306794064000000000000000000000e+91	
-1.483473908619305701000000000000000000000e+92	
1.477016405679920607000000000000000000000e+91	
1.727402627659921073000000000000000000000e+92	
-6.664136660900640343000000000000000000000e+91	
1.056787707412123579300000000000000000000e+92	
-1.337028586337861528000000000000000000000e+92	
3.865065305524805190000000000000000000000e+91	
2.058521120973380104000000000000000000000e+92	
-3.352951727766050038000000000000000000000e+91	
1.337078635041299875000000000000000000000e+92	
-1.056737658708685232200000000000000000000e+92	
6.159951877353281424000000000000000000000e+91	
-1.777821106014656965000000000000000000000e+92	
-1.047293996264644896200000000000000000000e+91	
1.516866884348611475000000000000000000000e+92	
-8.769494094013736328000000000000000000000e+91	
7.579041672938952412000000000000000000000e+91	
-1.635912126456089866000000000000000000000e+92	
-6.808385274068100284000000000000000000000e+88	
1.583073868895716821000000000000000000000e+92	
-8.107424248542682868000000000000000000000e+91	
9.040776903163997731000000000000000000000e+91	
-1.489738603433585334000000000000000000000e+92	
2.254194262068340150000000000000000000000e+91	
1.889061098383595448000000000000000000000e+92	
-5.047551953663896599000000000000000000000e+91	
1.159249861138382168000000000000000000000e+92	
-1.234566432611602940000000000000000000000e+92	
4.298018273765347471000000000000000000000e+91	
-1.964014466373450360000000000000000000000e+92	
-2.992831836565899230000000000000000000000e+91	
1.313956837360013330000000000000000000000e+92	
-1.079859456389971777000000000000000000000e+92	
5.729458048401190970000000000000000000000e+91	
-1.820870488909866010000000000000000000000e+92	
-1.676964504200007444000000000000000000000e+91	
1.433992078036816079000000000000000000000e+92	
-9.598242157131690283000000000000000000000e+91	
7.172569816550875474000000000000000000000e+91	
-1.676559312094897560000000000000000000000e+92	
8.785811837141734353000000000000000000000e+88	
1.626818889092354937000000000000000000000e+92	
-7.669974046576301703000000000000000000000e+91	
8.593250503304435410000000000000000000000e+91	
-1.534491243419541567000000000000000000000e+92	
9.221316846570550311000000000000000000000e+90	
1.667445243396222859000000000000000000000e+92	
-7.263710503537622488000000000000000000000e+91	
1.006365376422595679600000000000000000000e+92	
-1.387450917327389428000000000000000000000e+92	
3.456145075490448284000000000000000000000e+91	
2.027154663029535282000000000000000000000e+92	
-3.666616307204498256000000000000000000000e+91	
1.315233001590946057000000000000000000000e+92	
-1.078583292159039050000000000000000000000e+92	
6.036656405715916490000000000000000000000e+91	
-1.790150653178393459000000000000000000000e+92	
-1.075475963524041255000000000000000000000e+91	
1.523555304568527020000000000000000000000e+92	
-8.702609891814580878000000000000000000000e+91	
7.612214895630909466000000000000000000000e+91	
-1.632594804186894161000000000000000000000e+92	
-7.329365223515230574000000000000000000000e+88	
1.579654027488281251000000000000000000000e+92	
-8.141622662617038570000000000000000000000e+91	
9.077870944545601088000000000000000000000e+91	
-1.486029199295424999000000000000000000000e+92	
2.362545278953227922000000000000000000000e+91	
1.907018351392868034000000000000000000000e+92	
-4.867979423571170736000000000000000000000e+91	
1.184325721003737033000000000000000000000e+92	
-1.209490572746248075000000000000000000000e+92	
4.619927513972369160000000000000000000000e+91	
-1.931823542352748192000000000000000000000e+92	
-2.599807364181885999000000000000000000000e+91	
1.360367268640677385000000000000000000000e+92	
-1.033449025109307722900000000000000000000e+92	
6.042563554708724922000000000000000000000e+91	
-1.789559938279112616000000000000000000000e+92	
-1.514782657162124706000000000000000000000e+91	
1.435125407796749530000000000000000000000e+92	
-9.586908859532355779000000000000000000000e+91	
7.503015709093568692000000000000000000000e+91	
-1.643514722840628238000000000000000000000e+92	
6.581854872904993826000000000000000000000e+90	
1.723638361629050166000000000000000000000e+92	
-6.701779321209349412000000000000000000000e+91	
9.880081624584196689000000000000000000000e+91	
-1.405808131291565439000000000000000000000e+92	
2.527440626805809468000000000000000000000e+91	
1.859808070085383613000000000000000000000e+92	
-5.340082236646014945000000000000000000000e+91	
1.131126751282566724000000000000000000000e+92	
-1.262689542467418384000000000000000000000e+92	
4.028080736391983774000000000000000000000e+91	
2.016814046666179011000000000000000000000e+92	
-3.770022470838060970000000000000000000000e+91	
1.273234953795653691000000000000000000000e+92	
-1.120581339954331417000000000000000000000e+92	
5.300259162256035774000000000000000000000e+91	
-1.863790377524381530000000000000000000000e+92	
-2.128132502085435423000000000000000000000e+91	
1.386679460405987071000000000000000000000e+92	
-1.007136833343998036300000000000000000000e+92	
6.746535204903484079000000000000000000000e+91	
-1.719162773259636700000000000000000000000e+92	
-3.701806711002514037000000000000000000000e+90	
1.593626711240857726000000000000000000000e+92	
-8.001895825091273818000000000000000000000e+91	
8.308350016581808830000000000000000000000e+91	
-1.562981292091804225000000000000000000000e+92	
6.842290887484106359000000000000000000000e+90	
1.648352433953511399000000000000000000000e+92	
-7.454638597964737090000000000000000000000e+91	
9.773606117440453944000000000000000000000e+91	
-1.416455682005939713000000000000000000000e+92	
3.067027204946677394000000000000000000000e+91	
1.978340784004418247000000000000000000000e+92	
-4.154755097455668605000000000000000000000e+91	
1.256521958546472667000000000000000000000e+92	
-1.137294335203512440000000000000000000000e+92	
5.350623590066635442000000000000000000000e+91	
-1.858753934743321563000000000000000000000e+92	
-1.860381933901476744000000000000000000000e+91	
1.435182312655565955000000000000000000000e+92	
-9.586339810944191528000000000000000000000e+91	
6.771247069667958456000000000000000000000e+91	
-1.716691586783189262000000000000000000000e+92	
-8.055563793325643966000000000000000000000e+90	
1.504103280190592636000000000000000000000e+92	
-8.897130135593924716000000000000000000000e+91	
8.233006718943605284000000000000000000000e+91	
-1.570515621855624579000000000000000000000e+92	
1.428368770696112617000000000000000000000e+91	
1.804673917085515736000000000000000000000e+92	
-5.891423766644693712000000000000000000000e+91	
1.073058945786591106000000000000000000000e+92	
-1.320757347963394002000000000000000000000e+92	
3.418080756312187407000000000000000000000e+91	
1.952883315403712980000000000000000000000e+92	
-4.409329783462721276000000000000000000000e+91	
1.215590536300191110000000000000000000000e+92	
-1.178225757449793997000000000000000000000e+92	
4.786646840018001123000000000000000000000e+91	
-1.915151609748184995000000000000000000000e+92	
-2.578944240990810835000000000000000000000e+91	
1.347875219466499335000000000000000000000e+92	
-1.045941074283485772900000000000000000000e+92	
6.226224236580059615000000000000000000000e+91	
-1.771193870091979146000000000000000000000e+92	
-1.022694372562085434300000000000000000000e+91	
1.515161647083910016000000000000000000000e+92	
-8.786546466660750916000000000000000000000e+91	
7.650129235152629141000000000000000000000e+91	
-1.628803370234722194000000000000000000000e+92	
1.523752474012139029000000000000000000000e+90	
1.607797454952486702000000000000000000000e+92	
-7.860188387974984058000000000000000000000e+91	
9.101400397157344696000000000000000000000e+91	
-1.483676254034250638000000000000000000000e+92	
2.128298260435494554000000000000000000000e+91	
1.857828831130620001000000000000000000000e+92	
-5.359874626193651063000000000000000000000e+91	
1.109384204649057724000000000000000000000e+92	
-1.284432089100927384000000000000000000000e+92	
3.613120548869146080000000000000000000000e+91	
1.955574386460251760000000000000000000000e+92	
-4.382419072897333472000000000000000000000e+91	
1.253846552237891208000000000000000000000e+92	
-1.139969741512093899000000000000000000000e+92	
5.524679452961716044000000000000000000000e+91	
-1.841348348453813503000000000000000000000e+92	
-1.485616081640455725000000000000000000000e+91	
1.492719908130288123000000000000000000000e+92	
-9.010963856196969849000000000000000000000e+91	
7.405596429301038141000000000000000000000e+91	
-1.653256650819881294000000000000000000000e+92	
-1.122629639726788967000000000000000000000e+90	
1.579324093843969831000000000000000000000e+92	
-8.144921999060152769000000000000000000000e+91	
8.859563540206602284000000000000000000000e+91	
-1.507859939729324879000000000000000000000e+92	
1.929336809290009221000000000000000000000e+91	
1.842218092826116964000000000000000000000e+92	
-5.515982009238681440000000000000000000000e+91	
1.098056740446028666000000000000000000000e+92	
-1.295759553303956441000000000000000000000e+92	
3.542657331381687010000000000000000000000e+91	
1.952807076579449979000000000000000000000e+92	
-4.410092171705351286000000000000000000000e+91	
1.242030503483424010000000000000000000000e+92	
-1.151785790266561098000000000000000000000e+92	
5.316076609331457188000000000000000000000e+91	
-1.862208632816839389000000000000000000000e+92	
-1.784616271116538274000000000000000000000e+91	
1.453784653382060797000000000000000000000e+92	
-9.400316403679243109000000000000000000000e+91	
6.925936489263201686000000000000000000000e+91	
-1.701222644823664939000000000000000000000e+92	
-6.821853534932999301000000000000000000000e+90	
1.513310102014235003000000000000000000000e+92	
-8.805061917357501046000000000000000000000e+91	
8.391173504955551874000000000000000000000e+91	
-1.554698943254429920000000000000000000000e+92	
1.652601229361061920000000000000000000000e+91	
1.833700442342143686000000000000000000000e+92	
-5.601158514078414219000000000000000000000e+91	
1.108685464194453835000000000000000000000e+92	
-1.285130829555531272000000000000000000000e+92	
3.840313025868735846000000000000000000000e+91	
-2.009784991163111523000000000000000000000e+92	
-3.402622220473366574000000000000000000000e+91	
1.277766900800142996000000000000000000000e+92	
-1.116049392949842111000000000000000000000e+92	
5.266730709307683330000000000000000000000e+91	
-1.867143222819216775000000000000000000000e+92	
-2.240469637962169751000000000000000000000e+91	
1.367568800579110568000000000000000000000e+92	
-1.026247493170874539500000000000000000000e+92	
6.722327126656962560000000000000000000000e+91	
-1.721583581084288852000000000000000000000e+92	
-2.275732893279179318000000000000000000000e+90	
1.624560693553265065000000000000000000000e+92	
-7.692556001967200422000000000000000000000e+91	
8.784339303706224544000000000000000000000e+91	
-1.515382363379362653000000000000000000000e+92	
1.326784903816915173000000000000000000000e+91	
1.729256378776605354000000000000000000000e+92	
-6.645599149733797534000000000000000000000e+91	
1.022935005240700664700000000000000000000e+92	
-1.370881288509284443000000000000000000000e+92	
3.169651450416039669000000000000000000000e+91	
1.953308813228174711000000000000000000000e+92	
-4.405074805218103963000000000000000000000e+91	
1.196213157327761489000000000000000000000e+92	
-1.197603136422223619000000000000000000000e+92	
4.394942834847228879000000000000000000000e+91	
-1.954322010265262220000000000000000000000e+92	
-3.168479958132027114000000000000000000000e+91	
1.269148322000735981000000000000000000000e+92	
-1.124667971749249127000000000000000000000e+92	
5.858331612214099736000000000000000000000e+91	
-1.807983132528575134000000000000000000000e+92	
-9.714193567020594890000000000000000000000e+90	
1.562185052072767241000000000000000000000e+92	
-8.316312416772178666000000000000000000000e+91	
8.280612776728651474000000000000000000000e+91	
-1.565755016077119960000000000000000000000e+92	
9.430285296679675590000000000000000000000e+90	
1.702871786117512897000000000000000000000e+92	
-6.909445076324722110000000000000000000000e+91	
9.712183136916387050000000000000000000000e+91	
-1.422597980058346403000000000000000000000e+92	
2.399289615700842466000000000000000000000e+91	
1.850965738527628382000000000000000000000e+92	
-5.428505552223567252000000000000000000000e+91	
1.113891743080997730000000000000000000000e+92	
-1.279924550668987378000000000000000000000e+92	
3.771845655579376247000000000000000000000e+91	
1.982806213390708550000000000000000000000e+92	
-4.110100803592765574000000000000000000000e+91	
1.257010444417485622000000000000000000000e+92	
-1.136805849332499486000000000000000000000e+92	
5.315758805587503398000000000000000000000e+91	
-1.862240413191234768000000000000000000000e+92	
-1.934976579456174922000000000000000000000e+91	
1.423751839219416357000000000000000000000e+92	
-9.700644545305687501000000000000000000000e+91	
6.741105188314529006000000000000000000000e+91	
-1.719705774918532207000000000000000000000e+92	
-7.515772928118084379000000000000000000000e+90	
1.517909099201186404000000000000000000000e+92	
-8.759071945487987032000000000000000000000e+91	
8.193005093814451344000000000000000000000e+91	
-1.574515784368539973000000000000000000000e+92	
1.210395944951428129000000000000000000000e+91	
1.765088371501387329000000000000000000000e+92	
-6.287279222485977784000000000000000000000e+91	
1.015693989836826507100000000000000000000e+92	
-1.378122303913158600000000000000000000000e+92	
2.666725575541675159000000000000000000000e+91	
1.859986079034241570000000000000000000000e+92	
-5.338302147157435379000000000000000000000e+91	
1.160394381383860332000000000000000000000e+92	
-1.233421912366124775000000000000000000000e+92	
4.611508479279358832000000000000000000000e+91	
-1.932665445822049224000000000000000000000e+92	
-2.377446946036078486000000000000000000000e+91	
1.405669770591078632000000000000000000000e+92	
-9.881465231589064755000000000000000000000e+91	
6.556413927914632040000000000000000000000e+91	
-1.738174900958521904000000000000000000000e+92	
-9.401372010684903884000000000000000000000e+90	
1.498666436119949781000000000000000000000e+92	
-8.951498576300353262000000000000000000000e+91	
8.009018158995243960000000000000000000000e+91	
-1.592914477850460712000000000000000000000e+92	
1.034844505961242149200000000000000000000e+91	
1.748376357377885876000000000000000000000e+92	
-6.454399363720992320000000000000000000000e+91	
9.998246858903823158000000000000000000000e+91	
-1.393991607859602792000000000000000000000e+92	
2.516455443951407374000000000000000000000e+91	
1.845800937481709332000000000000000000000e+92	
-5.480153562682757754000000000000000000000e+91	
1.144447342654244096000000000000000000000e+92	
-1.249368951095741012000000000000000000000e+92	
4.434427888605593238000000000000000000000e+91	
-1.950373504889425784000000000000000000000e+92	
-2.572128976057951227000000000000000000000e+91	
1.384442299620873005000000000000000000000e+92	
-1.009373994129112102700000000000000000000e+92	
6.326555293840914486000000000000000000000e+91	
-1.761160764365893659000000000000000000000e+92	
-1.187571008562588818000000000000000000000e+91	
1.472166412688123107000000000000000000000e+92	
-9.216498810618620010000000000000000000000e+91	
7.781537900271919319000000000000000000000e+91	
-1.615662503722793176000000000000000000000e+92	
8.448655503527231688000000000000000000000e+90	
1.733126725809770048000000000000000000000e+92	
-6.606895679402150600000000000000000000000e+91	
9.883214529250640420000000000000000000000e+91	
-1.405494840824921066000000000000000000000e+92	
2.438868455710266297000000000000000000000e+91	
1.841784909265087672000000000000000000000e+92	
-5.520313844848974352000000000000000000000e+91	
1.132518916747298499000000000000000000000e+92	
-1.261297377002686609000000000000000000000e+92	
4.236059030080875024000000000000000000000e+91	
-1.970210390741897605000000000000000000000e+92	
-2.849543076186839312000000000000000000000e+91	
1.348800299273963807000000000000000000000e+92	
-1.045015994476021300400000000000000000000e+92	
5.891168705718193428000000000000000000000e+91	
-1.804699423178165765000000000000000000000e+92	
-1.701884882219996935000000000000000000000e+91	
1.412846224725017455000000000000000000000e+92	
-9.809700690249676524000000000000000000000e+91	
7.356027463374027181000000000000000000000e+91	
-1.658213547412582390000000000000000000000e+92	
5.869631015725774576000000000000000000000e+90	
1.724088938435255166000000000000000000000e+92	
-6.697273553147299417000000000000000000000e+91	
9.960277858969735601000000000000000000000e+91	
-1.397788507853011548000000000000000000000e+92	
2.683289658814189010000000000000000000000e+91	
1.882954488053090410000000000000000000000e+92	
-5.108618056968946976000000000000000000000e+91	
1.138245187434954639000000000000000000000e+92	
-1.255571106315030469000000000000000000000e+92	
3.939065045851898786000000000000000000000e+91	
-1.999909789164795229000000000000000000000e+92	
-3.500617449406985376000000000000000000000e+91	
1.248302444490282073000000000000000000000e+92	
-1.145513849259703034000000000000000000000e+92	
5.388505204409197598000000000000000000000e+91	
-1.854965773309065348000000000000000000000e+92	
-1.702483322977461224000000000000000000000e+91	
1.462967900547790784000000000000000000000e+92	
-9.308483932021943234000000000000000000000e+91	
7.027463657299118548000000000000000000000e+91	
-1.691069928020073253000000000000000000000e+92	
-5.709683138160595004000000000000000000000e+90	
1.525400310912473169000000000000000000000e+92	
-8.684159828375119386000000000000000000000e+91	
8.491423363269541432000000000000000000000e+91	
-1.544673957423030964000000000000000000000e+92	
1.732209134954896345000000000000000000000e+91	
1.839598064912834758000000000000000000000e+92	
-5.542182288371503498000000000000000000000e+91	
1.112520945548530158000000000000000000000e+92	
-1.281295348201454950000000000000000000000e+92	
3.858056689854211314000000000000000000000e+91	
-2.008010624764563976000000000000000000000e+92	
-3.405479448539685290000000000000000000000e+91	
1.275422114028197744000000000000000000000e+92	
-1.118394179721787364000000000000000000000e+92	
5.286875014572525104000000000000000000000e+91	
-1.865128792292732597000000000000000000000e+92	
-2.176754854129710441000000000000000000000e+91	
1.378295158457111938000000000000000000000e+92	
-1.015521135292873170100000000000000000000e+92	
6.737316365345381066000000000000000000000e+91	
-1.720084657215447001000000000000000000000e+92	
-3.048124687720516706000000000000000000000e+90	
1.607618523706113164000000000000000000000e+92	
-7.861977700438719432000000000000000000000e+91	
8.522780962469987844000000000000000000000e+91	
-1.541538197502986323000000000000000000000e+92	
9.731357732474910636000000000000000000000e+90	
1.684686969847519711000000000000000000000e+92	
-7.091293239024653968000000000000000000000e+91	
9.978982734967944789000000000000000000000e+91	
-1.395918020253190629000000000000000000000e+92	
3.114513697002541994000000000000000000000e+91	
1.967308278344477704000000000000000000000e+92	
-4.265080154055074033000000000000000000000e+91	
1.229716151792125938000000000000000000000e+92	
-1.164100141957859170000000000000000000000e+92	
4.924911010204628136000000000000000000000e+91	
-1.901325192729522294000000000000000000000e+92	
-2.443670566522726750000000000000000000000e+91	
1.361103686168767241000000000000000000000e+92	
-1.032712607581217866200000000000000000000e+92	
6.364653945815910797000000000000000000000e+91	
-1.757350899168394028000000000000000000000e+92	
-8.781226793021168670000000000000000000000e+90	
1.530232709145609392000000000000000000000e+92	
-8.635835846043757158000000000000000000000e+91	
7.787649438422783119000000000000000000000e+91	
-1.615051349907706796000000000000000000000e+92	
2.767115977692570727000000000000000000000e+90	
1.618913360816861377000000000000000000000e+92	
-7.749029329331237310000000000000000000000e+91	
9.240286821397232395000000000000000000000e+91	
-1.469787611610261868000000000000000000000e+92	
2.294898251257126395000000000000000000000e+91	
1.877258807656250115000000000000000000000e+92	
-5.165574860937349922000000000000000000000e+91	
1.131582780089837893000000000000000000000e+92	
-1.262233513660147214000000000000000000000e+92	
3.862778514005778496000000000000000000000e+91	
1.983306026890238238000000000000000000000e+92	
-4.105102668597468698000000000000000000000e+91	
1.275689517355129712000000000000000000000e+92	
-1.118126776394855396000000000000000000000e+92	
5.684251657041891534000000000000000000000e+91	
-1.825391128045795954000000000000000000000e+92	
-1.384872033201887440000000000000000000000e+91	
1.496914425097303984000000000000000000000e+92	
-8.969018686526811240000000000000000000000e+91	
7.388771982505828384000000000000000000000e+91	
-1.654939095499402269000000000000000000000e+92	
-1.878277794931204508000000000000000000000e+90	
1.565896498737850247000000000000000000000e+92	
-8.279197950121348604000000000000000000000e+91	
8.849675061944682686000000000000000000000e+91	
-1.508848787555516839000000000000000000000e+92	
2.043773900199268000000000000000000000000e+91	
1.866088171552095824000000000000000000000e+92	
-5.277281221978892832000000000000000000000e+91	
1.134347004604205183000000000000000000000e+92	
-1.259469289145779924000000000000000000000e+92	
4.029700016033663031000000000000000000000e+91	
2.013919171302637766000000000000000000000e+92	
-3.798971224473473421000000000000000000000e+91	
1.276810806412106564000000000000000000000e+92	
-1.117005487337878543000000000000000000000e+92	
5.400692765497084326000000000000000000000e+91	
-1.853747017200276675000000000000000000000e+92	
-1.963056008465032201000000000000000000000e+91	
1.409648181738074449000000000000000000000e+92	
-9.841681120119106582000000000000000000000e+91	
6.839225430044851286000000000000000000000e+91	
-1.709893750745499979000000000000000000000e+92	
-4.144192551617191460000000000000000000000e+90	
1.575516786419046555000000000000000000000e+92	
-8.182995073309385530000000000000000000000e+91	
8.262860152790998562000000000000000000000e+91	
-1.567530278470885251000000000000000000000e+92	
7.742811209738076157000000000000000000000e+90	
1.670905081295242216000000000000000000000e+92	
-7.229112124547428916000000000000000000000e+91	
9.712225360050870674000000000000000000000e+91	
-1.422593757744898040000000000000000000000e+92	
2.718882001213247072000000000000000000000e+91	
1.914864090337073253000000000000000000000e+92	
-4.789522034129118545000000000000000000000e+91	
1.164397355823123050000000000000000000000e+92	
-1.229418937926862057000000000000000000000e+92	
4.143041043664560811000000000000000000000e+91	
-1.979512189383529026000000000000000000000e+92	
-3.354158499033836627000000000000000000000e+91	
1.257199497221343808000000000000000000000e+92	
-1.136616796528641300000000000000000000000e+92	
5.598975494185431268000000000000000000000e+91	
-1.833918744331441981000000000000000000000e+92	
-1.370573737243524270000000000000000000000e+91	
1.508296745075385398000000000000000000000e+92	
-8.855195486745997095000000000000000000000e+91	
7.602070555778638378000000000000000000000e+91	
-1.633609238172121270000000000000000000000e+92	
1.248966615908765321000000000000000000000e+90	
1.607106581523025858000000000000000000000e+92	
-7.867097122269592498000000000000000000000e+91	
9.050984397500901738000000000000000000000e+91	
-1.488717853999894934000000000000000000000e+92	
2.034396647578112511000000000000000000000e+91	
1.844092272663318855000000000000000000000e+92	
-5.497240210866662526000000000000000000000e+91	
1.091303412061703010000000000000000000000e+92	
-1.302512881688282097000000000000000000000e+92	
3.388891901645302287000000000000000000000e+91	
1.928811610511911102000000000000000000000e+92	
-4.650046832380740058000000000000000000000e+91	
1.236301165762154118000000000000000000000e+92	
-1.157515127987830990000000000000000000000e+92	
5.441353610959752556000000000000000000000e+91	
-1.849680932654009852000000000000000000000e+92	
-1.476859750028644912000000000000000000000e+91	
1.502799176020447495000000000000000000000e+92	
-8.910171177295376124000000000000000000000e+91	
7.598379651974700126000000000000000000000e+91	
-1.633978328552515095000000000000000000000e+92	
1.724650217502744891000000000000000000000e+90	
1.616986792927274483000000000000000000000e+92	
-7.768295008227106250000000000000000000000e+91	
9.041265653465803743000000000000000000000e+91	
-1.489689728403404733000000000000000000000e+92	
1.916211052791786805000000000000000000000e+91	
1.821432426154429717000000000000000000000e+92	
-5.723838675955553904000000000000000000000e+91	
1.057807673880990301100000000000000000000e+92	
-1.336008619868994806000000000000000000000e+92	
2.945629529853317126000000000000000000000e+91	
1.873660264323804974000000000000000000000e+92	
-5.201560294261801330000000000000000000000e+91	
1.204125254746755500000000000000000000000e+92	
-1.189691039003229607000000000000000000000e+92	
5.349234511211953592000000000000000000000e+91	
-1.858892842628789748000000000000000000000e+92	
-1.339453123787160249000000000000000000000e+91	
1.539480988489400123000000000000000000000e+92	
-8.543353052605849843000000000000000000000e+91	
8.194495104418385102000000000000000000000e+91	
-1.574366783308146597000000000000000000000e+92	
9.977636880732947415000000000000000000000e+90	
1.722423575239107738000000000000000000000e+92	
-6.713927185108773698000000000000000000000e+91	
9.609604293034030474000000000000000000000e+91	
-1.432855864446582060000000000000000000000e+92	
1.998762389838146534000000000000000000000e+91	
1.781133005672064961000000000000000000000e+92	
-6.126832880779201462000000000000000000000e+91	
1.107154309883041094000000000000000000000e+92	
-1.286661983866944013000000000000000000000e+92	
4.335110315246243724000000000000000000000e+91	
2.102165193656086162000000000000000000000e+92	
-2.916511000938989456000000000000000000000e+91	
1.377363951811202564000000000000000000000e+92	
-1.016452341938782543800000000000000000000e+92	
6.529234201367729549000000000000000000000e+91	
-1.740892873613212153000000000000000000000e+92	
-7.115658088100471811000000000000000000000e+90	
1.547085959319099180000000000000000000000e+92	
-8.467303344308859278000000000000000000000e+91	
7.951775161246823601000000000000000000000e+91	
-1.598638777625302748000000000000000000000e+92	
4.364327347939836816000000000000000000000e+90	
1.634445235141413406000000000000000000000e+92	
-7.593710586085717018000000000000000000000e+91	
9.404709642017538844000000000000000000000e+91	
-1.453345329548231223000000000000000000000e+92	
2.468420618446926079000000000000000000000e+91	
1.895520546177134656000000000000000000000e+92	
-4.982957475728504520000000000000000000000e+91	
1.150753567782952450000000000000000000000e+92	
-1.243062725967032658000000000000000000000e+92	
4.063572358615071916000000000000000000000e+91	
-1.987459057888477916000000000000000000000e+92	
-3.376686340459801867000000000000000000000e+91	
1.260637963679204385000000000000000000000e+92	
-1.133178330070780722000000000000000000000e+92	
5.512912460963481629000000000000000000000e+91	
-1.842525047653636945000000000000000000000e+92	
-1.577024525336717274000000000000000000000e+91	
1.475618882088706897000000000000000000000e+92	
-9.181974116612782102000000000000000000000e+91	
7.155023967419096586000000000000000000000e+91	
-1.678313897008075449000000000000000000000e+92	
-4.423580317825584243000000000000000000000e+90	
1.538366284053464676000000000000000000000e+92	
-8.554500096965204316000000000000000000000e+91	
8.618688112647656196000000000000000000000e+91	
-1.531947482485219488000000000000000000000e+92	
1.857080094206421353000000000000000000000e+91	
1.851845900956532524000000000000000000000e+92	
-5.419703927934525832000000000000000000000e+91	
1.124529640782688698000000000000000000000e+92	
-1.269286652967296410000000000000000000000e+92	
3.975753424226984817000000000000000000000e+91	
-1.996240951327286626000000000000000000000e+92	
-3.290171742601431424000000000000000000000e+91	
1.286714100672800818000000000000000000000e+92	
-1.107102193077184289000000000000000000000e+92	
5.404694230668906934000000000000000000000e+91	
-1.853346870683094414000000000000000000000e+92	
-2.054038726631078020000000000000000000000e+91	
1.391056218643734799000000000000000000000e+92	
-1.002760075106250308800000000000000000000e+92	
6.854400399586033638000000000000000000000e+91	
-1.708376253791381744000000000000000000000e+92	
-1.982497634242302460000000000000000000000e+90	
1.617223184964172977000000000000000000000e+92	
-7.765931087858121309000000000000000000000e+91	
8.608316715803112964000000000000000000000e+91	
-1.532984622169673811000000000000000000000e+92	
1.048165898248341490800000000000000000000e+91	
1.691139942345571024000000000000000000000e+92	
-7.026763514044140834000000000000000000000e+91	
1.006563959274954533800000000000000000000e+92	
-1.387252334475030574000000000000000000000e+92	
3.223286675625838674000000000000000000000e+91	
1.980396087643066762000000000000000000000e+92	
-4.134202061069183455000000000000000000000e+91	
1.245013372426821246000000000000000000000e+92	
-1.148802921323163862000000000000000000000e+92	
5.099966334385962038000000000000000000000e+91	
-1.883819660311388904000000000000000000000e+92	
-2.246543114561579568000000000000000000000e+91	
1.383022545684346414000000000000000000000e+92	
-1.010793748065638693800000000000000000000e+92	
6.536875528394680833000000000000000000000e+91	
-1.740128740910517024000000000000000000000e+92	
-7.528447353350200864000000000000000000000e+90	
1.538068475914440128000000000000000000000e+92	
-8.557478178355449800000000000000000000000e+91	
7.965163718892472809000000000000000000000e+91	
-1.597299921860737827000000000000000000000e+92	
5.533331439764338479000000000000000000000e+90	
1.656481309762781054000000000000000000000e+92	
-7.373349839872040540000000000000000000000e+91	
9.405897608438533253000000000000000000000e+91	
-1.453226532906131782000000000000000000000e+92	
2.250544880289512035000000000000000000000e+91	
1.851837503996657914000000000000000000000e+92	
-5.419787897533271936000000000000000000000e+91	
1.085185953905227191000000000000000000000e+92	
-1.308630339844757916000000000000000000000e+92	
3.189159415311000844000000000000000000000e+91	
1.894989466980971104000000000000000000000e+92	
-4.988268267690140038000000000000000000000e+91	
1.231822674412971027000000000000000000000e+92	
-1.161993619337014080000000000000000000000e+92	
5.689859185405179182000000000000000000000e+91	
-1.824830375209467189000000000000000000000e+92	
-9.352096488499319795000000000000000000000e+90	
1.586264049955268432000000000000000000000e+92	
-8.075522437947166758000000000000000000000e+91	
8.725881213532644213000000000000000000000e+91	
-1.521228172396720686000000000000000000000e+92	
1.592673662126083936000000000000000000000e+91	
1.788263797760632706000000000000000000000e+92	
-6.055524959893524012000000000000000000000e+91	
1.023824561704067825800000000000000000000e+92	
-1.369991732045917282000000000000000000000e+92	
2.597657623675588416000000000000000000000e+91	
1.838049400405730746000000000000000000000e+92	
-5.557668933442543612000000000000000000000e+91	
1.170283772073347750000000000000000000000e+92	
-1.223532521676637358000000000000000000000e+92	
5.028504691285513563000000000000000000000e+91	
-1.890965824621433751000000000000000000000e+92	
-1.642506738162713994000000000000000000000e+91	
1.510942367919268467000000000000000000000e+92	
-8.828739258307166404000000000000000000000e+91	
7.926767514892581831000000000000000000000e+91	
-1.601139542260726924000000000000000000000e+92	
7.476859266000262870000000000000000000000e+90	
1.699179903522092511000000000000000000000e+92	
-6.946363902278925966000000000000000000000e+91	
9.340160428224970193000000000000000000000e+91	
-1.459800250927488088000000000000000000000e+92	
1.692329794652400522000000000000000000000e+91	
1.746792713925476970000000000000000000000e+92	
-6.470235798245081381000000000000000000000e+91	
1.080681580603936051000000000000000000000e+92	
-1.313134713146049056000000000000000000000e+92	
4.149019492812472372000000000000000000000e+91	
2.091415844965265620000000000000000000000e+92	
-3.024004487847194876000000000000000000000e+91	
1.374470425137380688000000000000000000000e+92	
-1.019345868612604419200000000000000000000e+92	
6.578818058910377646000000000000000000000e+91	
-1.735934487858947343000000000000000000000e+92	
-5.835019034188959714000000000000000000000e+90	
1.567736448944536113000000000000000000000e+92	
-8.260798448054489945000000000000000000000e+91	
8.003888687360083112000000000000000000000e+91	
-1.593427425013976796000000000000000000000e+92	
3.342317263649572909000000000000000000000e+90	
1.608801360580303641000000000000000000000e+92	
-7.850149331696814664000000000000000000000e+91	
9.474914524684765749000000000000000000000e+91	
-1.446324841281508533000000000000000000000e+92	
2.865106569407711854000000000000000000000e+91	
1.967821000194176952000000000000000000000e+92	
-4.259952935558081560000000000000000000000e+91	
1.255669640898626920000000000000000000000e+92	
-1.138146652851358187000000000000000000000e+92	
5.438726963355168266000000000000000000000e+91	
-1.849943597414468281000000000000000000000e+92	
-1.675700098759193235000000000000000000000e+91	
1.463303535957025024000000000000000000000e+92	
-9.305127577929600833000000000000000000000e+91	
7.007404800062223690000000000000000000000e+91	
-1.693075813743762738000000000000000000000e+92	
-6.144307293877175050000000000000000000000e+90	
1.518714878241347681000000000000000000000e+92	
-8.751014155086374266000000000000000000000e+91	
8.474145967773609238000000000000000000000e+91	
-1.546401696972624184000000000000000000000e+92	
1.764483997836718226000000000000000000000e+91	
1.847778310982923176000000000000000000000e+92	
-5.460379827670619320000000000000000000000e+91	
1.125651486571931350000000000000000000000e+92	
-1.268164807178053758000000000000000000000e+92	
4.038840413602080076000000000000000000000e+91	
-1.989932252389777100000000000000000000000e+92	
-3.175242035036686527000000000000000000000e+91	
1.303388763203583853000000000000000000000e+92	
-1.090427530546401254000000000000000000000e+92	
5.461594676386345350000000000000000000000e+91	
-1.847656826111350573000000000000000000000e+92	
-2.106929793607949307000000000000000000000e+91	
1.374793424645628996000000000000000000000e+92	
-1.019022869104356111900000000000000000000e+92	
6.924145734427120228000000000000000000000e+91	
-1.701401720307273085000000000000000000000e+92	
1.037532015646695617000000000000000000000e+90	
1.670637685765672246000000000000000000000e+92	
-7.231786079843128614000000000000000000000e+91	
9.374488237246459692000000000000000000000e+91	
-1.456367470025339138000000000000000000000e+92	
2.046248461017658175000000000000000000000e+91	
1.814127761291535246000000000000000000000e+92	
-5.796885324584498610000000000000000000000e+91	
1.080348397378317137000000000000000000000e+92	
-1.313467896371667970000000000000000000000e+92	
3.469342117569561990000000000000000000000e+91	
-2.046882081993028909000000000000000000000e+92	
-3.861149773099899294000000000000000000000e+91	
1.223162838516175921000000000000000000000e+92	
-1.170653455233809187000000000000000000000e+92	
4.906564710158945750000000000000000000000e+91	
-1.903159822734090533000000000000000000000e+92	
-2.414853517217324050000000000000000000000e+91	
1.368699378866834044000000000000000000000e+92	
-1.025116914883151063900000000000000000000e+92	
6.340781622426398700000000000000000000000e+91	
-1.759738131507345238000000000000000000000e+92	
-1.001774571267905015500000000000000000000e+91	
1.507894528798290687000000000000000000000e+92	
-8.859217649516944208000000000000000000000e+91	
7.775552580656094646000000000000000000000e+91	
-1.616261035684375643000000000000000000000e+92	
4.757945360150817208000000000000000000000e+90	
1.659929124506257233000000000000000000000e+92	
-7.338871692437278746000000000000000000000e+91	
9.203352054435266041000000000000000000000e+91	
-1.473481088306458504000000000000000000000e+92	
1.811093583889679182000000000000000000000e+91	
1.784213590150725482000000000000000000000e+92	
-6.096027035992596258000000000000000000000e+91	
1.064011303303612090000000000000000000000e+92	
-1.329804990446373017000000000000000000000e+92	
3.441674378755748168000000000000000000000e+91	
1.966644005477542876000000000000000000000e+92	
-4.271722882724422316000000000000000000000e+91	
1.205212576868635370000000000000000000000e+92	
-1.188603716881349737000000000000000000000e+92	
4.441600880911551369000000000000000000000e+91	
-1.949656205658829971000000000000000000000e+92	
-3.165136494410144114000000000000000000000e+91	
1.265153365765558297000000000000000000000e+92	
-1.128662927984426811000000000000000000000e+92	
5.910024539480460030000000000000000000000e+91	
-1.802813839801939105000000000000000000000e+92	
-8.281295473250304822000000000000000000000e+90	
1.585669162740528756000000000000000000000e+92	
-8.081471310094563511000000000000000000000e+91	
8.606959618582851864000000000000000000000e+91	
-1.533120331891699921000000000000000000000e+92	
1.360835567249555772000000000000000000000e+91	
1.753793957769841558000000000000000000000e+92	
-6.400223359801435500000000000000000000000e+91	
1.002732581779367818000000000000000000000e+92	
-1.391083711970617290000000000000000000000e+92	
2.520449847800357350000000000000000000000e+91	
1.843693170739807092000000000000000000000e+92	
-5.501231230101780162000000000000000000000e+91	
1.147646543579658740000000000000000000000e+92	
-1.246169750170326367000000000000000000000e+92	
4.519463163468725976000000000000000000000e+91	
-1.941869977403112510000000000000000000000e+92	
-2.434076833506081277000000000000000000000e+91	
1.403546562166647936000000000000000000000e+92	
-9.902697315833371720000000000000000000000e+91	
6.570562030552537164000000000000000000000e+91	
-1.736760090694731391000000000000000000000e+92	
-8.906265191247717735000000000000000000000e+90	
1.507152002363534531000000000000000000000e+92	
-8.866642913864505767000000000000000000000e+91	
8.018985285517881482000000000000000000000e+91	
-1.591917765198196959000000000000000000000e+92	
9.699603661764499288000000000000000000000e+90	
1.734406541874454200000000000000000000000e+92	
-6.594097518755309070000000000000000000000e+91	
9.783771921139237807000000000000000000000e+91	
-1.415439101636061327000000000000000000000e+92	
2.227240937446382908000000000000000000000e+91	
1.809409249504126430000000000000000000000e+92	
-5.844070442458586770000000000000000000000e+91	
1.123908392720579305000000000000000000000e+92	
-1.269907901029405803000000000000000000000e+92	
4.387486875750553880000000000000000000000e+91	
-1.955067606174929720000000000000000000000e+92	
-2.460700357125970323000000000000000000000e+91	
1.411414243147656700000000000000000000000e+92	
-9.824020506023284080000000000000000000000e+91	
6.754486769217350579000000000000000000000e+91	
-1.718367616828250050000000000000000000000e+92	
-6.015062301004170210000000000000000000000e+90	
1.546578351059114025000000000000000000000e+92	
-8.472379426908710827000000000000000000000e+91	
8.190281343914042788000000000000000000000e+91	
-1.574788159358580829000000000000000000000e+92	
9.183999597013929587000000000000000000000e+90	
1.706975945586363709000000000000000000000e+92	
-6.868403481636213990000000000000000000000e+91	
9.614240780471344869000000000000000000000e+91	
-1.432392215702850621000000000000000000000e+92	
2.162432475946211992000000000000000000000e+91	
1.813395459561343294000000000000000000000e+92	
-5.804208341886418140000000000000000000000e+91	
1.105745631757913075000000000000000000000e+92	
-1.288070661992072033000000000000000000000e+92	
3.984479784200774240000000000000000000000e+91	
2.033464514267672281000000000000000000000e+92	
-3.603517794823128266000000000000000000000e+91	
1.275042386499188887000000000000000000000e+92	
-1.118773907250796220000000000000000000000e+92	
5.169977009302897222000000000000000000000e+91	
-1.876818592819695385000000000000000000000e+92	
-2.406697302798176497000000000000000000000e+91	
1.344002095107249933000000000000000000000e+92	
-1.049814198642735174300000000000000000000e+92	
6.633880423086880760000000000000000000000e+91	
-1.730428251441297032000000000000000000000e+92	
-1.688729085637300720000000000000000000000e+90	
1.645138117027937981000000000000000000000e+92	
-7.486781767220471266000000000000000000000e+91	
9.137114198528151432000000000000000000000e+91	
-1.480104873897169964000000000000000000000e+92	
1.826487301232939298000000000000000000000e+91	
1.793912056670318734000000000000000000000e+92	
-5.999042370796663740000000000000000000000e+91	
1.056435708327221309700000000000000000000e+92	
-1.337380585422763798000000000000000000000e+92	
3.193263781457367978000000000000000000000e+91	
1.924546073458473851000000000000000000000e+92	
-4.692702202915112568000000000000000000000e+91	
1.199679206816104314000000000000000000000e+92	
-1.194137086933880793000000000000000000000e+92	
4.751730830035313566000000000000000000000e+91	
-1.918643210746453751000000000000000000000e+92	
-2.489724775093008114000000000000000000000e+91	
1.369204535822591815000000000000000000000e+92	
-1.024611757927393292600000000000000000000e+92	
6.176745523382682470000000000000000000000e+91	
-1.776141741411716860000000000000000000000e+92	
-1.334814189440971833000000000000000000000e+91	
1.457698625827395132000000000000000000000e+92	
-9.361176679225899752000000000000000000000e+91	
7.631628047939406360000000000000000000000e+91	
-1.630653488956044472000000000000000000000e+92	
6.897263180843086331000000000000000000000e+90	
1.717090124838688963000000000000000000000e+92	
-6.767261689112961449000000000000000000000e+91	
9.717624343295772162000000000000000000000e+91	
-1.422053859420407891000000000000000000000e+92	
2.268056693415138449000000000000000000000e+91	
1.824181835262540314000000000000000000000e+92	
-5.696344584874447934000000000000000000000e+91	
1.116043678262979511000000000000000000000e+92	
-1.277772615487005597000000000000000000000e+92	
4.082579387546833530000000000000000000000e+91	
-1.985558354995301755000000000000000000000e+92	
-2.991755586491522544000000000000000000000e+91	
1.335705200737647289000000000000000000000e+92	
-1.058111093012337818400000000000000000000e+92	
5.771473640799280965000000000000000000000e+91	
-1.816668929670057011000000000000000000000e+92	
-1.810329628402751120000000000000000000000e+91	
1.403126222088327428000000000000000000000e+92	
-9.906900716616576791000000000000000000000e+91	
7.235169706109641478000000000000000000000e+91	
-1.670299323139020960000000000000000000000e+92	
4.424593870993422370000000000000000000000e+90	
1.707275148049971628000000000000000000000e+92	
-6.865411457000134800000000000000000000000e+91	
9.768517527710086597000000000000000000000e+91	
-1.416964540978976448000000000000000000000e+92	
2.467918656266953598000000000000000000000e+91	
1.859057495696467392000000000000000000000e+92	
-5.347587980535177160000000000000000000000e+91	
1.119372888234782577000000000000000000000e+92	
-1.274443405515202531000000000000000000000e+92	
3.800563979139578889000000000000000000000e+91	
-2.013759895836027219000000000000000000000e+92	
-3.588921584660189121000000000000000000000e+91	
1.244489225971706348000000000000000000000e+92	
-1.149327067778278760000000000000000000000e+92	
5.244283087795865240000000000000000000000e+91	
-1.869387984970398584000000000000000000000e+92	
-1.952742573485684933000000000000000000000e+91	
1.427343539233183143000000000000000000000e+92	
-9.664727545168019643000000000000000000000e+91	
6.663404623251870661000000000000000000000e+91	
-1.727475831424798042000000000000000000000e+92	
-9.428388792818963148000000000000000000000e+90	
1.487432489978722109000000000000000000000e+92	
-9.063838037712629986000000000000000000000e+91	
8.128774539789570022000000000000000000000e+91	
-1.580938839771028105000000000000000000000e+92	
1.386581222357090720000000000000000000000e+91	
1.806736517665505829000000000000000000000e+92	
-5.870797760844792788000000000000000000000e+91	
1.081359795659449572000000000000000000000e+92	
-1.312456498090535536000000000000000000000e+92	
3.563440702217385355000000000000000000000e+91	
1.973651351681733328000000000000000000000e+92	
-4.201649420682517792000000000000000000000e+91	
1.223146366261735196000000000000000000000e+92	
-1.170669927488249912000000000000000000000e+92	
4.730148829352609002000000000000000000000e+91	
-1.920801410814724207000000000000000000000e+92	
-2.767432841776193870000000000000000000000e+91	
1.315833869121365136000000000000000000000e+92	
-1.077982424628619972000000000000000000000e+92	
6.185336666807877420000000000000000000000e+91	
-1.775282627069197366000000000000000000000e+92	
-7.841951196849454018000000000000000000000e+90	
1.566936350456678156000000000000000000000e+92	
-8.268799432933069512000000000000000000000e+91	
8.188484037168452613000000000000000000000e+91	
-1.574967890033139846000000000000000000000e+92	
7.113275618844401926000000000000000000000e+90	
1.665751412575874480000000000000000000000e+92	
-7.280648811741106280000000000000000000000e+91	
9.636605178329761008000000000000000000000e+91	
-1.430155775917009007000000000000000000000e+92	
2.619190310542150662000000000000000000000e+91	
1.902488968336225652000000000000000000000e+92	
-4.913273254137594556000000000000000000000e+91	
1.149617478253612236000000000000000000000e+92	
-1.244198815496372872000000000000000000000e+92	
3.971206679974663935000000000000000000000e+91	
-1.996695625752518714000000000000000000000e+92	
-3.550016488982615743000000000000000000000e+91	
1.235212531178871638000000000000000000000e+92	
-1.158603762571113470000000000000000000000e+92	
5.430200205526175812000000000000000000000e+91	
-1.850796273197367526000000000000000000000e+92	
-1.488280082156037764000000000000000000000e+91	
1.501630463422406428000000000000000000000e+92	
-8.921858303275786798000000000000000000000e+91	
7.586425864915955528000000000000000000000e+91	
-1.635173707258389555000000000000000000000e+92	
1.602447063217973226000000000000000000000e+90	
1.615738121811709732000000000000000000000e+92	
-7.780781719382753755000000000000000000000e+91	
9.029359351793594716000000000000000000000e+91	
-1.490880358570625636000000000000000000000e+92	
1.904884871751963954000000000000000000000e+91	
1.820357791242955539000000000000000000000e+92	
-5.734585025070295686000000000000000000000e+91	
1.056790993305662069800000000000000000000e+92	
-1.337025300444323038000000000000000000000e+92	
2.936041979041483821000000000000000000000e+91	
1.872759405909118218000000000000000000000e+92	
-5.210568878408668898000000000000000000000e+91	
1.203103127563071385000000000000000000000e+92	
-1.190713166186913722000000000000000000000e+92	
5.337801155200637856000000000000000000000e+91	
-1.860036178229921322000000000000000000000e+92	
-1.352097960757804665000000000000000000000e+91	
1.538095416987897726000000000000000000000e+92	
-8.557208767620873818000000000000000000000e+91	
8.179429113973881544000000000000000000000e+91	
-1.575873382352596953000000000000000000000e+92	
9.814880245143100650000000000000000000000e+90	
1.720675101773284749000000000000000000000e+92	
-6.731411919767003590000000000000000000000e+91	
9.594700984902028937000000000000000000000e+91	
-1.434346195259782214000000000000000000000e+92	
1.986439223539754255000000000000000000000e+91	
1.780158574820260510000000000000000000000e+92	
-6.136577189297245978000000000000000000000e+91	
1.105635622193195332000000000000000000000e+92	
-1.288180671556789776000000000000000000000e+92	
4.314483578557889809000000000000000000000e+91	
2.099558804732514621000000000000000000000e+92	
-2.942574890174704866000000000000000000000e+91	
1.374214118222417599000000000000000000000e+92	
-1.019602175527567508800000000000000000000e+92	
6.492304123376342760000000000000000000000e+91	
-1.744585881412350832000000000000000000000e+92	
-7.539249257023499402000000000000000000000e+90	
1.542307413925510148000000000000000000000e+92	
-8.515088798244749593000000000000000000000e+91	
7.915533831043770703000000000000000000000e+91	
-1.602262910645608037000000000000000000000e+92	
4.117297831862070847000000000000000000000e+90	
1.633128203612323986000000000000000000000e+92	
-7.606880901376611214000000000000000000000e+91	
9.367159197931726468000000000000000000000e+91	
-1.457100373956812461000000000000000000000e+92	
2.406502178768935434000000000000000000000e+91	
1.886893115366560616000000000000000000000e+92	
-5.069231783834244920000000000000000000000e+91	
1.139691762242517653000000000000000000000e+92	
-1.254124531507467455000000000000000000000e+92	
3.928622671008962574000000000000000000000e+91	
-2.000954026649088850000000000000000000000e+92	
-3.535955551200120480000000000000000000000e+91	
1.242280300595877011000000000000000000000e+92	
-1.151535993154108097000000000000000000000e+92	
5.381006942219259154000000000000000000000e+91	
-1.855715599528059192000000000000000000000e+92	
-1.657284647035646975000000000000000000000e+91	
1.472754839398721789000000000000000000000e+92	
-9.210614543512633186000000000000000000000e+91	
7.177977545863294420000000000000000000000e+91	
-1.676018539163655666000000000000000000000e+92	
-3.678361246645312674000000000000000000000e+90	
1.550972741243473387000000000000000000000e+92	
-8.428435525065117209000000000000000000000e+91	
8.635541552084102360000000000000000000000e+91	
-1.530262138541574872000000000000000000000e+92	
1.764776752032852296000000000000000000000e+91	
1.831705320958670807000000000000000000000e+92	
-5.621109727913143006000000000000000000000e+91	
1.093484244681298811000000000000000000000e+92	
-1.300332049068686296000000000000000000000e+92	
3.556305571925813467000000000000000000000e+91	
1.960106265640678084000000000000000000000e+92	
-4.337100281093070235000000000000000000000e+91	
1.236765396375788622000000000000000000000e+92	
-1.157050897374196486000000000000000000000e+92	
5.137845105010830598000000000000000000000e+91	
-1.880031783248902048000000000000000000000e+92	
-2.088365711355455369000000000000000000000e+91	
1.410864162388647527000000000000000000000e+92	
-9.829521313613375804000000000000000000000e+91	
6.560545014551987492000000000000000000000e+91	
-1.737761792294786358000000000000000000000e+92	
-9.837951508674335775000000000000000000000e+90	
1.489524115802432651000000000000000000000e+92	
-9.042921779475524566000000000000000000000e+91	
8.018768073589271840000000000000000000000e+91	
-1.591939486391057924000000000000000000000e+92	
1.145717187731159118000000000000000000000e+91	
1.769570869718922600000000000000000000000e+92	
-6.242454240310625080000000000000000000000e+91	
1.031121412346459074500000000000000000000e+92	
-1.362694881403526033000000000000000000000e+92	
2.930394574205457942000000000000000000000e+91	
1.897287012032778283000000000000000000000e+92	
-4.965292817172068242000000000000000000000e+91	
1.174513512000269894000000000000000000000e+92	
-1.219302781749715213000000000000000000000e+92	
4.520997129966023008000000000000000000000e+91	
-1.941716580753382807000000000000000000000e+92	
-2.699545639898102061000000000000000000000e+91	
1.350312692104229110000000000000000000000e+92	
-1.043503601645755997400000000000000000000e+92	
5.943861639285641434000000000000000000000e+91	
-1.799430129821420964000000000000000000000e+92	
-1.611641640268378146000000000000000000000e+91	
1.425623711001017801000000000000000000000e+92	
-9.681925827489673069000000000000000000000e+91	
7.404229972847312066000000000000000000000e+91	
-1.653393296465253901000000000000000000000e+92	
5.556328583495726436000000000000000000000e+90	
1.713006596931574216000000000000000000000e+92	
-6.808096968184108912000000000000000000000e+91	
9.770000833303484653000000000000000000000e+91	
-1.416816210419636642000000000000000000000e+92	
2.413598564014536952000000000000000000000e+91	
1.848047923841536151000000000000000000000e+92	
-5.457683699084489570000000000000000000000e+91	
1.120177781384428147000000000000000000000e+92	
-1.273638512365556961000000000000000000000e+92	
3.926698763904984298000000000000000000000e+91	
-2.001146417359486678000000000000000000000e+92	
-3.344759714141398022000000000000000000000e+91	
1.280702247772036978000000000000000000000e+92	
-1.113114045977948130000000000000000000000e+92	
5.356356937526747459000000000000000000000e+91	
-1.858180599997310362000000000000000000000e+92	
-2.090600647048369126000000000000000000000e+91	
1.388576977852220297000000000000000000000e+92	
-1.005239315897764810300000000000000000000e+92	
6.804742408959638312000000000000000000000e+91	
-1.713342052854021276000000000000000000000e+92	
-2.727609619643955864000000000000000000000e+90	
1.607287981182672770000000000000000000000e+92	
-7.865283125673123373000000000000000000000e+91	
8.484136201196740530000000000000000000000e+91	
-1.545402673630311054000000000000000000000e+92	
8.991692631816550152000000000000000000000e+90	
1.673759901811042741000000000000000000000e+92	
-7.200563919389423663000000000000000000000e+91	
9.944547172769671697000000000000000000000e+91	
-1.399361576473017938000000000000000000000e+92	
3.154876009949271297000000000000000000000e+91	
1.978820574704966030000000000000000000000e+92	
-4.149957190450190773000000000000000000000e+91	
1.248700792622287977000000000000000000000e+92	
-1.145115501127697130000000000000000000000e+92	
5.189443675757768942000000000000000000000e+91	
-1.874871926174208213000000000000000000000e+92	
-2.104488812656290535000000000000000000000e+91	
1.402483055342695661000000000000000000000e+92	
-9.913332384072894469000000000000000000000e+91	
6.620044329871511800000000000000000000000e+91	
-1.731811860762833928000000000000000000000e+92	
-7.810567707196294278000000000000000000000e+90	
1.524114731754378149000000000000000000000e+92	
-8.697015619956069584000000000000000000000e+91	
8.061329043443588834000000000000000000000e+91	
-1.587683389405626224000000000000000000000e+92	
8.850839330246413398000000000000000000000e+90	
1.713203210789571275000000000000000000000e+92	
-6.806130829604138328000000000000000000000e+91	
9.474206698566507668000000000000000000000e+91	
-1.446395623893334341000000000000000000000e+92	
1.820192341632407801000000000000000000000e+91	
1.758960904031265818000000000000000000000e+92	
-6.348553897187192892000000000000000000000e+91	
1.094140912039937805000000000000000000000e+92	
-1.299675381710047303000000000000000000000e+92	
4.296517794881192194000000000000000000000e+91	
2.107455531703446720000000000000000000000e+92	
-2.863607620465383871000000000000000000000e+91	
1.391799326486931569000000000000000000000e+92	
-1.002016967263053538600000000000000000000e+92	
6.764992802514816455000000000000000000000e+91	
-1.717317013498503462000000000000000000000e+92	
-3.844478425172586233000000000000000000000e+90	
1.588929145802392422000000000000000000000e+92	
-8.048871479475926851000000000000000000000e+91	
8.228682157185154106000000000000000000000e+91	
-1.570948078031469697000000000000000000000e+92	
5.718852941943898300000000000000000000000e+90	
1.633852087158137507000000000000000000000e+92	
-7.599642065918476004000000000000000000000e+91	
9.697891376123686748000000000000000000000e+91	
-1.424027156137616433000000000000000000000e+92	
3.060566707505330866000000000000000000000e+91	
1.984616712087766346000000000000000000000e+92	
-4.091995816622187614000000000000000000000e+91	
1.269716419612485737000000000000000000000e+92	
-1.124099874137499370000000000000000000000e+92	
5.551719099249110820000000000000000000000e+91	
-1.838644383825074026000000000000000000000e+92	
-1.590169940365605451000000000000000000000e+91	
1.469111720740279460000000000000000000000e+92	
-9.247045730097056476000000000000000000000e+91	
7.038051997471437589000000000000000000000e+91	
-1.690011094002841349000000000000000000000e+92	
-6.112045290623209724000000000000000000000e+90	
1.516296763219973585000000000000000000000e+92	
-8.775195305300115228000000000000000000000e+91	
8.507979082172663443000000000000000000000e+91	
-1.543018385532718763000000000000000000000e+92	
1.856302505022654946000000000000000000000e+91	
1.862755815234470922000000000000000000000e+92	
-5.310604785155141860000000000000000000000e+91	
1.146421760046841933000000000000000000000e+92	
-1.247394533703143175000000000000000000000e+92	
4.304442011843178249000000000000000000000e+91	
-1.963372092565667283000000000000000000000e+92	
-2.851770387698097170000000000000000000000e+91	
1.341520052841740262000000000000000000000e+92	
-1.052296240908244845600000000000000000000e+92	
5.747826211559296472000000000000000000000e+91	
-1.819033672594055460000000000000000000000e+92	
-1.915732300720810721000000000000000000000e+91	
1.384414499243131897000000000000000000000e+92	
-1.009401794506853210200000000000000000000e+92	
7.221176116376824089000000000000000000000e+91	
-1.671698682112302699000000000000000000000e+92	
6.015032780417364432000000000000000000000e+90	
1.740474673695147272000000000000000000000e+92	
-6.533416200548378361000000000000000000000e+91	
1.027337807736208949700000000000000000000e+92	
-1.366478486013776158000000000000000000000e+92	
3.145558469645500557000000000000000000000e+91	
1.944090804741014990000000000000000000000e+92	
-4.497254890089701178000000000000000000000e+91	
1.180189826905778811000000000000000000000e+92	
-1.213626466844206297000000000000000000000e+92	
4.166690179168646218000000000000000000000e+91	
-1.977147275833120486000000000000000000000e+92	
-3.464718114234846126000000000000000000000e+91	
1.232729339766826186000000000000000000000e+92	
-1.161086953983158922000000000000000000000e+92	
5.638388069907574257000000000000000000000e+91	
-1.829977486759227682000000000000000000000e+92	
-1.047188405691121748000000000000000000000e+91	
1.569018421406689954000000000000000000000e+92	
-8.247978723432951540000000000000000000000e+91	
8.492977497115135211000000000000000000000e+91	
-1.544518544038471586000000000000000000000e+92	
1.299352597511065268000000000000000000000e+91	
1.752892963255680248000000000000000000000e+92	
-6.409233304943048598000000000000000000000e+91	
9.907318634566669479000000000000000000000e+91	
-1.403084430293318160000000000000000000000e+92	
2.289500666228670426000000000000000000000e+91	
1.809509573973138664000000000000000000000e+92	
-5.843067197768464433000000000000000000000e+91	
1.136967706620067180000000000000000000000e+92	
-1.256848587129917928000000000000000000000e+92	
4.647605416344931870000000000000000000000e+91	
-1.929055752115491921000000000000000000000e+92	
-2.071120875541427383000000000000000000000e+91	
1.463311842552191892000000000000000000000e+92	
-9.305044511977932158000000000000000000000e+91	
7.402794879258148732000000000000000000000e+91	
-1.653536805824170234000000000000000000000e+92	
1.760696315185016870000000000000000000000e+90	
1.637256279140294923000000000000000000000e+92	
-7.565600146096901849000000000000000000000e+91	
8.822501543324207056000000000000000000000e+91	
-1.511566139417564402000000000000000000000e+92	
1.276197716897785234000000000000000000000e+91	
1.715327134203321090000000000000000000000e+92	
-6.784891595466640178000000000000000000000e+91	
1.027790595567804512600000000000000000000e+92	
-1.366025698182180595000000000000000000000e+92	
3.405962216634263593000000000000000000000e+91	
1.995706032191545015000000000000000000000e+92	
-3.981102615584400930000000000000000000000e+91	
1.257367179329693030000000000000000000000e+92	
-1.136449114420292077000000000000000000000e+92	
5.193957738700982731000000000000000000000e+91	
-1.874420519879886834000000000000000000000e+92	
-2.182083670539442583000000000000000000000e+91	
1.386516763767560978000000000000000000000e+92	
-1.007299529982424129900000000000000000000e+92	
6.634215887820520192000000000000000000000e+91	
-1.730394704967933088000000000000000000000e+92	
-5.931372508738056206000000000000000000000e+90	
1.560272833053701395000000000000000000000e+92	
-8.335434606962837122000000000000000000000e+91	
8.055032710659454638000000000000000000000e+91	
-1.588313022684039644000000000000000000000e+92	
5.110933351374537850000000000000000000000e+90	
1.639053023446645230000000000000000000000e+92	
-7.547632703033398780000000000000000000000e+91	
9.511193609620961582000000000000000000000e+91	
-1.442696932787888949000000000000000000000e+92	
2.635280608444002505000000000000000000000e+91	
1.918241142696558328000000000000000000000e+92	
-4.755751510534267801000000000000000000000e+91	
1.179505758597795457000000000000000000000e+92	
-1.214310535152189650000000000000000000000e+92	
4.411380192420806550000000000000000000000e+91	
-1.952678274507904453000000000000000000000e+92	
-2.968622583355018776000000000000000000000e+91	
1.307466932976882684000000000000000000000e+92	
-1.086349360773102424000000000000000000000e+92	
5.853159698450614078000000000000000000000e+91	
-1.808500323904923700000000000000000000000e+92	
-1.364756020744300553000000000000000000000e+91	
1.484054228346703344000000000000000000000e+92	
-9.097620654032817638000000000000000000000e+91	
7.273918894098824413000000000000000000000e+91	
-1.666424404340102666000000000000000000000e+92	
-2.889388311742239126000000000000000000000e+90	
1.557158913345542294000000000000000000000e+92	
-8.366573804044428134000000000000000000000e+91	
8.733359497020841337000000000000000000000e+91	
-1.520480344047900974000000000000000000000e+92	
1.898533026634216006000000000000000000000e+91	
1.848672992850665566000000000000000000000e+92	
-5.451433008993195415000000000000000000000e+91	
1.114042173360643689000000000000000000000e+92	
-1.279774120389341418000000000000000000000e+92	
3.797769559044224338000000000000000000000e+91	
-2.014039337845562674000000000000000000000e+92	
-3.541228414663245883000000000000000000000e+91	
1.254304789376322583000000000000000000000e+92	
-1.139511504373662524000000000000000000000e+92	
5.235550438768448794000000000000000000000e+91	
-1.870261249873140228000000000000000000000e+92	
-2.068310310740178601000000000000000000000e+91	
1.405108573522341360000000000000000000000e+92	
-9.887077202276437471000000000000000000000e+91	
6.667257407079404598000000000000000000000e+91	
-1.727090553042044648000000000000000000000e+92	
-7.128962281680097179000000000000000000000e+90	
1.533024490056213253000000000000000000000e+92	
-8.607918036937718547000000000000000000000e+91	
8.106013110414509578000000000000000000000e+91	
-1.583214982708534150000000000000000000000e+92	
8.853765871207229975000000000000000000000e+90	
1.708795544128951226000000000000000000000e+92	
-6.850207496210338813000000000000000000000e+91	
9.524055042795818752000000000000000000000e+91	
-1.441410789470403232000000000000000000000e+92	
1.963918953252666502000000000000000000000e+91	
1.782716719914200075000000000000000000000e+92	
-6.110995738357850323000000000000000000000e+91	
1.098014151325729418000000000000000000000e+92	
-1.295802142424255689000000000000000000000e+92	
4.136523370930284906000000000000000000000e+91	
2.071593297619353453000000000000000000000e+92	
-3.222229961306316548000000000000000000000e+91	
1.336084185783786677000000000000000000000e+92	
-1.057732107966198430400000000000000000000e+92	
6.009411130797555794000000000000000000000e+91	
-1.792875180670229528000000000000000000000e+92	
-1.338361026585944048000000000000000000000e+91	
1.473714546479234747000000000000000000000e+92	
-9.201017472707503606000000000000000000000e+91	
7.445242748105000000000000000000000000000e+91	
-1.649292018939485108000000000000000000000e+92	
1.569689759061795111000000000000000000000e+90	
1.629194424204435742000000000000000000000e+92	
-7.646218695455493659000000000000000000000e+91	
8.872135963017818200000000000000000000000e+91	
-1.506602697448203288000000000000000000000e+92	
1.456020282947448993000000000000000000000e+91	
1.746321726400294222000000000000000000000e+92	
-6.474945673496908860000000000000000000000e+91	
1.031215132214099343000000000000000000000e+92	
-1.362601161535885765000000000000000000000e+92	
3.164644234853095843000000000000000000000e+91	
1.944031613086920484000000000000000000000e+92	
-4.497846806630646238000000000000000000000e+91	
1.178163846371501402000000000000000000000e+92	
-1.215652447378483706000000000000000000000e+92	
4.126772273097123281000000000000000000000e+91	
-1.981139066440272780000000000000000000000e+92	
-3.524284337833248819000000000000000000000e+91	
1.224808863487606905000000000000000000000e+92	
-1.169007430262378202000000000000000000000e+92	
5.600836438536574638000000000000000000000e+91	
-1.833732649896327644000000000000000000000e+92	
-1.043107635059241162500000000000000000000e+91	
1.573587666759971616000000000000000000000e+92	
-8.202286269900134916000000000000000000000e+91	
8.580260924758165570000000000000000000000e+91	
-1.535790201274168551000000000000000000000e+92	
1.428206300779676433000000000000000000000e+91	
1.769933292326734447000000000000000000000e+92	
-6.238830014232506610000000000000000000000e+91	
1.003611224462055073200000000000000000000e+92	
-1.390205069287930034000000000000000000000e+92	
2.376705303420167320000000000000000000000e+91	
1.814073210154916382000000000000000000000e+92	
-5.797430835950687257000000000000000000000e+91	
1.150319172477731190000000000000000000000e+92	
-1.243497121272253918000000000000000000000e+92	
4.868954637490190047000000000000000000000e+91	
-1.906920830000966103000000000000000000000e+92	
-1.761980804252701432000000000000000000000e+91	
1.503000565628321583000000000000000000000e+92	
-8.908157281216635242000000000000000000000e+91	
7.887385600564558322000000000000000000000e+91	
-1.605077733693529275000000000000000000000e+92	
7.483201961751834034000000000000000000000e+90	
1.703242957393686240000000000000000000000e+92	
-6.905733363562988680000000000000000000000e+91	
9.382185189466062712000000000000000000000e+91	
-1.455597774803378836000000000000000000000e+92	
1.735748084559130391000000000000000000000e+91	
1.751273826431292262000000000000000000000e+92	
-6.425424673186928457000000000000000000000e+91	
1.084861989858593967000000000000000000000e+92	
-1.308954303891391140000000000000000000000e+92	
4.187818049350442894000000000000000000000e+91	
2.094995296594022586000000000000000000000e+92	
-2.988209971559625220000000000000000000000e+91	
1.377749622242479374000000000000000000000e+92	
-1.016066671507505733700000000000000000000e+92	
6.608608978994577694000000000000000000000e+91	
-1.732955395850527338000000000000000000000e+92	
-5.567105407753382694000000000000000000000e+90	
1.570115778743114284000000000000000000000e+92	
-8.237005150068708234000000000000000000000e+91	
8.024685412728050512000000000000000000000e+91	
-1.591347752477180056000000000000000000000e+92	
3.520333704125205486000000000000000000000e+90	
1.610282165908544788000000000000000000000e+92	
-7.835341278414403195000000000000000000000e+91	
9.496035707982988814000000000000000000000e+91	
-1.444212722951686226000000000000000000000e+92	
2.892537740880824594000000000000000000000e+91	
1.971194802131243980000000000000000000000e+92	
-4.226214916187411272000000000000000000000e+91	
1.259673813753997600000000000000000000000e+92	
-1.134142479995987508000000000000000000000e+92	
5.485069263939437399000000000000000000000e+91	
-1.845309367356041368000000000000000000000e+92	
-1.623060361735588042000000000000000000000e+91	
1.469196939900245178000000000000000000000e+92	
-9.246193538497399292000000000000000000000e+91	
7.072630009431989729000000000000000000000e+91	
-1.686553292806786135000000000000000000000e+92	
-5.429174809924896564000000000000000000000e+90	
1.526494694048021713000000000000000000000e+92	
-8.673215997019633942000000000000000000000e+91	
8.538543181918521562000000000000000000000e+91	
-1.539961975558132951000000000000000000000e+92	
1.815486937276806314000000000000000000000e+91	
1.851539844046244361000000000000000000000e+92	
-5.422764497037407468000000000000000000000e+91	
1.128074925012620008000000000000000000000e+92	
-1.265741368737365100000000000000000000000e+92	
4.049700511047433760000000000000000000000e+91	
-1.988846242645241732000000000000000000000e+92	
-3.177749568602164532000000000000000000000e+91	
1.301801912009776575000000000000000000000e+92	
-1.092014381740208533000000000000000000000e+92	
5.474013397541970956000000000000000000000e+91	
-1.846414953995788012000000000000000000000e+92	
-2.066237917000996391000000000000000000000e+91	
1.381688520787818788000000000000000000000e+92	
-1.012127772962166319400000000000000000000e+92	
6.933220181197768392000000000000000000000e+91	
-1.700494275630208268000000000000000000000e+92	
5.298093229168351216000000000000000000000e+89	
1.659578765611791803000000000000000000000e+92	
-7.342375281381933046000000000000000000000e+91	
9.204111872397226052000000000000000000000e+91	
-1.473405106510262502000000000000000000000e+92	
1.816114686998330908000000000000000000000e+91	
1.785141616905859530000000000000000000000e+92	
-6.086746768441255774000000000000000000000e+91	
1.064037030643746210000000000000000000000e+92	
-1.329779263106238898000000000000000000000e+92	
3.432913148459879128000000000000000000000e+91	
1.964866480900038596000000000000000000000e+92	
-4.289498128499465115000000000000000000000e+91	
1.205344410293848381000000000000000000000e+92	
-1.188471883456136726000000000000000000000e+92	
4.462003292932702930000000000000000000000e+91	
-1.947615964456714815000000000000000000000e+92	
-3.125659502149150476000000000000000000000e+91	
1.271007573735384923000000000000000000000e+92	
-1.122808720014600184000000000000000000000e+92	
5.928154513597533955000000000000000000000e+91	
-1.801000842390231712000000000000000000000e+92	
-8.503915669893221632000000000000000000000e+90	
1.579405771575046987000000000000000000000e+92	
-8.144105221749381203000000000000000000000e+91	
8.503973906724330992000000000000000000000e+91	
-1.543418903077552008000000000000000000000e+92	
1.217518136975122640000000000000000000000e+91	
1.735431050080180535000000000000000000000e+92	
-6.583852436698045726000000000000000000000e+91	
9.929225689178965776000000000000000000000e+91	
-1.400893724832088530000000000000000000000e+92	
2.507836102472156805000000000000000000000e+91	
1.850976180154422397000000000000000000000e+92	
-5.428401135955627106000000000000000000000e+91	
1.136843649148661878000000000000000000000e+92	
-1.256972644601323230000000000000000000000e+92	
4.230665188405193930000000000000000000000e+91	
-1.970749774909465715000000000000000000000e+92	
-2.903553876414547926000000000000000000000e+91	
1.338539942905007613000000000000000000000e+92	
-1.055276350844977494800000000000000000000e+92	
5.739996561615840090000000000000000000000e+91	
-1.819816637588401099000000000000000000000e+92	
-1.901601435721199743000000000000000000000e+91	
1.388022544333492195000000000000000000000e+92	
-1.005793749416492912200000000000000000000e+92	
7.210772441234121594000000000000000000000e+91	
-1.672739049626572948000000000000000000000e+92	
5.446386105010443268000000000000000000000e+90	
1.730144419914824099000000000000000000000e+92	
-6.636718738351610090000000000000000000000e+91	
1.012366077992463113200000000000000000000e+92	
-1.381450215757521994000000000000000000000e+92	
2.949449511700711630000000000000000000000e+91	
1.919843051658923260000000000000000000000e+92	
-4.739732420910618476000000000000000000000e+91	
1.153351846376398349000000000000000000000e+92	
-1.240464447373586758000000000000000000000e+92	
3.872420990127440912000000000000000000000e+91	
-2.006574194737241016000000000000000000000e+92	
-3.784863802713258294000000000000000000000e+91	
1.198128408765071945000000000000000000000e+92	
-1.195687884984913163000000000000000000000e+92	
5.347561101275086982000000000000000000000e+91	
-1.859060183622476409000000000000000000000e+92	
-1.282860495407733589000000000000000000000e+91	
1.550963955446416688000000000000000000000e+92	
-8.428523383035684193000000000000000000000e+91	
8.367532832484666170000000000000000000000e+91	
-1.557063010501518490000000000000000000000e+92	
1.228980506364825043000000000000000000000e+91	
1.751360270705355164000000000000000000000e+92	
-6.424560230446299438000000000000000000000e+91	
9.863870890294392293000000000000000000000e+91	
-1.407429204720545878000000000000000000000e+92	
2.217946098010699597000000000000000000000e+91	
1.799544833542628518000000000000000000000e+92	
-5.942714602073565892000000000000000000000e+91	
1.132959585624920744000000000000000000000e+92	
-1.260856708125064363000000000000000000000e+92	
4.667060756575873848000000000000000000000e+91	
-1.927110218092397723000000000000000000000e+92	
-1.992158614546352648000000000000000000000e+91	
1.477155799260844854000000000000000000000e+92	
-9.166604944891402532000000000000000000000e+91	
7.600682152501727246000000000000000000000e+91	
-1.633748078499812383000000000000000000000e+92	
4.333750257156479339000000000000000000000e+90	
1.668925673607378595000000000000000000000e+92	
-7.248906201426065123000000000000000000000e+91	
9.013128958197068609000000000000000000000e+91	
-1.492503397930278247000000000000000000000e+92	
1.340821341213203270000000000000000000000e+91	
1.709195388380843232000000000000000000000e+92	
-6.846209053691418758000000000000000000000e+91	
1.048310601705090875000000000000000000000e+92	
-1.345505692044894232000000000000000000000e+92	
3.877547160442509046000000000000000000000e+91	
2.069489757700604573000000000000000000000e+92	
-3.243265360493805348000000000000000000000e+91	
1.357762885449322277000000000000000000000e+92	
-1.036053408300662830700000000000000000000e+92	
6.463902166769876018000000000000000000000e+91	
-1.747426077072997506000000000000000000000e+92	
-6.462842489203259797000000000000000000000e+90	
1.566668974540050421000000000000000000000e+92	
-8.271473192099346863000000000000000000000e+91	
8.045295612501386626000000000000000000000e+91	
-1.589286732499846445000000000000000000000e+92	
4.276944013276506230000000000000000000000e+90	
1.623350612412158480000000000000000000000e+92	
-7.704656813378266281000000000000000000000e+91	
9.510139064833721681000000000000000000000e+91	
-1.442802387266612940000000000000000000000e+92	
2.790118008198678951000000000000000000000e+91	
1.949306318887593897000000000000000000000e+92	
-4.445099748623912102000000000000000000000e+91	
1.226144616626800799000000000000000000000e+92	
-1.167671677123184308000000000000000000000e+92	
5.033428085905601546000000000000000000000e+91	
-1.890473485159424953000000000000000000000e+92	
-2.190992843288605488000000000000000000000e+91	
1.400780348835636097000000000000000000000e+92	
-9.930359449143490105000000000000000000000e+91	
6.456058123193458214000000000000000000000e+91	
-1.748210481430639286000000000000000000000e+92	
-1.091928982186441146000000000000000000000e+91	
1.478346220170908376000000000000000000000e+92	
-9.154700735790767312000000000000000000000e+91	
7.914851276443858134000000000000000000000e+91	
-1.602331166105599294000000000000000000000e+92	
1.049658637012870967900000000000000000000e+91	
1.760750448210259785000000000000000000000e+92	
-6.330658455397253225000000000000000000000e+91	
1.023086033516043680700000000000000000000e+92	
-1.370730260233941427000000000000000000000e+92	
2.857887305779899511000000000000000000000e+91	
1.890820546682127855000000000000000000000e+92	
-5.029957470678572525000000000000000000000e+91	
1.166396619688118756000000000000000000000e+92	
-1.227419674061866352000000000000000000000e+92	
4.423332150871479842000000000000000000000e+91	
-1.951483078662837123000000000000000000000e+92	
-2.813698465411359297000000000000000000000e+91	
1.337249445457900628000000000000000000000e+92	
-1.056566848292084479800000000000000000000e+92	
5.848268831342854962000000000000000000000e+91	
-1.808989410615699611000000000000000000000e+92	
-1.672212227797097870000000000000000000000e+91	
1.423067131346747314000000000000000000000e+92	
-9.707491624032377931000000000000000000000e+91	
7.304644208030677514000000000000000000000e+91	
-1.663351872946917356000000000000000000000e+92	
3.820639626067246336000000000000000000000e+90	
1.688255076166164335000000000000000000000e+92	
-7.055612175838207728000000000000000000000e+91	
9.448576114429462727000000000000000000000e+91	
-1.448958682307038835000000000000000000000e+92	
2.018301116297400394000000000000000000000e+91	
1.801134582592652399000000000000000000000e+92	
-5.926817111573327088000000000000000000000e+91	
1.088948071150485692000000000000000000000e+92	
-1.304868222599499415000000000000000000000e+92	
3.771159919348471912000000000000000000000e+91	
2.007600358541958534000000000000000000000e+92	
-3.862159352080265738000000000000000000000e+91	
1.244648317047255067000000000000000000000e+92	
-1.149167976702730041000000000000000000000e+92	
4.820759721439029412000000000000000000000e+91	
-1.911740321606082166000000000000000000000e+92	
-2.801168651308284902000000000000000000000e+91	
1.300031806340064420000000000000000000000e+92	
-1.093784487409920687000000000000000000000e+92	
6.290460029351873258000000000000000000000e+91	
-1.764770290814797782000000000000000000000e+92	
-4.160587250496560612000000000000000000000e+90	
1.630038203820135682000000000000000000000e+92	
-7.637780899298494256000000000000000000000e+91	
9.082253881851568950000000000000000000000e+91	
-1.485590905564828213000000000000000000000e+92	
1.867717954774193737000000000000000000000e+91	
1.807639436908967981000000000000000000000e+92	
-5.861768568410171270000000000000000000000e+91	
1.049826157407283496700000000000000000000e+92	
-1.343990136342701611000000000000000000000e+92	
2.923900171010641923000000000000000000000e+91	
1.877293018286006550000000000000000000000e+92	
-5.165232754639785574000000000000000000000e+91	
1.195470874855788604000000000000000000000e+92	
-1.198345418894196504000000000000000000000e+92	
5.139880522867630727000000000000000000000e+91	
-1.879828241463222035000000000000000000000e+92	
-1.671556182901044652000000000000000000000e+91	
1.494001884325887217000000000000000000000e+92	
-8.998144094240978910000000000000000000000e+91	
7.617077138108680998000000000000000000000e+91	
-1.632108579939117008000000000000000000000e+92	
2.977798245491662125000000000000000000000e+90	
1.640174698874126979000000000000000000000e+92	
-7.536415948758581290000000000000000000000e+91	
9.047389901357335498000000000000000000000e+91	
-1.489077303614251558000000000000000000000e+92	
1.696692839985252173000000000000000000000e+91	
1.776927588300521103000000000000000000000e+92	
-6.168887054494640045000000000000000000000e+91	
1.047946970631314240400000000000000000000e+92	
-1.345869323118670867000000000000000000000e+92	
3.193291430729354354000000000000000000000e+91	
1.933036115062157344000000000000000000000e+92	
-4.607801786878277631000000000000000000000e+91	
1.190202530527780356000000000000000000000e+92	
-1.203613763222204751000000000000000000000e+92	
4.477386302784558138000000000000000000000e+91	
-1.946077663471529294000000000000000000000e+92	
-2.943557696657458511000000000000000000000e+91	
1.305881336792500691000000000000000000000e+92	
-1.087934956957484417000000000000000000000e+92	
5.923895277524625610000000000000000000000e+91	
-1.801426765997522547000000000000000000000e+92	
-1.207471994565874445000000000000000000000e+91	
1.508433168438284852000000000000000000000e+92	
-8.853831253117002558000000000000000000000e+91	
7.441777771893882876000000000000000000000e+91	
-1.649638516560596820000000000000000000000e+92	
-1.969726883307596569000000000000000000000e+90	
1.558770031071050587000000000000000000000e+92	
-8.350462626789345207000000000000000000000e+91	
8.909924038297621041000000000000000000000e+91	
-1.502823889920223004000000000000000000000e+92	
2.235471079475291896000000000000000000000e+91	
1.898396168019462270000000000000000000000e+92	
-4.954201257305228374000000000000000000000e+91	
1.179786741114409674000000000000000000000e+92	
-1.214029552635575434000000000000000000000e+92	
4.615349429134822514000000000000000000000e+91	
-1.932281350836502856000000000000000000000e+92	
-2.563594045635771212000000000000000000000e+91	
1.368065710777245077000000000000000000000e+92	
-1.025750582972740030200000000000000000000e+92	
6.033190811567743024000000000000000000000e+91	
-1.790497212593210805000000000000000000000e+92	
-1.610469587637911706000000000000000000000e+91	
1.416929591594040642000000000000000000000e+92	
-9.768867021559444658000000000000000000000e+91	
7.503814111437274407000000000000000000000e+91	
-1.643434882606257667000000000000000000000e+92	
8.416495019650772354000000000000000000000e+90	
1.760242233651991822000000000000000000000e+92	
-6.335740600979932860000000000000000000000e+91	
1.042860418883378595500000000000000000000e+92	
-1.350955874866606512000000000000000000000e+92	
3.258356218759757146000000000000000000000e+91	
1.951129854939267830000000000000000000000e+92	
-4.426864388107172771000000000000000000000e+91	
1.183758427373322657000000000000000000000e+92	
-1.210057866376662450000000000000000000000e+92	
4.167688957844516524000000000000000000000e+91	
-1.977047397965533455000000000000000000000e+92	
-3.498389298846393455000000000000000000000e+91	
1.225896950389035178000000000000000000000e+92	
-1.167919343360949930000000000000000000000e+92	
5.643465886920424399000000000000000000000e+91	
-1.829469705057942668000000000000000000000e+92	
-9.687454075484498464000000000000000000000e+90	
1.584195588185809065000000000000000000000e+92	
-8.096207055641760429000000000000000000000e+91	
8.718041341244129742000000000000000000000e+91	
-1.522012159625572133000000000000000000000e+92	
1.597672142828679246000000000000000000000e+91	
1.790046842206636644000000000000000000000e+92	
-6.037694515433484636000000000000000000000e+91	
1.026890163920421044100000000000000000000e+92	
-1.366926129829564064000000000000000000000e+92	
2.641132840666793146000000000000000000000e+91	
1.843678203617691781000000000000000000000e+92	
-5.501380901322933262000000000000000000000e+91	
1.173194369043997671000000000000000000000e+92	
-1.220621924705987437000000000000000000000e+92	
5.030442126213515268000000000000000000000e+91	
-1.890772081128633581000000000000000000000e+92	
-1.667724317110864032000000000000000000000e+91	
1.505706460054181587000000000000000000000e+92	
-8.881098336958035206000000000000000000000e+91	
7.847280443986855064000000000000000000000e+91	
-1.609088249351299601000000000000000000000e+92	
6.410843641650794560000000000000000000000e+90	
1.685809647526352540000000000000000000000e+92	
-7.080066462236325676000000000000000000000e+91	
9.263971692994283235000000000000000000000e+91	
-1.467419124450556784000000000000000000000e+92	
1.673626261375289357000000000000000000000e+91	
1.750668019940271570000000000000000000000e+92	
-6.431482738097135370000000000000000000000e+91	
1.072396423359957849000000000000000000000e+92	
-1.321419870390027258000000000000000000000e+92	
3.944623806483348736000000000000000000000e+91	
2.058827913801438046000000000000000000000e+92	
-3.349883799485470612000000000000000000000e+91	
1.329740177290335805000000000000000000000e+92	
-1.064076116459649302000000000000000000000e+92	
6.010152841996496138000000000000000000000e+91	
-1.792801009550335494000000000000000000000e+92	
-1.273469460460719048000000000000000000000e+91	
1.486615496053278994000000000000000000000e+92	
-9.072007976967061130000000000000000000000e+91	
7.438433520382697641000000000000000000000e+91	
-1.649972941711715344000000000000000000000e+92	
1.440861731351006309000000000000000000000e+89	
1.601370031153504299000000000000000000000e+92	
-7.924462625964808082000000000000000000000e+91	
8.881312768110320624000000000000000000000e+91	
-1.505685016938953045000000000000000000000e+92	
1.752474783623970523000000000000000000000e+91	
1.804680649143208520000000000000000000000e+92	
-5.891356446067765875000000000000000000000e+91	
1.040677934968419113100000000000000000000e+92	
-1.353138358781565994000000000000000000000e+92	
2.770554402708425488000000000000000000000e+91	
1.855775165813218604000000000000000000000e+92	
-5.380411279367665036000000000000000000000e+91	
1.187063072583202757000000000000000000000e+92	
-1.206753221166782350000000000000000000000e+92	
5.186837757657869850000000000000000000000e+91	
-1.875132517984198122000000000000000000000e+92	
-1.493628902610555264000000000000000000000e+91	
1.524885098948766731000000000000000000000e+92	
-8.689311948012183766000000000000000000000e+91	
8.056749003151601684000000000000000000000e+91	
-1.588141393434824939000000000000000000000e+92	
8.682262937036551034000000000000000000000e+90	
1.710290297971025680000000000000000000000e+92	
-6.835259957789594281000000000000000000000e+91	
9.471077811353391609000000000000000000000e+91	
-1.446708512614645947000000000000000000000e+92	
1.843050755911385030000000000000000000000e+91	
1.763844182304303913000000000000000000000e+92	
-6.299721114456811942000000000000000000000e+91	
1.093522594858388874000000000000000000000e+92	
-1.300293698891596234000000000000000000000e+92	
4.235346048183660576000000000000000000000e+91	
2.095842236149274239000000000000000000000e+92	
-2.979740576007108689000000000000000000000e+91	
1.374692645290205914000000000000000000000e+92	
-1.019123648459779193000000000000000000000e+92	
6.539019472928267176000000000000000000000e+91	
-1.739914346457158390000000000000000000000e+92	
-6.653003645224958160000000000000000000000e+90	
1.555358705520172334000000000000000000000e+92	
-8.384575882298127734000000000000000000000e+91	
7.957253806965217940000000000000000000000e+91	
-1.598090913053463314000000000000000000000e+92	
3.647010084611451808000000000000000000000e+90	
1.619554867813870412000000000000000000000e+92	
-7.742614259361146952000000000000000000000e+91	
9.419267961128851632000000000000000000000e+91	
-1.451889497637099944000000000000000000000e+92	
2.646359580190412409000000000000000000000e+91	
1.929644375687757516000000000000000000000e+92	
-4.641719180622275913000000000000000000000e+91	
1.201199203749407157000000000000000000000e+92	
-1.192617090000577950000000000000000000000e+92	
4.731165554478370396000000000000000000000e+91	
-1.920699738302148068000000000000000000000e+92	
-2.546037496332589868000000000000000000000e+91	
1.360000298165294179000000000000000000000e+92	
-1.033815995584690928500000000000000000000e+92	
6.160415171875588978000000000000000000000e+91	
-1.777774776562426210000000000000000000000e+92	
-1.275470195311923100000000000000000000000e+91	
1.471196693736123574000000000000000000000e+92	
-9.226196000138615333000000000000000000000e+91	
7.606413432554237026000000000000000000000e+91	
-1.633174950494561405000000000000000000000e+92	
5.043961322512003120000000000000000000000e+90	
1.682553517645429324000000000000000000000e+92	
-7.112627761045557840000000000000000000000e+91	
9.212302029955802847000000000000000000000e+91	
-1.472586090754404823000000000000000000000e+92	
1.602857743723321030000000000000000000000e+91	
1.741682233202040019000000000000000000000e+92	
-6.521340605479450885000000000000000000000e+91	
1.067461202242850855000000000000000000000e+92	
-1.326355091507134253000000000000000000000e+92	
3.935757093166567300000000000000000000000e+91	
-2.000240584433328378000000000000000000000e+92	
-2.799744125629849893000000000000000000000e+91	
1.388772859686281374000000000000000000000e+92	
-1.005043434063703733400000000000000000000e+92	
6.640646816213034948000000000000000000000e+91	
-1.729751612128681613000000000000000000000e+92	
-6.028283258805838702000000000000000000000e+90	
1.557692327553137577000000000000000000000e+92	
-8.361239661968475308000000000000000000000e+91	
8.063352402732369402000000000000000000000e+91	
-1.587481053476748167000000000000000000000e+92	
5.535207915043667112000000000000000000000e+90	
1.646704848079458898000000000000000000000e+92	
-7.471114456705262094000000000000000000000e+91	
9.515487865882515573000000000000000000000e+91	
-1.442267507161733550000000000000000000000e+92	
2.567386818186337392000000000000000000000e+91	
1.904236551584812438000000000000000000000e+92	
-4.895797421651726696000000000000000000000e+91	
1.158289546178108468000000000000000000000e+92	
-1.235526747571876640000000000000000000000e+92	
4.127137745054764511000000000000000000000e+91	
-1.981102519244508656000000000000000000000e+92	
-3.324909481841236501000000000000000000000e+91	
1.264637383435906005000000000000000000000e+92	
-1.129178910314079103000000000000000000000e+92	
5.577779561382296770000000000000000000000e+91	
-1.836038337611755430000000000000000000000e+92	
-1.487296900506573404000000000000000000000e+91	
1.487076459784841604000000000000000000000e+92	
-9.067398339651435041000000000000000000000e+91	
7.294435530388806170000000000000000000000e+91	
-1.664372740711104490000000000000000000000e+92	
-2.781230427731019168000000000000000000000e+90	
1.557270890176638827000000000000000000000e+92	
-8.365454035733462804000000000000000000000e+91	
8.754990185439156616000000000000000000000e+91	
-1.518317275206069446000000000000000000000e+92	
1.940664427537344386000000000000000000000e+91	
1.854935183935207057000000000000000000000e+92	
-5.388811098147780507000000000000000000000e+91	
1.122352395692908619000000000000000000000e+92	
-1.271463898057076489000000000000000000000e+92	
3.901341902454000242000000000000000000000e+91	
-2.003682103504585083000000000000000000000e+92	
-3.417196138484019456000000000000000000000e+91	
1.268752992046411964000000000000000000000e+92	
-1.125063301703573144000000000000000000000e+92	
5.336575162572474150000000000000000000000e+91	
-1.860158777492737693000000000000000000000e+92	
-2.010721262536838963000000000000000000000e+91	
1.406526072435905134000000000000000000000e+92	
-9.872902213140799734000000000000000000000e+91	
6.773257962230130094000000000000000000000e+91	
-1.716490497526972098000000000000000000000e+92	
-5.151158056208816180000000000000000000000e+90	
1.561975951462971390000000000000000000000e+92	
-8.318403422870137174000000000000000000000e+91	
8.201068970557876416000000000000000000000e+91	
-1.573709396694197466000000000000000000000e+92	
7.860704691816207690000000000000000000000e+90	
1.679438407294746932000000000000000000000e+92	
-7.143778864552381758000000000000000000000e+91	
9.641857633700209012000000000000000000000e+91	
-1.429630530379964206000000000000000000000e+92	
2.492890775869379134000000000000000000000e+91	
1.876710362782321505000000000000000000000e+92	
-5.171059309676636023000000000000000000000e+91	
1.110696764272585537000000000000000000000e+92	
-1.283119529477399571000000000000000000000e+92	
3.450643859922538906000000000000000000000e+91	
-2.048751907757731217000000000000000000000e+92	
-4.201869617796694451000000000000000000000e+91	
1.156904721315930716000000000000000000000e+92	
-1.236911572434054392000000000000000000000e+92	
4.925791098730577116000000000000000000000e+91	
-1.901237183876927396000000000000000000000e+92	
-1.714158881675388619000000000000000000000e+91	
1.506881752644222576000000000000000000000e+92	
-8.869345411057625310000000000000000000000e+91	
7.917191902317371315000000000000000000000e+91	
-1.602097103518247976000000000000000000000e+92	
7.691254113023602558000000000000000000000e+90	
1.704423818198852458000000000000000000000e+92	
-6.893924755511326500000000000000000000000e+91	
9.385001667763006860000000000000000000000e+91	
-1.455316126973684422000000000000000000000e+92	
1.729576908193931233000000000000000000000e+91	
1.749758390615104747000000000000000000000e+92	
-6.440579031348803604000000000000000000000e+91	
1.085249035651341750000000000000000000000e+92	
-1.308567258098643358000000000000000000000e+92	
4.210703855330715769000000000000000000000e+91	
2.099184465664867203000000000000000000000e+92	
-2.946318280851179042000000000000000000000e+91	
1.383838433924638575000000000000000000000e+92	
-1.009977859825346532900000000000000000000e+92	
6.688484068021531758000000000000000000000e+91	
-1.724967886947831932000000000000000000000e+92	
-4.578579287458983342000000000000000000000e+90	
1.581897847796275237000000000000000000000e+92	
-8.119184459537098702000000000000000000000e+91	
8.161464741961737166000000000000000000000e+91	
-1.577669819553811391000000000000000000000e+92	
5.077619032460766530000000000000000000000e+90	
1.627748996511220867000000000000000000000e+92	
-7.660672972387642406000000000000000000000e+91	
9.630400446314718256000000000000000000000e+91	
-1.430776249118513282000000000000000000000e+92	
2.986618969301544033000000000000000000000e+91	
1.976576578762407037000000000000000000000e+92	
-4.172397149875780709000000000000000000000e+91	
1.261031247956729450000000000000000000000e+92	
-1.132785045793255658000000000000000000000e+92	
5.458420209535038024000000000000000000000e+91	
-1.847974272796481305000000000000000000000e+92	
-1.689912794686323352000000000000000000000e+91	
1.458493359542850903000000000000000000000e+92	
-9.353229342071342048000000000000000000000e+91	
6.925430833200664676000000000000000000000e+91	
-1.701273210429918640000000000000000000000e+92	
-7.302600418677048232000000000000000000000e+90	
1.503748097302720671000000000000000000000e+92	
-8.900681964472644366000000000000000000000e+91	
8.396267035710460692000000000000000000000e+91	
-1.554189590178939038000000000000000000000e+92	
1.758358216090883432000000000000000000000e+91	
1.854337476917507928000000000000000000000e+92	
-5.394788168324771801000000000000000000000e+91	
1.139378827470254753000000000000000000000e+92	
-1.254437466279730355000000000000000000000e+92	
4.247759898530882357000000000000000000000e+91	
-1.969040303896896872000000000000000000000e+92	
-2.894712130100485863000000000000000000000e+91	
1.338599231878606959000000000000000000000e+92	
-1.055217061871378148500000000000000000000e+92	
5.732344699963285496000000000000000000000e+91	
-1.820581823753656558000000000000000000000e+92	
-1.917493945615805898000000000000000000000e+91	
1.385609638630276724000000000000000000000e+92	
-1.008206655119708383300000000000000000000e+92	
7.204100756637479895000000000000000000000e+91	
-1.673406218086237118000000000000000000000e+92	
5.554156103694491846000000000000000000000e+90	
1.732966119983494308000000000000000000000e+92	
-6.608501737664907992000000000000000000000e+91	
1.016930910210445034700000000000000000000e+92	
-1.376885383539540073000000000000000000000e+92	
3.012520480367886200000000000000000000000e+91	
1.927891546105527697000000000000000000000e+92	
-4.659247476444574109000000000000000000000e+91	
1.161096549539352486000000000000000000000e+92	
-1.232719744210632622000000000000000000000e+92	
3.946831620791590486000000000000000000000e+91	
-1.999133131670826059000000000000000000000e+92	
-3.713488061895809190000000000000000000000e+91	
1.204962644898813899000000000000000000000e+92	
-1.188853648851171208000000000000000000000e+92	
5.422228588382753566000000000000000000000e+91	
-1.851593434911709751000000000000000000000e+92	
-1.201871030340646210000000000000000000000e+91	
1.559694785124641156000000000000000000000e+92	
-8.341215086253439512000000000000000000000e+91	
8.461156816303594507000000000000000000000e+91	
-1.547700612119625657000000000000000000000e+92	
1.328917034106960054000000000000000000000e+91	
1.761984863716965168000000000000000000000e+92	
-6.318314300330199400000000000000000000000e+91	
9.976423082798660761000000000000000000000e+91	
-1.396173985470119032000000000000000000000e+92	
2.336801414480006252000000000000000000000e+91	
1.812060363899939322000000000000000000000e+92	
-5.817559298500457856000000000000000000000e+91	
1.144125446804928184000000000000000000000e+92	
-1.249690846945056924000000000000000000000e+92	
4.765229393470537086000000000000000000000e+91	
-1.917293354402931399000000000000000000000e+92	
-1.907473239032256754000000000000000000000e+91	
1.484276681692572123000000000000000000000e+92	
-9.095396120574129846000000000000000000000e+91	
7.658421132466477004000000000000000000000e+91	
-1.627974180503337407000000000000000000000e+92	
4.776508648343957018000000000000000000000e+90	
1.672007613451693784000000000000000000000e+92	
-7.218086802982913237000000000000000000000e+91	
9.072374596703200634000000000000000000000e+91	
-1.486578834079665044000000000000000000000e+92	
1.428479072960666969000000000000000000000e+91	
1.720800956901599299000000000000000000000e+92	
-6.730153368483858082000000000000000000000e+91	
1.053892789340519997600000000000000000000e+92	
-1.339923504409465110000000000000000000000e+92	
3.873165204364932102000000000000000000000e+91	
2.063034174999970228000000000000000000000e+92	
-3.307821187500148794000000000000000000000e+91	
1.345292910315035163000000000000000000000e+92	
-1.048523383434949944900000000000000000000e+92	
6.279088422779255128000000000000000000000e+91	
-1.765907451472059595000000000000000000000e+92	
-8.911820687659485640000000000000000000000e+90	
1.536173775160400588000000000000000000000e+92	
-8.576425185895845190000000000000000000000e+91	
7.693665873927561342000000000000000000000e+91	
-1.624449706357228973000000000000000000000e+92	
2.941014798260527577000000000000000000000e+89	
1.578859057445060803000000000000000000000e+92	
-8.149572363049243044000000000000000000000e+91	
9.164474295607595360000000000000000000000e+91	
-1.477368864189225572000000000000000000000e+92	
2.543654625509302660000000000000000000000e+91	
1.934575182339696388000000000000000000000e+92	
-4.592411114102887198000000000000000000000e+91	
1.221323747324259761000000000000000000000e+92	
-1.172492546425725347000000000000000000000e+92	
5.084272745134221476000000000000000000000e+91	
-1.885389019236562960000000000000000000000e+92	
-2.041144127460423902000000000000000000000e+91	
1.425660698966249392000000000000000000000e+92	
-9.681555947837357151000000000000000000000e+91	
6.619997555499818728000000000000000000000e+91	
-1.731816538200003235000000000000000000000e+92	
-1.012811384773414766700000000000000000000e+91	
1.477780017731666033000000000000000000000e+92	
-9.160362760183190748000000000000000000000e+91	
8.088552542349308592000000000000000000000e+91	
-1.584961039515054248000000000000000000000e+92	
1.402633929899189394000000000000000000000e+91	
1.813966458307625125000000000000000000000e+92	
-5.798498354423599830000000000000000000000e+91	
1.094211606972925171000000000000000000000e+92	
-1.299604686777059937000000000000000000000e+92	
3.748149543830968850000000000000000000000e+91	
-2.019001339366888222000000000000000000000e+92	
-3.442236777258071851000000000000000000000e+91	
1.279057722456676550000000000000000000000e+92	
-1.114758571293308557000000000000000000000e+92	
5.168506889884580570000000000000000000000e+91	
-1.876965604761527050000000000000000000000e+92	
-2.449770186548435468000000000000000000000e+91	
1.335536600734253877000000000000000000000e+92	
-1.058279693015731230300000000000000000000e+92	
6.637308607526155084000000000000000000000e+91	
-1.730085432997369599000000000000000000000e+92	
-7.740543208344831488000000000000000000000e+89	
1.663084412448827328000000000000000000000e+92	
-7.307318813011577796000000000000000000000e+91	
9.404528837958216854000000000000000000000e+91	
-1.453363409954163422000000000000000000000e+92	
2.181809855170863416000000000000000000000e+91	
1.838230728621892210000000000000000000000e+92	
-5.555855651280928976000000000000000000000e+91	
1.082106509479336854000000000000000000000e+92	
-1.311709784270648254000000000000000000000e+92	
3.263585889414541638000000000000000000000e+91	
1.912948969722276310000000000000000000000e+92	
-4.808673240277087975000000000000000000000e+91	
1.227509013590338716000000000000000000000e+92	
-1.166307280159646392000000000000000000000e+92	
5.424101787881370588000000000000000000000e+91	
-1.851406114961848049000000000000000000000e+92	
-1.423477044493975864000000000000000000000e+91	
1.515197384182846435000000000000000000000e+92	
-8.786189095671386727000000000000000000000e+91	
7.792925974658553318000000000000000000000e+91	
-1.614523696284129776000000000000000000000e+92	
4.375404679501014735000000000000000000000e+90	
1.650543739892152327000000000000000000000e+92	
-7.432725538578327808000000000000000000000e+91	
9.227248943754926624000000000000000000000e+91	
-1.471091399374492445000000000000000000000e+92	
1.952682607931805776000000000000000000000e+91	
1.810135848869728018000000000000000000000e+92	
-5.836804448802570898000000000000000000000e+91	
1.065012625392247834000000000000000000000e+92	
-1.328803668357737274000000000000000000000e+92	
3.202602256791780094000000000000000000000e+91	
1.917840655169200523000000000000000000000e+92	
-4.759756385807845849000000000000000000000e+91	
1.209144089608248486000000000000000000000e+92	
-1.184672204141736622000000000000000000000e+92	
5.008002194404683098000000000000000000000e+91	
-1.893016074309516798000000000000000000000e+92	
-2.071911308592470392000000000000000000000e+91	
1.427132053257043285000000000000000000000e+92	
-9.666842404929418228000000000000000000000e+91	
6.680169188160196686000000000000000000000e+91	
-1.725799374933965439000000000000000000000e+92	
-9.072042853837912884000000000000000000000e+90	
1.492882013167109013000000000000000000000e+92	
-9.009342805828760946000000000000000000000e+91	
8.143295645726924386000000000000000000000e+91	
-1.579486729177292669000000000000000000000e+92	
1.361148096179443070000000000000000000000e+91	
1.800199770229339949000000000000000000000e+92	
-5.936165235206451584000000000000000000000e+91	
1.070831600808423049000000000000000000000e+92	
-1.322984692941562059000000000000000000000e+92	
3.418264143703247617000000000000000000000e+91	
1.955146220255831603000000000000000000000e+92	
-4.386700734941535042000000000000000000000e+91	
1.213101894906475288000000000000000000000e+92	
-1.180714398843509820000000000000000000000e+92	
4.714268610533642794000000000000000000000e+91	
-1.922389432696620828000000000000000000000e+92	
-2.698790650879525212000000000000000000000e+91	
1.331146122775231128000000000000000000000e+92	
-1.062670170974753979000000000000000000000e+92	
6.159530228894561620000000000000000000000e+91	
-1.777863270860528946000000000000000000000e+92	
-9.888414848782046770000000000000000000000e+90	
1.528596621494971478000000000000000000000e+92	
-8.652196722550136300000000000000000000000e+91	
7.626424781689867698000000000000000000000e+91	
-1.631173815580998338000000000000000000000e+92	
-2.930474516518191374000000000000000000000e+89	
1.573839763717879322000000000000000000000e+92	
-8.199765300321057854000000000000000000000e+91	
9.096320395990294151000000000000000000000e+91	
-1.484184254150955692000000000000000000000e+92	
2.457548702137422876000000000000000000000e+91	
1.924170281041296496000000000000000000000e+92	
-4.696460127086886111000000000000000000000e+91	
1.209125430034270226000000000000000000000e+92	
-1.184690863715714881000000000000000000000e+92	
4.944364337570633064000000000000000000000e+91	
-1.899379859992921801000000000000000000000e+92	
-2.198968848877312610000000000000000000000e+91	
1.408087487076309583000000000000000000000e+92	
-9.857288066736755247000000000000000000000e+91	
6.426366951051317708000000000000000000000e+91	
-1.751179598644853337000000000000000000000e+92	
-1.224331567272802431000000000000000000000e+91	
1.454839931983163532000000000000000000000e+92	
-9.389763617668215751000000000000000000000e+91	
7.897288470645588106000000000000000000000e+91	
-1.604087446685426297000000000000000000000e+92	
1.249487664530126532000000000000000000000e+91	
1.802461715404065510000000000000000000000e+92	
-5.913545783459195972000000000000000000000e+91	
1.086514851646668910000000000000000000000e+92	
-1.307301442103316198000000000000000000000e+92	
3.709242915217063170000000000000000000000e+91	
1.997652047694061305000000000000000000000e+92	
-3.961642460559238027000000000000000000000e+91	
1.230945265308294036000000000000000000000e+92	
-1.162871028441691071000000000000000000000e+92	
4.646200481271600926000000000000000000000e+91	
-1.929196245622825015000000000000000000000e+92	
-3.013237937420208894000000000000000000000e+91	
1.275075739888269637000000000000000000000e+92	
-1.118740553861715471000000000000000000000e+92	
6.120550784798305372000000000000000000000e+91	
-1.781761215270154570000000000000000000000e+92	
-5.063561895782038010000000000000000000000e+90	
1.628965673348598793000000000000000000000e+92	
-7.648506204013863148000000000000000000000e+91	
9.151061136455242734000000000000000000000e+91	
-1.478710180104460834000000000000000000000e+92	
2.016018187910657091000000000000000000000e+91	
1.830414801967076088000000000000000000000e+92	
-5.634014917829090191000000000000000000000e+91	
1.065792208834827351000000000000000000000e+92	
-1.328024084915157757000000000000000000000e+92	
3.015501436735297960000000000000000000000e+91	
1.879650607092395339000000000000000000000e+92	
-5.141656866575897690000000000000000000000e+91	
1.212216403960694833000000000000000000000e+92	
-1.181599889789290274000000000000000000000e+92	
5.451143612769623483000000000000000000000e+91	
-1.848701932473022759000000000000000000000e+92	
-1.216556862643303601000000000000000000000e+91	
1.553868286099250756000000000000000000000e+92	
-8.399480076507343510000000000000000000000e+91	
8.359334356037951462000000000000000000000e+91	
-1.557882858146189961000000000000000000000e+92	
1.183558780975708300000000000000000000000e+91	
1.743097625753090260000000000000000000000e+92	
-6.507186679968948474000000000000000000000e+91	
9.771754955430213377000000000000000000000e+91	
-1.416640798206963770000000000000000000000e+92	
2.116345400415381026000000000000000000000e+91	
1.788436759535992435000000000000000000000e+92	
-6.053795342139926722000000000000000000000e+91	
1.123872040239155722000000000000000000000e+92	
-1.269944253510829386000000000000000000000e+92	
4.596380533408529746000000000000000000000e+91	
-1.934178240409132133000000000000000000000e+92	
-2.042653657537504181000000000000000000000e+91	
1.474123808428120348000000000000000000000e+92	
-9.196924853218647592000000000000000000000e+91	
7.590527338325423118000000000000000000000e+91	
-1.634763559917442796000000000000000000000e+92	
