7.536350604841426372000000000000000000000e+91	
-1.640181233265842470000000000000000000000e+92	
-1.211020850690758153000000000000000000000e+90	
1.564487799178205136000000000000000000000e+92	
-8.293284945717799716000000000000000000000e+91	
9.006570467381420606000000000000000000000e+91	
-1.493159247011843047000000000000000000000e+92	
2.371566614250119077000000000000000000000e+91	
1.915948668811458422000000000000000000000e+92	
-4.778676249385266858000000000000000000000e+91	
1.201280226943379817000000000000000000000e+92	
-1.192536066806605291000000000000000000000e+92	
4.869674524784478968000000000000000000000e+91	
-1.906848841271537211000000000000000000000e+92	
-2.269898315875175193000000000000000000000e+91	
1.401370387815087127000000000000000000000e+92	
-9.924459059348979807000000000000000000000e+91	
6.362952562353407926000000000000000000000e+91	
-1.757521037514644315000000000000000000000e+92	
-1.283991221596844914000000000000000000000e+91	
1.449249253127142526000000000000000000000e+92	
-9.445670406228425818000000000000000000000e+91	
7.833517679372755869000000000000000000000e+91	
-1.610464525812709521000000000000000000000e+92	
1.177856784204851333000000000000000000000e+91	
1.794513009637541505000000000000000000000e+92	
-5.993032841124436027000000000000000000000e+91	
1.077780919122723096000000000000000000000e+92	
-1.316035374627262012000000000000000000000e+92	
3.614055230223366328000000000000000000000e+91	
-2.032410770727648475000000000000000000000e+92	
-3.546133561789081101000000000000000000000e+91	
1.271686294077736544000000000000000000000e+92	
-1.122129999672248564000000000000000000000e+92	
5.045516188307472551000000000000000000000e+91	
-1.889264674919237852000000000000000000000e+92	
-2.622012782631512104000000000000000000000e+91	
1.313389602783078718000000000000000000000e+92	
-1.080426690966906389000000000000000000000e+92	
6.520280296885198945000000000000000000000e+91	
-1.741788264061465213000000000000000000000e+92	
-9.004405109924013327000000000000000000000e+89	
1.672254324571940869000000000000000000000e+92	
-7.215619691780442386000000000000000000000e+91	
9.600513773912574831000000000000000000000e+91	
-1.433764916358727624000000000000000000000e+92	
2.482028706166386968000000000000000000000e+91	
1.878670817840234898000000000000000000000e+92	
-5.151454759097502096000000000000000000000e+91	
1.115702365133413368000000000000000000000e+92	
-1.278113928616571740000000000000000000000e+92	
3.531136171852736398000000000000000000000e+91	
-2.040702676564711468000000000000000000000e+92	
-4.090956149709795258000000000000000000000e+91	
1.171036669777594374000000000000000000000e+92	
-1.222779623972390733000000000000000000000e+92	
5.002594550934578978000000000000000000000e+91	
-1.893556838656527210000000000000000000000e+92	
-1.701839354338249761000000000000000000000e+91	
1.501668522047938477000000000000000000000e+92	
-8.921477717020466304000000000000000000000e+91	
7.800639838650499972000000000000000000000e+91	
-1.613752309884935110000000000000000000000e+92	
5.881856495644148560000000000000000000000e+90	
1.679894276585742022000000000000000000000e+92	
-7.139220171642430852000000000000000000000e+91	
9.218130503103557376000000000000000000000e+91	
-1.472003243439629370000000000000000000000e+92	
1.641090965788909128000000000000000000000e+91	
1.748744417620680111000000000000000000000e+92	
-6.450718761293049970000000000000000000000e+91	
1.067661885029102188000000000000000000000e+92	
-1.326154408720882920000000000000000000000e+92	
3.869183052182884526000000000000000000000e+91	
2.048475699488080161000000000000000000000e+92	
-3.453405942619049469000000000000000000000e+91	
1.316581221613699558000000000000000000000e+92	
-1.077235072136285550000000000000000000000e+92	
5.850509839842675557000000000000000000000e+91	
-1.808765309765717552000000000000000000000e+92	
-1.461151946708224253000000000000000000000e+91	
1.465044694453729244000000000000000000000e+92	
-9.287715992962558631000000000000000000000e+91	
7.282305791098116236000000000000000000000e+91	
-1.665585714640173484000000000000000000000e+92	
-8.216847644469864438000000000000000000000e+89	
1.597664421687510612000000000000000000000e+92	
-7.961518720624744956000000000000000000000e+91	
8.718386896425369759000000000000000000000e+91	
-1.521977604107448132000000000000000000000e+92	
1.463741776237041318000000000000000000000e+91	
1.763232895849165097000000000000000000000e+92	
-6.305833979008200110000000000000000000000e+91	
1.013960572380719284600000000000000000000e+92	
-1.379855721369265823000000000000000000000e+92	
2.650611375497529761000000000000000000000e+91	
1.858496595767328384000000000000000000000e+92	
-5.353196979826567236000000000000000000000e+91	
1.158648942911556494000000000000000000000e+92	
-1.235167350838428614000000000000000000000e+92	
4.591495816308804999000000000000000000000e+91	
-1.934666712119104608000000000000000000000e+92	
-2.400016614081683626000000000000000000000e+91	
1.403157230532897680000000000000000000000e+92	
-9.906590632170874270000000000000000000000e+91	
6.528734066702166301000000000000000000000e+91	
-1.740942887079768478000000000000000000000e+92	
-9.703702516390561283000000000000000000000e+90	
1.495387939191071769000000000000000000000e+92	
-8.984283545589133388000000000000000000000e+91	
7.981676108555108972000000000000000000000e+91	
-1.595648682894474210000000000000000000000e+92	
1.012942665604820749000000000000000000000e+91	
1.746729923608928826000000000000000000000e+92	
-6.470863701410562812000000000000000000000e+91	
9.987217317811629489000000000000000000000e+91	
-1.395094561968822159000000000000000000000e+92	
2.510857994733845020000000000000000000000e+91	
1.845784131409746797000000000000000000000e+92	
-5.480321623402383104000000000000000000000e+91	
1.143281944142133892000000000000000000000e+92	
-1.250534349607851216000000000000000000000e+92	
4.411293695256655053000000000000000000000e+91	
-1.952686924224319602000000000000000000000e+92	
-2.606737664305850575000000000000000000000e+91	
1.379834552354740897000000000000000000000e+92	
-1.013981741395244210200000000000000000000e+92	
6.269014744409785348000000000000000000000e+91	
-1.766914819309006573000000000000000000000e+92	
-1.256568929960416783000000000000000000000e+91	
1.464121453548071596000000000000000000000e+92	
-9.296948402019135116000000000000000000000e+91	
7.725423375253799141000000000000000000000e+91	
-1.621273956224605194000000000000000000000e+92	
8.130739809403690514000000000000000000000e+90	
1.732378653954161812000000000000000000000e+92	
-6.614376397958232961000000000000000000000e+91	
9.900032562825485536000000000000000000000e+91	
-1.403813037467436554000000000000000000000e+92	
2.479973148711834037000000000000000000000e+91	
1.848322835839311712000000000000000000000e+92	
-5.454934579106733952000000000000000000000e+91	
1.133912617472103409000000000000000000000e+92	
-1.259903676277881699000000000000000000000e+92	
4.198579379985450243000000000000000000000e+91	
-1.973958355751440083000000000000000000000e+92	
-2.938413795215887563000000000000000000000e+91	
1.334776678045228358000000000000000000000e+92	
-1.059039615704756749100000000000000000000e+92	
5.699592563119670852000000000000000000000e+91	
-1.823857037438018022000000000000000000000e+92	
-1.944775404904406294000000000000000000000e+91	
1.383428288198963960000000000000000000000e+92	
-1.010388005551021147700000000000000000000e+92	
7.170748922706127788000000000000000000000e+91	
-1.676741401479372329000000000000000000000e+92	
5.105311890738893844000000000000000000000e+90	
1.727324993057145807000000000000000000000e+92	
-6.664913006928393003000000000000000000000e+91	
1.010137672141301256300000000000000000000e+92	
-1.383678621608683851000000000000000000000e+92	
2.933072721933579381000000000000000000000e+91	
1.918795805570971171000000000000000000000e+92	
-4.750204881790139364000000000000000000000e+91	
1.151056921086085305000000000000000000000e+92	
-1.242759372663899802000000000000000000000e+92	
3.837001154497153728000000000000000000000e+91	
-2.010116178300269735000000000000000000000e+92	
-3.832748014864424743000000000000000000000e+91	
1.192094170209633329000000000000000000000e+92	
-1.201722123540351779000000000000000000000e+92	
5.313655981709249856000000000000000000000e+91	
-1.862450695579060122000000000000000000000e+92	
-1.290341505958510577000000000000000000000e+91	
1.552856950250276641000000000000000000000e+92	
-8.409593434997084665000000000000000000000e+91	
8.412860595231501423000000000000000000000e+91	
-1.552530234226834965000000000000000000000e+92	
1.300692946480035618000000000000000000000e+91	
1.761168669373531245000000000000000000000e+92	
-6.326476243764538628000000000000000000000e+91	
9.988313299275654017000000000000000000000e+91	
-1.394984963822419706000000000000000000000e+92	
2.368733811555934925000000000000000000000e+91	
1.817256824232823795000000000000000000000e+92	
-5.765594695171613122000000000000000000000e+91	
1.145076984442356236000000000000000000000e+92	
-1.248739309307628872000000000000000000000e+92	
4.732316668499600414000000000000000000000e+91	
-1.920584626900025066000000000000000000000e+92	
-1.982792950252597387000000000000000000000e+91	
1.472506122404349276000000000000000000000e+92	
-9.213101713456358317000000000000000000000e+91	
7.498350752006801942000000000000000000000e+91	
-1.643981218549304913000000000000000000000e+92	
2.752367803838742197000000000000000000000e+90	
1.647533941916954836000000000000000000000e+92	
-7.462823518330302718000000000000000000000e+91	
8.917503560744538377000000000000000000000e+91	
-1.502065937675531270000000000000000000000e+92	
1.363428993144330942000000000000000000000e+91	
1.723273574435290022000000000000000000000e+92	
-6.705427193146950852000000000000000000000e+91	
1.037369443941426295100000000000000000000e+92	
-1.356446849808558812000000000000000000000e+92	
3.518066657818880715000000000000000000000e+91	
2.008547260062336869000000000000000000000e+92	
-3.852690336876482386000000000000000000000e+91	
1.271838379364408052000000000000000000000e+92	
-1.121977914385577056000000000000000000000e+92	
5.354961348842308194000000000000000000000e+91	
-1.858320158865754288000000000000000000000e+92	
-2.004796558411996828000000000000000000000e+91	
1.405873014801611911000000000000000000000e+92	
-9.879432789483731964000000000000000000000e+91	
6.793085978251009199000000000000000000000e+91	
-1.714507695924884188000000000000000000000e+92	
-4.689423150563480310000000000000000000000e+90	
1.569226536844605100000000000000000000000e+92	
-8.245897569053800073000000000000000000000e+91	
8.217769595424921142000000000000000000000e+91	
-1.572039334207492993000000000000000000000e+92	
7.469936375595758003000000000000000000000e+90	
1.669955754347508697000000000000000000000e+92	
-7.238605394024764102000000000000000000000e+91	
9.665100314143250094000000000000000000000e+91	
-1.427306262335660098000000000000000000000e+92	
2.634143906995145403000000000000000000000e+91	
1.902630847964156802000000000000000000000e+92	
-4.911854457858283053000000000000000000000e+91	
1.148406551447468729000000000000000000000e+92	
-1.245409742302516378000000000000000000000e+92	
3.945576080053214819000000000000000000000e+91	
-1.999258685744663626000000000000000000000e+92	
-3.589161691633886014000000000000000000000e+91	
1.229947223218895141000000000000000000000e+92	
-1.163869070531089967000000000000000000000e+92	
5.406194726477859251000000000000000000000e+91	
-1.853196821102199182000000000000000000000e+92	
-1.483652217638517017000000000000000000000e+91	
1.504955159241704387000000000000000000000e+92	
-8.888611345082807202000000000000000000000e+91	
7.648277673985736755000000000000000000000e+91	
-1.628988526351411432000000000000000000000e+92	
2.506871305578980733000000000000000000000e+90	
1.627640002889368762000000000000000000000e+92	
-7.661762908606163451000000000000000000000e+91	
9.087762874217993959000000000000000000000e+91	
-1.485040006328185712000000000000000000000e+92	
1.902703272095593658000000000000000000000e+91	
1.814084134195107138000000000000000000000e+92	
-5.797321595548779691000000000000000000000e+91	
1.050029400462348359900000000000000000000e+92	
-1.343786893287636748000000000000000000000e+92	
2.863549120952570173000000000000000000000e+91	
1.865022669843688123000000000000000000000e+92	
-5.287936239062969846000000000000000000000e+91	
1.196408048918949184000000000000000000000e+92	
-1.197408244831035923000000000000000000000e+92	
5.281261758979918753000000000000000000000e+91	
-1.865690117851993232000000000000000000000e+92	
-1.398231148170699939000000000000000000000e+91	
1.534522201243985577000000000000000000000e+92	
-8.592940925059995302000000000000000000000e+91	
8.154092810251815976000000000000000000000e+91	
-1.578407012724803510000000000000000000000e+92	
9.665424008286380956000000000000000000000e+90	
1.720219090297769154000000000000000000000e+92	
-6.735972034522159538000000000000000000000e+91	
9.568175939443056900000000000000000000000e+91	
-1.436998699805679418000000000000000000000e+92	
1.937960178613619020000000000000000000000e+91	
1.773116362960583299000000000000000000000e+92	
-6.206999307894018087000000000000000000000e+91	
1.103245075465417364000000000000000000000e+92	
-1.290571218284567743000000000000000000000e+92	
4.337071612764005032000000000000000000000e+91	
2.106464644470098955000000000000000000000e+92	
-2.873516492798861522000000000000000000000e+91	
1.385764681597076816000000000000000000000e+92	
-1.008051612152908292000000000000000000000e+92	
6.654233878204160222000000000000000000000e+91	
-1.728392905929569085000000000000000000000e+92	
-5.455941535790921770000000000000000000000e+90	
1.567778283638602427000000000000000000000e+92	
-8.260380101113826802000000000000000000000e+91	
8.071784220197357342000000000000000000000e+91	
-1.586637871730249374000000000000000000000e+92	
4.695708638826065103000000000000000000000e+90	
1.629076278349712282000000000000000000000e+92	
-7.647400154002728257000000000000000000000e+91	
9.534780927617419712000000000000000000000e+91	
-1.440338200988243136000000000000000000000e+92	
2.782161305721506360000000000000000000000e+91	
1.945252414439104688000000000000000000000e+92	
-4.485638793108804200000000000000000000000e+91	
1.218834099495475592000000000000000000000e+92	
-1.174982194254509516000000000000000000000e+92	
4.927772994873581220000000000000000000000e+91	
-1.901038994262626986000000000000000000000e+92	
-2.329181654995555064000000000000000000000e+91	
1.383709714695658062000000000000000000000e+92	
-1.010106579054327045000000000000000000000e+92	
6.354374450808633330000000000000000000000e+91	
-1.758378848669121775000000000000000000000e+92	
-1.124624335909575734000000000000000000000e+91	
1.481972083338943493000000000000000000000e+92	
-9.118442104110416144000000000000000000000e+91	
7.805185313853220898000000000000000000000e+91	
-1.613297762364663018000000000000000000000e+92	
7.941407021091452839000000000000000000000e+90	
1.720620716070208361000000000000000000000e+92	
-6.731955776797767464000000000000000000000e+91	
9.683856176955819250000000000000000000000e+91	
-1.425430676054403182000000000000000000000e+92	
2.165248824358225936000000000000000000000e+91	
1.807000513968191768000000000000000000000e+92	
-5.868157797817933399000000000000000000000e+91	
1.113483958121748925000000000000000000000e+92	
-1.280332335628236183000000000000000000000e+92	
4.203125430678843715000000000000000000000e+91	
-1.973503750682100736000000000000000000000e+92	
-2.725139029588275013000000000000000000000e+91	
1.376966638347363509000000000000000000000e+92	
-1.016849655402621598700000000000000000000e+92	
6.330013177690771030000000000000000000000e+91	
-1.760814975980908005000000000000000000000e+92	
-1.105937552956772408000000000000000000000e+91	
1.488143424878563854000000000000000000000e+92	
-9.056728688714212532000000000000000000000e+91	
7.775790465274020857000000000000000000000e+91	
-1.616237247222583022000000000000000000000e+92	
6.736829311951634630000000000000000000000e+90	
1.699473178652886875000000000000000000000e+92	
-6.943431150970982322000000000000000000000e+91	
9.381408496045078800000000000000000000000e+91	
-1.455675444145477228000000000000000000000e+92	
1.771874110689052087000000000000000000000e+91	
1.758574864470201052000000000000000000000e+92	
-6.352414292797840560000000000000000000000e+91	
1.084350108935150521000000000000000000000e+92	
-1.309466184814834587000000000000000000000e+92	
4.104608932866962408000000000000000000000e+91	
2.078869240523167334000000000000000000000e+92	
-3.149470532268177741000000000000000000000e+91	
1.353822306117427471000000000000000000000e+92	
-1.039993987632557636900000000000000000000e+92	
6.291362041553945756000000000000000000000e+91	
-1.764680089594590532000000000000000000000e+92	
-9.518924493758533264000000000000000000000e+90	
1.522807969338896428000000000000000000000e+92	
-8.710083244110886793000000000000000000000e+91	
7.714512593373440214000000000000000000000e+91	
-1.622365034412641086000000000000000000000e+92	
2.046847530513279364000000000000000000000e+90	
1.611821621137078086000000000000000000000e+92	
-7.819946726129070215000000000000000000000e+91	
9.167117947004415546000000000000000000000e+91	
-1.477104499049543553000000000000000000000e+92	
2.219479019757015052000000000000000000000e+91	
1.869491960788515033000000000000000000000e+92	
-5.243243329614700746000000000000000000000e+91	
1.123591121441649289000000000000000000000e+92	
-1.270225172308335818000000000000000000000e+92	
3.780614928534988655000000000000000000000e+91	
-2.015754800896486242000000000000000000000e+92	
-3.670971097155432547000000000000000000000e+91	
1.230077319072550317000000000000000000000e+92	
-1.163738974677434791000000000000000000000e+92	
5.231669675396793702000000000000000000000e+91	
-1.870649326210305737000000000000000000000e+92	
-1.833915775410554329000000000000000000000e+91	
1.452363698733330484000000000000000000000e+92	
-9.414525950166546237000000000000000000000e+91	
6.946799437443852337000000000000000000000e+91	
-1.699136350005599874000000000000000000000e+92	
-6.262673650926157049000000000000000000000e+90	
1.522405660300166174000000000000000000000e+92	
-8.714106334498189342000000000000000000000e+91	
8.407882618476382398000000000000000000000e+91	
-1.553028031902346868000000000000000000000e+92	
1.595100823613397654000000000000000000000e+91	
1.820533143008640355000000000000000000000e+92	
-5.732831507413447522000000000000000000000e+91	
1.088104597432356028000000000000000000000e+92	
-1.305711696317629080000000000000000000000e+92	
3.560405578892674684000000000000000000000e+91	
-2.037775735860717639000000000000000000000e+92	
-3.756591570235061272000000000000000000000e+91	
1.234967461367127226000000000000000000000e+92	
-1.158848832382857881000000000000000000000e+92	
4.995917166194924096000000000000000000000e+91	
-1.894224577130492698000000000000000000000e+92	
-2.354180553690989221000000000000000000000e+91	
1.371900153254223846000000000000000000000e+92	
-1.021916140495761261000000000000000000000e+92	
6.433388959355188384000000000000000000000e+91	
-1.750477397814466269000000000000000000000e+92	
-8.485977997446148153000000000000000000000e+90	
1.529266135064919890000000000000000000000e+92	
-8.645501586850652180000000000000000000000e+91	
7.860906505553226159000000000000000000000e+91	
-1.607725643194662492000000000000000000000e+92	
4.328502048335362330000000000000000000000e+90	
1.642811250770098339000000000000000000000e+92	
-7.510050429798867688000000000000000000000e+91	
9.303690604881714404000000000000000000000e+91	
-1.463447233261813667000000000000000000000e+92	
2.182814296758743024000000000000000000000e+91	
1.848510371866103606000000000000000000000e+92	
-5.453059218838815018000000000000000000000e+91	
1.085303033071001294000000000000000000000e+92	
-1.308513260678983813000000000000000000000e+92	
3.224755179204719587000000000000000000000e+91	
1.901989827374248404000000000000000000000e+92	
-4.918264663757367035000000000000000000000e+91	
1.231534440579965115000000000000000000000e+92	
-1.162281853170019992000000000000000000000e+92	
5.614127177791882602000000000000000000000e+91	
-1.832403575970796847000000000000000000000e+92	
-1.083755070818756751000000000000000000000e+91	
1.564131790011313201000000000000000000000e+92	
-8.296845037386719067000000000000000000000e+91	
8.431817655473241877000000000000000000000e+91	
-1.550634528202660920000000000000000000000e+92	
1.225905346272745348000000000000000000000e+91	
1.744320108676899063000000000000000000000e+92	
-6.494961850730860448000000000000000000000e+91	
9.847687386134717337000000000000000000000e+91	
-1.409047555136513374000000000000000000000e+92	
2.255953727370500852000000000000000000000e+91	
1.808762012912852377000000000000000000000e+92	
-5.850542808371327310000000000000000000000e+91	
1.130705629716228765000000000000000000000e+92	
-1.263110664033756343000000000000000000000e+92	
4.529866932835454995000000000000000000000e+91	
-1.940829600466439608000000000000000000000e+92	
-2.243949643215540623000000000000000000000e+91	
1.440522679033844758000000000000000000000e+92	
-9.532936147161403500000000000000000000000e+91	
7.119867779576207768000000000000000000000e+91	
-1.681829515792364331000000000000000000000e+92	
-1.618655432886132072000000000000000000000e+90	
1.597964691721315451000000000000000000000e+92	
-7.958516020286696562000000000000000000000e+91	
8.546429931556941530000000000000000000000e+91	
-1.539173300594290955000000000000000000000e+92	
1.116912217937149056000000000000000000000e+91	
1.711071383520249160000000000000000000000e+92	
-6.827449102297359472000000000000000000000e+91	
9.988461749211461341000000000000000000000e+91	
-1.394970118828838974000000000000000000000e+92	
2.869754178068965114000000000000000000000e+91	
1.917421125764137819000000000000000000000e+92	
-4.763951679858472884000000000000000000000e+91	
1.154430444858725635000000000000000000000e+92	
-1.239385848891259472000000000000000000000e+92	
3.918194797742518420000000000000000000000e+91	
-2.001996813975733266000000000000000000000e+92	
-3.704119584615841349000000000000000000000e+91	
1.209698131258656057000000000000000000000e+92	
-1.184118162491329050000000000000000000000e+92	
5.389157447639345322000000000000000000000e+91	
-1.854900548986050576000000000000000000000e+92	
-1.315328150000897513000000000000000000000e+91	
1.540314475817493824000000000000000000000e+92	
-8.535018179324912842000000000000000000000e+91	
8.187047735417074933000000000000000000000e+91	
-1.575111520208277614000000000000000000000e+92	
9.745419311020336787000000000000000000000e+90	
1.718524745785331604000000000000000000000e+92	
-6.752915479646535040000000000000000000000e+91	
9.604023487933932712000000000000000000000e+91	
-1.433413944956591836000000000000000000000e+92	
2.026572448347119034000000000000000000000e+91	
1.787251436128423990000000000000000000000e+92	
-6.065648576215611171000000000000000000000e+91	
1.106203997333679875000000000000000000000e+92	
-1.287612296416305233000000000000000000000e+92	
4.254954938546505983000000000000000000000e+91	
-1.968320799895334509000000000000000000000e+92	
-2.548742429858249794000000000000000000000e+91	
1.407056808204732700000000000000000000000e+92	
-9.867594855452524074000000000000000000000e+91	
6.755358012941352642000000000000000000000e+91	
-1.718280492455849843000000000000000000000e+92	
-5.562115123595070698000000000000000000000e+90	
1.555547959422060731000000000000000000000e+92	
-8.382683343279243768000000000000000000000e+91	
8.185923115646656524000000000000000000000e+91	
-1.575223982185319455000000000000000000000e+92	
8.200342273306784914000000000000000000000e+90	
1.687743300388839414000000000000000000000e+92	
-7.060729933611456940000000000000000000000e+91	
9.620952380245883559000000000000000000000e+91	
-1.431721055725396752000000000000000000000e+92	
2.368083072660159223000000000000000000000e+91	
1.853844518375279019000000000000000000000e+92	
-5.399717753747060890000000000000000000000e+91	
1.104074529588806595000000000000000000000e+92	
-1.289741764161178513000000000000000000000e+92	
3.546776771117701512000000000000000000000e+91	
1.947615965231973248000000000000000000000e+92	
-4.462003285180118601000000000000000000000e+91	
1.248699943319006585000000000000000000000e+92	
-1.145116350430978523000000000000000000000e+92	
5.501317493385028673000000000000000000000e+91	
-1.843684544411482240000000000000000000000e+92	
-1.480887898122669063000000000000000000000e+91	
1.496000342835810748000000000000000000000e+92	
-8.978159509141743597000000000000000000000e+91	
7.466462967293834587000000000000000000000e+91	
-1.647169997020601649000000000000000000000e+92	
-2.334820068846721206000000000000000000000e+89	
1.591018996831941964000000000000000000000e+92	
-8.027972969180431438000000000000000000000e+91	
8.917046955045727202000000000000000000000e+91	
-1.502111598245412388000000000000000000000e+92	
1.927384203204680727000000000000000000000e+91	
1.836082188063950936000000000000000000000e+92	
-5.577341056860341712000000000000000000000e+91	
1.085983147996970137000000000000000000000e+92	
-1.307833145753014971000000000000000000000e+92	
3.362574079976212664000000000000000000000e+91	
1.928866972272209940000000000000000000000e+92	
-4.649493214777751678000000000000000000000e+91	
1.230671661506484130000000000000000000000e+92	
-1.163144632243500977000000000000000000000e+92	
5.328238199985586842000000000000000000000e+91	
-1.860992473751426423000000000000000000000e+92	
-1.646767251757943680000000000000000000000e+91	
1.480132043130950040000000000000000000000e+92	
-9.136842506190350674000000000000000000000e+91	
7.314972745437631184000000000000000000000e+91	
-1.662319019206221989000000000000000000000e+92	
-1.676492269641894954000000000000000000000e+90	
1.577307455979371142000000000000000000000e+92	
-8.165088377706139652000000000000000000000e+91	
8.764914872271124391000000000000000000000e+91	
-1.517324806522872668000000000000000000000e+92	
1.760242919494992941000000000000000000000e+91	
1.817867886558931300000000000000000000000e+92	
-5.759484071910538074000000000000000000000e+91	
1.066269419945620096000000000000000000000e+92	
-1.327546873804365011000000000000000000000e+92	
3.150449996161081982000000000000000000000e+91	
1.906156629405334858000000000000000000000e+92	
-4.876596643446502494000000000000000000000e+91	
1.211160896127631203000000000000000000000e+92	
-1.182655397622353904000000000000000000000e+92	
5.165110397813432682000000000000000000000e+91	
-1.877305253968641839000000000000000000000e+92	
-1.777931117653074102000000000000000000000e+91	
1.470210459427259178000000000000000000000e+92	
-9.236058343227259294000000000000000000000e+91	
7.247689037756746252000000000000000000000e+91	
-1.669047389974310482000000000000000000000e+92	
-2.030166968785703794000000000000000000000e+90	
1.576960744396503622000000000000000000000e+92	
-8.168555493534814854000000000000000000000e+91	
8.693965589073475614000000000000000000000e+91	
-1.524419734842637546000000000000000000000e+92	
1.621845052623721105000000000000000000000e+91	
1.797286598202624583000000000000000000000e+92	
-5.965296955473605247000000000000000000000e+91	
1.038949984947796593600000000000000000000e+92	
-1.354866308802188514000000000000000000000e+92	
2.809907713347414433000000000000000000000e+91	
1.865370959529540266000000000000000000000e+92	
-5.284453342204448416000000000000000000000e+91	
1.184670928198305840000000000000000000000e+92	
-1.209145365551679268000000000000000000000e+92	
5.043096592893109256000000000000000000000e+91	
-1.889506634460674182000000000000000000000e+92	
-1.757130157885613836000000000000000000000e+91	
1.486564924443168702000000000000000000000e+92	
-9.072513693068164050000000000000000000000e+91	
7.553906339382710687000000000000000000000e+91	
-1.638425659811714039000000000000000000000e+92	
2.458022526432655179000000000000000000000e+90	
1.636095707314794246000000000000000000000e+92	
-7.577205864351908614000000000000000000000e+91	
8.982986918933717496000000000000000000000e+91	
-1.495517601856613358000000000000000000000e+92	
1.608688542192110216000000000000000000000e+91	
1.765768201545500368000000000000000000000e+92	
-6.280480922044847390000000000000000000000e+91	
1.041793124846196420600000000000000000000e+92	
-1.352023168903788687000000000000000000000e+92	
3.181783471616348930000000000000000000000e+91	
1.936885879168326577000000000000000000000e+92	
-4.569304145816585302000000000000000000000e+91	
1.183468161809477941000000000000000000000e+92	
-1.210348131940507167000000000000000000000e+92	
4.304253961167712103000000000000000000000e+91	
-1.963390897633213897000000000000000000000e+92	
-3.222426045111281316000000000000000000000e+91	
1.267426163403004402000000000000000000000e+92	
-1.126390130346980705000000000000000000000e+92	
5.763440672509387354000000000000000000000e+91	
-1.817472226499046372000000000000000000000e+92	
-1.143940996605173476000000000000000000000e+91	
1.537173681491855124000000000000000000000e+92	
-8.566426122581299838000000000000000000000e+91	
7.952945620078869806000000000000000000000e+91	
-1.598521731742098127000000000000000000000e+92	
5.378465180254003608000000000000000000000e+90	
1.654605957117974680000000000000000000000e+92	
-7.392103366320104271000000000000000000000e+91	
9.394080663279742410000000000000000000000e+91	
-1.454408227422010866000000000000000000000e+92	
2.245661064307502320000000000000000000000e+91	
1.852042090276686602000000000000000000000e+92	
-5.417742034732985058000000000000000000000e+91	
1.086083163195751832000000000000000000000e+92	
-1.307733130554233275000000000000000000000e+92	
3.205054291360169018000000000000000000000e+91	
-2.073310864613968206000000000000000000000e+92	
-4.446913016099740537000000000000000000000e+91	
1.132454971330428510000000000000000000000e+92	
-1.261361322419556597000000000000000000000e+92	
4.680468374067466301000000000000000000000e+91	
-1.925769456343238478000000000000000000000e+92	
-1.960306420458847748000000000000000000000e+91	
1.482184558402176547000000000000000000000e+92	
-9.116317353478085610000000000000000000000e+91	
7.669395966538976586000000000000000000000e+91	
-1.626876697096087449000000000000000000000e+92	
5.205058922409100682000000000000000000000e+90	
1.679479548951482303000000000000000000000e+92	
-7.143367447985028048000000000000000000000e+91	
9.134736211543875809000000000000000000000e+91	
-1.480342672595597527000000000000000000000e+92	
1.478489097692317406000000000000000000000e+91	
1.724567415062611510000000000000000000000e+92	
-6.692488786873735978000000000000000000000e+91	
1.060265911329916266000000000000000000000e+92	
-1.333550382420068842000000000000000000000e+92	
3.962950090018686031000000000000000000000e+91	
2.074616733534521212000000000000000000000e+92	
-3.191995602154638953000000000000000000000e+91	
1.359478242857236543000000000000000000000e+92	
-1.034338050892748564500000000000000000000e+92	
6.446956535112108474000000000000000000000e+91	
-1.749120640238774260000000000000000000000e+92	
-6.973121162415515891000000000000000000000e+90	
1.558159660404382322000000000000000000000e+92	
-8.356566333456027854000000000000000000000e+91	
7.926154150295986476000000000000000000000e+91	
-1.601200878720386460000000000000000000000e+92	
2.745215630232245871000000000000000000000e+90	
1.604631884603496908000000000000000000000e+92	
-7.891844091464881992000000000000000000000e+91	
9.395163467094014159000000000000000000000e+91	
-1.454299947040583692000000000000000000000e+92	
2.747318153384667301000000000000000000000e+91	
1.952240315745130092000000000000000000000e+92	
-4.415759780048550155000000000000000000000e+91	
1.236289005657240979000000000000000000000e+92	
-1.157527288092744129000000000000000000000e+92	
5.206940014145810926000000000000000000000e+91	
-1.873122292335404015000000000000000000000e+92	
-1.945448743047617929000000000000000000000e+91	
1.432534391251241891000000000000000000000e+92	
-9.612819024987432162000000000000000000000e+91	
6.661789433142551696000000000000000000000e+91	
-1.727637350435729938000000000000000000000e+92	
-9.979511426590722531000000000000000000000e+90	
1.476574218690785268000000000000000000000e+92	
-9.172420750591998394000000000000000000000e+91	
8.133457716766678906000000000000000000000e+91	
-1.580470522073317217000000000000000000000e+92	
1.504473920415242002000000000000000000000e+91	
1.829841105507173469000000000000000000000e+92	
-5.639751882428116382000000000000000000000e+91	
1.115774070268614174000000000000000000000e+92	
-1.278042223481370933000000000000000000000e+92	
4.020624031325448542000000000000000000000e+91	
-1.991753890617440253000000000000000000000e+92	
-3.112940727562626234000000000000000000000e+91	
1.317666655820673242000000000000000000000e+92	
-1.076149637929311866000000000000000000000e+92	
5.531917345612355309000000000000000000000e+91	
-1.840624559188749577000000000000000000000e+92	
-2.109027322187734177000000000000000000000e+91	
1.367345256126433268000000000000000000000e+92	
-1.026471037623551840000000000000000000000e+92	
7.002896882799358358000000000000000000000e+91	
-1.693526605470049272000000000000000000000e+92	
3.356609244685328666000000000000000000000e+90	
1.709136493401128823000000000000000000000e+92	
-6.846798003488562844000000000000000000000e+91	
9.912480483903578639000000000000000000000e+91	
-1.402568245359627244000000000000000000000e+92	
2.737168732743071632000000000000000000000e+91	
1.898504980236982407000000000000000000000e+92	
-4.953113135130027008000000000000000000000e+91	
1.132275241652545269000000000000000000000e+92	
-1.261541052097439838000000000000000000000e+92	
3.664268308634474024000000000000000000000e+91	
-2.027389462886537705000000000000000000000e+92	
-3.990404419048399149000000000000000000000e+91	
1.177835423653293584000000000000000000000e+92	
-1.215980870096691523000000000000000000000e+92	
5.139381648457967484000000000000000000000e+91	
-1.879878128904188359000000000000000000000e+92	
-1.496286937366964550000000000000000000000e+91	
1.529096873461986873000000000000000000000e+92	
-8.647194202879982347000000000000000000000e+91	
8.143620244712804686000000000000000000000e+91	
-1.579454269278704639000000000000000000000e+92	
9.998287593240150171000000000000000000000e+90	
1.727921440810416143000000000000000000000e+92	
-6.658948529395689650000000000000000000000e+91	
9.624248645499189362000000000000000000000e+91	
-1.431391429200066171000000000000000000000e+92	
1.973092512135504750000000000000000000000e+91	
1.774536601194060652000000000000000000000e+92	
-6.192796925559244555000000000000000000000e+91	
1.109091237786038359000000000000000000000e+92	
-1.284725055963946749000000000000000000000e+92	
4.439770450446834470000000000000000000000e+91	
-1.949839248705301661000000000000000000000e+92	
-2.208061418429501746000000000000000000000e+91	
1.456703702377908795000000000000000000000e+92	
-9.371125913720763122000000000000000000000e+91	
7.407537354354418678000000000000000000000e+91	
-1.653062558314543240000000000000000000000e+92	
2.516007366976451588000000000000000000000e+90	
1.651884729744990875000000000000000000000e+92	
-7.419315640049942322000000000000000000000e+91	
8.851748488049131173000000000000000000000e+91	
-1.508641444945071990000000000000000000000e+92	
1.188465346115191222000000000000000000000e+91	
1.694861787257055442000000000000000000000e+92	
-6.989545064929296651000000000000000000000e+91	
1.032088102270768188600000000000000000000e+92	
-1.361728191479216919000000000000000000000e+92	
3.696442583430800218000000000000000000000e+91	
2.049492281308442627000000000000000000000e+92	
-3.443240124415424807000000000000000000000e+91	
1.335879329474431023000000000000000000000e+92	
-1.057936964275554084500000000000000000000e+92	
6.226215197602629751000000000000000000000e+91	
-1.771194773989722132000000000000000000000e+92	
-9.028132457682426673000000000000000000000e+90	
1.539132809794058574000000000000000000000e+92	
-8.546834839559265340000000000000000000000e+91	
7.751110686831467738000000000000000000000e+91	
-1.618705225066838334000000000000000000000e+92	
1.146955651853928666000000000000000000000e+90	
1.590170274058263730000000000000000000000e+92	
-8.036460196917213774000000000000000000000e+91	
9.218565034182404408000000000000000000000e+91	
-1.471959790331744667000000000000000000000e+92	
2.538753309585277472000000000000000000000e+91	
1.928188781141446866000000000000000000000e+92	
-4.656275126085382413000000000000000000000e+91	
1.209044010903124944000000000000000000000e+92	
-1.184772282846860164000000000000000000000e+92	
4.902571357920156236000000000000000000000e+91	
-1.903559157957969484000000000000000000000e+92	
-2.281720223047273976000000000000000000000e+91	
1.395718548574384198000000000000000000000e+92	
-9.980977451756009101000000000000000000000e+91	
6.320654914813942410000000000000000000000e+91	
-1.761750802268590867000000000000000000000e+92	
-1.312075201474200679000000000000000000000e+91	
1.447861514537281372000000000000000000000e+92	
-9.459547792127037353000000000000000000000e+91	
7.789604222860222272000000000000000000000e+91	
-1.614855871463962880000000000000000000000e+92	
1.103922205060718674000000000000000000000e+91	
1.784118933514287987000000000000000000000e+92	
-6.096973602356971206000000000000000000000e+91	
1.064387718101406000000000000000000000000e+92	
-1.329428575648579107000000000000000000000e+92	
3.450146896705607684000000000000000000000e+91	
1.967961859949353036000000000000000000000e+92	
-4.258544338006320718000000000000000000000e+91	
1.205533070301493077000000000000000000000e+92	
-1.188283223448492031000000000000000000000e+92	
4.434837168394393788000000000000000000000e+91	
-1.950332576910545729000000000000000000000e+92	
-3.181863892699439104000000000000000000000e+91	
1.262484753219877967000000000000000000000e+92	
-1.131331540530107140000000000000000000000e+92	
5.904442594657418324000000000000000000000e+91	
-1.803372034284243275000000000000000000000e+92	
-8.126178143834500014000000000000000000000e+90	
1.589328654046929547000000000000000000000e+92	
-8.044876397030555602000000000000000000000e+91	
8.664627219351423084000000000000000000000e+91	
-1.527353571814842799000000000000000000000e+92	
1.439565368526565979000000000000000000000e+91	
1.763772109750688070000000000000000000000e+92	
-6.300441839992970370000000000000000000000e+91	
1.008243680924746819500000000000000000000e+92	
-1.385572612825238288000000000000000000000e+92	
2.530912541978790028000000000000000000000e+91	
1.840276832431677886000000000000000000000e+92	
-5.535394613183072216000000000000000000000e+91	
1.153675687937417640000000000000000000000e+92	
-1.240140605812567467000000000000000000000e+92	
4.674162426588407466000000000000000000000e+91	
-1.926400051091144361000000000000000000000e+92	
-2.185016734567177159000000000000000000000e+91	
1.437883959608402362000000000000000000000e+92	
-9.559323341415827460000000000000000000000e+91	
7.008202943478783561000000000000000000000e+91	
-1.692995999402106752000000000000000000000e+92	
-3.587655813007509693000000000000000000000e+90	
1.569755409609360622000000000000000000000e+92	
-8.240608841406244854000000000000000000000e+91	
8.444947171298029990000000000000000000000e+91	
-1.549321576620182109000000000000000000000e+92	
1.195949634744429092000000000000000000000e+91	
1.737018159001377952000000000000000000000e+92	
-6.567981347486071555000000000000000000000e+91	
9.865869995763028111000000000000000000000e+91	
-1.407229294173682296000000000000000000000e+92	
2.365293055039378025000000000000000000000e+91	
1.828807080908332156000000000000000000000e+92	
-5.650092128416529518000000000000000000000e+91	
1.131448595493255836000000000000000000000e+92	
-1.262367698256729272000000000000000000000e+92	
4.344371628750285253000000000000000000000e+91	
-1.959379130874956582000000000000000000000e+92	
-2.622273896633188782000000000000000000000e+91	
1.383416955232895082000000000000000000000e+92	
-1.010399338517090026100000000000000000000e+92	
6.356173473956937908000000000000000000000e+91	
-1.758198946354291317000000000000000000000e+92	
-1.118101047270359971000000000000000000000e+91	
1.483096603640519670000000000000000000000e+92	
-9.107196901094654376000000000000000000000e+91	
7.806425902114835464000000000000000000000e+91	
-1.613173703538501561000000000000000000000e+92	
7.853816545902802754000000000000000000000e+90	
1.718745345389852542000000000000000000000e+92	
-6.750709483601325654000000000000000000000e+91	
9.655112784886712009000000000000000000000e+91	
-1.428305015261313907000000000000000000000e+92	
2.126520718567304705000000000000000000000e+91	
1.802129728923875031000000000000000000000e+92	
-5.916865648261100764000000000000000000000e+91	
1.110731006646553047000000000000000000000e+92	
-1.283085287103432060000000000000000000000e+92	
4.196763711844382619000000000000000000000e+91	
-1.974139922565546846000000000000000000000e+92	
-2.710343487033651652000000000000000000000e+91	
1.380560865813162495000000000000000000000e+92	
-1.013255427936822612300000000000000000000e+92	
6.387091660406502282000000000000000000000e+91	
-1.755107127709334879000000000000000000000e+92	
-1.027733380991457629700000000000000000000e+91	
1.498075359642726118000000000000000000000e+92	
-8.957409341072589896000000000000000000000e+91	
7.830305660841058552000000000000000000000e+91	
-1.610785727665879252000000000000000000000e+92	
6.834162722671384922000000000000000000000e+90	
1.695970555958852774000000000000000000000e+92	
-6.978457377911323340000000000000000000000e+91	
9.301644976483901503000000000000000000000e+91	
-1.463651796101594957000000000000000000000e+92	
1.647395562812771820000000000000000000000e+91	
1.741657732173614030000000000000000000000e+92	
-6.521585615763710774000000000000000000000e+91	
1.076910772445633915000000000000000000000e+92	
-1.316905521304351192000000000000000000000e+92	
4.124946358113649738000000000000000000000e+91	
2.090371347616530878000000000000000000000e+92	
-3.034449461334542301000000000000000000000e+91	
1.374788065680222664000000000000000000000e+92	
-1.019028228069762443500000000000000000000e+92	
6.595609064334184382000000000000000000000e+91	
-1.734255387316566669000000000000000000000e+92	
-5.531030735464365178000000000000000000000e+90	
1.572136437159171179000000000000000000000e+92	
-8.216798565908139288000000000000000000000e+91	
8.061482852975863007000000000000000000000e+91	
-1.587668008452398807000000000000000000000e+92	
4.054134100143076564000000000000000000000e+90	
1.617277604541704874000000000000000000000e+92	
-7.765386892082802331000000000000000000000e+91	
9.530831891976744096000000000000000000000e+91	
-1.440733104552310698000000000000000000000e+92	
2.892193219638592718000000000000000000000e+91	
1.967648028322834329000000000000000000000e+92	
-4.261682654271507787000000000000000000000e+91	
1.252616466230472630000000000000000000000e+92	
-1.141199827519512478000000000000000000000e+92	
5.379407522544662616000000000000000000000e+91	
-1.855875541495518846000000000000000000000e+92	
-1.763792906993000930000000000000000000000e+91	
1.451618350348886567000000000000000000000e+92	
-9.421979434010985406000000000000000000000e+91	
6.861808208582598015000000000000000000000e+91	
-1.707635472891725306000000000000000000000e+92	
-7.887577509390917706000000000000000000000e+90	
1.498410562899754355000000000000000000000e+92	
-8.954057308502307528000000000000000000000e+91	
8.332127029613102009000000000000000000000e+91	
-1.560603590788674907000000000000000000000e+92	
1.683458905150494872000000000000000000000e+91	
1.845772150795020784000000000000000000000e+92	
-5.480441429549643240000000000000000000000e+91	
1.129738641508694738000000000000000000000e+92	
-1.264077652241290369000000000000000000000e+92	
4.140614789754843569000000000000000000000e+91	
-1.979754814774500751000000000000000000000e+92	
-3.012595141468811522000000000000000000000e+91	
1.325737674873279636000000000000000000000e+92	
-1.068078618876705472000000000000000000000e+92	
5.593001912472908657000000000000000000000e+91	
-1.834516102502694242000000000000000000000e+92	
-2.067558611953606110000000000000000000000e+91	
1.369531517705038020000000000000000000000e+92	
-1.024284776044947088000000000000000000000e+92	
7.066207724191834588000000000000000000000e+91	
-1.687195521330801649000000000000000000000e+92	
4.403993640241290597000000000000000000000e+90	
1.723751035455231858000000000000000000000e+92	
-6.700652582947532498000000000000000000000e+91	
1.010001227851285067100000000000000000000e+92	
-1.383815065898700040000000000000000000000e+92	
2.966066304758794275000000000000000000000e+91	
1.925529256538049831000000000000000000000e+92	
-4.682870372119352766000000000000000000000e+91	
1.161016251726237672000000000000000000000e+92	
-1.232800042023747435000000000000000000000e+92	
3.968837203468085236000000000000000000000e+91	
-1.996932573403176584000000000000000000000e+92	
-3.668685269495774958000000000000000000000e+91	
1.211721510567667112000000000000000000000e+92	
-1.182094783182317995000000000000000000000e+92	
5.441521447098823160000000000000000000000e+91	
-1.849664149040102792000000000000000000000e+92	
-1.230849934338113186000000000000000000000e+91	
1.551972120783276801000000000000000000000e+92	
-8.418441729667083070000000000000000000000e+91	
8.335706444815508506000000000000000000000e+91	
-1.560245649268434257000000000000000000000e+92	
1.155266933936497404000000000000000000000e+91	
1.739802279576515575000000000000000000000e+92	
-6.540140141734695325000000000000000000000e+91	
9.748707810248700842000000000000000000000e+91	
-1.418945512725115023000000000000000000000e+92	
2.103199641764265461000000000000000000000e+91	
1.788111829563889568000000000000000000000e+92	
-6.057044641860955398000000000000000000000e+91	
1.121453901508215724000000000000000000000e+92	
-1.272362392241769384000000000000000000000e+92	
4.551277475734742223000000000000000000000e+91	
-1.938688546176510885000000000000000000000e+92	
-2.108667973536002580000000000000000000000e+91	
1.465432291681592277000000000000000000000e+92	
-9.283840020683928304000000000000000000000e+91	
7.482721721072137198000000000000000000000e+91	
-1.645544121642771388000000000000000000000e+92	
3.146895996350726921000000000000000000000e+90	
1.656984667614865028000000000000000000000e+92	
-7.368316261351200797000000000000000000000e+91	
8.895412896874090256000000000000000000000e+91	
-1.504275004062576082000000000000000000000e+92	
1.224798435443983107000000000000000000000e+91	
1.697762329096413227000000000000000000000e+92	
-6.960539646535718806000000000000000000000e+91	
1.036534939888717219000000000000000000000e+92	
-1.357281353861267888000000000000000000000e+92	
3.756366221981491467000000000000000000000e+91	
2.057029402242136951000000000000000000000e+92	
-3.367868915078481569000000000000000000000e+91	
1.344960438711040270000000000000000000000e+92	
-1.048855855038944837000000000000000000000e+92	
6.332458489066727500000000000000000000000e+91	
-1.760570444843312358000000000000000000000e+92	
-7.811454353132498596000000000000000000000e+90	
1.552841275110151262000000000000000000000e+92	
-8.409750186398338458000000000000000000000e+91	
7.903604510233609264000000000000000000000e+91	
-1.603455842726624181000000000000000000000e+92	
2.825908901823605976000000000000000000000e+90	
1.608499190234448058000000000000000000000e+92	
-7.853171035155370494000000000000000000000e+91	
9.369040616047108806000000000000000000000e+91	
-1.456912232145274227000000000000000000000e+92	
2.656431641811837508000000000000000000000e+91	
1.936678521613483449000000000000000000000e+92	
-4.571377721365016589000000000000000000000e+91	
1.214257290025437377000000000000000000000e+92	
-1.179559003724547730000000000000000000000e+92	
4.921955841536035505000000000000000000000e+91	
-1.901620709596381557000000000000000000000e+92	
-2.295067749263558484000000000000000000000e+91	
1.391112223935960387000000000000000000000e+92	
-1.002704069814024720600000000000000000000e+92	
6.343865565613804882000000000000000000000e+91	
-1.759429737188604619000000000000000000000e+92	
-1.219625128871652501000000000000000000000e+91	
1.464027018155392003000000000000000000000e+92	
-9.297892755945931049000000000000000000000e+91	
7.804634637853385344000000000000000000000e+91	
-1.613352829964646573000000000000000000000e+92	
9.724009692046315039000000000000000000000e+90	
1.756318938246125410000000000000000000000e+92	
-6.374973555038596976000000000000000000000e+91	
1.021947140923369817800000000000000000000e+92	
-1.371869152826615290000000000000000000000e+92	
2.879408167274463922000000000000000000000e+91	
1.896261973759877681000000000000000000000e+92	
-4.975543199901074266000000000000000000000e+91	
1.164871940046810389000000000000000000000e+92	
-1.228944353703174719000000000000000000000e+92	
4.338458955331234370000000000000000000000e+91	
-1.959970398216861671000000000000000000000e+92	
-2.968163409268524046000000000000000000000e+91	
1.314847239597057893000000000000000000000e+92	
-1.078969054152927215000000000000000000000e+92	
5.771700476172048140000000000000000000000e+91	
-1.816646246132780294000000000000000000000e+92	
-1.601400262476434650000000000000000000000e+91	
1.444879025285377717000000000000000000000e+92	
-9.489372684646073904000000000000000000000e+91	
7.210833571351946074000000000000000000000e+91	
-1.672732936614790500000000000000000000000e+92	
-2.352101286086797165000000000000000000000e+89	
1.616534660742478930000000000000000000000e+92	
-7.772816330075061773000000000000000000000e+91	
8.631696966864515721000000000000000000000e+91	
-1.530646597063533536000000000000000000000e+92	
1.101796580429516204000000000000000000000e+91	
1.699526548209403418000000000000000000000e+92	
-6.942897455405816898000000000000000000000e+91	
1.008542808023278102000000000000000000000e+92	
-1.385273485726707006000000000000000000000e+92	
3.179029481291748335000000000000000000000e+91	
1.969568987374672343000000000000000000000e+92	
-4.242473063753127642000000000000000000000e+91	
1.227788077083949355000000000000000000000e+92	
-1.166028216666035752000000000000000000000e+92	
4.863763271963039946000000000000000000000e+91	
-1.907439966553681113000000000000000000000e+92	
-2.546664460074738112000000000000000000000e+91	
1.346621763830529916000000000000000000000e+92	
-1.047194529919455191200000000000000000000e+92	
6.308513618890506335000000000000000000000e+91	
-1.762964931860934474000000000000000000000e+92	
-8.456282423934099509000000000000000000000e+90	
1.542341218153942882000000000000000000000e+92	
-8.514750755960422261000000000000000000000e+91	
7.758106342571452805000000000000000000000e+91	
-1.618005659492839827000000000000000000000e+92	
9.661527876683506975000000000000000000000e+89	
1.585855899149211248000000000000000000000e+92	
-8.079603946007738594000000000000000000000e+91	
9.228502501128160014000000000000000000000e+91	
-1.470966043637169106000000000000000000000e+92	
2.601745575760361490000000000000000000000e+91	
1.939790847315872262000000000000000000000e+92	
-4.540254464341128456000000000000000000000e+91	
1.225946277582476036000000000000000000000e+92	
-1.167870016167509071000000000000000000000e+92	
5.124569652376720192000000000000000000000e+91	
-1.881359328512313088000000000000000000000e+92	
-2.006772665186685452000000000000000000000e+91	
1.428505595587006850000000000000000000000e+92	
-9.653106981629782575000000000000000000000e+91	
6.642526973076250830000000000000000000000e+91	
-1.729563596442360025000000000000000000000e+92	
-9.961985698599463474000000000000000000000e+90	
1.478849933406923653000000000000000000000e+92	
-9.149663603430614544000000000000000000000e+91	
8.111747922033735596000000000000000000000e+91	
-1.582641501546611548000000000000000000000e+92	
1.438319313548881223000000000000000000000e+91	
1.818783375481960262000000000000000000000e+92	
-5.750329182680248454000000000000000000000e+91	
1.100276281678809512000000000000000000000e+92	
-1.293540012071175595000000000000000000000e+92	
3.821267656519034535000000000000000000000e+91	
-2.011689528098081654000000000000000000000e+92	
-3.356653505536690178000000000000000000000e+91	
1.288861945181437455000000000000000000000e+92	
-1.104954348568547653000000000000000000000e+92	
5.240059366520253096000000000000000000000e+91	
-1.869810357097959798000000000000000000000e+92	
-2.404694277431311616000000000000000000000e+91	
1.337397852547370176000000000000000000000e+92	
-1.056418441202614931600000000000000000000e+92	
6.711880697304555324000000000000000000000e+91	
-1.722628224019529575000000000000000000000e+92	
5.309838007060934945000000000000000000000e+89	
1.681725182360608766000000000000000000000e+92	
-7.120911113893763416000000000000000000000e+91	
9.646812602480679628000000000000000000000e+91	
-1.429135033501917145000000000000000000000e+92	
2.479941877384748753000000000000000000000e+91	
1.873625977225001440000000000000000000000e+92	
-5.201903165249836674000000000000000000000e+91	
1.105823773580630501000000000000000000000e+92	
-1.287992520169354607000000000000000000000e+92	
3.384036802966760867000000000000000000000e+91	
1.913327697194846376000000000000000000000e+92	
-4.804885965551387312000000000000000000000e+91	
1.252568024072679089000000000000000000000e+92	
-1.141248269677306019000000000000000000000e+92	
5.921371897004490928000000000000000000000e+91	
-1.801679104049536015000000000000000000000e+92	
-6.796496957426956726000000000000000000000e+90	
1.614223572663235585000000000000000000000e+92	
-7.795927210867495230000000000000000000000e+91	
9.029499753005123264000000000000000000000e+91	
-1.490866318449472781000000000000000000000e+92	
1.920303558364625695000000000000000000000e+91	
1.823426728093412559000000000000000000000e+92	
-5.703895656565725484000000000000000000000e+91	
1.061386238372788774000000000000000000000e+92	
-1.332430055377196334000000000000000000000e+92	
2.997249915936376239000000000000000000000e+91	
1.880404989004688996000000000000000000000e+92	
-5.134113047452961114000000000000000000000e+91	
1.207512631740751952000000000000000000000e+92	
-1.186303662009233155000000000000000000000e+92	
5.349551512718218781000000000000000000000e+91	
-1.858861142478163230000000000000000000000e+92	
-1.372676190594670846000000000000000000000e+91	
1.532806344158153092000000000000000000000e+92	
-8.610099495918320156000000000000000000000e+91	
8.094241968102800346000000000000000000000e+91	
-1.584392096939705073000000000000000000000e+92	
8.640205339535980032000000000000000000000e+90	
1.705701924736755919000000000000000000000e+92	
-6.881143690132291884000000000000000000000e+91	
9.513427840742442859000000000000000000000e+91	
-1.442473509675740822000000000000000000000e+92	
1.973590635938500389000000000000000000000e+91	
1.785712766446766801000000000000000000000e+92	
-6.081035273032183066000000000000000000000e+91	
1.096713961884135987000000000000000000000e+92	
-1.297102331865849121000000000000000000000e+92	
4.080580497751712316000000000000000000000e+91	
2.061707049459066846000000000000000000000e+92	
-3.321092442909182621000000000000000000000e+91	
1.321908112751372230000000000000000000000e+92	
-1.071908180998612878000000000000000000000e+92	
5.824773500825112885000000000000000000000e+91	
-1.811338943667473819000000000000000000000e+92	
-1.565854217758448843000000000000000000000e+91	
1.446681804024855694000000000000000000000e+92	
-9.471344897251294140000000000000000000000e+91	
7.265897827815042570000000000000000000000e+91	
-1.667226510968480850000000000000000000000e+92	
6.856128081598967304000000000000000000000e+89	
1.629442851563378892000000000000000000000e+92	
-7.643734421866062151000000000000000000000e+91	
8.682330246198564448000000000000000000000e+91	
-1.525583269130128663000000000000000000000e+92	
1.074020272237685564000000000000000000000e+91	
1.688911860829578419000000000000000000000e+92	
-7.049044329204066890000000000000000000000e+91	
1.014522129013161825400000000000000000000e+92	
-1.379294164736823282000000000000000000000e+92	
3.404680191867089057000000000000000000000e+91	
2.008711554307688358000000000000000000000e+92	
-3.851047394422967498000000000000000000000e+91	
1.283499889808123984000000000000000000000e+92	
-1.110316403941861124000000000000000000000e+92	
5.586491397331143905000000000000000000000e+91	
-1.835167154016870717000000000000000000000e+92	
-1.658408755327937460000000000000000000000e+91	
1.451991854470029467000000000000000000000e+92	
-9.418244392799556405000000000000000000000e+91	
7.010785994835526800000000000000000000000e+91	
-1.692737694266432428000000000000000000000e+92	
-4.946095022682239428000000000000000000000e+90	
1.542335209343551566000000000000000000000e+92	
-8.514810844064335412000000000000000000000e+91	
8.463818517755787113000000000000000000000e+91	
-1.547434441974406396000000000000000000000e+92	
1.507748477177038639000000000000000000000e+91	
1.797476214786665084000000000000000000000e+92	
-5.963400789633200234000000000000000000000e+91	
1.050733103076413254000000000000000000000e+92	
-1.343083190673571854000000000000000000000e+92	
3.043616212966303297000000000000000000000e+91	
1.900323774484795779000000000000000000000e+92	
-4.934925192651893284000000000000000000000e+91	
1.195074373473204999000000000000000000000e+92	
-1.198741920276780108000000000000000000000e+92	
4.901759523123165833000000000000000000000e+91	
-1.903640341437668524000000000000000000000e+92	
-2.143716636692061123000000000000000000000e+91	
1.423393540929922613000000000000000000000e+92	
-9.704227528200624944000000000000000000000e+91	
6.677187139893042021000000000000000000000e+91	
-1.726097579760680906000000000000000000000e+92	
-8.758003799462706713000000000000000000000e+90	
1.499459287803462936000000000000000000000e+92	
-8.943570059465221714000000000000000000000e+91	
8.136270658847124941000000000000000000000e+91	
-1.580189227865272614000000000000000000000e+92	
1.281361605137118272000000000000000000000e+91	
1.784948591813932434000000000000000000000e+92	
-6.088677019360526733000000000000000000000e+91	
1.048311512384810686700000000000000000000e+92	
-1.345504781365174421000000000000000000000e+92	
3.120410334402678181000000000000000000000e+91	
1.918099162520776361000000000000000000000e+92	
-4.757171312292087465000000000000000000000e+91	
1.191467238312446858000000000000000000000e+92	
-1.202349055437538249000000000000000000000e+92	
4.651969353460615324000000000000000000000e+91	
-1.928619358403923575000000000000000000000e+92	
-2.607119263455930962000000000000000000000e+91	
1.355702663345527844000000000000000000000e+92	
-1.038113630404457263100000000000000000000e+92	
6.079193821684108830000000000000000000000e+91	
-1.785896911581574225000000000000000000000e+92	
-1.394917514194864801000000000000000000000e+91	
1.455431267361693746000000000000000000000e+92	
-9.383850263882913617000000000000000000000e+91	
7.529800490757408662000000000000000000000e+91	
-1.640836244674244241000000000000000000000e+92	
5.087841807531538004000000000000000000000e+90	
1.691088390367810311000000000000000000000e+92	
-7.027279033821747967000000000000000000000e+91	
9.378571144386307588000000000000000000000e+91	
-1.455959179311354349000000000000000000000e+92	
1.850006973897153375000000000000000000000e+91	
1.774481142651599717000000000000000000000e+92	
-6.193351510983853908000000000000000000000e+91	
1.083113799884114608000000000000000000000e+92	
-1.310702493865870499000000000000000000000e+92	
3.920905283152679455000000000000000000000e+91	
-2.001725765434717162000000000000000000000e+92	
-2.985888432880644360000000000000000000000e+91	
1.353037703911905684000000000000000000000e+92	
-1.040778589838079423200000000000000000000e+92	
6.112173212295711508000000000000000000000e+91	
-1.782598972520413957000000000000000000000e+92	
-1.302338814055511576000000000000000000000e+91	
1.470646102263246109000000000000000000000e+92	
-9.231701914867389984000000000000000000000e+91	
7.555721040772131242000000000000000000000e+91	
-1.638244189672771983000000000000000000000e+92	
4.085397512660885781000000000000000000000e+90	
1.668453728292501872000000000000000000000e+92	
-7.253625654574832351000000000000000000000e+91	
9.026185089355302114000000000000000000000e+91	
-1.491197784814454896000000000000000000000e+92	
1.371644210344196504000000000000000000000e+91	
1.714053464898047241000000000000000000000e+92	
-6.797628288519378666000000000000000000000e+91	
1.049405353802096652700000000000000000000e+92	
-1.344410939947888455000000000000000000000e+92	
3.850880166060851630000000000000000000000e+91	
2.063063478680219233000000000000000000000e+92	
-3.307528150697658742000000000000000000000e+91	
1.347578897868059375000000000000000000000e+92	
-1.046237395881925732200000000000000000000e+92	
6.324503906250412988000000000000000000000e+91	
-1.761365903124943809000000000000000000000e+92	
-8.232222025515082234000000000000000000000e+90	
1.545223078095050796000000000000000000000e+92	
-8.485932156549343116000000000000000000000e+91	
7.793334310227915238000000000000000000000e+91	
-1.614482862727193584000000000000000000000e+92	
1.382494249330909550000000000000000000000e+90	
1.590659612802000916000000000000000000000e+92	
-8.031566809479841918000000000000000000000e+91	
9.262929014189749813000000000000000000000e+91	
-1.467523392331010126000000000000000000000e+92	
2.622568238923384761000000000000000000000e+91	
1.940513405661993699000000000000000000000e+92	
-4.533028880879914089000000000000000000000e+91	
1.225309804641161103000000000000000000000e+92	
-1.168506489108824005000000000000000000000e+92	
5.104621373549024710000000000000000000000e+91	
-1.883354156395082637000000000000000000000e+92	
-2.040297733335069772000000000000000000000e+91	
1.423796085513058008000000000000000000000e+92	
-9.700202082369270993000000000000000000000e+91	
6.581868593112634992000000000000000000000e+91	
-1.735629434438721608000000000000000000000e+92	
-1.070413479041653582000000000000000000000e+91	
1.470073464231621515000000000000000000000e+92	
-9.237428295183635928000000000000000000000e+91	
8.052766824675150688000000000000000000000e+91	
-1.588539611282470039000000000000000000000e+92	
1.408107485919380810000000000000000000000e+91	
1.818637687938274839000000000000000000000e+92	
-5.751786058117102686000000000000000000000e+91	
1.103004658313282786000000000000000000000e+92	
-1.290811635436702321000000000000000000000e+92	
3.877277761356128019000000000000000000000e+91	
-2.006088517614372306000000000000000000000e+92	
-3.271931358378184024000000000000000000000e+91	
1.300203935223809469000000000000000000000e+92	
-1.093612358526175638000000000000000000000e+92	
5.341661346309105102000000000000000000000e+91	
-1.859650159119074597000000000000000000000e+92	
-2.314904336879885588000000000000000000000e+91	
1.345196230525815154000000000000000000000e+92	
-1.048620063224169953800000000000000000000e+92	
6.814735874145405077000000000000000000000e+91	
-1.712342706335444600000000000000000000000e+92	
1.808125762767692095000000000000000000000e+90	
1.696981266764644769000000000000000000000e+92	
-6.968350269853403385000000000000000000000e+91	
9.824207728981041337000000000000000000000e+91	
-1.411395520851880974000000000000000000000e+92	
2.682158927124759494000000000000000000000e+91	
1.896328639216010178000000000000000000000e+92	
-4.974876545339749294000000000000000000000e+91	
1.131006157896463155000000000000000000000e+92	
-1.262810135853521952000000000000000000000e+92	
3.660645528596143954000000000000000000000e+91	
-2.027751740890370712000000000000000000000e+92	
-3.984963654443610104000000000000000000000e+91	
1.179285403514738699000000000000000000000e+92	
-1.214530890235246408000000000000000000000e+92	
5.134697044250490600000000000000000000000e+91	
-1.880346589324936048000000000000000000000e+92	
-1.520146396938645710000000000000000000000e+91	
1.524794396239023946000000000000000000000e+92	
-8.690218975109611617000000000000000000000e+91	
8.081439697782386724000000000000000000000e+91	
-1.585672323971746435000000000000000000000e+92	
9.185019709032389798000000000000000000000e+90	
1.717875090665908550000000000000000000000e+92	
-6.759412030840765574000000000000000000000e+91	
9.504657954753864359000000000000000000000e+91	
-1.443350498274598672000000000000000000000e+92	
1.834384151074324681000000000000000000000e+91	
1.758754949481067944000000000000000000000e+92	
-6.350613442689171633000000000000000000000e+91	
1.097373293011439955000000000000000000000e+92	
-1.296443000738545153000000000000000000000e+92	
4.363207848327740689000000000000000000000e+91	
2.117559451124290312000000000000000000000e+92	
-2.762568426256947953000000000000000000000e+91	
1.405336450538159514000000000000000000000e+92	
-9.884798432118255932000000000000000000000e+91	
6.934679003380253252000000000000000000000e+91	
-1.700348393411959782000000000000000000000e+92	
-1.804637587462193954000000000000000000000e+90	
1.612755635575189558000000000000000000000e+92	
-7.810606581747955496000000000000000000000e+91	
8.501210808416062849000000000000000000000e+91	
-1.543695212908378823000000000000000000000e+92	
8.786606469646672180000000000000000000000e+90	
1.667952588241367510000000000000000000000e+92	
-7.258637055086175972000000000000000000000e+91	
9.966022011639047704000000000000000000000e+91	
-1.397214092586080337000000000000000000000e+92	
3.255859234926853694000000000000000000000e+91	
1.996865778937942378000000000000000000000e+92	
-3.969505148120427297000000000000000000000e+91	
1.274688923684088514000000000000000000000e+92	
-1.119127370065896593000000000000000000000e+92	
5.528714725282378722000000000000000000000e+91	
-1.840944821221747235000000000000000000000e+92	
-1.685867533934225520000000000000000000000e+91	
1.452276257130004026000000000000000000000e+92	
-9.415400366199810819000000000000000000000e+91	
6.949519041802019377000000000000000000000e+91	
-1.698864389569783170000000000000000000000e+92	
-6.199555289708994722000000000000000000000e+90	
1.523395888314919063000000000000000000000e+92	
-8.704204054350660449000000000000000000000e+91	
8.410175778308475141000000000000000000000e+91	
-1.552798715919137594000000000000000000000e+92	
1.589788649943499511000000000000000000000e+91	
1.819241770784338564000000000000000000000e+92	
-5.745745229656465436000000000000000000000e+91	
1.086053448655265169000000000000000000000e+92	
-1.307762845094719938000000000000000000000e+92	
3.532300106756409092000000000000000000000e+91	
-2.040586283074344198000000000000000000000e+92	
-3.792287247455916387000000000000000000000e+91	
1.230639250876576973000000000000000000000e+92	
-1.163177042873408135000000000000000000000e+92	
4.968742896241052342000000000000000000000e+91	
-1.896942004125879873000000000000000000000e+92	
-2.365255005042483724000000000000000000000e+91	
1.372401888743335096000000000000000000000e+92	
-1.021414405006650012000000000000000000000e+92	
6.404356504564128780000000000000000000000e+91	
-1.753380643293572230000000000000000000000e+92	
-9.116631187272112382000000000000000000000e+90	
1.519558010453247912000000000000000000000e+92	
-8.742582832967371958000000000000000000000e+91	
7.835918598050453938000000000000000000000e+91	
-1.610224433944939714000000000000000000000e+92	
4.799197574183548526000000000000000000000e+90	
1.654720365970261920000000000000000000000e+92	
-7.390959277797231880000000000000000000000e+91	
9.270255785616423065000000000000000000000e+91	
-1.466790715188342801000000000000000000000e+92	
1.996929413476564637000000000000000000000e+91	
1.814684464083542346000000000000000000000e+92	
-5.791318296664427610000000000000000000000e+91	
1.069292917637205731000000000000000000000e+92	
-1.324523376112779377000000000000000000000e+92	
3.242723284909550635000000000000000000000e+91	
1.921584702017016926000000000000000000000e+92	
-4.722315917329681813000000000000000000000e+91	
1.213450174624009368000000000000000000000e+92	
-1.180366119125975739000000000000000000000e+92	
5.056680629159283899000000000000000000000e+91	
-1.888148230834056718000000000000000000000e+92	
-2.017618084931309775000000000000000000000e+91	
1.433122575083904413000000000000000000000e+92	
-9.606937186660806948000000000000000000000e+91	
6.745683608127783518000000000000000000000e+91	
-1.719247932937206756000000000000000000000e+92	
-8.360834552357618281000000000000000000000e+90	
1.500554458187027383000000000000000000000e+92	
-8.932618355629577242000000000000000000000e+91	
8.208061902944802780000000000000000000000e+91	
-1.573010103455504830000000000000000000000e+92	
1.413962111622465187000000000000000000000e+91	
1.804286542420629878000000000000000000000e+92	
-5.895297513293552298000000000000000000000e+91	
1.073724338175148957000000000000000000000e+92	
-1.320091955574836150000000000000000000000e+92	
3.435257111450574673000000000000000000000e+91	
1.955652670375411532000000000000000000000e+92	
-4.381636233745735757000000000000000000000e+91	
1.216131190722291657000000000000000000000e+92	
-1.177685103027693451000000000000000000000e+92	
4.769777470265895031000000000000000000000e+91	
-1.916838546723395604000000000000000000000e+92	
-2.618078438713044151000000000000000000000e+91	
1.341736424945846278000000000000000000000e+92	
-1.052079868804138829300000000000000000000e+92	
6.211998008536281999000000000000000000000e+91	
-1.772616492896356908000000000000000000000e+92	
-9.897823543066425683000000000000000000000e+90	
1.523164327621091436000000000000000000000e+92	
-8.706519661288936714000000000000000000000e+91	
7.630374383181779174000000000000000000000e+91	
-1.630778855431807190000000000000000000000e+92	
3.288839619609171324000000000000000000000e+89	
1.585880533248062527000000000000000000000e+92	
-8.079357605019225808000000000000000000000e+91	
9.093409860756970406000000000000000000000e+91	
-1.484475307674288067000000000000000000000e+92	
2.331381307869695529000000000000000000000e+91	
1.899233989806896788000000000000000000000e+92	
-4.945823039430883201000000000000000000000e+91	
1.171875718035315736000000000000000000000e+92	
-1.221940575714669372000000000000000000000e+92	
4.448794289854036469000000000000000000000e+91	
-1.948936864764581461000000000000000000000e+92	
-2.817550574899498646000000000000000000000e+91	
1.333934268537492907000000000000000000000e+92	
-1.059882025212492201000000000000000000000e+92	
5.877146699194088979000000000000000000000e+91	
-1.806101623830576210000000000000000000000e+92	
-1.581335593037652489000000000000000000000e+91	
1.438351586035110152000000000000000000000e+92	
-9.554647077148749552000000000000000000000e+91	
7.326186367824942374000000000000000000000e+91	
-1.661197656967490870000000000000000000000e+92	
2.723690802692393958000000000000000000000e+90	
1.664168414962995212000000000000000000000e+92	
-7.296478787869898956000000000000000000000e+91	
9.076603052637213566000000000000000000000e+91	
-1.486155988486263751000000000000000000000e+92	
1.515286852190527250000000000000000000000e+91	
1.737735557447941417000000000000000000000e+92	
-6.560807363020436904000000000000000000000e+91	
1.053343170424505152500000000000000000000e+92	
-1.340473123325479955000000000000000000000e+92	
3.692913833894911068000000000000000000000e+91	
2.027542216822979150000000000000000000000e+92	
-3.662740769270059577000000000000000000000e+91	
1.292342823680836862000000000000000000000e+92	
-1.101473470069148245000000000000000000000e+92	
5.575093155332389459000000000000000000000e+91	
-1.836306978216746162000000000000000000000e+92	
-1.769584897089600889000000000000000000000e+91	
1.430901415941408644000000000000000000000e+92	
-9.629148778085764637000000000000000000000e+91	
7.011146203479160780000000000000000000000e+91	
-1.692701673402069030000000000000000000000e+92	
-2.830898392603152112000000000000000000000e+90	
1.584592612356670388000000000000000000000e+92	
-8.092236813933147201000000000000000000000e+91	
8.439326415624784662000000000000000000000e+91	
-1.549883652187506641000000000000000000000e+92	
1.036412733159782149200000000000000000000e+91	
1.705680514161279607000000000000000000000e+92	
-6.881357795887055002000000000000000000000e+91	
9.878371551469373319000000000000000000000e+91	
-1.405979138603047776000000000000000000000e+92	
2.703510435894710600000000000000000000000e+91	
1.895184191684052887000000000000000000000e+92	
-4.986321020659322204000000000000000000000e+91	
1.128863643623350679000000000000000000000e+92	
-1.264952650126634429000000000000000000000e+92	
3.629244685509312335000000000000000000000e+91	
-2.030891825199053874000000000000000000000e+92	
-4.026335233302247570000000000000000000000e+91	
1.174151668263012808000000000000000000000e+92	
-1.219664625486972299000000000000000000000e+92	
5.104512016377065290000000000000000000000e+91	
-1.883365092112278579000000000000000000000e+92	
-1.529189626997093303000000000000000000000e+91	
1.526003200855677336000000000000000000000e+92	
-8.678130928943077718000000000000000000000e+91	
8.114648503820171799000000000000000000000e+91	
-1.582351443367967928000000000000000000000e+92	
9.728210256921794508000000000000000000000e+90	
1.725416970431014085000000000000000000000e+92	
-6.683993233189710222000000000000000000000e+91	
9.601165994606432444000000000000000000000e+91	
-1.433699694289341863000000000000000000000e+92	
1.951970937693642182000000000000000000000e+91	
1.772620453798522524000000000000000000000e+92	
-6.211958399514625837000000000000000000000e+91	
1.106763004543797627000000000000000000000e+92	
-1.287053289206187481000000000000000000000e+92	
4.412369310375572033000000000000000000000e+91	
-1.952579362712427904000000000000000000000e+92	
-2.239579316352068787000000000000000000000e+91	
1.453140441678264719000000000000000000000e+92	
-9.406758520717203883000000000000000000000e+91	
7.367792086041927842000000000000000000000e+91	
-1.657037085145792323000000000000000000000e+92	
2.077448538078185547000000000000000000000e+90	
1.647088284570286952000000000000000000000e+92	
-7.467280091796981553000000000000000000000e+91	
8.799677512146912093000000000000000000000e+91	
-1.513848542535293898000000000000000000000e+92	
1.132289889742241293000000000000000000000e+91	
1.688833997839425415000000000000000000000e+92	
-7.049822959105596928000000000000000000000e+91	
1.026936331856432992400000000000000000000e+92	
-1.366879961893552115000000000000000000000e+92	
3.653680709656732087000000000000000000000e+91	
2.046091241218563465000000000000000000000e+92	
-3.477250525314216424000000000000000000000e+91	
1.333353001139537101000000000000000000000e+92	
-1.060463292610448007000000000000000000000e+92	
6.209694678645633812000000000000000000000e+91	
-1.772846825885421726000000000000000000000e+92	
-9.105953513247865462000000000000000000000e+90	
1.539228005695835529000000000000000000000e+92	
-8.545882880541495788000000000000000000000e+91	
7.760792363761682032000000000000000000000e+91	
-1.617737057373816904000000000000000000000e+92	
1.331026155293762876000000000000000000000e+90	
1.592883082200382755000000000000000000000e+92	
-8.009332115496023530000000000000000000000e+91	
9.227206748912259960000000000000000000000e+91	
-1.471095618858759112000000000000000000000e+92	
2.528917857691478012000000000000000000000e+91	
1.925358438838612124000000000000000000000e+92	
-4.684578549113729837000000000000000000000e+91	
1.204367790578115799000000000000000000000e+92	
-1.189448503171869308000000000000000000000e+92	
4.837359560787111384000000000000000000000e+91	
-1.910080337671273969000000000000000000000e+92	
-2.365372432296234089000000000000000000000e+91	
1.385510204157654494000000000000000000000e+92	
-1.008306089592330613000000000000000000000e+92	
6.257701334598435676000000000000000000000e+91	
-1.768046160290141540000000000000000000000e+92	
-1.335918391407499536000000000000000000000e+91	
1.449386288174355897000000000000000000000e+92	
-9.444300055756292105000000000000000000000e+91	
7.722132533111045919000000000000000000000e+91	
-1.621603040438880516000000000000000000000e+92	
9.537722559785623981000000000000000000000e+90	
1.760840227302729863000000000000000000000e+92	
-6.329760664472552450000000000000000000000e+91	
1.032849413168742909600000000000000000000e+92	
-1.360966880581242198000000000000000000000e+92	
3.052208965523303785000000000000000000000e+91	
1.919916687135412700000000000000000000000e+92	
-4.738996066145724074000000000000000000000e+91	
1.175008894621992672000000000000000000000e+92	
-1.218807399127992436000000000000000000000e+92	
4.304718186599490531000000000000000000000e+91	
-1.963344475090036054000000000000000000000e+92	
-3.136947252443732230000000000000000000000e+91	
1.284471268492881574000000000000000000000e+92	
-1.109345025257103533000000000000000000000e+92	
5.753898718822327940000000000000000000000e+91	
-1.818426421867752314000000000000000000000e+92	
-1.333386378172591008000000000000000000000e+91	
1.500247753759680952000000000000000000000e+92	
-8.935685399903041557000000000000000000000e+91	
7.403961934571593200000000000000000000000e+91	
-1.653420100292825788000000000000000000000e+92	
-1.907721326336951742000000000000000000000e+90	
1.563789535388963756000000000000000000000e+92	
-8.300267583610213516000000000000000000000e+91	
8.866978800329066934000000000000000000000e+91	
-1.507118413717078414000000000000000000000e+92	
2.099431913268999408000000000000000000000e+91	
1.875487491559217870000000000000000000000e+92	
-5.183288021907672378000000000000000000000e+91	
1.147577935493024016000000000000000000000e+92	
-1.246238358256961091000000000000000000000e+92	
4.200306365048887544000000000000000000000e+91	
-1.973785657245096353000000000000000000000e+92	
-3.071545856888371490000000000000000000000e+91	
1.307984278703614350000000000000000000000e+92	
-1.085832015046370758000000000000000000000e+92	
5.629641979176538382000000000000000000000e+91	
-1.830852095832331269000000000000000000000e+92	
-1.816851104346831866000000000000000000000e+91	
1.415998359110831304000000000000000000000e+92	
-9.778179346391538037000000000000000000000e+91	
7.077604317263112208000000000000000000000e+91	
-1.686055862023673887000000000000000000000e+92	
-1.250285144455696336000000000000000000000e+88	
1.634303992962740556000000000000000000000e+92	
-7.595123007872445520000000000000000000000e+91	
8.752946432107763123000000000000000000000e+91	
-1.518521650539208795000000000000000000000e+92	
1.166630278998134728000000000000000000000e+91	
1.700371149029314144000000000000000000000e+92	
-6.934451447206709635000000000000000000000e+91	
1.021315376392025763600000000000000000000e+92	
-1.372500917357959344000000000000000000000e+92	
3.425975478825266516000000000000000000000e+91	
2.006179685302632692000000000000000000000e+92	
-3.876366084473524158000000000000000000000e+91	
1.276308942929289779000000000000000000000e+92	
-1.117507350820695328000000000000000000000e+92	
5.468014336530938104000000000000000000000e+91	
-1.847014860096891297000000000000000000000e+92	
-1.823430232953372089000000000000000000000e+91	
1.430837581390272272000000000000000000000e+92	
-9.629787123597128352000000000000000000000e+91	
6.897946590251977894000000000000000000000e+91	
-1.704021634724787318000000000000000000000e+92	
-5.087947020955604860000000000000000000000e+90	
1.550777200135274274000000000000000000000e+92	
-8.430390936147108338000000000000000000000e+91	
8.339520420020253081000000000000000000000e+91	
-1.559864251747959800000000000000000000000e+92	
1.174836245999568501000000000000000000000e+91	
1.743333960376421981000000000000000000000e+92	
-6.504823333735631264000000000000000000000e+91	
9.757501942585597947000000000000000000000e+91	
-1.418066099491425313000000000000000000000e+92	
2.085484297918116215000000000000000000000e+91	
1.783690666851986599000000000000000000000e+92	
-6.101256268979985088000000000000000000000e+91	
1.122644124957480325000000000000000000000e+92	
-1.271172168792504782000000000000000000000e+92	
4.619265645782345454000000000000000000000e+91	
-1.931889729171750562000000000000000000000e+92	
-1.984621780092261428000000000000000000000e+91	
1.483439923538796896000000000000000000000e+92	
-9.103763702111882119000000000000000000000e+91	
7.718800280388714669000000000000000000000e+91	
-1.621936265711113641000000000000000000000e+92	
6.067425291895656417000000000000000000000e+90	
1.691784611930469673000000000000000000000e+92	
-7.020316818195154346000000000000000000000e+91	
9.294582513039646971000000000000000000000e+91	
-1.464358042446020410000000000000000000000e+92	
1.675112758876496315000000000000000000000e+91	
1.747905686859452421000000000000000000000e+92	
-6.459106068905326866000000000000000000000e+91	
1.075796148783774153000000000000000000000e+92	
-1.318020144966210954000000000000000000000e+92	
4.040210979192736910000000000000000000000e+91	
2.074542557788163226000000000000000000000e+92	
-3.192737359618218813000000000000000000000e+91	
1.351607684386927812000000000000000000000e+92	
-1.042208609363057296000000000000000000000e+92	
6.290325923248470864000000000000000000000e+91	
-1.764783701425138021000000000000000000000e+92	
-9.318289744963203490000000000000000000000e+90	
1.526923226086739203000000000000000000000e+92	
-8.668930676632459044000000000000000000000e+91	
7.710994614068771844000000000000000000000e+91	
-1.622716832343107923000000000000000000000e+92	
1.565184580520490632000000000000000000000e+90	
1.602542382070168903000000000000000000000e+92	
-7.912739116798162044000000000000000000000e+91	
9.168859470352295654000000000000000000000e+91	
-1.476930346714755542000000000000000000000e+92	
2.315707410645853690000000000000000000000e+91	
1.888558784325244770000000000000000000000e+92	
-5.052575094247403378000000000000000000000e+91	
1.152097229460160543000000000000000000000e+92	
-1.241719064289824564000000000000000000000e+92	
4.160021877267486159000000000000000000000e+91	
-1.977814106023236492000000000000000000000e+92	
-3.197265232767404050000000000000000000000e+91	
1.286873104124414493000000000000000000000e+92	
-1.106943189625570615000000000000000000000e+92	
5.599466827935607083000000000000000000000e+91	
-1.833869610956424399000000000000000000000e+92	
-1.666179707336419429000000000000000000000e+91	
1.449141153488348504000000000000000000000e+92	
-9.446751402616366038000000000000000000000e+91	
7.026185618747787922000000000000000000000e+91	
-1.691197731875206315000000000000000000000e+92	
-4.353250955405201542000000000000000000000e+90	
1.552649944293952072000000000000000000000e+92	
-8.411663494560330359000000000000000000000e+91	
8.474032481093153372000000000000000000000e+91	
-1.546413045640669770000000000000000000000e+92	
1.425075304292756396000000000000000000000e+91	
1.779924806568861100000000000000000000000e+92	
-6.138914871811240082000000000000000000000e+91	
1.023902224321456974900000000000000000000e+92	
-1.369914069428528133000000000000000000000e+92	
2.682558900973253611000000000000000000000e+91	
1.854947806635670470000000000000000000000e+92	
-5.388684871143146381000000000000000000000e+91	
1.169371248278784222000000000000000000000e+92	
-1.224445045471200886000000000000000000000e+92	
4.841358792341499718000000000000000000000e+91	
-1.909680414515835136000000000000000000000e+92	
-2.007584702971347856000000000000000000000e+91	
1.456650219956226262000000000000000000000e+92	
-9.371660737937588460000000000000000000000e+91	
7.206091027414204798000000000000000000000e+91	
-1.673207191008564628000000000000000000000e+92	
-1.506571057995342989000000000000000000000e+90	
1.591587787680180715000000000000000000000e+92	
-8.022285060698043925000000000000000000000e+91	
8.641365585796153381000000000000000000000e+91	
-1.529679735170369770000000000000000000000e+92	
1.370473584625794295000000000000000000000e+91	
1.752282197144633992000000000000000000000e+92	
-6.415340966053511160000000000000000000000e+91	
1.006460039109456712000000000000000000000e+92	
-1.387356254640528396000000000000000000000e+92	
2.610090526758464938000000000000000000000e+91	
1.857891243109378457000000000000000000000e+92	
-5.359250506406066503000000000000000000000e+91	
1.150752666921142566000000000000000000000e+92	
-1.243063626828842541000000000000000000000e+92	
4.439660107650828263000000000000000000000e+91	
-1.949850282984902281000000000000000000000e+92	
-2.624689004980350020000000000000000000000e+91	
1.373409948065409640000000000000000000000e+92	
-1.020406345684575468000000000000000000000e+92	
6.158497038675857926000000000000000000000e+91	
-1.777966589882399315000000000000000000000e+92	
-1.413335270622716335000000000000000000000e+91	
1.443822257634203707000000000000000000000e+92	
-9.499940361157814004000000000000000000000e+91	
7.620497783056468488000000000000000000000e+91	
-1.631766515444338259000000000000000000000e+92	
8.061659512206292225000000000000000000000e+90	
1.741484729212412718000000000000000000000e+92	
-6.523315645375723900000000000000000000000e+91	
1.008901334181121096900000000000000000000e+92	
-1.384914959568864011000000000000000000000e+92	
2.766825222465981412000000000000000000000e+91	
1.886790301953305298000000000000000000000e+92	
-5.070259917966798090000000000000000000000e+91	
1.151633346437781450000000000000000000000e+92	
-1.242182947312203658000000000000000000000e+92	
4.168422547969660939000000000000000000000e+91	
-1.976974038953019014000000000000000000000e+92	
-3.175831550477761000000000000000000000000e+91	
1.290319124901228991000000000000000000000e+92	
-1.103497168848756116000000000000000000000e+92	
5.606322288091766290000000000000000000000e+91	
-1.833184064940808478000000000000000000000e+92	
-1.686915256800862072000000000000000000000e+91	
1.444309870695287188000000000000000000000e+92	
-9.495064230546979200000000000000000000000e+91	
7.036279083007740840000000000000000000000e+91	
-1.690188385449211024000000000000000000000e+92	
-3.668544060153828914000000000000000000000e+90	
1.565331830527013182000000000000000000000e+92	
-8.284844632229719254000000000000000000000e+91	
8.477241791239798246000000000000000000000e+91	
-1.546092114626005283000000000000000000000e+92	
1.304736578737560275000000000000000000000e+91	
1.755542279029893074000000000000000000000e+92	
-6.382740147200920339000000000000000000000e+91	
9.889118521977498725000000000000000000000e+91	
-1.404904441552235235000000000000000000000e+92	
2.226629525705468565000000000000000000000e+91	
1.798757580260209733000000000000000000000e+92	
-5.950587134897753744000000000000000000000e+91	
1.135675892496772722000000000000000000000e+92	
-1.258140401253212386000000000000000000000e+92	
4.729241990749698668000000000000000000000e+91	
-1.920892094675015241000000000000000000000e+92	
-1.894976642327250136000000000000000000000e+91	
1.490372328413586335000000000000000000000e+92	
-9.034439653363987722000000000000000000000e+91	
7.767813353269220297000000000000000000000e+91	
-1.617034958423063078000000000000000000000e+92	
6.354547343194264132000000000000000000000e+90	
1.692626755977016766000000000000000000000e+92	
-7.011895377729683412000000000000000000000e+91	
9.282723286899009775000000000000000000000e+91	
-1.465543965060084130000000000000000000000e+92	
1.642982959162551812000000000000000000000e+91	
1.742666658331709634000000000000000000000e+92	
-6.511496354182754736000000000000000000000e+91	
1.074850394009246923000000000000000000000e+92	
-1.318965899740738184000000000000000000000e+92	
4.073664802742677508000000000000000000000e+91	
2.082176941712312038000000000000000000000e+92	
-3.116393520376730695000000000000000000000e+91	
1.363528935382664844000000000000000000000e+92	
-1.030287358367320263200000000000000000000e+92	
6.452385769568760674000000000000000000000e+91	
-1.748577716793109040000000000000000000000e+92	
-7.269431155486571128000000000000000000000e+90	
1.551692281931901919000000000000000000000e+92	
-8.421240118180831886000000000000000000000e+91	
7.867795669553380896000000000000000000000e+91	
-1.607036726794647018000000000000000000000e+92	
2.224752433399718898000000000000000000000e+90	
1.600058154605236929000000000000000000000e+92	
-7.937581391447481782000000000000000000000e+91	
9.336140777762972539000000000000000000000e+91	
-1.460202215973687854000000000000000000000e+92	
2.675016686414405451000000000000000000000e+91	
1.943682952126061138000000000000000000000e+92	
-4.501333416239239700000000000000000000000e+91	
1.226405085629128580000000000000000000000e+92	
-1.167411208120856528000000000000000000000e+92	
5.094841851617084906000000000000000000000e+91	
-1.884332108588276617000000000000000000000e+92	
-2.070799269266633036000000000000000000000e+91	
1.418674761787653216000000000000000000000e+92	
-9.751415319623318912000000000000000000000e+91	
6.510471159682214076000000000000000000000e+91	
-1.742769177781763700000000000000000000000e+92	
-1.161985063625860618000000000000000000000e+91	
1.458899894660172568000000000000000000000e+92	
-9.349163990898125391000000000000000000000e+91	
7.983839995739235456000000000000000000000e+91	
-1.595432294176061562000000000000000000000e+92	
1.381968219171560684000000000000000000000e+91	
1.820300388083515979000000000000000000000e+92	
-5.735159056664691285000000000000000000000e+91	
1.108941856939493396000000000000000000000e+92	
-1.284874436810491712000000000000000000000e+92	
3.979373459629441492000000000000000000000e+91	
-1.995878947787040958000000000000000000000e+92	
-3.127133210305352137000000000000000000000e+91	
1.318951869848025979000000000000000000000e+92	
-1.074864423901959129000000000000000000000e+92	
5.571800649666673670000000000000000000000e+91	
-1.836636228783317741000000000000000000000e+92	
-2.042126306889862127000000000000000000000e+91	
1.376735784196341708000000000000000000000e+92	
-1.017080509553643399500000000000000000000e+92	
7.039546638494465172000000000000000000000e+91	
-1.689861629900538590000000000000000000000e+92	
3.150836493853687925000000000000000000000e+90	
1.701358910819491676000000000000000000000e+92	
-6.924573829304934313000000000000000000000e+91	
9.777534573225460213000000000000000000000e+91	
-1.416062836427439086000000000000000000000e+92	
2.545081188908124056000000000000000000000e+91	
1.873584906292346847000000000000000000000e+92	
-5.202313874576382607000000000000000000000e+91	
1.119471357663441522000000000000000000000e+92	
-1.274344936086543585000000000000000000000e+92	
3.657331069934297356000000000000000000000e+91	
-2.028083186756555372000000000000000000000e+92	
-3.876300324913624763000000000000000000000e+91	
1.201343942514036773000000000000000000000e+92	
-1.192472351235948335000000000000000000000e+92	
5.118208139847614722000000000000000000000e+91	
-1.881995479765223635000000000000000000000e+92	
-1.773591611517422937000000000000000000000e+91	
1.475766036313857798000000000000000000000e+92	
-9.180502574361273090000000000000000000000e+91	
7.354435580673151659000000000000000000000e+91	
-1.658372735682669942000000000000000000000e+92	
-4.510485590677717948000000000000000000000e+89	
1.597865911967577404000000000000000000000e+92	
-7.959503817824077039000000000000000000000e+91	
8.794546450040636956000000000000000000000e+91	
-1.514361648745921412000000000000000000000e+92	
1.614009081268714946000000000000000000000e+91	
1.785666713390517350000000000000000000000e+92	
-6.081495803594677572000000000000000000000e+91	
1.020694068706227437800000000000000000000e+92	
-1.373122225043757670000000000000000000000e+92	
2.561021262022406800000000000000000000000e+91	
1.833852886401071401000000000000000000000e+92	
-5.599634073489137066000000000000000000000e+91	
1.167220246664879658000000000000000000000e+92	
-1.226596047085105450000000000000000000000e+92	
5.009193684644397678000000000000000000000e+91	
-1.892896925285545340000000000000000000000e+92	
-1.650499133072495275000000000000000000000e+91	
1.511274426310672066000000000000000000000e+92	
-8.825418674393130420000000000000000000000e+91	
7.941395447526226853000000000000000000000e+91	
-1.599676748997362422000000000000000000000e+92	
7.736155806510004096000000000000000000000e+90	
1.702902478618746402000000000000000000000e+92	
-6.909138151312387052000000000000000000000e+91	
9.353438513594917672000000000000000000000e+91	
-1.458472442390493340000000000000000000000e+92	
1.681672132405528890000000000000000000000e+91	
1.743334564143965625000000000000000000000e+92	
-6.504817296060194829000000000000000000000e+91	
1.082289304010328698000000000000000000000e+92	
-1.311526989739656410000000000000000000000e+92	
4.215730247540620394000000000000000000000e+91	
2.103147752637700979000000000000000000000e+92	
-2.906685411122841290000000000000000000000e+91	
1.391260646396691699000000000000000000000e+92	
-1.002555647353293408200000000000000000000e+92	
6.797278233779115212000000000000000000000e+91	
-1.714088470372073586000000000000000000000e+92	
-3.145089273395783464000000000000000000000e+90	
1.599686511819206638000000000000000000000e+92	
-7.941297819307784702000000000000000000000e+91	
8.373871832746603082000000000000000000000e+91	
-1.556429110475324800000000000000000000000e+92	
7.546722648730974497000000000000000000000e+90	
1.655888642641777991000000000000000000000e+92	
-7.379276511082071162000000000000000000000e+91	
9.838460385965160831000000000000000000000e+91	
-1.409970255153469024000000000000000000000e+92	
3.121378884515267262000000000000000000000e+91	
1.982726215745599487000000000000000000000e+92	
-4.110900780043856210000000000000000000000e+91	
1.259858176491789844000000000000000000000e+92	
-1.133958117258195264000000000000000000000e+92	
5.373498853159377332000000000000000000000e+91	
-1.856466408434047374000000000000000000000e+92	
-1.847988368169565842000000000000000000000e+91	
1.435374021132900311000000000000000000000e+92	
-9.584422726170847969000000000000000000000e+91	
6.795325104704385088000000000000000000000e+91	
-1.714283783279546599000000000000000000000e+92	
-7.593284228223050831000000000000000000000e+90	
1.510939965658943747000000000000000000000e+92	
-8.828763280910413606000000000000000000000e+91	
8.254445416561845578000000000000000000000e+91	
-1.568371752093800550000000000000000000000e+92	
1.402902665877293473000000000000000000000e+91	
1.797439160660465367000000000000000000000e+92	
-5.963771330895197408000000000000000000000e+91	
1.061138376557203345000000000000000000000e+92	
-1.332677917192781763000000000000000000000e+92	
3.252040255751971862000000000000000000000e+91	
1.931598115338210990000000000000000000000e+92	
-4.622181784117741178000000000000000000000e+91	
1.204237248613868244000000000000000000000e+92	
-1.189579045136116864000000000000000000000e+92	
4.772383659026184212000000000000000000000e+91	
-1.916577927847366686000000000000000000000e+92	
-2.493987129432912200000000000000000000000e+91	
1.366288022003734379000000000000000000000e+92	
-1.027528271746250728100000000000000000000e+92	
6.200302829800843868000000000000000000000e+91	
-1.773786010769900721000000000000000000000e+92	
-1.258560676674076993000000000000000000000e+91	
1.470590975218951778000000000000000000000e+92	
-9.232253185310333294000000000000000000000e+91	
7.648951658926245058000000000000000000000e+91	
-1.628921127857360602000000000000000000000e+92	
5.955055858000107894000000000000000000000e+90	
1.696519168484875685000000000000000000000e+92	
-6.972971252651094226000000000000000000000e+91	
9.400481432894560967000000000000000000000e+91	
-1.453768150460529011000000000000000000000e+92	
1.839535892928819257000000000000000000000e+91	
1.770197509123289611000000000000000000000e+92	
-6.236187846266954962000000000000000000000e+91	
1.085682978139506458000000000000000000000e+92	
-1.308133315610478649000000000000000000000e+92	
4.015091079312499735000000000000000000000e+91	
2.059637918948348475000000000000000000000e+92	
-3.341783748016366326000000000000000000000e+91	
1.324316564116431887000000000000000000000e+92	
-1.069499729633553221000000000000000000000e+92	
5.893611549754543329000000000000000000000e+91	
-1.804455138774530775000000000000000000000e+92	
-1.452284905939366476000000000000000000000e+91	
1.462509635365235623000000000000000000000e+92	
-9.313066583847494848000000000000000000000e+91	
7.329378542006056828000000000000000000000e+91	
-1.660878439549379425000000000000000000000e+92	
3.729157349783836072000000000000000000000e+89	
1.616845554103127116000000000000000000000e+92	
-7.769707396468579914000000000000000000000e+91	
8.756876758034736512000000000000000000000e+91	
-1.518128617946511456000000000000000000000e+92	
1.348986478439971865000000000000000000000e+91	
1.736440476645489121000000000000000000000e+92	
-6.573758171044959864000000000000000000000e+91	
1.019607945337182399400000000000000000000e+92	
-1.374208348412802708000000000000000000000e+92	
3.031321584294469918000000000000000000000e+91	
1.928975128367810228000000000000000000000e+92	
-4.648411653821748794000000000000000000000e+91	
1.161384000077585450000000000000000000000e+92	
-1.232432293672399658000000000000000000000e+92	
3.941748771023902626000000000000000000000e+91	
-1.999641416647594845000000000000000000000e+92	
-3.726524306694836714000000000000000000000e+91	
1.202864076730562197000000000000000000000e+92	
-1.190952217019422911000000000000000000000e+92	
5.418088644451322968000000000000000000000e+91	
-1.852007429304852811000000000000000000000e+92	
-1.189173620100631413000000000000000000000e+91	
1.562647423625046576000000000000000000000e+92	
-8.311688701249385316000000000000000000000e+91	
8.507503800834441564000000000000000000000e+91	
-1.543065913666540951000000000000000000000e+92	
1.392076247095443111000000000000000000000e+91	
1.769981171171262219000000000000000000000e+92	
-6.238351225787228890000000000000000000000e+91	
1.007318165615690581400000000000000000000e+92	
-1.386498128134294526000000000000000000000e+92	
2.450347128076181682000000000000000000000e+91	
1.825092813841594804000000000000000000000e+92	
-5.687234799083903040000000000000000000000e+91	
1.153590686779169117000000000000000000000e+92	
-1.240225606970815990000000000000000000000e+92	
4.824227446390765546000000000000000000000e+91	
-1.911393549110908553000000000000000000000e+92	
-1.884111788917256232000000000000000000000e+91	
1.483050939942182070000000000000000000000e+92	
-9.107653538078030376000000000000000000000e+91	
7.610562573703767674000000000000000000000e+91	
-1.632760036379608340000000000000000000000e+92	
3.942088823511352934000000000000000000000e+90	
1.660106843703394095000000000000000000000e+92	
-7.337094500465910124000000000000000000000e+91	
9.028768456912204900000000000000000000000e+91	
-1.490939448058764618000000000000000000000e+92	
1.460236965941520286000000000000000000000e+91	
1.731509398852348273000000000000000000000e+92	
-6.623068948976368344000000000000000000000e+91	
1.048651078658901944300000000000000000000e+92	
-1.345165215091083163000000000000000000000e+92	
3.661325949983595757000000000000000000000e+91	
2.025915968730747883000000000000000000000e+92	
-3.679003250192372249000000000000000000000e+91	
1.292248353191692550000000000000000000000e+92	
-1.101567940558292557000000000000000000000e+92	
5.589458603309376432000000000000000000000e+91	
-1.834870433419047464000000000000000000000e+92	
-1.739916915612822844000000000000000000000e+91	
1.435397705881393534000000000000000000000e+92	
-9.584185878685915731000000000000000000000e+91	
7.023691293636967477000000000000000000000e+91	
-1.691447164386288360000000000000000000000e+92	
-3.029464250478247339000000000000000000000e+90	
1.579368398710157486000000000000000000000e+92	
-8.144478950398276211000000000000000000000e+91	
8.455668016666029812000000000000000000000e+91	
-1.548249492083382126000000000000000000000e+92	
1.121303939796167384000000000000000000000e+91	
1.721021183891944233000000000000000000000e+92	
-6.727951098580408750000000000000000000000e+91	
9.886623364118492076000000000000000000000e+91	
-1.405153957338135900000000000000000000000e+92	
2.566679602784587025000000000000000000000e+91	
1.867000064091848237000000000000000000000e+92	
-5.268162296581368702000000000000000000000e+91	
1.131395222188424020000000000000000000000e+92	
-1.262421071561561088000000000000000000000e+92	
3.961564670582989972000000000000000000000e+91	
-1.997659826691686110000000000000000000000e+92	
-3.387163834880915612000000000000000000000e+91	
1.268738678436052358000000000000000000000e+92	
-1.125077615313932750000000000000000000000e+92	
5.400269916267746876000000000000000000000e+91	
-1.853789302123210420000000000000000000000e+92	
-1.883220389098784786000000000000000000000e+91	
1.425653596329472020000000000000000000000e+92	
-9.681626974205130874000000000000000000000e+91	
6.829357353534064262000000000000000000000e+91	
-1.710880558396578681000000000000000000000e+92	
-5.941249892948404928000000000000000000000e+90	
1.540570899515226791000000000000000000000e+92	
-8.532453942347583162000000000000000000000e+91	
8.272993952314842260000000000000000000000e+91	
-1.566516898518500882000000000000000000000e+92	
1.143828631401670985000000000000000000000e+91	
1.743783316568773713000000000000000000000e+92	
-6.500329771812113942000000000000000000000e+91	
9.797479013241486666000000000000000000000e+91	
-1.414068392425836441000000000000000000000e+92	
2.160927218310031240000000000000000000000e+91	
1.794779778843977495000000000000000000000e+92	
-5.990365149060076122000000000000000000000e+91	
1.126219036526750857000000000000000000000e+92	
-1.267597257223234251000000000000000000000e+92	
4.579910152996626188000000000000000000000e+91	
-1.935825278450322489000000000000000000000e+92	
-2.099044504218289488000000000000000000000e+91	
1.464494663845835956000000000000000000000e+92	
-9.293216299041491516000000000000000000000e+91	
7.454355150600114847000000000000000000000e+91	
-1.648380778689973623000000000000000000000e+92	
2.673421879036786548000000000000000000000e+90	
1.650352786930959287000000000000000000000e+92	
-7.434635068190258206000000000000000000000e+91	
8.869318469885459008000000000000000000000e+91	
-1.506884446761439207000000000000000000000e+92	
1.238908369930986342000000000000000000000e+91	
1.703191757851446913000000000000000000000e+92	
-6.906245358985381944000000000000000000000e+91	
1.033455841394858654500000000000000000000e+92	
-1.360360452355126453000000000000000000000e+92	
3.640532308746256434000000000000000000000e+91	
2.036945950400841430000000000000000000000e+92	
-3.568703433491436776000000000000000000000e+91	
1.316381156557580918000000000000000000000e+92	
-1.077435137192404189000000000000000000000e+92	
5.961749645414215146000000000000000000000e+91	
-1.797641329208563593000000000000000000000e+92	
-1.236728041121853450000000000000000000000e+91	
1.498799862206722690000000000000000000000e+92	
-8.950164315432624171000000000000000000000e+91	
7.380074726007642356000000000000000000000e+91	
-1.655808821149220872000000000000000000000e+92	
-2.240629520284112216000000000000000000000e+90	
1.559520560353757380000000000000000000000e+92	
-8.342957333962277271000000000000000000000e+91	
8.844230530289816114000000000000000000000e+91	
-1.509393240721003496000000000000000000000e+92	
2.096615199311821556000000000000000000000e+91	
1.877197983842530936000000000000000000000e+92	
-5.166183099074541716000000000000000000000e+91	
1.151279600019841823000000000000000000000e+92	
-1.242536693730143284000000000000000000000e+92	
4.257224823330906260000000000000000000000e+91	
-1.968093811416894482000000000000000000000e+92	
-2.994735490082107751000000000000000000000e+91	
1.317653516280618692000000000000000000000e+92	
-1.076162777469366415000000000000000000000e+92	
5.684142572461305821000000000000000000000e+91	
-1.825402036503854526000000000000000000000e+92	
-1.804521296059792184000000000000000000000e+91	
1.413016360143540320000000000000000000000e+92	
-9.807999336064447874000000000000000000000e+91	
7.136994601738455674000000000000000000000e+91	
-1.680116833576139540000000000000000000000e+92	
1.473058764067641280000000000000000000000e+90	
1.658071759327711389000000000000000000000e+92	
-7.357445344222737190000000000000000000000e+91	
9.079701244962558054000000000000000000000e+91	
-1.485846169253729302000000000000000000000e+92	
1.582417910237626104000000000000000000000e+91	
1.750848763115895061000000000000000000000e+92	
-6.429675306340900468000000000000000000000e+91	
1.052898954916838043700000000000000000000e+92	
-1.340917338833147064000000000000000000000e+92	
3.552964937968824945000000000000000000000e+91	
2.000003396878299225000000000000000000000e+92	
-3.938128968716858825000000000000000000000e+91	
1.251266813760817638000000000000000000000e+92	
-1.142549479989167470000000000000000000000e+92	
5.029028526601445574000000000000000000000e+91	
-1.890913441089840550000000000000000000000e+92	
-2.450886718656636609000000000000000000000e+91	
1.349254244819431699000000000000000000000e+92	
-1.044562048930553408900000000000000000000e+92	
6.481734189175113320000000000000000000000e+91	
-1.745642874832473776000000000000000000000e+92	
-5.255850169891353308000000000000000000000e+90	
1.589020499316958741000000000000000000000e+92	
-8.047957944330263668000000000000000000000e+91	
8.371575707897742586000000000000000000000e+91	
-1.556658722960210849000000000000000000000e+92	
8.566882016054300371000000000000000000000e+90	
1.676516251198703248000000000000000000000e+92	
-7.173000425512818591000000000000000000000e+91	
9.823890638762861239000000000000000000000e+91	
-1.411427229873698984000000000000000000000e+92	
2.886073212380128319000000000000000000000e+91	
1.937133041352914018000000000000000000000e+92	
-4.566832523970710900000000000000000000000e+91	
1.192213374767008801000000000000000000000e+92	
-1.201602918982976307000000000000000000000e+92	
4.476644306418227383000000000000000000000e+91	
-1.946151863108162369000000000000000000000e+92	
-2.965139755192406442000000000000000000000e+91	
1.301640161864735002000000000000000000000e+92	
-1.092176131885250106000000000000000000000e+92	
5.925606994775069935000000000000000000000e+91	
-1.801255594272478114000000000000000000000e+92	
-1.161658769611646096000000000000000000000e+91	
1.517422446914474344000000000000000000000e+92	
-8.763938468355107634000000000000000000000e+91	
7.575728179490084442000000000000000000000e+91	
-1.636243475800976663000000000000000000000e+92	
-1.898658395628161975000000000000000000000e+89	
1.580970019671911195000000000000000000000e+92	
-8.128462740780739126000000000000000000000e+91	
9.038511184082315679000000000000000000000e+91	
-1.489965175341753540000000000000000000000e+92	
2.270691973540101933000000000000000000000e+91	
1.892586278790774238000000000000000000000e+92	
-5.012300149592108696000000000000000000000e+91	
1.164649517474941770000000000000000000000e+92	
-1.229166776275043338000000000000000000000e+92	
4.370750267763417470000000000000000000000e+91	
-1.956741266973643361000000000000000000000e+92	
-2.901373735954121364000000000000000000000e+91	
1.324974326144712248000000000000000000000e+92	
-1.068841967605272860000000000000000000000e+92	
5.799888062118969579000000000000000000000e+91	
-1.813827487538088150000000000000000000000e+92	
-1.646259584871157558000000000000000000000e+91	
1.433092037520462934000000000000000000000e+92	
-9.607242562295221735000000000000000000000e+91	
7.247580205356211346000000000000000000000e+91	
-1.669058273214363973000000000000000000000e+92	
1.677651851523300288000000000000000000000e+90	
1.651109546009680282000000000000000000000e+92	
-7.427067477403048254000000000000000000000e+91	
8.920042500480822300000000000000000000000e+91	
-1.501812043701902878000000000000000000000e+92	
1.332767362768153184000000000000000000000e+91	
1.716889006671578512000000000000000000000e+92	
-6.769272870784065951000000000000000000000e+91	
1.038013740477088242900000000000000000000e+92	
-1.355802553272896865000000000000000000000e+92	
3.594763285781604216000000000000000000000e+91	
2.023238792821317389000000000000000000000e+92	
-3.705775009286677183000000000000000000000e+91	
1.293548287528189208000000000000000000000e+92	
-1.100268006221795899000000000000000000000e+92	
5.642209256340333628000000000000000000000e+91	
-1.829595368115951745000000000000000000000e+92	
-1.647434735858916853000000000000000000000e+91	
1.448617099219307491000000000000000000000e+92	
-9.451991945306776167000000000000000000000e+91	
7.071694732321495483000000000000000000000e+91	
-1.686646820517835559000000000000000000000e+92	
-3.390915821676490684000000000000000000000e+90	
1.567343211221593087000000000000000000000e+92	
-8.264730825283920202000000000000000000000e+91	
8.513510368310119174000000000000000000000e+91	
-1.542465256918973190000000000000000000000e+92	
1.357151886225039560000000000000000000000e+91	
1.762397679249729629000000000000000000000e+92	
-6.314186145002554788000000000000000000000e+91	
9.956456538460331868000000000000000000000e+91	
-1.398170639903951921000000000000000000000e+92	
2.292752161629586430000000000000000000000e+91	
1.805248366282315051000000000000000000000e+92	
-5.885679274676700567000000000000000000000e+91	
1.142414919168071697000000000000000000000e+92	
-1.251401374581913410000000000000000000000e+92	
4.799113428541084042000000000000000000000e+91	
-1.913904950895876703000000000000000000000e+92	
-1.822625268256188851000000000000000000000e+91	
1.497855336030240104000000000000000000000e+92	
-8.959609577197450036000000000000000000000e+91	
7.845120897961259800000000000000000000000e+91	
-1.609304203953859128000000000000000000000e+92	
7.152385145808851766000000000000000000000e+90	
1.700852634325858015000000000000000000000e+92	
-6.929636594241270928000000000000000000000e+91	
9.367455841885197451000000000000000000000e+91	
-1.457070709561465362000000000000000000000e+92	
1.730188054530333682000000000000000000000e+91	
1.751634298856297340000000000000000000000e+92	
-6.421819948936877671000000000000000000000e+91	
1.083283125296773140000000000000000000000e+92	
-1.310533168453211968000000000000000000000e+92	
4.152645685317845784000000000000000000000e+91	
2.089540653014389217000000000000000000000e+92	
-3.042756407355958908000000000000000000000e+91	
1.370358535671455176000000000000000000000e+92	
-1.023457758078529931600000000000000000000e+92	
6.515343320421814166000000000000000000000e+91	
-1.742281961707803691000000000000000000000e+92	
-6.693213599552812566000000000000000000000e+90	
1.556921143510570026000000000000000000000e+92	
-8.368951502394150818000000000000000000000e+91	
7.931296317494156608000000000000000000000e+91	
-1.600686662000569447000000000000000000000e+92	
2.971823435685372314000000000000000000000e+90	
1.608648952147933356000000000000000000000e+92	
-7.851673416020517521000000000000000000000e+91	
9.398236896693997775000000000000000000000e+91	
-1.453992604080585330000000000000000000000e+92	
2.713312799241459130000000000000000000000e+91	
1.945133747247810354000000000000000000000e+92	
-4.486825465021747535000000000000000000000e+91	
1.225478248449900729000000000000000000000e+92	
-1.168338045300084379000000000000000000000e+92	
5.061808989523136901000000000000000000000e+91	
-1.887635394797671418000000000000000000000e+92	
-2.127584794842912379000000000000000000000e+91	
1.410622124975144354000000000000000000000e+92	
-9.831941687748407541000000000000000000000e+91	
6.480278338900991094000000000000000000000e+91	
-1.745788459859885998000000000000000000000e+92	
-1.141869386444195747000000000000000000000e+91	
1.465939808483156379000000000000000000000e+92	
-9.278764852668287289000000000000000000000e+91	
7.947766964535166038000000000000000000000e+91	
-1.599039597296468504000000000000000000000e+92	
1.239476006293772847000000000000000000000e+91	
1.795414544767353750000000000000000000000e+92	
-5.984017489826313576000000000000000000000e+91	
1.073424685098219555000000000000000000000e+92	
-1.320391608651765552000000000000000000000e+92	
3.517941364654247342000000000000000000000e+91	
-2.042022157284560373000000000000000000000e+92	
-3.694772799485291955000000000000000000000e+91	
1.251572447113544753000000000000000000000e+92	
-1.142243846636440355000000000000000000000e+92	
4.941236909586638068000000000000000000000e+91	
-1.899692602791321301000000000000000000000e+92	
-2.629481074122491423000000000000000000000e+91	
1.322319054386784901000000000000000000000e+92	
-1.071497239363200206000000000000000000000e+92	
6.404747715916390657000000000000000000000e+91	
-1.753341522158346042000000000000000000000e+92	
-4.103017932426776495000000000000000000000e+90	
1.619766222750241850000000000000000000000e+92	
-7.740500709997432572000000000000000000000e+91	
8.871111314018178194000000000000000000000e+91	
-1.506705162348167288000000000000000000000e+92	
1.548206588311045327000000000000000000000e+91	
1.764856813564805274000000000000000000000e+92	
-6.289594801851798338000000000000000000000e+91	
1.030015785044147745400000000000000000000e+92	
-1.363800508705837362000000000000000000000e+92	
2.955404631715360599000000000000000000000e+91	
1.903392855932275719000000000000000000000e+92	
-4.904234378177093884000000000000000000000e+91	
1.172984902741481738000000000000000000000e+92	
-1.220831391008503370000000000000000000000e+92	
4.429404500003093855000000000000000000000e+91	
-1.950875843749675722000000000000000000000e+92	
-2.867406831936765486000000000000000000000e+91	
1.325903512332813430000000000000000000000e+92	
-1.067912781417171677000000000000000000000e+92	
5.861368718420436762000000000000000000000e+91	
-1.807679421907941431000000000000000000000e+92	
-1.532616106826764875000000000000000000000e+91	
1.449670071524017279000000000000000000000e+92	
-9.441462222259678284000000000000000000000e+91	
7.302838810091260560000000000000000000000e+91	
-1.663532412740859052000000000000000000000e+92	
1.125570576852259678000000000000000000000e+90	
1.634547557615261050000000000000000000000e+92	
-7.592687361347240575000000000000000000000e+91	
8.718391127186631760000000000000000000000e+91	
-1.521977181031321932000000000000000000000e+92	
1.095102431832570162000000000000000000000e+91	
1.689522950092338273000000000000000000000e+92	
-7.042933436576468347000000000000000000000e+91	
1.018299642988275901200000000000000000000e+92	
-1.375516650761709206000000000000000000000e+92	
3.474103820468582733000000000000000000000e+91	
2.018817191009792486000000000000000000000e+92	
-3.749991027401926212000000000000000000000e+91	
1.296767226092950522000000000000000000000e+92	
-1.097049067657034586000000000000000000000e+92	
5.750766021248886574000000000000000000000e+91	
-1.818739691625096450000000000000000000000e+92	
-1.462548597267784006000000000000000000000e+91	
1.474734851780257920000000000000000000000e+92	
-9.190814419697271874000000000000000000000e+91	
7.171121758648711448000000000000000000000e+91	
-1.676704117885113963000000000000000000000e+92	
-4.013345571229962067000000000000000000000e+90	
1.544959959391648805000000000000000000000e+92	
-8.488563343583363030000000000000000000000e+91	
8.631830640485932478000000000000000000000e+91	
-1.530633229701391860000000000000000000000e+92	
1.817454670482184235000000000000000000000e+91	
1.842609189518391465000000000000000000000e+92	
-5.512071042315936424000000000000000000000e+91	
1.110021385062444158000000000000000000000e+92	
-1.283794908687540950000000000000000000000e+92	
3.777981658976940838000000000000000000000e+91	
-2.016018127852291024000000000000000000000e+92	
-3.540606494181841353000000000000000000000e+91	
1.256406947748476884000000000000000000000e+92	
-1.137409346001508223000000000000000000000e+92	
5.213387141257153660000000000000000000000e+91	
-1.872477579624269742000000000000000000000e+92	
-2.133636997763586314000000000000000000000e+91	
1.394261713971288044000000000000000000000e+92	
-9.995545797786970639000000000000000000000e+91	
6.650203987099600904000000000000000000000e+91	
-1.728795895040025017000000000000000000000e+92	
-6.385799669976756902000000000000000000000e+90	
1.549588537114310026000000000000000000000e+92	
-8.442277566356750810000000000000000000000e+91	
8.078229182564814435000000000000000000000e+91	
-1.585993375493503664000000000000000000000e+92	
6.642645219167840554000000000000000000000e+90	
1.667361145190171859000000000000000000000e+92	
-7.264551485598132488000000000000000000000e+91	
9.519061793318611389000000000000000000000e+91	
-1.441910114418123969000000000000000000000e+92	
2.368072723042863104000000000000000000000e+91	
1.864026436894160436000000000000000000000e+92	
-5.297898568558246714000000000000000000000e+91	
1.097810818367813534000000000000000000000e+92	
-1.296005475382171573000000000000000000000e+92	
3.319765206097088041000000000000000000000e+91	
1.908485543834509064000000000000000000000e+92	
-4.853307499154760440000000000000000000000e+91	
1.244379236782668384000000000000000000000e+92	
-1.149437056967316723000000000000000000000e+92	
5.806034339923912736000000000000000000000e+91	
-1.813212859757593834000000000000000000000e+92	
-8.284202901761926248000000000000000000000e+90	
1.596004873338890723000000000000000000000e+92	
-7.978114204110943848000000000000000000000e+91	
8.813912991214215398000000000000000000000e+91	
-1.512424994628563568000000000000000000000e+92	
1.671333650012415896000000000000000000000e+91	
1.795193083973454379000000000000000000000e+92	
-5.986232097765307286000000000000000000000e+91	
1.029817601512674999300000000000000000000e+92	
-1.363998692237310108000000000000000000000e+92	
2.648230217115504051000000000000000000000e+91	
1.842171344992822957000000000000000000000e+92	
-5.516449487571621510000000000000000000000e+91	
1.176378865657806147000000000000000000000e+92	
-1.217437428092178960000000000000000000000e+92	
5.109177297378431108000000000000000000000e+91	
-1.882898564012141997000000000000000000000e+92	
-1.542122276659829486000000000000000000000e+91	
1.522951018615170250000000000000000000000e+92	
-8.708652751348148572000000000000000000000e+91	
8.066546262235989101000000000000000000000e+91	
-1.587161667526386198000000000000000000000e+92	
9.071471141357516997000000000000000000000e+90	
1.717093286763413254000000000000000000000e+92	
-6.767230069865718536000000000000000000000e+91	
9.500374973311473962000000000000000000000e+91	
-1.443778796418837711000000000000000000000e+92	
1.833634467930500933000000000000000000000e+91	
1.759033135155696805000000000000000000000e+92	
-6.347831585942883027000000000000000000000e+91	
1.096903988161370574000000000000000000000e+92	
-1.296912305588614534000000000000000000000e+92	
4.351043614599002268000000000000000000000e+91	
-1.958711932290084881000000000000000000000e+92	
-2.263659089403218528000000000000000000000e+91	
1.454455203036403916000000000000000000000e+92	
-9.393610907135811911000000000000000000000e+91	
7.418148559387803164000000000000000000000e+91	
-1.652001437811204791000000000000000000000e+92	
2.952916692703360847000000000000000000000e+90	
1.659560149484982865000000000000000000000e+92	
-7.342561442650022425000000000000000000000e+91	
8.961549495757164482000000000000000000000e+91	
-1.497661344174268659000000000000000000000e+92	
1.331296717801096829000000000000000000000e+91	
1.712446317008890715000000000000000000000e+92	
-6.813699767410943924000000000000000000000e+91	
1.042664657085223011500000000000000000000e+92	
-1.351151636664762096000000000000000000000e+92	
3.732163258629569122000000000000000000000e+91	
2.046063347440856580000000000000000000000e+92	
-3.477529463091285280000000000000000000000e+91	
1.325452878391673030000000000000000000000e+92	
-1.068363415358312077000000000000000000000e+92	
6.052010339006655730000000000000000000000e+91	
-1.788615259849319535000000000000000000000e+92	
-1.146923645080269537000000000000000000000e+91	
1.507734694764250414000000000000000000000e+92	
-8.860815989857346938000000000000000000000e+91	
7.470267425442163964000000000000000000000e+91	
-1.646789551205768711000000000000000000000e+92	
-1.330262989522454244000000000000000000000e+90	
1.568708579024691281000000000000000000000e+92	
-8.251077147252938269000000000000000000000e+91	
8.934202297791333765000000000000000000000e+91	
-1.500396063970851731000000000000000000000e+92	
2.184679497364122922000000000000000000000e+91	
1.885813761631433909000000000000000000000e+92	
-5.080025321185511984000000000000000000000e+91	
1.159704820673768926000000000000000000000e+92	
-1.234111473076216182000000000000000000000e+92	
4.339572406861740057000000000000000000000e+91	
-1.959859053063811102000000000000000000000e+92	
-2.914291581690352479000000000000000000000e+91	
1.325507634345650567000000000000000000000e+92	
-1.068308659404334540000000000000000000000e+92	
5.766603176017292928000000000000000000000e+91	
-1.817155976148255815000000000000000000000e+92	
-1.718143220168333735000000000000000000000e+91	
1.422045720006286738000000000000000000000e+92	
-9.717705737436983700000000000000000000000e+91	
7.218882969163313222000000000000000000000e+91	
-1.671927996833653785000000000000000000000e+92	
2.207931956411308451000000000000000000000e+90	
1.664580804525135775000000000000000000000e+92	
-7.292354892248493322000000000000000000000e+91	
9.136399008526338474000000000000000000000e+91	
-1.480176392897351260000000000000000000000e+92	
1.630727162160918660000000000000000000000e+91	
1.754841254613308920000000000000000000000e+92	
-6.389750391366761880000000000000000000000e+91	
1.058659813074584585900000000000000000000e+92	
-1.335156480675400522000000000000000000000e+92	
3.628248385559848703000000000000000000000e+91	
2.009298348617757504000000000000000000000e+92	
-3.845179451322276036000000000000000000000e+91	
1.262327493297390252000000000000000000000e+92	
-1.131488800452594856000000000000000000000e+92	
5.157283812481314784000000000000000000000e+91	
-1.878087912501853629000000000000000000000e+92	
-2.304991725346391866000000000000000000000e+91	
1.365606837022222846000000000000000000000e+92	
-1.028209456727762262100000000000000000000e+92	
6.607740494475832336000000000000000000000e+91	
-1.733042244302401874000000000000000000000e+92	
-4.370796561140700404000000000000000000000e+90	
1.594122807262793885000000000000000000000e+92	
-7.996934864871912228000000000000000000000e+91	
8.385135159660341304000000000000000000000e+91	
-1.555302777783950977000000000000000000000e+92	
8.328026701098843090000000000000000000000e+90	
1.670385063239221784000000000000000000000e+92	
-7.234312305107633241000000000000000000000e+91	
9.841838791801289852000000000000000000000e+91	
-1.409632414569856122000000000000000000000e+92	
2.983241952893278590000000000000000000000e+91	
1.954768031598907366000000000000000000000e+92	
-4.390482621510777416000000000000000000000e+91	
1.217762540616967656000000000000000000000e+92	
-1.176053753133017451000000000000000000000e+92	
4.811238334661386122000000000000000000000e+91	
-1.912692460283846495000000000000000000000e+92	
-2.551482723900465971000000000000000000000e+91	
1.350908230588481026000000000000000000000e+92	
-1.042908063161504081900000000000000000000e+92	
6.250444795649027150000000000000000000000e+91	
-1.768771814185082393000000000000000000000e+92	
-1.004580325117172031300000000000000000000e+91	
1.516362704567358076000000000000000000000e+92	
-8.774535891826270318000000000000000000000e+91	
7.675035827002039578000000000000000000000e+91	
-1.626312711049781150000000000000000000000e+92	
1.901714383343707596000000000000000000000e+90	
1.612865392480457850000000000000000000000e+92	
-7.809509012695272580000000000000000000000e+91	
9.124756402367443232000000000000000000000e+91	
-1.481340653513240784000000000000000000000e+92	
2.124344493534849388000000000000000000000e+91	
1.854703836348641437000000000000000000000e+92	
-5.391124574013436710000000000000000000000e+91	
1.103530950217935786000000000000000000000e+92	
-1.290285343532049322000000000000000000000e+92	
3.527318985733672805000000000000000000000e+91	
-2.041084395176617827000000000000000000000e+92	
-3.976935046304141972000000000000000000000e+91	
1.194216744639523498000000000000000000000e+92	
-1.199599549110461609000000000000000000000e+92	
4.984913861476210694000000000000000000000e+91	
-1.895324907602364038000000000000000000000e+92	
-1.968877323019600342000000000000000000000e+91	
1.450041406963987155000000000000000000000e+92	
-9.437748867859979528000000000000000000000e+91	
7.035259540958546350000000000000000000000e+91	
-1.690290339654130472000000000000000000000e+92	
-4.261798214026230995000000000000000000000e+90	
1.553571603349501035000000000000000000000e+92	
-8.402446904004840727000000000000000000000e+91	
8.483085771535039029000000000000000000000e+91	
-1.545507716596481205000000000000000000000e+92	
1.433965375890234078000000000000000000000e+91	
1.780797499967042474000000000000000000000e+92	
-6.130187937829426338000000000000000000000e+91	
1.024758612076904346300000000000000000000e+92	
-1.369057681673080761000000000000000000000e+92	
2.690959803248308452000000000000000000000e+91	
1.855771607445987354000000000000000000000e+92	
-5.380446863039977537000000000000000000000e+91	
1.170228399474657801000000000000000000000e+92	
-1.223587894275327307000000000000000000000e+92	
4.850263642181699946000000000000000000000e+91	
-1.908789929531815113000000000000000000000e+92	
-1.998346681141173824000000000000000000000e+91	
1.457607322757346510000000000000000000000e+92	
-9.362089709926385978000000000000000000000e+91	
7.215994895880015402000000000000000000000e+91	
-1.672216804161983567000000000000000000000e+92	
-1.404205625230629872000000000000000000000e+90	
1.592644692932742993000000000000000000000e+92	
-8.011716008172421142000000000000000000000e+91	
8.651216947821355260000000000000000000000e+91	
-1.528694598967849582000000000000000000000e+92	
1.379607613321965029000000000000000000000e+91	
1.753123902380710814000000000000000000000e+92	
-6.406923913692742936000000000000000000000e+91	
1.007452289526237893800000000000000000000e+92	
-1.386364004223747214000000000000000000000e+92	
2.621517733518577874000000000000000000000e+91	
1.859184359160430957000000000000000000000e+92	
-5.346319345895541506000000000000000000000e+91	
1.151725870326007745000000000000000000000e+92	
-1.242090423423977363000000000000000000000e+92	
4.446194607339534009000000000000000000000e+91	
-1.949196833016031707000000000000000000000e+92	
-2.621350448342002345000000000000000000000e+91	
1.373424368475972555000000000000000000000e+92	
-1.020391925274012552800000000000000000000e+92	
6.155448479974864962000000000000000000000e+91	
-1.778271445752498611000000000000000000000e+92	
-1.419575003195396036000000000000000000000e+91	
1.442879325804184736000000000000000000000e+92	
-9.509369679458003717000000000000000000000e+91	
7.617828911010686846000000000000000000000e+91	
-1.632033402648916423000000000000000000000e+92	
8.102541609734857530000000000000000000000e+90	
1.742568922089423164000000000000000000000e+92	
-6.512473716605619430000000000000000000000e+91	
1.010660562849072199700000000000000000000e+92	
-1.383155730900912908000000000000000000000e+92	
2.791164507619775667000000000000000000000e+91	
1.889898594539788569000000000000000000000e+92	
-5.039176992101965386000000000000000000000e+91	
1.153310796246767846000000000000000000000e+92	
-1.240505497503217261000000000000000000000e+92	
4.170895739126962456000000000000000000000e+91	
-1.976726719837288862000000000000000000000e+92	
-3.187652548954423846000000000000000000000e+91	
1.287708317465820973000000000000000000000e+92	
-1.106107976284164135000000000000000000000e+92	
5.610474459612538310000000000000000000000e+91	
-1.832768847788731276000000000000000000000e+92	
-1.652517898952347227000000000000000000000e+91	
1.450772619907666893000000000000000000000e+92	
-9.430436738423182147000000000000000000000e+91	
7.036866033086889054000000000000000000000e+91	
-1.690129690441296202000000000000000000000e+92	
-4.302761270713135974000000000000000000000e+90	
1.552591976812757568000000000000000000000e+92	
-8.412243169372275394000000000000000000000e+91	
8.485361272596734680000000000000000000000e+91	
-1.545280166490311640000000000000000000000e+92	
1.448306635652769543000000000000000000000e+91	
1.783437601339536547000000000000000000000e+92	
-6.103786924104485607000000000000000000000e+91	
1.028604088670631136400000000000000000000e+92	
-1.365212205079353971000000000000000000000e+92	
2.741462322634702632000000000000000000000e+91	
1.862026035151759107000000000000000000000e+92	
-5.317902585982260010000000000000000000000e+91	
1.173926898597328143000000000000000000000e+92	
-1.219889395152656965000000000000000000000e+92	
4.861702067608505977000000000000000000000e+91	
-1.907646086989134510000000000000000000000e+92	
-2.012442107813501986000000000000000000000e+91	
1.453645665617557065000000000000000000000e+92	
-9.401706281324280426000000000000000000000e+91	
7.150869880806073936000000000000000000000e+91	
-1.678729305669377714000000000000000000000e+92	
-2.310413265444312983000000000000000000000e+90	
1.581034310476949382000000000000000000000e+92	
-8.127819832730357253000000000000000000000e+91	
8.589180390917980766000000000000000000000e+91	
-1.534898254658187031000000000000000000000e+92	
1.371611416540150967000000000000000000000e+91	
1.757725629300486975000000000000000000000e+92	
-6.360906644494981323000000000000000000000e+91	
1.000620985111389101000000000000000000000e+92	
-1.393195308638596007000000000000000000000e+92	
2.438931274528468377000000000000000000000e+91	
1.829504058796066501000000000000000000000e+92	
-5.643122349539186064000000000000000000000e+91	
1.146248685629320487000000000000000000000e+92	
-1.247567608120664621000000000000000000000e+92	
4.633333465959200070000000000000000000000e+91	
-1.930482947154065101000000000000000000000e+92	
-2.192421275281410090000000000000000000000e+91	
1.440484284103041861000000000000000000000e+92	
-9.533320096469432463000000000000000000000e+91	
7.067597348109795365000000000000000000000e+91	
-1.687056558939005571000000000000000000000e+92	
-2.659966346869231581000000000000000000000e+90	
1.582368097525854315000000000000000000000e+92	
-8.114481962241307922000000000000000000000e+91	
8.500333571585940310000000000000000000000e+91	
-1.543782936591391077000000000000000000000e+92	
1.180630761407067138000000000000000000000e+91	
1.728419263078238703000000000000000000000e+92	
-6.653970306717464046000000000000000000000e+91	
9.929503180258165051000000000000000000000e+91	
-1.400865975724168602000000000000000000000e+92	
2.578473921152193978000000000000000000000e+91	
1.865072493176235422000000000000000000000e+92	
-5.287438005737496852000000000000000000000e+91	
1.136043274522318459000000000000000000000e+92	
-1.257773019227666649000000000000000000000e+92	
4.073768701663700847000000000000000000000e+91	
-1.986439423583615023000000000000000000000e+92	
-3.209269004525685383000000000000000000000e+91	
1.293093972180097083000000000000000000000e+92	
-1.100722321569888025000000000000000000000e+92	
5.504591368672817194000000000000000000000e+91	
-1.843357156882703388000000000000000000000e+92	
-1.918061130715503321000000000000000000000e+91	
1.408260228418590643000000000000000000000e+92	
-9.855560653313944643000000000000000000000e+91	
6.949916458902986030000000000000000000000e+91	
-1.698824647859686505000000000000000000000e+92	
-1.792196589963121286000000000000000000000e+90	
1.611481406377022622000000000000000000000e+92	
-7.823348873729624856000000000000000000000e+91	
8.474489085278284040000000000000000000000e+91	
-1.546367385222156704000000000000000000000e+92	
8.379664497822042072000000000000000000000e+90	
1.662486616483561045000000000000000000000e+92	
-7.313296772664240622000000000000000000000e+91	
9.940980768407591345000000000000000000000e+91	
-1.399718216909225973000000000000000000000e+92	
3.260421725883857033000000000000000000000e+91	
2.000280928170243919000000000000000000000e+92	
-3.935353655797411888000000000000000000000e+91	
1.281061500503951851000000000000000000000e+92	
-1.112754793246033257000000000000000000000e+92	
5.622000051194630408000000000000000000000e+91	
-1.831616288630522067000000000000000000000e+92	
-1.563037361145593634000000000000000000000e+91	
1.467512288744891959000000000000000000000e+92	
-9.263040050050931487000000000000000000000e+91	
7.039201394188291785000000000000000000000e+91	
-1.689896154331155929000000000000000000000e+92	
-5.929199475488701711000000000000000000000e+90	
1.519837887088169156000000000000000000000e+92	
-8.739784066618159512000000000000000000000e+91	
8.507110251227799729000000000000000000000e+91	
-1.543105268627205135000000000000000000000e+92	
1.819171659869949587000000000000000000000e+91	
1.855418333941754940000000000000000000000e+92	
-5.383979598082301680000000000000000000000e+91	
1.135461685721905962000000000000000000000e+92	
-1.258354608028079145000000000000000000000e+92	
4.158633366747207313000000000000000000000e+91	
-1.977952957075264376000000000000000000000e+92	
-3.033768915137266775000000000000000000000e+91	
1.319703012917072013000000000000000000000e+92	
-1.074113280832913094000000000000000000000e+92	
5.578674527929026065000000000000000000000e+91	
-1.835948840957082501000000000000000000000e+92	
-2.035889663766358271000000000000000000000e+91	
1.377295756707941456000000000000000000000e+92	
-1.016520537042043651800000000000000000000e+92	
7.046486246452041052000000000000000000000e+91	
-1.689167669104781002000000000000000000000e+92	
3.233624733681057887000000000000000000000e+90	
1.702320648171825192000000000000000000000e+92	
-6.914956455781599150000000000000000000000e+91	
9.788489830136519927000000000000000000000e+91	
-1.414967310736333115000000000000000000000e+92	
2.557373663385547458000000000000000000000e+91	
1.874947808947725402000000000000000000000e+92	
-5.188684848022597054000000000000000000000e+91	
1.120549668266946546000000000000000000000e+92	
-1.273266625483038562000000000000000000000e+92	
3.665269671773342314000000000000000000000e+91	
-2.027289326572650876000000000000000000000e+92	
-3.871204811652713338000000000000000000000e+91	
1.201569326473651224000000000000000000000e+92	
-1.192246967276333884000000000000000000000e+92	
5.126470647624562534000000000000000000000e+91	
-1.881169228987528854000000000000000000000e+92	
-1.759323425879778508000000000000000000000e+91	
1.477793123780500991000000000000000000000e+92	
-9.160231699694841164000000000000000000000e+91	
7.380706157023895300000000000000000000000e+91	
-1.655745678047595578000000000000000000000e+92	
-1.283756372948797328000000000000000000000e+89	
1.601692014330780544000000000000000000000e+92	
-7.921242794192045641000000000000000000000e+91	
8.820075839454657476000000000000000000000e+91	
-1.511808709804519360000000000000000000000e+92	
1.626813172587902465000000000000000000000e+91	
1.785675226009942678000000000000000000000e+92	
-6.081410677400424296000000000000000000000e+91	
1.023393332426317610300000000000000000000e+92	
-1.370422961323667497000000000000000000000e+92	
2.614908019230712084000000000000000000000e+91	
1.841929635689144982000000000000000000000e+92	
-5.518866580608401258000000000000000000000e+91	
1.169599348146611658000000000000000000000e+92	
-1.224216945603373450000000000000000000000e+92	
4.976036576751371672000000000000000000000e+91	
-1.896212636074847940000000000000000000000e+92	
-1.740576022434350455000000000000000000000e+91	
1.496577591941303743000000000000000000000e+92	
-8.972387018086813646000000000000000000000e+91	
7.737563962540218006000000000000000000000e+91	
-1.620059897495963307000000000000000000000e+92	
5.129492533216750886000000000000000000000e+90	
1.671155190138036957000000000000000000000e+92	
-7.226611036119481509000000000000000000000e+91	
9.156570869654382990000000000000000000000e+91	
-1.478159206784546809000000000000000000000e+92	
1.605349707998147490000000000000000000000e+91	
1.747750844510270426000000000000000000000e+92	
-6.460654492397146816000000000000000000000e+91	
1.061210359459446005000000000000000000000e+92	
-1.332605934290539103000000000000000000000e+92	
3.750115434360590332000000000000000000000e+91	
2.031116416388162942000000000000000000000e+92	
-3.626998773618221658000000000000000000000e+91	
1.293772130739863458000000000000000000000e+92	
-1.100044163010121650000000000000000000000e+92	
5.567947975298388816000000000000000000000e+91	
-1.837021496220146226000000000000000000000e+92	
-1.798157658622883800000000000000000000000e+91	
1.425902448019682170000000000000000000000e+92	
-9.679138457303029375000000000000000000000e+91	
7.006532516811223315000000000000000000000e+91	
-1.693163042068862776000000000000000000000e+92	
-2.423501155449873378000000000000000000000e+90	
1.593199668673764769000000000000000000000e+92	
-8.006166250762203382000000000000000000000e+91	
8.429381205919960214000000000000000000000e+91	
-1.550878173157989086000000000000000000000e+92	
9.304995345285001006000000000000000000000e+90	
1.685497171422383598000000000000000000000e+92	
-7.083191223276015096000000000000000000000e+91	
9.879734436443142370000000000000000000000e+91	
-1.405842850105670870000000000000000000000e+92	
2.907968508988814312000000000000000000000e+91	
1.935929410413884560000000000000000000000e+92	
-4.578868833361005475000000000000000000000e+91	
1.187618271894528619000000000000000000000e+92	
-1.206198021855456488000000000000000000000e+92	
4.396795436619447882000000000000000000000e+91	
-1.954136750088040319000000000000000000000e+92	
-3.078869596204397763000000000000000000000e+91	
1.286880766788732626000000000000000000000e+92	
-1.106935526961252482000000000000000000000e+92	
5.849853310478646372000000000000000000000e+91	
-1.808830962702120470000000000000000000000e+92	
-1.165607940024995216000000000000000000000e+91	
1.524204407782685361000000000000000000000e+92	
-8.696118859672997468000000000000000000000e+91	
7.715280850264088343000000000000000000000e+91	
-1.622288208723576273000000000000000000000e+92	
1.922634496812448736000000000000000000000e+90	
1.609261191175814936000000000000000000000e+92	
-7.845551025741701712000000000000000000000e+91	
9.169437476705973222000000000000000000000e+91	
-1.476872546079387786000000000000000000000e+92	
2.249708481984717600000000000000000000000e+91	
1.875304511276694283000000000000000000000e+92	
-5.185117824732908248000000000000000000000e+91	
1.132191887899285340000000000000000000000e+92	
-1.261624405850699767000000000000000000000e+92	
3.894490876755494992000000000000000000000e+91	
-2.004367206074435608000000000000000000000e+92	
-3.529240734435536058000000000000000000000e+91	
1.247034410570225583000000000000000000000e+92	
-1.146781883179759524000000000000000000000e+92	
5.342113838875107627000000000000000000000e+91	
-1.859604909862474345000000000000000000000e+92	
-1.782568937955973110000000000000000000000e+91	
1.451591590959475544000000000000000000000e+92	
-9.422247027905095631000000000000000000000e+91	
6.880039840705953801000000000000000000000e+91	
-1.705812309679389728000000000000000000000e+92	
-7.520360992656221069000000000000000000000e+90	
1.503930809833553766000000000000000000000e+92	
-8.898854839164313415000000000000000000000e+91	
8.348157948900632168000000000000000000000e+91	
-1.559000498859921891000000000000000000000e+92	
1.660337768802969481000000000000000000000e+91	
1.839546780068129378000000000000000000000e+92	
-5.542695136818557293000000000000000000000e+91	
1.119601961191339857000000000000000000000e+92	
-1.274214332558645250000000000000000000000e+92	
4.000154356001323659000000000000000000000e+91	
-1.993800858149852742000000000000000000000e+92	
-3.192129750164897691000000000000000000000e+91	
1.303878741104910112000000000000000000000e+92	
-1.089937552645074996000000000000000000000e+92	
5.420395283150419336000000000000000000000e+91	
-1.851776765434943174000000000000000000000e+92	
-2.194205417023819204000000000000000000000e+91	
1.361460532351219246000000000000000000000e+92	
-1.032355761398765861300000000000000000000e+92	
6.888424703426619874000000000000000000000e+91	
-1.704973823407323120000000000000000000000e+92	
1.655914862122136724000000000000000000000e+90	
1.686572590583161654000000000000000000000e+92	
-7.072437031668234541000000000000000000000e+91	
9.631299520990827920000000000000000000000e+91	
-1.430686341650902316000000000000000000000e+92	
2.400473476524415541000000000000000000000e+91	
1.859286788051619710000000000000000000000e+92	
-5.345295056983653976000000000000000000000e+91	
1.104848416518519769000000000000000000000e+92	
-1.288967877231465338000000000000000000000e+92	
3.507855045981826248000000000000000000000e+91	
1.939060055422178614000000000000000000000e+92	
-4.547562383278064931000000000000000000000e+91	
1.250021945729166254000000000000000000000e+92	
-1.143794348020818854000000000000000000000e+92	
5.613267480507139321000000000000000000000e+91	
-1.832489545699271176000000000000000000000e+92	
-1.270257082694130099000000000000000000000e+91	
1.526926596183173962000000000000000000000e+92	
-8.668896975668111456000000000000000000000e+91	
7.874308132991825786000000000000000000000e+91	
-1.606385480450802529000000000000000000000e+92	
4.830305358415686182000000000000000000000e+90	
1.651505323870545588000000000000000000000e+92	
-7.423109698794395194000000000000000000000e+91	
9.312745595854383047000000000000000000000e+91	
-1.462541734164546803000000000000000000000e+92	
2.114022308917084002000000000000000000000e+91	
1.833850349393231614000000000000000000000e+92	
-5.599659443567534940000000000000000000000e+91	
1.072658149561111502000000000000000000000e+92	
-1.321158144188873606000000000000000000000e+92	
3.118447705039819522000000000000000000000e+91	
1.893372213680671807000000000000000000000e+92	
-5.004440800693133006000000000000000000000e+91	
1.218669557783832035000000000000000000000e+92	
-1.175146735966153072000000000000000000000e+92	
5.443026796091650666000000000000000000000e+91	
-1.849513614140820041000000000000000000000e+92	
-1.297285879490575589000000000000000000000e+91	
1.538537778072292775000000000000000000000e+92	
-8.552785156776923330000000000000000000000e+91	
8.133489331108974708000000000000000000000e+91	
-1.580467360639087637000000000000000000000e+92	
8.852099121750955312000000000000000000000e+90	
1.706015962768022128000000000000000000000e+92	
-6.878003309819629795000000000000000000000e+91	
9.554747571583450347000000000000000000000e+91	
-1.438341536591640073000000000000000000000e+92	
2.053070716678103153000000000000000000000e+91	
1.797474910393211478000000000000000000000e+92	
-5.963413833567736290000000000000000000000e+91	
1.100391246272730542000000000000000000000e+92	
-1.293425047477254566000000000000000000000e+92	
4.036544981794156868000000000000000000000e+91	
2.049226683450057912000000000000000000000e+92	
-3.445896102999271954000000000000000000000e+91	
1.301354951898800569000000000000000000000e+92	
-1.092461341851184538000000000000000000000e+92	
5.538554119556579026000000000000000000000e+91	
-1.839960881794327205000000000000000000000e+92	
-1.932721216071134206000000000000000000000e+91	
1.401934356060619388000000000000000000000e+92	
-9.918819376893657192000000000000000000000e+91	
6.989555948010671268000000000000000000000e+91	
-1.694860698948917981000000000000000000000e+92	
-3.673316631856553081000000000000000000000e+89	
1.636009637638582736000000000000000000000e+92	
-7.578066561114023711000000000000000000000e+91	
8.822516059671971720000000000000000000000e+91	
-1.511564687782787936000000000000000000000e+92	
1.288686953253967082000000000000000000000e+91	
1.717822909013254068000000000000000000000e+92	
-6.759933847367310396000000000000000000000e+91	
1.027645227495292550100000000000000000000e+92	
-1.366171066254692558000000000000000000000e+92	
3.378110251199859848000000000000000000000e+91	
1.990282320934551692000000000000000000000e+92	
-4.035339728154334159000000000000000000000e+91	
1.249306266462708559000000000000000000000e+92	
-1.144510027287276548000000000000000000000e+92	
5.086989718431950077000000000000000000000e+91	
-1.885117321906790100000000000000000000000e+92	
-2.315397464438580328000000000000000000000e+91	
1.370552118158706285000000000000000000000e+92	
-1.023264175591278822400000000000000000000e+92	
6.530492783167515430000000000000000000000e+91	
-1.740767015433233564000000000000000000000e+92	
-6.409648353372214046000000000000000000000e+90	
1.561076844886794788000000000000000000000e+92	
-8.327394488631903196000000000000000000000e+91	
7.944870986057326279000000000000000000000e+91	
-1.599329195144252480000000000000000000000e+92	
2.827885928421405315000000000000000000000e+90	
1.604414127044240131000000000000000000000e+92	
-7.894021667057449770000000000000000000000e+91	
9.415084928158114885000000000000000000000e+91	
-1.452307800934173619000000000000000000000e+92	
2.789327653128582666000000000000000000000e+91	
1.958648970337151859000000000000000000000e+92	
-4.351673234128332486000000000000000000000e+91	
1.244904266163602915000000000000000000000e+92	
-1.148912027586382192000000000000000000000e+92	
5.315147696787827790000000000000000000000e+91	
-1.862301524071202328000000000000000000000e+92	
-1.815196958927041160000000000000000000000e+91	
1.447762882747416638000000000000000000000e+92	
-9.460534110025684695000000000000000000000e+91	
6.836096513767816616000000000000000000000e+91	
-1.710206642373203446000000000000000000000e+92	
-8.016328560909311809000000000000000000000e+90	
1.498406072515253102000000000000000000000e+92	
-8.954102212347320052000000000000000000000e+91	
8.304939234658649286000000000000000000000e+91	
-1.563322370284120179000000000000000000000e+92	
1.629141727226922602000000000000000000000e+91	
1.837628844847526929000000000000000000000e+92	
-5.561874489024581787000000000000000000000e+91	
1.118885096875917484000000000000000000000e+92	
-1.274931196874067623000000000000000000000e+92	
4.004990444556900520000000000000000000000e+91	
-1.993317249294295056000000000000000000000e+92	
-3.175294904266798492000000000000000000000e+91	
1.306761504289569288000000000000000000000e+92	
-1.087054789460415820000000000000000000000e+92	
5.423812690899286188000000000000000000000e+91	
-1.851435024660056489000000000000000000000e+92	
-2.216185587524772805000000000000000000000e+91	
1.356724021431589255000000000000000000000e+92	
-1.037092272318395852500000000000000000000e+92	
6.894826600932929068000000000000000000000e+91	
-1.704333633656692201000000000000000000000e+92	
2.257336323183140642000000000000000000000e+90	
1.697958155575133049000000000000000000000e+92	
-6.958581381748520584000000000000000000000e+91	
9.798841943247997670000000000000000000000e+91	
-1.413932099425185340000000000000000000000e+92	
2.621675952946276973000000000000000000000e+91	
1.886770370622675356000000000000000000000e+92	
-5.070459231273097516000000000000000000000e+91	
1.120948532214257186000000000000000000000e+92	
-1.272867761535727921000000000000000000000e+92	
3.555078186024336688000000000000000000000e+91	
-2.038308475147551439000000000000000000000e+92	
-4.095519598862976359000000000000000000000e+91	
1.167731197154649162000000000000000000000e+92	
-1.226085096595335946000000000000000000000e+92	
5.029859155811217471000000000000000000000e+91	
-1.890830378168863360000000000000000000000e+92	
-1.614285437338579645000000000000000000000e+91	
1.516449844555849682000000000000000000000e+92	
-8.773664491941354258000000000000000000000e+91	
8.008682382697511280000000000000000000000e+91	
-1.592948055480233980000000000000000000000e+92	
8.564275383923901450000000000000000000000e+90	
1.712735404019661512000000000000000000000e+92	
-6.810808897303235961000000000000000000000e+91	
9.463933340459985078000000000000000000000e+91	
-1.447422959703986600000000000000000000000e+92	
1.804326477713792846000000000000000000000e+91	
1.756815345379148373000000000000000000000e+92	
-6.370009483708367344000000000000000000000e+91	
1.093180780810073878000000000000000000000e+92	
-1.300635512939911230000000000000000000000e+92	
4.298764857315641492000000000000000000000e+91	
2.108864485764854503000000000000000000000e+92	
-2.849518079851306044000000000000000000000e+91	
1.394391939004409251000000000000000000000e+92	
-9.994243547455758570000000000000000000000e+91	
6.802749621564422658000000000000000000000e+91	
-1.713541331593542842000000000000000000000e+92	
-3.348662173470887850000000000000000000000e+90	
1.595069200449053103000000000000000000000e+92	
-7.987470933009320046000000000000000000000e+91	
8.301895743052765784000000000000000000000e+91	
-1.563626719444708529000000000000000000000e+92	
6.569060404947983041000000000000000000000e+90	
1.643534290227215177000000000000000000000e+92	
-7.502820035227699302000000000000000000000e+91	
9.769616638530694729000000000000000000000e+91	
-1.416854629896915635000000000000000000000e+92	
3.107207691479640874000000000000000000000e+91	
1.986773631005454873000000000000000000000e+92	
-4.070426627445302344000000000000000000000e+91	
1.269367406792689107000000000000000000000e+92	
-1.124448886957296000000000000000000000000e+92	
5.523182124889254797000000000000000000000e+91	
-1.841498081261059628000000000000000000000e+92	
-1.643741295880911911000000000000000000000e+91	
1.461252392953504897000000000000000000000e+92	
-9.325639007964802109000000000000000000000e+91	
6.938384826377946586000000000000000000000e+91	
-1.699977811112190449000000000000000000000e+92	
-7.319351055854852596000000000000000000000e+90	
1.502118413282353194000000000000000000000e+92	
-8.916978804676319136000000000000000000000e+91	
8.410925289450575494000000000000000000000e+91	
-1.552723764804927558000000000000000000000e+92	
1.803956158424232033000000000000000000000e+91	
1.861989700241785645000000000000000000000e+92	
-5.318265935081994630000000000000000000000e+91	
1.150121940883386876000000000000000000000e+92	
-1.243694352866598231000000000000000000000e+92	
4.386084551188985900000000000000000000000e+91	
-1.955207838631086518000000000000000000000e+92	
-2.725509333622054380000000000000000000000e+91	
1.358605789202986669000000000000000000000e+92	
-1.035210504546998438200000000000000000000e+92	
5.963257690565168382000000000000000000000e+91	
-1.797490524693468269000000000000000000000e+92	
-1.655748889419226767000000000000000000000e+91	
1.414865816397071934000000000000000000000e+92	
-9.789504773529131738000000000000000000000e+91	
7.431073717239545590000000000000000000000e+91	
-1.650708922026030548000000000000000000000e+92	
7.168323953416746430000000000000000000000e+90	
1.742555443436878937000000000000000000000e+92	
-6.512608503131061704000000000000000000000e+91	
1.019971139515487282900000000000000000000e+92	
-1.373845154234497825000000000000000000000e+92	
2.977464424661419718000000000000000000000e+91	
1.917843363309810366000000000000000000000e+92	
-4.759729304401747420000000000000000000000e+91	
1.161511996982539086000000000000000000000e+92	
-1.232304296767446022000000000000000000000e+92	
4.055570323504049323000000000000000000000e+91	
-1.988259261399580175000000000000000000000e+92	
-3.500217179095602807000000000000000000000e+91	
1.236737748958595247000000000000000000000e+92	
-1.157078544791389861000000000000000000000e+92	
5.518518056293883397000000000000000000000e+91	
-1.841964488120596768000000000000000000000e+92	
-1.326932920843620371000000000000000000000e+91	
1.525064476175182567000000000000000000000e+92	
-8.687518175748025404000000000000000000000e+91	
7.893722632417102624000000000000000000000e+91	
-1.604444030508274845000000000000000000000e+92	
5.404618056327649208000000000000000000000e+90	
1.661048235914372206000000000000000000000e+92	
-7.327680578356129011000000000000000000000e+91	
9.327659640938524698000000000000000000000e+91	
-1.461050329656132638000000000000000000000e+92	
2.048461348399852860000000000000000000000e+91	
1.819250757762504561000000000000000000000e+92	
-5.745655359874805470000000000000000000000e+91	
1.075094671448544706000000000000000000000e+92	
-1.318721622301440402000000000000000000000e+92	
3.313089275860624576000000000000000000000e+91	
1.929855531853274547000000000000000000000e+92	
-4.639607618967105604000000000000000000000e+91	
1.219098774353886806000000000000000000000e+92	
-1.174717519396098302000000000000000000000e+92	
5.086957375386640912000000000000000000000e+91	
-1.885120556211321016000000000000000000000e+92	
-2.013537546277543931000000000000000000000e+91	
1.430912311892571442000000000000000000000e+92	
-9.629039818574136658000000000000000000000e+91	
6.697410836165762578000000000000000000000e+91	
-1.724075210133408850000000000000000000000e+92	
-9.105133432129477362000000000000000000000e+90	
1.490497059542981334000000000000000000000e+92	
-9.033192342070037740000000000000000000000e+91	
8.162932705343400385000000000000000000000e+91	
-1.577523023215645069000000000000000000000e+92	
1.424250109779317205000000000000000000000e+91	
1.810854303877278776000000000000000000000e+92	
-5.829619898727063316000000000000000000000e+91	
1.085828304710434968000000000000000000000e+92	
-1.307987989039550139000000000000000000000e+92	
3.611631275685059952000000000000000000000e+91	
1.978820782867716795000000000000000000000e+92	
-4.149955108822683122000000000000000000000e+91	
1.227567593696903052000000000000000000000e+92	
-1.166248700053082056000000000000000000000e+92	
4.766882789764562850000000000000000000000e+91	
-1.917128014773528822000000000000000000000e+92	
-2.738173473588632295000000000000000000000e+91	
1.318012718703998047000000000000000000000e+92	
-1.075803575045987061000000000000000000000e+92	
6.222900800855806186000000000000000000000e+91	
-1.771526213664404489000000000000000000000e+92	
-7.308631984410850697000000000000000000000e+90	
1.573845536588811547000000000000000000000e+92	
-8.199707571611735604000000000000000000000e+91	
8.273327995354052424000000000000000000000e+91	
-1.566483494214579865000000000000000000000e+92	
8.119157776244119310000000000000000000000e+90	
1.677383876364456577000000000000000000000e+92	
-7.164324173855285307000000000000000000000e+91	
9.719481766334604870000000000000000000000e+91	
-1.421868117116524620000000000000000000000e+92	
2.668635494680225903000000000000000000000e+91	
1.904092010136359740000000000000000000000e+92	
-4.897242836136253681000000000000000000000e+91	
1.147880706385069373000000000000000000000e+92	
-1.245935587364915735000000000000000000000e+92	
3.920457445776495022000000000000000000000e+91	
-2.001770549172335605000000000000000000000e+92	
-3.634130625791314919000000000000000000000e+91	
1.223466287700399125000000000000000000000e+92	
-1.170350006049585982000000000000000000000e+92	
5.383446185067972824000000000000000000000e+91	
-1.855471675243187825000000000000000000000e+92	
-1.464360877581985659000000000000000000000e+91	
1.511086189204867949000000000000000000000e+92	
-8.827301045451171588000000000000000000000e+91	
7.751586021713306447000000000000000000000e+91	
-1.618657691578654463000000000000000000000e+92	
3.959726253091991109000000000000000000000e+90	
1.646364177999830881000000000000000000000e+92	
-7.474521157501542262000000000000000000000e+91	
9.185991549550856638000000000000000000000e+91	
-1.475217138794899444000000000000000000000e+92	
1.911963170589819545000000000000000000000e+91	
1.806117674049362263000000000000000000000e+92	
-5.876986197006228446000000000000000000000e+91	
1.060886117296503196000000000000000000000e+92	
-1.332930176453481912000000000000000000000e+92	
3.160254382220265264000000000000000000000e+91	
1.913497642237783759000000000000000000000e+92	
-4.803186515122013486000000000000000000000e+91	
1.205035888845835332000000000000000000000e+92	
-1.188780404904149776000000000000000000000e+92	
4.969267139886251262000000000000000000000e+91	
-1.896889579761359981000000000000000000000e+92	
-2.108300578007967370000000000000000000000e+91	
1.423727588083638507000000000000000000000e+92	
-9.700887056663466008000000000000000000000e+91	
6.648467987267096356000000000000000000000e+91	
-1.728969495023275472000000000000000000000e+92	
-9.365632016957456939000000000000000000000e+90	
1.490180233426088797000000000000000000000e+92	
-9.036360603238963104000000000000000000000e+91	
8.111361518304913458000000000000000000000e+91	
-1.582680141919493762000000000000000000000e+92	
1.324300085444294223000000000000000000000e+91	
1.796023825372614292000000000000000000000e+92	
-5.977924683773708160000000000000000000000e+91	
1.066164756594886072000000000000000000000e+92	
-1.327651537155099036000000000000000000000e+92	
3.366689151047331464000000000000000000000e+91	
1.949498310121358599000000000000000000000e+92	
-4.443179836286265090000000000000000000000e+91	
1.208499089195686299000000000000000000000e+92	
-1.185317204554298809000000000000000000000e+92	
4.678686396515392956000000000000000000000e+91	
-1.925947654098445812000000000000000000000e+92	
-2.723932220366889799000000000000000000000e+91	
1.329675510682423138000000000000000000000e+92	
-1.064140783067561970000000000000000000000e+92	
6.122767207079153928000000000000000000000e+91	
-1.781539573042069715000000000000000000000e+92	
-1.047650430573703647100000000000000000000e+91	
1.520512231691846396000000000000000000000e+92	
-8.733040620581387118000000000000000000000e+91	
7.537572741194328944000000000000000000000e+91	
-1.640059019630552213000000000000000000000e+92	
-1.261609427311293112000000000000000000000e+90	
1.563354126595291667000000000000000000000e+92	
-8.304621671546934406000000000000000000000e+91	
9.008530180084406973000000000000000000000e+91	
-1.492963275741544410000000000000000000000e+92	
2.386816148277177534000000000000000000000e+91	
1.918801942955084203000000000000000000000e+92	
-4.750143507949009047000000000000000000000e+91	
1.205461160765590879000000000000000000000e+92	
-1.188355132984394229000000000000000000000e+92	
4.924753852458995164000000000000000000000e+91	
-1.901340908504085591000000000000000000000e+92	
-2.201555602793448478000000000000000000000e+91	
1.409530337588123873000000000000000000000e+92	
-9.842859561618612343000000000000000000000e+91	
6.457802247258824522000000000000000000000e+91	
-1.748036069024102655000000000000000000000e+92	
-1.175897943706616639000000000000000000000e+91	
1.461382281123794057000000000000000000000e+92	
-9.324340126261910504000000000000000000000e+91	
7.926680812326941968000000000000000000000e+91	
-1.601148212517290911000000000000000000000e+92	
1.242866788026115930000000000000000000000e+91	
1.798200098196691538000000000000000000000e+92	
-5.956161955532935695000000000000000000000e+91	
1.078655496251935044000000000000000000000e+92	
-1.315160797498050064000000000000000000000e+92	
3.594689884177188325000000000000000000000e+91	
1.982602586467863218000000000000000000000e+92	
-4.112137072821218895000000000000000000000e+91	
1.219759659446417006000000000000000000000e+92	
-1.174056634303568101000000000000000000000e+92	
4.572963747135729468000000000000000000000e+91	
-1.936519919036412161000000000000000000000e+92	
-3.047874566663754704000000000000000000000e+91	
1.275470166450587091000000000000000000000e+92	
-1.118346127299398016000000000000000000000e+92	
6.042869862336444801000000000000000000000e+91	
-1.789529307516340628000000000000000000000e+92	
-6.656216779050881563000000000000000000000e+90	
1.604884728129772447000000000000000000000e+92	
-7.889315656202126608000000000000000000000e+91	
8.828748302202928944000000000000000000000e+91	
-1.510941463529692213000000000000000000000e+92	
1.612242533195382655000000000000000000000e+91	
1.781895008590740688000000000000000000000e+92	
-6.119212851592444196000000000000000000000e+91	
1.024532962639729693000000000000000000000e+92	
-1.369283331110255415000000000000000000000e+92	
2.675478313198183110000000000000000000000e+91	
1.852901617038461786000000000000000000000e+92	
-5.409146767115233216000000000000000000000e+91	
1.170158702187511589000000000000000000000e+92	
-1.223657591562473518000000000000000000000e+92	
4.877555664359536818000000000000000000000e+91	
-1.906060727314031426000000000000000000000e+92	
-1.943079593132968510000000000000000000000e+91	
1.465930145912524200000000000000000000000e+92	
-9.278861478374609075000000000000000000000e+91	
7.327170355617229861000000000000000000000e+91	
-1.661099258188262122000000000000000000000e+92	
-1.311783033318310349000000000000000000000e+88	
1.609347512705857937000000000000000000000e+92	
-7.844687810441271708000000000000000000000e+91	
8.758954977300760172000000000000000000000e+91	
-1.517920796019909090000000000000000000000e+92	
1.428084981351568242000000000000000000000e+91	
1.752048522250428209000000000000000000000e+92	
-6.417677714995568985000000000000000000000e+91	
1.018909018238971775100000000000000000000e+92	
-1.374907275511013332000000000000000000000e+92	
2.861343740817638716000000000000000000000e+91	
1.895686598185532414000000000000000000000e+92	
-4.981296955644526936000000000000000000000e+91	
1.161692954448262774000000000000000000000e+92	
-1.232123339301722333000000000000000000000e+92	
4.280645956429985519000000000000000000000e+91	
-1.965751698106986556000000000000000000000e+92	
-3.051986600207738913000000000000000000000e+91	
1.303865195742597388000000000000000000000e+92	
-1.089951098007387719000000000000000000000e+92	
5.717026622734458958000000000000000000000e+91	
-1.822113631476539212000000000000000000000e+92	
-1.600954975481444666000000000000000000000e+91	
1.450432724926523788000000000000000000000e+92	
-9.433835688234613194000000000000000000000e+91	
7.149746339621343216000000000000000000000e+91	
-1.678841659787850786000000000000000000000e+92	
-2.011744326215938656000000000000000000000e+90	
1.587118501086119108000000000000000000000e+92	
-8.066977926638659994000000000000000000000e+91	
8.584411031453967901000000000000000000000e+91	
-1.535375190604588318000000000000000000000e+92	
1.301263444128367022000000000000000000000e+91	
1.744136234400310197000000000000000000000e+92	
-6.496800593496749104000000000000000000000e+91	
1.000916501467947416200000000000000000000e+92	
-1.392899792282037691000000000000000000000e+92	
2.580666449942238874000000000000000000000e+91	
1.857548670889265895000000000000000000000e+92	
-5.362676228607192122000000000000000000000e+91	
1.144910470767905463000000000000000000000e+92	
-1.248905822982079645000000000000000000000e+92	
4.326269276639411552000000000000000000000e+91	
-1.961189366086043952000000000000000000000e+92	
-2.793021349239699288000000000000000000000e+91	
1.351085296576360622000000000000000000000e+92	
-1.042730997173624486100000000000000000000e+92	
5.880363682163482422000000000000000000000e+91	
-1.805779925533636866000000000000000000000e+92	
-1.746328153348483793000000000000000000000e+91	
1.405039746921737396000000000000000000000e+92	
-9.887765468282477113000000000000000000000e+91	
7.349195968091848798000000000000000000000e+91	
-1.658896696940800228000000000000000000000e+92	
6.513294385366891944000000000000000000000e+90	
1.737641812070119337000000000000000000000e+92	
-6.561744816798657709000000000000000000000e+91	
1.016693357947494203000000000000000000000e+92	
-1.377122935802490905000000000000000000000e+92	
2.961036965873004082000000000000000000000e+91	
1.917834839415661834000000000000000000000e+92	
-4.759814543343232733000000000000000000000e+91	
1.158046203805810129000000000000000000000e+92	
-1.235770089944174979000000000000000000000e+92	
3.986356904623645342000000000000000000000e+91	
-1.995180603287620573000000000000000000000e+92	
-3.603968887939160830000000000000000000000e+91	
1.222910467937073245000000000000000000000e+92	
-1.170905825812911862000000000000000000000e+92	
5.453462844636732515000000000000000000000e+91	
-1.848470009286311856000000000000000000000e+92	
-1.318806971976929041000000000000000000000e+91	
1.533191545124217217000000000000000000000e+92	
-8.606247486257678904000000000000000000000e+91	
8.048101660755916668000000000000000000000e+91	
-1.589006127674393441000000000000000000000e+92	
7.679127891608554604000000000000000000000e+90	
1.691096893230886574000000000000000000000e+92	
-7.027194005190985332000000000000000000000e+91	
9.473230522198875065000000000000000000000e+91	
-1.446493241530097601000000000000000000000e+92	
2.039193634292236683000000000000000000000e+91	
1.802847832631783113000000000000000000000e+92	
-5.909684611182019948000000000000000000000e+91	
1.091454462335227719000000000000000000000e+92	
-1.302361831414757389000000000000000000000e+92	
3.804151295444669370000000000000000000000e+91	
2.011691848052162238000000000000000000000e+92	
-3.821244456978228698000000000000000000000e+91	
1.249531764130090956000000000000000000000e+92	
-1.144284529619894152000000000000000000000e+92	
4.877509826676636746000000000000000000000e+91	
-1.906065311082321433000000000000000000000e+92	
-2.736506851017039539000000000000000000000e+91	
1.307288762135041331000000000000000000000e+92	
-1.086527531614943777000000000000000000000e+92	
6.346202474507691020000000000000000000000e+91	
-1.759196046299216006000000000000000000000e+92	
-3.771350183771895620000000000000000000000e+90	
1.632249537653345431000000000000000000000e+92	
-7.615667560966396762000000000000000000000e+91	
9.087565217820725861000000000000000000000e+91	
-1.485059771967912522000000000000000000000e+92	
1.856235650194363132000000000000000000000e+91	
1.804812678161340628000000000000000000000e+92	
-5.890036155886444802000000000000000000000e+91	
1.050554222971589893900000000000000000000e+92	
-1.343262070778395214000000000000000000000e+92	
2.966711378560479018000000000000000000000e+91	
1.885125425990846127000000000000000000000e+92	
-5.086908677591389810000000000000000000000e+91	
1.195779791826948950000000000000000000000e+92	
-1.198036501923036157000000000000000000000e+92	
5.067772227226099010000000000000000000000e+91	
-1.887039071027375206000000000000000000000e+92	
-1.818824520545719803000000000000000000000e+91	
1.471762786833664332000000000000000000000e+92	
-9.220535069163207760000000000000000000000e+91	
7.319600912019366908000000000000000000000e+91	
-1.661856202548048417000000000000000000000e+92	
-7.474428520261967073000000000000000000000e+89	
1.595421234423502523000000000000000000000e+92	
-7.983950593264825848000000000000000000000e+91	
8.759147309071475808000000000000000000000e+91	
-1.517901562842837527000000000000000000000e+92	
1.567663025409752167000000000000000000000e+91	
1.779937961108241643000000000000000000000e+92	
-6.138783326417434648000000000000000000000e+91	
1.017287764082611474500000000000000000000e+92	
-1.376528529667373633000000000000000000000e+92	
2.550171134300889643000000000000000000000e+91	
1.835088010248395772000000000000000000000e+92	
-5.587282835015893360000000000000000000000e+91	
1.163545336706063097000000000000000000000e+92	
-1.230270957043922010000000000000000000000e+92	
4.923368682647372703000000000000000000000e+91	
-1.901479425485247837000000000000000000000e+92	
-1.785375613986670952000000000000000000000e+91	
1.492884071461232628000000000000000000000e+92	
-9.009322222887524796000000000000000000000e+91	
7.708489230639807681000000000000000000000e+91	
-1.622967370686004340000000000000000000000e+92	
4.917310824180594796000000000000000000000e+90	
1.669818638151686944000000000000000000000e+92	
-7.239976555982981637000000000000000000000e+91	
9.126610682568248076000000000000000000000e+91	
-1.481155225493160300000000000000000000000e+92	
1.558803112319326938000000000000000000000e+91	
1.741438369535108964000000000000000000000e+92	
-6.523779242148761432000000000000000000000e+91	
1.058413589353770843000000000000000000000e+92	
-1.335402704396214264000000000000000000000e+92	
3.757287285470969413000000000000000000000e+91	
2.035345807933886201000000000000000000000e+92	
-3.584704858160989065000000000000000000000e+91	
1.301511980808557376000000000000000000000e+92	
-1.092304312941427731000000000000000000000e+92	
5.680433590796675758000000000000000000000e+91	
-1.825772934670317532000000000000000000000e+92	
-1.650602390037150505000000000000000000000e+91	
1.444163194883624993000000000000000000000e+92	
-9.496530988663601146000000000000000000000e+91	
7.114739044674791684000000000000000000000e+91	
-1.682342389282505939000000000000000000000e+92	
-2.085075015118475287000000000000000000000e+90	
1.589151239545866901000000000000000000000e+92	
-8.046650542041182070000000000000000000000e+91	
8.546193895076629606000000000000000000000e+91	
-1.539196904242322147000000000000000000000e+92	
1.204530922493587612000000000000000000000e+91	
1.728614355832836008000000000000000000000e+92	
-6.652019379171491000000000000000000000000e+91	
9.977886211400637407000000000000000000000e+91	
-1.396027672609921367000000000000000000000e+92	
2.673265948132739334000000000000000000000e+91	
1.879190285832253314000000000000000000000e+92	
-5.146260079177317932000000000000000000000e+91	
1.140328856463432825000000000000000000000e+92	
-1.253487437286552283000000000000000000000e+92	
4.018351345663205772000000000000000000000e+91	
-1.991981159183664530000000000000000000000e+92	
-3.362910628552167734000000000000000000000e+91	
1.267912271279452524000000000000000000000e+92	
-1.125904022470532584000000000000000000000e+92	
5.460808963105691832000000000000000000000e+91	
-1.847735397439415924000000000000000000000e+92	
-1.753912464946916775000000000000000000000e+91	
1.445457854071117568000000000000000000000e+92	
-9.483584396788675395000000000000000000000e+91	
6.881721214802590594000000000000000000000e+91	
-1.705644172269726048000000000000000000000e+92	
-6.873673445819494949000000000000000000000e+90	
1.516693288682112107000000000000000000000e+92	
-8.771230050678730004000000000000000000000e+91	
8.342423931332405878000000000000000000000e+91	
-1.559573900616744520000000000000000000000e+92	
1.521311313551857294000000000000000000000e+91	
1.812321524308881842000000000000000000000e+92	
-5.814947694411032653000000000000000000000e+91	
1.079060725430812995000000000000000000000e+92	
-1.314755568319172113000000000000000000000e+92	
3.461648467715301083000000000000000000000e+91	
1.955595896707720578000000000000000000000e+92	
-4.382203970422645299000000000000000000000e+91	
1.221777828559451634000000000000000000000e+92	
-1.172038465190533473000000000000000000000e+92	
4.883249579648877444000000000000000000000e+91	
-1.905491335785097363000000000000000000000e+92	
-2.447628968229995900000000000000000000000e+91	
1.364476272524905583000000000000000000000e+92	
-1.029340021225079524600000000000000000000e+92	
6.318611333405941858000000000000000000000e+91	
-1.761955160409390922000000000000000000000e+92	
-1.003894069489086946200000000000000000000e+91	
1.509686660192996107000000000000000000000e+92	
-8.841296335569890007000000000000000000000e+91	
7.751052361331272068000000000000000000000e+91	
-1.618711057616857901000000000000000000000e+92	
4.088938952454804385000000000000000000000e+90	
1.649001128416861441000000000000000000000e+92	
-7.448151653331236668000000000000000000000e+91	
9.183875068064374105000000000000000000000e+91	
-1.475428786943547697000000000000000000000e+92	
1.881374880001651873000000000000000000000e+91	
1.800213081030365502000000000000000000000e+92	
-5.936032127196196054000000000000000000000e+91	
1.061009845553288107000000000000000000000e+92	
-1.332806448196697001000000000000000000000e+92	
3.221744876537802071000000000000000000000e+91	
1.925669014236746612000000000000000000000e+92	
-4.681472795132384960000000000000000000000e+91	
1.204450316852407258000000000000000000000e+92	
-1.189365976897577849000000000000000000000e+92	
4.835905467218428406000000000000000000000e+91	
-1.910225747028142267000000000000000000000e+92	
-2.369104747814486790000000000000000000000e+91	
1.384909263790620894000000000000000000000e+92	
-1.008907029959364214100000000000000000000e+92	
6.256517330557868618000000000000000000000e+91	
-1.768164560694198246000000000000000000000e+92	
-1.332279397263853933000000000000000000000e+91	
1.450232247382098005000000000000000000000e+92	
-9.435840463678871027000000000000000000000e+91	
7.720382496074435566000000000000000000000e+91	
-1.621778044142541551000000000000000000000e+92	
9.418176708306036973000000000000000000000e+90	
1.758624821824203307000000000000000000000e+92	
-6.351914719257818006000000000000000000000e+91	
1.029614568321149845600000000000000000000e+92	
-1.364201725428835262000000000000000000000e+92	
3.009671196777218035000000000000000000000e+91	
1.914644485323351776000000000000000000000e+92	
-4.791718084266333310000000000000000000000e+91	
1.171898331629130993000000000000000000000e+92	
-1.221917962120854115000000000000000000000e+92	
4.295218187084572220000000000000000000000e+91	
-1.964294475041527886000000000000000000000e+92	
-3.124852373969451143000000000000000000000e+91	
1.287839169431893170000000000000000000000e+92	
-1.105977124318091937000000000000000000000e+92	
5.741869978834785056000000000000000000000e+91	
-1.819629295866506602000000000000000000000e+92	
-1.391100120267067677000000000000000000000e+91	
1.489910152934554262000000000000000000000e+92	
-9.039061408154308451000000000000000000000e+91	
7.254946384798725632000000000000000000000e+91	
-1.668321655270112544000000000000000000000e+92	
-3.854045106022859017000000000000000000000e+90	
1.539766884974751375000000000000000000000e+92	
-8.540494087752337326000000000000000000000e+91	
8.723532911289088916000000000000000000000e+91	
-1.521463002621076216000000000000000000000e+92	
2.052718474744580384000000000000000000000e+91	
1.880484578696669884000000000000000000000e+92	
-5.133317150533152232000000000000000000000e+91	
1.162238641954509688000000000000000000000e+92	
-1.231577651795475420000000000000000000000e+92	
4.443501530191592024000000000000000000000e+91	
-1.949466140730825905000000000000000000000e+92	
-2.731810659996112149000000000000000000000e+91	
1.351606997082193121000000000000000000000e+92	
-1.042209296667791986300000000000000000000e+92	
5.861147238033474920000000000000000000000e+91	
