1.484027882688785020000000000000000000000e+92	
-9.097884110612000873000000000000000000000e+91	
8.184855965916853778000000000000000000000e+91	
-1.575330697158299730000000000000000000000e+92	
1.532745293965451725000000000000000000000e+91	
1.830356706252107784000000000000000000000e+92	
-5.634595874978773235000000000000000000000e+91	
1.113979284780581224000000000000000000000e+92	
-1.279837008969403883000000000000000000000e+92	
3.979583812161578370000000000000000000000e+91	
-1.995857912533827271000000000000000000000e+92	
-3.177061818686104094000000000000000000000e+91	
1.308947608172822066000000000000000000000e+92	
-1.084868685577163041000000000000000000000e+92	
5.421668964666869857000000000000000000000e+91	
-1.851649397283298122000000000000000000000e+92	
-2.242322132425801146000000000000000000000e+91	
1.351712279119725396000000000000000000000e+92	
-1.042104014630259712100000000000000000000e+92	
6.895509533157737354000000000000000000000e+91	
-1.704265340434211372000000000000000000000e+92	
2.771916381903219743000000000000000000000e+90	
1.708178936615617524000000000000000000000e+92	
-6.856373571343675838000000000000000000000e+91	
9.951774301646936580000000000000000000000e+91	
-1.398638863585291450000000000000000000000e+92	
2.825307615369931820000000000000000000000e+91	
1.912200944126886069000000000000000000000e+92	
-4.816153496230990386000000000000000000000e+91	
1.148435123808055003000000000000000000000e+92	
-1.245381169941930104000000000000000000000e+92	
3.850494050720153705000000000000000000000e+91	
-2.008766888677969737000000000000000000000e+92	
-3.779564012455155294000000000000000000000e+91	
1.201379705771015796000000000000000000000e+92	
-1.192436587978969312000000000000000000000e+92	
5.322459351278664028000000000000000000000e+91	
-1.861570358622118705000000000000000000000e+92	
-1.365548292474524463000000000000000000000e+91	
1.536939436904287799000000000000000000000e+92	
-8.568768568456973090000000000000000000000e+91	
8.169758903162235140000000000000000000000e+91	
-1.576840403433761594000000000000000000000e+92	
9.737064633391860261000000000000000000000e+90	
1.720085716627432378000000000000000000000e+92	
-6.737305771225527300000000000000000000000e+91	
9.584821532887530600000000000000000000000e+91	
-1.435334140461232048000000000000000000000e+92	
1.972576154473964616000000000000000000000e+91	
1.778374104460307702000000000000000000000e+92	
-6.154421892896774052000000000000000000000e+91	
1.104695893093786705000000000000000000000e+92	
-1.289120400656198402000000000000000000000e+92	
4.313529496164796696000000000000000000000e+91	
-1.962463344133505438000000000000000000000e+92	
-2.416548928236133175000000000000000000000e+91	
1.427634388990236956000000000000000000000e+92	
-9.661819047597481511000000000000000000000e+91	
7.034679507491871473000000000000000000000e+91	
-1.690348343000797960000000000000000000000e+92	
-2.033809324266097264000000000000000000000e+90	
1.598178267643807949000000000000000000000e+92	
-7.956380261061771582000000000000000000000e+91	
8.456216558670571918000000000000000000000e+91	
-1.548194637882927916000000000000000000000e+92	
9.343956721200975159000000000000000000000e+90	
1.683594005276298257000000000000000000000e+92	
-7.102222884736868504000000000000000000000e+91	
9.909233374755954050000000000000000000000e+91	
-1.402892956274389702000000000000000000000e+92	
2.985973894963090587000000000000000000000e+91	
1.948578179768210854000000000000000000000e+92	
-4.452381139817742538000000000000000000000e+91	
1.205112859197881134000000000000000000000e+92	
-1.188703434552103974000000000000000000000e+92	
4.620175373072269114000000000000000000000e+91	
-1.931798756442758196000000000000000000000e+92	
-2.807079700401460195000000000000000000000e+91	
1.318898343096702348000000000000000000000e+92	
-1.074917950653282760000000000000000000000e+92	
6.067234592257930092000000000000000000000e+91	
-1.787092834524192098000000000000000000000e+92	
-1.050969982052546510700000000000000000000e+91	
1.525398984402660465000000000000000000000e+92	
-8.684173093473246427000000000000000000000e+91	
7.624585531278522954000000000000000000000e+91	
-1.631357740622132812000000000000000000000e+92	
-1.021873336361542280700000000000000000000e+88	
1.579678764044034494000000000000000000000e+92	
-8.141375297059506137000000000000000000000e+91	
9.090938485946877715000000000000000000000e+91	
-1.484722445155297336000000000000000000000e+92	
2.388426616010761840000000000000000000000e+91	
1.910887226963019479000000000000000000000e+92	
-4.829290667869656286000000000000000000000e+91	
1.189474701054422971000000000000000000000e+92	
-1.204341592695562136000000000000000000000e+92	
4.684211988617986898000000000000000000000e+91	
-1.925395094888186418000000000000000000000e+92	
-2.522734582893625132000000000000000000000e+91	
1.369352741001045920000000000000000000000e+92	
-1.024463552748939187900000000000000000000e+92	
6.105256271573571246000000000000000000000e+91	
-1.783290666592627983000000000000000000000e+92	
-1.479238429382567659000000000000000000000e+91	
1.435966332758801822000000000000000000000e+92	
-9.578499609911832852000000000000000000000e+91	
7.568819064493327356000000000000000000000e+91	
-1.636934387300652372000000000000000000000e+92	
7.813543852766031704000000000000000000000e+90	
1.741688950788503842000000000000000000000e+92	
-6.521273429614812650000000000000000000000e+91	
1.011789597501716073300000000000000000000e+92	
-1.382026696248269034000000000000000000000e+92	
2.822534915508023772000000000000000000000e+91	
1.895042642144989192000000000000000000000e+92	
-4.987736516049959158000000000000000000000e+91	
1.154201981941388744000000000000000000000e+92	
-1.239614311808596363000000000000000000000e+92	
4.137300142087633703000000000000000000000e+91	
-1.980086279541221737000000000000000000000e+92	
-3.263734445392229011000000000000000000000e+91	
1.275853612288103666000000000000000000000e+92	
-1.117962681461881441000000000000000000000e+92	
5.581924465824395578000000000000000000000e+91	
-1.835623847167545550000000000000000000000e+92	
-1.591115623380749622000000000000000000000e+91	
1.465903597766857537000000000000000000000e+92	
-9.279126959831275703000000000000000000000e+91	
6.997767850388791241000000000000000000000e+91	
-1.694039508711105984000000000000000000000e+92	
-6.596875111663474312000000000000000000000e+90	
1.510628989536973461000000000000000000000e+92	
-8.831873042130116468000000000000000000000e+91	
8.468714188564297361000000000000000000000e+91	
-1.546944874893555372000000000000000000000e+92	
1.834441788826204983000000000000000000000e+91	
1.862309295206315006000000000000000000000e+92	
-5.315069985436701010000000000000000000000e+91	
1.147713925891527147000000000000000000000e+92	
-1.246102367858457960000000000000000000000e+92	
4.334741876140362910000000000000000000000e+91	
-1.960342106135948817000000000000000000000e+92	
-2.804100966122397288000000000000000000000e+91	
1.348023086300391976000000000000000000000e+92	
-1.045793207449593131800000000000000000000e+92	
5.830208819190895599000000000000000000000e+91	
-1.810795411830895548000000000000000000000e+92	
-1.816006055710026955000000000000000000000e+91	
1.396120624345307710000000000000000000000e+92	
-9.976956694046773971000000000000000000000e+91	
7.301406437857910290000000000000000000000e+91	
-1.663675649964194078000000000000000000000e+92	
6.449209995463191464000000000000000000000e+90	
1.741137017892169193000000000000000000000e+92	
-6.526792758578159144000000000000000000000e+91	
1.024322555112259008000000000000000000000e+92	
-1.369493738637726100000000000000000000000e+92	
3.078648277407971250000000000000000000000e+91	
1.933725848227786238000000000000000000000e+92	
-4.600904455221988694000000000000000000000e+91	
1.166152761503012448000000000000000000000e+92	
-1.227663532246972660000000000000000000000e+92	
3.989616711145632236000000000000000000000e+91	
-1.994854622635421884000000000000000000000e+92	
-3.678476130448004868000000000000000000000e+91	
1.207686908997985677000000000000000000000e+92	
-1.186129384751999430000000000000000000000e+92	
5.465870832721606472000000000000000000000e+91	
-1.847229210477824460000000000000000000000e+92	
-1.141837344207617147000000000000000000000e+91	
1.567336482168240114000000000000000000000e+92	
-8.264798115817449934000000000000000000000e+91	
8.553948917611048816000000000000000000000e+91	
-1.538421401988880226000000000000000000000e+92	
1.438076116912085494000000000000000000000e+91	
1.774536655615432757000000000000000000000e+92	
-6.192796381345523503000000000000000000000e+91	
1.011829169669843327100000000000000000000e+92	
-1.381987124080141780000000000000000000000e+92	
2.495012586082067787000000000000000000000e+91	
1.829514923514056188000000000000000000000e+92	
-5.643013702359289198000000000000000000000e+91	
1.158100841120269346000000000000000000000e+92	
-1.235715452629715761000000000000000000000e+92	
4.870208998318275058000000000000000000000e+91	
-1.906795393918157602000000000000000000000e+92	
-1.837250666425063950000000000000000000000e+91	
1.487824965474483254000000000000000000000e+92	
-9.059913282755018540000000000000000000000e+91	
7.659181524341584192000000000000000000000e+91	
-1.627898141315826688000000000000000000000e+92	
4.437060910054799578000000000000000000000e+90	
1.665144346662415688000000000000000000000e+92	
-7.286719470875694194000000000000000000000e+91	
9.077218491378414916000000000000000000000e+91	
-1.486094444612143616000000000000000000000e+92	
1.506762963291630004000000000000000000000e+91	
1.735969690628863252000000000000000000000e+92	
-6.578466031211218554000000000000000000000e+91	
1.053512194096747389800000000000000000000e+92	
-1.340304099653237718000000000000000000000e+92	
3.713943346205444460000000000000000000000e+91	
2.031578133159554036000000000000000000000e+92	
-3.622381605904310714000000000000000000000e+91	
1.298310743148625245000000000000000000000e+92	
-1.095505550601359863000000000000000000000e+92	
5.654082766366771922000000000000000000000e+91	
-1.828408017113307915000000000000000000000e+92	
-1.671294479869308806000000000000000000000e+91	
1.442659577743237268000000000000000000000e+92	
-9.511567160067478396000000000000000000000e+91	
7.087757759534592522000000000000000000000e+91	
-1.685040517796525855000000000000000000000e+92	
-2.474279556910329154000000000000000000000e+90	
1.584065871397935099000000000000000000000e+92	
-8.097504223520500087000000000000000000000e+91	
8.520654135623869840000000000000000000000e+91	
-1.541750880187598124000000000000000000000e+92	
1.204292487145914216000000000000000000000e+91	
1.731119385543387542000000000000000000000e+92	
-6.626969082065975656000000000000000000000e+91	
9.949403117713649390000000000000000000000e+91	
-1.398875981978620169000000000000000000000e+92	
2.591276105492972039000000000000000000000e+91	
1.865643289531092300000000000000000000000e+92	
-5.281730042188928072000000000000000000000e+91	
1.138114120228593516000000000000000000000e+92	
-1.255702173521391591000000000000000000000e+92	
4.109470186979457076000000000000000000000e+91	
2.026103994735406177000000000000000000000e+92	
-3.677122990145789309000000000000000000000e+91	
1.280077370250838171000000000000000000000e+92	
-1.113738923499146937000000000000000000000e+92	
5.344220191241854720000000000000000000000e+91	
-1.859394274625799636000000000000000000000e+92	
-2.108622434153110614000000000000000000000e+91	
1.386186587939236861000000000000000000000e+92	
-1.007629705810748246800000000000000000000e+92	
6.793314649949294898000000000000000000000e+91	
-1.714484828755055618000000000000000000000e+92	
-2.717187898272687917000000000000000000000e+90	
1.608638570922931429000000000000000000000e+92	
-7.851777228270536788000000000000000000000e+91	
8.510099621071238093000000000000000000000e+91	
-1.542806331642861298000000000000000000000e+92	
9.375840058214536816000000000000000000000e+90	
1.678845888689430174000000000000000000000e+92	
-7.149704050605549336000000000000000000000e+91	
9.969010162816305242000000000000000000000e+91	
-1.396915277468354583000000000000000000000e+92	
3.152955258132721834000000000000000000000e+91	
1.975991438370617898000000000000000000000e+92	
-4.178248553793672092000000000000000000000e+91	
1.243235907515417935000000000000000000000e+92	
-1.150580386234567172000000000000000000000e+92	
5.108450454234268858000000000000000000000e+91	
-1.882971248326558222000000000000000000000e+92	
-2.211813293892213307000000000000000000000e+91	
1.389118791669619942000000000000000000000e+92	
-1.004697502080365165000000000000000000000e+92	
6.542259294446322762000000000000000000000e+91	
-1.739590364305352831000000000000000000000e+92	
-8.030120033634880615000000000000000000000e+90	
1.527499410299144328000000000000000000000e+92	
-8.663168834508407793000000000000000000000e+91	
7.977078150676203754000000000000000000000e+91	
-1.596108478682364732000000000000000000000e+92	
6.827941354426689700000000000000000000000e+90	
1.681176214964998960000000000000000000000e+92	
-7.126400787849861477000000000000000000000e+91	
9.403961660565403516000000000000000000000e+91	
-1.453420127693444756000000000000000000000e+92	
1.999847794547723498000000000000000000000e+91	
1.801904061674065467000000000000000000000e+92	
-5.919122320759196404000000000000000000000e+91	
1.084184744875154545000000000000000000000e+92	
-1.309631548874830563000000000000000000000e+92	
3.668226138013147053000000000000000000000e+91	
1.991779680678440581000000000000000000000e+92	
-4.020366130715445262000000000000000000000e+91	
1.225066738133226376000000000000000000000e+92	
-1.168749555616758731000000000000000000000e+92	
4.587353638583577194000000000000000000000e+91	
-1.935080929891627388000000000000000000000e+92	
-3.072146320403704452000000000000000000000e+91	
1.269178750623034289000000000000000000000e+92	
-1.124637543126950818000000000000000000000e+92	
6.061790527037987677000000000000000000000e+91	
-1.787637241046186340000000000000000000000e+92	
-5.649069167750018026000000000000000000000e+90	
1.623131543257612050000000000000000000000e+92	
-7.706847504923730576000000000000000000000e+91	
9.092929157607603192000000000000000000000e+91	
-1.484523377989224788000000000000000000000e+92	
1.958095426952420501000000000000000000000e+91	
1.824643437248093374000000000000000000000e+92	
-5.691728565018917330000000000000000000000e+91	
1.060041745085769086000000000000000000000e+92	
-1.333774548664216022000000000000000000000e+92	
2.958205704926577058000000000000000000000e+91	
1.873941914083148503000000000000000000000e+92	
-5.198743796668366044000000000000000000000e+91	
1.206471234798586881000000000000000000000e+92	
-1.187345058951398227000000000000000000000e+92	
5.393327341149961404000000000000000000000e+91	
-1.854483559634988967000000000000000000000e+92	
-1.274737532821854806000000000000000000000e+91	
1.548013797360445730000000000000000000000e+92	
-8.458024963895393772000000000000000000000e+91	
8.300425432699549648000000000000000000000e+91	
-1.563773750480030143000000000000000000000e+92	
1.124286002855891716000000000000000000000e+91	
1.737133980570844362000000000000000000000e+92	
-6.566823131791407452000000000000000000000e+91	
9.712968280784920061000000000000000000000e+91	
-1.422519465671493102000000000000000000000e+92	
2.058408080040599025000000000000000000000e+91	
1.782727920655946013000000000000000000000e+92	
-6.110883730940390947000000000000000000000e+91	
1.117991302634618302000000000000000000000e+92	
-1.275824991115366806000000000000000000000e+92	
4.535855025602677445000000000000000000000e+91	
-1.940230791189717363000000000000000000000e+92	
-2.104896442045138366000000000000000000000e+91	
1.467727887770494191000000000000000000000e+92	
-9.260884059794909165000000000000000000000e+91	
7.524852563888364048000000000000000000000e+91	
-1.641331037361148703000000000000000000000e+92	
3.759857816590247368000000000000000000000e+90	
1.665029865940995912000000000000000000000e+92	
-7.287864278089891958000000000000000000000e+91	
8.990262650330088192000000000000000000000e+91	
-1.494790028716976288000000000000000000000e+92	
1.334038793789424506000000000000000000000e+91	
1.710124709245971047000000000000000000000e+92	
-6.836915845040140610000000000000000000000e+91	
1.045837760592125074000000000000000000000e+92	
-1.347978533157860034000000000000000000000e+92	
3.818814060993345624000000000000000000000e+91	
2.060217671227256230000000000000000000000e+92	
-3.335986225227288773000000000000000000000e+91	
1.345093713908856556000000000000000000000e+92	
-1.048722579841128551100000000000000000000e+92	
6.303256506889323480000000000000000000000e+91	
-1.763490643061052760000000000000000000000e+92	
-8.408669554951599292000000000000000000000e+90	
1.543818688150352703000000000000000000000e+92	
-8.499976055996324049000000000000000000000e+91	
7.782889472249105833000000000000000000000e+91	
-1.615527346525074524000000000000000000000e+92	
1.314018572857931906000000000000000000000e+90	
1.590334404045895381000000000000000000000e+92	
-8.034818897040897269000000000000000000000e+91	
9.252074888059649648000000000000000000000e+91	
-1.468608804944020143000000000000000000000e+92	
2.604115857513329909000000000000000000000e+91	
1.937908720133618900000000000000000000000e+92	
-4.559075736163662082000000000000000000000e+91	
1.221946049677855235000000000000000000000e+92	
-1.171870244072129872000000000000000000000e+92	
5.063396907210093745000000000000000000000e+91	
-1.887476603028975733000000000000000000000e+92	
-2.089105340616449470000000000000000000000e+91	
1.418157388079109540000000000000000000000e+92	
-9.756589056708755681000000000000000000000e+91	
6.517906023721250055000000000000000000000e+91	
-1.742025691377860102000000000000000000000e+92	
-1.141947873355932220000000000000000000000e+91	
1.462163219133177750000000000000000000000e+92	
-9.316530746168073574000000000000000000000e+91	
7.989781639727634180000000000000000000000e+91	
-1.594838129777221690000000000000000000000e+92	
1.361231545965986417000000000000000000000e+91	
1.815560216737249647000000000000000000000e+92	
-5.782560770127354608000000000000000000000e+91	
1.101536508600456363000000000000000000000e+92	
-1.292279785149528745000000000000000000000e+92	
3.878681470036535708000000000000000000000e+91	
-2.005948146746331537000000000000000000000e+92	
-3.254450448976555396000000000000000000000e+91	
1.303558946125735484000000000000000000000e+92	
-1.090257347624249624000000000000000000000e+92	
5.391272657824309136000000000000000000000e+91	
-1.854689027967554194000000000000000000000e+92	
-2.249239816010523823000000000000000000000e+91	
1.353367204631782368000000000000000000000e+92	
-1.040449089118202739400000000000000000000e+92	
6.862390957784740580000000000000000000000e+91	
-1.707577197971511050000000000000000000000e+92	
1.944299503989633672000000000000000000000e+90	
1.694940927172026975000000000000000000000e+92	
-6.988753665779581322000000000000000000000e+91	
9.769800494045037760000000000000000000000e+91	
-1.416836244345481332000000000000000000000e+92	
2.593764775791439826000000000000000000000e+91	
1.884092223862014770000000000000000000000e+92	
-5.097240698879703375000000000000000000000e+91	
1.118035000476307587000000000000000000000e+92	
-1.275781293273677521000000000000000000000e+92	
3.523590190306966611000000000000000000000e+91	
-2.041457274719288446000000000000000000000e+92	
-4.129359102066188682000000000000000000000e+91	
1.164112213112676836000000000000000000000e+92	
-1.229704080637308272000000000000000000000e+92	
4.998690368916323283000000000000000000000e+91	
-1.893947256858352779000000000000000000000e+92	
-1.640435669524825488000000000000000000000e+91	
1.514336427050829378000000000000000000000e+92	
-8.794798666991557292000000000000000000000e+91	
7.992561768453709910000000000000000000000e+91	
-1.594560116904614116000000000000000000000e+92	
8.453179898676941998000000000000000000000e+90	
1.712125306354544798000000000000000000000e+92	
-6.816909873954403094000000000000000000000e+91	
9.462838443077876075000000000000000000000e+91	
-1.447532449442197500000000000000000000000e+92	
1.808235168236766415000000000000000000000e+91	
1.757706324209542838000000000000000000000e+92	
-6.361099695404422700000000000000000000000e+91	
1.093012550357645068000000000000000000000e+92	
-1.300803743392340040000000000000000000000e+92	
4.286495731305650567000000000000000000000e+91	
2.106579417887200141000000000000000000000e+92	
-2.872368758627849663000000000000000000000e+91	
1.391049242459807210000000000000000000000e+92	
-1.002767051290177897900000000000000000000e+92	
6.758751632925235586000000000000000000000e+91	
-1.717941130457461549000000000000000000000e+92	
-3.894299683225926144000000000000000000000e+90	
1.588556774941739989000000000000000000000e+92	
-8.052595188082451184000000000000000000000e+91	
8.226216239503847675000000000000000000000e+91	
-1.571194669799600340000000000000000000000e+92	
5.706765414763755346000000000000000000000e+90	
1.633856865817625418000000000000000000000e+92	
-7.599594279323596894000000000000000000000e+91	
9.695280824657397257000000000000000000000e+91	
-1.424288211284245382000000000000000000000e+92	
3.055299140946875419000000000000000000000e+91	
1.983824386153763930000000000000000000000e+92	
-4.099919075962211773000000000000000000000e+91	
1.268658656565579794000000000000000000000e+92	
-1.125157637184405314000000000000000000000e+92	
5.538488418645804156000000000000000000000e+91	
-1.839967451885404692000000000000000000000e+92	
-1.606052350765789562000000000000000000000e+91	
1.467258438688601745000000000000000000000e+92	
-9.265578550613833626000000000000000000000e+91	
7.016870085861590660000000000000000000000e+91	
-1.692129285163826042000000000000000000000e+92	
-6.350342133981571451000000000000000000000e+90	
1.513649149284888404000000000000000000000e+92	
-8.801671444650967033000000000000000000000e+91	
8.487137351996042126000000000000000000000e+91	
-1.545102558550380895000000000000000000000e+92	
1.841092379956781508000000000000000000000e+91	
1.861797682972159546000000000000000000000e+92	
-5.320186107778255610000000000000000000000e+91	
1.146026227901487384000000000000000000000e+92	
-1.247790065848497724000000000000000000000e+92	
4.306109891680108722000000000000000000000e+91	
-1.963205304581974235000000000000000000000e+92	
-2.844482105056369984000000000000000000000e+91	
1.342810641677096557000000000000000000000e+92	
-1.051005652072888550200000000000000000000e+92	
5.766346909923752006000000000000000000000e+91	
-1.817181602757609907000000000000000000000e+92	
-1.891599586655071207000000000000000000000e+91	
1.387388692927936502000000000000000000000e+92	
-1.006427600822048606100000000000000000000e+92	
7.239011353034304492000000000000000000000e+91	
-1.669915158446554658000000000000000000000e+92	
6.074377400888055930000000000000000000000e+90	
1.739878634701931523000000000000000000000e+92	
-6.539376590480535848000000000000000000000e+91	
1.025552875513439367200000000000000000000e+92	
-1.368263418236545740000000000000000000000e+92	
3.115826131859911570000000000000000000000e+91	
1.939929860785974615000000000000000000000e+92	
-4.538864329640104930000000000000000000000e+91	
1.174841763859254020000000000000000000000e+92	
-1.218974529890731088000000000000000000000e+92	
4.101344265696893300000000000000000000000e+91	
-1.983681867180295778000000000000000000000e+92	
-3.541923405744940254000000000000000000000e+91	
1.223823463014926815000000000000000000000e+92	
-1.169992830735058293000000000000000000000e+92	
5.574526017664663445000000000000000000000e+91	
-1.836363691983518763000000000000000000000e+92	
-1.085866282249411327000000000000000000000e+91	
1.567667797984232048000000000000000000000e+92	
-8.261484957657530591000000000000000000000e+91	
8.504630378110806612000000000000000000000e+91	
-1.543353255938904446000000000000000000000e+92	
1.336152072847851291000000000000000000000e+91	
1.759086318758682015000000000000000000000e+92	
-6.347299749913030924000000000000000000000e+91	
9.915996245665855054000000000000000000000e+91	
-1.402216669183399602000000000000000000000e+92	
2.244948837160404594000000000000000000000e+91	
1.799734096106898505000000000000000000000e+92	
-5.940821976430866025000000000000000000000e+91	
1.138460766845815227000000000000000000000e+92	
-1.255355526904169880000000000000000000000e+92	
4.775165319647407148000000000000000000000e+91	
-1.916299761785244393000000000000000000000e+92	
-1.830987723159694404000000000000000000000e+91	
1.498576880291241892000000000000000000000e+92	
-8.952394134587432157000000000000000000000e+91	
7.867906485468293818000000000000000000000e+91	
-1.607025645203155726000000000000000000000e+92	
7.535864982266667681000000000000000000000e+90	
1.706242897814113996000000000000000000000e+92	
-6.875733959358711114000000000000000000000e+91	
9.436905386956954780000000000000000000000e+91	
-1.450125755054289630000000000000000000000e+92	
1.815176772596177207000000000000000000000e+91	
1.761686314627834484000000000000000000000e+92	
-6.321299791221506238000000000000000000000e+91	
1.090035832071961508000000000000000000000e+92	
-1.303780461678023599000000000000000000000e+92	
4.187196082701600517000000000000000000000e+91	
2.089699666858337111000000000000000000000e+92	
-3.041166268916479965000000000000000000000e+91	
1.367223163946617253000000000000000000000e+92	
-1.026593129803367854300000000000000000000e+92	
6.451062142578626044000000000000000000000e+91	
-1.748710079492122503000000000000000000000e+92	
-7.665136114595446208000000000000000000000e+90	
1.543912448871885557000000000000000000000e+92	
-8.499038448780995510000000000000000000000e+91	
7.870975186124317568000000000000000000000e+91	
-1.606718775137553351000000000000000000000e+92	
3.065923070226706575000000000000000000000e+90	
1.616559587684352710000000000000000000000e+92	
-7.772567060656323980000000000000000000000e+91	
9.329790287790408516000000000000000000000e+91	
-1.460837264970944256000000000000000000000e+92	
2.497386658415148922000000000000000000000e+91	
1.908800519552923032000000000000000000000e+92	
-4.850157741970620752000000000000000000000e+91	
1.174411743070100156000000000000000000000e+92	
-1.219404550679884952000000000000000000000e+92	
4.403884481640895530000000000000000000000e+91	
-1.953427845585895554000000000000000000000e+92	
-2.932695470534867030000000000000000000000e+91	
1.315399765605208253000000000000000000000e+92	
-1.078416528144776854000000000000000000000e+92	
5.840563565459615460000000000000000000000e+91	
-1.809759937204023562000000000000000000000e+92	
-1.469230865174888199000000000000000000000e+91	
1.464423445266429620000000000000000000000e+92	
-9.293928484835554881000000000000000000000e+91	
7.272153153828834600000000000000000000000e+91	
-1.666600978367101648000000000000000000000e+92	
-9.625929822714464455000000000000000000000e+89	
1.595861717048674421000000000000000000000e+92	
-7.979545767013106866000000000000000000000e+91	
8.708711441450847646000000000000000000000e+91	
-1.522945149604900343000000000000000000000e+92	
1.462413756359029618000000000000000000000e+91	
1.763934421946128097000000000000000000000e+92	
-6.298818718038570106000000000000000000000e+91	
1.012896088589643953400000000000000000000e+92	
-1.380920205160341154000000000000000000000e+92	
2.622315227567268275000000000000000000000e+91	
1.853902728421045894000000000000000000000e+92	
-5.399135653289392134000000000000000000000e+91	
1.157793636531858150000000000000000000000e+92	
-1.236022657218126957000000000000000000000e+92	
4.620309756567107852000000000000000000000e+91	
-1.931785318093274322000000000000000000000e+92	
-2.333854266119233937000000000000000000000e+91	
1.413506447389923240000000000000000000000e+92	
-9.803098463600618670000000000000000000000e+91	
6.669537478034085572000000000000000000000e+91	
-1.726862545946576550000000000000000000000e+92	
-7.922741661460165842000000000000000000000e+90	
1.516924959220532153000000000000000000000e+92	
-8.768913345294529544000000000000000000000e+91	
8.117900619603099898000000000000000000000e+91	
-1.582026231789675118000000000000000000000e+92	
1.070060875659711288000000000000000000000e+91	
1.744535051380232474000000000000000000000e+92	
-6.492812423697526335000000000000000000000e+91	
9.886241012241556195000000000000000000000e+91	
-1.405192192525829488000000000000000000000e+92	
2.330893435356648113000000000000000000000e+91	
1.819892781081612517000000000000000000000e+92	
-5.739235126683725905000000000000000000000e+91	
1.134127558334545816000000000000000000000e+92	
-1.259688735415439291000000000000000000000e+92	
4.487036187919050354000000000000000000000e+91	
-1.945112674958080072000000000000000000000e+92	
-2.363792073919387802000000000000000000000e+91	
1.420841100007606231000000000000000000000e+92	
-9.729751937423788763000000000000000000000e+91	
6.846116936910467243000000000000000000000e+91	
-1.709204600058938383000000000000000000000e+92	
-5.125131502667586468000000000000000000000e+90	
1.555214081495880251000000000000000000000e+92	
-8.386022122541048562000000000000000000000e+91	
8.282098333066902528000000000000000000000e+91	
-1.565606460443294855000000000000000000000e+92	
1.015673916530650675500000000000000000000e+91	
1.717248766461271619000000000000000000000e+92	
-6.765675272887134882000000000000000000000e+91	
9.705291731825298697000000000000000000000e+91	
-1.423287120567455238000000000000000000000e+92	
2.241811981298930647000000000000000000000e+91	
1.820166846346665883000000000000000000000e+92	
-5.736494474033192250000000000000000000000e+91	
1.114975814501211588000000000000000000000e+92	
-1.278840479248773519000000000000000000000e+92	
4.101357334580105801000000000000000000000e+91	
-1.983680560291974528000000000000000000000e+92	
-2.943535714398171432000000000000000000000e+91	
1.343469915223463524000000000000000000000e+92	
-1.050346378526521583200000000000000000000e+92	
5.878533413418956147000000000000000000000e+91	
-1.805962952408089493000000000000000000000e+92	
-1.673871865736510836000000000000000000000e+91	
1.419710334316584965000000000000000000000e+92	
-9.741059594334001426000000000000000000000e+91	
7.338625217277079453000000000000000000000e+91	
-1.659953772022277162000000000000000000000e+92	
4.835603344555414742000000000000000000000e+90	
1.705152889589733114000000000000000000000e+92	
-6.886634041602519930000000000000000000000e+91	
9.685002427558218678000000000000000000000e+91	
-1.425316050994163240000000000000000000000e+92	
2.322142041538843166000000000000000000000e+91	
1.838256781320537117000000000000000000000e+92	
-5.555595124294479904000000000000000000000e+91	
1.111765407998300669000000000000000000000e+92	
-1.282050885751684438000000000000000000000e+92	
3.856355859703714747000000000000000000000e+91	
-2.008180707779613633000000000000000000000e+92	
-3.401328646956530805000000000000000000000e+91	
1.276422066143065372000000000000000000000e+92	
-1.117394227606919736000000000000000000000e+92	
5.284487786086359396000000000000000000000e+91	
-1.865367515141349168000000000000000000000e+92	
-2.191522667765453596000000000000000000000e+91	
1.375580934720318954000000000000000000000e+92	
-1.018235359029666153100000000000000000000e+92	
6.736389454075576368000000000000000000000e+91	
-1.720177348342427471000000000000000000000e+92	
-2.795371004649004588000000000000000000000e+90	
1.612764984491690252000000000000000000000e+92	
-7.810513092582948552000000000000000000000e+91	
8.600421776335641632000000000000000000000e+91	
-1.533774116116420944000000000000000000000e+92	
1.076939766070662782000000000000000000000e+91	
1.697682384968666875000000000000000000000e+92	
-6.961339087813182328000000000000000000000e+91	
1.005343966452207945100000000000000000000e+92	
-1.388472327297777162000000000000000000000e+92	
3.133501024074267002000000000000000000000e+91	
1.963662811346384450000000000000000000000e+92	
-4.301534824036006573000000000000000000000e+91	
1.220529244257908949000000000000000000000e+92	
-1.173287049492076159000000000000000000000e+92	
4.777655107461149611000000000000000000000e+91	
-1.916050783003870146000000000000000000000e+92	
-2.646285732432247848000000000000000000000e+91	
1.335308998312954968000000000000000000000e+92	
-1.058507295437030139700000000000000000000e+92	
6.224111940112624525000000000000000000000e+91	
-1.771405099738722655000000000000000000000e+92	
-9.013182407641707192000000000000000000000e+90	
1.539641957469969922000000000000000000000e+92	
-8.541743362800151861000000000000000000000e+91	
7.759796845497780919000000000000000000000e+91	
-1.617836609200207016000000000000000000000e+92	
1.269746168018148332000000000000000000000e+90	
1.591757289708237646000000000000000000000e+92	
-8.020590040417474620000000000000000000000e+91	
9.226816625910898721000000000000000000000e+91	
-1.471134631158895236000000000000000000000e+92	
2.539390128056169956000000000000000000000e+91	
1.927491364625448918000000000000000000000e+92	
-4.663249291245361893000000000000000000000e+91	
1.207585874798115263000000000000000000000e+92	
-1.186230418951869845000000000000000000000e+92	
4.880386586835659406000000000000000000000e+91	
-1.905777635066419167000000000000000000000e+92	
-2.311504620194550014000000000000000000000e+91	
1.391980524462224895000000000000000000000e+92	
-1.001835769287760212800000000000000000000e+92	
6.299394471915556082000000000000000000000e+91	
-1.763876846558429499000000000000000000000e+92	
-1.317223868452364902000000000000000000000e+91	
1.448957023600433456000000000000000000000e+92	
-9.448592701495516515000000000000000000000e+91	
7.766476214337313622000000000000000000000e+91	
-1.617168672316253745000000000000000000000e+92	
1.046728059441107927800000000000000000000e+91	
1.774994600604282532000000000000000000000e+92	
-6.188216931457025756000000000000000000000e+91	
1.051860161361255988300000000000000000000e+92	
-1.341956132388729119000000000000000000000e+92	
3.290856027748580266000000000000000000000e+91	
1.948632935729803168000000000000000000000e+92	
-4.451833580201819399000000000000000000000e+91	
1.193422737873140392000000000000000000000e+92	
-1.200393555876844715000000000000000000000e+92	
4.385883837422751859000000000000000000000e+91	
-1.955227910007709922000000000000000000000e+92	
-3.158703137080767348000000000000000000000e+91	
1.272008648555580805000000000000000000000e+92	
-1.121807645194404302000000000000000000000e+92	
5.847067999563274024000000000000000000000e+91	
-1.809109493793657705000000000000000000000e+92	
-1.022530007094393439200000000000000000000e+91	
1.553091266317765133000000000000000000000e+92	
-8.407250274322199748000000000000000000000e+91	
8.149867532735711967000000000000000000000e+91	
-1.578829540476413911000000000000000000000e+92	
7.724957100827557820000000000000000000000e+90	
1.681841726698906653000000000000000000000e+92	
-7.119745670510784546000000000000000000000e+91	
9.586296862455613083000000000000000000000e+91	
-1.435186607504423799000000000000000000000e+92	
2.357775650684610308000000000000000000000e+91	
1.855247374033100302000000000000000000000e+92	
-5.385689197168848056000000000000000000000e+91	
1.100327092202692369000000000000000000000e+92	
-1.293489201547292739000000000000000000000e+92	
3.457825098162384929000000000000000000000e+91	
1.933575629885953422000000000000000000000e+92	
-4.602406638640316861000000000000000000000e+91	
1.245563406298419072000000000000000000000e+92	
-1.148252887451566036000000000000000000000e+92	
5.578935841750615820000000000000000000000e+91	
-1.835922709574923526000000000000000000000e+92	
-1.294340068862702569000000000000000000000e+91	
1.525542652782771352000000000000000000000e+92	
-8.682736409672137556000000000000000000000e+91	
7.870707153267248732000000000000000000000e+91	
-1.606745578423260234000000000000000000000e+92	
4.896629150484000679000000000000000000000e+90	
1.653191388403144415000000000000000000000e+92	
-7.406249053468406926000000000000000000000e+91	
9.307945084526258371000000000000000000000e+91	
-1.463021785297359270000000000000000000000e+92	
2.087571420992962556000000000000000000000e+91	
1.829041300410542633000000000000000000000e+92	
-5.647749933394424742000000000000000000000e+91	
1.072433553762514182000000000000000000000e+92	
-1.321382739987470926000000000000000000000e+92	
3.162023463551825486000000000000000000000e+91	
1.902309680782822514000000000000000000000e+92	
-4.915066129671625940000000000000000000000e+91	
1.217905978846387896000000000000000000000e+92	
-1.175910314903597211000000000000000000000e+92	
5.338428825294423528000000000000000000000e+91	
-1.859973411220542755000000000000000000000e+92	
-1.498797776764310340000000000000000000000e+91	
1.508700018790404027000000000000000000000e+92	
-8.851162749595810807000000000000000000000e+91	
7.738294249673307204000000000000000000000e+91	
-1.619986868782654387000000000000000000000e+92	
3.932455250599969414000000000000000000000e+90	
1.647147409384393758000000000000000000000e+92	
-7.466688843655913496000000000000000000000e+91	
9.171474318877849710000000000000000000000e+91	
-1.476668861862200137000000000000000000000e+92	
1.875107518044699762000000000000000000000e+91	
1.800199378318753280000000000000000000000e+92	
-5.936169154312318274000000000000000000000e+91	
1.059699257408433259000000000000000000000e+92	
-1.334117036341551849000000000000000000000e+92	
3.195676594936799554000000000000000000000e+91	
1.921766591158193817000000000000000000000e+92	
-4.720497025917912904000000000000000000000e+91	
1.203294053115390225000000000000000000000e+92	
-1.190522240634594883000000000000000000000e+92	
4.851790756515453912000000000000000000000e+91	
-1.908637218098439716000000000000000000000e+92	
-2.325785191796933043000000000000000000000e+91	
1.391983280749573636000000000000000000000e+92	
-1.001833013000411472000000000000000000000e+92	
6.269152402237653784000000000000000000000e+91	
-1.766901053526219729000000000000000000000e+92	
-1.377720506463100951000000000000000000000e+91	
1.439883408638234163000000000000000000000e+92	
-9.539328851117509443000000000000000000000e+91	
7.739835646818986168000000000000000000000e+91	
-1.619832729068086491000000000000000000000e+92	
1.084151175725212296000000000000000000000e+91	
1.785140092370288749000000000000000000000e+92	
-6.086762013796963582000000000000000000000e+91	
1.068405646608895110000000000000000000000e+92	
-1.325410647141089998000000000000000000000e+92	
3.520278964340634453000000000000000000000e+91	
1.977968854315614845000000000000000000000e+92	
-4.158474394343702622000000000000000000000e+91	
1.210475665203143674000000000000000000000e+92	
-1.183340628546841434000000000000000000000e+92	
4.433644326645358200000000000000000000000e+91	
-1.950451861085449288000000000000000000000e+92	
-3.233650333876594782000000000000000000000e+91	
1.252249267039400876000000000000000000000e+92	
-1.141567026710584232000000000000000000000e+92	
5.909205834266270556000000000000000000000e+91	
-1.802895710323358052000000000000000000000e+92	
-7.007897825806462819000000000000000000000e+90	
1.611212608177665382000000000000000000000e+92	
-7.826036855723197251000000000000000000000e+91	
8.990425013991019502000000000000000000000e+91	
-1.494773792350883157000000000000000000000e+92	
1.872268186829955212000000000000000000000e+91	
1.817727573629630878000000000000000000000e+92	
-5.760887201203542300000000000000000000000e+91	
1.054791912318503616000000000000000000000e+92	
-1.339024381431481492000000000000000000000e+92	
2.922359394468395582000000000000000000000e+91	
1.872021656041658872000000000000000000000e+92	
-5.217946377083262360000000000000000000000e+91	
1.201032498995547504000000000000000000000e+92	
-1.192783794754437604000000000000000000000e+92	
5.303772715831588140000000000000000000000e+91	
-1.863439022166826294000000000000000000000e+92	
-1.399441923815011185000000000000000000000e+91	
1.532030130983972324000000000000000000000e+92	
-8.617861627660127841000000000000000000000e+91	
8.105473980360794562000000000000000000000e+91	
-1.583268895713905651000000000000000000000e+92	
8.942372374393454736000000000000000000000e+90	
1.710621119401334858000000000000000000000e+92	
-6.831951743486502491000000000000000000000e+91	
9.522410358614828995000000000000000000000e+91	
-1.441575257888502208000000000000000000000e+92	
1.942383735971608453000000000000000000000e+91	
1.778575134763682902000000000000000000000e+92	
-6.152411589863022051000000000000000000000e+91	
1.098084000758570983000000000000000000000e+92	
-1.295732292991414125000000000000000000000e+92	
4.179315252142460198000000000000000000000e+91	
2.080079729577023367000000000000000000000e+92	
-3.137365641729617409000000000000000000000e+91	
1.348775767768525261000000000000000000000e+92	
-1.045040525981459846500000000000000000000e+92	
6.178357523242002349000000000000000000000e+91	
-1.775980541425784873000000000000000000000e+92	
-1.127404978803030398000000000000000000000e+91	
1.499009026106497947000000000000000000000e+92	
-8.948072676434871602000000000000000000000e+91	
7.609017143612749257000000000000000000000e+91	
-1.632914579388710182000000000000000000000e+92	
2.316173478777302519000000000000000000000e+90	
1.627751094562327896000000000000000000000e+92	
-7.660651991876572121000000000000000000000e+91	
9.046178984160538656000000000000000000000e+91	
-1.489198395333931242000000000000000000000e+92	
1.818445823077596540000000000000000000000e+91	
1.801393157122467210000000000000000000000e+92	
-5.924231366275178980000000000000000000000e+91	
1.046378852727921038300000000000000000000e+92	
-1.347437441022064069000000000000000000000e+92	
2.917402945693226685000000000000000000000e+91	
1.879439485635599610000000000000000000000e+92	
-5.143768081143854974000000000000000000000e+91	
1.191698964458179851000000000000000000000e+92	
-1.202117329291805257000000000000000000000e+92	
5.043007095274220836000000000000000000000e+91	
-1.889515584222563024000000000000000000000e+92	
-1.827554494915308806000000000000000000000e+91	
1.472492507136927748000000000000000000000e+92	
-9.213237866130573595000000000000000000000e+91	
7.342917316245630054000000000000000000000e+91	
-1.659524562125422102000000000000000000000e+92	
-3.541665202182127715000000000000000000000e+89	
1.600954323809879423000000000000000000000e+92	
-7.928619699401056848000000000000000000000e+91	
8.780547879127293672000000000000000000000e+91	
-1.515761505837255740000000000000000000000e+92	
1.555150157683993863000000000000000000000e+91	
1.775297018319782578000000000000000000000e+92	
-6.185192754302025291000000000000000000000e+91	
1.019824070469270802500000000000000000000e+92	
-1.373992223280714305000000000000000000000e+92	
2.647270971067427190000000000000000000000e+91	
1.851968101107532352000000000000000000000e+92	
-5.418481926424527562000000000000000000000e+91	
1.165233937426507873000000000000000000000e+92	
-1.228582356323477234000000000000000000000e+92	
4.788415391605202396000000000000000000000e+91	
-1.914974754589464868000000000000000000000e+92	
-2.072092637760406355000000000000000000000e+91	
1.449043548601555823000000000000000000000e+92	
-9.447727451484292842000000000000000000000e+91	
7.118471287540748288000000000000000000000e+91	
-1.681969164995910279000000000000000000000e+92	
-2.498241224316493733000000000000000000000e+90	
1.580516933011775691000000000000000000000e+92	
-8.132993607382094162000000000000000000000e+91	
8.555223006648537462000000000000000000000e+91	
-1.538293993085131361000000000000000000000e+92	
1.308884747325928943000000000000000000000e+91	
1.748577465638988302000000000000000000000e+92	
-6.452388281109968054000000000000000000000e+91	
9.975684171993858826000000000000000000000e+91	
-1.396247876550599225000000000000000000000e+92	
2.469331217091930640000000000000000000000e+91	
1.838633583149331948000000000000000000000e+92	
-5.551827106006531594000000000000000000000e+91	
1.142483186266864566000000000000000000000e+92	
-1.251333107483120542000000000000000000000e+92	
4.466792409545987082000000000000000000000e+91	
-1.947137052795386399000000000000000000000e+92	
-2.487784252052230487000000000000000000000e+91	
1.398072205441142481000000000000000000000e+92	
-9.957440883088426269000000000000000000000e+91	
6.514782830246324874000000000000000000000e+91	
-1.742338010725352620000000000000000000000e+92	
-9.474408370810213193000000000000000000000e+90	
1.501367110317368504000000000000000000000e+92	
-8.924491834326166034000000000000000000000e+91	
7.963403116574566946000000000000000000000e+91	
-1.597475982092528413000000000000000000000e+92	
9.166438206624549742000000000000000000000e+90	
1.729301336913225842000000000000000000000e+92	
-6.645149568367592652000000000000000000000e+91	
9.734983240462180067000000000000000000000e+91	
-1.420317969703767101000000000000000000000e+92	
2.180714499298936302000000000000000000000e+91	
1.804982717357838100000000000000000000000e+92	
-5.888335763921470074000000000000000000000e+91	
1.119009477906076553000000000000000000000e+92	
-1.274806815843908555000000000000000000000e+92	
4.333776251819369235000000000000000000000e+91	
-1.960438668568048184000000000000000000000e+92	
-2.519130107117302750000000000000000000000e+91	
1.405099590398172919000000000000000000000e+92	
-9.887167033518121882000000000000000000000e+91	
6.686625811606841564000000000000000000000e+91	
-1.725153712589300951000000000000000000000e+92	
-6.740792716069894766000000000000000000000e+90	
1.538850073024048496000000000000000000000e+92	
-8.549662207259366114000000000000000000000e+91	
8.123066457600223972000000000000000000000e+91	
-1.581509647989962710000000000000000000000e+92	
8.612479569586932129000000000000000000000e+90	
1.702266532871988402000000000000000000000e+92	
-6.915497608779967058000000000000000000000e+91	
9.545932195635801021000000000000000000000e+91	
-1.439223074186405006000000000000000000000e+92	
2.072919991169353555000000000000000000000e+91	
1.802324876339147031000000000000000000000e+92	
-5.914914174108380768000000000000000000000e+91	
1.099173536602204954000000000000000000000e+92	
-1.294642757147780154000000000000000000000e+92	
3.963721325786258676000000000000000000000e+91	
-1.997444161171359240000000000000000000000e+92	
-3.060795098832930821000000000000000000000e+91	
1.333780625137109090000000000000000000000e+92	
-1.060035668612876017000000000000000000000e+92	
5.801996860385491582000000000000000000000e+91	
-1.813616607711435949000000000000000000000e+92	
-1.730062201636803269000000000000000000000e+91	
1.416124909874355111000000000000000000000e+92	
-9.776913838756299962000000000000000000000e+91	
7.259797265589949010000000000000000000000e+91	
-1.667836567190990206000000000000000000000e+92	
3.617800621298355168000000000000000000000e+90	
1.688681767891587670000000000000000000000e+92	
-7.051345258583974377000000000000000000000e+91	
9.477381631265707996000000000000000000000e+91	
-1.446078130623414308000000000000000000000e+92	
2.071633020647128326000000000000000000000e+91	
1.808919191179875287000000000000000000000e+92	
-5.848971025701098202000000000000000000000e+91	
1.091536082538063696000000000000000000000e+92	
-1.302280211211921411000000000000000000000e+92	
3.745099923013811006000000000000000000000e+91	
-2.019306301448604007000000000000000000000e+92	
-3.421592572067023415000000000000000000000e+91	
1.283490346411401038000000000000000000000e+92	
-1.110325947338584070000000000000000000000e+92	
5.162672801814518117000000000000000000000e+91	
-1.877549013568533296000000000000000000000e+92	
-2.505739639060686022000000000000000000000e+91	
1.324928614113984846000000000000000000000e+92	
-1.068887679636000261000000000000000000000e+92	
6.637382927827771520000000000000000000000e+91	
-1.730078000967207956000000000000000000000e+92	
2.877024521212668770000000000000000000000e+89	
1.684306835555899044000000000000000000000e+92	
-7.095094581940860631000000000000000000000e+91	
9.722748845863733102000000000000000000000e+91	
-1.421541409163611797000000000000000000000e+92	
2.605972889236198432000000000000000000000e+91	
1.891236062202141146000000000000000000000e+92	
-5.025802315478439615000000000000000000000e+91	
1.128438350535633456000000000000000000000e+92	
-1.265377943214351651000000000000000000000e+92	
3.660202586555064468000000000000000000000e+91	
-2.027796035094478661000000000000000000000e+92	
-3.960184023627481400000000000000000000000e+91	
1.184284368636078075000000000000000000000e+92	
-1.209531925113907033000000000000000000000e+92	
5.131286198807944942000000000000000000000e+91	
-1.880687673869190613000000000000000000000e+92	
-1.576931163334527730000000000000000000000e+91	
1.513781183751775906000000000000000000000e+92	
-8.800351099982092017000000000000000000000e+91	
7.917986763690763642000000000000000000000e+91	
-1.602017617380908743000000000000000000000e+92	
7.017547636372091436000000000000000000000e+90	
1.690873594905725943000000000000000000000e+92	
-7.029426988442591647000000000000000000000e+91	
9.335763830409327541000000000000000000000e+91	
-1.460239910709052354000000000000000000000e+92	
1.766560535414081882000000000000000000000e+91	
1.762074608830664668000000000000000000000e+92	
-6.317416849193204397000000000000000000000e+91	
1.079317130998839600000000000000000000000e+92	
-1.314499162751145507000000000000000000000e+92	
3.968994395139321110000000000000000000000e+91	
2.056783555260944690000000000000000000000e+92	
-3.370327384890404179000000000000000000000e+91	
1.323216631600466348000000000000000000000e+92	
-1.070599662149518759000000000000000000000e+92	
5.900147805071923212000000000000000000000e+91	
-1.803801513242792786000000000000000000000e+92	
-1.428221797037038276000000000000000000000e+91	
1.466667759359064074000000000000000000000e+92	
-9.271485343909210332000000000000000000000e+91	
7.333843210290032711000000000000000000000e+91	
-1.660431972720981836000000000000000000000e+92	
4.658141846533247004000000000000000000000e+88	
1.609874247197092951000000000000000000000e+92	
-7.839420465528921566000000000000000000000e+91	
8.765701564454916038000000000000000000000e+91	
-1.517246137304493504000000000000000000000e+92	
1.436310074576444882000000000000000000000e+91	
1.753018808599515494000000000000000000000e+92	
-6.407974851504696138000000000000000000000e+91	
1.019565366458190327800000000000000000000e+92	
-1.374250927291794780000000000000000000000e+92	
2.864769404079823790000000000000000000000e+91	
1.895715538777865465000000000000000000000e+92	
-4.981007549721196428000000000000000000000e+91	
1.162385347413083689000000000000000000000e+92	
-1.231430946336901418000000000000000000000e+92	
4.294201108014876602000000000000000000000e+91	
-1.964396182948497447000000000000000000000e+92	
-3.031803526831165751000000000000000000000e+91	
1.306545965409160400000000000000000000000e+92	
-1.087270328340824708000000000000000000000e+92	
5.729783443323762542000000000000000000000e+91	
-1.820837949417608853000000000000000000000e+92	
-1.602242038301222903000000000000000000000e+91	
1.448900329222360129000000000000000000000e+92	
-9.449159645276249782000000000000000000000e+91	
7.164138816250574627000000000000000000000e+91	
-1.677402412124927645000000000000000000000e+92	
-1.570803112308337304000000000000000000000e+90	
1.594496599546410297000000000000000000000e+92	
-7.993196942035748110000000000000000000000e+91	
8.595288450440887812000000000000000000000e+91	
-1.534287448705896326000000000000000000000e+92	
1.249268602572412772000000000000000000000e+91	
1.732652653139787551000000000000000000000e+92	
-6.611636406101975562000000000000000000000e+91	
1.002742734380832304000000000000000000000e+92	
-1.391073559369152804000000000000000000000e+92	
2.731960682158455857000000000000000000000e+91	
1.885974663851436933000000000000000000000e+92	
-5.078416298985481748000000000000000000000e+91	
1.145168559394396568000000000000000000000e+92	
-1.248647734355588540000000000000000000000e+92	
4.047311302110520028000000000000000000000e+91	
-1.989085163538933105000000000000000000000e+92	
-3.353378071763739616000000000000000000000e+91	
1.266923753831346841000000000000000000000e+92	
-1.126892539918638267000000000000000000000e+92	
5.492016327186189174000000000000000000000e+91	
-1.844614661031366190000000000000000000000e+92	
-1.681633012734210559000000000000000000000e+91	
1.456790964080425932000000000000000000000e+92	
-9.370253296695591757000000000000000000000e+91	
6.908052637306885746000000000000000000000e+91	
-1.703011030019296533000000000000000000000e+92	
-7.479923027365757739000000000000000000000e+90	
1.501939482338994817000000000000000000000e+92	
-8.918768114109902906000000000000000000000e+91	
8.378953941211179016000000000000000000000e+91	
-1.555920899628867206000000000000000000000e+92	
1.741817792005006747000000000000000000000e+91	
1.852760663096949792000000000000000000000e+92	
-5.410556306530353152000000000000000000000e+91	
1.137879203803551855000000000000000000000e+92	
-1.255937089946433253000000000000000000000e+92	
4.233535179251933945000000000000000000000e+91	
-1.970462775824791713000000000000000000000e+92	
-2.908165715950641190000000000000000000000e+91	
1.337330948259650576000000000000000000000e+92	
-1.056485345490334531500000000000000000000e+92	
5.720432229857099046000000000000000000000e+91	
-1.821773070764275203000000000000000000000e+92	
-1.928636433024934245000000000000000000000e+91	
1.384572349839517414000000000000000000000e+92	
-1.009243943910467694000000000000000000000e+92	
7.192113726921694330000000000000000000000e+91	
-1.674604921057815675000000000000000000000e+92	
5.418152421517210026000000000000000000000e+90	
1.731444829602173836000000000000000000000e+92	
-6.623714641478112716000000000000000000000e+91	
1.015248446520265981700000000000000000000e+92	
-1.378567847229719126000000000000000000000e+92	
2.994084912485016311000000000000000000000e+91	
1.925886976389965252000000000000000000000e+92	
-4.679293173600198556000000000000000000000e+91	
1.158931047027448296000000000000000000000e+92	
-1.234885246722536812000000000000000000000e+92	
3.923568068619683174000000000000000000000e+91	
-2.001459486888016790000000000000000000000e+92	
-3.738359340608609399000000000000000000000e+91	
1.202314824384801835000000000000000000000e+92	
-1.191501469365183273000000000000000000000e+92	
5.399185618936501400000000000000000000000e+91	
-1.853897731856334968000000000000000000000e+92	
-1.221480473698893402000000000000000000000e+91	
1.558077022522112006000000000000000000000e+92	
-8.357392712278731014000000000000000000000e+91	
8.448409299706606774000000000000000000000e+91	
-1.548975363779324430000000000000000000000e+92	
1.319597919883590214000000000000000000000e+91	
1.761395621911476015000000000000000000000e+92	
-6.324206718385090930000000000000000000000e+91	
9.973955655556225824000000000000000000000e+91	
-1.396420728194362525000000000000000000000e+92	
2.337757273542715887000000000000000000000e+91	
1.812498108070820799000000000000000000000e+92	
-5.813181856791643088000000000000000000000e+91	
1.143838747342609396000000000000000000000e+92	
-1.249977546407375712000000000000000000000e+92	
4.755121567837342230000000000000000000000e+91	
-1.918304136966250884000000000000000000000e+92	
-1.924818292147704759000000000000000000000e+91	
1.481818813806240918000000000000000000000e+92	
-9.119974799437441897000000000000000000000e+91	
7.626612427797222682000000000000000000000e+91	
-1.631155050970262839000000000000000000000e+92	
4.386157325095538390000000000000000000000e+90	
1.667381817089617034000000000000000000000e+92	
-7.264344766603680732000000000000000000000e+91	
9.041459273443057848000000000000000000000e+91	
-1.489670366405679323000000000000000000000e+92	
1.412898754524538608000000000000000000000e+91	
1.720775662366722066000000000000000000000e+92	
-6.730406313832630412000000000000000000000e+91	
1.050624944193313526800000000000000000000e+92	
-1.343191349556671581000000000000000000000e+92	
3.808077383896784372000000000000000000000e+91	
2.053286068963175553000000000000000000000e+92	
-3.405302247868095542000000000000000000000e+91	
1.332307092395195355000000000000000000000e+92	
-1.061509201354789753000000000000000000000e+92	
6.116869237796820604000000000000000000000e+91	
-1.782129369970303047000000000000000000000e+92	
-1.085746154504945522000000000000000000000e+91	
1.513484486212096867000000000000000000000e+92	
-8.803318075378882404000000000000000000000e+91	
7.535472149282412906000000000000000000000e+91	
-1.640269078821743817000000000000000000000e+92	
-6.011860118033524430000000000000000000000e+89	
1.576769262842912996000000000000000000000e+92	
-8.170470309070721118000000000000000000000e+91	
8.998412527195678188000000000000000000000e+91	
-1.493975041030417289000000000000000000000e+92	
2.232501278053254399000000000000000000000e+91	
1.888957910428991225000000000000000000000e+92	
-5.048583833209938825000000000000000000000e+91	
1.161211755394238283000000000000000000000e+92	
-1.232604538355746824000000000000000000000e+92	
4.338277761181280346000000000000000000000e+91	
-1.959988517631857073000000000000000000000e+92	
-2.931942076425185500000000000000000000000e+91	
1.322107813944515355000000000000000000000e+92	
-1.071708479805469753000000000000000000000e+92	
5.767235232080864664000000000000000000000e+91	
-1.817092770541898641000000000000000000000e+92	
-1.682898138391887757000000000000000000000e+91	
1.429029808176712725000000000000000000000e+92	
-9.647864855732723829000000000000000000000e+91	
7.215440489175056453000000000000000000000e+91	
-1.672272244832479462000000000000000000000e+92	
1.441038247227725824000000000000000000000e+90	
1.649590823601499000000000000000000000000e+92	
-7.442254701484861078000000000000000000000e+91	
8.913325195442767657000000000000000000000e+91	
-1.502483774205708342000000000000000000000e+92	
1.334515761568691634000000000000000000000e+91	
1.717909995624751633000000000000000000000e+92	
-6.759062981252334744000000000000000000000e+91	
1.037243280906663932900000000000000000000e+92	
-1.356573012843321175000000000000000000000e+92	
3.569153120302141633000000000000000000000e+91	
2.018888110398230222000000000000000000000e+92	
-3.749281833517548858000000000000000000000e+91	
1.287408829888869759000000000000000000000e+92	
-1.106407463861115349000000000000000000000e+92	
5.562935829941378514000000000000000000000e+91	
-1.837522710755847256000000000000000000000e+92	
-1.744578114537382831000000000000000000000e+91	
1.437116655453322964000000000000000000000e+92	
-9.566996382966621431000000000000000000000e+91	
6.994631343190726974000000000000000000000e+91	
-1.694353159430912410000000000000000000000e+92	
-3.782328048038865476000000000000000000000e+90	
1.567219418343666701000000000000000000000e+92	
-8.265968754063184062000000000000000000000e+91	
8.432087738337326214000000000000000000000e+91	
-1.550607519916252486000000000000000000000e+92	
1.195584460394915078000000000000000000000e+91	
1.738230445628644979000000000000000000000e+92	
-6.555858481213401283000000000000000000000e+91	
9.851557423896530624000000000000000000000e+91	
-1.408660551360332045000000000000000000000e+92	
2.324558201097533230000000000000000000000e+91	
1.822092682258261070000000000000000000000e+92	
-5.717236114917240378000000000000000000000e+91	
1.130330237749714565000000000000000000000e+92	
-1.263486056000270543000000000000000000000e+92	
4.389120610691829086000000000000000000000e+91	
2.089800170871380371000000000000000000000e+92	
-3.040161228786047369000000000000000000000e+91	
1.347241718287718188000000000000000000000e+92	
-1.046574575462266919200000000000000000000e+92	
6.050528130648219514000000000000000000000e+91	
-1.788763480685163156000000000000000000000e+92	
-1.367667287090951316000000000000000000000e+91	
1.463745099131401465000000000000000000000e+92	
-9.300711946185836428000000000000000000000e+91	
7.494592580564596914000000000000000000000e+91	
-1.644357035693525416000000000000000000000e+92	
3.552889397660551878000000000000000000000e+90	
1.663916019968113577000000000000000000000e+92	
-7.299002737818715307000000000000000000000e+91	
8.988677815867304212000000000000000000000e+91	
-1.494948512163254686000000000000000000000e+92	
1.342002830061922066000000000000000000000e+91	
1.711875524730290545000000000000000000000e+92	
-6.819407690196945629000000000000000000000e+91	
1.045567108045929843100000000000000000000e+92	
-1.348249185704055264000000000000000000000e+92	
3.795902915419790851000000000000000000000e+91	
2.055907100177431996000000000000000000000e+92	
-3.379091935725531115000000000000000000000e+91	
1.338764691384841014000000000000000000000e+92	
-1.055051602365144093300000000000000000000e+92	
6.219791812088381489000000000000000000000e+91	
-1.771837112541146959000000000000000000000e+92	
-9.444960796749233227000000000000000000000e+90	
1.531440336313022400000000000000000000000e+92	
-8.623759574369627072000000000000000000000e+91	
7.638961589873359777000000000000000000000e+91	
-1.629920134762649130000000000000000000000e+92	
-3.266036389299205893000000000000000000000e+89	
1.571915750068730682000000000000000000000e+92	
-8.219005436812544254000000000000000000000e+91	
9.110710716042264918000000000000000000000e+91	
-1.482745222145758616000000000000000000000e+92	
2.505552741940733116000000000000000000000e+91	
1.932330384150485618000000000000000000000e+92	
-4.614859095994994896000000000000000000000e+91	
1.220643560258563269000000000000000000000e+92	
-1.173172733491421838000000000000000000000e+92	
5.093109199148132330000000000000000000000e+91	
-1.884505373835171875000000000000000000000e+92	
-2.016677131464783075000000000000000000000e+91	
1.429669674882391221000000000000000000000e+92	
-9.641466188675938868000000000000000000000e+91	
6.675702302882324394000000000000000000000e+91	
-1.726246063461752668000000000000000000000e+92	
-9.414994202451714932000000000000000000000e+90	
1.486471159178270958000000000000000000000e+92	
-9.073451345717141494000000000000000000000e+91	
8.142345336002083072000000000000000000000e+91	
-1.579581760149776800000000000000000000000e+92	
1.423324584806696682000000000000000000000e+91	
1.812726957310390311000000000000000000000e+92	
-5.810893364395947962000000000000000000000e+91	
1.089665186054394868000000000000000000000e+92	
-1.304151107695590239000000000000000000000e+92	
3.669632592905181889000000000000000000000e+91	
-2.026853034459466919000000000000000000000e+92	
-3.553790020642222590000000000000000000000e+91	
1.264600412982009334000000000000000000000e+92	
-1.129215880767975774000000000000000000000e+92	
5.093983916541005446000000000000000000000e+91	
-1.884417902095884563000000000000000000000e+92	
-2.454277900172049345000000000000000000000e+91	
1.342083870910527856000000000000000000000e+92	
-1.051732422839457251100000000000000000000e+92	
6.554645860733020852000000000000000000000e+91	
-1.738351707676683022000000000000000000000e+92	
-3.081299052037722516000000000000000000000e+90	
1.625213161058026310000000000000000000000e+92	
-7.686031326919587972000000000000000000000e+91	
8.877901932131117939000000000000000000000e+91	
-1.506026100536873314000000000000000000000e+92	
1.507342169640604546000000000000000000000e+91	
1.756007239656701508000000000000000000000e+92	
-6.378090540932836000000000000000000000000e+91	
1.031254793999707724300000000000000000000e+92	
-1.362561499750277383000000000000000000000e+92	
3.068630342288815987000000000000000000000e+91	
1.924793970828199758000000000000000000000e+92	
-4.690223229217853498000000000000000000000e+91	
1.173035484347484242000000000000000000000e+92	
-1.220780809402500866000000000000000000000e+92	
4.216511237872880791000000000000000000000e+91	
-1.972165169962697028000000000000000000000e+92	
-3.293592970427765446000000000000000000000e+91	
1.261966225745257189000000000000000000000e+92	
-1.131850068004727919000000000000000000000e+92	
5.673865408637179374000000000000000000000e+91	
-1.826429752886267170000000000000000000000e+92	
-1.268474741402560476000000000000000000000e+91	
1.521226198690294479000000000000000000000e+92	
-8.725900950596906287000000000000000000000e+91	
7.758547097893733956000000000000000000000e+91	
-1.617961583960611712000000000000000000000e+92	
3.085416820654573128000000000000000000000e+90	
1.628186579319005838000000000000000000000e+92	
-7.656297144309792699000000000000000000000e+91	
9.204052446625617848000000000000000000000e+91	
-1.473411049087423323000000000000000000000e+92	
2.129761499184256076000000000000000000000e+91	
1.847861309773863247000000000000000000000e+92	
-5.459549839761218610000000000000000000000e+91	
1.089307871394810418000000000000000000000e+92	
-1.304508422355174689000000000000000000000e+92	
3.311319405643928945000000000000000000000e+91	
1.915295519394989174000000000000000000000e+92	
-4.785207743549959332000000000000000000000e+91	
1.234986423965517098000000000000000000000e+92	
-1.158829869784468009000000000000000000000e+92	
5.550158964021119354000000000000000000000e+91	
-1.838800397347873172000000000000000000000e+92	
-1.246162317895199032000000000000000000000e+91	
1.538052060965878086000000000000000000000e+92	
-8.557642327841070221000000000000000000000e+91	
8.072679287188038658000000000000000000000e+91	
-1.586548365031181242000000000000000000000e+92	
7.684748413351858996000000000000000000000e+90	
1.688752736200112167000000000000000000000e+92	
-7.050635575498729409000000000000000000000e+91	
9.500601457336626086000000000000000000000e+91	
-1.443756148016322499000000000000000000000e+92	
2.117351787132523435000000000000000000000e+91	
1.815739842170258930000000000000000000000e+92	
-5.780764515797261771000000000000000000000e+91	
1.093590139432648126000000000000000000000e+92	
-1.300226154317336981000000000000000000000e+92	
3.717998272801098084000000000000000000000e+91	
1.992330916841250796000000000000000000000e+92	
-4.014853769087343113000000000000000000000e+91	
1.234980614035485638000000000000000000000e+92	
-1.158835679714499470000000000000000000000e+92	
4.780072200166358712000000000000000000000e+91	
-1.915809073733349236000000000000000000000e+92	
-2.785894527906288906000000000000000000000e+91	
1.307152598117404560000000000000000000000e+92	
-1.086663695632580547000000000000000000000e+92	
6.243241116077025136000000000000000000000e+91	
-1.769492182142282594000000000000000000000e+92	
-5.816455321635615883000000000000000000000e+90	
1.601648624512643662000000000000000000000e+92	
-7.921676692373414452000000000000000000000e+91	
8.680107981377137498000000000000000000000e+91	
-1.525805495612271358000000000000000000000e+92	
1.347380796159790460000000000000000000000e+91	
1.743792477230746994000000000000000000000e+92	
-6.500238165192381130000000000000000000000e+91	
1.011056807114711139300000000000000000000e+92	
-1.382759486635273968000000000000000000000e+92	
2.786857958778361436000000000000000000000e+91	
1.888641452026868814000000000000000000000e+92	
-5.051748417231162936000000000000000000000e+91	
1.153803825860819704000000000000000000000e+92	
-1.240012467889165404000000000000000000000e+92	
4.193319046495742412000000000000000000000e+91	
-1.974484389100410866000000000000000000000e+92	
-3.147744936064125651000000000000000000000e+91	
1.293446639169582930000000000000000000000e+92	
-1.100369654580402177000000000000000000000e+92	
5.630809767304446188000000000000000000000e+91	
-1.830735317019540489000000000000000000000e+92	
-1.669212063058138968000000000000000000000e+91	
1.445402099154541634000000000000000000000e+92	
-9.484141945954434741000000000000000000000e+91	
7.061532003826432526000000000000000000000e+91	
-1.687663093367341855000000000000000000000e+92	
-3.272779808653833475000000000000000000000e+90	
1.570721110640591687000000000000000000000e+92	
-8.230951831093934206000000000000000000000e+91	
8.500774898977315931000000000000000000000e+91	
-1.543738803852253514000000000000000000000e+92	
1.297925102115742917000000000000000000000e+91	
1.751828183083743002000000000000000000000e+92	
-6.419881106662421058000000000000000000000e+91	
9.916191221979825524000000000000000000000e+91	
-1.402197171552002555000000000000000000000e+92	
2.317883928107099494000000000000000000000e+91	
1.814297996624250904000000000000000000000e+92	
-5.795182971257342038000000000000000000000e+91	
1.137624143626198888000000000000000000000e+92	
-1.256192150123786219000000000000000000000e+92	
4.612870493514561698000000000000000000000e+91	
-1.932529244398528938000000000000000000000e+92	
-2.147134537939178711000000000000000000000e+91	
1.451584656665236096000000000000000000000e+92	
-9.422316370847490119000000000000000000000e+91	
7.244285356788724834000000000000000000000e+91	
-1.669387758071112624000000000000000000000e+92	
-2.365703189739511985000000000000000000000e+89	
1.613163949948051684000000000000000000000e+92	
-7.806523438019334237000000000000000000000e+91	
8.669056673173249476000000000000000000000e+91	
-1.526910626432660160000000000000000000000e+92	
1.210187733332921763000000000000000000000e+91	
1.717465273153511550000000000000000000000e+92	
-6.763510205964735576000000000000000000000e+91	
1.011437756644661174100000000000000000000e+92	
-1.382378537105323934000000000000000000000e+92	
3.057616072294668709000000000000000000000e+91	
1.942398840029567761000000000000000000000e+92	
-4.514174537204173463000000000000000000000e+91	
1.185596602645057369000000000000000000000e+92	
-1.208219691104927739000000000000000000000e+92	
4.291710012930024506000000000000000000000e+91	
-1.964645292456982657000000000000000000000e+92	
-3.268781514661872085000000000000000000000e+91	
1.259411147006876059000000000000000000000e+92	
-1.134405146743109049000000000000000000000e+92	
5.754892990075490866000000000000000000000e+91	
-1.818326994742436021000000000000000000000e+92	
-1.080921831754314659000000000000000000000e+91	
1.550628721054553798000000000000000000000e+92	
-8.431875726954313094000000000000000000000e+91	
8.158991647698540906000000000000000000000e+91	
-1.577917128980131017000000000000000000000e+92	
8.153525965706842702000000000000000000000e+90	
1.689499013729111486000000000000000000000e+92	
-7.043172800208736220000000000000000000000e+91	
9.591438590750249105000000000000000000000e+91	
-1.434672434674960197000000000000000000000e+92	
2.291521785944328768000000000000000000000e+91	
1.841485981383671772000000000000000000000e+92	
-5.523303123663133356000000000000000000000e+91	
1.101680842371854293000000000000000000000e+92	
-1.292135451378130814000000000000000000000e+92	
3.622438804855570020000000000000000000000e+91	
1.965137102480609049000000000000000000000e+92	
-4.286791912693760589000000000000000000000e+91	
1.245137281824585228000000000000000000000e+92	
-1.148679011925399879000000000000000000000e+92	
5.254957818267530036000000000000000000000e+91	
-1.868320511923232104000000000000000000000e+92	
-1.937875758375072388000000000000000000000e+91	
1.429249220581625748000000000000000000000e+92	
-9.645670731683593598000000000000000000000e+91	
6.673571585430504260000000000000000000000e+91	
-1.726459135206934682000000000000000000000e+92	
-9.415573442171601952000000000000000000000e+90	
1.486672542972817970000000000000000000000e+92	
-9.071437507771671380000000000000000000000e+91	
8.139973539689597716000000000000000000000e+91	
-1.579818939781025336000000000000000000000e+92	
1.416569336824787996000000000000000000000e+91	
1.811613305495490397000000000000000000000e+92	
-5.822029882544947106000000000000000000000e+91	
1.088113625264452822000000000000000000000e+92	
-1.305702668485532286000000000000000000000e+92	
3.649740074586883936000000000000000000000e+91	
1.984156462872450801000000000000000000000e+92	
-4.096598308775343062000000000000000000000e+91	
1.229670286529199956000000000000000000000e+92	
-1.164146007220785151000000000000000000000e+92	
4.755595935896223314000000000000000000000e+91	
-1.918256700160362776000000000000000000000e+92	
-2.781758028122463840000000000000000000000e+91	
1.310426100536321665000000000000000000000e+92	
-1.083390193213663443000000000000000000000e+92	
6.215430352960307756000000000000000000000e+91	
-1.772273258453954332000000000000000000000e+92	
-6.699719509031687432000000000000000000000e+90	
1.586767428745138225000000000000000000000e+92	
-8.070488650048468829000000000000000000000e+91	
8.470840586465967794000000000000000000000e+91	
-1.546732235103388328000000000000000000000e+92	
1.077688050731195248000000000000000000000e+91	
1.710783674810695398000000000000000000000e+92	
-6.830326189392897092000000000000000000000e+91	
9.908694421299154121000000000000000000000e+91	
-1.402946851620069696000000000000000000000e+92	
2.713134875129560159000000000000000000000e+91	
1.894077822642089404000000000000000000000e+92	
-4.997384711078957036000000000000000000000e+91	
1.132135446655894779000000000000000000000e+92	
-1.261680847094090329000000000000000000000e+92	
3.705722647831352386000000000000000000000e+91	
-2.023244028966849869000000000000000000000e+92	
-3.906119116888526621000000000000000000000e+91	
1.190544918606876870000000000000000000000e+92	
-1.203271375143108238000000000000000000000e+92	
5.175739224386103271000000000000000000000e+91	
-1.876242371311374780000000000000000000000e+92	
-1.550621577986058324000000000000000000000e+91	
1.514598701204079474000000000000000000000e+92	
-8.792175925459056332000000000000000000000e+91	
7.908036552298975880000000000000000000000e+91	
-1.603012638520087520000000000000000000000e+92	
6.736881867498009679000000000000000000000e+90	
1.686256202260427010000000000000000000000e+92	
-7.075600914895580975000000000000000000000e+91	
9.327959189990925251000000000000000000000e+91	
-1.461020374750892582000000000000000000000e+92	
1.797106085875751876000000000000000000000e+91	
1.768962274399692228000000000000000000000e+92	
-6.248540193502928796000000000000000000000e+91	
1.078086367329282405000000000000000000000e+92	
-1.315729926420702702000000000000000000000e+92	
3.875542868858353449000000000000000000000e+91	
2.039328051943637803000000000000000000000e+92	
-3.544882418063473046000000000000000000000e+91	
1.297654813853562053000000000000000000000e+92	
-1.096161479896423054000000000000000000000e+92	
5.563506825815870344000000000000000000000e+91	
-1.837465611168398073000000000000000000000e+92	
-1.845845255648304080000000000000000000000e+91	
1.416811195798879333000000000000000000000e+92	
-9.770050979511057748000000000000000000000e+91	
7.007187125698666825000000000000000000000e+91	
-1.693097581180118425000000000000000000000e+92	
-1.501739455660371694000000000000000000000e+90	
1.611564887048285368000000000000000000000e+92	
-7.822514067016997400000000000000000000000e+91	
8.447127024930468632000000000000000000000e+91	
-1.549103591256938244000000000000000000000e+92	
7.824215550440532699000000000000000000000e+90	
1.654115246139362805000000000000000000000e+92	
-7.397010476106223024000000000000000000000e+91	
9.916972500187384341000000000000000000000e+91	
-1.402119043731246674000000000000000000000e+92	
3.296089179418517277000000000000000000000e+91	
2.009812275831248703000000000000000000000e+92	
-3.840040179187364048000000000000000000000e+91	
1.296554482082555289000000000000000000000e+92	
-1.097261811667429819000000000000000000000e+92	
5.836516537029967380000000000000000000000e+91	
-1.810164640046988370000000000000000000000e+92	
-1.288963859622273698000000000000000000000e+91	
1.500872376505691727000000000000000000000e+92	
-8.929439172442933806000000000000000000000e+91	
7.372050870048653702000000000000000000000e+91	
-1.656611206745119737000000000000000000000e+92	
-2.608214994877600338000000000000000000000e+90	
1.552972666490583576000000000000000000000e+92	
-8.408436272594015320000000000000000000000e+91	
8.839599342402583799000000000000000000000e+91	
-1.509856359509726728000000000000000000000e+92	
2.152801480208642068000000000000000000000e+91	
1.888895332121608179000000000000000000000e+92	
-5.049209616283769289000000000000000000000e+91	
1.169052643305589612000000000000000000000e+92	
-1.224763650444395496000000000000000000000e+92	
4.495681969483202960000000000000000000000e+91	
-1.944248096801664812000000000000000000000e+92	
-2.695581852359022396000000000000000000000e+91	
1.353635508541641867000000000000000000000e+92	
-1.040180785208343240300000000000000000000e+92	
5.915134706353933283000000000000000000000e+91	
-1.802302823114591779000000000000000000000e+92	
-1.702292837454844302000000000000000000000e+91	
1.410369246627541443000000000000000000000e+92	
-9.834470471224436648000000000000000000000e+91	
7.382829776087068440000000000000000000000e+91	
-1.655533316141278264000000000000000000000e+92	
6.653118422079234038000000000000000000000e+90	
1.737075889991772806000000000000000000000e+92	
-6.567404037582123012000000000000000000000e+91	
1.014164250923893372000000000000000000000e+92	
-1.379652042826091736000000000000000000000e+92	
2.916123816321911492000000000000000000000e+91	
1.911382293056561958000000000000000000000e+92	
-4.824340006934231498000000000000000000000e+91	
1.155751443339596848000000000000000000000e+92	
-1.238064850410388259000000000000000000000e+92	
4.004966466932751690000000000000000000000e+91	
-1.993319647056709939000000000000000000000e+92	
-3.543822840318718742000000000000000000000e+91	
1.233076654093520068000000000000000000000e+92	
-1.160739639656465040000000000000000000000e+92	
5.467158794818335530000000000000000000000e+91	
-1.847100414268151555000000000000000000000e+92	
-1.393033155384973320000000000000000000000e+91	
1.516981089025090165000000000000000000000e+92	
-8.768352047248949424000000000000000000000e+91	
7.798162456411890918000000000000000000000e+91	
-1.614000048108796016000000000000000000000e+92	
4.301826539294335902000000000000000000000e+90	
1.648549155690112442000000000000000000000e+92	
-7.452671380598726659000000000000000000000e+91	
9.233960615894559396000000000000000000000e+91	
-1.470420232160529168000000000000000000000e+92	
1.986038527647582990000000000000000000000e+91	
1.816134539600766958000000000000000000000e+92	
-5.776817541492181498000000000000000000000e+91	
1.065369305617136209000000000000000000000e+92	
-1.328446988132848899000000000000000000000e+92	
3.149777032443346688000000000000000000000e+91	
1.906921736523670014000000000000000000000e+92	
-4.868945572263150932000000000000000000000e+91	
1.210163979211923396000000000000000000000e+92	
-1.183652314538061711000000000000000000000e+92	
5.137529757340494952000000000000000000000e+91	
-1.880063318015935612000000000000000000000e+92	
-1.823114464781366421000000000000000000000e+91	
1.463932730078756484000000000000000000000e+92	
-9.298835636712286234000000000000000000000e+91	
7.167326553853890654000000000000000000000e+91	
-1.677083638364596042000000000000000000000e+92	
-3.009556196179031570000000000000000000000e+90	
1.565410082961520305000000000000000000000e+92	
-8.284062107884648027000000000000000000000e+91	
8.615780066546039164000000000000000000000e+91	
-1.532238287095381191000000000000000000000e+92	
1.580962048416574893000000000000000000000e+91	
1.796926693188071401000000000000000000000e+92	
-5.968896005619137068000000000000000000000e+91	
1.042316619837420634700000000000000000000e+92	
-1.351499673912564473000000000000000000000e+92	
2.880820915499818768000000000000000000000e+91	
1.876185111414799662000000000000000000000e+92	
-5.176311823351854458000000000000000000000e+91	
1.187594657428656228000000000000000000000e+92	
-1.206221636321328880000000000000000000000e+92	
4.993468926732850654000000000000000000000e+91	
-1.894469401076700042000000000000000000000e+92	
-1.885583533966769801000000000000000000000e+91	
1.465840938743976287000000000000000000000e+92	
-9.279753550060088209000000000000000000000e+91	
7.267919210967143878000000000000000000000e+91	
-1.667024372653270720000000000000000000000e+92	
-1.188929572221157510000000000000000000000e+90	
1.591759295230298674000000000000000000000e+92	
-8.020569985196864338000000000000000000000e+91	
8.706648710588784221000000000000000000000e+91	
-1.523151422691106686000000000000000000000e+92	
1.499293122944689310000000000000000000000e+91	
1.771514630327040898000000000000000000000e+92	
-6.223016634229442101000000000000000000000e+91	
1.012231775424792835000000000000000000000e+92	
-1.381584518325192272000000000000000000000e+92	
2.533267910782262570000000000000000000000e+91	
1.836761679219063740000000000000000000000e+92	
-5.570546145309213671000000000000000000000e+91	
1.158100052202809128000000000000000000000e+92	
-1.235716241547175980000000000000000000000e+92	
4.797761731607973137000000000000000000000e+91	
-1.914040120589187794000000000000000000000e+92	
-1.982101259932310479000000000000000000000e+91	
1.466103176723810706000000000000000000000e+92	
-9.277131170261744020000000000000000000000e+91	
7.369632357700483514000000000000000000000e+91	
-1.656853057979936756000000000000000000000e+92	
8.186164217167639659000000000000000000000e+89	
1.621733971462480730000000000000000000000e+92	
-7.720823222875043775000000000000000000000e+91	
8.796568310852816768000000000000000000000e+91	
-1.514159462664703431000000000000000000000e+92	
1.379489985353075312000000000000000000000e+91	
1.738572480005674076000000000000000000000e+92	
-6.552438137443110319000000000000000000000e+91	
1.023679885232732287400000000000000000000e+92	
-1.370136408517252820000000000000000000000e+92	
3.091430694165991297000000000000000000000e+91	
1.936924045483271654000000000000000000000e+92	
-4.568922482667134538000000000000000000000e+91	
1.171269958838294391000000000000000000000e+92	
-1.222546334911690717000000000000000000000e+92	
4.059969135052770254000000000000000000000e+91	
-1.987819380244708082000000000000000000000e+92	
-3.588952801477355220000000000000000000000e+91	
1.218555378327369155000000000000000000000e+92	
-1.175260915422615952000000000000000000000e+92	
5.533872135361620500000000000000000000000e+91	
-1.840429080213823058000000000000000000000e+92	
-1.114499185411772749000000000000000000000e+91	
1.566006007336754285000000000000000000000e+92	
-8.278102864132308228000000000000000000000e+91	
8.500021488847784382000000000000000000000e+91	
-1.543814144865206669000000000000000000000e+92	
1.343546224296554884000000000000000000000e+91	
1.761025440622152796000000000000000000000e+92	
-6.327908531278323116000000000000000000000e+91	
9.942617485927221255000000000000000000000e+91	
-1.399554545157262982000000000000000000000e+92	
2.278796500900155824000000000000000000000e+91	
1.803841145192953787000000000000000000000e+92	
-5.899751485570313210000000000000000000000e+91	
1.141034252196471048000000000000000000000e+92	
-1.252782041553514060000000000000000000000e+92	
4.785572167851415729000000000000000000000e+91	
-1.915259076964843535000000000000000000000e+92	
-1.835901252005022845000000000000000000000e+91	
1.496554252147463847000000000000000000000e+92	
-8.972620416025212610000000000000000000000e+91	
7.832375072100497496000000000000000000000e+91	
-1.610578786539935358000000000000000000000e+92	
7.027575697987379456000000000000000000000e+90	
1.699631014773228217000000000000000000000e+92	
-6.941852789767568902000000000000000000000e+91	
9.355504263857596502000000000000000000000e+91	
-1.458265867364225457000000000000000000000e+92	
1.718500962309844799000000000000000000000e+91	
1.750492025052355574000000000000000000000e+92	
-6.433242686976295336000000000000000000000e+91	
1.082086466111057191000000000000000000000e+92	
-1.311729827638927917000000000000000000000e+92	
4.140135510301421098000000000000000000000e+91	
2.088235304249198955000000000000000000000e+92	
-3.055809895007861525000000000000000000000e+91	
1.368998882681632412000000000000000000000e+92	
-1.024817411068352695400000000000000000000e+92	
6.501204018531849536000000000000000000000e+91	
-1.743695891896800154000000000000000000000e+92	
-6.840031637168902590000000000000000000000e+90	
1.555398739945810489000000000000000000000e+92	
-8.384175538041746186000000000000000000000e+91	
7.917239927614411788000000000000000000000e+91	
-1.602092300988543929000000000000000000000e+92	
2.842930183570537146000000000000000000000e+90	
1.607476668012571284000000000000000000000e+92	
-7.863396257374138234000000000000000000000e+91	
9.384062104353172942000000000000000000000e+91	
-1.455410083314667813000000000000000000000e+92	
2.696687276170252722000000000000000000000e+91	
1.943226243832605491000000000000000000000e+92	
-4.505900499173796164000000000000000000000e+91	
1.223325915830867076000000000000000000000e+92	
-1.170490377919118031000000000000000000000e+92	
5.037838589730391526000000000000000000000e+91	
-1.890032434776945955000000000000000000000e+92	
-2.154001050408555994000000000000000000000e+91	
1.407736035563632755000000000000000000000e+92	
-9.860802581863523528000000000000000000000e+91	
6.456628116154109290000000000000000000000e+91	
-1.748153482134574179000000000000000000000e+92	
-1.160311531005706478000000000000000000000e+91	
1.464616142656311017000000000000000000000e+92	
-9.292001510936740905000000000000000000000e+91	
7.923535678660447317000000000000000000000e+91	
-1.601462725883940376000000000000000000000e+92	
1.204255564483871926000000000000000000000e+91	
1.790794131887646920000000000000000000000e+92	
-6.030221618623381880000000000000000000000e+91	
1.067706450142424688000000000000000000000e+92	
-1.326109843607560419000000000000000000000e+92	
3.449786257841352568000000000000000000000e+91	
-2.048837667965849851000000000000000000000e+92	
-3.773895202766213944000000000000000000000e+91	
1.242564022945575951000000000000000000000e+92	
-1.151252270804409156000000000000000000000e+92	
4.874464460525126126000000000000000000000e+91	
-1.906369847697472495000000000000000000000e+92	
-2.672953332092156453000000000000000000000e+91	
1.320300688123741084000000000000000000000e+92	
-1.073515605626244024000000000000000000000e+92	
6.335323043684577297000000000000000000000e+91	
-1.760283989381527378000000000000000000000e+92	
-5.289429694156362120000000000000000000000e+90	
1.602982904085286740000000000000000000000e+92	
-7.908333896646983678000000000000000000000e+91	
8.654110598166983179000000000000000000000e+91	
-1.528405233933286790000000000000000000000e+92	
1.282062812349612722000000000000000000000e+91	
1.733330575649031695000000000000000000000e+92	
-6.604857181009534122000000000000000000000e+91	
1.008923346853469919700000000000000000000e+92	
-1.384892946896515188000000000000000000000e+92	
2.848766321407925477000000000000000000000e+91	
1.903152442080477664000000000000000000000e+92	
-4.906638516695074436000000000000000000000e+91	
1.150693537160801823000000000000000000000e+92	
-1.243122756589183285000000000000000000000e+92	
3.986091067372825856000000000000000000000e+91	
-1.995207187012702522000000000000000000000e+92	
-3.531010355539435167000000000000000000000e+91	
1.237525114001702391000000000000000000000e+92	
-1.156291179748282717000000000000000000000e+92	
5.444579427133759635000000000000000000000e+91	
-1.849358351036609144000000000000000000000e+92	
-1.482643114265536394000000000000000000000e+91	
1.501320369913482236000000000000000000000e+92	
-8.924959238365028712000000000000000000000e+91	
7.574591375419090064000000000000000000000e+91	
-1.636357156208076101000000000000000000000e+92	
1.396810088252912613000000000000000000000e+90	
1.612809265686585923000000000000000000000e+92	
-7.810070280633991846000000000000000000000e+91	
9.018568178395537314000000000000000000000e+91	
-1.491959475910431376000000000000000000000e+92	
1.912581880654527350000000000000000000000e+91	
1.822975390266149370000000000000000000000e+92	
-5.708409034838357372000000000000000000000e+91	
1.061255570822570359000000000000000000000e+92	
-1.332560722927414749000000000000000000000e+92	
2.999148347332229849000000000000000000000e+91	
1.880915183326258929000000000000000000000e+92	
-5.129011104237261783000000000000000000000e+91	
1.207344418752333257000000000000000000000e+92	
-1.186471874997651850000000000000000000000e+92	
5.341088685948234470000000000000000000000e+91	
-1.859707425155161661000000000000000000000e+92	
-1.387916339716599448000000000000000000000e+91	
1.530604934296212053000000000000000000000e+92	
-8.632113594537730542000000000000000000000e+91	
8.065457291161802238000000000000000000000e+91	
-1.587270564633804884000000000000000000000e+92	
8.284686481891888676000000000000000000000e+90	
1.701470352060102047000000000000000000000e+92	
-6.923459416898830603000000000000000000000e+91	
9.485478421485533123000000000000000000000e+91	
-1.445268451601431795000000000000000000000e+92	
1.960000374543936110000000000000000000000e+91	
1.785788941484631182000000000000000000000e+92	
-6.080273522653539252000000000000000000000e+91	
1.093753792209482395000000000000000000000e+92	
-1.300062501540502712000000000000000000000e+92	
4.020630464787040399000000000000000000000e+91	
2.052678722879468571000000000000000000000e+92	
-3.411375708705165366000000000000000000000e+91	
1.309847972475678701000000000000000000000e+92	
-1.083968321274306407000000000000000000000e+92	
5.673869049464862322000000000000000000000e+91	
-1.826429388803498875000000000000000000000e+92	
-1.747046636873369922000000000000000000000e+91	
1.425535272672236636000000000000000000000e+92	
-9.682810210777484718000000000000000000000e+91	
7.118761496332336376000000000000000000000e+91	
-1.681940144116751470000000000000000000000e+92	
-1.427808308007850268000000000000000000000e+89	
1.627585412080007545000000000000000000000e+92	
-7.662308816699775624000000000000000000000e+91	
8.631629565081701208000000000000000000000e+91	
-1.530653337241814987000000000000000000000e+92	
9.912092930528363928000000000000000000000e+90	
1.677421331130128582000000000000000000000e+92	
-7.163949626198565258000000000000000000000e+91	
1.009836810009675794400000000000000000000e+92	
-1.383979483740309313000000000000000000000e+92	
3.425845241455986419000000000000000000000e+91	
2.017626498180834605000000000000000000000e+92	
-3.761897955691505023000000000000000000000e+91	
1.299209889232036198000000000000000000000e+92	
-1.094606404517948910000000000000000000000e+92	
5.811508130280926910000000000000000000000e+91	
-1.812665480721892417000000000000000000000e+92	
-1.365509083634966178000000000000000000000e+91	
1.488066737199013897000000000000000000000e+92	
-9.057495565509712105000000000000000000000e+91	
7.227510048060250663000000000000000000000e+91	
-1.671065288943960041000000000000000000000e+92	
-4.218385466298758010000000000000000000000e+90	
1.535224159229515968000000000000000000000e+92	
-8.585921345204691396000000000000000000000e+91	
8.697192525668678535000000000000000000000e+91	
-1.524097041183117254000000000000000000000e+92	
2.045455462036416070000000000000000000000e+91	
1.881665065297838765000000000000000000000e+92	
-5.121512284521463430000000000000000000000e+91	
1.165324967480920574000000000000000000000e+92	
-1.228491326269064534000000000000000000000e+92	
4.493413689963282708000000000000000000000e+91	
-1.944474924753656837000000000000000000000e+92	
-2.662859075741424928000000000000000000000e+91	
1.360405150425293204000000000000000000000e+92	
-1.033411143324691903500000000000000000000e+92	
5.936616881301023709000000000000000000000e+91	
-1.800154605619882737000000000000000000000e+92	
-1.727001907060493790000000000000000000000e+91	
1.403281514000768319000000000000000000000e+92	
-9.905347797492167884000000000000000000000e+91	
7.409719337163138756000000000000000000000e+91	
-1.652844360033671232000000000000000000000e+92	
7.899196352053652496000000000000000000000e+90	
1.759303629362834469000000000000000000000e+92	
-6.345126643871506384000000000000000000000e+91	
1.046154089665671349200000000000000000000e+92	
-1.347662204084313758000000000000000000000e+92	
3.333594614630979711000000000000000000000e+91	
1.962881758112819611000000000000000000000e+92	
-4.309345356371654964000000000000000000000e+91	
1.198968125451873363000000000000000000000e+92	
-1.194848168298111744000000000000000000000e+92	
4.354346679351475483000000000000000000000e+91	
-1.958381625814837559000000000000000000000e+92	
-3.277188036382490708000000000000000000000e+91	
1.251469711610644961000000000000000000000e+92	
-1.142346582139340147000000000000000000000e+92	
5.825806435213854380000000000000000000000e+91	
-1.811235650228599670000000000000000000000e+92	
-8.597554008060233747000000000000000000000e+90	
1.587763185124517212000000000000000000000e+92	
-8.060531086254678961000000000000000000000e+91	
8.680439759304562244000000000000000000000e+91	
-1.525772317819528883000000000000000000000e+92	
1.486829477433245506000000000000000000000e+91	
1.771642112293696765000000000000000000000e+92	
-6.221741814562883428000000000000000000000e+91	
1.009452642444880769700000000000000000000e+92	
-1.384363651305104338000000000000000000000e+92	
2.476424896801355908000000000000000000000e+91	
1.828173655211293097000000000000000000000e+92	
-5.656426385386920106000000000000000000000e+91	
1.155666581999411428000000000000000000000e+92	
-1.238149711750573680000000000000000000000e+92	
4.834941938391068228000000000000000000000e+91	
-1.910322099910878285000000000000000000000e+92	
-1.883436758315620268000000000000000000000e+91	
1.482114996494049983000000000000000000000e+92	
-9.117012972559351249000000000000000000000e+91	
7.591173667968694996000000000000000000000e+91	
-1.634698926953115608000000000000000000000e+92	
3.647954967062557553000000000000000000000e+90	
1.656163556033916102000000000000000000000e+92	
-7.376527377160690056000000000000000000000e+91	
9.010585496183706506000000000000000000000e+91	
-1.492757744131614457000000000000000000000e+92	
1.463293345782399428000000000000000000000e+91	
1.733937913879986666000000000000000000000e+92	
-6.598783798699984422000000000000000000000e+91	
1.046585263645300418400000000000000000000e+92	
-1.347231030104684689000000000000000000000e+92	
3.595746866264342039000000000000000000000e+91	
2.014868202570290330000000000000000000000e+92	
-3.789480911796947772000000000000000000000e+91	
1.276712963699923273000000000000000000000e+92	
-1.117103330050061835000000000000000000000e+92	
5.389250808530599508000000000000000000000e+91	
-1.854891212896925157000000000000000000000e+92	
-1.984956287915290295000000000000000000000e+91	
1.406412842021606058000000000000000000000e+92	
-9.874034517283790498000000000000000000000e+91	
6.829029763256321118000000000000000000000e+91	
-1.710913317424352996000000000000000000000e+92	
-4.024682187609166042000000000000000000000e+90	
1.578925458208165320000000000000000000000e+92	
-8.148908355418197880000000000000000000000e+91	
8.250071737951966718000000000000000000000e+91	
-1.568809119954788436000000000000000000000e+92	
7.146409016442715792000000000000000000000e+90	
1.660258210576238867000000000000000000000e+92	
-7.335580831737462403000000000000000000000e+91	
9.704968280511550056000000000000000000000e+91	
-1.423319465698830102000000000000000000000e+92	
2.810787174901617730000000000000000000000e+91	
1.933965898043582976000000000000000000000e+92	
-4.598503957064021317000000000000000000000e+91	
1.193405521338191304000000000000000000000e+92	
-1.200410772411793803000000000000000000000e+92	
4.532136976157297688000000000000000000000e+91	
-1.940602596134255339000000000000000000000e+92	
-2.866097565407193756000000000000000000000e+91	
1.315897165528901964000000000000000000000e+92	
-1.077919128221083144000000000000000000000e+92	
5.975899405044171630000000000000000000000e+91	
-1.796226353245567944000000000000000000000e+92	
-1.203598062120592971000000000000000000000e+91	
1.504009937459757795000000000000000000000e+92	
-8.898063562902273128000000000000000000000e+91	
7.391971583609691140000000000000000000000e+91	
-1.654619135389015994000000000000000000000e+92	
-2.523499811745530366000000000000000000000e+90	
1.552675468586593103000000000000000000000e+92	
-8.411408251633920050000000000000000000000e+91	
8.860840678446863202000000000000000000000e+91	
-1.507732225905298787000000000000000000000e+92	
2.198244081152164087000000000000000000000e+91	
1.895858514287089010000000000000000000000e+92	
-4.979577794628960972000000000000000000000e+91	
1.178433543722803797000000000000000000000e+92	
-1.215382750027181311000000000000000000000e+92	
4.613656123969747482000000000000000000000e+91	
-1.932450681353010359000000000000000000000e+92	
-2.553454573772965799000000000000000000000e+91	
1.370262346787215246000000000000000000000e+92	
-1.023553946962769861200000000000000000000e+92	
6.030107163649020950000000000000000000000e+91	
-1.790805577385083012000000000000000000000e+92	
-1.638590776995064556000000000000000000000e+91	
1.411614964552060037000000000000000000000e+92	
-9.822013291979250703000000000000000000000e+91	
7.503681344997673870000000000000000000000e+91	
-1.643448159250217720000000000000000000000e+92	
8.945038563968363768000000000000000000000e+90	
1.770823744184420937000000000000000000000e+92	
-6.229925495655641708000000000000000000000e+91	
1.058735368819526604900000000000000000000e+92	
-1.335080924930458503000000000000000000000e+92	
3.470013768420039927000000000000000000000e+91	
-2.046814916907981115000000000000000000000e+92	
-3.643784081133133833000000000000000000000e+91	
1.266558027661872725000000000000000000000e+92	
-1.127258266088112382000000000000000000000e+92	
5.040578303550186958000000000000000000000e+91	
-1.889758463394966412000000000000000000000e+92	
-2.580628952287435810000000000000000000000e+91	
1.322157852045458578000000000000000000000e+92	
-1.071658441704526530000000000000000000000e+92	
6.509897364268731574000000000000000000000e+91	
-1.742826557323111950000000000000000000000e+92	
-1.984436049608729606000000000000000000000e+90	
1.651617585031953571000000000000000000000e+92	
-7.421987087180315370000000000000000000000e+91	
9.296227292405303372000000000000000000000e+91	
-1.464193564509454770000000000000000000000e+92	
2.079871869718552208000000000000000000000e+91	
1.828672969392886539000000000000000000000e+92	
-5.651433243570985688000000000000000000000e+91	
1.071216062869874058000000000000000000000e+92	
-1.322600230880111049000000000000000000000e+92	
3.141361181870044606000000000000000000000e+91	
1.899395137728238195000000000000000000000e+92	
-4.944211560217469122000000000000000000000e+91	
1.216790019249056415000000000000000000000e+92	
-1.177026274500928693000000000000000000000e+92	
5.345246112924624389000000000000000000000e+91	
-1.859291682457522669000000000000000000000e+92	
-1.474012552044995078000000000000000000000e+91	
1.512974440765045686000000000000000000000e+92	
-8.808418529849394216000000000000000000000e+91	
7.798988526834991522000000000000000000000e+91	
-1.613917441066485955000000000000000000000e+92	
4.718809264730687488000000000000000000000e+90	
1.656804169079027575000000000000000000000e+92	
-7.370121246709575328000000000000000000000e+91	
9.229975232308496027000000000000000000000e+91	
-1.470818770519135505000000000000000000000e+92	
1.895560692518668596000000000000000000000e+91	
1.798441815383574266000000000000000000000e+92	
-5.953744783664108418000000000000000000000e+91	
1.065989253470288254000000000000000000000e+92	
-1.327827040279696854000000000000000000000e+92	
3.339012095423538576000000000000000000000e+91	
1.944139692176636073000000000000000000000e+92	
-4.496766015733490350000000000000000000000e+91	
1.208628904760198835000000000000000000000e+92	
-1.185187388989786272000000000000000000000e+92	
4.734841573091797959000000000000000000000e+91	
-1.920332136440805312000000000000000000000e+92	
-2.612947323426904348000000000000000000000e+91	
1.346254243714671051000000000000000000000e+92	
-1.047562050035314056600000000000000000000e+92	
6.172393639114206195000000000000000000000e+91	
-1.776576929838564488000000000000000000000e+92	
-1.114127087298442809000000000000000000000e+91	
1.502260035219163472000000000000000000000e+92	
-8.915562585308216351000000000000000000000e+91	
7.600796693175090028000000000000000000000e+91	
-1.633736624432476105000000000000000000000e+92	
1.826866261508916589000000000000000000000e+90	
1.618789021279453430000000000000000000000e+92	
-7.750272724705316778000000000000000000000e+91	
9.042760899439217214000000000000000000000e+91	
-1.489540203806063386000000000000000000000e+92	
1.901187486189669217000000000000000000000e+91	
1.818279010324619101000000000000000000000e+92	
-5.755372834253660068000000000000000000000e+91	
1.053004020560408044300000000000000000000e+92	
-1.340812273189577063000000000000000000000e+92	
2.881098834438823745000000000000000000000e+91	
1.865558599422673382000000000000000000000e+92	
-5.282576943273117254000000000000000000000e+91	
1.199522201561371283000000000000000000000e+92	
-1.194294092188613825000000000000000000000e+92	
5.338172685054957022000000000000000000000e+91	
-1.859999025244489405000000000000000000000e+92	
-1.315563647042814936000000000000000000000e+91	
1.545363327040499297000000000000000000000e+92	
-8.484529667094858106000000000000000000000e+91	
8.288235013217831498000000000000000000000e+91	
-1.564992792428201958000000000000000000000e+92	
1.126402743335194471000000000000000000000e+91	
1.738775658593730919000000000000000000000e+92	
-6.550406351562541883000000000000000000000e+91	
9.714767991001898339000000000000000000000e+91	
-1.422339494649795274000000000000000000000e+92	
2.045597994689371167000000000000000000000e+91	
1.779986659646345604000000000000000000000e+92	
-6.138296341036395034000000000000000000000e+91	
1.118342976933184234000000000000000000000e+92	
-1.275473316816800874000000000000000000000e+92	
4.570285729129841662000000000000000000000e+91	
-1.936787720837000941000000000000000000000e+92	
-2.039567162856257365000000000000000000000e+91	
1.477349135533230664000000000000000000000e+92	
-9.164671582167544440000000000000000000000e+91	
7.651932870383730725000000000000000000000e+91	
-1.628623006711612035000000000000000000000e+92	
5.339185551008504212000000000000000000000e+90	
1.683906854552182435000000000000000000000e+92	
-7.099094391978026730000000000000000000000e+91	
9.209854302476913474000000000000000000000e+91	
-1.472830863502293760000000000000000000000e+92	
1.584436872973652082000000000000000000000e+91	
1.738243626731750343000000000000000000000e+92	
-6.555726670182347646000000000000000000000e+91	
1.067404750987903438000000000000000000000e+92	
-1.326411542762081669000000000000000000000e+92	
3.968997300876285356000000000000000000000e+91	
2.068690587867845673000000000000000000000e+92	
-3.251257058821394350000000000000000000000e+91	
1.347024480639593454000000000000000000000e+92	
-1.046791813110391653300000000000000000000e+92	
6.257175233265467273000000000000000000000e+91	
-1.768098770423438380000000000000000000000e+92	
-9.523046280860899601000000000000000000000e+90	
1.526142533571459056000000000000000000000e+92	
-8.676737601785260520000000000000000000000e+91	
7.676396867369285682000000000000000000000e+91	
-1.626176607013056539000000000000000000000e+92	
9.514322273255054990000000000000000000000e+89	
1.593728442305347746000000000000000000000e+92	
-8.000878514446373612000000000000000000000e+91	
9.137459873258404233000000000000000000000e+91	
-1.480070306424144684000000000000000000000e+92	
2.341019376539968227000000000000000000000e+91	
1.896758314862118433000000000000000000000e+92	
-4.970579788878666745000000000000000000000e+91	
1.165962272997751099000000000000000000000e+92	
-1.227854020752234008000000000000000000000e+92	
4.355299247222041441000000000000000000000e+91	
-1.958286369027780964000000000000000000000e+92	
-2.945389109630757876000000000000000000000e+91	
1.317717775019128970000000000000000000000e+92	
-1.076098518730856137000000000000000000000e+92	
5.787819676058038858000000000000000000000e+91	
-1.815034326144181222000000000000000000000e+92	
-1.597860953202622574000000000000000000000e+91	
1.443975593212069871000000000000000000000e+92	
-9.498407005379152365000000000000000000000e+91	
7.228411593280417438000000000000000000000e+91	
-1.670975134421943364000000000000000000000e+92	
2.065610762566619934000000000000000000000e+89	
1.623610958895705130000000000000000000000e+92	
-7.702053348542799772000000000000000000000e+91	
8.646120781691247382000000000000000000000e+91	
-1.529204215580860369000000000000000000000e+92	
1.059909266734497201600000000000000000000e+91	
1.689709506410735637000000000000000000000e+92	
-7.041067873392494710000000000000000000000e+91	
1.010645982946321144300000000000000000000e+92	
-1.383170310803663963000000000000000000000e+92	
3.319204074670326304000000000000000000000e+91	
1.995494801772765856000000000000000000000e+92	
-3.983214919772192515000000000000000000000e+91	
1.265616320138548042000000000000000000000e+92	
-1.128199973611437066000000000000000000000e+92	
5.361010754530572771000000000000000000000e+91	
-1.857715218296927830000000000000000000000e+92	
-1.930511130550050803000000000000000000000e+91	
1.420121763918720161000000000000000000000e+92	
-9.736945298312649463000000000000000000000e+91	
6.791096378653759086000000000000000000000e+91	
-1.714706655884609199000000000000000000000e+92	
-6.153371038397779069000000000000000000000e+90	
1.540153725627550672000000000000000000000e+92	
-8.536625681224344352000000000000000000000e+91	
8.232778045768197534000000000000000000000e+91	
-1.570538489173165354000000000000000000000e+92	
1.067586495203334668000000000000000000000e+91	
1.732558272892872768000000000000000000000e+92	
-6.612580208571123394000000000000000000000e+91	
9.649238196090104139000000000000000000000e+91	
-1.428892474140974694000000000000000000000e+92	
1.976713932016274779000000000000000000000e+91	
1.772762993533980077000000000000000000000e+92	
-6.210533002160050307000000000000000000000e+91	
1.111838309825680313000000000000000000000e+92	
-1.281977983924304795000000000000000000000e+92	
4.512425469877576477000000000000000000000e+91	
-1.942573746762227460000000000000000000000e+92	
-2.090244586730826913000000000000000000000e+91	
1.472999319217023507000000000000000000000e+92	
-9.208169745329616006000000000000000000000e+91	
7.615610395047957298000000000000000000000e+91	
-1.632255254245189378000000000000000000000e+92	
5.047681964832844044000000000000000000000e+90	
1.681708673429160121000000000000000000000e+92	
-7.121076203208249868000000000000000000000e+91	
9.195037471079506175000000000000000000000e+91	
-1.474312546642034490000000000000000000000e+92	
1.576781455629993950000000000000000000000e+91	
1.738193870002309367000000000000000000000e+92	
-6.556224237476757407000000000000000000000e+91	
1.065840781301883653000000000000000000000e+92	
-1.327975512448101454000000000000000000000e+92	
3.938223010199165920000000000000000000000e+91	
2.064100452618299066000000000000000000000e+92	
-3.297158411316860421000000000000000000000e+91	
1.340922392033225212000000000000000000000e+92	
-1.052893901716759896000000000000000000000e+92	
6.181042338137132824000000000000000000000e+91	
-1.775712059936271825000000000000000000000e+92	
-1.043542011520205103900000000000000000000e+91	
1.515509098099071992000000000000000000000e+92	
-8.783071956509131156000000000000000000000e+91	
7.602144301592280968000000000000000000000e+91	
-1.633601863590757011000000000000000000000e+92	
5.295647983214050934000000000000000000000e+89	
1.592714754490518875000000000000000000000e+92	
-8.011015392594662328000000000000000000000e+91	
9.059533522943803956000000000000000000000e+91	
-1.487862941455604712000000000000000000000e+92	
2.195337290690076995000000000000000000000e+91	
1.875417904707739271000000000000000000000e+92	
-5.183983890422458364000000000000000000000e+91	
1.137853031579993102000000000000000000000e+92	
-1.255963262169992005000000000000000000000e+92	
4.006552206697866804000000000000000000000e+91	
-1.993161073080198427000000000000000000000e+92	
-3.361757106978917702000000000000000000000e+91	
1.269322244878552435000000000000000000000e+92	
-1.124494048871432672000000000000000000000e+92	
5.447501305318873872000000000000000000000e+91	
-1.849066163218097720000000000000000000000e+92	
-1.794613876736795391000000000000000000000e+91	
1.438649700790491898000000000000000000000e+92	
-9.551665929594932100000000000000000000000e+91	
6.871655531228252998000000000000000000000e+91	
-1.706650740627159808000000000000000000000e+92	
-6.394460515388942356000000000000000000000e+90	
1.527281229823600461000000000000000000000e+92	
-8.665350639263846467000000000000000000000e+91	
8.325547203082318930000000000000000000000e+91	
-1.561261573441753215000000000000000000000e+92	
1.381739537403071463000000000000000000000e+91	
1.786100948040421539000000000000000000000e+92	
-6.077153457095635684000000000000000000000e+91	
1.040582853606231234900000000000000000000e+92	
-1.353233440143753873000000000000000000000e+92	
2.954357794509738096000000000000000000000e+91	
1.892621730915532953000000000000000000000e+92	
-5.011945628344521545000000000000000000000e+91	
1.184793706144943937000000000000000000000e+92	
-1.209022587605041170000000000000000000000e+92	
4.773179445228249005000000000000000000000e+91	
-1.916498349227160207000000000000000000000e+92	
-2.298057292608169902000000000000000000000e+91	
1.405384699556966494000000000000000000000e+92	
-9.884315941930186133000000000000000000000e+91	
6.471363782177563054000000000000000000000e+91	
-1.746679915532228802000000000000000000000e+92	
-1.107345874197159198000000000000000000000e+91	
1.473733804832497999000000000000000000000e+92	
-9.200824889174871083000000000000000000000e+91	
7.933752104343003384000000000000000000000e+91	
-1.600441083315684769000000000000000000000e+92	
1.133552085362076644000000000000000000000e+91	
1.775635820617361809000000000000000000000e+92	
-6.181804731326232987000000000000000000000e+91	
1.044464200632195276800000000000000000000e+92	
-1.349352093117789831000000000000000000000e+92	
3.136564611489500778000000000000000000000e+91	
1.925174611061747637000000000000000000000e+92	
-4.686416826882374706000000000000000000000e+91	
1.186982191880914304000000000000000000000e+92	
-1.206834101869070804000000000000000000000e+92	
4.491571472270242208000000000000000000000e+91	
-1.944659146522960887000000000000000000000e+92	
-2.883007057303600819000000000000000000000e+91	
1.316570640255006808000000000000000000000e+92	
-1.077245653494978299000000000000000000000e+92	
5.932604466293753619000000000000000000000e+91	
-1.800555847120609746000000000000000000000e+92	
-1.296897788723467079000000000000000000000e+91	
1.489681974591024532000000000000000000000e+92	
-9.041343191589605760000000000000000000000e+91	
7.354620193156830489000000000000000000000e+91	
-1.658354274434302059000000000000000000000e+92	
-1.838258504561330480000000000000000000000e+90	
1.570110164692801267000000000000000000000e+92	
-8.237061290571838409000000000000000000000e+91	
8.811078922978074732000000000000000000000e+91	
-1.512708401452177634000000000000000000000e+92	
1.924485140823081437000000000000000000000e+91	
1.846094049384638410000000000000000000000e+92	
-5.477222443653466972000000000000000000000e+91	
1.106291650019488498000000000000000000000e+92	
-1.287524643730496610000000000000000000000e+92	
3.668574264164251583000000000000000000000e+91	
-2.026958867333559949000000000000000000000e+92	
-3.722088046537379537000000000000000000000e+91	
1.231054963656693993000000000000000000000e+92	
-1.162761330093291115000000000000000000000e+92	
5.112609826077264594000000000000000000000e+91	
-1.882555311142258648000000000000000000000e+92	
-2.081747802227745555000000000000000000000e+91	
1.414709686877246894000000000000000000000e+92	
-9.791066068727382132000000000000000000000e+91	
6.531594887439798350000000000000000000000e+91	
-1.740656805006005272000000000000000000000e+92	
-1.080117104501038047000000000000000000000e+91	
1.473158090665158183000000000000000000000e+92	
-9.206582030848269243000000000000000000000e+91	
7.997786119277867902000000000000000000000e+91	
-1.594037681822198317000000000000000000000e+92	
1.267342524100478411000000000000000000000e+91	
1.795987035319622554000000000000000000000e+92	
-5.978292584303625532000000000000000000000e+91	
1.071784116338622776000000000000000000000e+92	
-1.322032177411362332000000000000000000000e+92	
3.479416097621109695000000000000000000000e+91	
-2.045874683987874138000000000000000000000e+92	
-3.755406637755270980000000000000000000000e+91	
1.243299306435053370000000000000000000000e+92	
-1.150516987314931738000000000000000000000e+92	
4.905365592307153572000000000000000000000e+91	
-1.903279734519269750000000000000000000000e+92	
-2.618515622649735936000000000000000000000e+91	
1.328096945494563808000000000000000000000e+92	
-1.065719348255421300000000000000000000000e+92	
6.363412439946812142000000000000000000000e+91	
-1.757475049755303893000000000000000000000e+92	
-5.507019303296401632000000000000000000000e+90	
1.595824653068012397000000000000000000000e+92	
-7.979916406819727106000000000000000000000e+91	
8.532729334306905451000000000000000000000e+91	
-1.540543360319294562000000000000000000000e+92	
1.110907578033648713000000000000000000000e+91	
1.711240132261610319000000000000000000000e+92	
-6.825761614883747890000000000000000000000e+91	
9.973873869913499068000000000000000000000e+91	
-1.396428906758635201000000000000000000000e+92	
2.838899031783823984000000000000000000000e+91	
1.912709694006248162000000000000000000000e+92	
-4.811065997437369456000000000000000000000e+91	
1.148093905137906517000000000000000000000e+92	
-1.245722388612078590000000000000000000000e+92	
3.838586408542534074000000000000000000000e+91	
-2.009957652895731700000000000000000000000e+92	
-3.799962882195079382000000000000000000000e+91	
1.198491118621765825000000000000000000000e+92	
-1.195325175128219283000000000000000000000e+92	
5.311567115384100564000000000000000000000e+91	
-1.862659582211575051000000000000000000000e+92	
-1.358455847622482068000000000000000000000e+91	
1.539446254424674100000000000000000000000e+92	
-8.543700393253110079000000000000000000000e+91	
8.212793862777452560000000000000000000000e+91	
-1.572536907472239852000000000000000000000e+92	
1.034699265877396161500000000000000000000e+91	
1.727979887469705492000000000000000000000e+92	
-6.658364062802796153000000000000000000000e+91	
9.625684970846580563000000000000000000000e+91	
-1.431247796665327051000000000000000000000e+92	
1.975380272294796700000000000000000000000e+91	
1.774850478318018992000000000000000000000e+92	
-6.189658154319661152000000000000000000000e+91	
1.109224655938297014000000000000000000000e+92	
-1.284591637811688094000000000000000000000e+92	
4.439300940338444666000000000000000000000e+91	
2.120928817732715289000000000000000000000e+92	
-2.728874760172698186000000000000000000000e+91	
1.404467984636437605000000000000000000000e+92	
-9.893483091135475030000000000000000000000e+91	
6.883637109585354483000000000000000000000e+91	
-1.705452582791449659000000000000000000000e+92	
-2.738418074909883591000000000000000000000e+90	
1.599186322139431998000000000000000000000e+92	
-7.946299716105531095000000000000000000000e+91	
8.323223647297214692000000000000000000000e+91	
-1.561493929020263638000000000000000000000e+92	
6.584005074557704265000000000000000000000e+90	
1.641701380241085988000000000000000000000e+92	
-7.521149135088991196000000000000000000000e+91	
9.793250028033413039000000000000000000000e+91	
-1.414491290946643804000000000000000000000e+92	
3.172782686970596387000000000000000000000e+91	
1.997523203855095400000000000000000000000e+92	
-3.962930898948897076000000000000000000000e+91	
1.284306966683376250000000000000000000000e+92	
-1.109509327066608858000000000000000000000e+92	
5.714456741994259892000000000000000000000e+91	
-1.822370619550559118000000000000000000000e+92	
-1.410608502412636226000000000000000000000e+91	
1.488749406790403435000000000000000000000e+92	
-9.050668869595816726000000000000000000000e+91	
7.251235912028208410000000000000000000000e+91	
-1.668692702547164267000000000000000000000e+92	
-3.812219247780355114000000000000000000000e+90	
1.540974056604617276000000000000000000000e+92	
-8.528422371453678320000000000000000000000e+91	
8.718898489686289118000000000000000000000e+91	
-1.521926444781356196000000000000000000000e+92	
2.031386229345626926000000000000000000000e+91	
1.876682402773923156000000000000000000000e+92	
-5.171338909760619516000000000000000000000e+91	
1.156768345232116008000000000000000000000e+92	
-1.237047948517869099000000000000000000000e+92	
4.372125656669681134000000000000000000000e+91	
-1.956603728083016994000000000000000000000e+92	
-2.819851142248986618000000000000000000000e+91	
1.341137317327567119000000000000000000000e+92	
-1.052678976422417988400000000000000000000e+92	
5.791828894095753078000000000000000000000e+91	
-1.814633404340409800000000000000000000000e+92	
-1.823923383971237259000000000000000000000e+91	
1.398373635177514912000000000000000000000e+92	
-9.954426585724701955000000000000000000000e+91	
7.259493049038006519000000000000000000000e+91	
-1.667866988846184456000000000000000000000e+92	
5.385961850317553795000000000000000000000e+90	
1.724066599419885185000000000000000000000e+92	
-6.697496943300999226000000000000000000000e+91	
1.000817403572488306500000000000000000000e+92	
-1.392998890177496801000000000000000000000e+92	
2.779281454923764142000000000000000000000e+91	
1.897360836035841413000000000000000000000e+92	
-4.964554577141436942000000000000000000000e+91	
1.142462299332298416000000000000000000000e+92	
-1.251353994417686692000000000000000000000e+92	
3.879394512508621601000000000000000000000e+91	
-2.005876842499122948000000000000000000000e+92	
-3.662078951765614460000000000000000000000e+91	
1.221982263160675463000000000000000000000e+92	
-1.171834030589309645000000000000000000000e+92	
5.340895128940029838000000000000000000000e+91	
-1.859726780855982124000000000000000000000e+92	
-1.534608953665059567000000000000000000000e+91	
1.501293057992282428000000000000000000000e+92	
-8.925232357577026792000000000000000000000e+91	
7.625985250597212514000000000000000000000e+91	
-1.631217768690263856000000000000000000000e+92	
2.427161653990178244000000000000000000000e+90	
1.628274339463720465000000000000000000000e+92	
-7.655419542862646428000000000000000000000e+91	
9.063814983070044004000000000000000000000e+91	
-1.487434795442980707000000000000000000000e+92	
1.848479199036475507000000000000000000000e+91	
1.805635615445874356000000000000000000000e+92	
-5.881806783041107512000000000000000000000e+91	
1.047994167306020416600000000000000000000e+92	
-1.345822126443964691000000000000000000000e+92	
2.907297728467120146000000000000000000000e+91	
1.875804434406203568000000000000000000000e+92	
-5.180118593437815392000000000000000000000e+91	
1.193621141642898249000000000000000000000e+92	
-1.200195152107086858000000000000000000000e+92	
5.117773494731452564000000000000000000000e+91	
-1.882038944276839851000000000000000000000e+92	
-1.697271110615371942000000000000000000000e+91	
1.491069781150150210000000000000000000000e+92	
-9.027465125998348980000000000000000000000e+91	
7.584151796949783784000000000000000000000e+91	
-1.635401114055006729000000000000000000000e+92	
2.612519677371270524000000000000000000000e+90	
1.636161840913178924000000000000000000000e+92	
-7.576544528368061836000000000000000000000e+91	
9.014932940896654724000000000000000000000e+91	
-1.492322999660319635000000000000000000000e+92	
1.671903680756274642000000000000000000000e+91	
1.775215070899089866000000000000000000000e+92	
-6.186012228508952416000000000000000000000e+91	
1.044615406641911494000000000000000000000e+92	
-1.349200887108073614000000000000000000000e+92	
3.143793382427606592000000000000000000000e+91	
1.926468874737415355000000000000000000000e+92	
-4.673474190125697527000000000000000000000e+91	
1.187065912782940467000000000000000000000e+92	
-1.206750380967044640000000000000000000000e+92	
4.480309278034524058000000000000000000000e+91	
-1.945785365946532702000000000000000000000e+92	
-2.906362633313050207000000000000000000000e+91	
1.313026346325243963000000000000000000000e+92	
-1.080789947424741144000000000000000000000e+92	
5.922780753624076318000000000000000000000e+91	
-1.801538218387577476000000000000000000000e+92	
-1.281115024626908243000000000000000000000e+91	
1.493819624325652334000000000000000000000e+92	
-8.999966694243327737000000000000000000000e+91	
7.341796042502279742000000000000000000000e+91	
-1.659636689499757133000000000000000000000e+92	
-2.508236751994283016000000000000000000000e+90	
1.557995710858401973000000000000000000000e+92	
-8.358205828915831342000000000000000000000e+91	
8.804647882898065823000000000000000000000e+91	
-1.513351505460178525000000000000000000000e+92	
2.032710509803666797000000000000000000000e+91	
1.868376521109562443000000000000000000000e+92	
-5.254397726404226646000000000000000000000e+91	
1.140028353331816189000000000000000000000e+92	
-1.253787940418168919000000000000000000000e+92	
4.120426609150123617000000000000000000000e+91	
-1.981773632834972746000000000000000000000e+92	
-3.155807365331300664000000000000000000000e+91	
1.299120170670577837000000000000000000000e+92	
-1.094696123079407270000000000000000000000e+92	
5.550385621868368098000000000000000000000e+91	
-1.838777731563148298000000000000000000000e+92	
-1.886727409106373531000000000000000000000e+91	
1.409948267074818049000000000000000000000e+92	
-9.838680266751670589000000000000000000000e+91	
6.997350860626100045000000000000000000000e+91	
-1.694081207687375103000000000000000000000e+92	
-1.012464478589559924000000000000000000000e+90	
1.622331088614263626000000000000000000000e+92	
-7.714852051357214819000000000000000000000e+91	
8.613494328270209028000000000000000000000e+91	
-1.532466860922964205000000000000000000000e+92	
1.007464930337973857600000000000000000000e+91	
1.682484270745567437000000000000000000000e+92	
-7.113320230044176707000000000000000000000e+91	
1.007620977634565530400000000000000000000e+92	
-1.386195316115419577000000000000000000000e+92	
3.330935421896899400000000000000000000000e+91	
2.000863987251120952000000000000000000000e+92	
-3.929523064988641560000000000000000000000e+91	
1.275179468133651851000000000000000000000e+92	
-1.118636825616333257000000000000000000000e+92	
5.498560987652100714000000000000000000000e+91	
-1.843960194984775036000000000000000000000e+92	
-1.751063005867709875000000000000000000000e+91	
1.442254280420283186000000000000000000000e+92	
-9.515620133297019215000000000000000000000e+91	
6.923530099428890755000000000000000000000e+91	
-1.701463283807096032000000000000000000000e+92	
-5.717505889041122623000000000000000000000e+90	
1.535632078175671133000000000000000000000e+92	
-8.581842155743139746000000000000000000000e+91	
8.375489833558645151000000000000000000000e+91	
-1.556267310394120592000000000000000000000e+92	
1.398133019476060220000000000000000000000e+91	
1.784387051040154720000000000000000000000e+92	
-6.094292427098303877000000000000000000000e+91	
1.035517380200245344700000000000000000000e+92	
-1.358298913549739763000000000000000000000e+92	
2.870203976106059762000000000000000000000e+91	
1.880858107782024764000000000000000000000e+92	
-5.129581859679603436000000000000000000000e+91	
1.180129320586293910000000000000000000000e+92	
-1.213686973163691198000000000000000000000e+92	
4.797492634777636946000000000000000000000e+91	
-1.914067030272221413000000000000000000000e+92	
-2.202822370952682878000000000000000000000e+91	
1.421996835387561521000000000000000000000e+92	
-9.718194583624235870000000000000000000000e+91	
6.708336299243748803000000000000000000000e+91	
-1.722982663825610227000000000000000000000e+92	
-7.995574587043028244000000000000000000000e+90	
1.511590711945887719000000000000000000000e+92	
-8.822255818040973884000000000000000000000e+91	
8.162070635382256188000000000000000000000e+91	
-1.577609230211759489000000000000000000000e+92	
1.211694851148115640000000000000000000000e+91	
1.768439994433485249000000000000000000000e+92	
-6.253762993164998584000000000000000000000e+91	
1.022265741729228268300000000000000000000e+92	
-1.371550552020756839000000000000000000000e+92	
2.764628358526843934000000000000000000000e+91	
1.872993281982224564000000000000000000000e+92	
-5.208230117677605432000000000000000000000e+91	
1.166578477184070597000000000000000000000e+92	
-1.227237816565914511000000000000000000000e+92	
4.605152322204463750000000000000000000000e+91	
-1.933301061529538733000000000000000000000e+92	
-2.451966278686237379000000000000000000000e+91	
1.391404912029650547000000000000000000000e+92	
-1.002411381720334560200000000000000000000e+92	
6.345669995065185544000000000000000000000e+91	
-1.759249294243466553000000000000000000000e+92	
-1.218942592297942641000000000000000000000e+91	
1.463983138357981558000000000000000000000e+92	
-9.298331553920035499000000000000000000000e+91	
7.806568672489968736000000000000000000000e+91	
-1.613159426500988234000000000000000000000e+92	
9.767066555697430231000000000000000000000e+90	
1.756986554026041941000000000000000000000e+92	
-6.368297397239431664000000000000000000000e+91	
1.022851685875983884800000000000000000000e+92	
-1.370964607874001223000000000000000000000e+92	
2.890821729407607935000000000000000000000e+91	
1.897640023380575751000000000000000000000e+92	
-4.961762703694093564000000000000000000000e+91	
1.165747394574966864000000000000000000000e+92	
-1.228068899175018243000000000000000000000e+92	
4.342190050940848443000000000000000000000e+91	
-1.959597288655900263000000000000000000000e+92	
-2.969453263322192199000000000000000000000e+91	
1.314216409101812548000000000000000000000e+92	
-1.079599884648172559000000000000000000000e+92	
5.776017467930243077000000000000000000000e+91	
-1.816214546956960800000000000000000000000e+92	
-1.586463261874616350000000000000000000000e+91	
1.447434197706379194000000000000000000000e+92	
-9.463820960436059134000000000000000000000e+91	
7.213894850164745471000000000000000000000e+91	
-1.672426808733510560000000000000000000000e+92	
-4.293898667694480212000000000000000000000e+89	
1.612346056817789562000000000000000000000e+92	
-7.814702369321955454000000000000000000000e+91	
8.637399751373709034000000000000000000000e+91	
-1.530076318612614204000000000000000000000e+92	
1.155064505274099570000000000000000000000e+91	
1.709607487563979321000000000000000000000e+92	
-6.842088061860057866000000000000000000000e+91	
1.008552512878735741200000000000000000000e+92	
-1.385263780871249366000000000000000000000e+92	
3.078464306136719514000000000000000000000e+91	
1.949451257121992312000000000000000000000e+92	
-4.443650366279927952000000000000000000000e+91	
1.197614141234742179000000000000000000000e+92	
-1.196202152515242928000000000000000000000e+92	
4.461511903993276007000000000000000000000e+91	
-1.947665103350657507000000000000000000000e+92	
-3.049377815941134402000000000000000000000e+91	
1.286309229122920645000000000000000000000e+92	
-1.107507064627064462000000000000000000000e+92	
5.918628193482499414000000000000000000000e+91	
-1.801953474401735166000000000000000000000e+92	
-1.022379868755716025500000000000000000000e+91	
1.545968828441423820000000000000000000000e+92	
-8.478474653085612876000000000000000000000e+91	
8.007304157662315700000000000000000000000e+91	
-1.593085877983753538000000000000000000000e+92	
5.586288418139310516000000000000000000000e+90	
1.653328239097061548000000000000000000000e+92	
-7.404880546529235595000000000000000000000e+91	
9.452317569413772797000000000000000000000e+91	
-1.448584536808607828000000000000000000000e+92	
2.374876715367336952000000000000000000000e+91	
1.872057997492342735000000000000000000000e+92	
-5.217582962576423722000000000000000000000e+91	
1.113189881896126065000000000000000000000e+92	
-1.280626411853859043000000000000000000000e+92	
3.546994304532327467000000000000000000000e+91	
1.938548645198104520000000000000000000000e+92	
-4.552676485518805877000000000000000000000e+91	
1.258873251421479602000000000000000000000e+92	
-1.134943042328505506000000000000000000000e+92	
5.795361101380745260000000000000000000000e+91	
-1.814280183611910582000000000000000000000e+92	
-9.946294698945275035000000000000000000000e+90	
1.563838101771025924000000000000000000000e+92	
-8.299781919789591834000000000000000000000e+91	
8.336864106268037400000000000000000000000e+91	
-1.560129883123181368000000000000000000000e+92	
1.038980923988580470200000000000000000000e+91	
1.716435156233918240000000000000000000000e+92	
-6.773811375160668680000000000000000000000e+91	
9.763686117345251065000000000000000000000e+91	
-1.417447682015460001000000000000000000000e+92	
2.366703744537209597000000000000000000000e+91	
1.839302451082592120000000000000000000000e+92	
-5.545138426673929882000000000000000000000e+91	
1.120024757440177669000000000000000000000e+92	
-1.273791536309807438000000000000000000000e+92	
4.011050250766611845000000000000000000000e+91	
2.024505265831968973000000000000000000000e+92	
-3.693110279180161344000000000000000000000e+91	
1.261041745824500803000000000000000000000e+92	
-1.132774547925484304000000000000000000000e+92	
4.979581769547216794000000000000000000000e+91	
-1.895858116795263428000000000000000000000e+92	
-2.647456298667787753000000000000000000000e+91	
1.314892326350386753000000000000000000000e+92	
-1.078923967399598355000000000000000000000e+92	
6.449669312025946604000000000000000000000e+91	
-1.748849362547390447000000000000000000000e+92	
-2.462506371141708166000000000000000000000e+90	
1.648078365671516859000000000000000000000e+92	
-7.457379280784682486000000000000000000000e+91	
9.273243758885654585000000000000000000000e+91	
-1.466491917861419649000000000000000000000e+92	
2.069290820894245110000000000000000000000e+91	
1.828854495748380460000000000000000000000e+92	
-5.649617980016046474000000000000000000000e+91	
1.068774840748748848000000000000000000000e+92	
-1.325041453001236259000000000000000000000e+92	
3.090734528464746568000000000000000000000e+91	
1.891712333775933978000000000000000000000e+92	
-5.021039599740511294000000000000000000000e+91	
1.214660612056738839000000000000000000000e+92	
-1.179155681693246269000000000000000000000e+92	
5.379458371139125952000000000000000000000e+91	
-1.855870456636072512000000000000000000000e+92	
-1.384321587400737487000000000000000000000e+91	
1.527488646876397656000000000000000000000e+92	
-8.663276468735874516000000000000000000000e+91	
7.999554088197863470000000000000000000000e+91	
-1.593860884930198761000000000000000000000e+92	
7.278424055991354139000000000000000000000e+90	
1.687937151892028572000000000000000000000e+92	
-7.058791418579565356000000000000000000000e+91	
9.423750706239825978000000000000000000000e+91	
-1.451441223126002510000000000000000000000e+92	
1.971840315256957173000000000000000000000e+91	
1.794326039927157322000000000000000000000e+92	
-5.994902538228277862000000000000000000000e+91	
1.086723509238659111000000000000000000000e+92	
-1.307092784511325996000000000000000000000e+92	
3.794731294775085944000000000000000000000e+91	
2.014536915375256686000000000000000000000e+92	
-3.792793783747284216000000000000000000000e+91	
1.256162014142101786000000000000000000000e+92	
-1.137654279607883321000000000000000000000e+92	
4.981645316054106400000000000000000000000e+91	
-1.895651762144574468000000000000000000000e+92	
-2.594557200639141881000000000000000000000e+91	
1.325263261384202570000000000000000000000e+92	
-1.068553032365782538000000000000000000000e+92	
6.445747127340546543000000000000000000000e+91	
-1.749241581015930453000000000000000000000e+92	
-3.577507920841306878000000000000000000000e+90	
1.626175906954220097000000000000000000000e+92	
-7.676403867957650106000000000000000000000e+91	
8.946748250947066273000000000000000000000e+91	
-1.499141468655278480000000000000000000000e+92	
1.635377876996501876000000000000000000000e+91	
1.774726803581571781000000000000000000000e+92	
-6.190894901684133266000000000000000000000e+91	
1.037433530400912546700000000000000000000e+92	
-1.356382763349072561000000000000000000000e+92	
3.005071842712704224000000000000000000000e+91	
1.905909772570596506000000000000000000000e+92	
-4.879065211793886012000000000000000000000e+91	
1.180681113376732955000000000000000000000e+92	
-1.213135180373252152000000000000000000000e+92	
4.558133770651348614000000000000000000000e+91	
-1.938002916684850246000000000000000000000e+92	
-2.686936159838604299000000000000000000000e+91	
1.349122144685169958000000000000000000000e+92	
-1.044694149064815149700000000000000000000e+92	
5.983834865324844735000000000000000000000e+91	
-1.795432807217500634000000000000000000000e+92	
-1.519815532353048961000000000000000000000e+91	
1.439989029429692596000000000000000000000e+92	
-9.538272643202925121000000000000000000000e+91	
7.438046622903235644000000000000000000000e+91	
-1.650011631459661543000000000000000000000e+92	
4.796676362705553944000000000000000000000e+90	
1.694437350999411972000000000000000000000e+92	
-6.993789427505731352000000000000000000000e+91	
9.474635744441569272000000000000000000000e+91	
-1.446352719305828180000000000000000000000e+92	
2.008615426138147794000000000000000000000e+91	
1.796593260488735786000000000000000000000e+92	
-5.972230332612493220000000000000000000000e+91	
1.091971215190962271000000000000000000000e+92	
-1.301845078559022836000000000000000000000e+92	
3.876998375292130729000000000000000000000e+91	
-2.006116456220772035000000000000000000000e+92	
-3.162210470124696544000000000000000000000e+91	
1.322170577122502456000000000000000000000e+92	
-1.071645716627482651000000000000000000000e+92	
5.671218579689541954000000000000000000000e+91	
-1.826694435781030912000000000000000000000e+92	
-1.875510978215320749000000000000000000000e+91	
1.400113712731447410000000000000000000000e+92	
-9.937025810185376972000000000000000000000e+91	
7.130921914079700678000000000000000000000e+91	
-1.680724102342015040000000000000000000000e+92	
2.641257850814787321000000000000000000000e+90	
1.682036893860894330000000000000000000000e+92	
-7.117793998890907776000000000000000000000e+91	
9.442122897712351591000000000000000000000e+91	
-1.449604003978749948000000000000000000000e+92	
2.067548771588271314000000000000000000000e+91	
1.811626663270025083000000000000000000000e+92	
-5.821896304799600242000000000000000000000e+91	
1.087648063621779321000000000000000000000e+92	
-1.306168230128205786000000000000000000000e+92	
3.640297647415340824000000000000000000000e+91	
-2.029786529008451025000000000000000000000e+92	
-3.592284126807672418000000000000000000000e+91	
1.259835542119750557000000000000000000000e+92	
-1.133980751630234551000000000000000000000e+92	
5.065766484777561823000000000000000000000e+91	
-1.887239645272228925000000000000000000000e+92	
-2.463073725395303604000000000000000000000e+91	
1.343145482491586470000000000000000000000e+92	
-1.050670811258398637100000000000000000000e+92	
6.524180702009060799000000000000000000000e+91	
-1.741398223549079028000000000000000000000e+92	
-3.796558936386743023000000000000000000000e+90	
1.613956522708329710000000000000000000000e+92	
-7.798597710416553972000000000000000000000e+91	
8.724315578051302900000000000000000000000e+91	
-1.521384735944854818000000000000000000000e+92	
1.312756259292549464000000000000000000000e+91	
1.732450733410578314000000000000000000000e+92	
-6.613655603394067936000000000000000000000e+91	
1.016399399239452319800000000000000000000e+92	
-1.377416894510532788000000000000000000000e+92	
3.007044206923115784000000000000000000000e+91	
1.927327810408164474000000000000000000000e+92	
-4.664884833418206334000000000000000000000e+91	
1.160516713505710454000000000000000000000e+92	
-1.233299580244274654000000000000000000000e+92	
3.940872337218556730000000000000000000000e+91	
-1.999729060028129435000000000000000000000e+92	
-3.719608188619157630000000000000000000000e+91	
1.204334555916091609000000000000000000000e+92	
-1.189481737833893498000000000000000000000e+92	
5.416296269589496210000000000000000000000e+91	
-1.852186666791035486000000000000000000000e+92	
-1.207454951572481481000000000000000000000e+91	
1.559171215418978371000000000000000000000e+92	
-8.346450783310067364000000000000000000000e+91	
8.456269170122244774000000000000000000000e+91	
-1.548189376737760630000000000000000000000e+92	
1.324377265587209777000000000000000000000e+91	
1.761565657318402650000000000000000000000e+92	
-6.322506364315824572000000000000000000000e+91	
9.972578550305838555000000000000000000000e+91	
-1.396558438719401252000000000000000000000e+92	
2.333304240524791026000000000000000000000e+91	
1.811745365071265725000000000000000000000e+92	
-5.820709286787193826000000000000000000000e+91	
1.143737423767110883000000000000000000000e+92	
-1.250078869982874225000000000000000000000e+92	
4.760619284418828148000000000000000000000e+91	
-1.917754365308102293000000000000000000000e+92	
-1.912812863520450372000000000000000000000e+91	
1.483669804005731378000000000000000000000e+92	
-9.101464897442537301000000000000000000000e+91	
7.651623566093447476000000000000000000000e+91	
-1.628653937140640360000000000000000000000e+92	
4.701248716517465230000000000000000000000e+90	
1.671182207703916604000000000000000000000e+92	
-7.226340860460685039000000000000000000000e+91	
9.065671925532528124000000000000000000000e+91	
-1.487249101196732295000000000000000000000e+92	
1.423327016022234111000000000000000000000e+91	
1.720440735461917593000000000000000000000e+92	
-6.733755582880675142000000000000000000000e+91	
1.053205176409008025900000000000000000000e+92	
-1.340611117340977082000000000000000000000e+92	
3.863016789453232114000000000000000000000e+91	
2.061692267800228425000000000000000000000e+92	
-3.321240259497566824000000000000000000000e+91	
1.343624100176762290000000000000000000000e+92	
-1.050192193573222818100000000000000000000e+92	
6.259132918901561844000000000000000000000e+91	
-1.767903001859828923000000000000000000000e+92	
-9.144033490579016980000000000000000000000e+90	
1.533525232016924117000000000000000000000e+92	
-8.602910617330609908000000000000000000000e+91	
7.674121632166632192000000000000000000000e+91	
-1.626404130533321888000000000000000000000e+92	
1.680364148958102247000000000000000000000e+89	
1.578291835053869999000000000000000000000e+92	
-8.155244586961151082000000000000000000000e+91	
9.144139887517191950000000000000000000000e+91	
-1.479402304998265913000000000000000000000e+92	
2.508665330135956922000000000000000000000e+91	
1.929611493400479209000000000000000000000e+92	
-4.642048003495058986000000000000000000000e+91	
1.214896027946609722000000000000000000000e+92	
-1.178920265803375386000000000000000000000e+92	
5.005362532980071672000000000000000000000e+91	
-1.893280040451977940000000000000000000000e+92	
-2.134680075611555840000000000000000000000e+91	
1.414845258427084448000000000000000000000e+92	
-9.789710353229006596000000000000000000000e+91	
6.497231968001714316000000000000000000000e+91	
-1.744093096949813676000000000000000000000e+92	
-1.150180882864513128000000000000000000000e+91	
1.462583403652723388000000000000000000000e+92	
-9.312328900972617201000000000000000000000e+91	
7.967671244099715962000000000000000000000e+91	
-1.597049169340013511000000000000000000000e+92	
1.312822004267187559000000000000000000000e+91	
1.808090656783848003000000000000000000000e+92	
-5.857256369661371045000000000000000000000e+91	
1.091439651035740396000000000000000000000e+92	
-1.302376642714244711000000000000000000000e+92	
3.751452993487949058000000000000000000000e+91	
-2.018670994401190202000000000000000000000e+92	
-3.407925757721957145000000000000000000000e+91	
1.285588038251587902000000000000000000000e+92	
-1.108228255498397205000000000000000000000e+92	
5.185342864786857120000000000000000000000e+91	
-1.875282007271299396000000000000000000000e+92	
-2.481377274141252244000000000000000000000e+91	
1.327533996580235117000000000000000000000e+92	
-1.066282297169749991000000000000000000000e+92	
6.659823254397631484000000000000000000000e+91	
-1.727833968310221959000000000000000000000e+92	
4.759887201064240256000000000000000000000e+89	
1.685828708001250334000000000000000000000e+92	
-7.079875857487347730000000000000000000000e+91	
9.734359464504053102000000000000000000000e+91	
-1.420380347299579797000000000000000000000e+92	
2.613977197701067091000000000000000000000e+91	
1.891676041505493621000000000000000000000e+92	
-5.021402522444914870000000000000000000000e+91	
1.128518057680943738000000000000000000000e+92	
-1.265298236069041369000000000000000000000e+92	
3.657398729385921920000000000000000000000e+91	
-2.028076420811392916000000000000000000000e+92	
-3.966587017352983701000000000000000000000e+91	
1.183284334725294758000000000000000000000e+92	
-1.210531959024690349000000000000000000000e+92	
5.128909712401795178000000000000000000000e+91	
-1.880925322509805590000000000000000000000e+92	
-1.571687591184269973000000000000000000000e+91	
1.515067167596737295000000000000000000000e+92	
-8.787491261532478124000000000000000000000e+91	
7.938459078069963076000000000000000000000e+91	
-1.599970385942988800000000000000000000000e+92	
7.298357654625692903000000000000000000000e+90	
1.694442185173076331000000000000000000000e+92	
-6.993741085769087765000000000000000000000e+91	
9.355313059021908584000000000000000000000e+91	
-1.458284987847794249000000000000000000000e+92	
1.769981120667284127000000000000000000000e+91	
1.760804605690539521000000000000000000000e+92	
-6.330116880594455869000000000000000000000e+91	
1.081459239659057290000000000000000000000e+92	
-1.312357054090927818000000000000000000000e+92	
4.024519618766438696000000000000000000000e+91	
2.065744794073391207000000000000000000000e+92	
-3.280714996765939002000000000000000000000e+91	
1.335584890454556000000000000000000000000e+92	
-1.058231403295429107300000000000000000000e+92	
6.057883638390805522000000000000000000000e+91	
-1.788027929910904555000000000000000000000e+92	
-1.236449666140339589000000000000000000000e+91	
1.489246908329906217000000000000000000000e+92	
-9.045693854200788910000000000000000000000e+91	
7.487360563844044732000000000000000000000e+91	
-1.645080237365580634000000000000000000000e+92	
8.593732774959238638000000000000000000000e+89	
1.610781944082612953000000000000000000000e+92	
-7.830343496673721550000000000000000000000e+91	
8.927513803762097752000000000000000000000e+91	
-1.501064913373775332000000000000000000000e+92	
1.750781572924119832000000000000000000000e+91	
1.799724286980025914000000000000000000000e+92	
-5.940920067699591932000000000000000000000e+91	
1.033928092821719312600000000000000000000e+92	
-1.359888200928265795000000000000000000000e+92	
2.685130106976930570000000000000000000000e+91	
1.845441040926489364000000000000000000000e+92	
-5.483752528234957434000000000000000000000e+91	
1.180533304719363189000000000000000000000e+92	
-1.213282989030621918000000000000000000000e+92	
5.159564716192090561000000000000000000000e+91	
-1.877859822130776052000000000000000000000e+92	
-1.482896230537628549000000000000000000000e+91	
1.529757046088307579000000000000000000000e+92	
-8.640592476616775283000000000000000000000e+91	
8.143436369066264270000000000000000000000e+91	
-1.579472656843358680000000000000000000000e+92	
9.928626587426511221000000000000000000000e+90	
1.726546945788229167000000000000000000000e+92	
-6.672693479617559406000000000000000000000e+91	
9.603728219251358682000000000000000000000e+91	
-1.433443471824849239000000000000000000000e+92	
1.945799981797310422000000000000000000000e+91	
1.771130474776954923000000000000000000000e+92	
-6.226858189730301844000000000000000000000e+91	
1.107121664289455361000000000000000000000e+92	
-1.286694629460529746000000000000000000000e+92	
4.434433095426284397000000000000000000000e+91	
2.122057436065017907000000000000000000000e+92	
-2.717588576849672009000000000000000000000e+91	
1.407211201858443980000000000000000000000e+92	
-9.866050918915411271000000000000000000000e+91	
6.927207235365216018000000000000000000000e+91	
-1.701095570213463506000000000000000000000e+92	
-2.141417594896369484000000000000000000000e+90	
1.606768516427579076000000000000000000000e+92	
-7.870477773224060317000000000000000000000e+91	
8.415159461712380094000000000000000000000e+91	
-1.552300347578747098000000000000000000000e+92	
7.664421740511772186000000000000000000000e+90	
1.654115330582401445000000000000000000000e+92	
-7.397009631675836623000000000000000000000e+91	
9.883166353574234177000000000000000000000e+91	
-1.405499658392561690000000000000000000000e+92	
3.228492866409473547000000000000000000000e+91	
1.999675309518210465000000000000000000000e+92	
-3.941409842317746428000000000000000000000e+91	
1.283041861547946720000000000000000000000e+92	
-1.110774432202038387000000000000000000000e+92	
5.667650589009062696000000000000000000000e+91	
-1.827051234849078838000000000000000000000e+92	
-1.491552759137704308000000000000000000000e+91	
1.477242869687083400000000000000000000000e+92	
-9.165734240629017073000000000000000000000e+91	
7.102066407663519486000000000000000000000e+91	
-1.683609652983633159000000000000000000000e+92	
-5.644785899484581136000000000000000000000e+90	
1.519241370414910032000000000000000000000e+92	
-8.745749233350750759000000000000000000000e+91	
8.573941901469234614000000000000000000000e+91	
-1.536422103603061646000000000000000000000e+92	
1.958763898460595212000000000000000000000e+91	
1.876649995576240000000000000000000000000e+92	
-5.171662981737451074000000000000000000000e+91	
1.163962165874395678000000000000000000000e+92	
-1.229854127875589430000000000000000000000e+92	
4.516290178889874697000000000000000000000e+91	
-1.942187275860997638000000000000000000000e+92	
-2.603496248936208816000000000000000000000e+91	
1.369988251086474652000000000000000000000e+92	
-1.023828042663510455800000000000000000000e+92	
6.068897918684094652000000000000000000000e+91	
-1.786926501881575642000000000000000000000e+92	
-1.558288978909317152000000000000000000000e+91	
1.423794182795150446000000000000000000000e+92	
-9.700221109548346611000000000000000000000e+91	
7.537534272331125246000000000000000000000e+91	
-1.640062866516872583000000000000000000000e+92	
8.404612931600746122000000000000000000000e+90	
1.756634313078429180000000000000000000000e+92	
-6.371819806715559278000000000000000000000e+91	
1.035765135028989432500000000000000000000e+92	
-1.358051158720995675000000000000000000000e+92	
3.152547102888395266000000000000000000000e+91	
1.937065050303737919000000000000000000000e+92	
-4.567512434462471883000000000000000000000e+91	
1.177082941227913637000000000000000000000e+92	
-1.216733352522071470000000000000000000000e+92	
4.174790507039908449000000000000000000000e+91	
-1.976337243045994263000000000000000000000e+92	
-3.417468094951889636000000000000000000000e+91	
1.241367362482584388000000000000000000000e+92	
-1.152448931267400720000000000000000000000e+92	
5.641869862132948576000000000000000000000e+91	
-1.829629307536690250000000000000000000000e+92	
-1.126563792524108754000000000000000000000e+91	
1.552799288351767696000000000000000000000e+92	
-8.410170053982174118000000000000000000000e+91	
8.248011437670303744000000000000000000000e+91	
-1.569015149982954733000000000000000000000e+92	
9.716530034799653810000000000000000000000e+90	
1.711853767774770708000000000000000000000e+92	
-6.819625259752143994000000000000000000000e+91	
9.672419951760134668000000000000000000000e+91	
-1.426574298573971641000000000000000000000e+92	
2.230007918090815070000000000000000000000e+91	
1.821092163239329878000000000000000000000e+92	
-5.727241305106552294000000000000000000000e+91	
1.111445117897972173000000000000000000000e+92	
-1.282371175852012934000000000000000000000e+92	
4.021512409728774078000000000000000000000e+91	
-1.991665052777107700000000000000000000000e+92	
-3.067896432964702444000000000000000000000e+91	
1.326584479402579090000000000000000000000e+92	
-1.067231814347406017000000000000000000000e+92	
5.665207558615317762000000000000000000000e+91	
-1.827295537888453331000000000000000000000e+92	
-1.931647085107305008000000000000000000000e+91	
1.389490088024113968000000000000000000000e+92	
-1.004326205725871139900000000000000000000e+92	
7.130818330218539550000000000000000000000e+91	
-1.680734460728131153000000000000000000000e+92	
3.701020456335912553000000000000000000000e+90	
1.703237225106163517000000000000000000000e+92	
-6.905790686438215910000000000000000000000e+91	
9.760100495826055119000000000000000000000e+91	
-1.417806244167379596000000000000000000000e+92	
2.491447915383475414000000000000000000000e+91	
1.864603460844443098000000000000000000000e+92	
-5.292128329055420100000000000000000000000e+91	
1.118156336906088344000000000000000000000e+92	
-1.275659956843896764000000000000000000000e+92	
3.720806955946474667000000000000000000000e+91	
-2.021735598155337641000000000000000000000e+92	
-3.736236479647864231000000000000000000000e+91	
1.223005311430581640000000000000000000000e+92	
-1.170810982319403468000000000000000000000e+92	
5.172584635486697282000000000000000000000e+91	
-1.876557830201315379000000000000000000000e+92	
-1.881371569192976406000000000000000000000e+91	
1.448780465217832988000000000000000000000e+92	
-9.450358285321521200000000000000000000000e+91	
6.922584776296347319000000000000000000000e+91	
-1.701557816120350376000000000000000000000e+92	
-6.388701339738108144000000000000000000000e+90	
1.522305994752300070000000000000000000000e+92	
-8.715102989976850372000000000000000000000e+91	
8.382333976122630646000000000000000000000e+91	
-1.555582896137722043000000000000000000000e+92	
1.545012413115515192000000000000000000000e+91	
1.813071546409447672000000000000000000000e+92	
-5.807447473405374358000000000000000000000e+91	
1.078191465940983549000000000000000000000e+92	
-1.315624827809001559000000000000000000000e+92	
3.436771115554583504000000000000000000000e+91	
1.951490491228506044000000000000000000000e+92	
-4.423258025214790641000000000000000000000e+91	
1.221100223078592535000000000000000000000e+92	
-1.172716070671392572000000000000000000000e+92	
4.910734465770264546000000000000000000000e+91	
-1.902742847172958653000000000000000000000e+92	
-2.385900191742464150000000000000000000000e+91	
1.374071835002440941000000000000000000000e+92	
-1.019744458747544166800000000000000000000e+92	
6.342028922658241176000000000000000000000e+91	
-1.759613401484160990000000000000000000000e+92	
-1.052978415922192691400000000000000000000e+91	
1.497531640168337496000000000000000000000e+92	
-8.962846535816476120000000000000000000000e+91	
7.782971290897418131000000000000000000000e+91	
-1.615519164660243294000000000000000000000e+92	
5.942055779947639612000000000000000000000e+90	
1.682863938148163268000000000000000000000e+92	
-7.109523556018218396000000000000000000000e+91	
9.197697828160140846000000000000000000000e+91	
-1.474046510933971023000000000000000000000e+92	
1.570553948006836305000000000000000000000e+91	
1.736682775089937976000000000000000000000e+92	
-6.571335186600471314000000000000000000000e+91	
1.066211061572355404000000000000000000000e+92	
-1.327605232177629704000000000000000000000e+92	
3.960730201735624337000000000000000000000e+91	
2.068230674821415841000000000000000000000e+92	
-3.255856189285692662000000000000000000000e+91	
1.346931181917844364000000000000000000000e+92	
-1.046885111832140743600000000000000000000e+92	
6.259906564773686897000000000000000000000e+91	
-1.767825637272616418000000000000000000000e+92	
-9.459108014652411805000000000000000000000e+90	
1.527147983474252788000000000000000000000e+92	
-8.666683102757323194000000000000000000000e+91	
7.678693469090360832000000000000000000000e+91	
-1.625946946840949024000000000000000000000e+92	
8.968578800171179144000000000000000000000e+89	
1.592407681080424808000000000000000000000e+92	
-8.014086126695602995000000000000000000000e+91	
9.140665968283331894000000000000000000000e+91	
-1.479749696921651918000000000000000000000e+92	
2.360631010267026462000000000000000000000e+91	
1.900359215654358113000000000000000000000e+92	
-4.934570780956269943000000000000000000000e+91	
1.171202095165166535000000000000000000000e+92	
-1.222614198584818573000000000000000000000e+92	
4.424078526265562746000000000000000000000e+91	
-1.951408441123428833000000000000000000000e+92	
-2.860236925541090368000000000000000000000e+91	
1.327869469106102615000000000000000000000e+92	
-1.065946824643882492000000000000000000000e+92	
5.854579257712324312000000000000000000000e+91	
-1.808358367978752676000000000000000000000e+92	
-1.565841433148604716000000000000000000000e+91	
1.443705267958117082000000000000000000000e+92	
-9.501110257918680259000000000000000000000e+91	
7.299169799218880304000000000000000000000e+91	
-1.663899313828097077000000000000000000000e+92	
1.648392126466818158000000000000000000000e+90	
1.645368105185962738000000000000000000000e+92	
-7.484481885640223694000000000000000000000e+91	
8.808166773646863009000000000000000000000e+91	
-1.512999616385298807000000000000000000000e+92	
1.166457420976840159000000000000000000000e+91	
1.694817300011793380000000000000000000000e+92	
-6.989989937381917278000000000000000000000e+91	
1.027481900155989643900000000000000000000e+92	
-1.366334393593995464000000000000000000000e+92	
3.604786115769537841000000000000000000000e+91	
2.035769458979323675000000000000000000000e+92	
-3.580468347706614326000000000000000000000e+91	
1.317601599541421828000000000000000000000e+92	
-1.076214694208563280000000000000000000000e+92	
5.997911490537762495000000000000000000000e+91	
-1.794025144696208858000000000000000000000e+92	
-1.176620703545042666000000000000000000000e+91	
1.507203953519902981000000000000000000000e+92	
-8.866123402300821270000000000000000000000e+91	
7.413369616598473984000000000000000000000e+91	
-1.652479332090137709000000000000000000000e+92	
-2.414888293219854459000000000000000000000e+90	
1.552708420044773262000000000000000000000e+92	
-8.411078737052118458000000000000000000000e+91	
8.883449969802538308000000000000000000000e+91	
-1.505471296769731277000000000000000000000e+92	
2.243122061356339423000000000000000000000e+91	
1.902572072951629913000000000000000000000e+92	
-4.912442207983551942000000000000000000000e+91	
1.187371755342276795000000000000000000000e+92	
-1.206444538407708312000000000000000000000e+92	
4.725273698334500987000000000000000000000e+91	
-1.921288923916535009000000000000000000000e+92	
-2.419612607107618060000000000000000000000e+91	
1.385867876647578033000000000000000000000e+92	
-1.007948417102407074300000000000000000000e+92	
6.202619273259488385000000000000000000000e+91	
-1.773554366424036269000000000000000000000e+92	
-1.449630046401116732000000000000000000000e+91	
1.432155081115057990000000000000000000000e+92	
-9.616612126349271175000000000000000000000e+91	
7.674024984978078579000000000000000000000e+91	
-1.626413795252177250000000000000000000000e+92	
1.029807417725986616500000000000000000000e+91	
1.780851836283762252000000000000000000000e+92	
-6.129644574662228558000000000000000000000e+91	
1.065262939848997556000000000000000000000e+92	
-1.328553353900987552000000000000000000000e+92	
3.500301688978914368000000000000000000000e+91	
1.977115536183985708000000000000000000000e+92	
-4.167007575659993998000000000000000000000e+91	
1.210766186940455349000000000000000000000e+92	
-1.183050106809529759000000000000000000000e+92	
4.447982250186267582000000000000000000000e+91	
-1.949018068731358349000000000000000000000e+92	
-3.207885393856533230000000000000000000000e+91	
1.255967894003615598000000000000000000000e+92	
-1.137848399746369510000000000000000000000e+92	
5.922179555303353730000000000000000000000e+91	
-1.801598338219649734000000000000000000000e+92	
-7.120165603451395192000000000000000000000e+90	
1.607671084901728057000000000000000000000e+92	
-7.861452088482570510000000000000000000000e+91	
8.930833364049641432000000000000000000000e+91	
-1.500732957345020964000000000000000000000e+92	
1.788512151528619585000000000000000000000e+91	
1.806936734146921364000000000000000000000e+92	
-5.868795596030637431000000000000000000000e+91	
1.041587038868151781100000000000000000000e+92	
-1.352229254881833326000000000000000000000e+92	
2.766182334155895704000000000000000000000e+91	
1.853992318218363026000000000000000000000e+92	
-5.398239755316220814000000000000000000000e+91	
1.188129401057443530000000000000000000000e+92	
-1.205686892692541577000000000000000000000e+92	
5.225978623662091598000000000000000000000e+91	
-1.871218431383775948000000000000000000000e+92	
-1.426024627717026956000000000000000000000e+91	
1.534490450795113114000000000000000000000e+92	
-8.593258429548719934000000000000000000000e+91	
8.181237606915252140000000000000000000000e+91	
-1.575692533058459894000000000000000000000e+92	
1.021135831543859811600000000000000000000e+91	
1.728421930744597983000000000000000000000e+92	
-6.653943630053871244000000000000000000000e+91	
9.612959485027945086000000000000000000000e+91	
-1.432520345247190599000000000000000000000e+92	
1.945517400878540558000000000000000000000e+91	
1.770151305488967060000000000000000000000e+92	
-6.236649882610180475000000000000000000000e+91	
1.108155516807083748000000000000000000000e+92	
-1.285660776942901359000000000000000000000e+92	
4.464891820499312263000000000000000000000e+91	
2.127114327244625031000000000000000000000e+92	
-2.667019665053600766000000000000000000000e+91	
1.414278110891307926000000000000000000000e+92	
-9.795381828586771815000000000000000000000e+91	
7.017966501016710504000000000000000000000e+91	
-1.692019643648314057000000000000000000000e+92	
-1.033023167467310568000000000000000000000e+90	
1.619859479085446761000000000000000000000e+92	
-7.739568146645383462000000000000000000000e+91	
8.566129283844504020000000000000000000000e+91	
-1.537203365365534706000000000000000000000e+92	
9.374622084252658189000000000000000000000e+90	
1.673221357409696334000000000000000000000e+92	
-7.205949363402887730000000000000000000000e+91	
1.003157287187217212200000000000000000000e+92	
-1.390659006562767895000000000000000000000e+92	
3.334266862126244874000000000000000000000e+91	
2.005991578514737242000000000000000000000e+92	
-3.878247152352478651000000000000000000000e+91	
1.285099120596396442000000000000000000000e+92	
-1.108717173153588666000000000000000000000e+92	
5.645654275729846301000000000000000000000e+91	
-1.829250866177000478000000000000000000000e+92	
-1.556096791011999305000000000000000000000e+91	
1.466535812102691594000000000000000000000e+92	
-9.272804816472935135000000000000000000000e+91	
7.064790793271443216000000000000000000000e+91	
-1.687337214422840786000000000000000000000e+92	
-5.319939775869573713000000000000000000000e+90	
1.529462382585224218000000000000000000000e+92	
-8.643539111647608896000000000000000000000e+91	
8.528506309096039687000000000000000000000e+91	
-1.540965662840381139000000000000000000000e+92	
1.765756070514707992000000000000000000000e+91	
1.842599333417958793000000000000000000000e+92	
-5.512169603320263150000000000000000000000e+91	
1.115168964891030694000000000000000000000e+92	
-1.278647328858954413000000000000000000000e+92	
3.881006149659984818000000000000000000000e+91	
-2.005715678783986626000000000000000000000e+92	
-3.386058965221048182000000000000000000000e+91	
1.277011440337110596000000000000000000000e+92	
-1.116804853412874511000000000000000000000e+92	
5.310208865124185770000000000000000000000e+91	
-1.862795407237566531000000000000000000000e+92	
-2.145984119055602816000000000000000000000e+91	
1.382115550307041988000000000000000000000e+92	
-1.011700743442943119200000000000000000000e+92	
6.759743491841554100000000000000000000000e+91	
-1.717841944565829698000000000000000000000e+92	
-2.981542826791395262000000000000000000000e+90	
1.606708233044316438000000000000000000000e+92	
-7.871080607056686696000000000000000000000e+91	
8.497924806927974170000000000000000000000e+91	
-1.544023813057187691000000000000000000000e+92	
9.325342086646636966000000000000000000000e+90	
1.679053056083313668000000000000000000000e+92	
-7.147632376666714391000000000000000000000e+91	
9.956013204678745188000000000000000000000e+91	
-1.398214973282110589000000000000000000000e+92	
3.124897167090304696000000000000000000000e+91	
1.971680265519835074000000000000000000000e+92	
-4.221360282301500334000000000000000000000e+91	
1.237420120089014384000000000000000000000e+92	
-1.156396173660970724000000000000000000000e+92	
5.035253922194854884000000000000000000000e+91	
-1.890290901530499619000000000000000000000e+92	
-2.300040999452710831000000000000000000000e+91	
1.378793651814424649000000000000000000000e+92	
-1.015022641935560458400000000000000000000e+92	
6.470930504134165824000000000000000000000e+91	
-1.746723243336568525000000000000000000000e+92	
-8.424340722870231925000000000000000000000e+90	
1.526746287651173226000000000000000000000e+92	
-8.670700060988118820000000000000000000000e+91	
7.902090358761303732000000000000000000000e+91	
-1.603607257873854734000000000000000000000e+92	
5.403833490466726650000000000000000000000e+90	
1.660196192301980365000000000000000000000e+92	
-7.336201014480047425000000000000000000000e+91	
9.337010135257228033000000000000000000000e+91	
-1.460115280224262304000000000000000000000e+92	
2.075673879376241952000000000000000000000e+91	
1.823757325590033418000000000000000000000e+92	
-5.700589681599516899000000000000000000000e+91	
1.075818237894397459000000000000000000000e+92	
-1.317998055855587648000000000000000000000e+92	
3.282513753278537558000000000000000000000e+91	
1.923018742631671136000000000000000000000e+92	
-4.707975511183139711000000000000000000000e+91	
1.220266373485552865000000000000000000000e+92	
-1.173549920264432242000000000000000000000e+92	
5.178637414980196103000000000000000000000e+91	
-1.875952552251965497000000000000000000000e+92	
-1.841893273838174072000000000000000000000e+91	
1.456069182859467371000000000000000000000e+92	
-9.377471108905177367000000000000000000000e+91	
7.028864207253075268000000000000000000000e+91	
-1.690929873024677581000000000000000000000e+92	
-4.992150667233736986000000000000000000000e+90	
1.539607404109084096000000000000000000000e+92	
-8.542088896409010120000000000000000000000e+91	
8.484542059727298896000000000000000000000e+91	
-1.545362087777255218000000000000000000000e+92	
1.576449724621465867000000000000000000000e+91	
1.809141722382943206000000000000000000000e+92	
-5.846745713670419010000000000000000000000e+91	
1.067191607017349314000000000000000000000e+92	
-1.326624686732635793000000000000000000000e+92	
3.256107362627338526000000000000000000000e+91	
1.926361116343673893000000000000000000000e+92	
-4.674551774063112147000000000000000000000e+91	
1.210946869066348958000000000000000000000e+92	
-1.182869424683636150000000000000000000000e+92	
4.958886603554368076000000000000000000000e+91	
-1.897927633394548300000000000000000000000e+92	
-2.188136869779580423000000000000000000000e+91	
1.408801839951142980000000000000000000000e+92	
-9.850144537988421278000000000000000000000e+91	
6.429823865072873476000000000000000000000e+91	
-1.750833907242697760000000000000000000000e+92	
-1.224559433268937853000000000000000000000e+91	
1.454448850761382589000000000000000000000e+92	
-9.393674429886025185000000000000000000000e+91	
7.901174393716835758000000000000000000000e+91	
-1.603698854378301532000000000000000000000e+92	
1.261166442707076669000000000000000000000e+91	
1.804408490907098885000000000000000000000e+92	
-5.894078028428862226000000000000000000000e+91	
1.089240137202817671000000000000000000000e+92	
-1.304576156547167437000000000000000000000e+92	
3.744276996916591348000000000000000000000e+91	
-2.019388594058325973000000000000000000000e+92	
-3.400289987543713578000000000000000000000e+91	
1.287832054810576376000000000000000000000e+92	
-1.105984238939408731000000000000000000000e+92	
5.222580058118898698000000000000000000000e+91	
-1.871558287938095238000000000000000000000e+92	
-2.429350417069889034000000000000000000000e+91	
1.334214912627502912000000000000000000000e+92	
-1.059601381122482196000000000000000000000e+92	
6.695269613138744809000000000000000000000e+91	
-1.724289332436110627000000000000000000000e+92	
5.169803727374302020000000000000000000000e+89	
1.683105465228341903000000000000000000000e+92	
-7.107108285216432048000000000000000000000e+91	
9.675811036504757827000000000000000000000e+91	
-1.426235190099509325000000000000000000000e+92	
2.524128354393536920000000000000000000000e+91	
1.879562673364501674000000000000000000000e+92	
-5.142536203854834338000000000000000000000e+91	
1.113277762675070253000000000000000000000e+92	
-1.280538531074914855000000000000000000000e+92	
3.473742072383532668000000000000000000000e+91	
-2.046442086511631841000000000000000000000e+92	
-4.181481827338429190000000000000000000000e+91	
1.158672593050433996000000000000000000000e+92	
-1.235143700699551112000000000000000000000e+92	
4.949177163881941142000000000000000000000e+91	
-1.898898577361790993000000000000000000000e+92	
-1.685068309080371968000000000000000000000e+91	
1.510360976753176574000000000000000000000e+92	
-8.834553169968085336000000000000000000000e+91	
7.957682974365162748000000000000000000000e+91	
-1.598047996313468833000000000000000000000e+92	
8.153124781842766058000000000000000000000e+90	
1.709611840899189276000000000000000000000e+92	
-6.842044528507958316000000000000000000000e+91	
9.442572221585892241000000000000000000000e+91	
-1.449559071591395884000000000000000000000e+92	
1.792834956944448657000000000000000000000e+91	
1.756652661934664914000000000000000000000e+92	
-6.371636318153201932000000000000000000000e+91	
1.090931391511098164000000000000000000000e+92	
-1.302884902238886944000000000000000000000e+92	
4.255414290642092962000000000000000000000e+91	
2.102444799698412428000000000000000000000e+92	
-2.913714940515726801000000000000000000000e+91	
1.385888660991608016000000000000000000000e+92	
-1.007927632758377091700000000000000000000e+92	
6.696891291337037204000000000000000000000e+91	
-1.724127164616281387000000000000000000000e+92	
-4.615397334701291102000000000000000000000e+90	
1.580321366151762729000000000000000000000e+92	
-8.134949275982223782000000000000000000000e+91	
8.133622927120428120000000000000000000000e+91	
-1.580454001037942296000000000000000000000e+92	
4.678491003406561194000000000000000000000e+90	
1.622551218148360209000000000000000000000e+92	
-7.712650756016248990000000000000000000000e+91	
9.604016831470981779000000000000000000000e+91	
-1.433414610602886930000000000000000000000e+92	
2.985816785851449336000000000000000000000e+91	
1.979053230451536915000000000000000000000e+92	
-4.147630632984481922000000000000000000000e+91	
1.266063497208357185000000000000000000000e+92	
-1.127752796541627922000000000000000000000e+92	
5.534285959292559968000000000000000000000e+91	
-1.840387697820729111000000000000000000000e+92	
-1.588516499741762295000000000000000000000e+91	
1.471184772983228268000000000000000000000e+92	
-9.226315207667568401000000000000000000000e+91	
7.077850107659056696000000000000000000000e+91	
-1.686031282984079438000000000000000000000e+92	
-5.523483204392029921000000000000000000000e+90	
1.524087245465824300000000000000000000000e+92	
-8.697290482841608070000000000000000000000e+91	
8.545480543373915806000000000000000000000e+91	
-1.539268239412593527000000000000000000000e+92	
1.853420712414714372000000000000000000000e+91	
1.858431320336880994000000000000000000000e+92	
-5.353849734131041132000000000000000000000e+91	
1.138062958256394994000000000000000000000e+92	
-1.255753335493590114000000000000000000000e+92	
4.180531002452654922000000000000000000000e+91	
-1.975763193504719615000000000000000000000e+92	
-3.015984321124051578000000000000000000000e+91	
1.321070372841971703000000000000000000000e+92	
-1.072745920908013405000000000000000000000e+92	
5.601026712466450712000000000000000000000e+91	
-1.833713622503340036000000000000000000000e+92	
-2.004863212992130102000000000000000000000e+91	
1.381265396718828215000000000000000000000e+92	
-1.012550897031156892500000000000000000000e+92	
7.067787400294329418000000000000000000000e+91	
-1.687037553720552166000000000000000000000e+92	
3.262775356638010686000000000000000000000e+90	
1.700774460263133261000000000000000000000e+92	
-6.930418334868518466000000000000000000000e+91	
9.754660155277220591000000000000000000000e+91	
-1.418350278222263048000000000000000000000e+92	
2.505185333812636976000000000000000000000e+91	
1.867894024170029061000000000000000000000e+92	
-5.259222695799560466000000000000000000000e+91	
1.117387329058025058000000000000000000000e+92	
-1.276428964691960050000000000000000000000e+92	
3.672541368904031101000000000000000000000e+91	
-2.026562156859581998000000000000000000000e+92	
-3.825057382131895397000000000000000000000e+91	
1.210069707945094689000000000000000000000e+92	
-1.183746585804890418000000000000000000000e+92	
5.129157169182567404000000000000000000000e+91	
-1.880900576831728367000000000000000000000e+92	
-1.838913230819853368000000000000000000000e+91	
1.461610605263742011000000000000000000000e+92	
-9.322056884862430969000000000000000000000e+91	
7.136686517521725040000000000000000000000e+91	
-1.680147641997812604000000000000000000000e+92	
-3.390107520408055834000000000000000000000e+90	
1.560863429135541558000000000000000000000e+92	
-8.329528646144435492000000000000000000000e+91	
8.586054040736117076000000000000000000000e+91	
-1.535210889676373400000000000000000000000e+92	
1.566968701511808118000000000000000000000e+91	
1.797099843423490370000000000000000000000e+92	
-5.967164503264947378000000000000000000000e+91	
1.044061472423771088100000000000000000000e+92	
-1.349754821326214020000000000000000000000e+92	
2.913978643017625816000000000000000000000e+91	
1.881071022535777494000000000000000000000e+92	
-5.127452712142076140000000000000000000000e+91	
1.189152272379559695000000000000000000000e+92	
-1.204664021370425413000000000000000000000e+92	
4.975778678396300644000000000000000000000e+91	
-1.896238425910355043000000000000000000000e+92	
-1.936523624537045150000000000000000000000e+91	
1.457423600200843541000000000000000000000e+92	
-9.363926935491415664000000000000000000000e+91	
7.150529069812338900000000000000000000000e+91	
-1.678763386768751218000000000000000000000e+92	
-2.694833231938145918000000000000000000000e+90	
1.573381888419407423000000000000000000000e+92	
-8.204344053305776846000000000000000000000e+91	
8.593324252585628432000000000000000000000e+91	
-1.534483868491422264000000000000000000000e+92	
1.456383214551525440000000000000000000000e+91	
1.774261590143995056000000000000000000000e+92	
-6.195547036059900510000000000000000000000e+91	
1.009449376939352179200000000000000000000e+92	
-1.384366916810632928000000000000000000000e+92	
2.450177860734463614000000000000000000000e+91	
1.822928818108525983000000000000000000000e+92	
-5.708874756414591246000000000000000000000e+91	
1.155971843768331786000000000000000000000e+92	
-1.237844449981653322000000000000000000000e+92	
4.893467923747472904000000000000000000000e+91	
-1.904469501375237817000000000000000000000e+92	
-1.769465012595577871000000000000000000000e+91	
1.499053987745988060000000000000000000000e+92	
-8.947623060039970479000000000000000000000e+91	
7.815954167455541300000000000000000000000e+91	
-1.612220877004430978000000000000000000000e+92	
6.449390170542837414000000000000000000000e+90	
1.689711454916084698000000000000000000000e+92	
-7.041048388339004092000000000000000000000e+91	
9.228547131393588615000000000000000000000e+91	
-1.470961580610626246000000000000000000000e+92	
1.563796111972117230000000000000000000000e+91	
1.732248149145517514000000000000000000000e+92	
-6.615681446044675936000000000000000000000e+91	
1.069734439314562374000000000000000000000e+92	
-1.324081854435422733000000000000000000000e+92	
4.075504411609673650000000000000000000000e+91	
2.087658180583572967000000000000000000000e+92	
-3.061581131664121407000000000000000000000e+91	
1.374304815954310864000000000000000000000e+92	
-1.019511477795674244000000000000000000000e+92	
6.613064642567245098000000000000000000000e+91	
-1.732509829493260598000000000000000000000e+92	
-5.133705118765702361000000000000000000000e+90	
1.578336283016316675000000000000000000000e+92	
-8.154800107336684324000000000000000000000e+91	
8.145736127431098872000000000000000000000e+91	
-1.579242681006875220000000000000000000000e+92	
5.119104248501843664000000000000000000000e+90	
1.630150573064234680000000000000000000000e+92	
-7.636657206857504274000000000000000000000e+91	
9.612353654091798798000000000000000000000e+91	
-1.432580928340805228000000000000000000000e+92	
2.926530552502145428000000000000000000000e+91	
1.966365666900700021000000000000000000000e+92	
-4.274506268492850862000000000000000000000e+91	
1.246620357147877993000000000000000000000e+92	
-1.147195936602107115000000000000000000000e+92	
5.272332413913901608000000000000000000000e+91	
-1.866583052358594947000000000000000000000e+92	
-1.917958586303470326000000000000000000000e+91	
1.431495068895491293000000000000000000000e+92	
-9.623212248544938147000000000000000000000e+91	
6.690623513763857006000000000000000000000e+91	
-1.724753942373599407000000000000000000000e+92	
-9.299092800213908130000000000000000000000e+90	
1.487297231911502481000000000000000000000e+92	
-9.065190618384826264000000000000000000000e+91	
8.157638469993040206000000000000000000000e+91	
-1.578052446750681087000000000000000000000e+92	
1.445646625654612000000000000000000000000e+91	
1.815661702274883461000000000000000000000e+92	
-5.781545914751016466000000000000000000000e+91	
1.093302122266682762000000000000000000000e+92	
-1.300514171483302346000000000000000000000e+92	
3.713020372926941464000000000000000000000e+91	
-2.022514256457290961000000000000000000000e+92	
