-3.503387315561509892000000000000000000000e+91	
1.270341826885810248000000000000000000000e+92	
-1.123474466864174859000000000000000000000e+92	
5.136487595510013336000000000000000000000e+91	
-1.880167534198983774000000000000000000000e+92	
-2.426677260817605519000000000000000000000e+91	
1.343354372560667894000000000000000000000e+92	
-1.050461921189317213100000000000000000000e+92	
6.598846204602701788000000000000000000000e+91	
-1.733931673289714929000000000000000000000e+92	
-2.324499081731008845000000000000000000000e+90	
1.635927559436519177000000000000000000000e+92	
-7.578887343134659306000000000000000000000e+91	
9.016494244060234253000000000000000000000e+91	
-1.492166869343961682000000000000000000000e+92	
1.677367158896623306000000000000000000000e+91	
1.776151442012155360000000000000000000000e+92	
-6.176648517378297481000000000000000000000e+91	
1.044725400886773370900000000000000000000e+92	
-1.349090892863211737000000000000000000000e+92	
3.136633668804981054000000000000000000000e+91	
1.924927348824436354000000000000000000000e+92	
-4.688889449255487533000000000000000000000e+91	
1.187272968451137236000000000000000000000e+92	
-1.206543325298847872000000000000000000000e+92	
4.499856948402431650000000000000000000000e+91	
-1.943830598909741943000000000000000000000e+92	
-2.869346547054257400000000000000000000000e+91	
1.318473927193567232000000000000000000000e+92	
-1.075342366556417876000000000000000000000e+92	
5.940246171569413130000000000000000000000e+91	
-1.799791676593043794000000000000000000000e+92	
-1.300641578543253825000000000000000000000e+91	
1.488169612718822784000000000000000000000e+92	
-9.056466810311623242000000000000000000000e+91	
7.363591579463955744000000000000000000000e+91	
-1.657457135803589533000000000000000000000e+92	
-1.507714504257160653000000000000000000000e+90	
1.575822707534356306000000000000000000000e+92	
-8.179935862156288012000000000000000000000e+91	
8.817203829963412228000000000000000000000e+91	
-1.512095910753643885000000000000000000000e+92	
1.879634907690651087000000000000000000000e+91	
1.836514048927716432000000000000000000000e+92	
-5.573022448222686754000000000000000000000e+91	
1.091619208024469241000000000000000000000e+92	
-1.302197085725515866000000000000000000000e+92	
3.470950772270005487000000000000000000000e+91	
1.944903662030557057000000000000000000000e+92	
-4.489126317194280508000000000000000000000e+91	
1.235687933599768470000000000000000000000e+92	
-1.158128360150216638000000000000000000000e+92	
5.268251589327458066000000000000000000000e+91	
-1.866991134817239301000000000000000000000e+92	
-1.816848376242010302000000000000000000000e+91	
1.452119958348350298000000000000000000000e+92	
-9.416963354016348101000000000000000000000e+91	
6.924866937486250642000000000000000000000e+91	
-1.701329600001360043000000000000000000000e+92	
-6.676852590782823964000000000000000000000e+90	
1.516316301223925055000000000000000000000e+92	
-8.774999925260600524000000000000000000000e+91	
8.388272968999271426000000000000000000000e+91	
-1.554988996850057965000000000000000000000e+92	
1.616754569737286261000000000000000000000e+91	
1.826822803635191023000000000000000000000e+92	
-5.669934901147940844000000000000000000000e+91	
1.098516491549113937000000000000000000000e+92	
-1.295299802200871170000000000000000000000e+92	
3.705726339937530210000000000000000000000e+91	
1.984953240572888440000000000000000000000e+92	
-4.088630531770966670000000000000000000000e+91	
1.240624548465979967000000000000000000000e+92	
-1.153191745284005140000000000000000000000e+92	
4.966662847108780798000000000000000000000e+91	
-1.897150009039107028000000000000000000000e+92	
-2.469217350426446800000000000000000000000e+91	
1.351822494932622946000000000000000000000e+92	
-1.041993798817362161400000000000000000000e+92	
6.414270013622546378000000000000000000000e+91	
-1.752389292387730470000000000000000000000e+92	
-6.861495131333876410000000000000000000000e+90	
1.563658650945650845000000000000000000000e+92	
-8.301576428043342622000000000000000000000e+91	
8.024949546580255652000000000000000000000e+91	
-1.591321339091959542000000000000000000000e+92	
4.171006496009742465000000000000000000000e+90	
1.623265983317754820000000000000000000000e+92	
-7.705503104322302872000000000000000000000e+91	
9.488672659623581868000000000000000000000e+91	
-1.444949027787626921000000000000000000000e+92	
2.748041750687378429000000000000000000000e+91	
1.943038733592136963000000000000000000000e+92	
-4.507775601578481446000000000000000000000e+91	
1.217818096962354983000000000000000000000e+92	
-1.175998196787630124000000000000000000000e+92	
4.929583792222670127000000000000000000000e+91	
-1.900857914527718095000000000000000000000e+92	
-2.315405992458023227000000000000000000000e+91	
1.386283172015555978000000000000000000000e+92	
-1.007533121734429129800000000000000000000e+92	
6.354774635138275818000000000000000000000e+91	
-1.758338830236157526000000000000000000000e+92	
-1.149545932342112163000000000000000000000e+91	
1.476949005802722849000000000000000000000e+92	
-9.168672879472622582000000000000000000000e+91	
7.808565135232422868000000000000000000000e+91	
-1.612959780226742821000000000000000000000e+92	
8.511044399671218274000000000000000000000e+90	
1.731672814805410871000000000000000000000e+92	
-6.621434789445742363000000000000000000000e+91	
9.847907760088460090000000000000000000000e+91	
-1.409025517741139099000000000000000000000e+92	
2.382804362822742745000000000000000000000e+91	
1.834103800628766938000000000000000000000e+92	
-5.597124931212181700000000000000000000000e+91	
1.129237297730269590000000000000000000000e+92	
-1.264578996019715517000000000000000000000e+92	
4.247215841264500226000000000000000000000e+91	
-1.969094709623535085000000000000000000000e+92	
-2.794435147591958460000000000000000000000e+91	
1.358704016569404800000000000000000000000e+92	
-1.035112277180580307600000000000000000000e+92	
6.034113260865921744000000000000000000000e+91	
-1.790404967663392933000000000000000000000e+92	
-1.515054796165069895000000000000000000000e+91	
1.435915602380085840000000000000000000000e+92	
-9.579006913698992676000000000000000000000e+91	
7.493614303421683090000000000000000000000e+91	
-1.644454863407816799000000000000000000000e+92	
6.314893414325948419000000000000000000000e+90	
1.719240133728023273000000000000000000000e+92	
-6.745761600219618348000000000000000000000e+91	
9.818821815171770354000000000000000000000e+91	
-1.411934112232808072000000000000000000000e+92	
2.448911885460124444000000000000000000000e+91	
1.850229162176461631000000000000000000000e+92	
-5.435871315735234764000000000000000000000e+91	
1.125212271783429457000000000000000000000e+92	
-1.268604021966555650000000000000000000000e+92	
4.005561988821699324000000000000000000000e+91	
-1.993260094867815175000000000000000000000e+92	
-3.237392360945301246000000000000000000000e+91	
1.294287977361175005000000000000000000000e+92	
-1.099528316388810102000000000000000000000e+92	
5.431759118453339352000000000000000000000e+91	
-1.850640381904651172000000000000000000000e+92	
-2.075623494528256520000000000000000000000e+91	
1.384035197422104138000000000000000000000e+92	
-1.009781096327880970000000000000000000000e+92	
6.887154482295823518000000000000000000000e+91	
-1.705100845520402756000000000000000000000e+92	
-6.258262779266869082000000000000000000000e+89	
1.641076082169221764000000000000000000000e+92	
-7.527402115807633438000000000000000000000e+91	
8.949656333258484910000000000000000000000e+91	
-1.498850660424136617000000000000000000000e+92	
1.492264995570670470000000000000000000000e+91	
1.745820686057050808000000000000000000000e+92	
-6.479956076929343000000000000000000000000e+91	
1.039442499690190477400000000000000000000e+92	
-1.354373794059794630000000000000000000000e+92	
3.334158549340495896000000000000000000000e+91	
1.969702766823415961000000000000000000000e+92	
-4.241135269265691465000000000000000000000e+91	
1.212550382871574654000000000000000000000e+92	
-1.181265910878410453000000000000000000000e+92	
4.557748092088273883000000000000000000000e+91	
-1.938041484541157719000000000000000000000e+92	
-3.006241416911382487000000000000000000000e+91	
1.285315532724386637000000000000000000000e+92	
-1.108500761025598471000000000000000000000e+92	
6.020984060193675830000000000000000000000e+91	
-1.791717887730617524000000000000000000000e+92	
-8.077870558633490976000000000000000000000e+90	
1.578646218678440366000000000000000000000e+92	
-8.151700750715447410000000000000000000000e+91	
8.446203320604958537000000000000000000000e+91	
-1.549195961689489254000000000000000000000e+92	
1.109597464207972430000000000000000000000e+91	
1.719626469946539623000000000000000000000e+92	
-6.741898238034454846000000000000000000000e+91	
9.877435269143650280000000000000000000000e+91	
-1.406072766835620080000000000000000000000e+92	
2.562248183866205751000000000000000000000e+91	
1.867032353081250604000000000000000000000e+92	
-5.267839406687345032000000000000000000000e+91	
1.130421669128018513000000000000000000000e+92	
-1.263394624621966595000000000000000000000e+92	
3.941775725231896018000000000000000000000e+91	
-1.999638721226795506000000000000000000000e+92	
-3.417001191719205926000000000000000000000e+91	
1.264750601680491819000000000000000000000e+92	
-1.129065692069493289000000000000000000000e+92	
5.381690271849757601000000000000000000000e+91	
-1.855647266565009348000000000000000000000e+92	
-1.880509511260216016000000000000000000000e+91	
1.428052676778449654000000000000000000000e+92	
-9.657636169715354539000000000000000000000e+91	
6.808297030863438600000000000000000000000e+91	
-1.712986590663641248000000000000000000000e+92	
-6.602140186348205584000000000000000000000e+90	
1.529461366847602663000000000000000000000e+92	
-8.643549269023824446000000000000000000000e+91	
8.257261553373658769000000000000000000000e+91	
-1.568090138412619231000000000000000000000e+92	
1.223411701146180946000000000000000000000e+91	
1.761268426868740366000000000000000000000e+92	
-6.325478668812447412000000000000000000000e+91	
1.006755073767286481000000000000000000000e+92	
-1.387061219982698627000000000000000000000e+92	
2.526172175945000603000000000000000000000e+91	
1.840816861463380996000000000000000000000e+92	
-5.529994322866041116000000000000000000000e+91	
1.152069680779963449000000000000000000000e+92	
-1.241746612970021659000000000000000000000e+92	
4.636652673251340690000000000000000000000e+91	
-1.930151026424851039000000000000000000000e+92	
-2.243965494852875706000000000000000000000e+91	
1.429846249835107139000000000000000000000e+92	
-9.639700439148779688000000000000000000000e+91	
6.906408172490092381000000000000000000000e+91	
-1.703175476500975870000000000000000000000e+92	
-4.819673666608896765000000000000000000000e+90	
1.555295594994173106000000000000000000000e+92	
-8.385206987558120010000000000000000000000e+91	
8.345809087383905650000000000000000000000e+91	
-1.559235385011594542000000000000000000000e+92	
1.142248989063217250000000000000000000000e+91	
1.736189576981988250000000000000000000000e+92	
-6.576267167679968575000000000000000000000e+91	
9.761517944890843680000000000000000000000e+91	
-1.417664499260900740000000000000000000000e+92	
2.164922582549436438000000000000000000000e+91	
1.799172970024312510000000000000000000000e+92	
-5.946433237256725976000000000000000000000e+91	
1.122157522127877894000000000000000000000e+92	
-1.271658771622107214000000000000000000000e+92	
4.454790029555018224000000000000000000000e+91	
2.111099434814334226000000000000000000000e+92	
-2.827168589356508816000000000000000000000e+91	
1.383265972486402619000000000000000000000e+92	
-1.010550321263582488500000000000000000000e+92	
6.557947293671329592000000000000000000000e+91	
-1.738021564382852148000000000000000000000e+92	
-7.131447480827621840000000000000000000000e+90	
1.543900369770779029000000000000000000000e+92	
-8.499159239792060785000000000000000000000e+91	
7.984014676683733708000000000000000000000e+91	
-1.595414826081611737000000000000000000000e+92	
5.327357629349686738000000000000000000000e+90	
1.650478700991786474000000000000000000000e+92	
-7.433375927581986338000000000000000000000e+91	
9.429365912432026064000000000000000000000e+91	
-1.450879702506782501000000000000000000000e+92	
2.357466023524161057000000000000000000000e+91	
1.870870749065941988000000000000000000000e+92	
-5.229455446840431201000000000000000000000e+91	
1.112556178608936964000000000000000000000e+92	
-1.281260115141048144000000000000000000000e+92	
3.546189968237159588000000000000000000000e+91	
1.939021205881819414000000000000000000000e+92	
-4.547950878681656936000000000000000000000e+91	
1.258175287010082807000000000000000000000e+92	
-1.135641006739902300000000000000000000000e+92	
5.776682031641032327000000000000000000000e+91	
-1.816148090585881875000000000000000000000e+92	
-1.025002142833688481200000000000000000000e+91	
1.559632056110031671000000000000000000000e+92	
-8.341842376399534368000000000000000000000e+91	
8.283121682619788062000000000000000000000e+91	
-1.565504125488006301000000000000000000000e+92	
9.735623470397460612000000000000000000000e+90	
1.708726264293417614000000000000000000000e+92	
-6.850900294565674939000000000000000000000e+91	
9.711390346028049632000000000000000000000e+91	
-1.422677259147180144000000000000000000000e+92	
2.339188782558708547000000000000000000000e+91	
1.839027802557761531000000000000000000000e+92	
-5.547884911922235762000000000000000000000e+91	
1.114510580402690272000000000000000000000e+92	
-1.279305713347294835000000000000000000000e+92	
3.903539270706465119000000000000000000000e+91	
2.008519853103865062000000000000000000000e+92	
-3.852964406461200458000000000000000000000e+91	
1.256151348308872633000000000000000000000e+92	
-1.137664945441112475000000000000000000000e+92	
5.041572730208141538000000000000000000000e+91	
-1.889659020729170954000000000000000000000e+92	
-2.474625591017837066000000000000000000000e+91	
1.343253855678036195000000000000000000000e+92	
-1.050562438071948912300000000000000000000e+92	
6.498531715448755343000000000000000000000e+91	
-1.743963122205109573000000000000000000000e+92	
-4.320242946131593453000000000000000000000e+90	
1.606049070908427840000000000000000000000e+92	
-7.877672228415572674000000000000000000000e+91	
8.618548233799716458000000000000000000000e+91	
-1.531961470370013462000000000000000000000e+92	
1.180309372945975476000000000000000000000e+91	
1.716539418321069878000000000000000000000e+92	
-6.772768754289152291000000000000000000000e+91	
1.006150922686147358700000000000000000000e+92	
-1.387665371063837749000000000000000000000e+92	
2.961159644633532096000000000000000000000e+91	
1.928396557694228944000000000000000000000e+92	
-4.654197360557561637000000000000000000000e+91	
1.167239848899308331000000000000000000000e+92	
-1.226576444850676776000000000000000000000e+92	
4.064619432166356501000000000000000000000e+91	
-1.987354350533349458000000000000000000000e+92	
-3.539373478718648075000000000000000000000e+91	
1.228003977195245250000000000000000000000e+92	
-1.165812316554739857000000000000000000000e+92	
5.533228365761941329000000000000000000000e+91	
-1.840493457173790975000000000000000000000e+92	
-1.210225370281433874000000000000000000000e+91	
1.546929879267527310000000000000000000000e+92	
-8.468864144824577975000000000000000000000e+91	
8.214272408230918453000000000000000000000e+91	
-1.572389052926893262000000000000000000000e+92	
9.628566161154653804000000000000000000000e+90	
1.713467151931066002000000000000000000000e+92	
-6.803491418189191052000000000000000000000e+91	
9.635790857095832394000000000000000000000e+91	
-1.430237208040401868000000000000000000000e+92	
2.140642145608623760000000000000000000000e+91	
1.806884542743462522000000000000000000000e+92	
-5.869317510065225852000000000000000000000e+91	
1.108407816737504823000000000000000000000e+92	
-1.285408477012480285000000000000000000000e+92	
4.102787000406245408000000000000000000000e+91	
-1.983537593709360567000000000000000000000e+92	
-2.875029803411058932000000000000000000000e+91	
1.357024792670174882000000000000000000000e+92	
-1.036791501079810225600000000000000000000e+92	
6.081091686298076610000000000000000000000e+91	
-1.785707125120177447000000000000000000000e+92	
-1.404337442908656022000000000000000000000e+91	
1.453358058407561748000000000000000000000e+92	
-9.404582353424233595000000000000000000000e+91	
7.533027812745972512000000000000000000000e+91	
-1.640513512475387856000000000000000000000e+92	
5.359589904462623766000000000000000000000e+90	
1.696199428318451003000000000000000000000e+92	
-6.976168654315341042000000000000000000000e+91	
9.453605181745926774000000000000000000000e+91	
-1.448455775575392430000000000000000000000e+92	
1.948952763078088960000000000000000000000e+91	
1.786765706741159660000000000000000000000e+92	
-6.070505870088254472000000000000000000000e+91	
1.090325664201744161000000000000000000000e+92	
-1.303490629548240946000000000000000000000e+92	
3.942322173798195265000000000000000000000e+91	
-1.999584076370165581000000000000000000000e+92	
-3.015148062141094984000000000000000000000e+91	
1.345046611001998916000000000000000000000e+92	
-1.048769682747986191900000000000000000000e+92	
5.981636190874159196000000000000000000000e+91	
-1.795652674662569188000000000000000000000e+92	
-1.483476732828380235000000000000000000000e+91	
1.447474738894072140000000000000000000000e+92	
-9.463415548559129676000000000000000000000e+91	
7.431315351991381693000000000000000000000e+91	
-1.650684758550846938000000000000000000000e+92	
3.913886036976770713000000000000000000000e+90	
1.677458729944759402000000000000000000000e+92	
-7.163575638052257050000000000000000000000e+91	
9.223382919411581709000000000000000000000e+91	
-1.471478001808826937000000000000000000000e+92	
1.675936529927743149000000000000000000000e+91	
1.755186816062249093000000000000000000000e+92	
-6.386294776877360146000000000000000000000e+91	
1.067838130157636893000000000000000000000e+92	
-1.325978163592348215000000000000000000000e+92	
3.808315154959258447000000000000000000000e+91	
2.036128991824999594000000000000000000000e+92	
-3.576873019249855131000000000000000000000e+91	
1.297977711368894824000000000000000000000e+92	
-1.095838582381090284000000000000000000000e+92	
5.601937849663189220000000000000000000000e+91	
-1.833622508783666186000000000000000000000e+92	
-1.772229702029776146000000000000000000000e+91	
1.427689453117435409000000000000000000000e+92	
-9.661268406325496982000000000000000000000e+91	
7.041425388260613357000000000000000000000e+91	
-1.689673754923923772000000000000000000000e+92	
-1.904428953317324053000000000000000000000e+90	
1.600090978822286605000000000000000000000e+92	
-7.937253149276985030000000000000000000000e+91	
8.462224575463451960000000000000000000000e+91	
-1.547593836203639912000000000000000000000e+92	
9.272911228709682516000000000000000000000e+90	
1.681572946317248781000000000000000000000e+92	
-7.122433474327363269000000000000000000000e+91	
9.916776538067422974000000000000000000000e+91	
-1.402138639943242810000000000000000000000e+92	
3.021256999030015286000000000000000000000e+91	
1.954879103723184242000000000000000000000e+92	
-4.389371900268008655000000000000000000000e+91	
1.214185016860914169000000000000000000000e+92	
-1.179631276889070939000000000000000000000e+92	
4.738595495248007017000000000000000000000e+91	
-1.919956744225184406000000000000000000000e+92	
-2.660974817351898620000000000000000000000e+91	
1.336275929707901112000000000000000000000e+92	
-1.057540364042083995300000000000000000000e+92	
6.182236769777404601000000000000000000000e+91	
-1.775592616772244648000000000000000000000e+92	
-9.947122433588843698000000000000000000000e+90	
1.525153237910449743000000000000000000000e+92	
-8.686630558395353648000000000000000000000e+91	
7.597730814262061396000000000000000000000e+91	
-1.634043212323778968000000000000000000000e+92	
-5.226170072271582282000000000000000000000e+89	
1.572117483836600148000000000000000000000e+92	
-8.216988099133849598000000000000000000000e+91	
9.066989914442680946000000000000000000000e+91	
-1.487117302305717013000000000000000000000e+92	
2.416116563457660626000000000000000000000e+91	
1.918817503720498308000000000000000000000e+92	
-4.749987900294867991000000000000000000000e+91	
1.202563691221318378000000000000000000000e+92	
-1.191252602528666729000000000000000000000e+92	
4.866663351130479390000000000000000000000e+91	
-1.907149958636937169000000000000000000000e+92	
-2.288747420011461912000000000000000000000e+91	
1.397902472555880497000000000000000000000e+92	
-9.959138211941046110000000000000000000000e+91	
6.312451239409444680000000000000000000000e+91	
-1.762571169809040640000000000000000000000e+92	
-1.350306840709502083000000000000000000000e+91	
1.441037048625455157000000000000000000000e+92	
-9.527792451245299509000000000000000000000e+91	
7.784945666067306594000000000000000000000e+91	
-1.615321727143254448000000000000000000000e+92	
1.162818105843547084000000000000000000000e+91	
1.796360806450041940000000000000000000000e+92	
-5.974554872999431680000000000000000000000e+91	
1.082978712568601665000000000000000000000e+92	
-1.310837581181383442000000000000000000000e+92	
3.699516459164578632000000000000000000000e+91	
1.999241619793718799000000000000000000000e+92	
-3.945746739562663090000000000000000000000e+91	
1.235095779979853212000000000000000000000e+92	
-1.158720513770131896000000000000000000000e+92	
4.713302308722088615000000000000000000000e+91	
-1.922486062877776246000000000000000000000e+92	
-2.920552167876173944000000000000000000000e+91	
1.286901437821853811000000000000000000000e+92	
-1.106914855928131296000000000000000000000e+92	
6.184551109131308217000000000000000000000e+91	
-1.775361182836854286000000000000000000000e+92	
-4.965855184630715173000000000000000000000e+90	
1.624522473973030287000000000000000000000e+92	
-7.692938197769548204000000000000000000000e+91	
9.052453452744553852000000000000000000000e+91	
-1.488570948475529722000000000000000000000e+92	
1.863261775736242556000000000000000000000e+91	
1.809726982710603315000000000000000000000e+92	
-5.840893110393817926000000000000000000000e+91	
1.046551850326194658500000000000000000000e+92	
-1.347264443423790449000000000000000000000e+92	
2.837565255582683242000000000000000000000e+91	
1.863303009374534034000000000000000000000e+92	
-5.305132843754510732000000000000000000000e+91	
1.192831716783195758000000000000000000000e+92	
-1.200984576966789350000000000000000000000e+92	
5.226940961011655882000000000000000000000e+91	
-1.871122197648819519000000000000000000000e+92	
-1.471100187292895246000000000000000000000e+91	
1.525381396302432801000000000000000000000e+92	
-8.684348974475523066000000000000000000000e+91	
8.044154976809658018000000000000000000000e+91	
-1.589400796069019306000000000000000000000e+92	
8.380840050349442803000000000000000000000e+90	
1.705522116191821201000000000000000000000e+92	
-6.882941775581639067000000000000000000000e+91	
9.460566059268272976000000000000000000000e+91	
-1.447759687823157810000000000000000000000e+92	
1.869690571191901983000000000000000000000e+91	
1.770221471655393669000000000000000000000e+92	
-6.235948220945914390000000000000000000000e+91	
1.092035591883360434000000000000000000000e+92	
-1.301780701866624674000000000000000000000e+92	
4.141872233215308340000000000000000000000e+91	
2.078638387987169882000000000000000000000e+92	
-3.151779057628152258000000000000000000000e+91	
1.349636240372565205000000000000000000000e+92	
-1.044180053377419902200000000000000000000e+92	
6.209968935835473259000000000000000000000e+91	
-1.772819400166437782000000000000000000000e+92	
-1.072798329341379438000000000000000000000e+91	
1.506768070340805357000000000000000000000e+92	
-8.870482234091797509000000000000000000000e+91	
7.637879574627899713000000000000000000000e+91	
-1.630028336287195136000000000000000000000e+92	
2.117760179225159754000000000000000000000e+90	
1.620899009298663440000000000000000000000e+92	
-7.729172844513216680000000000000000000000e+91	
9.080734554278222216000000000000000000000e+91	
-1.485742838322162886000000000000000000000e+92	
1.956026518142878443000000000000000000000e+91	
1.825448611896008634000000000000000000000e+92	
-5.683676818539764741000000000000000000000e+91	
1.061858481590224784000000000000000000000e+92	
-1.331957812159760324000000000000000000000e+92	
2.986483654319863222000000000000000000000e+91	
1.877780264286219544000000000000000000000e+92	
-5.160360294637655634000000000000000000000e+91	
1.208166528118202374000000000000000000000e+92	
-1.185649765631782734000000000000000000000e+92	
5.388860370813562254000000000000000000000e+91	
-1.854930256668628882000000000000000000000e+92	
-1.300613746696579965000000000000000000000e+91	
1.543286317088050096000000000000000000000e+92	
-8.505299766619350119000000000000000000000e+91	
8.231762690512960844000000000000000000000e+91	
-1.570640024698689023000000000000000000000e+92	
1.034245965293410258900000000000000000000e+91	
1.725993311155959335000000000000000000000e+92	
-6.678229825940257726000000000000000000000e+91	
9.646914056674380856000000000000000000000e+91	
-1.429124888082547022000000000000000000000e+92	
2.037683755508695224000000000000000000000e+91	
1.785186222237911295000000000000000000000e+92	
-6.086300715120738124000000000000000000000e+91	
1.110861288538205832000000000000000000000e+92	
-1.282955005211779276000000000000000000000e+92	
4.368719445805339302000000000000000000000e+91	
-1.956944349169451177000000000000000000000e+92	
-2.367819766472806777000000000000000000000e+91	
1.431861547911395920000000000000000000000e+92	
-9.619547458385891873000000000000000000000e+91	
7.070496737877029496000000000000000000000e+91	
-1.686766619962282158000000000000000000000e+92	
-1.740148487419361436000000000000000000000e+90	
1.600470082394963944000000000000000000000e+92	
-7.933462113550211636000000000000000000000e+91	
8.492744747125411554000000000000000000000e+91	
-1.544541819037443952000000000000000000000e+92	
9.845271282403822541000000000000000000000e+90	
1.689966800664170712000000000000000000000e+92	
-7.038494930858143954000000000000000000000e+91	
9.944111314146665255000000000000000000000e+91	
-1.399405162335318582000000000000000000000e+92	
2.992016177586279192000000000000000000000e+91	
1.946300277411289467000000000000000000000e+92	
-4.475160163386956402000000000000000000000e+91	
1.199954260565049355000000000000000000000e+92	
-1.193862033184935753000000000000000000000e+92	
4.539796760279884972000000000000000000000e+91	
-1.939836617721996610000000000000000000000e+92	
-2.916236610497576390000000000000000000000e+91	
1.305106254559634082000000000000000000000e+92	
-1.088710039190351026000000000000000000000e+92	
5.990351334186545820000000000000000000000e+91	
-1.794781160331330526000000000000000000000e+92	
-1.066845989280516900000000000000000000000e+91	
1.529909072630354748000000000000000000000e+92	
-8.639072211196303598000000000000000000000e+91	
7.730632956831729910000000000000000000000e+91	
-1.620752998066812117000000000000000000000e+92	
1.659417643668086898000000000000000000000e+90	
1.602463717426199356000000000000000000000e+92	
-7.913525763237857512000000000000000000000e+91	
9.189673565423991394000000000000000000000e+91	
-1.474848937207585968000000000000000000000e+92	
2.358111497237490989000000000000000000000e+91	
1.894957117672250144000000000000000000000e+92	
-4.988591760777349640000000000000000000000e+91	
1.160652413565581180000000000000000000000e+92	
-1.233163880184403928000000000000000000000e+92	
4.267131491956179446000000000000000000000e+91	
-1.967103144554367163000000000000000000000e+92	
-3.068608573051945998000000000000000000000e+91	
1.301892402271792304000000000000000000000e+92	
-1.091923891478192804000000000000000000000e+92	
5.703896109125124373000000000000000000000e+91	
-1.823426682837472670000000000000000000000e+92	
-1.607491351315477084000000000000000000000e+91	
1.450438172951709360000000000000000000000e+92	
-9.433781207982757473000000000000000000000e+91	
7.135857450923010224000000000000000000000e+91	
-1.680230548657684085000000000000000000000e+92	
-2.289997511056970338000000000000000000000e+90	
1.582943019830234142000000000000000000000e+92	
-8.108732739197509650000000000000000000000e+91	
8.572181078258850469000000000000000000000e+91	
-1.536598185924100061000000000000000000000e+92	
1.318543656727988751000000000000000000000e+91	
1.748813803614098629000000000000000000000e+92	
-6.450024901358864784000000000000000000000e+91	
9.993478433958448218000000000000000000000e+91	
-1.394468450354140286000000000000000000000e+92	
2.502548681818276268000000000000000000000e+91	
1.843496882335149910000000000000000000000e+92	
-5.503194114148351971000000000000000000000e+91	
1.144078694197393756000000000000000000000e+92	
-1.249737599552591352000000000000000000000e+92	
4.450085839040127247000000000000000000000e+91	
-1.948807709845972383000000000000000000000e+92	
-2.537136217720944670000000000000000000000e+91	
1.389874094013873594000000000000000000000e+92	
-1.003942199736111514000000000000000000000e+92	
6.400188805843155706000000000000000000000e+91	
-1.753797413165669537000000000000000000000e+92	
-1.094631541222537884000000000000000000000e+91	
1.483389994160861337000000000000000000000e+92	
-9.104262995891237708000000000000000000000e+91	
7.852799972809732898000000000000000000000e+91	
-1.608536296469011818000000000000000000000e+92	
8.751742720091970800000000000000000000000e+90	
1.732064301003296981000000000000000000000e+92	
-6.617519927466881268000000000000000000000e+91	
9.831677682481803516000000000000000000000e+91	
-1.410648525501804756000000000000000000000e+92	
2.346439371116413025000000000000000000000e+91	
1.828454812097814859000000000000000000000e+92	
-5.653614816521702484000000000000000000000e+91	
1.127853450516519047000000000000000000000e+92	
-1.265962843233466060000000000000000000000e+92	
4.276007556068106300000000000000000000000e+91	
-1.966215538143174478000000000000000000000e+92	
-2.723034461514530853000000000000000000000e+91	
1.370102861793636408000000000000000000000e+92	
-1.023713431956348699200000000000000000000e+92	
6.190668284717287417000000000000000000000e+91	
-1.774749465278256366000000000000000000000e+92	
-1.315954384712650526000000000000000000000e+91	
1.460078064938893898000000000000000000000e+92	
-9.337382288110912100000000000000000000000e+91	
7.644950985870600052000000000000000000000e+91	
-1.629321195162925102000000000000000000000e+92	
6.925830141357765864000000000000000000000e+90	
1.716329691126920911000000000000000000000e+92	
-6.774866026230641966000000000000000000000e+91	
9.699564179127308997000000000000000000000e+91	
-1.423859875837254208000000000000000000000e+92	
2.239545905723340983000000000000000000000e+91	
1.820286214234809333000000000000000000000e+92	
-5.735300795151757742000000000000000000000e+91	
1.114363092573836048000000000000000000000e+92	
-1.279453201176149059000000000000000000000e+92	
4.087912860525742553000000000000000000000e+91	
-1.985025007697410852000000000000000000000e+92	
-2.964293801671751691000000000000000000000e+91	
1.340663109149094367000000000000000000000e+92	
-1.053153184600890741000000000000000000000e+92	
5.843159017142871181000000000000000000000e+91	
-1.809500392035697990000000000000000000000e+92	
-1.716548961417752942000000000000000000000e+91	
1.414712718239709656000000000000000000000e+92	
-9.791035755102754511000000000000000000000e+91	
7.304157986557982545000000000000000000000e+91	
-1.663400495094186853000000000000000000000e+92	
4.645943154924761150000000000000000000000e+90	
1.704805637423782342000000000000000000000e+92	
-6.890106563262027656000000000000000000000e+91	
9.697015692589026128000000000000000000000e+91	
-1.424114724491082495000000000000000000000e+92	
2.349633386484047121000000000000000000000e+91	
1.842552953512446907000000000000000000000e+92	
-5.512633402375382008000000000000000000000e+91	
1.112782949815218565000000000000000000000e+92	
-1.281033343934766543000000000000000000000e+92	
3.833761290807517924000000000000000000000e+91	
-2.010440164669233315000000000000000000000e+92	
-3.456676894353856836000000000000000000000e+91	
1.267613503598019541000000000000000000000e+92	
-1.126202790151965567000000000000000000000e+92	
5.265778534190909562000000000000000000000e+91	
-1.867238440330894152000000000000000000000e+92	
-2.140890072486493918000000000000000000000e+91	
1.387574928045863158000000000000000000000e+92	
-1.006241365704121949200000000000000000000e+92	
6.709544431536326076000000000000000000000e+91	
-1.722861850596352500000000000000000000000e+92	
-4.530940286667966388000000000000000000000e+90	
1.580745402482971466000000000000000000000e+92	
-8.130708912670136421000000000000000000000e+91	
8.133660041803919438000000000000000000000e+91	
-1.580450289569593164000000000000000000000e+92	
4.636850582166535120000000000000000000000e+90	
1.621714907333216732000000000000000000000e+92	
-7.721013864167683760000000000000000000000e+91	
9.604548339587742916000000000000000000000e+91	
-1.433361459791210816000000000000000000000e+92	
2.995238483673144430000000000000000000000e+91	
1.980883976768169233000000000000000000000e+92	
-4.129323169818158745000000000000000000000e+91	
1.268782377843607908000000000000000000000e+92	
-1.125033915906377199000000000000000000000e+92	
5.570351688873574819000000000000000000000e+91	
-1.836781124862627626000000000000000000000e+92	
-1.543578264690245770000000000000000000000e+91	
1.476565405479486538000000000000000000000e+92	
-9.172508882704985699000000000000000000000e+91	
7.140520109170754976000000000000000000000e+91	
-1.679764282832909610000000000000000000000e+92	
-4.808190535439577492000000000000000000000e+90	
1.532125657796676881000000000000000000000e+92	
-8.616906359533082262000000000000000000000e+91	
8.607023381460346324000000000000000000000e+91	
-1.533113955603950475000000000000000000000e+92	
1.896131641978219884000000000000000000000e+91	
1.860820159644208454000000000000000000000e+92	
-5.329961341057766536000000000000000000000e+91	
1.138570480651552735000000000000000000000e+92	
-1.255245813098432373000000000000000000000e+92	
4.166802419989230156000000000000000000000e+91	
-1.977136051751062092000000000000000000000e+92	
-3.048507351955297712000000000000000000000e+91	
1.315939560261063198000000000000000000000e+92	
-1.077876733488921910000000000000000000000e+92	
5.589528600363569915000000000000000000000e+91	
-1.834863433713628116000000000000000000000e+92	
-1.976571123546956812000000000000000000000e+91	
1.388071645588323235000000000000000000000e+92	
-1.005744648161661873000000000000000000000e+92	
7.051621793700700556000000000000000000000e+91	
-1.688654114379915052000000000000000000000e+92	
2.259257513844561047000000000000000000000e+90	
1.682324853740809539000000000000000000000e+92	
-7.114914400091755687000000000000000000000e+91	
9.486061685001259504000000000000000000000e+91	
-1.445210125249859157000000000000000000000e+92	
2.152526313534839925000000000000000000000e+91	
1.824226250564164288000000000000000000000e+92	
-5.695900431858208194000000000000000000000e+91	
1.091553023947784236000000000000000000000e+92	
-1.302263269802200871000000000000000000000e+92	
3.592444251344520330000000000000000000000e+91	
1.969262462646379676000000000000000000000e+92	
-4.245538311036054312000000000000000000000e+91	
1.234184165671261952000000000000000000000e+92	
-1.159632128078723155000000000000000000000e+92	
4.994716934250367446000000000000000000000e+91	
-1.894344600324948363000000000000000000000e+92	
-2.348751361514483903000000000000000000000e+91	
1.373105684958952269000000000000000000000e+92	
-1.020710608791032838900000000000000000000e+92	
6.431410114014273994000000000000000000000e+91	
-1.750675282348557708000000000000000000000e+92	
-8.646038231243383618000000000000000000000e+90	
1.526263513010416240000000000000000000000e+92	
-8.675527807395688681000000000000000000000e+91	
7.860581217986960116000000000000000000000e+91	
-1.607758171951289096000000000000000000000e+92	
4.622110690508948327000000000000000000000e+90	
1.648714474986294750000000000000000000000e+92	
-7.451018187636903572000000000000000000000e+91	
9.299871926766377487000000000000000000000e+91	
-1.463829101073347359000000000000000000000e+92	
2.116175977239340548000000000000000000000e+91	
1.835567702104432293000000000000000000000e+92	
-5.582485916455528144000000000000000000000e+91	
1.071195658314246662000000000000000000000e+92	
-1.322620635435738446000000000000000000000e+92	
3.072040178046963480000000000000000000000e+91	
1.885554781247047405000000000000000000000e+92	
-5.082615125029377026000000000000000000000e+91	
1.217583095035358341000000000000000000000e+92	
-1.176233198714626766000000000000000000000e+92	
5.499438367596075434000000000000000000000e+91	
-1.843872456990377564000000000000000000000e+92	
-1.173631590188527394000000000000000000000e+91	
1.557624132329357457000000000000000000000e+92	
-8.361921614206276506000000000000000000000e+91	
8.391528679073403660000000000000000000000e+91	
-1.554663425842644742000000000000000000000e+92	
1.210391634304419272000000000000000000000e+91	
1.745245030938319382000000000000000000000e+92	
-6.485712628116657260000000000000000000000e+91	
9.804536874729303982000000000000000000000e+91	
-1.413362606277054709000000000000000000000e+92	
2.160429559600829727000000000000000000000e+91	
1.793974836967195022000000000000000000000e+92	
-5.998414567827900852000000000000000000000e+91	
1.127012793672147382000000000000000000000e+92	
-1.266803500077837726000000000000000000000e+92	
4.603826758463654524000000000000000000000e+91	
-1.933433617903619655000000000000000000000e+92	
-2.059156816987376841000000000000000000000e+91	
1.470079745916154872000000000000000000000e+92	
-9.237365478338302358000000000000000000000e+91	
7.526161160439583909000000000000000000000e+91	
-1.641200177706026717000000000000000000000e+92	
3.550954464970737412000000000000000000000e+90	
1.660722044022621989000000000000000000000e+92	
-7.330942497273631186000000000000000000000e+91	
8.939150797884623415000000000000000000000e+91	
-1.499901213961522766000000000000000000000e+92	
1.274897306162060289000000000000000000000e+91	
1.703407996574055666000000000000000000000e+92	
-6.904082971759294417000000000000000000000e+91	
1.040827969224083699300000000000000000000e+92	
-1.352988324525901408000000000000000000000e+92	
3.785776865555593446000000000000000000000e+91	
2.058619174450898554000000000000000000000e+92	
-3.351971192990865535000000000000000000000e+91	
1.345199591265615430000000000000000000000e+92	
-1.048616702484369677600000000000000000000e+92	
6.321350539668448194000000000000000000000e+91	
-1.761681239783140288000000000000000000000e+92	
-8.057461414028470878000000000000000000000e+90	
1.549032600322984861000000000000000000000e+92	
-8.447836934270002470000000000000000000000e+91	
7.852038432147335176000000000000000000000e+91	
-1.608612450535251590000000000000000000000e+92	
2.175521901088090058000000000000000000000e+90	
1.600648728517251576000000000000000000000e+92	
-7.931675652327335321000000000000000000000e+91	
9.319129686354460956000000000000000000000e+91	
-1.461903325114539012000000000000000000000e+92	
2.635100169443685546000000000000000000000e+91	
1.937401897801824782000000000000000000000e+92	
-4.564143959481603255000000000000000000000e+91	
1.217835768039478643000000000000000000000e+92	
-1.175980525710506464000000000000000000000e+92	
4.986277431013723180000000000000000000000e+91	
-1.895188550648612790000000000000000000000e+92	
-2.202223552296998541000000000000000000000e+91	
1.403247484903443193000000000000000000000e+92	
-9.905688088465419142000000000000000000000e+91	
6.404743542461293635000000000000000000000e+91	
-1.753341939503855744000000000000000000000e+92	
-1.219191688579786398000000000000000000000e+91	
1.458028916658393892000000000000000000000e+92	
-9.357873770915912157000000000000000000000e+91	
7.872544385784591776000000000000000000000e+91	
-1.606561855171525930000000000000000000000e+92	
1.168137832934587236000000000000000000000e+91	
1.788668974656262928000000000000000000000e+92	
-6.051473190937221800000000000000000000000e+91	
1.067067168993850623000000000000000000000e+92	
-1.326749124756134484000000000000000000000e+92	
3.458244812458310960000000000000000000000e+91	
1.966902922676510520000000000000000000000e+92	
-4.269133710734745874000000000000000000000e+91	
1.208428952896714900000000000000000000000e+92	
-1.185387340853270208000000000000000000000e+92	
4.503324511165991850000000000000000000000e+91	
-1.943483842633385922000000000000000000000e+92	
-3.073867705174704029000000000000000000000e+91	
1.277233290220056640000000000000000000000e+92	
-1.116583003529928468000000000000000000000e+92	
5.968187713529320034000000000000000000000e+91	
-1.796997522397053104000000000000000000000e+92	
-8.325712718228573432000000000000000000000e+90	
1.578967616079694498000000000000000000000e+92	
-8.148486776702906098000000000000000000000e+91	
8.477401550794605234000000000000000000000e+91	
-1.546076138670524584000000000000000000000e+92	
1.168766023714183556000000000000000000000e+91	
1.728338966835857765000000000000000000000e+92	
-6.654773269141273428000000000000000000000e+91	
9.905299545162620173000000000000000000000e+91	
-1.403286339233723090000000000000000000000e+92	
2.530881259143971382000000000000000000000e+91	
1.857975488280479630000000000000000000000e+92	
-5.358408054695054775000000000000000000000e+91	
1.133901444996088500000000000000000000000e+92	
-1.259914848753896607000000000000000000000e+92	
4.101877499789129546000000000000000000000e+91	
-1.983628543771072153000000000000000000000e+92	
-3.131657761047417023000000000000000000000e+91	
1.305802877486372073000000000000000000000e+92	
-1.088013416263613035000000000000000000000e+92	
5.526836215498609502000000000000000000000e+91	
-1.841132672200124157000000000000000000000e+92	
-2.000608312551193403000000000000000000000e+91	
1.389531522529711814000000000000000000000e+92	
-1.004284771220273294100000000000000000000e+92	
6.984464519979509000000000000000000000000e+91	
-1.695369841752034208000000000000000000000e+92	
7.705312187052638492000000000000000000000e+89	
1.659270121919498983000000000000000000000e+92	
-7.345461718304861249000000000000000000000e+91	
9.173880324943843261000000000000000000000e+91	
-1.476428261255600782000000000000000000000e+92	
1.758751538259346233000000000000000000000e+91	
1.776693492155574695000000000000000000000e+92	
-6.171228015944104125000000000000000000000e+91	
1.061337269802966450000000000000000000000e+92	
-1.332479023947018658000000000000000000000e+92	
3.463370571396397817000000000000000000000e+91	
1.973654866976764201000000000000000000000e+92	
-4.201614267732209068000000000000000000000e+91	
1.207537844605113435000000000000000000000e+92	
-1.186278449144871672000000000000000000000e+92	
4.418020939335833941000000000000000000000e+91	
-1.952014199816401714000000000000000000000e+92	
-3.235525747844383288000000000000000000000e+91	
1.253435838784561532000000000000000000000e+92	
-1.140380454965423576000000000000000000000e+92	
5.891985482168881620000000000000000000000e+91	
-1.804617745533096946000000000000000000000e+92	
-7.470817290295571525000000000000000000000e+90	
1.603677700896986055000000000000000000000e+92	
-7.901385928529990528000000000000000000000e+91	
8.886033275619724390000000000000000000000e+91	
-1.505212966188012668000000000000000000000e+92	
1.738848236490869432000000000000000000000e+91	
1.801484202039305496000000000000000000000e+92	
-5.923320917106796114000000000000000000000e+91	
1.035648608093173218000000000000000000000e+92	
-1.358167685656811890000000000000000000000e+92	
2.701941457893226720000000000000000000000e+91	
1.847082815436538276000000000000000000000e+92	
-5.467334783134468317000000000000000000000e+91	
1.182256134992595367000000000000000000000e+92	
-1.211560158757389741000000000000000000000e+92	
5.177603173167887320000000000000000000000e+91	
-1.876055976433196376000000000000000000000e+92	
-1.464048022505957045000000000000000000000e+91	
1.531722801698367791000000000000000000000e+92	
-8.620934920516173162000000000000000000000e+91	
8.163902870449396092000000000000000000000e+91	
-1.577426006705045498000000000000000000000e+92	
1.014137702822368101000000000000000000000e+91	
1.728755264227300721000000000000000000000e+92	
-6.650610295226843868000000000000000000000e+91	
9.626619141767737020000000000000000000000e+91	
-1.431154379573211406000000000000000000000e+92	
1.969498240454174007000000000000000000000e+91	
1.773580994078177450000000000000000000000e+92	
-6.202352996718076572000000000000000000000e+91	
1.109398168481865718000000000000000000000e+92	
-1.284418125268119389000000000000000000000e+92	
4.455458852279259487000000000000000000000e+91	
-1.948270408522059159000000000000000000000e+92	
-2.179760201838905443000000000000000000000e+91	
1.460794477813728048000000000000000000000e+92	
-9.330218159362570598000000000000000000000e+91	
7.461045372613497394000000000000000000000e+91	
-1.647711756488635368000000000000000000000e+92	
3.177027481131903038000000000000000000000e+90	
1.659753703439825079000000000000000000000e+92	
-7.340625903101600284000000000000000000000e+91	
8.943019686025802082000000000000000000000e+91	
-1.499514325147404899000000000000000000000e+92	
1.292311743733355503000000000000000000000e+91	
1.706503321155947197000000000000000000000e+92	
-6.873129725940379106000000000000000000000e+91	
1.041054915823801097500000000000000000000e+92	
-1.352761377926184010000000000000000000000e+92	
3.759376826721898906000000000000000000000e+91	
2.053113646873108297000000000000000000000e+92	
-3.407026468768768104000000000000000000000e+91	
1.336829966072004670000000000000000000000e+92	
-1.056986327677980437800000000000000000000e+92	
6.209027565263004031000000000000000000000e+91	
-1.772913537223684704000000000000000000000e+92	
-9.466815916823622037000000000000000000000e+90	
1.532079231658145983000000000000000000000e+92	
-8.617370620918391242000000000000000000000e+91	
7.653920741548727603000000000000000000000e+91	
-1.628424219595112347000000000000000000000e+92	
-9.135279104376190813000000000000000000000e+88	
1.575124425560089762000000000000000000000e+92	
-8.186918681898953457000000000000000000000e+91	
9.124641554878371830000000000000000000000e+91	
-1.481352138262147924000000000000000000000e+92	
2.501336700312435274000000000000000000000e+91	
1.930094995052851062000000000000000000000e+92	
-4.637212986971340459000000000000000000000e+91	
1.216595288888309466000000000000000000000e+92	
-1.177221004861675642000000000000000000000e+92	
5.034506684848992958000000000000000000000e+91	
-1.890365625265085812000000000000000000000e+92	
-2.093390428720947483000000000000000000000e+91	
1.420188168176250453000000000000000000000e+92	
-9.736281255737346545000000000000000000000e+91	
6.562794474681907055000000000000000000000e+91	
-1.737536846281794402000000000000000000000e+92	
-1.072491005401689846000000000000000000000e+91	
1.471564524937190580000000000000000000000e+92	
-9.222517688127945272000000000000000000000e+91	
8.031718056861220259000000000000000000000e+91	
-1.590644488063863082000000000000000000000e+92	
1.351117239055383309000000000000000000000e+91	
1.809346304038206902000000000000000000000e+92	
-5.844699897117782054000000000000000000000e+91	
1.090122703000711497000000000000000000000e+92	
-1.303693590749273611000000000000000000000e+92	
3.712570363219716325000000000000000000000e+91	
-2.022559257428013475000000000000000000000e+92	
-3.472508741303835658000000000000000000000e+91	
1.276560983585620068000000000000000000000e+92	
-1.117255310164365040000000000000000000000e+92	
5.132351061923475512000000000000000000000e+91	
-1.880581187557637556000000000000000000000e+92	
-2.497108885635197805000000000000000000000e+91	
1.329685000248392083000000000000000000000e+92	
-1.064131293501593024000000000000000000000e+92	
6.602517664738562145000000000000000000000e+91	
-1.733564527276128893000000000000000000000e+92	
-8.848311999720381151000000000000000000000e+89	
1.664346789012722540000000000000000000000e+92	
-7.294695047372625680000000000000000000000e+91	
9.440842261701895209000000000000000000000e+91	
-1.449732067579795587000000000000000000000e+92	
2.241801147441488181000000000000000000000e+91	
1.846596466330600861000000000000000000000e+92	
-5.472198274193842466000000000000000000000e+91	
1.085454285688787969000000000000000000000e+92	
-1.308362008061197138000000000000000000000e+92	
3.246909009290300598000000000000000000000e+91	
1.906268313522544281000000000000000000000e+92	
-4.875479802274408265000000000000000000000e+91	
1.231442557177071490000000000000000000000e+92	
-1.162373736572913618000000000000000000000e+92	
5.569526398168891247000000000000000000000e+91	
-1.836863653933095983000000000000000000000e+92	
-1.172016056942202002000000000000000000000e+91	
1.550941843576399416000000000000000000000e+92	
-8.428744501735856912000000000000000000000e+91	
8.256301430359705584000000000000000000000e+91	
-1.568186150714014549000000000000000000000e+92	
1.006794067048030619600000000000000000000e+91	
1.718051644928361899000000000000000000000e+92	
-6.757646488216232090000000000000000000000e+91	
9.677538605044492267000000000000000000000e+91	
-1.426062433245535881000000000000000000000e+92	
2.178294750568164052000000000000000000000e+91	
1.810240492742545831000000000000000000000e+92	
-5.835758010074392766000000000000000000000e+91	
1.112625159407699695000000000000000000000e+92	
-1.281191134342285412000000000000000000000e+92	
4.153570066946171088000000000000000000000e+91	
-1.978459287055367999000000000000000000000e+92	
-2.815641381772848898000000000000000000000e+91	
1.363823742083091693000000000000000000000e+92	
-1.029992551666893414400000000000000000000e+92	
6.157677972442203614000000000000000000000e+91	
-1.778048496505764746000000000000000000000e+92	
-1.319158643095321981000000000000000000000e+91	
1.462734762134160322000000000000000000000e+92	
-9.310815316158247856000000000000000000000e+91	
7.608499566996344146000000000000000000000e+91	
-1.632966337050350693000000000000000000000e+92	
5.931445666525270457000000000000000000000e+90	
1.700090278178692358000000000000000000000e+92	
-6.937260155712927498000000000000000000000e+91	
9.474245698655748784000000000000000000000e+91	
-1.446391723884410229000000000000000000000e+92	
1.951334389679843616000000000000000000000e+91	
1.785178889056531615000000000000000000000e+92	
-6.086374046934534928000000000000000000000e+91	
1.092601825904703481000000000000000000000e+92	
-1.301214467845281626000000000000000000000e+92	
4.003694359902809654000000000000000000000e+91	
2.050443737766219306000000000000000000000e+92	
-3.433725559837658018000000000000000000000e+91	
1.307071882162270000000000000000000000000e+92	
-1.086744411587715107000000000000000000000e+92	
5.640699787235007970000000000000000000000e+91	
-1.829746315026484311000000000000000000000e+92	
-1.785621566633330681000000000000000000000e+91	
1.421137481965845119000000000000000000000e+92	
-9.726788117841399883000000000000000000000e+91	
7.086273160623697390000000000000000000000e+91	
-1.685188977687615369000000000000000000000e+92	
-3.528256542204470109000000000000000000000e+89	
1.626632777668183582000000000000000000000e+92	
-7.671835160818015253000000000000000000000e+91	
8.633575646888486440000000000000000000000e+91	
-1.530458729061136464000000000000000000000e+92	
1.004622091328762149500000000000000000000e+91	
1.679908711943188695000000000000000000000e+92	
-7.139075818067964128000000000000000000000e+91	
1.009896201471156989500000000000000000000e+92	
-1.383920092278828118000000000000000000000e+92	
3.402171345873894677000000000000000000000e+91	
2.012833535333474764000000000000000000000e+92	
-3.809827584165103440000000000000000000000e+91	
1.291992560225017024000000000000000000000e+92	
-1.101823733524968084000000000000000000000e+92	
5.715103243901567669000000000000000000000e+91	
-1.822305969359828341000000000000000000000e+92	
-1.486133507040573003000000000000000000000e+91	
1.473583546483968023000000000000000000000e+92	
-9.202327472660170842000000000000000000000e+91	
7.134085593710436093000000000000000000000e+91	
-1.680407734378941498000000000000000000000e+92	
-4.638811320080949856000000000000000000000e+90	
1.536155530479173917000000000000000000000e+92	
-8.576607632708111902000000000000000000000e+91	
8.597846787524737535000000000000000000000e+91	
-1.534031614997511354000000000000000000000e+92	
1.837504349551359884000000000000000000000e+91	
1.850014821553958895000000000000000000000e+92	
-5.438014721960262126000000000000000000000e+91	
1.122824993490540460000000000000000000000e+92	
-1.270991300259444647000000000000000000000e+92	
3.959970643197972189000000000000000000000e+91	
-1.997819229430187889000000000000000000000e+92	
-3.304691460636619042000000000000000000000e+91	
1.285388372310098396000000000000000000000e+92	
-1.108427921439886712000000000000000000000e+92	
5.388784076584073029000000000000000000000e+91	
-1.854937886091577805000000000000000000000e+92	
-2.072600430925763587000000000000000000000e+91	
1.388935025152371526000000000000000000000e+92	
-1.004881268597613582000000000000000000000e+92	
6.838823763701362804000000000000000000000e+91	
-1.709933917379848827000000000000000000000e+92	
-2.081939047862715325000000000000000000000e+90	
1.616791739969169431000000000000000000000e+92	
-7.770245537808156764000000000000000000000e+91	
8.609629155549476396000000000000000000000e+91	
-1.532853378195037468000000000000000000000e+92	
1.055102427369827573500000000000000000000e+91	
1.692395724302467290000000000000000000000e+92	
-7.014205694475178174000000000000000000000e+91	
1.006628835138945689200000000000000000000e+92	
-1.387187458611039418000000000000000000000e+92	
3.212032300091714782000000000000000000000e+91	
1.978080929052797521000000000000000000000e+92	
-4.157353646971875862000000000000000000000e+91	
1.241509084885433161000000000000000000000e+92	
-1.152307208864551947000000000000000000000e+92	
5.053038087371647844000000000000000000000e+91	
-1.888512485012820323000000000000000000000e+92	
-2.305350818210723541000000000000000000000e+91	
1.375954420858140720000000000000000000000e+92	
-1.017861872891844387700000000000000000000e+92	
6.491408673503498027000000000000000000000e+91	
-1.744675426399635305000000000000000000000e+92	
-7.731097452446067896000000000000000000000e+90	
1.538560905207206055000000000000000000000e+92	
-8.552553885427790525000000000000000000000e+91	
7.916792105021603129000000000000000000000e+91	
-1.602137083247824795000000000000000000000e+92	
4.516921469586480418000000000000000000000e+90	
1.640992922791475327000000000000000000000e+92	
-7.528233709585097808000000000000000000000e+91	
9.363860605122731847000000000000000000000e+91	
-1.457430233237711923000000000000000000000e+92	
2.321298583129971787000000000000000000000e+91	
1.870186331667144720000000000000000000000e+92	
-5.236299620828403880000000000000000000000e+91	
1.114802628526491906000000000000000000000e+92	
-1.279013665223493202000000000000000000000e+92	
3.597948554596129359000000000000000000000e+91	
-2.034021438290372172000000000000000000000e+92	
-3.948371746217486547000000000000000000000e+91	
1.192868541272951681000000000000000000000e+92	
-1.200947752477033427000000000000000000000e+92	
5.060399074382395204000000000000000000000e+91	
-1.887776386311745587000000000000000000000e+92	
-1.804469139666916516000000000000000000000e+91	
1.475370096934844879000000000000000000000e+92	
-9.184461968151402290000000000000000000000e+91	
7.377380924956245950000000000000000000000e+91	
-1.656078201254360513000000000000000000000e+92	
4.731836830294253496000000000000000000000e+88	
1.605537377791116205000000000000000000000e+92	
-7.882789159588689030000000000000000000000e+91	
8.814295955020911136000000000000000000000e+91	
-1.512386698247893994000000000000000000000e+92	
1.576821782710947524000000000000000000000e+91	
1.776257136741770038000000000000000000000e+92	
-6.175591570082150692000000000000000000000e+91	
1.023336458299846878300000000000000000000e+92	
-1.370479835450138229000000000000000000000e+92	
2.707904841638492423000000000000000000000e+91	
1.860581217841239274000000000000000000000e+92	
-5.332350759087458331000000000000000000000e+91	
1.168441356805244116000000000000000000000e+92	
-1.225374936944740992000000000000000000000e+92	
4.766459514252811908000000000000000000000e+91	
-1.917170342324703917000000000000000000000e+92	
-2.148051697231059088000000000000000000000e+91	
1.436050012006634323000000000000000000000e+92	
-9.577662817433507842000000000000000000000e+91	
6.934586477377529668000000000000000000000e+91	
-1.700357646012232141000000000000000000000e+92	
-4.876315279127933629000000000000000000000e+90	
1.551346616485292899000000000000000000000e+92	
-8.424696772646922090000000000000000000000e+91	
8.377932394976952753000000000000000000000e+91	
-1.556023054252289832000000000000000000000e+92	
1.245949749814644712000000000000000000000e+91	
1.753713836194286582000000000000000000000e+92	
-6.401024575556985251000000000000000000000e+91	
9.893969688732287340000000000000000000000e+91	
-1.404419324876756374000000000000000000000e+92	
2.254604773732593585000000000000000000000e+91	
1.803866362379310580000000000000000000000e+92	
-5.899499313706745271000000000000000000000e+91	
1.135888202650652928000000000000000000000e+92	
-1.257928091099332180000000000000000000000e+92	
4.682424740795939705000000000000000000000e+91	
-1.925573819670391137000000000000000000000e+92	
-1.990709887741177621000000000000000000000e+91	
1.475909838717295421000000000000000000000e+92	
-9.179064550326896866000000000000000000000e+91	
7.574321136553340590000000000000000000000e+91	
-1.636384180094651049000000000000000000000e+92	
3.931195175374384497000000000000000000000e+90	
1.663511365050581194000000000000000000000e+92	
-7.303049286994039134000000000000000000000e+91	
8.988438757967179958000000000000000000000e+91	
-1.494972417953267112000000000000000000000e+92	
1.345569368571554959000000000000000000000e+91	
1.712612548829986673000000000000000000000e+92	
-6.812037449199984342000000000000000000000e+91	
1.045498445578387138300000000000000000000e+92	
-1.348317848171597969000000000000000000000e+92	
3.787163434713826954000000000000000000000e+91	
2.054228267268419668000000000000000000000e+92	
-3.395880264815654396000000000000000000000e+91	
1.336281374202602673000000000000000000000e+92	
-1.057534919547382434200000000000000000000e+92	
6.186917801192154808000000000000000000000e+91	
-1.775124513630769627000000000000000000000e+92	
-9.854069279790658986000000000000000000000e+90	
1.526545967709259635000000000000000000000e+92	
-8.672703260407254730000000000000000000000e+91	
7.601861292079288286000000000000000000000e+91	
-1.633630164542056279000000000000000000000e+92	
-5.792316751535767914000000000000000000000e+89	
1.570572630009809409000000000000000000000e+92	
-8.232436637401756989000000000000000000000e+91	
9.072267258919163502000000000000000000000e+91	
-1.486589567858068757000000000000000000000e+92	
2.442109476076041094000000000000000000000e+91	
1.923487320849601222000000000000000000000e+92	
-4.703289729003838852000000000000000000000e+91	
1.209303003783829325000000000000000000000e+92	
-1.184513289966155783000000000000000000000e+92	
4.954741131879248776000000000000000000000e+91	
-1.898342180562060230000000000000000000000e+92	
-2.179995278223872758000000000000000000000e+91	
1.410844093942340946000000000000000000000e+92	
-9.829721998076441618000000000000000000000e+91	
6.462521241509742581000000000000000000000e+91	
-1.747564169599010850000000000000000000000e+92	
-1.179593329096894722000000000000000000000e+91	
1.460171723377146630000000000000000000000e+92	
-9.336445703728384779000000000000000000000e+91	
7.932383751070899981000000000000000000000e+91	
-1.600577918642895110000000000000000000000e+92	
1.266369380257110813000000000000000000000e+91	
1.802329436937225477000000000000000000000e+92	
-5.914868568127596307000000000000000000000e+91	
1.084563029119483050000000000000000000000e+92	
-1.309253264630502058000000000000000000000e+92	
3.671538304624908162000000000000000000000e+91	
-2.026662463287494291000000000000000000000e+92	
-3.498983368052140783000000000000000000000e+91	
1.275368539619070496000000000000000000000e+92	
-1.118447754130914612000000000000000000000e+92	
5.089661029615080720000000000000000000000e+91	
-1.884850190788477036000000000000000000000e+92	
-2.570549199544612228000000000000000000000e+91	
1.319267471039555489000000000000000000000e+92	
-1.074548822710429618000000000000000000000e+92	
6.563504259543760989000000000000000000000e+91	
-1.737465867795609009000000000000000000000e+92	
-6.236706726512701392000000000000000000000e+89	
1.673468098795833997000000000000000000000e+92	
-7.203481949541511102000000000000000000000e+91	
9.597120007935023866000000000000000000000e+91	
-1.434104292956482721000000000000000000000e+92	
2.463111161502396405000000000000000000000e+91	
1.875227458073523247000000000000000000000e+92	
-5.185888356764618604000000000000000000000e+91	
1.110708172250237488000000000000000000000e+92	
-1.283108121499747620000000000000000000000e+92	
3.465693629851911090000000000000000000000e+91	
-2.047246930764793998000000000000000000000e+92	
-4.171891590725111463000000000000000000000e+91	
1.161394606806162843000000000000000000000e+92	
-1.232421686943822265000000000000000000000e+92	
4.939063637597793734000000000000000000000e+91	
-1.899909929990205734000000000000000000000e+92	
-1.732496919447162177000000000000000000000e+91	
1.501888464359458615000000000000000000000e+92	
-8.919278293905264926000000000000000000000e+91	
7.835679898127895808000000000000000000000e+91	
-1.610248303937195527000000000000000000000e+92	
6.560500016798843736000000000000000000000e+90	
1.689961507502058558000000000000000000000e+92	
-7.038547862479265492000000000000000000000e+91	
9.249260154820016374000000000000000000000e+91	
-1.468890278267983470000000000000000000000e+92	
1.602712569193374482000000000000000000000e+91	
1.737959232321014384000000000000000000000e+92	
-6.558570614289707232000000000000000000000e+91	
1.071588708703602208000000000000000000000e+92	
-1.322227585046382899000000000000000000000e+92	
4.055498161752148085000000000000000000000e+91	
2.081804579679463800000000000000000000000e+92	
-3.120117140705213078000000000000000000000e+91	
1.364600156633527036000000000000000000000e+92	
-1.029216137116458071200000000000000000000e+92	
6.477526630666691802000000000000000000000e+91	
-1.746063630683315927000000000000000000000e+92	
-6.873807865338445306000000000000000000000e+90	
1.557089943915187830000000000000000000000e+92	
-8.367263498347972776000000000000000000000e+91	
7.894838756939951818000000000000000000000e+91	
-1.604332418055989926000000000000000000000e+92	
2.225982022295333484000000000000000000000e+90	
1.597379777372348144000000000000000000000e+92	
-7.964365163776369638000000000000000000000e+91	
9.366315693158249367000000000000000000000e+91	
-1.457184724434160171000000000000000000000e+92	
2.762121943034460312000000000000000000000e+91	
1.958083678671319312000000000000000000000e+92	
-4.357326150786657958000000000000000000000e+91	
1.246493181228426177000000000000000000000e+92	
-1.147323112521558931000000000000000000000e+92	
5.352568193951421054000000000000000000000e+91	
-1.858559474354843002000000000000000000000e+92	
-1.756255830703886265000000000000000000000e+91	
1.455807987663381908000000000000000000000e+92	
-9.380083060866031994000000000000000000000e+91	
6.938046779070981064000000000000000000000e+91	
-1.700011615842887001000000000000000000000e+92	
-6.781940741098062340000000000000000000000e+90	
1.512897732967084550000000000000000000000e+92	
-8.809185607829005576000000000000000000000e+91	
8.404223011049680272000000000000000000000e+91	
-1.553393992645017080000000000000000000000e+92	
1.682815385475508720000000000000000000000e+91	
1.838437468726422624000000000000000000000e+92	
-5.553788250235624836000000000000000000000e+91	
1.115137247547491132000000000000000000000e+92	
-1.278679046202493976000000000000000000000e+92	
3.921969895295042794000000000000000000000e+91	
-2.001619304220480828000000000000000000000e+92	
-3.303834844695781943000000000000000000000e+91	
1.289357836483051318000000000000000000000e+92	
-1.104458457266933790000000000000000000000e+92	
5.346261354946901491000000000000000000000e+91	
-1.859190158255294958000000000000000000000e+92	
-2.197299599003119719000000000000000000000e+91	
1.368251553356966467000000000000000000000e+92	
-1.025564740393018640300000000000000000000e+92	
6.806029903139344998000000000000000000000e+91	
-1.713213303436050608000000000000000000000e+92	
-6.703352247029169338000000000000000000000e+89	
1.648294545347687744000000000000000000000e+92	
-7.455217484022973632000000000000000000000e+91	
9.098438352478867453000000000000000000000e+91	
-1.483972458502098362000000000000000000000e+92	
1.717606282180779682000000000000000000000e+91	
1.776006931349546326000000000000000000000e+92	
-6.178093624004387819000000000000000000000e+91	
1.053399598587083108400000000000000000000e+92	
-1.340416695162901999000000000000000000000e+92	
3.311518841573770076000000000000000000000e+91	
1.951225799075691467000000000000000000000e+92	
-4.425904946742936407000000000000000000000e+91	
1.194898094045344371000000000000000000000e+92	
-1.198918199704640737000000000000000000000e+92	
4.389467888880251637000000000000000000000e+91	
-1.954869504861959944000000000000000000000e+92	
-3.166283037183271093000000000000000000000e+91	
1.270134818983144556000000000000000000000e+92	
-1.123681474766840551000000000000000000000e+92	
5.851961128961434302000000000000000000000e+91	
-1.808620180853841677000000000000000000000e+92	
-9.940172131708087553000000000000000000000e+90	
1.558303336688242953000000000000000000000e+92	
-8.355129570617421550000000000000000000000e+91	
8.225584397327408088000000000000000000000e+91	
-1.571257854017244299000000000000000000000e+92	
8.717969925141402546000000000000000000000e+90	
1.694129123005704074000000000000000000000e+92	
-6.996871707442810335000000000000000000000e+91	
9.659135936883821222000000000000000000000e+91	
-1.427902700061602985000000000000000000000e+92	
2.380604737221243324000000000000000000000e+91	
1.852531772733194799000000000000000000000e+92	
-5.412845210167903082000000000000000000000e+91	
1.108189757540680600000000000000000000000e+92	
-1.285626536209304507000000000000000000000e+92	
3.642181773304422323000000000000000000000e+91	
1.962579037734646201000000000000000000000e+92	
-4.312372560153389062000000000000000000000e+91	
1.252171110443726937000000000000000000000e+92	
-1.141645183306258171000000000000000000000e+92	
5.421167302354435102000000000000000000000e+91	
-1.851699563514541598000000000000000000000e+92	
-1.675842788391683452000000000000000000000e+91	
1.465030097344183410000000000000000000000e+92	
-9.287861964058016971000000000000000000000e+91	
7.042070053887431258000000000000000000000e+91	
-1.689609288361241982000000000000000000000e+92	
-5.623744948477631642000000000000000000000e+90	
1.525658734273871781000000000000000000000e+92	
-8.681575594761133266000000000000000000000e+91	
8.506717699934877109000000000000000000000e+91	
-1.543144523756497397000000000000000000000e+92	
1.760207249263771796000000000000000000000e+91	
1.843667621882089992000000000000000000000e+92	
-5.501486718678951160000000000000000000000e+91	
1.117859616144804873000000000000000000000e+92	
-1.275956677605180235000000000000000000000e+92	
3.924128216118497490000000000000000000000e+91	
2.009289248505767895000000000000000000000e+92	
-3.845270452442172126000000000000000000000e+91	
1.259647708190795674000000000000000000000e+92	
-1.134168585559189433000000000000000000000e+92	
5.103792402606033230000000000000000000000e+91	
-1.883437053489381784000000000000000000000e+92	
-2.385163409508866300000000000000000000000e+91	
1.354922968968343313000000000000000000000e+92	
-1.038893324781641794800000000000000000000e+92	
6.557461266813337228000000000000000000000e+91	
-1.738070167068651385000000000000000000000e+92	
-4.308275787133633186000000000000000000000e+90	
1.600398332128700964000000000000000000000e+92	
-7.934179616212841434000000000000000000000e+91	
8.504365459774225468000000000000000000000e+91	
-1.543379747772562561000000000000000000000e+92	
1.008479915869344619600000000000000000000e+91	
1.693594673197537434000000000000000000000e+92	
-7.002216205524476741000000000000000000000e+91	
9.954264969512145329000000000000000000000e+91	
-1.398389796798770575000000000000000000000e+92	
2.976057764587177785000000000000000000000e+91	
1.942094528788234682000000000000000000000e+92	
-4.517217649617504260000000000000000000000e+91	
1.193139903485437108000000000000000000000e+92	
-1.200676390264548000000000000000000000000e+92	
4.445580087120015556000000000000000000000e+91	
-1.949258285037983552000000000000000000000e+92	
-3.036513410280181548000000000000000000000e+91	
1.290473858847440210000000000000000000000e+92	
-1.103342434902544898000000000000000000000e+92	
5.899328765805722524000000000000000000000e+91	
-1.803883417169412855000000000000000000000e+92	
-1.102594690635431427000000000000000000000e+91	
1.531858838395600498000000000000000000000e+92	
-8.619574553543846101000000000000000000000e+91	
7.805349479162878230000000000000000000000e+91	
-1.613281345833697284000000000000000000000e+92	
2.958496707309962396000000000000000000000e+90	
1.620970899768980425000000000000000000000e+92	
-7.728453939810046825000000000000000000000e+91	
9.257793752292902780000000000000000000000e+91	
-1.468036918520694830000000000000000000000e+92	
2.309338250600039431000000000000000000000e+91	
1.878396267066544426000000000000000000000e+92	
-5.154200266834406810000000000000000000000e+91	
1.132413851531454344000000000000000000000e+92	
-1.261402442218530764000000000000000000000e+92	
3.868026873529138832000000000000000000000e+91	
-2.007013606397071224000000000000000000000e+92	
-3.584374102288876659000000000000000000000e+91	
1.238655564103882076000000000000000000000e+92	
-1.155160729646103031000000000000000000000e+92	
5.319059677766489980000000000000000000000e+91	
-1.861910325973336110000000000000000000000e+92	
-1.744919021011222236000000000000000000000e+91	
1.461423969413368098000000000000000000000e+92	
-9.323923243366170100000000000000000000000e+91	
7.039007297414623422000000000000000000000e+91	
-1.689915564008522765000000000000000000000e+92	
-5.324551507843471534000000000000000000000e+90	
1.531947237321208794000000000000000000000e+92	
-8.618690564287763140000000000000000000000e+91	
8.499777336263794323000000000000000000000e+91	
-1.543838560123605675000000000000000000000e+92	
1.683476241291871673000000000000000000000e+91	
1.829018929909795107000000000000000000000e+92	
-5.647973638401900002000000000000000000000e+91	
1.096238804523855039000000000000000000000e+92	
-1.297577489226130068000000000000000000000e+92	
3.638233601410277059000000000000000000000e+91	
1.973734605257049534000000000000000000000e+92	
-4.200816884929355738000000000000000000000e+91	
1.238876203388072919000000000000000000000e+92	
-1.154940090361912189000000000000000000000e+92	
5.043835168132966330000000000000000000000e+91	
-1.889432776936688475000000000000000000000e+92	
-2.297436364719706942000000000000000000000e+91	
1.378456751603851966000000000000000000000e+92	
-1.015359542146133141200000000000000000000e+92	
6.480203580781663496000000000000000000000e+91	
-1.745795935671818758000000000000000000000e+92	
-8.205252084406203214000000000000000000000e+90	
1.530200123913382886000000000000000000000e+92	
-8.636161698366022216000000000000000000000e+91	
7.909863798834332256000000000000000000000e+91	
-1.602829913866551882000000000000000000000e+92	
5.214051866081985106000000000000000000000e+90	
1.655624547147845722000000000000000000000e+92	
-7.381917466021393856000000000000000000000e+91	
9.347921550051866612000000000000000000000e+91	
-1.459024138744798446000000000000000000000e+92	
2.143184978646599921000000000000000000000e+91	
1.836165587181134694000000000000000000000e+92	
-5.576507065688504140000000000000000000000e+91	
1.076241773952062443000000000000000000000e+92	
-1.317574519797922664000000000000000000000e+92	
3.166961502629315866000000000000000000000e+91	
1.899490717886715484000000000000000000000e+92	
-4.943255758632696240000000000000000000000e+91	
1.222099145495448161000000000000000000000e+92	
-1.171717148254536946000000000000000000000e+92	
5.450446890132534541000000000000000000000e+91	
-1.848771604736731654000000000000000000000e+92	
-1.316728193315697982000000000000000000000e+91	
1.533908642758467221000000000000000000000e+92	
-8.599076509915178866000000000000000000000e+91	
8.060362300557355449000000000000000000000e+91	
-1.587780063694249563000000000000000000000e+92	
7.852605594601015010000000000000000000000e+90	
1.693340130140536103000000000000000000000e+92	
-7.004761636094490042000000000000000000000e+91	
9.484875915520161411000000000000000000000e+91	
-1.445328702197968966000000000000000000000e+92	
2.040057420167785568000000000000000000000e+91	
1.801856587040547790000000000000000000000e+92	
-5.919597067094373180000000000000000000000e+91	
1.092744322672763498000000000000000000000e+92	
-1.301071971077221610000000000000000000000e+92	
3.839849605780221695000000000000000000000e+91	
2.017540515113953406000000000000000000000e+92	
-3.762757786360317020000000000000000000000e+91	
1.257658133117022164000000000000000000000e+92	
-1.136158160632962943000000000000000000000e+92	
4.981539200410458570000000000000000000000e+91	
-1.895662373708939250000000000000000000000e+92	
-2.609723123164344108000000000000000000000e+91	
1.322241437921479278000000000000000000000e+92	
-1.071574855828505829000000000000000000000e+92	
6.447413576886304350000000000000000000000e+91	
-1.749074936061354672000000000000000000000e+92	
-3.242155263429697599000000000000000000000e+90	
1.632714729139815737000000000000000000000e+92	
-7.611015646101693702000000000000000000000e+91	
9.043973576730259326000000000000000000000e+91	
-1.489418936076959175000000000000000000000e+92	
1.764424462408490427000000000000000000000e+91	
1.790812004444325882000000000000000000000e+92	
-6.030042893056592254000000000000000000000e+91	
1.046768442796497543200000000000000000000e+92	
-1.347047850953487564000000000000000000000e+92	
3.030951676002546815000000000000000000000e+91	
1.901754184561683157000000000000000000000e+92	
-4.920621091883019505000000000000000000000e+91	
1.190797500746889727000000000000000000000e+92	
-1.203018793003095380000000000000000000000e+92	
4.801946371131321901000000000000000000000e+91	
-1.913621656636852918000000000000000000000e+92	
-2.300545824244670015000000000000000000000e+91	
1.402011856122540966000000000000000000000e+92	
-9.918044376274441417000000000000000000000e+91	
6.406410992216226368000000000000000000000e+91	
-1.753175194528362471000000000000000000000e+92	
-1.203507480422188817000000000000000000000e+91	
1.460998315745621938000000000000000000000e+92	
-9.328179780043631693000000000000000000000e+91	
7.872559923923905979000000000000000000000e+91	
-1.606560301357594510000000000000000000000e+92	
1.138489688348391177000000000000000000000e+91	
1.782739268190781607000000000000000000000e+92	
-6.110770255592035002000000000000000000000e+91	
1.058174046052507673500000000000000000000e+92	
-1.335642247697477434000000000000000000000e+92	
3.339694166253026987000000000000000000000e+91	
1.952087390439513699000000000000000000000e+92	
-4.417289033104714084000000000000000000000e+91	
1.199896417883058992000000000000000000000e+92	
-1.193919875866926116000000000000000000000e+92	
4.480797864814764807000000000000000000000e+91	
-1.945736507268508627000000000000000000000e+92	
-3.033626900627371468000000000000000000000e+91	
1.287530992031322983000000000000000000000e+92	
-1.106285301718662125000000000000000000000e+92	
5.938304198754569594000000000000000000000e+91	
-1.799985873874528148000000000000000000000e+92	
-9.952491990885597140000000000000000000000e+90	
1.549426990853076275000000000000000000000e+92	
-8.443893028969088328000000000000000000000e+91	
8.049333028128804135000000000000000000000e+91	
-1.588882990937104694000000000000000000000e+92	
6.081012523763893936000000000000000000000e+90	
1.659019463721953089000000000000000000000e+92	
-7.347968300280320188000000000000000000000e+91	
9.493413726364674120000000000000000000000e+91	
-1.444474921113517696000000000000000000000e+92	
2.400164654177079381000000000000000000000e+91	
1.873006756283165444000000000000000000000e+92	
-5.208095374668196640000000000000000000000e+91	
1.112559391929233802000000000000000000000e+92	
-1.281256901820751306000000000000000000000e+92	
3.524904776697299731000000000000000000000e+91	
-2.041325816080255134000000000000000000000e+92	
-4.072001748377362040000000000000000000000e+91	
1.175449436143871976000000000000000000000e+92	
-1.218366857606113131000000000000000000000e+92	
4.993407385134920460000000000000000000000e+91	
-1.894475555236493062000000000000000000000e+92	
-1.764314816531527267000000000000000000000e+91	
1.490094798175664319000000000000000000000e+92	
-9.037214955743207888000000000000000000000e+91	
7.631667330064374252000000000000000000000e+91	
-1.630649560743547682000000000000000000000e+92	
3.660043645894696013000000000000000000000e+90	
1.652357918478327879000000000000000000000e+92	
-7.414583752716572288000000000000000000000e+91	
9.055648076092658860000000000000000000000e+91	
-1.488251486140719222000000000000000000000e+92	
1.591433515536395486000000000000000000000e+91	
1.755055555336544950000000000000000000000e+92	
-6.387607384134401580000000000000000000000e+91	
1.050107687327417554500000000000000000000e+92	
-1.343708606422567553000000000000000000000e+92	
3.455106491057550782000000000000000000000e+91	
1.983226456060597340000000000000000000000e+92	
-4.105898376893877677000000000000000000000e+91	
1.227502256059304242000000000000000000000e+92	
-1.166314037690680866000000000000000000000e+92	
4.721541555860760499000000000000000000000e+91	
-1.921662138163909058000000000000000000000e+92	
-2.828180325316756578000000000000000000000e+91	
1.304547694612303972000000000000000000000e+92	
-1.089268599137681135000000000000000000000e+92	
6.182877495454155764000000000000000000000e+91	
-1.775528544204569531000000000000000000000e+92	
-6.763066610972545418000000000000000000000e+90	
1.588754467664416513000000000000000000000e+92	
-8.050618260855685948000000000000000000000e+91	
8.516903033613949570000000000000000000000e+91	
-1.542125990388590151000000000000000000000e+92	
1.149929520893014847000000000000000000000e+91	
1.720624421282831397000000000000000000000e+92	
-6.731918724671537106000000000000000000000e+91	
9.951613695943414640000000000000000000000e+91	
-1.398654924155643644000000000000000000000e+92	
2.700593574376918058000000000000000000000e+91	
1.887280395120861442000000000000000000000e+92	
-5.065358986291236654000000000000000000000e+91	
1.137074315221738333000000000000000000000e+92	
-1.256741978528246775000000000000000000000e+92	
3.872415886605138884000000000000000000000e+91	
-2.006574705089471219000000000000000000000e+92	
-3.622179703687100465000000000000000000000e+91	
1.230657642406331658000000000000000000000e+92	
-1.163158651343653449000000000000000000000e+92	
5.328408751097286849000000000000000000000e+91	
-1.860975418640256423000000000000000000000e+92	
-1.646286113179334783000000000000000000000e+91	
1.480211200278566646000000000000000000000e+92	
-9.136050934714184616000000000000000000000e+91	
7.316074595318926250000000000000000000000e+91	
-1.662208834218092483000000000000000000000e+92	
-1.662372530933047294000000000000000000000e+90	
1.577479650331549200000000000000000000000e+92	
-8.163366434184359075000000000000000000000e+91	
8.765978737367481872000000000000000000000e+91	
-1.517218420013236920000000000000000000000e+92	
1.760649033670309850000000000000000000000e+91	
1.817842755618498002000000000000000000000e+92	
-5.759735381314871054000000000000000000000e+91	
1.066178579365070378000000000000000000000e+92	
-1.327637714384914730000000000000000000000e+92	
3.148884820970076556000000000000000000000e+91	
1.905934467632974509000000000000000000000e+92	
-4.878818261170105988000000000000000000000e+91	
1.211077907690512324000000000000000000000e+92	
-1.182738386059472784000000000000000000000e+92	
5.165671554173916316000000000000000000000e+91	
-1.877249138332593476000000000000000000000e+92	
-1.775979612836967524000000000000000000000e+91	
1.470544575561279671000000000000000000000e+92	
-9.232717181887054367000000000000000000000e+91	
7.252419164033876130000000000000000000000e+91	
-1.668574377346597494000000000000000000000e+92	
-1.968982969075056472000000000000000000000e+90	
1.577711342673105532000000000000000000000e+92	
-8.161049510768795751000000000000000000000e+91	
8.698525948794482043000000000000000000000e+91	
-1.523963698870536903000000000000000000000e+92	
1.623461255241173070000000000000000000000e+91	
1.797153949275205059000000000000000000000e+92	
-5.966623444747800488000000000000000000000e+91	
1.038523213279484164100000000000000000000e+92	
-1.355293080470500944000000000000000000000e+92	
2.802700233009254881000000000000000000000e+91	
1.864356381432763624000000000000000000000e+92	
-5.294599123172214830000000000000000000000e+91	
1.184279330669668267000000000000000000000e+92	
-1.209536963080316840000000000000000000000e+92	
5.045407322915032938000000000000000000000e+91	
-1.889275561458481814000000000000000000000e+92	
-1.748595821385535072000000000000000000000e+91	
1.488040409012196796000000000000000000000e+92	
-9.057758847377883115000000000000000000000e+91	
7.574878598516659386000000000000000000000e+91	
-1.636328433898319169000000000000000000000e+92	
2.729888310150105300000000000000000000000e+90	
1.639435487809149080000000000000000000000e+92	
-7.543808059408360271000000000000000000000e+91	
9.003199524525705160000000000000000000000e+91	
-1.493496341297414592000000000000000000000e+92	
1.615722510280434620000000000000000000000e+91	
1.765154390462193874000000000000000000000e+92	
-6.286619032877912330000000000000000000000e+91	
1.043966762488425974300000000000000000000e+92	
-1.349849531261559133000000000000000000000e+92	
3.231380463061910848000000000000000000000e+91	
1.944630253282376171000000000000000000000e+92	
-4.491860404676089364000000000000000000000e+91	
1.185310971010830248000000000000000000000e+92	
-1.208505322739154860000000000000000000000e+92	
4.263695774236914121000000000000000000000e+91	
-1.967446716326293696000000000000000000000e+92	
-3.321941155420346067000000000000000000000e+91	
1.251581894129945258000000000000000000000e+92	
-1.142234399620039850000000000000000000000e+92	
5.729875940674396554000000000000000000000e+91	
-1.820828699682545452000000000000000000000e+92	
-1.052689915272731623400000000000000000000e+91	
1.558774159261916427000000000000000000000e+92	
-8.350421344880686802000000000000000000000e+91	
8.293642008261913212000000000000000000000e+91	
-1.564452092923793786000000000000000000000e+92	
1.003172461703285474200000000000000000000e+91	
1.713595304624763966000000000000000000000e+92	
-6.802209891252211420000000000000000000000e+91	
9.719649767645790387000000000000000000000e+91	
-1.421851316985406069000000000000000000000e+92	
2.307037343674597574000000000000000000000e+91	
1.831773583737184114000000000000000000000e+92	
-5.620427100128009934000000000000000000000e+91	
1.115811013353267356000000000000000000000e+92	
-1.278005280396717752000000000000000000000e+92	
4.002047544184653552000000000000000000000e+91	
-1.993611539331519752000000000000000000000e+92	
-3.150453703919223886000000000000000000000e+91	
1.312022651671345710000000000000000000000e+92	
-1.081793642078639398000000000000000000000e+92	
5.456559658371464274000000000000000000000e+91	
-1.848160327912838680000000000000000000000e+92	
-2.203293240474903028000000000000000000000e+91	
1.356028782194683308000000000000000000000e+92	
-1.037787511555301799900000000000000000000e+92	
6.929866150641496644000000000000000000000e+91	
-1.700829678685835443000000000000000000000e+92	
3.027442260710753850000000000000000000000e+90	
1.709854230591512692000000000000000000000e+92	
-6.839620631584724158000000000000000000000e+91	
9.959731972584772212000000000000000000000e+91	
-1.397843096491507886000000000000000000000e+92	
2.824474394607901278000000000000000000000e+91	
1.911238970374985491000000000000000000000e+92	
-4.825773233749996170000000000000000000000e+91	
1.146594935657019523000000000000000000000e+92	
-1.247221358092965584000000000000000000000e+92	
3.823314395807894060000000000000000000000e+91	
-2.011484854169195702000000000000000000000e+92	
-3.815517072354977898000000000000000000000e+91	
1.196907495906309464000000000000000000000e+92	
-1.196908797843675643000000000000000000000e+92	
5.296348903710641312000000000000000000000e+91	
-1.864181403378920976000000000000000000000e+92	
-1.373056351381185173000000000000000000000e+91	
1.538047944098951429000000000000000000000e+92	
-8.557683496510336787000000000000000000000e+91	
8.199427852761412796000000000000000000000e+91	
-1.573873508473843828000000000000000000000e+92	
1.021950041995166027800000000000000000000e+91	
1.726766612999409398000000000000000000000e+92	
-6.670496807505757098000000000000000000000e+91	
9.612264391045752151000000000000000000000e+91	
-1.432589854645409892000000000000000000000e+92	
1.960672498310036171000000000000000000000e+91	
1.773251045560647174000000000000000000000e+92	
-6.205652481893379336000000000000000000000e+91	
1.107899556704460632000000000000000000000e+92	
-1.285916737045524475000000000000000000000e+92	
4.428791917966085761000000000000000000000e+91	
2.120151976033089716000000000000000000000e+92	
-2.736643177168953920000000000000000000000e+91	
1.403965067083343945000000000000000000000e+92	
-9.898512266666411621000000000000000000000e+91	
6.881345812287720440000000000000000000000e+91	
-1.705681712521213064000000000000000000000e+92	
-2.733965891088932274000000000000000000000e+90	
1.599504359358066386000000000000000000000e+92	
-7.943119343919187213000000000000000000000e+91	
8.329137812090092734000000000000000000000e+91	
-1.560902512540975834000000000000000000000e+92	
6.670471043348951850000000000000000000000e+90	
1.642839147153302078000000000000000000000e+92	
-7.509771465966830293000000000000000000000e+91	
9.798834632866658163000000000000000000000e+91	
-1.413932830463319291000000000000000000000e+92	
3.172577110535933970000000000000000000000e+91	
1.996923916243460381000000000000000000000e+92	
-3.968923775065247262000000000000000000000e+91	
1.283129237118787666000000000000000000000e+92	
-1.110687056631197442000000000000000000000e+92	
5.696897905537629194000000000000000000000e+91	
-1.824126503196222188000000000000000000000e+92	
-1.433946002393864406000000000000000000000e+91	
1.485838078025242188000000000000000000000e+92	
-9.079782157247429196000000000000000000000e+91	
7.216349711129202776000000000000000000000e+91	
-1.672181322637064830000000000000000000000e+92	
-4.218781659319502333000000000000000000000e+90	
1.536331715620004388000000000000000000000e+92	
-8.574845781299807192000000000000000000000e+91	
8.684738414060420470000000000000000000000e+91	
-1.525342452343943060000000000000000000000e+92	
2.009483384874621069000000000000000000000e+91	
1.875717231439499283000000000000000000000e+92	
-5.180990623104858250000000000000000000000e+91	
1.157027677311137769000000000000000000000e+92	
-1.236788616438847338000000000000000000000e+92	
4.386957917636326796000000000000000000000e+91	
-1.955120501986352428000000000000000000000e+92	
-2.792786032031184270000000000000000000000e+91	
1.345066504485062496000000000000000000000e+92	
-1.048749789264922611200000000000000000000e+92	
5.805201445804036293000000000000000000000e+91	
-1.813296149169581478000000000000000000000e+92	
-1.836457252921200828000000000000000000000e+91	
1.394530895495585201000000000000000000000e+92	
-9.992853982543999068000000000000000000000e+91	
7.275896554959638080000000000000000000000e+91	
-1.666226638254021300000000000000000000000e+92	
6.098033061247937112000000000000000000000e+90	
1.736664945647392338000000000000000000000e+92	
-6.571513481025927692000000000000000000000e+91	
1.018890657876599451500000000000000000000e+92	
-1.374925635873385656000000000000000000000e+92	
3.014735831881551831000000000000000000000e+91	
1.926375733794339041000000000000000000000e+92	
-4.674405599556460662000000000000000000000e+91	
1.159867152385057784000000000000000000000e+92	
-1.233949141364927324000000000000000000000e+92	
3.937400375421845122000000000000000000000e+91	
-2.000076256207800596000000000000000000000e+92	
-3.720058005778713697000000000000000000000e+91	
1.204591638261472977000000000000000000000e+92	
-1.189224655488512130000000000000000000000e+92	
5.412473306061202274000000000000000000000e+91	
-1.852568963143864880000000000000000000000e+92	
-1.217668520101599934000000000000000000000e+91	
1.557511116105756860000000000000000000000e+92	
-8.363051776442282478000000000000000000000e+91	
8.433283931201875628000000000000000000000e+91	
-1.550487900629797545000000000000000000000e+92	
1.295010958111634283000000000000000000000e+91	
1.757991237280498479000000000000000000000e+92	
-6.358250564694866288000000000000000000000e+91	
9.930459631094656357000000000000000000000e+91	
-1.400770330640519472000000000000000000000e+92	
2.284813774973158409000000000000000000000e+91	
1.806259480973341598000000000000000000000e+92	
-5.875568127766435097000000000000000000000e+91	
1.139606198806087374000000000000000000000e+92	
-1.254210094943897734000000000000000000000e+92	
4.732846884476568446000000000000000000000e+91	
-1.920531605302328263000000000000000000000e+92	
-1.927052152140649168000000000000000000000e+91	
1.483598512776673057000000000000000000000e+92	
-9.102177809733120503000000000000000000000e+91	
7.664430298491813162000000000000000000000e+91	
-1.627373263900803791000000000000000000000e+92	
4.964445204485229600000000000000000000000e+90	
1.675164791729226756000000000000000000000e+92	
-7.186515020207583510000000000000000000000e+91	
9.076871025710137766000000000000000000000e+91	
-1.486129191178971331000000000000000000000e+92	
1.405913622728377146000000000000000000000e+91	
1.715839570736780644000000000000000000000e+92	
-6.779767230132044641000000000000000000000e+91	
1.054660323262452292600000000000000000000e+92	
-1.339155970487532815000000000000000000000e+92	
3.938101233466664026000000000000000000000e+91	
2.075250997218773447000000000000000000000e+92	
-3.185652965312116607000000000000000000000e+91	
1.363230103581050966000000000000000000000e+92	
-1.030586190168934141800000000000000000000e+92	
6.515635597472244246000000000000000000000e+91	
-1.742252734002760683000000000000000000000e+92	
-5.974881063116038800000000000000000000000e+90	
1.571255006170900391000000000000000000000e+92	
-8.225612875790847169000000000000000000000e+91	
8.088221563575600678000000000000000000000e+91	
-1.584994137392425040000000000000000000000e+92	
4.676874475063906895000000000000000000000e+90	
1.627056772501690217000000000000000000000e+92	
-7.667595212482948910000000000000000000000e+91	
9.553352319729404265000000000000000000000e+91	
-1.438481061777044681000000000000000000000e+92	
2.839479855615202428000000000000000000000e+91	
1.954857056885737423000000000000000000000e+92	
-4.389592368642476848000000000000000000000e+91	
1.232309602038126557000000000000000000000e+92	
-1.161506691711858551000000000000000000000e+92	
5.101217357239679007000000000000000000000e+91	
-1.883694558026017207000000000000000000000e+92	
-2.117067210123384904000000000000000000000e+91	
1.408786242948362095000000000000000000000e+92	
-9.850300508016230128000000000000000000000e+91	
6.523033793451002129000000000000000000000e+91	
-1.741512914404884895000000000000000000000e+92	
-1.038030071677226966600000000000000000000e+91	
1.482429086035097660000000000000000000000e+92	
-9.113872077148874472000000000000000000000e+91	
7.983275677534031470000000000000000000000e+91	
-1.595488725996581961000000000000000000000e+92	
1.145665047041520265000000000000000000000e+91	
1.773107917439464217000000000000000000000e+92	
-6.207083763105208905000000000000000000000e+91	
1.038198958987211452000000000000000000000e+92	
-1.355617334762773656000000000000000000000e+92	
3.036557409895375586000000000000000000000e+91	
1.911440271414924317000000000000000000000e+92	
-4.823760223350607910000000000000000000000e+91	
1.181165034307641569000000000000000000000e+92	
-1.212651259442343539000000000000000000000e+92	
4.512532316014713376000000000000000000000e+91	
-1.942563062148513770000000000000000000000e+92	
-2.782953175731505281000000000000000000000e+91	
1.334481395989918576000000000000000000000e+92	
-1.059334897760066531000000000000000000000e+92	
5.944228413652760113000000000000000000000e+91	
-1.799393452384709096000000000000000000000e+92	
-1.452674100170799380000000000000000000000e+91	
1.457372648535915646000000000000000000000e+92	
-9.364436452140694620000000000000000000000e+91	
7.385930176371252355000000000000000000000e+91	
-1.655223276112859872000000000000000000000e+92	
2.017110014749068871000000000000000000000e+90	
1.644068908030294810000000000000000000000e+92	
-7.497473857196902972000000000000000000000e+91	
8.800656944698087850000000000000000000000e+91	
-1.513750599280176323000000000000000000000e+92	
1.164427006350636371000000000000000000000e+91	
1.695161927288675536000000000000000000000e+92	
-6.986543664613095720000000000000000000000e+91	
1.026667441353519793400000000000000000000e+92	
-1.367148852396465314000000000000000000000e+92	
3.585056435348410785000000000000000000000e+91	
2.032638558250201754000000000000000000000e+92	
-3.611777354997833532000000000000000000000e+91	
1.313313342390993272000000000000000000000e+92	
-1.080502951358991835000000000000000000000e+92	
5.943461114609555816000000000000000000000e+91	
-1.799470182289029526000000000000000000000e+92	
-1.242633126974496039000000000000000000000e+91	
1.499447081832597208000000000000000000000e+92	
-8.943692119173878994000000000000000000000e+91	
7.360353418155396827000000000000000000000e+91	
-1.657780951934445425000000000000000000000e+92	
-2.699647283305777584000000000000000000000e+90	
1.552313638795913626000000000000000000000e+92	
-8.415026549540714814000000000000000000000e+91	
8.827617049785138083000000000000000000000e+91	
-1.511054588771471299000000000000000000000e+92	
2.135429855352512875000000000000000000000e+91	
1.886619504621787564000000000000000000000e+92	
-5.071967891281975436000000000000000000000e+91	
1.166238418867742334000000000000000000000e+92	
-1.227577874882242774000000000000000000000e+92	
4.462158435152149264000000000000000000000e+91	
-1.947600450234770181000000000000000000000e+92	
-2.734483998548435891000000000000000000000e+91	
1.349207700413006192000000000000000000000e+92	
-1.044608593336978916000000000000000000000e+92	
5.882289391960556099000000000000000000000e+91	
-1.805587354553929498000000000000000000000e+92	
-1.723711074674098316000000000000000000000e+91	
1.409369561934301561000000000000000000000e+92	
-9.844467318156835462000000000000000000000e+91	
7.348683868336799884000000000000000000000e+91	
-1.658947906916305119000000000000000000000e+92	
6.070288918474558865000000000000000000000e+90	
1.728835091917365411000000000000000000000e+92	
-6.649812018326196969000000000000000000000e+91	
1.003512150435975791500000000000000000000e+92	
-1.390304143314009316000000000000000000000e+92	
2.785501787581008987000000000000000000000e+91	
1.895911187226421483000000000000000000000e+92	
-4.979051065235636243000000000000000000000e+91	
1.145397355184498929000000000000000000000e+92	
-1.248418938565486178000000000000000000000e+92	
3.952570296387780030000000000000000000000e+91	
-1.998559264111207105000000000000000000000e+92	
-3.545099752928619094000000000000000000000e+91	
1.238058344585660364000000000000000000000e+92	
-1.155757949164324743000000000000000000000e+92	
5.408816930076264162000000000000000000000e+91	
-1.852934600742358691000000000000000000000e+92	
-1.559479962663870274000000000000000000000e+91	
1.489531294077381144000000000000000000000e+92	
-9.042849996726039632000000000000000000000e+91	
7.415667138300548153000000000000000000000e+91	
-1.652249579919930292000000000000000000000e+92	
-6.025628601359368878000000000000000000000e+89	
1.588716271518093279000000000000000000000e+92	
-8.051000222318918288000000000000000000000e+91	
8.864685133739484214000000000000000000000e+91	
-1.507347780376036686000000000000000000000e+92	
1.845702412597895772000000000000000000000e+91	
1.824983471233400171000000000000000000000e+92	
-5.688328225165849368000000000000000000000e+91	
1.071955351830552835000000000000000000000e+92	
-1.321860941919432273000000000000000000000e+92	
3.193019902035276618000000000000000000000e+91	
1.908985389833176038000000000000000000000e+92	
-4.848309039168090701000000000000000000000e+91	
1.217007337049970906000000000000000000000e+92	
-1.176808956700014202000000000000000000000e+92	
5.253736593960556716000000000000000000000e+91	
-1.868442634353929436000000000000000000000e+92	
-1.659158145129495615000000000000000000000e+91	
1.485100934009562091000000000000000000000e+92	
-9.087153597404230166000000000000000000000e+91	
7.426710561268768232000000000000000000000e+91	
-1.651145237623108284000000000000000000000e+92	
6.106616174815761562000000000000000000000e+88	
1.600881756587127869000000000000000000000e+92	
-7.929345371628572382000000000000000000000e+91	
8.869202994705037510000000000000000000000e+91	
-1.506895994279481356000000000000000000000e+92	
1.733141579135478568000000000000000000000e+91	
1.802025345072875131000000000000000000000e+92	
-5.917909486771099763000000000000000000000e+91	
1.037301006584533654400000000000000000000e+92	
-1.356515287165451453000000000000000000000e+92	
2.729572467025211570000000000000000000000e+91	
1.850956066010849721000000000000000000000e+92	
-5.428602277391353867000000000000000000000e+91	
1.183775584550923724000000000000000000000e+92	
-1.210040709199061384000000000000000000000e+92	
5.169271372698829302000000000000000000000e+91	
-1.876889156480102177000000000000000000000e+92	
-1.495894410749599573000000000000000000000e+91	
1.526187874341637344000000000000000000000e+92	
-8.676284194083477634000000000000000000000e+91	
8.085062408185427005000000000000000000000e+91	
-1.585310052931442407000000000000000000000e+92	
9.118177426677012923000000000000000000000e+90	
1.716176486921546526000000000000000000000e+92	
-6.776398068284385821000000000000000000000e+91	
9.497554935026387635000000000000000000000e+91	
-1.444060800247346344000000000000000000000e+92	
1.837159230604249732000000000000000000000e+91	
1.760019775758701955000000000000000000000e+92	
-6.337965179912831524000000000000000000000e+91	
1.096547691181936058000000000000000000000e+92	
-1.297268602568049050000000000000000000000e+92	
4.334057952346904086000000000000000000000e+91	
2.112556113578442128000000000000000000000e+92	
-2.812601801715429798000000000000000000000e+91	
1.398245804347876777000000000000000000000e+92	
-9.955704894021083309000000000000000000000e+91	
6.842909842894106638000000000000000000000e+91	
-1.709525309460574444000000000000000000000e+92	
-2.930852351243704593000000000000000000000e+90	
1.599409294100593129000000000000000000000e+92	
-7.944069996493919784000000000000000000000e+91	
8.346915827661914904000000000000000000000e+91	
-1.559124710983793617000000000000000000000e+92	
7.035444673999798984000000000000000000000e+90	
1.648359886607666931000000000000000000000e+92	
-7.454564071423181769000000000000000000000e+91	
9.814385557090601393000000000000000000000e+91	
-1.412377738040924968000000000000000000000e+92	
3.148491300184739958000000000000000000000e+91	
1.990553634343099665000000000000000000000e+92	
-4.032626594068854425000000000000000000000e+91	
1.272799225963762290000000000000000000000e+92	
-1.121017067786222818000000000000000000000e+92	
5.554020207734421372000000000000000000000e+91	
-1.838414272976542970000000000000000000000e+92	
-1.616381589963518428000000000000000000000e+91	
1.463640698960053415000000000000000000000e+92	
-9.301755947899316927000000000000000000000e+91	
6.969590708709414440000000000000000000000e+91	
-1.696857222879043664000000000000000000000e+92	
-6.934100453201855262000000000000000000000e+90	
1.506702472850417583000000000000000000000e+92	
-8.871138208995675244000000000000000000000e+91	
8.441227687160972904000000000000000000000e+91	
-1.549693525033887817000000000000000000000e+92	
1.818728091023705814000000000000000000000e+91	
1.861914619891733015000000000000000000000e+92	
-5.319016738582520922000000000000000000000e+91	
1.148495359439779170000000000000000000000e+92	
-1.245320934310205937000000000000000000000e+92	
4.354311447137240791000000000000000000000e+91	
-1.958385149036261028000000000000000000000e+92	
-2.772782009812240822000000000000000000000e+91	
1.352329335733772888000000000000000000000e+92	
-1.041486958016212220000000000000000000000e+92	
5.885009007168748750000000000000000000000e+91	
-1.805315393033110233000000000000000000000e+92	
-1.749474015559188745000000000000000000000e+91	
1.403946429721295523000000000000000000000e+92	
-9.898698640286895850000000000000000000000e+91	
7.354751992016566564000000000000000000000e+91	
-1.658341094548328451000000000000000000000e+92	
6.733664522502541820000000000000000000000e+90	
1.741492792214724249000000000000000000000e+92	
-6.523235015352608587000000000000000000000e+91	
1.022190797067900914000000000000000000000e+92	
-1.371625496682084194000000000000000000000e+92	
3.032467752940496507000000000000000000000e+91	
1.926622738727077894000000000000000000000e+92	
-4.671935550229072132000000000000000000000e+91	
1.163342551852912342000000000000000000000e+92	
-1.230473741897072766000000000000000000000e+92	
4.004422248774564225000000000000000000000e+91	
-1.993374068872528685000000000000000000000e+92	
-3.620784312432938195000000000000000000000e+91	
1.217742584526433060000000000000000000000e+92	
-1.176073709223552048000000000000000000000e+92	
5.475609026739518420000000000000000000000e+91	
-1.846255391076033266000000000000000000000e+92	
-1.222872513991331109000000000000000000000e+91	
1.550160146306868336000000000000000000000e+92	
-8.436561474431167713000000000000000000000e+91	
8.291502522656818056000000000000000000000e+91	
-1.564666041484303302000000000000000000000e+92	
1.084991815635901325000000000000000000000e+91	
1.730168945611499803000000000000000000000e+92	
-6.636473481384853048000000000000000000000e+91	
9.707631864394738686000000000000000000000e+91	
-1.423053107310511239000000000000000000000e+92	
2.117353589886154941000000000000000000000e+91	
1.795047465160206964000000000000000000000e+92	
-5.987688285897781441000000000000000000000e+91	
1.116701832229649959000000000000000000000e+92	
-1.277114461520335149000000000000000000000e+92	
4.386937900132841640000000000000000000000e+91	
-1.955122503736700944000000000000000000000e+92	
-2.389768294968858934000000000000000000000e+91	
1.425651995760450084000000000000000000000e+92	
-9.681642979895350231000000000000000000000e+91	
6.968274203216035882000000000000000000000e+91	
-1.696988873428381519000000000000000000000e+92	
-3.163444266359328797000000000000000000000e+90	
1.582228416280279170000000000000000000000e+92	
-8.115878774697059380000000000000000000000e+91	
8.395380324209249579000000000000000000000e+91	
-1.554278261329060150000000000000000000000e+92	
9.721726158027213865000000000000000000000e+90	
1.697228109799552300000000000000000000000e+92	
-6.965881839504328074000000000000000000000e+91	
9.836873160739703187000000000000000000000e+91	
-1.410128977676014789000000000000000000000e+92	
2.705016285574723333000000000000000000000e+91	
1.899633060510860116000000000000000000000e+92	
-4.941832332391249918000000000000000000000e+91	
1.135328757674317335000000000000000000000e+92	
-1.258487536075667772000000000000000000000e+92	
3.714048244059240470000000000000000000000e+91	
-2.022411469344061061000000000000000000000e+92	
-3.921389285919688822000000000000000000000e+91	
1.186659499462889581000000000000000000000e+92	
-1.207156794287095527000000000000000000000e+92	
5.186830633379136464000000000000000000000e+91	
-1.875133230412071461000000000000000000000e+92	
-1.489609424872458895000000000000000000000e+91	
1.525689506533281393000000000000000000000e+92	
-8.681267872167037146000000000000000000000e+91	
8.068815674191295787000000000000000000000e+91	
-1.586934726330855529000000000000000000000e+92	
8.843135580221814392000000000000000000000e+90	
1.712300883638818393000000000000000000000e+92	
-6.815154101111667143000000000000000000000e+91	
9.482655020571233420000000000000000000000e+91	
-1.445550791692861766000000000000000000000e+92	
1.846103562101547060000000000000000000000e+91	
1.763297446852561000000000000000000000000e+92	
-6.305188468974241070000000000000000000000e+91	
1.094779080438658020000000000000000000000e+92	
-1.299037213311327087000000000000000000000e+92	
4.265934140257748877000000000000000000000e+91	
-1.967222879724210220000000000000000000000e+92	
-2.412597179601341531000000000000000000000e+91	
1.433181708974980015000000000000000000000e+92	
-9.606345847750050921000000000000000000000e+91	
7.141648517989565186000000000000000000000e+91	
-1.679651441951028589000000000000000000000e+92	
-4.494173908054652302000000000000000000000e+89	
1.619166643758475244000000000000000000000e+92	
-7.746496499915098640000000000000000000000e+91	
8.556983704701727406000000000000000000000e+91	
-1.538117923279812367000000000000000000000e+92	
9.261005068511350731000000000000000000000e+90	
1.671863685298404468000000000000000000000e+92	
-7.219526084515806392000000000000000000000e+91	
1.002270044391557846500000000000000000000e+92	
-1.391546249358427261000000000000000000000e+92	
3.330096386151198191000000000000000000000e+91	
2.006044492114422653000000000000000000000e+92	
-3.877718016355624543000000000000000000000e+91	
1.285621761508761154000000000000000000000e+92	
-1.108194532241223954000000000000000000000e+92	
5.655575620299152589000000000000000000000e+91	
-1.828258731720069849000000000000000000000e+92	
-1.541482847514784319000000000000000000000e+91	
1.468466232809710227000000000000000000000e+92	
-9.253500609402748810000000000000000000000e+91	
7.074146478685863825000000000000000000000e+91	
-1.686401645881398725000000000000000000000e+92	
-5.325818627703706862000000000000000000000e+90	
1.528409731866495213000000000000000000000e+92	
-8.654065618834898946000000000000000000000e+91	
8.539019661317834884000000000000000000000e+91	
-1.539914327618201619000000000000000000000e+92	
1.797298811287047626000000000000000000000e+91	
1.847855499785493705000000000000000000000e+92	
-5.459607939644914026000000000000000000000e+91	
1.122525977504955142000000000000000000000e+92	
-1.271290316245029966000000000000000000000e+92	
3.975574283029823099000000000000000000000e+91	
-1.996258865447002798000000000000000000000e+92	
-3.270503274650675637000000000000000000000e+91	
1.290664720631259281000000000000000000000e+92	
-1.103151573118725826000000000000000000000e+92	
5.402179421807752476000000000000000000000e+91	
-1.853598351569209860000000000000000000000e+92	
-2.098553631439139146000000000000000000000e+91	
1.382406808777372700000000000000000000000e+92	
-1.011409484972612407600000000000000000000e+92	
6.856832065958132410000000000000000000000e+91	
-1.708133087154171867000000000000000000000e+92	
-1.069365874977906118000000000000000000000e+90	
1.635238230166564939000000000000000000000e+92	
-7.585780635834201686000000000000000000000e+91	
8.877260232481212901000000000000000000000e+91	
-1.506090270501863818000000000000000000000e+92	
1.405858290139938016000000000000000000000e+91	
1.735779652311177586000000000000000000000e+92	
-6.580366414388075218000000000000000000000e+91	
1.032377544562872706700000000000000000000e+92	
-1.361438749187112401000000000000000000000e+92	
3.293254973270718518000000000000000000000e+91	
1.968585526375657356000000000000000000000e+92	
-4.252307673743277512000000000000000000000e+91	
1.214404779958642608000000000000000000000e+92	
-1.179411513791342499000000000000000000000e+92	
4.605993649426903023000000000000000000000e+91	
-1.933216928807294805000000000000000000000e+92	
-2.928309054625163224000000000000000000000e+91	
1.296075972031359350000000000000000000000e+92	
-1.097740321718625758000000000000000000000e+92	
6.065670662935729953000000000000000000000e+91	
-1.787249227456412112000000000000000000000e+92	
-8.259869312966634164000000000000000000000e+90	
1.570540712974497216000000000000000000000e+92	
-8.232755807754878918000000000000000000000e+91	
8.302324362953377430000000000000000000000e+91	
-1.563583857454647365000000000000000000000e+92	
9.029258713706634578000000000000000000000e+90	
1.692683172130898466000000000000000000000e+92	
-7.011331216190866420000000000000000000000e+91	
9.741140505519918797000000000000000000000e+91	
-1.419702243197993228000000000000000000000e+92	
2.559025376185509016000000000000000000000e+91	
1.880010645345995751000000000000000000000e+92	
-5.138056484039893566000000000000000000000e+91	
1.115244415736321413000000000000000000000e+92	
-1.278571878013663694000000000000000000000e+92	
3.508587855808339736000000000000000000000e+91	
1.928815755453170833000000000000000000000e+92	
-4.650005382968142750000000000000000000000e+91	
1.261618831845832863000000000000000000000e+92	
-1.132197461904152244000000000000000000000e+92	
5.947539506001059848000000000000000000000e+91	
-1.799062343149879123000000000000000000000e+92	
-7.177905353076979797000000000000000000000e+90	
1.603981844274378285000000000000000000000e+92	
-7.898344494756068226000000000000000000000e+91	
8.862838013103494549000000000000000000000e+91	
-1.507532492439635653000000000000000000000e+92	
1.689429334840911113000000000000000000000e+91	
1.793921253026766715000000000000000000000e+92	
-5.998950407232183923000000000000000000000e+91	
1.027430118245210331900000000000000000000e+92	
-1.366386175504774776000000000000000000000e+92	
2.613204413474384404000000000000000000000e+91	
1.837554222479875844000000000000000000000e+92	
-5.562620712701092640000000000000000000000e+91	
1.174125839643670274000000000000000000000e+92	
-1.219690454106314834000000000000000000000e+92	
5.110276236880396538000000000000000000000e+91	
-1.882788670061945454000000000000000000000e+92	
-1.517405897004089815000000000000000000000e+91	
1.527783225232398106000000000000000000000e+92	
-8.660330685175870020000000000000000000000e+91	
8.138462267136976460000000000000000000000e+91	
-1.579970067036287462000000000000000000000e+92	
1.002645315824113803300000000000000000000e+91	
1.729000153001211627000000000000000000000e+92	
-6.648161407487734807000000000000000000000e+91	
9.643002366122009444000000000000000000000e+91	
-1.429516057137784163000000000000000000000e+92	
1.999808866754292269000000000000000000000e+91	
1.778004103780956956000000000000000000000e+92	
-6.158121899690281518000000000000000000000e+91	
1.110870367310943107000000000000000000000e+92	
-1.282945926439042001000000000000000000000e+92	
4.440686417563430828000000000000000000000e+91	
-1.949747651993642025000000000000000000000e+92	
-2.224012381139535203000000000000000000000e+91	
1.453422752536867552000000000000000000000e+92	
-9.403935412131175553000000000000000000000e+91	
7.357877710192397698000000000000000000000e+91	
-1.658028522730745338000000000000000000000e+92	
1.850993325573725284000000000000000000000e+90	
1.643551251493142079000000000000000000000e+92	
-7.502650422568430288000000000000000000000e+91	
8.771295808305885740000000000000000000000e+91	
-1.516686712919396534000000000000000000000e+92	
1.110893334817714439000000000000000000000e+91	
1.687392509610319301000000000000000000000e+92	
-7.064237841396658070000000000000000000000e+91	
1.024019778356353170500000000000000000000e+92	
-1.369796515393631937000000000000000000000e+92	
3.609771862869674091000000000000000000000e+91	
2.040226759088245823000000000000000000000e+92	
-3.535895346617392843000000000000000000000e+91	
1.326015654919468793000000000000000000000e+92	
-1.067800638830516314000000000000000000000e+92	
6.121599905516355776000000000000000000000e+91	
-1.781656303198349530000000000000000000000e+92	
-1.013404109061635774000000000000000000000e+91	
1.527476463728887996000000000000000000000e+92	
-8.663398300210971114000000000000000000000e+91	
7.628577601190267858000000000000000000000e+91	
-1.630958533630958322000000000000000000000e+92	
-1.380417455572939196000000000000000000000e+89	
1.576723931615264126000000000000000000000e+92	
-8.170923621347209820000000000000000000000e+91	
9.096899386414077087000000000000000000000e+91	
-1.484126355108577399000000000000000000000e+92	
2.429879069438479826000000000000000000000e+91	
1.918579861301872824000000000000000000000e+92	
-4.752364324481122836000000000000000000000e+91	
1.200712958968418272000000000000000000000e+92	
-1.193103334781566836000000000000000000000e+92	
4.832033158085893848000000000000000000000e+91	
-1.910612977941395723000000000000000000000e+92	
-2.339492459739670692000000000000000000000e+91	
1.391217285898573688000000000000000000000e+92	
-1.002599007851411419400000000000000000000e+92	
6.248709365782852994000000000000000000000e+91	
-1.768945357171699808000000000000000000000e+92	
-1.410940269132663342000000000000000000000e+91	
1.435284395606202953000000000000000000000e+92	
-9.585318981437821548000000000000000000000e+91	
7.720923894615396982000000000000000000000e+91	
-1.621723904288445409000000000000000000000e+92	
1.092304325604065601000000000000000000000e+91	
1.788660550633648225000000000000000000000e+92	
-6.051557431163368826000000000000000000000e+91	
1.074629901885283373000000000000000000000e+92	
-1.319186391864701735000000000000000000000e+92	
3.609546031310272728000000000000000000000e+91	
-2.032861690618957835000000000000000000000e+92	
-3.523655224753358198000000000000000000000e+91	
1.276631538293682772000000000000000000000e+92	
-1.117184755456302335000000000000000000000e+92	
5.121929311449689660000000000000000000000e+91	
-1.881623362605016142000000000000000000000e+92	
-2.518652395966761190000000000000000000000e+91	
1.326419026723528250000000000000000000000e+92	
-1.067397267026456857000000000000000000000e+92	
6.593418910334982111000000000000000000000e+91	
-1.734474402716486896000000000000000000000e+92	
-7.403261909498280016000000000000000000000e+89	
1.668145592663141070000000000000000000000e+92	
-7.256707010868440377000000000000000000000e+91	
9.502356119936722164000000000000000000000e+91	
-1.443580681756312891000000000000000000000e+92	
2.326829119365253460000000000000000000000e+91	
1.857449504670372472000000000000000000000e+92	
-5.363667890796126362000000000000000000000e+91	
1.091320634886261276000000000000000000000e+92	
-1.302495658863723832000000000000000000000e+92	
3.255730426983452242000000000000000000000e+91	
-2.068243251051639883000000000000000000000e+92	
-4.397934616429219718000000000000000000000e+91	
1.137183122193039940000000000000000000000e+92	
-1.256633171556945168000000000000000000000e+92	
4.731275994305362584000000000000000000000e+91	
-1.920688694319448849000000000000000000000e+92	
-1.905974443441043510000000000000000000000e+91	
1.487970016386093072000000000000000000000e+92	
-9.058462773638920354000000000000000000000e+91	
7.730771396113840114000000000000000000000e+91	
-1.620739154138601096000000000000000000000e+92	
5.854004193382648814000000000000000000000e+90	
1.686320736279348368000000000000000000000e+92	
-7.074955574706367397000000000000000000000e+91	
9.206663680534238380000000000000000000000e+91	
-1.473149925696561270000000000000000000000e+92	
1.553930412795931080000000000000000000000e+91	
1.732462756311525372000000000000000000000e+92	
-6.613535374384597352000000000000000000000e+91	
1.067407605145608068000000000000000000000e+92	
-1.326408688604377040000000000000000000000e+92	
4.026834304503270217000000000000000000000e+91	
2.080252257495075761000000000000000000000e+92	
-3.135640362549093464000000000000000000000e+91	
1.364361244022652522000000000000000000000e+92	
-1.029455049727332586100000000000000000000e+92	
6.488265063877805270000000000000000000000e+91	
-1.744989787362204580000000000000000000000e+92	
-6.635213271651845356000000000000000000000e+90	
1.560787339476710749000000000000000000000e+92	
-8.330289542732743586000000000000000000000e+91	
7.944920682140506803000000000000000000000e+91	
-1.599324225535934427000000000000000000000e+92	
2.857815736022719934000000000000000000000e+90	
1.605007607110175915000000000000000000000e+92	
-7.888086866398091925000000000000000000000e+91	
9.414788155527121235000000000000000000000e+91	
-1.452337478197272984000000000000000000000e+92	
2.782802408460009992000000000000000000000e+91	
1.957373908637475529000000000000000000000e+92	
-4.364423851125095789000000000000000000000e+91	
1.243006977047783509000000000000000000000e+92	
-1.150809316702201599000000000000000000000e+92	
5.289955628093101423000000000000000000000e+91	
-1.864820730940674965000000000000000000000e+92	
-1.846605110074489864000000000000000000000e+91	
1.444000768741748393000000000000000000000e+92	
-9.498155250082367144000000000000000000000e+91	
6.792265476805828975000000000000000000000e+91	
-1.714589746069402210000000000000000000000e+92	
-8.516706994930854820000000000000000000000e+90	
1.492781916423732859000000000000000000000e+92	
-9.010343773262522487000000000000000000000e+91	
8.261897787109724048000000000000000000000e+91	
-1.567626515039012703000000000000000000000e+92	
1.599293823774153432000000000000000000000e+91	
1.835962752311784654000000000000000000000e+92	
-5.578535414382004534000000000000000000000e+91	
1.118537045876397926000000000000000000000e+92	
-1.275279247873587181000000000000000000000e+92	
4.014683790456867674000000000000000000000e+91	
-1.992347914704298340000000000000000000000e+92	
-3.152434258674293502000000000000000000000e+91	
1.310363643524091766000000000000000000000e+92	
-1.083452650225893341000000000000000000000e+92	
5.431943278697775736000000000000000000000e+91	
-1.850621965880207534000000000000000000000e+92	
-2.235931923920338334000000000000000000000e+91	
1.351963082717115791000000000000000000000e+92	
-1.041853211032869316700000000000000000000e+92	
6.906227123525183902000000000000000000000e+91	
-1.703193581397466717000000000000000000000e+92	
2.961146973212194975000000000000000000000e+90	
1.710891381045372094000000000000000000000e+92	
-6.829249127046130138000000000000000000000e+91	
9.987096049546600409000000000000000000000e+91	
-1.395106688795325067000000000000000000000e+92	
2.868822587338443295000000000000000000000e+91	
1.917371355980320150000000000000000000000e+92	
-4.764449377696649572000000000000000000000e+91	
1.154424042770694666000000000000000000000e+92	
-1.239392250979290441000000000000000000000e+92	
3.918564237993058447000000000000000000000e+91	
-2.001959869950679263000000000000000000000e+92	
-3.703316898954060146000000000000000000000e+91	
1.209821702804733105000000000000000000000e+92	
-1.183994590945252003000000000000000000000e+92	
5.389475400165831180000000000000000000000e+91	
-1.854868753733401990000000000000000000000e+92	
-1.315927503667726610000000000000000000000e+91	
1.540162855482846976000000000000000000000e+92	
-8.536534382671381315000000000000000000000e+91	
8.184615138677438318000000000000000000000e+91	
-1.575354779882241276000000000000000000000e+92	
9.711933970286260819000000000000000000000e+90	
1.718098344227856765000000000000000000000e+92	
-6.757179495221283429000000000000000000000e+91	
9.601701969718517248000000000000000000000e+91	
-1.433646096778133383000000000000000000000e+92	
2.026192460772835971000000000000000000000e+91	
1.787407493811399038000000000000000000000e+92	
-6.064087999385860699000000000000000000000e+91	
1.105949308212885677000000000000000000000e+92	
-1.287866985537099430000000000000000000000e+92	
4.248302623455057224000000000000000000000e+91	
2.086012377416062063000000000000000000000e+92	
-3.078039163339230442000000000000000000000e+91	
1.353742807106783741000000000000000000000e+92	
-1.040073486643201366900000000000000000000e+92	
6.218376637138450658000000000000000000000e+91	
-1.771978630036140042000000000000000000000e+92	
-1.097032341262608230000000000000000000000e+91	
1.501082122298912027000000000000000000000e+92	
-8.927341714510730802000000000000000000000e+91	
7.650117615699875314000000000000000000000e+91	
-1.628804532179997576000000000000000000000e+92	
2.930771928804741160000000000000000000000e+90	
1.635932003133925055000000000000000000000e+92	
-7.578842906160600524000000000000000000000e+91	
9.084827901427415671000000000000000000000e+91	
-1.485333503607243540000000000000000000000e+92	
1.813956051317349097000000000000000000000e+91	
1.796632457916965728000000000000000000000e+92	
-5.971838358330193796000000000000000000000e+91	
1.050746242303401889200000000000000000000e+92	
-1.343070051446583218000000000000000000000e+92	
3.052312301707933202000000000000000000000e+91	
1.902049426768849598000000000000000000000e+92	
-4.917668669811355092000000000000000000000e+91	
1.194986695170053618000000000000000000000e+92	
-1.198829598579931490000000000000000000000e+92	
4.882758458580313652000000000000000000000e+91	
-1.905540447891953742000000000000000000000e+92	
-2.180832962876670261000000000000000000000e+91	
1.417871283685354689000000000000000000000e+92	
-9.759450100646304187000000000000000000000e+91	
6.603867332080305284000000000000000000000e+91	
-1.733429560541954579000000000000000000000e+92	
-9.672084167164772716000000000000000000000e+90	
1.488510561423434165000000000000000000000e+92	
-9.053057323265509423000000000000000000000e+91	
8.065178550615289286000000000000000000000e+91	
-1.587298438688456179000000000000000000000e+92	
1.248645544444792525000000000000000000000e+91	
1.785512680646700906000000000000000000000e+92	
-6.083036131032842021000000000000000000000e+91	
1.052709387218102386400000000000000000000e+92	
-1.341106906531882721000000000000000000000e+92	
3.202707863226031773000000000000000000000e+91	
1.930158886450201917000000000000000000000e+92	
-4.636574072997831907000000000000000000000e+91	
1.195408201334984553000000000000000000000e+92	
-1.198408092415000554000000000000000000000e+92	
4.610231779068175956000000000000000000000e+91	
-1.932793115843167512000000000000000000000e+92	
-2.729963658123112513000000000000000000000e+91	
1.335311578275844224000000000000000000000e+92	
-1.058504715474140884100000000000000000000e+92	
6.047058163088505498000000000000000000000e+91	
-1.789110477441134558000000000000000000000e+92	
-1.255363467654825395000000000000000000000e+91	
1.486547098087113020000000000000000000000e+92	
-9.072691956628720872000000000000000000000e+91	
7.477501617404503653000000000000000000000e+91	
-1.646066132009534742000000000000000000000e+92	
9.320900769401691121000000000000000000000e+89	
1.613221322179500342000000000000000000000e+92	
-7.805949715704847658000000000000000000000e+91	
8.915652008496780618000000000000000000000e+91	
-1.502251092900307046000000000000000000000e+92	
1.702682244654025956000000000000000000000e+91	
1.791292404277526814000000000000000000000e+92	
-6.025238894724582940000000000000000000000e+91	
1.033170000172491150100000000000000000000e+92	
-1.360646293577493958000000000000000000000e+92	
2.754248891042522154000000000000000000000e+91	
1.860019073291945052000000000000000000000e+92	
-5.337972204580400552000000000000000000000e+91	
1.178873538266006172000000000000000000000e+92	
-1.214942755483978935000000000000000000000e+92	
4.980669873751083532000000000000000000000e+91	
-1.895749306374876754000000000000000000000e+92	
-1.824007480822050410000000000000000000000e+91	
1.479432353262261052000000000000000000000e+92	
-9.143839404877240555000000000000000000000e+91	
7.478134452520473692000000000000000000000e+91	
-1.646002848497937738000000000000000000000e+92	
1.655864034456031126000000000000000000000e+90	
1.627629947323138959000000000000000000000e+92	
-7.661863464268461488000000000000000000000e+91	
8.907840213706424396000000000000000000000e+91	
-1.503032272379342668000000000000000000000e+92	
1.543047998388944414000000000000000000000e+91	
1.760154290216642592000000000000000000000e+92	
-6.336620035333425158000000000000000000000e+91	
1.034176706090404411800000000000000000000e+92	
-1.359639587659580696000000000000000000000e+92	
3.085604175621834105000000000000000000000e+91	
1.925267434812523334000000000000000000000e+92	
-4.685488589374617734000000000000000000000e+91	
1.176097574386752622000000000000000000000e+92	
-1.217718719363232485000000000000000000000e+92	
4.273005516059139445000000000000000000000e+91	
-1.966515742144071163000000000000000000000e+92	
-3.211238190792478206000000000000000000000e+91	
1.272786466860048699000000000000000000000e+92	
-1.121029826889936409000000000000000000000e+92	
5.727239936784445724000000000000000000000e+91	
-1.821092300071540535000000000000000000000e+92	
-1.269900810189248870000000000000000000000e+91	
1.515606259366960287000000000000000000000e+92	
-8.782100343830248208000000000000000000000e+91	
7.647601639128394725000000000000000000000e+91	
-1.629056129837145635000000000000000000000e+92	
1.428774031169029212000000000000000000000e+90	
1.606150992584793312000000000000000000000e+92	
-7.876653011651917956000000000000000000000e+91	
9.099696553041018382000000000000000000000e+91	
-1.483846638445883269000000000000000000000e+92	
2.141347849916491261000000000000000000000e+91	
1.860608399207708382000000000000000000000e+92	
-5.332078945422767262000000000000000000000e+91	
1.113637647989793711000000000000000000000e+92	
-1.280178645760191396000000000000000000000e+92	
3.670386399911795345000000000000000000000e+91	
-2.026777653758805573000000000000000000000e+92	
-3.791888097927293355000000000000000000000e+91	
1.216917303711237454000000000000000000000e+92	
-1.176898990038747654000000000000000000000e+92	
5.122847715890996707000000000000000000000e+91	
-1.881531522160885437000000000000000000000e+92	
-1.919970876780599620000000000000000000000e+91	
1.446033741376897823000000000000000000000e+92	
-9.477825523730872842000000000000000000000e+91	
6.906244066993947453000000000000000000000e+91	
-1.703191887050590362000000000000000000000e+92	
-6.440898514834590529000000000000000000000e+90	
1.522895568724764566000000000000000000000e+92	
-8.709207250252205410000000000000000000000e+91	
8.364706444476696348000000000000000000000e+91	
-1.557345649302315473000000000000000000000e+92	
1.503873316871470238000000000000000000000e+91	
1.806607650419871364000000000000000000000e+92	
-5.872086433301137439000000000000000000000e+91	
1.069378753098555975000000000000000000000e+92	
-1.324437540651429133000000000000000000000e+92	
3.325167507904716990000000000000000000000e+91	
1.937983650889513337000000000000000000000e+92	
-4.558326428604717705000000000000000000000e+91	
1.212575692151998676000000000000000000000e+92	
-1.181240601597986432000000000000000000000e+92	
4.875287455283415934000000000000000000000e+91	
-1.906287548221643514000000000000000000000e+92	
-2.371573686455276997000000000000000000000e+91	
1.380479360041427670000000000000000000000e+92	
-1.013336933708557437200000000000000000000e+92	
6.300771749117566404000000000000000000000e+91	
-1.763739118838228467000000000000000000000e+92	
-1.199515592847751823000000000000000000000e+91	
1.472355161583057647000000000000000000000e+92	
-9.214611321669274609000000000000000000000e+91	
7.754160381040294694000000000000000000000e+91	
-1.618400255645955638000000000000000000000e+92	
7.882375871895780983000000000000000000000e+90	
1.724540340800432818000000000000000000000e+92	
-6.692759529495522894000000000000000000000e+91	
9.768129341983790483000000000000000000000e+91	
-1.417003359551606059000000000000000000000e+92	
2.294576473785737104000000000000000000000e+91	
1.824436485134713108000000000000000000000e+92	
-5.693798086152719998000000000000000000000e+91	
1.121369655996714467000000000000000000000e+92	
-1.272446637753270641000000000000000000000e+92	
4.186527205138836594000000000000000000000e+91	
2.058247694541141870000000000000000000000e+92	
-3.355685992088432380000000000000000000000e+91	
1.304401726411501387000000000000000000000e+92	
-1.089414567338483721000000000000000000000e+92	
5.509309230745812528000000000000000000000e+91	
-1.842885370675403855000000000000000000000e+92	
-2.021649021770194724000000000000000000000e+91	
1.387076254027909962000000000000000000000e+92	
-1.006740039722075145900000000000000000000e+92	
6.967374704572752391000000000000000000000e+91	
-1.697078823292709868000000000000000000000e+92	
6.742246204584497145000000000000000000000e+89	
1.659052600277154259000000000000000000000e+92	
-7.347636934728308482000000000000000000000e+91	
9.179156841588223028000000000000000000000e+91	
-1.475900609591162805000000000000000000000e+92	
1.771476079484664899000000000000000000000e+91	
1.778710378072070337000000000000000000000e+92	
-6.151059156779147709000000000000000000000e+91	
1.061776552589090928000000000000000000000e+92	
-1.332039741160894179000000000000000000000e+92	
3.451995219175226902000000000000000000000e+91	
1.970941298477804570000000000000000000000e+92	
-4.228749952721805381000000000000000000000e+91	
1.203249027170174841000000000000000000000e+92	
-1.190567266579810266000000000000000000000e+92	
4.359388115131879130000000000000000000000e+91	
-1.957877482236797194000000000000000000000e+92	
-3.309895386299150130000000000000000000000e+91	
1.244425976684426889000000000000000000000e+92	
-1.149390317065558219000000000000000000000e+92	
5.835283812137784730000000000000000000000e+91	
-1.810287912536206635000000000000000000000e+92	
-7.704030686743427706000000000000000000000e+90	
1.604681938739897477000000000000000000000e+92	
-7.891343550100876304000000000000000000000e+91	
8.929422768077743246000000000000000000000e+91	
-1.500874016942210783000000000000000000000e+92	
1.815568247196088838000000000000000000000e+91	
1.812487596182296003000000000000000000000e+92	
-5.813286975676891046000000000000000000000e+91	
1.049981737381888659600000000000000000000e+92	
-1.343834556368096448000000000000000000000e+92	
2.878553531221150546000000000000000000000e+91	
1.868070444536446497000000000000000000000e+92	
-5.257458492135386108000000000000000000000e+91	
1.196178250291432610000000000000000000000e+92	
-1.197638043458552497000000000000000000000e+92	
5.246204350925912330000000000000000000000e+91	
-1.869195858657393875000000000000000000000e+92	
-1.466031674697297659000000000000000000000e+91	
1.524469466263328629000000000000000000000e+92	
-8.693468274866564788000000000000000000000e+91	
8.020854924248302650000000000000000000000e+91	
-1.591730801325154842000000000000000000000e+92	
8.006102576056526104000000000000000000000e+90	
1.700358077341118178000000000000000000000e+92	
-6.934582164088669294000000000000000000000e+91	
9.438965555363380751000000000000000000000e+91	
-1.449919738213647032000000000000000000000e+92	
1.878115002008726094000000000000000000000e+91	
1.774064913965212564000000000000000000000e+92	
-6.197513797847725441000000000000000000000e+91	
1.089525083724547883000000000000000000000e+92	
-1.304291210025437224000000000000000000000e+92	
4.053259268500328784000000000000000000000e+91	
2.063429463785229488000000000000000000000e+92	
-3.303868299647556195000000000000000000000e+91	
1.328082847449505890000000000000000000000e+92	
-1.065733446300479218000000000000000000000e+92	
5.931021893765556184000000000000000000000e+91	
-1.800714104373429489000000000000000000000e+92	
-1.415126925592300331000000000000000000000e+91	
1.466200209592872550000000000000000000000e+92	
-9.276160841571125573000000000000000000000e+91	
7.366768147579615338000000000000000000000e+91	
-1.657139478992023574000000000000000000000e+92	
7.516480156544965541000000000000000000000e+89	
1.620681215090964070000000000000000000000e+92	
-7.731350786590210370000000000000000000000e+91	
8.794159033286730929000000000000000000000e+91	
-1.514400390421312015000000000000000000000e+92	
1.385194953727237759000000000000000000000e+91	
1.739953997617299365000000000000000000000e+92	
-6.538622961326857429000000000000000000000e+91	
1.023343783952154252500000000000000000000e+92	
-1.370472509797830855000000000000000000000e+92	
3.070902040472691400000000000000000000000e+91	
1.933155270403233680000000000000000000000e+92	
-4.606610233467514278000000000000000000000e+91	
1.165786128000396035000000000000000000000e+92	
-1.228030165749589072000000000000000000000e+92	
3.987988804373811332000000000000000000000e+91	
-1.995017413312603974000000000000000000000e+92	
-3.678066623425401217000000000000000000000e+91	
1.207931499684183719000000000000000000000e+92	
-1.185884794065801389000000000000000000000e+92	
5.464005333072471403000000000000000000000e+91	
-1.847415760442737967000000000000000000000e+92	
-1.148012104720083411000000000000000000000e+91	
1.566288294488657070000000000000000000000e+92	
-8.275279992613280379000000000000000000000e+91	
8.539162068044524988000000000000000000000e+91	
-1.539900086945532609000000000000000000000e+92	
1.418986437020787091000000000000000000000e+91	
1.772197618731794827000000000000000000000e+92	
-6.216186750181902810000000000000000000000e+91	
1.009060277923096555400000000000000000000e+92	
-1.384756015826888552000000000000000000000e+92	
2.463027259232344304000000000000000000000e+91	
1.825886963709277649000000000000000000000e+92	
-5.679293300407074590000000000000000000000e+91	
1.155386248015378734000000000000000000000e+92	
-1.238430045734606374000000000000000000000e+92	
4.852192188737157126000000000000000000000e+91	
-1.908597074876269395000000000000000000000e+92	
-1.846142897807315518000000000000000000000e+91	
1.487847746055355711000000000000000000000e+92	
-9.059685476946293970000000000000000000000e+91	
7.668524828593305987000000000000000000000e+91	
-1.626963810890654509000000000000000000000e+92	
4.621603572110052961000000000000000000000e+90	
1.667900416055196571000000000000000000000e+92	
-7.259158776947885366000000000000000000000e+91	
9.085476908879848807000000000000000000000e+91	
-1.485268602862000227000000000000000000000e+92	
1.495728710486288843000000000000000000000e+91	
1.732937958451546900000000000000000000000e+92	
-6.608783352984382081000000000000000000000e+91	
1.054563982100893826300000000000000000000e+92	
-1.339252311649091281000000000000000000000e+92	
3.765276105700369799000000000000000000000e+91	
2.040790865829655032000000000000000000000e+92	
-3.530254279203300758000000000000000000000e+91	
1.311600902325472137000000000000000000000e+92	
-1.082215391424512971000000000000000000000e+92	
5.827738331167787917000000000000000000000e+91	
-1.811042460633206316000000000000000000000e+92	
-1.456905223971963471000000000000000000000e+91	
1.468169845258348973000000000000000000000e+92	
-9.256464484916361348000000000000000000000e+91	
7.256385149173836780000000000000000000000e+91	
-1.668177778832601430000000000000000000000e+92	
-1.652328156068011862000000000000000000000e+90	
1.583646461904782219000000000000000000000e+92	
-8.101698318452028886000000000000000000000e+91	
8.699226571453537918000000000000000000000e+91	
-1.523893636604631316000000000000000000000e+92	
1.565540496736902574000000000000000000000e+91	
1.785502652705267443000000000000000000000e+92	
-6.083136410447176648000000000000000000000e+91	
1.021015611934963335500000000000000000000e+92	
-1.372800681815021772000000000000000000000e+92	
2.569090316755774949000000000000000000000e+91	
1.835144912569894593000000000000000000000e+92	
-5.586713811800905142000000000000000000000e+91	
1.167484233002379999000000000000000000000e+92	
-1.226332060747605108000000000000000000000e+92	
5.001558265928409118000000000000000000000e+91	
-1.893660467157144196000000000000000000000e+92	
-1.668404720203423374000000000000000000000e+91	
1.508457361869199508000000000000000000000e+92	
-8.853589318807856000000000000000000000000e+91	
7.902964854415206286000000000000000000000e+91	
-1.603519808308464479000000000000000000000e+92	
7.249301448887983456000000000000000000000e+90	
1.697008961127809024000000000000000000000e+92	
-6.968073326221760840000000000000000000000e+91	
9.316266650949293994000000000000000000000e+91	
-1.462189628655055708000000000000000000000e+92	
1.666252751125994713000000000000000000000e+91	
1.743966791601873930000000000000000000000e+92	
-6.498495021481111779000000000000000000000e+91	
1.078321119775680243000000000000000000000e+92	
-1.315495173974304865000000000000000000000e+92	
4.130067183031846505000000000000000000000e+91	
-1.980809575446800457000000000000000000000e+92	
-2.519765776781700582000000000000000000000e+91	
1.425333257036801482000000000000000000000e+92	
-9.684830367131836258000000000000000000000e+91	
7.091833801267191619000000000000000000000e+91	
-1.684632913623265946000000000000000000000e+92	
-6.610092117839426806000000000000000000000e+89	
1.619914852917728312000000000000000000000e+92	
-7.739014408322567957000000000000000000000e+91	
8.530053603277264577000000000000000000000e+91	
-1.540810933422258650000000000000000000000e+92	
8.647753382467998411000000000000000000000e+90	
1.662293373451397432000000000000000000000e+92	
-7.315229202985876752000000000000000000000e+91	
9.999854683689156814000000000000000000000e+91	
-1.393830825381069426000000000000000000000e+92	
3.380071725414175336000000000000000000000e+91	
2.018320511918715148000000000000000000000e+92	
-3.754957818312699597000000000000000000000e+91	
1.305172644923687569000000000000000000000e+92	
-1.088643648826297538000000000000000000000e+92	
5.923796885907998495000000000000000000000e+91	
-1.801436605159185258000000000000000000000e+92	
-1.200585337075231062000000000000000000000e+91	
1.509819991474740921000000000000000000000e+92	
-8.839963022752441868000000000000000000000e+91	
7.462624100629013866000000000000000000000e+91	
-1.647553883687083721000000000000000000000e+92	
-1.691517339992618437000000000000000000000e+90	
1.562249241959245949000000000000000000000e+92	
-8.315670517907391586000000000000000000000e+91	
8.929921401136642929000000000000000000000e+91	
-1.500824153636320815000000000000000000000e+92	
2.240681059138693446000000000000000000000e+91	
1.897439163588544280000000000000000000000e+92	
-4.963771301614408275000000000000000000000e+91	
1.177352469840294865000000000000000000000e+92	
-1.216463823909690242000000000000000000000e+92	
4.576241399841694451000000000000000000000e+91	
-1.936192153765815662000000000000000000000e+92	
-2.617460043259680794000000000000000000000e+91	
1.361204048638198632000000000000000000000e+92	
-1.032612245111786476000000000000000000000e+92	
5.995872408976187135000000000000000000000e+91	
-1.794229052852366394000000000000000000000e+92	
-1.616505347543272302000000000000000000000e+91	
1.419452723036025531000000000000000000000e+92	
-9.743635707139595769000000000000000000000e+91	
7.462864300872292039000000000000000000000e+91	
-1.647529863662755904000000000000000000000e+92	
7.345515026238363592000000000000000000000e+90	
1.742920906821970080000000000000000000000e+92	
-6.508953869280150275000000000000000000000e+91	
1.018930855500874074500000000000000000000e+92	
-1.374885438249111033000000000000000000000e+92	
2.953011106469065896000000000000000000000e+91	
1.913993682932869018000000000000000000000e+92	
-4.798226108171160902000000000000000000000e+91	
1.160638478760049969000000000000000000000e+92	
-1.233177814989935138000000000000000000000e+92	
4.076581951425795064000000000000000000000e+91	
-1.986158098607405601000000000000000000000e+92	
-3.449473545053946178000000000000000000000e+91	
1.244783833308827118000000000000000000000e+92	
-1.149032460441157990000000000000000000000e+92	
5.536002128797899470000000000000000000000e+91	
-1.840216080870195161000000000000000000000e+92	
-1.372394277832831707000000000000000000000e+91	
1.514226930117681035000000000000000000000e+92	
-8.795893636323040724000000000000000000000e+91	
7.722464378573813020000000000000000000000e+91	
-1.621569855892603806000000000000000000000e+92	
3.063520532566008602000000000000000000000e+90	
1.631355238739570000000000000000000000000e+92	
-7.624610550104151078000000000000000000000e+91	
9.164029423881674306000000000000000000000e+91	
-1.477413351361817677000000000000000000000e+92	
2.018064547051204427000000000000000000000e+91	
1.829527788601640306000000000000000000000e+92	
-5.642885051483448014000000000000000000000e+91	
1.063814089468493008000000000000000000000e+92	
-1.330002204281492100000000000000000000000e+92	
2.984814613145154773000000000000000000000e+91	
1.875491904478682893000000000000000000000e+92	
-5.183243892713022144000000000000000000000e+91	
1.210369302436705350000000000000000000000e+92	
-1.183446991313279757000000000000000000000e+92	
5.455777104334866838000000000000000000000e+91	
-1.848238583316498424000000000000000000000e+92	
-1.188830362639792336000000000000000000000e+91	
1.558949087678977467000000000000000000000e+92	
-8.348672060710076402000000000000000000000e+91	
8.433212400703989434000000000000000000000e+91	
-1.550495053679586164000000000000000000000e+92	
1.280495373302204972000000000000000000000e+91	
1.755095992202336435000000000000000000000e+92	
-6.387203015476486726000000000000000000000e+91	
9.887077499102797290000000000000000000000e+91	
-1.405108543839705378000000000000000000000e+92	
2.227009142957388232000000000000000000000e+91	
1.799037485530622043000000000000000000000e+92	
-5.947788082193630644000000000000000000000e+91	
1.135443576345447551000000000000000000000e+92	
-1.258372717404537557000000000000000000000e+92	
4.721799164179664560000000000000000000000e+91	
-1.921636377332018652000000000000000000000e+92	
-1.907536586062112636000000000000000000000e+91	
1.488604876986012783000000000000000000000e+92	
-9.052114167639723246000000000000000000000e+91	
7.745026813809193752000000000000000000000e+91	
-1.619313612369065732000000000000000000000e+92	
6.075587137649456570000000000000000000000e+90	
1.689326460094496696000000000000000000000e+92	
-7.044898336554884114000000000000000000000e+91	
9.244615931361337437000000000000000000000e+91	
-1.469354700613851364000000000000000000000e+92	
1.599773747205801262000000000000000000000e+91	
1.737835805397044297000000000000000000000e+92	
-6.559804883529408104000000000000000000000e+91	
1.071104841281189237000000000000000000000e+92	
-1.322711452468795870000000000000000000000e+92	
4.047056876339545023000000000000000000000e+91	
-1.989110606116030605000000000000000000000e+92	
-2.613618206760139805000000000000000000000e+91	
1.414864341287804586000000000000000000000e+92	
-9.789519524621805219000000000000000000000e+91	
6.976313309354998422000000000000000000000e+91	
-1.696184962814485265000000000000000000000e+92	
-1.924473571074655086000000000000000000000e+90	
1.606198153695404364000000000000000000000e+92	
-7.876181400545807434000000000000000000000e+91	
8.389773010369148710000000000000000000000e+91	
-1.554838992713070236000000000000000000000e+92	
7.213826941923112200000000000000000000000e+90	
1.647643058808046443000000000000000000000e+92	
-7.461732349419386649000000000000000000000e+91	
9.860129492730027404000000000000000000000e+91	
-1.407803344476982367000000000000000000000e+92	
3.247121116759882052000000000000000000000e+91	
2.005702572134687183000000000000000000000e+92	
-3.881137216152979248000000000000000000000e+91	
1.293231489239766087000000000000000000000e+92	
-1.100584804510219020000000000000000000000e+92	
5.811149801933951269000000000000000000000e+91	
-1.812701313556589981000000000000000000000e+92	
-1.306471314643792962000000000000000000000e+91	
1.499907167880002584000000000000000000000e+92	
-8.939091258699825235000000000000000000000e+91	
7.370250243193041116000000000000000000000e+91	
-1.656791269430680996000000000000000000000e+92	
-2.547745743598693472000000000000000000000e+90	
1.554361723654404333000000000000000000000e+92	
-8.394545700955807744000000000000000000000e+91	
8.836877547478762058000000000000000000000e+91	
-1.510128539002108902000000000000000000000e+92	
2.133475586161128336000000000000000000000e+91	
1.885303159136877887000000000000000000000e+92	
-5.085131346131072204000000000000000000000e+91	
1.163801712662031315000000000000000000000e+92	
-1.230014581087953793000000000000000000000e+92	
4.426593341560507795000000000000000000000e+91	
-1.951156959593934328000000000000000000000e+92	
-2.781241550775953641000000000000000000000e+91	
1.343413256339186497000000000000000000000e+92	
-1.050403037410798610700000000000000000000e+92	
5.848089515441538806000000000000000000000e+91	
-1.809007342205831227000000000000000000000e+92	
-1.734178203876715117000000000000000000000e+91	
1.410694942643490930000000000000000000000e+92	
-9.831213511064941776000000000000000000000e+91	
7.311736943145474625000000000000000000000e+91	
-1.662642599435437645000000000000000000000e+92	
5.199062176561261722000000000000000000000e+90	
1.715107746683216200000000000000000000000e+92	
-6.787085470667689076000000000000000000000e+91	
9.847722232290756345000000000000000000000e+91	
-1.409044070520909473000000000000000000000e+92	
2.548001641786156632000000000000000000000e+91	
1.867153578633034204000000000000000000000e+92	
-5.266627151169509032000000000000000000000e+91	
1.127272342985068416000000000000000000000e+92	
-1.266543950764916692000000000000000000000e+92	
3.877593223334613594000000000000000000000e+91	
-2.006056971416523748000000000000000000000e+92	
-3.513856665704996204000000000000000000000e+91	
1.251799383101364709000000000000000000000e+92	
-1.142016910648620399000000000000000000000e+92	
5.321439660680026946000000000000000000000e+91	
-1.861672327681982413000000000000000000000e+92	
-1.871533017057283890000000000000000000000e+91	
1.435869591526545864000000000000000000000e+92	
-9.579467022234392440000000000000000000000e+91	
6.739980162716635988000000000000000000000e+91	
-1.719818277478321509000000000000000000000e+92	
-8.749440010502048662000000000000000000000e+90	
1.493354343687058886000000000000000000000e+92	
-9.004619500629262219000000000000000000000e+91	
8.206268480163393134000000000000000000000e+91	
-1.573189445733645794000000000000000000000e+92	
1.482341470943361042000000000000000000000e+91	
1.818138264290209203000000000000000000000e+92	
-5.756780294597759046000000000000000000000e+91	
1.094586355447468418000000000000000000000e+92	
-1.299229938302516690000000000000000000000e+92	
3.713945350224939863000000000000000000000e+91	
-2.022421758727491121000000000000000000000e+92	
-3.514373761890901548000000000000000000000e+91	
1.268052632683218194000000000000000000000e+92	
-1.125763661066766913000000000000000000000e+92	
5.138813207576903496000000000000000000000e+91	
-1.879934972992294758000000000000000000000e+92	
-2.399146644620169007000000000000000000000e+91	
1.348626680221810696000000000000000000000e+92	
-1.045189613528174411500000000000000000000e+92	
6.598202248180105751000000000000000000000e+91	
-1.733996068931974532000000000000000000000e+92	
-2.864343385808746314000000000000000000000e+90	
1.625197723580349783000000000000000000000e+92	
-7.686185701696353248000000000000000000000e+91	
8.855908489964880270000000000000000000000e+91	
-1.508225444753497081000000000000000000000e+92	
1.463520528683434590000000000000000000000e+91	
1.749443342000850339000000000000000000000e+92	
-6.443729517491347688000000000000000000000e+91	
1.029315316037385597400000000000000000000e+92	
-1.364500977712599510000000000000000000000e+92	
3.095456745357536708000000000000000000000e+91	
1.932096429125275899000000000000000000000e+92	
-4.617198646247092082000000000000000000000e+91	
1.170554633983990706000000000000000000000e+92	
-1.223261659765994402000000000000000000000e+92	
4.093918335999916275000000000000000000000e+91	
-1.984424460149993480000000000000000000000e+92	
-3.513921606401729614000000000000000000000e+91	
1.230164652729607367000000000000000000000e+92	
-1.163651641020377740000000000000000000000e+92	
5.562940532105745841000000000000000000000e+91	
-1.837522240539410524000000000000000000000e+92	
-1.172411826738737964000000000000000000000e+91	
1.551520968162306749000000000000000000000e+92	
-8.422953255876783584000000000000000000000e+91	
8.268276612796507156000000000000000000000e+91	
-1.566988632470334392000000000000000000000e+92	
1.024950108517042945900000000000000000000e+91	
1.720485027377091233000000000000000000000e+92	
-6.733312663728938742000000000000000000000e+91	
9.688770202537967108000000000000000000000e+91	
-1.424939273496188397000000000000000000000e+92	
2.176430641623051650000000000000000000000e+91	
1.808745162935192242000000000000000000000e+92	
-5.850711308147928658000000000000000000000e+91	
1.113900931098729933000000000000000000000e+92	
-1.279915362651255175000000000000000000000e+92	
4.194025007963085301000000000000000000000e+91	
-1.974413792953676578000000000000000000000e+92	
-2.747503000663277132000000000000000000000e+91	
1.373404546487905981000000000000000000000e+92	
-1.020411747262079126400000000000000000000e+92	
6.281141909131265781000000000000000000000e+91	
-1.765702102836858530000000000000000000000e+92	
-1.168052577209953345000000000000000000000e+91	
1.480608205982828576000000000000000000000e+92	
-9.132080877671565322000000000000000000000e+91	
7.728543775963767718000000000000000000000e+91	
-1.620961916153608336000000000000000000000e+92	
6.545277543325065836000000000000000000000e+90	
1.700365414187528804000000000000000000000e+92	
-6.934508795624563040000000000000000000000e+91	
9.418394410319560776000000000000000000000e+91	
-1.451976852718029030000000000000000000000e+92	
1.836909617564636423000000000000000000000e+91	
1.767881978480232494000000000000000000000e+92	
-6.259343152697526140000000000000000000000e+91	
1.087713591735553649000000000000000000000e+92	
-1.306102702014431459000000000000000000000e+92	
4.078837028307734409000000000000000000000e+91	
2.070354333292143134000000000000000000000e+92	
-3.234619604578419737000000000000000000000e+91	
1.339372637121180638000000000000000000000e+92	
-1.054443656628804469200000000000000000000e+92	
6.087547269331916586000000000000000000000e+91	
-1.785061566816793449000000000000000000000e+92	
-1.214995783163596461000000000000000000000e+91	
1.490571730403786221000000000000000000000e+92	
-9.032445633461988869000000000000000000000e+91	
7.517950423327696965000000000000000000000e+91	
-1.642021251417215411000000000000000000000e+92	
1.338601956045405860000000000000000000000e+90	
1.617306669097388185000000000000000000000e+92	
-7.765096246525969223000000000000000000000e+91	
8.956022459254742604000000000000000000000e+91	
-1.498214047824510847000000000000000000000e+92	
1.742569917373735029000000000000000000000e+91	
1.795232917771976302000000000000000000000e+92	
-5.985833759780088055000000000000000000000e+91	
1.037207284096743332600000000000000000000e+92	
-1.356609009653241775000000000000000000000e+92	
2.795588952987896685000000000000000000000e+91	
1.864249753621217578000000000000000000000e+92	
-5.295665401287675292000000000000000000000e+91	
1.182893995335951328000000000000000000000e+92	
-1.210922298414033780000000000000000000000e+92	
5.018773258070532048000000000000000000000e+91	
-1.891938967942931903000000000000000000000e+92	
-1.788004237190002090000000000000000000000e+91	
1.482822768073945132000000000000000000000e+92	
-9.109935256760399760000000000000000000000e+91	
7.509940549774155778000000000000000000000e+91	
-1.642822238772569530000000000000000000000e+92	
1.952954939682861933000000000000000000000e+90	
1.630391260063560189000000000000000000000e+92	
-7.634250336864249182000000000000000000000e+91	
8.939850228764314478000000000000000000000e+91	
-1.499831270873553660000000000000000000000e+92	
1.579452712911524940000000000000000000000e+91	
1.764234012905369942000000000000000000000e+92	
-6.295822808446151660000000000000000000000e+91	
1.037321669550901678000000000000000000000e+92	
-1.356494624199083430000000000000000000000e+92	
3.107710869939304747000000000000000000000e+91	
1.926544275183484796000000000000000000000e+92	
-4.672720185665003118000000000000000000000e+91	
1.179348256690023797000000000000000000000e+92	
-1.214468037059961311000000000000000000000e+92	
4.325240935241111588000000000000000000000e+91	
-1.961292200225873949000000000000000000000e+92	
-3.139283993746406968000000000000000000000e+91	
1.281952783011173113000000000000000000000e+92	
-1.111863510738811995000000000000000000000e+92	
5.777084181156380922000000000000000000000e+91	
-1.816107875634347016000000000000000000000e+92	
-1.261854671032118318000000000000000000000e+91	
1.512233142917901596000000000000000000000e+92	
-8.815831508320835118000000000000000000000e+91	
7.572113962204913164000000000000000000000e+91	
-1.636604897529493791000000000000000000000e+92	
2.565399462822632670000000000000000000000e+89	
1.590257155631979645000000000000000000000e+92	
-8.035591381180054630000000000000000000000e+91	
9.029222625693007732000000000000000000000e+91	
-1.490894031180684334000000000000000000000e+92	
2.159294338852710275000000000000000000000e+91	
1.871240689331190210000000000000000000000e+92	
-5.225756044187948973000000000000000000000e+91	
1.133103181134509132000000000000000000000e+92	
-1.260713112615475975000000000000000000000e+92	
3.953330201373484449000000000000000000000e+91	
-1.998483273612636663000000000000000000000e+92	
-3.420699764771304107000000000000000000000e+91	
1.262856198550911970000000000000000000000e+92	
-1.130960095199073138000000000000000000000e+92	
5.395024334536545987000000000000000000000e+91	
-1.854313860296330509000000000000000000000e+92	
-1.834913418355786398000000000000000000000e+91	
1.435836883513604364000000000000000000000e+92	
-9.579794102363807435000000000000000000000e+91	
6.817816125497685346000000000000000000000e+91	
-1.712034681200216573000000000000000000000e+92	
-7.189838945808556924000000000000000000000e+90	
1.516758880716496481000000000000000000000e+92	
-8.770574130334886269000000000000000000000e+91	
8.274804894186868862000000000000000000000e+91	
-1.566335804331298222000000000000000000000e+92	
1.385451297158320872000000000000000000000e+91	
1.791914820877880408000000000000000000000e+92	
-6.019014728721046994000000000000000000000e+91	
1.051836714651168845300000000000000000000e+92	
-1.341979579098816262000000000000000000000e+92	
3.121269213969447925000000000000000000000e+91	
1.914747447803431032000000000000000000000e+92	
-4.790688459465540761000000000000000000000e+91	
1.195392468152436275000000000000000000000e+92	
-1.198423825597548832000000000000000000000e+92	
4.763954882430901103000000000000000000000e+91	
-1.917420805506894997000000000000000000000e+92	
-2.422436700895173632000000000000000000000e+91	
1.381437005064065496000000000000000000000e+92	
-1.012379288685919611200000000000000000000e+92	
6.182472487305523497000000000000000000000e+91	
-1.775569045019432758000000000000000000000e+92	
-1.445626927086107377000000000000000000000e+91	
1.434969181710663691000000000000000000000e+92	
-9.588471120393214169000000000000000000000e+91	
7.651063106582881906000000000000000000000e+91	
-1.628709983091696917000000000000000000000e+92	
9.557680872346993974000000000000000000000e+90	
1.768342699984860015000000000000000000000e+92	
-6.254735937651250926000000000000000000000e+91	
1.047651140995105320800000000000000000000e+92	
-1.346165152754879787000000000000000000000e+92	
3.273182469193708958000000000000000000000e+91	
1.949306029247406638000000000000000000000e+92	
-4.445102645025784695000000000000000000000e+91	
1.188932027533057657000000000000000000000e+92	
-1.204884266216927451000000000000000000000e+92	
4.289364394029201250000000000000000000000e+91	
-1.964879854347064983000000000000000000000e+92	
-3.306809234672257348000000000000000000000e+91	
1.252041940677817036000000000000000000000e+92	
-1.141774353072168072000000000000000000000e+92	
5.756750039449262567000000000000000000000e+91	
-1.818141289805058851000000000000000000000e+92	
-1.003553268069687390100000000000000000000e+91	
1.565912970889900948000000000000000000000e+92	
-8.279033228600841593000000000000000000000e+91	
8.387270519781021965000000000000000000000e+91	
-1.555089241771882911000000000000000000000e+92	
1.119030300135201403000000000000000000000e+91	
1.727402914877426345000000000000000000000e+92	
-6.664133788725587626000000000000000000000e+91	
9.810535822718390959000000000000000000000e+91	
-1.412762711478146012000000000000000000000e+92	
2.350756836255775076000000000000000000000e+91	
1.831431224073649830000000000000000000000e+92	
-5.623850696763352777000000000000000000000e+91	
1.125442478609566752000000000000000000000e+92	
-1.268373815140418355000000000000000000000e+92	
4.198050809440427447000000000000000000000e+91	
-1.974011212805942363000000000000000000000e+92	
-2.854811437773747620000000000000000000000e+91	
1.351545819663575772000000000000000000000e+92	
-1.042270474086409335500000000000000000000e+92	
5.951331189635616573000000000000000000000e+91	
-1.798683174786423450000000000000000000000e+92	
-1.609031395638246159000000000000000000000e+91	
1.425399046723999034000000000000000000000e+92	
-9.684172470259860735000000000000000000000e+91	
7.412261354621557842000000000000000000000e+91	
-1.652590158287829323000000000000000000000e+92	
5.739371496273609635000000000000000000000e+90	
1.715863805760178147000000000000000000000e+92	
-6.779524879898069604000000000000000000000e+91	
9.808835608646806130000000000000000000000e+91	
-1.412932732885304495000000000000000000000e+92	
2.462690919007226588000000000000000000000e+91	
1.853982406819129797000000000000000000000e+92	
-5.398338869308553104000000000000000000000e+91	
1.123935299164736816000000000000000000000e+92	
-1.269880994585248292000000000000000000000e+92	
3.942515123787949926000000000000000000000e+91	
-1.999564781371190115000000000000000000000e+92	
-3.350691343517584948000000000000000000000e+91	
1.277935368235693366000000000000000000000e+92	
-1.115880925514291742000000000000000000000e+92	
5.374711541655408598000000000000000000000e+91	
-1.856345139584444248000000000000000000000e+92	
-2.026245547787198903000000000000000000000e+91	
1.399610247995504974000000000000000000000e+92	
-9.942060457544801339000000000000000000000e+91	
6.817658365487009512000000000000000000000e+91	
-1.712050457201284156000000000000000000000e+92	
-3.572132691746557888000000000000000000000e+90	
1.589110769791916947000000000000000000000e+92	
-8.047055239580681608000000000000000000000e+91	
8.232051191456704612000000000000000000000e+91	
-1.570611174604314646000000000000000000000e+92	
5.768063500666324987000000000000000000000e+90	
1.634499317666328575000000000000000000000e+92	
-7.593169760836565322000000000000000000000e+91	
9.701073207119593531000000000000000000000e+91	
-1.423708973038025754000000000000000000000e+92	
3.060459701977919655000000000000000000000e+91	
1.984277291557465517000000000000000000000e+92	
-4.095390021925195904000000000000000000000e+91	
1.269048442697941610000000000000000000000e+92	
-1.124767851052043498000000000000000000000e+92	
5.541755401380260692000000000000000000000e+91	
-1.839640753611959038000000000000000000000e+92	
-1.603415932652595267000000000000000000000e+91	
1.467459055418959326000000000000000000000e+92	
-9.263572383310257818000000000000000000000e+91	
7.018246316011020046000000000000000000000e+91	
-1.691991662148883103000000000000000000000e+92	
-6.342876069034927428000000000000000000000e+90	
1.513660878903214664000000000000000000000e+92	
-8.801554148467704440000000000000000000000e+91	
8.488585828405875607000000000000000000000e+91	
-1.544957710909397547000000000000000000000e+92	
1.843871374107774841000000000000000000000e+91	
1.862208567945804111000000000000000000000e+92	
-5.316077258041809963000000000000000000000e+91	
1.146570032251059697000000000000000000000e+92	
-1.247246261498925410000000000000000000000e+92	
4.312876467438302216000000000000000000000e+91	
-1.962528647006154886000000000000000000000e+92	
-2.836387658203310557000000000000000000000e+91	
1.343752807388032999000000000000000000000e+92	
-1.050063486361952108500000000000000000000e+92	
5.777095116779741849000000000000000000000e+91	
-1.816106782072010923000000000000000000000e+92	
-1.879525490233427817000000000000000000000e+91	
1.388728625541425013000000000000000000000e+92	
-1.005087668208560094700000000000000000000e+92	
7.249589021393606911000000000000000000000e+91	
-1.668857391610624416000000000000000000000e+92	
6.151951549204765520000000000000000000000e+90	
1.740372491187246017000000000000000000000e+92	
-6.534438025627390902000000000000000000000e+91	
1.025764987285960517100000000000000000000e+92	
-1.368051306464024590000000000000000000000e+92	
3.115131204609639836000000000000000000000e+91	
1.939578903708862616000000000000000000000e+92	
-4.542373900411224917000000000000000000000e+91	
1.174209482505775355000000000000000000000e+92	
-1.219606811244209753000000000000000000000e+92	
4.092209609458509787000000000000000000000e+91	
-1.984595332804134129000000000000000000000e+92	
-3.553868505323618156000000000000000000000e+91	
1.222348048589718707000000000000000000000e+92	
-1.171468245160266400000000000000000000000e+92	
5.565734444832914252000000000000000000000e+91	
-1.837242849266693682000000000000000000000e+92	
-1.088698251040061862000000000000000000000e+91	
1.567980264919030716000000000000000000000e+92	
-8.258360288309543914000000000000000000000e+91	
8.513708721170993978000000000000000000000e+91	
-1.542445421632885710000000000000000000000e+92	
1.351181126669109830000000000000000000000e+91	
1.761183999069258629000000000000000000000e+92	
-6.326322946807264787000000000000000000000e+91	
9.938156763046931350000000000000000000000e+91	
-1.400000617445291973000000000000000000000e+92	
2.268292479720429330000000000000000000000e+91	
1.802186714000476471000000000000000000000e+92	
-5.916295797495086368000000000000000000000e+91	
1.140659906259227800000000000000000000000e+92	
-1.253156387490757308000000000000000000000e+92	
4.794623190460410556000000000000000000000e+91	
2.160555978504186872000000000000000000000e+92	
-2.332603152457982354000000000000000000000e+91	
1.448188043249903478000000000000000000000e+92	
-9.456282505000816296000000000000000000000e+91	
7.361746305109204487000000000000000000000e+91	
-1.657641663239064659000000000000000000000e+92	
2.451556385283139448000000000000000000000e+90	
1.655172856914729685000000000000000000000e+92	
-7.386434368352554228000000000000000000000e+91	
8.923936558149012662000000000000000000000e+91	
-1.501422637935083841000000000000000000000e+92	
1.299940652893417571000000000000000000000e+91	
1.709936086403822595000000000000000000000e+92	
-6.838802073461625125000000000000000000000e+91	
1.038834796083185657200000000000000000000e+92	
-1.354981497666799450000000000000000000000e+92	
3.680674912013806803000000000000000000000e+91	
2.039596195530335339000000000000000000000e+92	
-3.542200982196497687000000000000000000000e+91	
1.317668065316126560000000000000000000000e+92	
-1.076148228433858547000000000000000000000e+92	
5.960992154175010926000000000000000000000e+91	
-1.797717078332484015000000000000000000000e+92	
-1.251105329677512278000000000000000000000e+91	
1.496000831432838247000000000000000000000e+92	
-8.978154623171468606000000000000000000000e+91	
7.380921200271954588000000000000000000000e+91	
-1.655724173722789649000000000000000000000e+92	
-1.943940468960590507000000000000000000000e+90	
1.565368259554495446000000000000000000000e+92	
-8.284480341954896614000000000000000000000e+91	
8.841683687372808636000000000000000000000e+91	
-1.509647925012704244000000000000000000000e+92	
2.033074891062291454000000000000000000000e+91	
1.864747641932115417000000000000000000000e+92	
-5.290686518178696906000000000000000000000e+91	
1.132735980961109400000000000000000000000e+92	
-1.261080312788875708000000000000000000000e+92	
4.010886185532948223000000000000000000000e+91	
-1.992727675196690285000000000000000000000e+92	
-3.301946265909584707000000000000000000000e+91	
1.280848254304641495000000000000000000000e+92	
-1.112968039445343613000000000000000000000e+92	
5.445300245614748850000000000000000000000e+91	
-1.849286269188510223000000000000000000000e+92	
-1.914217633783044828000000000000000000000e+91	
1.414954898104746997000000000000000000000e+92	
-9.788613956452381102000000000000000000000e+91	
6.883274823342084098000000000000000000000e+91	
-1.705488811415776698000000000000000000000e+92	
-3.793831443808989322000000000000000000000e+90	
1.578119517807449463000000000000000000000e+92	
-8.156967759425356450000000000000000000000e+91	
8.307910948338332596000000000000000000000e+91	
-1.563025198916151848000000000000000000000e+92	
8.383459308119852615000000000000000000000e+90	
1.679212017442059982000000000000000000000e+92	
-7.146042763079251256000000000000000000000e+91	
9.754977612873848639000000000000000000000e+91	
-1.418318532462600244000000000000000000000e+92	
2.721337209913940746000000000000000000000e+91	
1.911081912248660203000000000000000000000e+92	
-4.827343815013249046000000000000000000000e+91	
1.156589483231923944000000000000000000000e+92	
-1.237226810518061163000000000000000000000e+92	
4.024725407306138007000000000000000000000e+91	
-1.991343753019371307000000000000000000000e+92	
-3.512691021227818106000000000000000000000e+91	
1.237326557882916536000000000000000000000e+92	
-1.156489735867068572000000000000000000000e+92	
5.485552595224164084000000000000000000000e+91	
-1.845261034227568699000000000000000000000e+92	
-1.398732596069067485000000000000000000000e+91	
1.514003019890487831000000000000000000000e+92	
-8.798132738594972762000000000000000000000e+91	
7.744312498864687954000000000000000000000e+91	
-1.619385043863516312000000000000000000000e+92	
3.522754086775150350000000000000000000000e+90	
1.638353899647964465000000000000000000000e+92	
-7.554623941020206428000000000000000000000e+91	
9.183014618867531891000000000000000000000e+91	
-1.475514831863231918000000000000000000000e+92	
1.986073709695667932000000000000000000000e+91	
1.821233638544448751000000000000000000000e+92	
-5.725826552055363567000000000000000000000e+91	
1.059681566051267427000000000000000000000e+92	
-1.334134727698717680000000000000000000000e+92	
2.985084934300784356000000000000000000000e+91	
1.879676422050579079000000000000000000000e+92	
-5.141398716994060282000000000000000000000e+91	
1.205752803496757727000000000000000000000e+92	
-1.188063490253227380000000000000000000000e+92	
5.321645749633828698000000000000000000000e+91	
-1.861651718786602238000000000000000000000e+92	
-1.410884304623281471000000000000000000000e+91	
1.527955810375605306000000000000000000000e+92	
-8.658604833743798012000000000000000000000e+91	
8.035444531076182250000000000000000000000e+91	
-1.590271840642366883000000000000000000000e+92	
7.949361197712314168000000000000000000000e+90	
1.697765297552575408000000000000000000000e+92	
-6.960509961974097001000000000000000000000e+91	
9.455920376402781331000000000000000000000e+91	
-1.448224256109706974000000000000000000000e+92	
1.937931100678418593000000000000000000000e+91	
1.784330518527844964000000000000000000000e+92	
-6.094857752221401432000000000000000000000e+91	
1.090713835946451770000000000000000000000e+92	
-1.303102457803533338000000000000000000000e+92	
3.974423439874792030000000000000000000000e+91	
2.046478060846396790000000000000000000000e+92	
-3.473382329035883171000000000000000000000e+91	
1.302068137195598849000000000000000000000e+92	
-1.091748156554386259000000000000000000000e+92	
5.580286823229236046000000000000000000000e+91	
-1.835787611427061503000000000000000000000e+92	
-1.856404881419755654000000000000000000000e+91	
1.413022631508004143000000000000000000000e+92	
-9.807936622419809649000000000000000000000e+91	
7.027162159917219483000000000000000000000e+91	
-1.691100077758263159000000000000000000000e+92	
-7.236702961056210222000000000000000000000e+89	
1.625125888711540218000000000000000000000e+92	
-7.686904050384448898000000000000000000000e+91	
8.640511375503641978000000000000000000000e+91	
-1.529765156199620910000000000000000000000e+92	
1.033551487137687832800000000000000000000e+91	
1.684999923689670658000000000000000000000e+92	
-7.088163700603144496000000000000000000000e+91	
1.010329990847764001600000000000000000000e+92	
-1.383486302902221106000000000000000000000e+92	
3.359958194428222922000000000000000000000e+91	
2.003959432362915976000000000000000000000e+92	
-3.898568613870691312000000000000000000000e+91	
1.278467984970705342000000000000000000000e+92	
-1.115348308779279766000000000000000000000e+92	
5.533375912419593504000000000000000000000e+91	
-1.840478702508025757000000000000000000000e+92	
-1.714319285080696501000000000000000000000e+91	
1.446121436110987484000000000000000000000e+92	
-9.476948576389976231000000000000000000000e+91	
6.958071079587954798000000000000000000000e+91	
-1.698009185791189628000000000000000000000e+92	
-5.413381298383740870000000000000000000000e+90	
1.538260677436073913000000000000000000000e+92	
-8.555556163139111949000000000000000000000e+91	
8.410470137566421236000000000000000000000e+91	
-1.552769279993342984000000000000000000000e+92	
1.441803308009578841000000000000000000000e+91	
1.789622645873615914000000000000000000000e+92	
-6.041936478763691936000000000000000000000e+91	
1.041621108756577468700000000000000000000e+92	
-1.352195184993407639000000000000000000000e+92	
2.939918278476920663000000000000000000000e+91	
1.888696807872761029000000000000000000000e+92	
-5.051194858772240788000000000000000000000e+91	
1.186122697860144369000000000000000000000e+92	
-1.207693595889840739000000000000000000000e+92	
4.838982362922988263000000000000000000000e+91	
-1.909918057457686281000000000000000000000e+92	
-2.179767508395143021000000000000000000000e+91	
1.422459752528258618000000000000000000000e+92	
-9.713565412217264900000000000000000000000e+91	
6.694548949371572430000000000000000000000e+91	
-1.724361398812827864000000000000000000000e+92	
-8.317521645477478152000000000000000000000e+90	
1.506531421839075743000000000000000000000e+92	
-8.872848719109093642000000000000000000000e+91	
8.150468277341861941000000000000000000000e+91	
-1.578769466015798914000000000000000000000e+92	
1.239063631801391711000000000000000000000e+91	
1.775072046900465340000000000000000000000e+92	
-6.187442468495197674000000000000000000000e+91	
1.032791030095356440000000000000000000000e+92	
-1.361025263654628668000000000000000000000e+92	
2.908794225801867182000000000000000000000e+91	
1.891299230497576475000000000000000000000e+92	
-5.025170632524086330000000000000000000000e+91	
1.176631598952169649000000000000000000000e+92	
-1.217184694797815459000000000000000000000e+92	
4.623196344066383724000000000000000000000e+91	
-1.931496659343346735000000000000000000000e+92	
-2.516368401429972152000000000000000000000e+91	
1.376724188373067054000000000000000000000e+92	
-1.017092105376918053600000000000000000000e+92	
6.116498655041104576000000000000000000000e+91	
-1.782166428245874650000000000000000000000e+92	
-1.530437045825943638000000000000000000000e+91	
1.424605478610284161000000000000000000000e+92	
-9.692108151397009467000000000000000000000e+91	
7.587395110006408544000000000000000000000e+91	
-1.635076782749344253000000000000000000000e+92	
9.320492337879251778000000000000000000000e+90	
1.769963740813315036000000000000000000000e+92	
-6.238525529366700717000000000000000000000e+91	
1.053263120846289163200000000000000000000e+92	
-1.340553172903695944000000000000000000000e+92	
3.369191796318205133000000000000000000000e+91	
1.962893929648106575000000000000000000000e+92	
-4.309223641018785325000000000000000000000e+91	
1.195434515853116085000000000000000000000e+92	
-1.198381777896869022000000000000000000000e+92	
4.283570418231043870000000000000000000000e+91	
-1.965459251926880720000000000000000000000e+92	
-3.383386825210147522000000000000000000000e+91	
1.237309342821963400000000000000000000000e+92	
-1.156506950928021707000000000000000000000e+92	
5.759294556371814652000000000000000000000e+91	
-1.817886838112803642000000000000000000000e+92	
-8.512128413715441340000000000000000000000e+90	
1.596119149678613773000000000000000000000e+92	
-7.976971440713713342000000000000000000000e+91	
8.838979157370957071000000000000000000000e+91	
-1.509918378012889400000000000000000000000e+92	
1.720311313023721530000000000000000000000e+91	
1.802480809962065449000000000000000000000e+92	
-5.913354837879196583000000000000000000000e+91	
1.039494097783014538400000000000000000000e+92	
-1.354322195966970569000000000000000000000e+92	
2.768870994497955351000000000000000000000e+91	
1.856621815976784111000000000000000000000e+92	
-5.371944777732009966000000000000000000000e+91	
1.185761315521398044000000000000000000000e+92	
-1.208054978228587064000000000000000000000e+92	
5.152346806715045470000000000000000000000e+91	
-1.878581613078480560000000000000000000000e+92	
-1.549582547270260551000000000000000000000e+91	
1.517144533240060627000000000000000000000e+92	
-8.766717605099244806000000000000000000000e+91	
7.957902009610970235000000000000000000000e+91	
-1.598026092788888084000000000000000000000e+92	
7.479486343701533129000000000000000000000e+90	
