-1.807701569946637616000000000000000000000e+92	
-1.789965886928248165000000000000000000000e+91	
1.398235059987492244000000000000000000000e+92	
-9.955812337624928632000000000000000000000e+91	
7.332879628927772697000000000000000000000e+91	
-1.660528330857207838000000000000000000000e+92	
6.867178849367673309000000000000000000000e+90	
1.746348562086346607000000000000000000000e+92	
-6.474677316636385002000000000000000000000e+91	
1.030565441440333969200000000000000000000e+92	
-1.363250852309651138000000000000000000000e+92	
3.151385429370966994000000000000000000000e+91	
1.942029879282073683000000000000000000000e+92	
-4.517864144679114246000000000000000000000e+91	
1.175486595660359261000000000000000000000e+92	
-1.218329698089625847000000000000000000000e+92	
4.093247958752229302000000000000000000000e+91	
-1.984491497874762177000000000000000000000e+92	
-3.564557099255202846000000000000000000000e+91	
1.220107078486121841000000000000000000000e+92	
-1.173709215263863267000000000000000000000e+92	
5.568151564129953230000000000000000000000e+91	
-1.837001137336989785000000000000000000000e+92	
-1.061466666916710054700000000000000000000e+91	
1.573183634878221904000000000000000000000e+92	
-8.206326588717632036000000000000000000000e+91	
8.590532193019583834000000000000000000000e+91	
-1.534763074448026724000000000000000000000e+92	
1.452782033705323801000000000000000000000e+91	
1.773820600198712157000000000000000000000e+92	
-6.199956935512729510000000000000000000000e+91	
1.008927555380719374500000000000000000000e+92	
-1.384888738369265733000000000000000000000e+92	
2.444151731287473465000000000000000000000e+91	
1.822245453985024290000000000000000000000e+92	
-5.715708397649608179000000000000000000000e+91	
1.155460234289732490000000000000000000000e+92	
-1.238356059460252617000000000000000000000e+92	
4.890068520643108767000000000000000000000e+91	
-1.904809441685674231000000000000000000000e+92	
-1.771148578360322952000000000000000000000e+91	
1.499057129511792468000000000000000000000e+92	
-8.947591642381926398000000000000000000000e+91	
7.817699715044510300000000000000000000000e+91	
-1.612046322245534078000000000000000000000e+92	
6.483978415070677495000000000000000000000e+90	
1.690228579783487910000000000000000000000e+92	
-7.035877139664971977000000000000000000000e+91	
9.230088686134090019000000000000000000000e+91	
-1.470807425136576106000000000000000000000e+92	
1.561709779160540586000000000000000000000e+91	
1.731676907657398938000000000000000000000e+92	
-6.621393860925861693000000000000000000000e+91	
1.069931084357881753000000000000000000000e+92	
-1.323885209392103355000000000000000000000e+92	
4.085145905833970829000000000000000000000e+91	
2.089389452422970443000000000000000000000e+92	
-3.044268413270146649000000000000000000000e+91	
1.376802828438623310000000000000000000000e+92	
-1.017013465311361798000000000000000000000e+92	
6.645708358038948508000000000000000000000e+91	
-1.729245457946090257000000000000000000000e+92	
-4.730670196978423104000000000000000000000e+90	
1.583132228702542290000000000000000000000e+92	
-8.106840650474428180000000000000000000000e+91	
8.201347738850512950000000000000000000000e+91	
-1.573681519864933812000000000000000000000e+92	
5.751703825965655030000000000000000000000e+90	
1.637241022838072535000000000000000000000e+92	
-7.565752709119125724000000000000000000000e+91	
9.666990134536145554000000000000000000000e+91	
-1.427117280296370552000000000000000000000e+92	
2.964907111719293031000000000000000000000e+91	
1.968578139903462477000000000000000000000e+92	
-4.252381538465226310000000000000000000000e+91	
1.247208456032741288000000000000000000000e+92	
-1.146607837717243819000000000000000000000e+92	
5.261977745568932968000000000000000000000e+91	
-1.867618519193091811000000000000000000000e+92	
-1.944540831879791694000000000000000000000e+91	
1.427214894208835845000000000000000000000e+92	
-9.666013995411492629000000000000000000000e+91	
6.682192666028818936000000000000000000000e+91	
-1.725597027147103214000000000000000000000e+92	
-9.039863339113983226000000000000000000000e+90	
1.493323196229631562000000000000000000000e+92	
-9.004930975203535460000000000000000000000e+91	
8.145175815126573444000000000000000000000e+91	
-1.579298712237327763000000000000000000000e+92	
1.360497864279547204000000000000000000000e+91	
1.799881832839296736000000000000000000000e+92	
-5.939344609106883721000000000000000000000e+91	
1.070260875085555473000000000000000000000e+92	
-1.323555418664429634000000000000000000000e+92	
3.410030261192229124000000000000000000000e+91	
1.954070295218475916000000000000000000000e+92	
-4.397459985315091912000000000000000000000e+91	
1.212561675096626813000000000000000000000e+92	
-1.181254618653358295000000000000000000000e+92	
4.714220798678322830000000000000000000000e+91	
-1.922394213882152825000000000000000000000e+92	
-2.693486741196795650000000000000000000000e+91	
1.332211419559411586000000000000000000000e+92	
-1.061604874190573522000000000000000000000e+92	
6.158852625510558886000000000000000000000e+91	
-1.777931031198929219000000000000000000000e+92	
-1.000844020628639254400000000000000000000e+91	
1.526264438288594754000000000000000000000e+92	
-8.675518554613903538000000000000000000000e+91	
7.591789286560983096000000000000000000000e+91	
-1.634637365093886798000000000000000000000e+92	
-7.524827291445427388000000000000000000000e+89	
1.568115170445177231000000000000000000000e+92	
-8.257011233048078769000000000000000000000e+91	
9.063062466732449904000000000000000000000e+91	
-1.487510047076740117000000000000000000000e+92	
2.448266838294128727000000000000000000000e+91	
1.925638507987077644000000000000000000000e+92	
-4.681777857629074638000000000000000000000e+91	
1.212988877692640428000000000000000000000e+92	
-1.180827416057344680000000000000000000000e+92	
5.006939101040281458000000000000000000000e+91	
-1.893122383645956962000000000000000000000e+92	
-2.112465712829346690000000000000000000000e+91	
1.419129447101112173000000000000000000000e+92	
-9.746868466488729349000000000000000000000e+91	
6.560691113047555958000000000000000000000e+91	
-1.737747182445229512000000000000000000000e+92	
-1.066114740056730654000000000000000000000e+91	
1.473049692165968080000000000000000000000e+92	
-9.207666015840170275000000000000000000000e+91	
8.028619545020470022000000000000000000000e+91	
-1.590954339247938105000000000000000000000e+92	
1.330077476313042657000000000000000000000e+91	
1.805449095551929630000000000000000000000e+92	
-5.883671981980554779000000000000000000000e+91	
1.084433154736149498000000000000000000000e+92	
-1.309383139013835610000000000000000000000e+92	
3.637760402687492252000000000000000000000e+91	
1.985439763559136947000000000000000000000e+92	
-4.083765301908481604000000000000000000000e+91	
1.225702606980635347000000000000000000000e+92	
-1.168113686769349761000000000000000000000e+92	
4.663435470490879458000000000000000000000e+91	
-1.927472746700897162000000000000000000000e+92	
-2.926376044019959440000000000000000000000e+91	
1.290721154540232434000000000000000000000e+92	
-1.103095139209752674000000000000000000000e+92	
6.129567991423680040000000000000000000000e+91	
-1.780859494607617104000000000000000000000e+92	
-6.447025482436043432000000000000000000000e+90	
1.600402014761712016000000000000000000000e+92	
-7.934142789882730914000000000000000000000e+91	
8.718207624972213404000000000000000000000e+91	
-1.521995531252763767000000000000000000000e+92	
1.436021015922948893000000000000000000000e+91	
1.757708041582616659000000000000000000000e+92	
-6.361082521673684488000000000000000000000e+91	
1.014266811304865500200000000000000000000e+92	
-1.379549482445119607000000000000000000000e+92	
2.711955677178286079000000000000000000000e+91	
1.870456316676774028000000000000000000000e+92	
-5.233599770732110802000000000000000000000e+91	
1.158268836169074196000000000000000000000e+92	
-1.235547457580910912000000000000000000000e+92	
4.464357883701754637000000000000000000000e+91	
-1.947380505379809644000000000000000000000e+92	
-2.650430031096351284000000000000000000000e+91	
1.365794475413407509000000000000000000000e+92	
-1.028021818336577598800000000000000000000e+92	
6.031953701022384618000000000000000000000e+91	
-1.790620923647746646000000000000000000000e+92	
-1.590242142625195112000000000000000000000e+91	
1.421097723429510166000000000000000000000e+92	
-9.727185703204749411000000000000000000000e+91	
7.500052457654676398000000000000000000000e+91	
-1.643811047984517468000000000000000000000e+92	
7.924674915448261193000000000000000000000e+90	
1.750784257370665149000000000000000000000e+92	
-6.430320363793199588000000000000000000000e+91	
1.028864926662273990100000000000000000000e+92	
-1.364951367087711118000000000000000000000e+92	
3.073048718902362492000000000000000000000e+91	
1.928066104240215877000000000000000000000e+92	
-4.657501895097692310000000000000000000000e+91	
1.170315569574388649000000000000000000000e+92	
-1.223500724175596458000000000000000000000e+92	
4.129421428779486500000000000000000000000e+91	
-1.980874150872036458000000000000000000000e+92	
-3.440543635235623785000000000000000000000e+91	
1.241288052774491849000000000000000000000e+92	
-1.152528240975493258000000000000000000000e+92	
5.593938178172384294000000000000000000000e+91	
-1.834422475932746678000000000000000000000e+92	
-1.221610604011975012000000000000000000000e+91	
1.538585439217988824000000000000000000000e+92	
-8.552308545319962832000000000000000000000e+91	
8.058804702490818767000000000000000000000e+91	
-1.587935823500903231000000000000000000000e+92	
7.354014488036668809000000000000000000000e+90	
1.683526471626193263000000000000000000000e+92	
-7.102898221237918444000000000000000000000e+91	
9.489005129815653473000000000000000000000e+91	
-1.444915780768419760000000000000000000000e+92	
2.146401539516514093000000000000000000000e+91	
1.822707402575025075000000000000000000000e+92	
-5.711088911749600324000000000000000000000e+91	
1.091953697451230541000000000000000000000e+92	
-1.301862596298754567000000000000000000000e+92	
3.615636648466282459000000000000000000000e+91	
1.973499313758844138000000000000000000000e+92	
-4.203169799911409696000000000000000000000e+91	
1.234358498636285472000000000000000000000e+92	
-1.159457795113699636000000000000000000000e+92	
4.955855300267017091000000000000000000000e+91	
-1.898230763723283398000000000000000000000e+92	
-2.428197751352369798000000000000000000000e+91	
1.361104590161939699000000000000000000000e+92	
-1.032711703588045408400000000000000000000e+92	
6.397377386500202125000000000000000000000e+91	
-1.754078555099964895000000000000000000000e+92	
-8.127011187659936481000000000000000000000e+90	
1.540043049904578745000000000000000000000e+92	
-8.537732438454063622000000000000000000000e+91	
7.816480444355969432000000000000000000000e+91	
-1.612168249314388164000000000000000000000e+92	
2.363046766830771164000000000000000000000e+90	
1.607952321754328884000000000000000000000e+92	
-7.858639719956562232000000000000000000000e+91	
9.277227720405920297000000000000000000000e+91	
-1.466093521709393078000000000000000000000e+92	
2.478317506055879804000000000000000000000e+91	
1.910241278960420079000000000000000000000e+92	
-4.835750147895650282000000000000000000000e+91	
1.179198511091464974000000000000000000000e+92	
-1.214617782658520133000000000000000000000e+92	
4.485195595988952115000000000000000000000e+91	
-1.945296734151089896000000000000000000000e+92	
-2.817957565769506806000000000000000000000e+91	
1.330214571580068111000000000000000000000e+92	
-1.063601722169916997000000000000000000000e+92	
5.917830976334434532000000000000000000000e+91	
-1.802033196116541654000000000000000000000e+92	
-1.462808828164012782000000000000000000000e+91	
1.457984637326583384000000000000000000000e+92	
-9.358316564234017234000000000000000000000e+91	
7.357654335855726486000000000000000000000e+91	
-1.658050860164412459000000000000000000000e+92	
1.390565501803961556000000000000000000000e+90	
1.634367312735376874000000000000000000000e+92	
-7.594489810146082340000000000000000000000e+91	
8.776465323025447252000000000000000000000e+91	
-1.516169761447440382000000000000000000000e+92	
1.213023473636737218000000000000000000000e+91	
1.707296760485043011000000000000000000000e+92	
-6.865195332649420968000000000000000000000e+91	
1.023394881714814834800000000000000000000e+92	
-1.370421412035170273000000000000000000000e+92	
3.398333588228926208000000000000000000000e+91	
1.998574212410841535000000000000000000000e+92	
-3.952420813391435723000000000000000000000e+91	
1.263864595555954533000000000000000000000e+92	
-1.129951698194030574000000000000000000000e+92	
5.295206199497711892000000000000000000000e+91	
-1.864295673800213918000000000000000000000e+92	
-2.044578963755499039000000000000000000000e+91	
1.403891054688404879000000000000000000000e+92	
-9.899252390615802290000000000000000000000e+91	
6.731060759077676720000000000000000000000e+91	
-1.720710217842217436000000000000000000000e+92	
-5.731521478978815346000000000000000000000e+90	
1.554589191585617727000000000000000000000e+92	
-8.392271021643673802000000000000000000000e+91	
8.160792804574890790000000000000000000000e+91	
-1.577737013292496029000000000000000000000e+92	
7.793690186179289764000000000000000000000e+90	
1.682124062875151344000000000000000000000e+92	
-7.116922308748337640000000000000000000000e+91	
9.597684288511643148000000000000000000000e+91	
-1.434047864898820793000000000000000000000e+92	
2.377722878976004059000000000000000000000e+91	
1.858097651092062916000000000000000000000e+92	
-5.357186426579221917000000000000000000000e+91	
1.101363557249214913000000000000000000000e+92	
-1.292452736500770194000000000000000000000e+92	
3.450060655259820866000000000000000000000e+91	
1.930987178485346404000000000000000000000e+92	
-4.628291152646387038000000000000000000000e+91	
1.246811839224042371000000000000000000000e+92	
-1.147004454525942737000000000000000000000e+92	
5.629769919334989576000000000000000000000e+91	
-1.830839301816486150000000000000000000000e+92	
-1.205175328381412383000000000000000000000e+91	
1.538290285527288640000000000000000000000e+92	
-8.555260082226964672000000000000000000000e+91	
8.036476001236760025000000000000000000000e+91	
-1.590168693626309105000000000000000000000e+92	
6.937052265914503413000000000000000000000e+90	
1.677421061168126320000000000000000000000e+92	
-7.163952325818587872000000000000000000000e+91	
9.468985940489625515000000000000000000000e+91	
-1.446917699701022556000000000000000000000e+92	
2.167396843693036398000000000000000000000e+91	
1.828906341184047748000000000000000000000e+92	
-5.649099525659373598000000000000000000000e+91	
1.089471768986799002000000000000000000000e+92	
-1.304344524763186106000000000000000000000e+92	
3.504051894959342434000000000000000000000e+91	
1.953668609559062329000000000000000000000e+92	
-4.401476841909227786000000000000000000000e+91	
1.232901078581569164000000000000000000000e+92	
-1.160915215168415943000000000000000000000e+92	
5.124922503269012286000000000000000000000e+91	
-1.881324043423083879000000000000000000000e+92	
-2.075580537197027018000000000000000000000e+91	
1.414712178001532248000000000000000000000e+92	
-9.791041157484528599000000000000000000000e+91	
6.544614230880292998000000000000000000000e+91	
-1.739354870661955808000000000000000000000e+92	
-1.054109795772147825500000000000000000000e+91	
1.477056971697799373000000000000000000000e+92	
-9.167593220521857345000000000000000000000e+91	
8.009259326499969928000000000000000000000e+91	
-1.592890361099988115000000000000000000000e+92	
1.251313821845310792000000000000000000000e+91	
1.791635342827595746000000000000000000000e+92	
-6.021809509223893611000000000000000000000e+91	
1.064684969580154718000000000000000000000e+92	
-1.329131324169830390000000000000000000000e+92	
3.380963760564598678000000000000000000000e+91	
1.953831572196121421000000000000000000000e+92	
-4.399847215538636865000000000000000000000e+91	
1.206679136881139838000000000000000000000e+92	
-1.187137156868845270000000000000000000000e+92	
4.598985352037660704000000000000000000000e+91	
-1.933917758546219037000000000000000000000e+92	
-2.865104178855927426000000000000000000000e+91	
1.309414282641257499000000000000000000000e+92	
-1.084402011108727608000000000000000000000e+92	
6.050408270431293297000000000000000000000e+91	
-1.788775466706855778000000000000000000000e+92	
-9.898208463403962292000000000000000000000e+90	
1.539307563141056095000000000000000000000e+92	
-8.545087306089290129000000000000000000000e+91	
7.841569183779725446000000000000000000000e+91	
-1.609659375372012563000000000000000000000e+92	
2.938208770303522865000000000000000000000e+90	
1.616945074071403500000000000000000000000e+92	
-7.768712196785816078000000000000000000000e+91	
9.298466173255925972000000000000000000000e+91	
-1.463969676424392510000000000000000000000e+92	
2.430901072917119490000000000000000000000e+91	
1.898637563779620312000000000000000000000e+92	
-4.951787299703647957000000000000000000000e+91	
1.160736139075297345000000000000000000000e+92	
-1.233080154674687762000000000000000000000e+92	
4.232019440793650479000000000000000000000e+91	
-1.970614349670620060000000000000000000000e+92	
-3.139652039665436074000000000000000000000e+91	
1.291196702255853367000000000000000000000e+92	
-1.102619591494131741000000000000000000000e+92	
5.673060246972531438000000000000000000000e+91	
-1.826510269052731964000000000000000000000e+92	
-1.562243958493313526000000000000000000000e+91	
1.462567451313514036000000000000000000000e+92	
-9.312488424364710714000000000000000000000e+91	
7.096108756956931078000000000000000000000e+91	
-1.684205418054292000000000000000000000000e+92	
-4.297097775133733736000000000000000000000e+90	
1.546783894470994328000000000000000000000e+92	
-8.470323992789907796000000000000000000000e+91	
8.551429873390899028000000000000000000000e+91	
-1.538673306410895205000000000000000000000e+92	
1.638462875499733804000000000000000000000e+91	
1.814855813788460052000000000000000000000e+92	
-5.789604799615250556000000000000000000000e+91	
1.072418717216047703000000000000000000000e+92	
-1.321397576533937404000000000000000000000e+92	
3.303511076094342873000000000000000000000e+91	
1.930614991072583204000000000000000000000e+92	
-4.632013026774019034000000000000000000000e+91	
1.216224217025090724000000000000000000000e+92	
-1.177592076724894383000000000000000000000e+92	
5.021889721944381331000000000000000000000e+91	
-1.891627321555546974000000000000000000000e+92	
-2.114909203547840920000000000000000000000e+91	
1.417146552515764107000000000000000000000e+92	
-9.766697412342210003000000000000000000000e+91	
6.523485364238640300000000000000000000000e+91	
-1.741467757326121078000000000000000000000e+92	
-1.120688643947432425000000000000000000000e+91	
1.465856350625706986000000000000000000000e+92	
-9.279599431242781216000000000000000000000e+91	
7.993508056778638352000000000000000000000e+91	
-1.594465488072121272000000000000000000000e+92	
1.331769590148014604000000000000000000000e+91	
1.809296835546689852000000000000000000000e+92	
-5.845194582032952550000000000000000000000e+91	
1.091957592657282321000000000000000000000e+92	
-1.301858701092702786000000000000000000000e+92	
3.749753463424357740000000000000000000000e+91	
2.000312108922178601000000000000000000000e+92	
-3.935041848278065069000000000000000000000e+91	
1.232784396447008686000000000000000000000e+92	
-1.161031897302976421000000000000000000000e+92	
4.656386577268651320000000000000000000000e+91	
-1.928177636023119976000000000000000000000e+92	
-3.011252973342537817000000000000000000000e+91	
1.274454531247948428000000000000000000000e+92	
-1.119361762502036680000000000000000000000e+92	
6.131688356497905916000000000000000000000e+91	
-1.780647458100194516000000000000000000000e+92	
-4.778775941403209481000000000000000000000e+90	
1.633546772259467588000000000000000000000e+92	
-7.602695214905175192000000000000000000000e+91	
9.214195893462157968000000000000000000000e+91	
-1.472396704403769311000000000000000000000e+92	
2.096468091335993483000000000000000000000e+91	
1.840190445232534186000000000000000000000e+92	
-5.536258485174509212000000000000000000000e+91	
1.077297643733141858000000000000000000000e+92	
-1.316518650016843249000000000000000000000e+92	
3.147845093432689255000000000000000000000e+91	
1.894613043100550506000000000000000000000e+92	
-4.992032506494346018000000000000000000000e+91	
1.223502844591164216000000000000000000000e+92	
-1.170313449158820892000000000000000000000e+92	
5.527266359539277126000000000000000000000e+91	
-1.841089657796057395000000000000000000000e+92	
-1.177157490271317869000000000000000000000e+91	
1.554137713500427105000000000000000000000e+92	
-8.396785802495580022000000000000000000000e+91	
8.325341798631550819000000000000000000000e+91	
-1.561282113886830026000000000000000000000e+92	
1.112897650002332869000000000000000000000e+91	
1.732366480175539174000000000000000000000e+92	
-6.614498135744459332000000000000000000000e+91	
9.742123835416654714000000000000000000000e+91	
-1.419603910208319636000000000000000000000e+92	
2.164355957169369793000000000000000000000e+91	
1.800998118912639195000000000000000000000e+92	
-5.928181748373459126000000000000000000000e+91	
1.119999141211126709000000000000000000000e+92	
-1.273817152538858398000000000000000000000e+92	
4.393390747078076553000000000000000000000e+91	
-1.954477219042177452000000000000000000000e+92	
-2.409822492624758088000000000000000000000e+91	
1.420997190704751646000000000000000000000e+92	
-9.728191030452334617000000000000000000000e+91	
6.895245484892927860000000000000000000000e+91	
-1.704291745260692322000000000000000000000e+92	
-4.158406341520161642000000000000000000000e+90	
1.569633363810833364000000000000000000000e+92	
-8.241829299391517437000000000000000000000e+91	
8.325565086741636682000000000000000000000e+91	
-1.561259785075821439000000000000000000000e+92	
9.584647288423990420000000000000000000000e+90	
1.701465263872614197000000000000000000000e+92	
-6.923510298773709108000000000000000000000e+91	
9.760548655189936672000000000000000000000e+91	
-1.417761428230991440000000000000000000000e+92	
2.510054804933492734000000000000000000000e+91	
1.868279119116700250000000000000000000000e+92	
-5.255371746332848570000000000000000000000e+91	
1.117987378289853168000000000000000000000e+92	
-1.275828915460131940000000000000000000000e+92	
3.680690334315826538000000000000000000000e+91	
-2.025747260318402454000000000000000000000e+92	
-3.814761012852263202000000000000000000000e+91	
1.211313978390486371000000000000000000000e+92	
-1.182502315359498737000000000000000000000e+92	
5.137042414764443994000000000000000000000e+91	
-1.880112052273540708000000000000000000000e+92	
-1.835583176009915665000000000000000000000e+91	
1.461488318364675003000000000000000000000e+92	
-9.323279753853101046000000000000000000000e+91	
7.130912990573584120000000000000000000000e+91	
-1.680724994692626696000000000000000000000e+92	
-3.493326722309158782000000000000000000000e+90	
1.559376624151176350000000000000000000000e+92	
-8.344396695988087576000000000000000000000e+91	
8.580823608629360793000000000000000000000e+91	
-1.535733932887049028000000000000000000000e+92	
1.571371090810853500000000000000000000000e+91	
1.798502885099562947000000000000000000000e+92	
-5.953134086504221603000000000000000000000e+91	
1.046426837690179046000000000000000000000e+92	
-1.347389456059806062000000000000000000000e+92	
2.947250742411328840000000000000000000000e+91	
1.885359598469079778000000000000000000000e+92	
-5.084566952809053294000000000000000000000e+91	
1.191401246832006286000000000000000000000e+92	
-1.202415046917978821000000000000000000000e+92	
4.977882558550087927000000000000000000000e+91	
-1.896028037894976315000000000000000000000e+92	
-1.954795463367603885000000000000000000000e+91	
1.453559858453082738000000000000000000000e+92	
-9.402564352969023696000000000000000000000e+91	
7.091536208978460880000000000000000000000e+91	
-1.684662672852139020000000000000000000000e+92	
-3.488214971371851234000000000000000000000e+90	
1.563414552234649084000000000000000000000e+92	
-8.304017415153360238000000000000000000000e+91	
8.536805415820253130000000000000000000000e+91	
-1.540135752167959795000000000000000000000e+92	
1.442997426254907857000000000000000000000e+91	
1.777234169568685808000000000000000000000e+92	
-6.165821241812992998000000000000000000000e+91	
1.016730969094161887300000000000000000000e+92	
-1.377085324655823220000000000000000000000e+92	
2.566062465018999874000000000000000000000e+91	
1.838822003421374648000000000000000000000e+92	
-5.549942903286104601000000000000000000000e+91	
1.162736733395102287000000000000000000000e+92	
-1.231079560354882820000000000000000000000e+92	
4.869879291734031710000000000000000000000e+91	
-1.906828364576581937000000000000000000000e+92	
-1.884245766918877386000000000000000000000e+91	
1.478461238420092390000000000000000000000e+92	
-9.153550553298927171000000000000000000000e+91	
7.518925296049293924000000000000000000000e+91	
-1.641923764145055715000000000000000000000e+92	
2.568541057145093563000000000000000000000e+90	
1.641801891353794696000000000000000000000e+92	
-7.520144023961904113000000000000000000000e+91	
8.942635326092019074000000000000000000000e+91	
-1.499552761140783200000000000000000000000e+92	
1.470971995638446591000000000000000000000e+91	
1.742264897058240944000000000000000000000e+92	
-6.515513966917441634000000000000000000000e+91	
1.038909315855284751200000000000000000000e+92	
-1.354906977894700356000000000000000000000e+92	
3.359037720100734757000000000000000000000e+91	
1.975210281306013081000000000000000000000e+92	
-4.186060124439720262000000000000000000000e+91	
1.221075992004634506000000000000000000000e+92	
-1.172740301745350602000000000000000000000e+92	
4.673170109841122039000000000000000000000e+91	
-1.926499282765872904000000000000000000000e+92	
-2.860668485343643254000000000000000000000e+91	
1.302886416749042294000000000000000000000e+92	
-1.090929877000942814000000000000000000000e+92	
6.132701928562931952000000000000000000000e+91	
-1.780546100893691912000000000000000000000e+92	
-7.600283131312846882000000000000000000000e+90	
1.577029363427052525000000000000000000000e+92	
-8.167869303229325825000000000000000000000e+91	
8.366139287395434944000000000000000000000e+91	
-1.557202365010441613000000000000000000000e+92	
9.656697490200297141000000000000000000000e+90	
1.698850508519106272000000000000000000000e+92	
-6.949657852308788358000000000000000000000e+91	
9.804995443350757514000000000000000000000e+91	
-1.413316749414909356000000000000000000000e+92	
2.625060802266211340000000000000000000000e+91	
1.886832128263193833000000000000000000000e+92	
-5.069841654867912742000000000000000000000e+91	
1.121595637425359552000000000000000000000e+92	
-1.272220656324625556000000000000000000000e+92	
3.567399800755382925000000000000000000000e+91	
-2.037076313674446815000000000000000000000e+92	
-4.077350333147977932000000000000000000000e+91	
1.170132597805839695000000000000000000000e+92	
-1.223683695944145413000000000000000000000e+92	
5.041475934505820874000000000000000000000e+91	
-1.889668700299403020000000000000000000000e+92	
-1.615059716761368988000000000000000000000e+91	
1.515133927464776797000000000000000000000e+92	
-8.786823662852083106000000000000000000000e+91	
7.983144483859362899000000000000000000000e+91	
-1.595501845364048818000000000000000000000e+92	
8.185170721199431779000000000000000000000e+90	
1.707707716391710547000000000000000000000e+92	
-6.861085773582745610000000000000000000000e+91	
9.401296208536294959000000000000000000000e+91	
-1.453686672896355612000000000000000000000e+92	
1.729335241445982128000000000000000000000e+91	
1.748081426141830392000000000000000000000e+92	
-6.457348676081547152000000000000000000000e+91	
1.087070911064322898000000000000000000000e+92	
-1.306745382685662209000000000000000000000e+92	
4.263893595726921656000000000000000000000e+91	
2.107998797938080638000000000000000000000e+92	
-2.858174958119044694000000000000000000000e+91	
1.396146384904535247000000000000000000000e+92	
-9.976699088454498604000000000000000000000e+91	
6.846482378275297168000000000000000000000e+91	
-1.709168055922455391000000000000000000000e+92	
-2.649581959966101104000000000000000000000e+90	
1.604676226389673789000000000000000000000e+92	
-7.891400673603113183000000000000000000000e+91	
8.424115220413737350000000000000000000000e+91	
-1.551404771708611372000000000000000000000e+92	
8.052617221892529816000000000000000000000e+90	
1.660982178115526505000000000000000000000e+92	
-7.328341156344586024000000000000000000000e+91	
9.888595301692991369000000000000000000000e+91	
-1.404956763580685971000000000000000000000e+92	
3.170713759586089752000000000000000000000e+91	
1.987579739002420823000000000000000000000e+92	
-4.062365547475642850000000000000000000000e+91	
1.264631775293974948000000000000000000000e+92	
-1.129184518456010160000000000000000000000e+92	
5.420435994393067859000000000000000000000e+91	
-1.851772694310678322000000000000000000000e+92	
-1.801849676163789277000000000000000000000e+91	
1.439908085146926121000000000000000000000e+92	
-9.539082086030589866000000000000000000000e+91	
6.842292932718195101000000000000000000000e+91	
-1.709587000478165598000000000000000000000e+92	
-7.107342167337972913000000000000000000000e+90	
1.515961943135679748000000000000000000000e+92	
-8.778543506143053590000000000000000000000e+91	
8.301158506671234742000000000000000000000e+91	
-1.563700443082861633000000000000000000000e+92	
1.446110816492418218000000000000000000000e+91	
1.801409656202070739000000000000000000000e+92	
-5.924066375479143688000000000000000000000e+91	
1.064758726921613361000000000000000000000e+92	
-1.329057566828371746000000000000000000000e+92	
3.284744050183585559000000000000000000000e+91	
1.934518698029348514000000000000000000000e+92	
-4.592975957206365932000000000000000000000e+91	
1.207893906581504408000000000000000000000e+92	
-1.185922387168480700000000000000000000000e+92	
4.816307328258604798000000000000000000000e+91	
-1.912185560924124628000000000000000000000e+92	
-2.442710032030309206000000000000000000000e+91	
1.372150708604640619000000000000000000000e+92	
-1.021665585145344488600000000000000000000e+92	
6.243301836268068728000000000000000000000e+91	
-1.769486110123178235000000000000000000000e+92	
-1.231181752267698358000000000000000000000e+91	
1.471767636814543618000000000000000000000e+92	
-9.220486569354414899000000000000000000000e+91	
7.693731052771065149000000000000000000000e+91	
-1.624443188472878593000000000000000000000e+92	
6.732813281403337776000000000000000000000e+90	
1.707594735446755862000000000000000000000e+92	
-6.862215583032292452000000000000000000000e+91	
9.544200616747127807000000000000000000000e+91	
-1.439396232075272327000000000000000000000e+92	
2.016202186138680632000000000000000000000e+91	
1.791157209708776328000000000000000000000e+92	
-6.026590840412087798000000000000000000000e+91	
1.099647757285341587000000000000000000000e+92	
-1.294168536464643520000000000000000000000e+92	
4.084824467839313181000000000000000000000e+91	
-1.985333846966053790000000000000000000000e+92	
-2.823388930637745188000000000000000000000e+91	
1.369145756544832345000000000000000000000e+92	
-1.024670537205152762900000000000000000000e+92	
6.271835468889830376000000000000000000000e+91	
-1.766632746861002070000000000000000000000e+92	
-1.144094121369499076000000000000000000000e+91	
1.486328885688614750000000000000000000000e+92	
-9.074874080613703576000000000000000000000e+91	
7.715334863932038910000000000000000000000e+91	
-1.622282807356781217000000000000000000000e+92	
5.709381768355119787000000000000000000000e+90	
1.684971892509726897000000000000000000000e+92	
-7.088444012402582104000000000000000000000e+91	
9.194148563013362479000000000000000000000e+91	
-1.474401437448648860000000000000000000000e+92	
1.542388131060375040000000000000000000000e+91	
1.731405763301606326000000000000000000000e+92	
-6.624105304483787818000000000000000000000e+91	
1.066146331263356255000000000000000000000e+92	
-1.327669962486628853000000000000000000000e+92	
4.012179773597354966000000000000000000000e+91	
2.078582726809542514000000000000000000000e+92	
-3.152335669404425935000000000000000000000e+91	
1.362487737305005664000000000000000000000e+92	
-1.031328556444979443900000000000000000000e+92	
6.467491251503037647000000000000000000000e+91	
-1.747067168599681343000000000000000000000e+92	
-6.863328701206121317000000000000000000000e+90	
1.558302513534372443000000000000000000000e+92	
-8.355137802156126646000000000000000000000e+91	
7.918036719857178493000000000000000000000e+91	
-1.602012621764267258000000000000000000000e+92	
2.568629215625690944000000000000000000000e+90	
1.601912374190505883000000000000000000000e+92	
-7.919039195594792246000000000000000000000e+91	
9.388179907550694148000000000000000000000e+91	
-1.454998302994915693000000000000000000000e+92	
2.760536079794928482000000000000000000000e+91	
1.955581251618799416000000000000000000000e+92	
-4.382350421311856917000000000000000000000e+91	
1.241648079901175344000000000000000000000e+92	
-1.152168213848809764000000000000000000000e+92	
5.280702096664901310000000000000000000000e+91	
-1.865746084083494976000000000000000000000e+92	
-1.851525359073301850000000000000000000000e+91	
1.443941856431333855000000000000000000000e+92	
-9.498744373186512528000000000000000000000e+91	
6.796005324134870805000000000000000000000e+91	
-1.714215761336498027000000000000000000000e+92	
-8.436040361196321200000000000000000000000e+90	
1.494021049033857439000000000000000000000e+92	
-8.997952447161276689000000000000000000000e+91	
8.265123359482575375000000000000000000000e+91	
-1.567303957801727570000000000000000000000e+92	
1.593358203918229440000000000000000000000e+91	
1.834453527026266247000000000000000000000e+92	
-5.593627667237188602000000000000000000000e+91	
1.116112612987006095000000000000000000000e+92	
-1.277703680762979012000000000000000000000e+92	
3.981291940216889198000000000000000000000e+91	
-1.995687099728296188000000000000000000000e+92	
-3.194969077834383739000000000000000000000e+91	
1.305196319732108184000000000000000000000e+92	
-1.088619974017876924000000000000000000000e+92	
5.399672506390431370000000000000000000000e+91	
-1.853849043110941970000000000000000000000e+92	
-2.248809886595715824000000000000000000000e+91	
1.352613602295268416000000000000000000000e+92	
-1.041202691454716692000000000000000000000e+92	
6.871717478473763209000000000000000000000e+91	
-1.706644545902608787000000000000000000000e+92	
2.206106231985492451000000000000000000000e+90	
1.699243570886322063000000000000000000000e+92	
-6.945727228636630448000000000000000000000e+91	
9.829664311938480460000000000000000000000e+91	
-1.410849862556137062000000000000000000000e+92	
2.670457595014744896000000000000000000000e+91	
1.893443568392284225000000000000000000000e+92	
-5.003727253577008822000000000000000000000e+91	
1.126407002929078358000000000000000000000e+92	
-1.267409290820906749000000000000000000000e+92	
3.597521667928927820000000000000000000000e+91	
-2.034064126957092326000000000000000000000e+92	
-4.065211299906308700000000000000000000000e+91	
1.169549112684388473000000000000000000000e+92	
-1.224267181065596634000000000000000000000e+92	
5.073673628581322750000000000000000000000e+91	
-1.886448930891852832000000000000000000000e+92	
-1.544848404965374413000000000000000000000e+91	
1.525954528601437689000000000000000000000e+92	
-8.678617651485474186000000000000000000000e+91	
8.129326286061655478000000000000000000000e+91	
-1.580883665143819560000000000000000000000e+92	
1.002655765833255503400000000000000000000e+91	
1.729915385922235950000000000000000000000e+92	
-6.639009078277491572000000000000000000000e+91	
9.661292024915314763000000000000000000000e+91	
-1.427687091258453631000000000000000000000e+92	
2.027231307776815838000000000000000000000e+91	
1.781659171597054287000000000000000000000e+92	
-6.121571221529308202000000000000000000000e+91	
1.112589381487081155000000000000000000000e+92	
-1.281226912262903952000000000000000000000e+92	
4.438525658038931722000000000000000000000e+91	
-1.949963727946091935000000000000000000000e+92	
-2.245514411631287138000000000000000000000e+91	
1.449339384943559926000000000000000000000e+92	
-9.444769088064251813000000000000000000000e+91	
7.297722009553615571000000000000000000000e+91	
-1.664044092794623550000000000000000000000e+92	
1.056312231605724720000000000000000000000e+90	
1.633674160793874264000000000000000000000e+92	
-7.601421329561108434000000000000000000000e+91	
8.713494134764164212000000000000000000000e+91	
-1.522466880273568686000000000000000000000e+92	
1.094040505662568527000000000000000000000e+91	
1.689800073241722696000000000000000000000e+92	
-7.040162205082624110000000000000000000000e+91	
1.017765468252103843000000000000000000000e+92	
-1.376050825497881264000000000000000000000e+92	
3.460653131818863036000000000000000000000e+91	
2.016661631571840558000000000000000000000e+92	
-3.771546621781445498000000000000000000000e+91	
1.293801579437001551000000000000000000000e+92	
-1.100014714312983557000000000000000000000e+92	
5.713012714051892617000000000000000000000e+91	
-1.822515022344795846000000000000000000000e+92	
-1.508394715566180288000000000000000000000e+91	
1.469341361593350248000000000000000000000e+92	
-9.244749321566348599000000000000000000000e+91	
7.134371814450609334000000000000000000000e+91	
-1.680379112304924174000000000000000000000e+92	
-4.209080960485662374000000000000000000000e+90	
1.544719391212126713000000000000000000000e+92	
-8.490969025378583942000000000000000000000e+91	
8.593108716279768357000000000000000000000e+91	
-1.534505422122008272000000000000000000000e+92	
1.742434577286082905000000000000000000000e+91	
1.831479169742432052000000000000000000000e+92	
-5.623371240075530556000000000000000000000e+91	
1.095265160373772440000000000000000000000e+92	
-1.298551133376212668000000000000000000000e+92	
3.594175409413856612000000000000000000000e+91	
1.965898319090527694000000000000000000000e+92	
-4.279179746594574134000000000000000000000e+91	
1.238307812287967032000000000000000000000e+92	
-1.155508481462018076000000000000000000000e+92	
5.110794037829503430000000000000000000000e+91	
-1.882736889967034765000000000000000000000e+92	
-2.157870866291516087000000000000000000000e+91	
1.399670350922409846000000000000000000000e+92	
-9.941459428275752614000000000000000000000e+91	
6.538526935692948188000000000000000000000e+91	
-1.739963600180690289000000000000000000000e+92	
-9.159379442209710998000000000000000000000e+90	
1.505292892214923968000000000000000000000e+92	
-8.885234015350611392000000000000000000000e+91	
7.986202059360491620000000000000000000000e+91	
-1.595196087813935946000000000000000000000e+92	
9.229920783098910184000000000000000000000e+90	
1.728291912861591852000000000000000000000e+92	
-6.655243808883932557000000000000000000000e+91	
9.708454684682391963000000000000000000000e+91	
-1.422970825281745911000000000000000000000e+92	
2.137759807083651817000000000000000000000e+91	
1.799045451968521685000000000000000000000e+92	
-5.947708417814634224000000000000000000000e+91	
1.116553521971900075000000000000000000000e+92	
-1.277262771778085033000000000000000000000e+92	
4.344012461676140985000000000000000000000e+91	
-1.959415047582371009000000000000000000000e+92	
-2.474115444792584655000000000000000000000e+91	
1.413077171066177732000000000000000000000e+92	
-9.807391226838073752000000000000000000000e+91	
6.801145463143287199000000000000000000000e+91	
-1.713701747435656388000000000000000000000e+92	
-5.248330661036678131000000000000000000000e+90	
1.557245620742627634000000000000000000000e+92	
-8.365706730073574735000000000000000000000e+91	
8.233344659146069648000000000000000000000e+91	
-1.570481827835378143000000000000000000000e+92	
8.978855496652559875000000000000000000000e+90	
1.698569896113994871000000000000000000000e+92	
-6.952463976359902362000000000000000000000e+91	
9.664728637904623820000000000000000000000e+91	
-1.427343429959522726000000000000000000000e+92	
2.347401725166858502000000000000000000000e+91	
1.845333830957586103000000000000000000000e+92	
-5.484824627923990050000000000000000000000e+91	
1.109204868951842043000000000000000000000e+92	
-1.284611424798143064000000000000000000000e+92	
3.734422545570450467000000000000000000000e+91	
-2.020374039192940061000000000000000000000e+92	
-3.619541945461794975000000000000000000000e+91	
1.244977529399222809000000000000000000000e+92	
-1.148838764350762299000000000000000000000e+92	
5.174050277566191361000000000000000000000e+91	
-1.876411265993365972000000000000000000000e+92	
-2.098053845490273098000000000000000000000e+91	
1.405308302267808584000000000000000000000e+92	
-9.885079914821765233000000000000000000000e+91	
6.602102657521266025000000000000000000000e+91	
-1.733606027997858505000000000000000000000e+92	
-8.451695953388271118000000000000000000000e+90	
1.513088631854700920000000000000000000000e+92	
-8.807276618952841879000000000000000000000e+91	
8.048845546963705574000000000000000000000e+91	
-1.588931739053614550000000000000000000000e+92	
9.703292783563911826000000000000000000000e+90	
1.731495765855070152000000000000000000000e+92	
-6.623205278949149558000000000000000000000e+91	
9.725202158159499578000000000000000000000e+91	
-1.421296077934035150000000000000000000000e+92	
2.139223833968055503000000000000000000000e+91	
1.797664270605470226000000000000000000000e+92	
-5.961520231445148821000000000000000000000e+91	
1.118405885565608912000000000000000000000e+92	
-1.275410408184376196000000000000000000000e+92	
4.394855454871862969000000000000000000000e+91	
-1.954330748262798811000000000000000000000e+92	
-2.390969178638574616000000000000000000000e+91	
1.424620517347836172000000000000000000000e+92	
-9.691957764021489352000000000000000000000e+91	
6.948850054327395358000000000000000000000e+91	
-1.698931288317245572000000000000000000000e+92	
-3.448734068504240258000000000000000000000e+90	
1.578465488244296133000000000000000000000e+92	
-8.153508055056889749000000000000000000000e+91	
8.377053932360750141000000000000000000000e+91	
-1.556110900513910094000000000000000000000e+92	
9.731395060413300611000000000000000000000e+90	
1.699253166867782338000000000000000000000e+92	
-6.945631268822027694000000000000000000000e+91	
9.816300808813669356000000000000000000000e+91	
-1.412186212868618172000000000000000000000e+92	
2.643641327290554172000000000000000000000e+91	
1.889417334660575611000000000000000000000e+92	
-5.043989590894094968000000000000000000000e+91	
1.122639026721562208000000000000000000000e+92	
-1.271177267028422900000000000000000000000e+92	
3.562423195831400523000000000000000000000e+91	
1.932189213320608367000000000000000000000e+92	
-4.616270804293767404000000000000000000000e+91	
1.269240160929515877000000000000000000000e+92	
-1.124576132820469230000000000000000000000e+92	
6.066210368717161292000000000000000000000e+91	
-1.787195256878268978000000000000000000000e+92	
-5.566832304746713296000000000000000000000e+90	
1.624334107044698350000000000000000000000e+92	
-7.694821867052867570000000000000000000000e+91	
9.108754854940490686000000000000000000000e+91	
-1.482940808255936039000000000000000000000e+92	
1.977719292580463078000000000000000000000e+91	
1.826985451617843458000000000000000000000e+92	
-5.668308421321416501000000000000000000000e+91	
1.062763198333965093000000000000000000000e+92	
-1.331053095416020014000000000000000000000e+92	
2.989212737848243621000000000000000000000e+91	
1.877421678678786812000000000000000000000e+92	
-5.163946150711982953000000000000000000000e+91	
1.209144383981629318000000000000000000000e+92	
-1.184671909768355790000000000000000000000e+92	
5.411996693118837698000000000000000000000e+91	
-1.852616624438101338000000000000000000000e+92	
-1.264126308447888447000000000000000000000e+91	
1.548269508065338387000000000000000000000e+92	
-8.455467856846467202000000000000000000000e+91	
8.294932430697514126000000000000000000000e+91	
-1.564323050680233695000000000000000000000e+92	
1.110746898082186740000000000000000000000e+91	
1.734975860244857258000000000000000000000e+92	
-6.588404335051278492000000000000000000000e+91	
9.708429648599678240000000000000000000000e+91	
-1.422973328890017284000000000000000000000e+92	
2.070903537392753480000000000000000000000e+91	
1.785680027613277300000000000000000000000e+92	
-6.081362661367078075000000000000000000000e+91	
1.117337573368934029000000000000000000000e+92	
-1.276478720381051079000000000000000000000e+92	
4.493277315798054049000000000000000000000e+91	
-1.944488562170179703000000000000000000000e+92	
-2.183496632845863958000000000000000000000e+91	
1.456267413313355122000000000000000000000e+92	
-9.375488804366299851000000000000000000000e+91	
7.374261183849947526000000000000000000000e+91	
-1.656390175364990355000000000000000000000e+92	
1.894256755398557368000000000000000000000e+90	
1.642778772768338862000000000000000000000e+92	
-7.510375209816462461000000000000000000000e+91	
8.789076222912553956000000000000000000000e+91	
-1.514908671458729712000000000000000000000e+92	
1.154166258163811417000000000000000000000e+91	
1.694267784139041218000000000000000000000e+92	
-6.995485096109438896000000000000000000000e+91	
1.025495395519932330900000000000000000000e+92	
-1.368320898230052777000000000000000000000e+92	
3.570558333204909866000000000000000000000e+91	
2.030911121889451573000000000000000000000e+92	
-3.629051718605335346000000000000000000000e+91	
1.311308418049409987000000000000000000000e+92	
-1.082507875700575120000000000000000000000e+92	
5.920638372353453624000000000000000000000e+91	
-1.801752456514639745000000000000000000000e+92	
-1.268227987790063771000000000000000000000e+91	
1.496610521854482341000000000000000000000e+92	
-8.972057718955027664000000000000000000000e+91	
7.337887704171534774000000000000000000000e+91	
-1.660027523332831630000000000000000000000e+92	
-2.865334926997772627000000000000000000000e+90	
1.551246163848321930000000000000000000000e+92	
-8.425701299016631780000000000000000000000e+91	
8.804487600813800752000000000000000000000e+91	
-1.513367533668605032000000000000000000000e+92	
2.099851905187468319000000000000000000000e+91	
1.881817479007613864000000000000000000000e+92	
-5.119988147423712440000000000000000000000e+91	
1.160192781869285323000000000000000000000e+92	
-1.233623511880699784000000000000000000000e+92	
4.389272140376981310000000000000000000000e+91	
-1.954889079712286976000000000000000000000e+92	
-2.819794032142062055000000000000000000000e+91	
1.339434941461155580000000000000000000000e+92	
-1.054381352288829528100000000000000000000e+92	
5.810963545844898198000000000000000000000e+91	
-1.812719939165495288000000000000000000000e+92	
-1.768648316681949670000000000000000000000e+91	
1.407513384868693132000000000000000000000e+92	
-9.863029088812919761000000000000000000000e+91	
7.274348456125819778000000000000000000000e+91	
-1.666381448137403130000000000000000000000e+92	
4.769475948217588792000000000000000000000e+90	
1.710255148025978760000000000000000000000e+92	
-6.835611457240063472000000000000000000000e+91	
9.793631652677512977000000000000000000000e+91	
-1.414453128482233810000000000000000000000e+92	
2.488349238450286800000000000000000000000e+91	
1.860632432721189607000000000000000000000e+92	
-5.331838610287955004000000000000000000000e+91	
1.121936036295445391000000000000000000000e+92	
-1.271880257454539717000000000000000000000e+92	
3.836072652098431462000000000000000000000e+91	
-2.010209028540141961000000000000000000000e+92	
-3.543540634908758637000000000000000000000e+91	
1.250014057314773587000000000000000000000e+92	
-1.143802236435211520000000000000000000000e+92	
5.278581994885895474000000000000000000000e+91	
-1.865958094261395560000000000000000000000e+92	
-1.939382646893328929000000000000000000000e+91	
1.426586675908088104000000000000000000000e+92	
-9.672296178418970033000000000000000000000e+91	
6.700121640872036514000000000000000000000e+91	
-1.723804129662781456000000000000000000000e+92	
-8.618582503288377655000000000000000000000e+90	
1.499954711150331391000000000000000000000e+92	
-8.938615825996537162000000000000000000000e+91	
8.160232569816200154000000000000000000000e+91	
-1.577793036768365092000000000000000000000e+92	
1.324321734099349678000000000000000000000e+91	
1.791143481029516697000000000000000000000e+92	
-6.026728127204684106000000000000000000000e+91	
1.056404332910336913700000000000000000000e+92	
-1.337411960839648194000000000000000000000e+92	
3.220308407366171326000000000000000000000e+91	
1.929985012518896557000000000000000000000e+92	
-4.638312812310885506000000000000000000000e+91	
1.199325886851429409000000000000000000000e+92	
-1.194490406898555699000000000000000000000e+92	
4.690303866340135485000000000000000000000e+91	
-1.924785907115971559000000000000000000000e+92	
-2.609016690979943756000000000000000000000e+91	
1.351491728766517095000000000000000000000e+92	
-1.042324564983468012800000000000000000000e+92	
6.122211635256581096000000000000000000000e+91	
-1.781595130224326998000000000000000000000e+92	
-1.266814906297823079000000000000000000000e+91	
1.476745773188424852000000000000000000000e+92	
-9.170705205615602553000000000000000000000e+91	
7.562746485810212888000000000000000000000e+91	
-1.637541645168963819000000000000000000000e+92	
3.616207918456492956000000000000000000000e+90	
1.658370076543401353000000000000000000000e+92	
-7.354462172065837543000000000000000000000e+91	
8.979224621739042180000000000000000000000e+91	
-1.495893831576080890000000000000000000000e+92	
1.378532980232595746000000000000000000000e+91	
1.720124585734709642000000000000000000000e+92	
-6.736917080152754660000000000000000000000e+91	
1.044081874999142148900000000000000000000e+92	
-1.349734418750842959000000000000000000000e+92	
3.683756088877631805000000000000000000000e+91	
2.034967809948642871000000000000000000000e+92	
-3.588484838013422365000000000000000000000e+91	
1.308105633204609964000000000000000000000e+92	
-1.085710660545375143000000000000000000000e+92	
5.816051922917723802000000000000000000000e+91	
-1.812211101458212727000000000000000000000e+92	
-1.445336928141109642000000000000000000000e+91	
1.471650987938005857000000000000000000000e+92	
-9.221653058119792502000000000000000000000e+91	
7.241977599727013334000000000000000000000e+91	
-1.669618533777283774000000000000000000000e+92	
-2.288348466020777866000000000000000000000e+90	
1.572369258900881964000000000000000000000e+92	
-8.214470348491031440000000000000000000000e+91	
8.690628255221179720000000000000000000000e+91	
-1.524753468227867136000000000000000000000e+92	
1.661064050418142450000000000000000000000e+91	
1.805462013255549100000000000000000000000e+92	
-5.883542804944360075000000000000000000000e+91	
1.051376798437020328900000000000000000000e+92	
-1.342439495312964779000000000000000000000e+92	
2.976668674765622918000000000000000000000e+91	
1.886294223593213513000000000000000000000e+92	
-5.075220701567715949000000000000000000000e+91	
1.196580879331995549000000000000000000000e+92	
-1.197235414417989558000000000000000000000e+92	
5.072107831277760613000000000000000000000e+91	
-1.886605510622209046000000000000000000000e+92	
-1.818162358429181254000000000000000000000e+91	
1.471461841667148116000000000000000000000e+92	
-9.223544520828369913000000000000000000000e+91	
7.312921673816107432000000000000000000000e+91	
-1.662524126368374364000000000000000000000e+92	
-8.509148360973757844000000000000000000000e+89	
1.594019901104938646000000000000000000000e+92	
-7.997963926450464618000000000000000000000e+91	
8.752908766743944684000000000000000000000e+91	
-1.518525417075590639000000000000000000000e+92	
1.569195404678009197000000000000000000000e+91	
1.780867904460974720000000000000000000000e+92	
-6.129483892890103879000000000000000000000e+91	
1.016573293279053550900000000000000000000e+92	
-1.377243000470931557000000000000000000000e+92	
2.526590468420587943000000000000000000000e+91	
1.831087165840434857000000000000000000000e+92	
-5.627291279095502506000000000000000000000e+91	
1.163025267648180011000000000000000000000e+92	
-1.230791026101805096000000000000000000000e+92	
4.952958422874528379000000000000000000000e+91	
-1.898520451462532270000000000000000000000e+92	
-1.721012757027376545000000000000000000000e+91	
1.502795938284656546000000000000000000000e+92	
-8.910203554653285616000000000000000000000e+91	
7.842346413304170108000000000000000000000e+91	
-1.609581652419568097000000000000000000000e+92	
6.603094912757972818000000000000000000000e+90	
1.690146873693503567000000000000000000000e+92	
-7.036694200564815406000000000000000000000e+91	
9.256200969842604186000000000000000000000e+91	
-1.468196196765724689000000000000000000000e+92	
1.614738005612289914000000000000000000000e+91	
1.739669985057352499000000000000000000000e+92	
-6.541463086926326089000000000000000000000e+91	
1.072222012350190795000000000000000000000e+92	
-1.321594281399794312000000000000000000000e+92	
4.051062069436699289000000000000000000000e+91	
2.080284593514545908000000000000000000000e+92	
-3.135317002354392000000000000000000000000e+91	
1.362004329213273560000000000000000000000e+92	
-1.031811964536711547100000000000000000000e+92	
6.440815298025285544000000000000000000000e+91	
-1.749734763947456553000000000000000000000e+92	
-7.348398261642078763000000000000000000000e+90	
1.551269804131922528000000000000000000000e+92	
-8.425464896180625799000000000000000000000e+91	
7.855808425181450284000000000000000000000e+91	
-1.608235451231840079000000000000000000000e+92	
2.027293957247315790000000000000000000000e+90	
1.597308095640008364000000000000000000000e+92	
-7.965081981099767432000000000000000000000e+91	
9.325082822817206588000000000000000000000e+91	
-1.461308011468264449000000000000000000000e+92	
2.680393183206887544000000000000000000000e+91	
1.945863229089546316000000000000000000000e+92	
-4.479530646604387912000000000000000000000e+91	
1.230227172394300166000000000000000000000e+92	
-1.163589121355684942000000000000000000000e+92	
5.149472646528511391000000000000000000000e+91	
-1.878869029097133968000000000000000000000e+92	
-1.999766713786332275000000000000000000000e+91	
1.427417377129917319000000000000000000000e+92	
-9.663989166200677885000000000000000000000e+91	
6.613765554881676970000000000000000000000e+91	
-1.732439738261817411000000000000000000000e+92	
-1.042830323761036792400000000000000000000e+91	
1.472400613795058355000000000000000000000e+92	
-9.214156799549267530000000000000000000000e+91	
8.085128481823798548000000000000000000000e+91	
-1.585303445567605253000000000000000000000e+92	
1.449554780702487961000000000000000000000e+91	
1.823690529017188946000000000000000000000e+92	
-5.701257647327961614000000000000000000000e+91	
1.108965159054984621000000000000000000000e+92	
-1.284851134695000486000000000000000000000e+92	
3.945954848272009644000000000000000000000e+91	
-1.999220808922784143000000000000000000000e+92	
-3.194186706844419184000000000000000000000e+91	
1.308884705575567055000000000000000000000e+92	
-1.084931588174418053000000000000000000000e+92	
5.437527591422210234000000000000000000000e+91	
-1.850063534607764084000000000000000000000e+92	
-2.209984058314856950000000000000000000000e+91	
1.356593211137505938000000000000000000000e+92	
-1.037223082612479169600000000000000000000e+92	
6.909407275263178744000000000000000000000e+91	
-1.702875566223667233000000000000000000000e+92	
2.561951765883295388000000000000000000000e+90	
1.702591606656501782000000000000000000000e+92	
-6.912246870934833258000000000000000000000e+91	
9.861041521142529117000000000000000000000e+91	
-1.407712141635732196000000000000000000000e+92	
2.699732702390134135000000000000000000000e+91	
1.896160973561776469000000000000000000000e+92	
-4.976553201882086390000000000000000000000e+91	
1.128914407093279585000000000000000000000e+92	
-1.264901886656705523000000000000000000000e+92	
3.620496744625214016000000000000000000000e+91	
-2.031766619287463706000000000000000000000e+92	
-4.044334143568679384000000000000000000000e+91	
1.171427140689006041000000000000000000000e+92	
-1.222389153060979067000000000000000000000e+92	
5.096864637310969960000000000000000000000e+91	
-1.884129830018888112000000000000000000000e+92	
-1.517248862629471224000000000000000000000e+91	
1.529155116797173491000000000000000000000e+92	
-8.646611769528116162000000000000000000000e+91	
8.165736314747543171000000000000000000000e+91	
-1.577242662275230790000000000000000000000e+92	
1.043467749446076562700000000000000000000e+91	
1.734436560705130806000000000000000000000e+92	
-6.593797330448543021000000000000000000000e+91	
9.710901347339834032000000000000000000000e+91	
-1.422726159016001704000000000000000000000e+92	
2.081236016266045243000000000000000000000e+91	
1.787498962308279407000000000000000000000e+92	
-6.063173314417057006000000000000000000000e+91	
1.117491894721310404000000000000000000000e+92	
-1.276324399028674704000000000000000000000e+92	
4.478182680138569240000000000000000000000e+91	
-1.945998025736128184000000000000000000000e+92	
-2.215220837568377485000000000000000000000e+91	
1.451432863534747495000000000000000000000e+92	
-9.423834302152376124000000000000000000000e+91	
7.309302664881073022000000000000000000000e+91	
-1.662886027261877805000000000000000000000e+92	
1.078624031523129502000000000000000000000e+90	
1.632962796552669639000000000000000000000e+92	
-7.608534971973154682000000000000000000000e+91	
8.726159536622347239000000000000000000000e+91	
-1.521200340087750384000000000000000000000e+92	
1.126475108399419780000000000000000000000e+91	
1.695019469753992026000000000000000000000e+92	
-6.987968239959930814000000000000000000000e+91	
1.018797632669784377500000000000000000000e+92	
-1.375018661080200730000000000000000000000e+92	
3.429123293551637696000000000000000000000e+91	
2.009325582313836046000000000000000000000e+92	
-3.844907114361490619000000000000000000000e+91	
1.282284546524287369000000000000000000000e+92	
-1.111531747225697739000000000000000000000e+92	
5.556053355783042104000000000000000000000e+91	
-1.838210958171680897000000000000000000000e+92	
-1.707122305926525131000000000000000000000e+91	
1.445293858018186546000000000000000000000e+92	
-9.485224357317985619000000000000000000000e+91	
6.982539877583076149000000000000000000000e+91	
-1.695562305991677493000000000000000000000e+92	
-4.841410488395597878000000000000000000000e+90	
1.547251585055375914000000000000000000000e+92	
-8.465647086946091934000000000000000000000e+91	
8.431054080424743083000000000000000000000e+91	
-1.550710885707510799000000000000000000000e+92	
1.393096618413202047000000000000000000000e+91	
1.777826362039509934000000000000000000000e+92	
-6.159899317104751740000000000000000000000e+91	
1.022902656702862064700000000000000000000e+92	
-1.370913637047123043000000000000000000000e+92	
2.683546525139368178000000000000000000000e+91	
1.856144352484100762000000000000000000000e+92	
-5.376719412658843450000000000000000000000e+91	
1.168243763457855317000000000000000000000e+92	
-1.225572530292129791000000000000000000000e+92	
4.806855203388708450000000000000000000000e+91	
-1.913130773411114262000000000000000000000e+92	
-2.065305472473547385000000000000000000000e+91	
1.448557580395161014000000000000000000000e+92	
-9.452587133548240937000000000000000000000e+91	
7.101970554385781908000000000000000000000e+91	
-1.683619238311406917000000000000000000000e+92	
-2.779601133024577890000000000000000000000e+90	
1.576540387202310890000000000000000000000e+92	
-8.172759065476742172000000000000000000000e+91	
8.540113900447373464000000000000000000000e+91	
-1.539804903705247761000000000000000000000e+92	
1.318419722348197307000000000000000000000e+91	
1.751994144807223899000000000000000000000e+92	
-6.418221489427612090000000000000000000000e+91	
9.957695020475179253000000000000000000000e+91	
-1.398046791702467182000000000000000000000e+92	
2.399212078700759253000000000000000000000e+91	
1.826411264964057348000000000000000000000e+92	
-5.674050287859277597000000000000000000000e+91	
1.141300225951305883000000000000000000000e+92	
-1.252516067798679225000000000000000000000e+92	
4.565301445768624396000000000000000000000e+91	
-1.937286149173122668000000000000000000000e+92	
-2.278991488428778299000000000000000000000e+91	
1.429974366078619989000000000000000000000e+92	
-9.638419276713651185000000000000000000000e+91	
6.943978422037254177000000000000000000000e+91	
-1.699418451546259690000000000000000000000e+92	
-4.081260899083887420000000000000000000000e+90	
1.566305020298070816000000000000000000000e+92	
-8.275112734519142914000000000000000000000e+91	
8.379059863915986044000000000000000000000e+91	
-1.555910307358386503000000000000000000000e+92	
1.098694531604980260000000000000000000000e+91	
1.724157430185584781000000000000000000000e+92	
-6.696588635644003268000000000000000000000e+91	
9.803763268565508244000000000000000000000e+91	
-1.413439966893434283000000000000000000000e+92	
2.369653793620734738000000000000000000000e+91	
1.835886593473241952000000000000000000000e+92	
-5.579297002767431556000000000000000000000e+91	
1.124464026143720908000000000000000000000e+92	
-1.269352267606264200000000000000000000000e+92	
4.133955108504149056000000000000000000000e+91	
-1.980420782899570202000000000000000000000e+92	
-2.973191286069401301000000000000000000000e+91	
1.334282121644774825000000000000000000000e+92	
-1.059534172105210282000000000000000000000e+92	
5.724464079577550016000000000000000000000e+91	
-1.821369885792230106000000000000000000000e+92	
-1.890101646982110698000000000000000000000e+91	
1.391874404976324300000000000000000000000e+92	
-1.001941888773660807000000000000000000000e+92	
7.192079413376045062000000000000000000000e+91	
-1.674608352412380601000000000000000000000e+92	
4.687624207392919404000000000000000000000e+90	
1.716841330569574966000000000000000000000e+92	
-6.769749631804101412000000000000000000000e+91	
9.933503626831601826000000000000000000000e+91	
-1.400465931066824925000000000000000000000e+92	
2.702194528861663962000000000000000000000e+91	
1.889410611975004791000000000000000000000e+92	
-5.044056817749803164000000000000000000000e+91	
1.135033766643814615000000000000000000000e+92	
-1.258782527106170493000000000000000000000e+92	
3.810323503057833778000000000000000000000e+91	
-2.012783943444201730000000000000000000000e+92	
-3.725938238779740926000000000000000000000e+91	
1.216117247332334433000000000000000000000e+92	
-1.177699046417650675000000000000000000000e+92	
5.271303867471172658000000000000000000000e+91	
-1.866685907002867842000000000000000000000e+92	
-1.615135873285654520000000000000000000000e+91	
1.492147344447438498000000000000000000000e+92	
-9.016689493025466100000000000000000000000e+91	
7.523603338936346884000000000000000000000e+91	
-1.641455959856350419000000000000000000000e+92	
1.294149144340319626000000000000000000000e+90	
1.615852823857063010000000000000000000000e+92	
-7.779634698929220970000000000000000000000e+91	
8.962856232345737421000000000000000000000e+91	
-1.497530670515411366000000000000000000000e+92	
1.770765279692567989000000000000000000000e+91	
1.800187549829335106000000000000000000000e+92	
-5.936287439206500012000000000000000000000e+91	
1.037638330733357905900000000000000000000e+92	
-1.356177963016627202000000000000000000000e+92	
2.754686077570339838000000000000000000000e+91	
1.855640382023094643000000000000000000000e+92	
-5.381759117268904646000000000000000000000e+91	
1.183856586660437883000000000000000000000e+92	
-1.209959707089547224000000000000000000000e+92	
5.124071163973311197000000000000000000000e+91	
-1.881409177352653988000000000000000000000e+92	
-1.587081951490305140000000000000000000000e+91	
1.512472675707045366000000000000000000000e+92	
-8.813436180429397412000000000000000000000e+91	
7.901968851254438203000000000000000000000e+91	
-1.603619408624541287000000000000000000000e+92	
6.828054787876286062000000000000000000000e+90	
1.688685675064380470000000000000000000000e+92	
-7.051306186856046377000000000000000000000e+91	
9.320112514358280200000000000000000000000e+91	
-1.461805042314157088000000000000000000000e+92	
1.757134002309525690000000000000000000000e+91	
1.761754124027514050000000000000000000000e+92	
-6.320621697224710577000000000000000000000e+91	
1.077680848778985977000000000000000000000e+92	
-1.316135444970999131000000000000000000000e+92	
3.939480147072553550000000000000000000000e+91	
2.052517642371437682000000000000000000000e+92	
-3.412986513785474254000000000000000000000e+91	
1.317636884806396507000000000000000000000e+92	
-1.076179408943588600000000000000000000000e+92	
5.831218536612634206000000000000000000000e+91	
-1.810694440088721687000000000000000000000e+92	
-1.510276330741895474000000000000000000000e+91	
1.457150432666084350000000000000000000000e+92	
-9.366658610839007581000000000000000000000e+91	
7.266551619507698834000000000000000000000e+91	
-1.667161131799215224000000000000000000000e+92	
-3.476564859811163926000000000000000000000e+89	
1.608717261295974416000000000000000000000e+92	
-7.850990324540106914000000000000000000000e+91	
8.695220878375938336000000000000000000000e+91	
-1.524294205912391274000000000000000000000e+92	
1.306947879445764337000000000000000000000e+91	
1.734197368523823570000000000000000000000e+92	
-6.596189252261615380000000000000000000000e+91	
1.013219790187340123900000000000000000000e+92	
-1.380596503562644984000000000000000000000e+92	
2.926010191074692852000000000000000000000e+91	
1.914303066703120799000000000000000000000e+92	
-4.795132270468643086000000000000000000000e+91	
1.154580745380616133000000000000000000000e+92	
-1.239235548369368975000000000000000000000e+92	
3.952365133220378693000000000000000000000e+91	
-1.998579780427947238000000000000000000000e+92	
-3.637298176354303073000000000000000000000e+91	
1.219643754424732705000000000000000000000e+92	
-1.174172539325252402000000000000000000000e+92	
5.419438934618438920000000000000000000000e+91	
-1.851872400288141216000000000000000000000e+92	
-1.354186981667066284000000000000000000000e+91	
1.529518001676720140000000000000000000000e+92	
-8.642982920732649679000000000000000000000e+91	
8.010011476047255943000000000000000000000e+91	
-1.592815146145259513000000000000000000000e+92	
7.284685284339439416000000000000000000000e+90	
1.687017126944360316000000000000000000000e+92	
-7.067991668056247910000000000000000000000e+91	
9.435351057998020027000000000000000000000e+91	
-1.450281187950183105000000000000000000000e+92	
2.004230916462556371000000000000000000000e+91	
1.799643090328885537000000000000000000000e+92	
-5.941732034210995706000000000000000000000e+91	
1.087637295297728647000000000000000000000e+92	
-1.306178998452256461000000000000000000000e+92	
3.759858425563785974000000000000000000000e+91	
-2.017830451193606510000000000000000000000e+92	
-3.353114442398790278000000000000000000000e+91	
1.295707448637697403000000000000000000000e+92	
-1.098108845112287705000000000000000000000e+92	
5.332896673969969380000000000000000000000e+91	
-1.860526626352988170000000000000000000000e+92	
-2.287486831364262802000000000000000000000e+91	
1.351554398192712839000000000000000000000e+92	
-1.042261895557272268400000000000000000000e+92	
6.801724658189949335000000000000000000000e+91	
-1.713643827930990174000000000000000000000e+92	
9.124658550595614798000000000000000000000e+89	
1.680373000089934882000000000000000000000e+92	
-7.134432936600502253000000000000000000000e+91	
9.581646466136164360000000000000000000000e+91	
-1.435651647136368672000000000000000000000e+92	
2.363157129109491137000000000000000000000e+91	
1.856788210096013907000000000000000000000e+92	
-5.370280836539712006000000000000000000000e+91	
1.099744612213440354000000000000000000000e+92	
-1.294071681536544754000000000000000000000e+92	
3.430777704806469758000000000000000000000e+91	
-2.050738523269338132000000000000000000000e+92	
-4.132125026017341090000000000000000000000e+91	
1.172835795545935180000000000000000000000e+92	
-1.220980498204049927000000000000000000000e+92	
4.895405240982122690000000000000000000000e+91	
-1.904275769651772839000000000000000000000e+92	
-1.934146933600785912000000000000000000000e+91	
1.465932163922868002000000000000000000000e+92	
-9.278841298271171053000000000000000000000e+91	
7.318282491745105542000000000000000000000e+91	
-1.661988044575474553000000000000000000000e+92	
-1.910325763520207255000000000000000000000e+89	
1.606678447276644528000000000000000000000e+92	
-7.871378464733405798000000000000000000000e+91	
8.751126982491013701000000000000000000000e+91	
-1.518703595500883738000000000000000000000e+92	
1.439110258687761192000000000000000000000e+91	
1.755035438932173416000000000000000000000e+92	
-6.387808548178116912000000000000000000000e+91	
1.017905385845427643700000000000000000000e+92	
-1.375910907904557464000000000000000000000e+92	
2.811421785803296694000000000000000000000e+91	
1.886707824555255636000000000000000000000e+92	
-5.071084691947294712000000000000000000000e+91	
1.161160098083463955000000000000000000000e+92	
-1.232656195666521153000000000000000000000e+92	
4.359734532834169713000000000000000000000e+91	
-1.957842840466568136000000000000000000000e+92	
-2.888522895435714378000000000000000000000e+91	
1.328644879978936056000000000000000000000e+92	
-1.065171413771049051000000000000000000000e+92	
5.786078269236520362000000000000000000000e+91	
-1.815208466826333071000000000000000000000e+92	
-1.710559569129341969000000000000000000000e+91	
1.421615532690836423000000000000000000000e+92	
-9.722007610591486844000000000000000000000e+91	
7.239731334711058252000000000000000000000e+91	
-1.669843160278879282000000000000000000000e+92	
2.667792834295577422000000000000000000000e+90	
1.671691934504793854000000000000000000000e+92	
-7.221243592451912532000000000000000000000e+91	
9.232623016324483187000000000000000000000e+91	
-1.470553992117536789000000000000000000000e+92	
1.752051380176872100000000000000000000000e+91	
1.769482448280284508000000000000000000000e+92	
-6.243338454697005996000000000000000000000e+91	
1.067973830200605738000000000000000000000e+92	
-1.325842463549379370000000000000000000000e+92	
3.668143303047735453000000000000000000000e+91	
2.007965964833636912000000000000000000000e+92	
-3.858503289163481954000000000000000000000e+91	
1.255675882505942262000000000000000000000e+92	
-1.138140411244042846000000000000000000000e+92	
5.037601906568522918000000000000000000000e+91	
-1.890056103093132816000000000000000000000e+92	
-2.477812970356833648000000000000000000000e+91	
1.343013423184706137000000000000000000000e+92	
-1.050802870565278970200000000000000000000e+92	
6.494474040297938214000000000000000000000e+91	
-1.744368889720191286000000000000000000000e+92	
-4.377344971624929488000000000000000000000e+90	
1.605312880154595284000000000000000000000e+92	
-7.885034135953898240000000000000000000000e+91	
8.609535443272627354000000000000000000000e+91	
-1.532862749422722372000000000000000000000e+92	
1.169646521021266493000000000000000000000e+91	
1.715308209107064013000000000000000000000e+92	
-6.785080846429210944000000000000000000000e+91	
1.005270278750399531200000000000000000000e+92	
-1.388546014999585576000000000000000000000e+92	
2.955857113408459891000000000000000000000e+91	
1.928216521006770440000000000000000000000e+92	
-4.655997727432146678000000000000000000000e+91	
1.167409854355489350000000000000000000000e+92	
-1.226406439394495758000000000000000000000e+92	
4.069818166117859837000000000000000000000e+91	
-1.986834477138199124000000000000000000000e+92	
-3.530677806557195138000000000000000000000e+91	
1.229223064201064159000000000000000000000e+92	
-1.164593229548920948000000000000000000000e+92	
5.538008527932580382000000000000000000000e+91	
-1.840015440956727069000000000000000000000e+92	
-1.212852227928357939000000000000000000000e+91	
1.545926860144533795000000000000000000000e+92	
-8.478894336054513124000000000000000000000e+91	
8.196842567818001240000000000000000000000e+91	
-1.574132036968184984000000000000000000000e+92	
9.380308090859897571000000000000000000000e+90	
1.710245342639835614000000000000000000000e+92	
-6.835709511101494936000000000000000000000e+91	
9.619254964751106351000000000000000000000e+91	
-1.431890797274874472000000000000000000000e+92	
2.139780649306712057000000000000000000000e+91	
1.808365052653483052000000000000000000000e+92	
-5.854512410965020560000000000000000000000e+91	
1.106571981559041633000000000000000000000e+92	
-1.287244312190943475000000000000000000000e+92	
4.051281702115259169000000000000000000000e+91	
2.045995634781333215000000000000000000000e+92	
-3.478206589686518929000000000000000000000e+91	
1.293421523916794175000000000000000000000e+92	
-1.100394769833190933000000000000000000000e+92	
5.412219448826893000000000000000000000000e+91	
-1.852594348867295808000000000000000000000e+92	
-2.106032887133772080000000000000000000000e+91	
1.379907826814653356000000000000000000000e+92	
-1.013908466935331752000000000000000000000e+92	
6.868920439481987088000000000000000000000e+91	
-1.706924249801786399000000000000000000000e+92	
-5.778847344216664484000000000000000000000e+89	
1.643857171281702888000000000000000000000e+92	
-7.499591224682822198000000000000000000000e+91	
9.000472506471042788000000000000000000000e+91	
-1.493769043102880829000000000000000000000e+92	
1.566075001885045148000000000000000000000e+91	
1.755499925669855684000000000000000000000e+92	
-6.383163680801294238000000000000000000000e+91	
1.044246646032366203300000000000000000000e+92	
-1.349569647717618904000000000000000000000e+92	
3.333473341820746383000000000000000000000e+91	
1.964764003946338979000000000000000000000e+92	
-4.290522898036461283000000000000000000000e+91	
1.202743801631616002000000000000000000000e+92	
-1.191072492118369105000000000000000000000e+92	
4.411028321619789423000000000000000000000e+91	
-1.952713461588006165000000000000000000000e+92	
-3.201590931945118450000000000000000000000e+91	
1.260920026909823656000000000000000000000e+92	
-1.132896266840161451000000000000000000000e+92	
5.880185451919554746000000000000000000000e+91	
-1.805797748558029633000000000000000000000e+92	
-8.454805518995945426000000000000000000000e+90	
1.585182249090146789000000000000000000000e+92	
-8.086340446598383188000000000000000000000e+91	
8.614566138327145646000000000000000000000e+91	
-1.532359679917270543000000000000000000000e+92	
1.380911534510749290000000000000000000000e+91	
1.757047878683518095000000000000000000000e+92	
-6.367684150664670122000000000000000000000e+91	
1.003345452483802803100000000000000000000e+92	
-1.390470841266182304000000000000000000000e+92	
2.500181196406254176000000000000000000000e+91	
1.839027883467829815000000000000000000000e+92	
-5.547884102821552927000000000000000000000e+91	
1.148569264335414399000000000000000000000e+92	
-1.245247029414570708000000000000000000000e+92	
4.584542641592318318000000000000000000000e+91	
-1.935362029590753276000000000000000000000e+92	
-2.313172880687752308000000000000000000000e+91	
1.421216626714135066000000000000000000000e+92	
-9.725996670358500418000000000000000000000e+91	
6.803031600471980394000000000000000000000e+91	
-1.713513133702787068000000000000000000000e+92	
-6.024157791533811798000000000000000000000e+90	
1.541544419307852360000000000000000000000e+92	
-8.522718744421327476000000000000000000000e+91	
8.244581118910348622000000000000000000000e+91	
-1.569358181858950246000000000000000000000e+92	
1.077286751709619227000000000000000000000e+91	
1.733318121530307767000000000000000000000e+92	
-6.604981722196773402000000000000000000000e+91	
9.656158265790066293000000000000000000000e+91	
-1.428200467170978478000000000000000000000e+92	
1.982955922667924986000000000000000000000e+91	
1.773319418440118034000000000000000000000e+92	
-6.204968753098670740000000000000000000000e+91	
1.112537364238333156000000000000000000000e+92	
-1.281278929511651952000000000000000000000e+92	
4.520841599248259555000000000000000000000e+91	
-1.941732133825159152000000000000000000000e+92	
-2.080403581583727793000000000000000000000e+91	
1.474125836397909355000000000000000000000e+92	
-9.196904573520757527000000000000000000000e+91	
7.628299024756820898000000000000000000000e+91	
-1.630986391274303018000000000000000000000e+92	
5.188795756831276451000000000000000000000e+90	
1.683262015492595368000000000000000000000e+92	
-7.105542782573897398000000000000000000000e+91	
9.211992225444270158000000000000000000000e+91	
-1.472617071205558092000000000000000000000e+92	
1.595156836373270740000000000000000000000e+91	
1.740173400014501856000000000000000000000e+92	
-6.536428937354832512000000000000000000000e+91	
1.067517251092739497000000000000000000000e+92	
-1.326299042657245610000000000000000000000e+92	
3.951958614127203513000000000000000000000e+91	
2.065171254361275395000000000000000000000e+92	
-3.286450393887097126000000000000000000000e+91	
1.341690585799576492000000000000000000000e+92	
-1.052125707950408615200000000000000000000e+92	
6.185699702016566756000000000000000000000e+91	
-1.775246323548328432000000000000000000000e+92	
-1.041907716192154313000000000000000000000e+91	
1.515370371225097507000000000000000000000e+92	
-8.784459225248876010000000000000000000000e+91	
7.607151177685038300000000000000000000000e+91	
-1.633101175981481278000000000000000000000e+92	
6.435431859802000825000000000000000000000e+89	
1.594493316576846406000000000000000000000e+92	
-7.993229771731387011000000000000000000000e+91	
9.063781481768172779000000000000000000000e+91	
-1.487438145573167830000000000000000000000e+92	
2.186054324732738952000000000000000000000e+91	
1.873137189024262538000000000000000000000e+92	
-5.206791047257225698000000000000000000000e+91	
1.134220569864076890000000000000000000000e+92	
-1.259595723885908217000000000000000000000e+92	
3.956716856417760058000000000000000000000e+91	
-1.998144608108209102000000000000000000000e+92	
-3.425096466524424273000000000000000000000e+91	
1.261638580048391322000000000000000000000e+92	
-1.132177713701593785000000000000000000000e+92	
5.399322463962442082000000000000000000000e+91	
-1.853884047353740899000000000000000000000e+92	
-1.814149173213052621000000000000000000000e+91	
1.439559100134160001000000000000000000000e+92	
-9.542571936158251067000000000000000000000e+91	
6.820170526109381448000000000000000000000e+91	
-1.711799241139046963000000000000000000000e+92	
-7.514799070021482184000000000000000000000e+90	
1.510025972563574943000000000000000000000e+92	
-8.837903211864101643000000000000000000000e+91	
8.281257742906762282000000000000000000000e+91	
-1.565690519459308879000000000000000000000e+92	
1.465649357243439339000000000000000000000e+91	
1.807305477961906478000000000000000000000e+92	
-5.865108157880786297000000000000000000000e+91	
1.074594554576172561000000000000000000000e+92	
-1.319221739173812547000000000000000000000e+92	
3.422482777539508653000000000000000000000e+91	
1.952228656008117653000000000000000000000e+92	
-4.415876377418674549000000000000000000000e+91	
1.217252995499958951000000000000000000000e+92	
-1.176563298250026156000000000000000000000e+92	
4.826431086418382153000000000000000000000e+91	
-1.911173185108146892000000000000000000000e+92	
-2.516011865999774503000000000000000000000e+91	
1.356482117817065933000000000000000000000e+92	
-1.037334175932919174300000000000000000000e+92	
6.263230487954547750000000000000000000000e+91	
-1.767493244954530333000000000000000000000e+92	
-1.034726436381483484000000000000000000000e+91	
1.509057049661158179000000000000000000000e+92	
-8.847592440888269283000000000000000000000e+91	
7.692857019896220750000000000000000000000e+91	
-1.624530591760363033000000000000000000000e+92	
2.988251462674760834000000000000000000000e+90	
1.632809494336733093000000000000000000000e+92	
-7.610067994132520145000000000000000000000e+91	
9.131863286866327216000000000000000000000e+91	
-1.480629965063352386000000000000000000000e+92	
1.939212962456917535000000000000000000000e+91	
1.816976408768272222000000000000000000000e+92	
-5.768398849817128857000000000000000000000e+91	
1.054522832646095625700000000000000000000e+92	
-1.339293461103889482000000000000000000000e+92	
2.924487050451529534000000000000000000000e+91	
1.872716027111863675000000000000000000000e+92	
-5.211002666381214326000000000000000000000e+91	
1.200707072678345805000000000000000000000e+92	
-1.193109221071639302000000000000000000000e+92	
5.290325553987758196000000000000000000000e+91	
-1.864783738351209288000000000000000000000e+92	
-1.423076911654171974000000000000000000000e+91	
1.528648356615721459000000000000000000000e+92	
-8.651679371342636490000000000000000000000e+91	
8.061478548463663778000000000000000000000e+91	
-1.587668438903618730000000000000000000000e+92	
8.400691824343318390000000000000000000000e+90	
1.704187557848644681000000000000000000000e+92	
-6.896287359013404264000000000000000000000e+91	
9.479671483552059502000000000000000000000e+91	
-1.445849145394779157000000000000000000000e+92	
1.921230853372719990000000000000000000000e+91	
1.778617371485049327000000000000000000000e+92	
-6.151989222649357807000000000000000000000e+91	
1.093561825317095894000000000000000000000e+92	
-1.300254468432889214000000000000000000000e+92	
4.088472091704547652000000000000000000000e+91	
2.066435543360958206000000000000000000000e+92	
-3.273807503890269020000000000000000000000e+91	
1.330573980680308693000000000000000000000e+92	
-1.063242313069676415000000000000000000000e+92	
5.950786325345977481000000000000000000000e+91	
-1.798737661215387360000000000000000000000e+92	
-1.400506833293210852000000000000000000000e+91	
1.467148040911800297000000000000000000000e+92	
-9.266682528381848106000000000000000000000e+91	
7.387111379855326022000000000000000000000e+91	
-1.655105155764452506000000000000000000000e+92	
1.063675458082469254000000000000000000000e+90	
1.624886900269113109000000000000000000000e+92	
-7.689293934808719990000000000000000000000e+91	
8.813196757077779260000000000000000000000e+91	
-1.512496618042207182000000000000000000000e+92	
1.381225005404436635000000000000000000000e+91	
1.737257380591172109000000000000000000000e+92	
-6.565589131588129986000000000000000000000e+91	
1.025515771912527307900000000000000000000e+92	
-1.368300521837457800000000000000000000000e+92	
3.141283740466734977000000000000000000000e+91	
1.945057200700022963000000000000000000000e+92	
-4.487590930499621444000000000000000000000e+91	
1.182549398058146118000000000000000000000e+92	
-1.211266895691838990000000000000000000000e+92	
4.204210709242909154000000000000000000000e+91	
-1.973395222825694192000000000000000000000e+92	
-3.413279695542482274000000000000000000000e+91	
1.239264277849504137000000000000000000000e+92	
-1.154552015900480971000000000000000000000e+92	
5.674219984523185979000000000000000000000e+91	
-1.826394295297666510000000000000000000000e+92	
-1.040859267397013123300000000000000000000e+91	
1.566702525861847988000000000000000000000e+92	
-8.271137678881371196000000000000000000000e+91	
8.440345123196119668000000000000000000000e+91	
-1.549781781430373141000000000000000000000e+92	
1.217261473089970995000000000000000000000e+91	
1.741739441830238464000000000000000000000e+92	
-6.520768519197466435000000000000000000000e+91	
9.858224289674067588000000000000000000000e+91	
-1.407993864782578349000000000000000000000e+92	
2.302816115893743854000000000000000000000e+91	
1.817078992461492567000000000000000000000e+92	
-5.767373012884925405000000000000000000000e+91	
1.131330376699195796000000000000000000000e+92	
-1.262485917050789312000000000000000000000e+92	
4.459230358765647049000000000000000000000e+91	
-1.947893257873420403000000000000000000000e+92	
-2.391431998479161469000000000000000000000e+91	
1.418093689754455722000000000000000000000e+92	
-9.757226039955293861000000000000000000000e+91	
6.818808573882964258000000000000000000000e+91	
-1.711935436361688682000000000000000000000e+92	
-5.396558562734603094000000000000000000000e+90	
1.552516368353075836000000000000000000000e+92	
-8.412999253969092714000000000000000000000e+91	
8.254807292859414648000000000000000000000e+91	
-1.568335564464043643000000000000000000000e+92	
9.880691237659826084000000000000000000000e+90	
1.714456927543537999000000000000000000000e+92	
-6.793593662064471088000000000000000000000e+91	
9.678074413859654907000000000000000000000e+91	
-1.426008852364019617000000000000000000000e+92	
2.215295385644479499000000000000000000000e+91	
1.817585224139653658000000000000000000000e+92	
-5.762310696103314501000000000000000000000e+91	
1.112249505408986197000000000000000000000e+92	
-1.281566788340998910000000000000000000000e+92	
4.072648094865618365000000000000000000000e+91	
-1.986551484263423271000000000000000000000e+92	
-2.973690383203338940000000000000000000000e+91	
1.340309977368216145000000000000000000000e+92	
-1.053506316381768962700000000000000000000e+92	
5.845490044104564132000000000000000000000e+91	
-1.809267289339528694000000000000000000000e+92	
-1.708358507185250824000000000000000000000e+91	
1.416117414785269070000000000000000000000e+92	
-9.776988789647160373000000000000000000000e+91	
7.305796261631279244000000000000000000000e+91	
-1.663236667586857183000000000000000000000e+92	
4.538300755879397248000000000000000000000e+90	
1.702489579168661387000000000000000000000e+92	
-6.913267145813237208000000000000000000000e+91	
9.661464936650536062000000000000000000000e+91	
-1.427669800084931501000000000000000000000e+92	
2.301698623347427468000000000000000000000e+91	
1.836521692791015749000000000000000000000e+92	
-5.572946009589693586000000000000000000000e+91	
1.109378417595151971000000000000000000000e+92	
-1.284437876154833137000000000000000000000e+92	
3.825970181241050092000000000000000000000e+91	
-2.011219275625880098000000000000000000000e+92	
-3.438226857159865027000000000000000000000e+91	
1.272081316056336658000000000000000000000e+92	
-1.121734977693648449000000000000000000000e+92	
5.254909550397198916000000000000000000000e+91	
-1.868325338710265216000000000000000000000e+92	
-2.207278520655151156000000000000000000000e+91	
1.375386899815943565000000000000000000000e+92	
-1.018429393934041543000000000000000000000e+92	
6.705224311249133859000000000000000000000e+91	
-1.723293862625071722000000000000000000000e+92	
-3.399124928379882798000000000000000000000e+90	
1.603807873999501735000000000000000000000e+92	
-7.900084197504833729000000000000000000000e+91	
8.481669488628212850000000000000000000000e+91	
-1.545649344887163822000000000000000000000e+92	
9.290208181099510715000000000000000000000e+90	
1.679975275677753706000000000000000000000e+92	
-7.138410180722314020000000000000000000000e+91	
9.938280177352436222000000000000000000000e+91	
-1.399988276014741485000000000000000000000e+92	
3.080222331237383956000000000000000000000e+91	
1.964519941888683314000000000000000000000e+92	
-4.292963518613017931000000000000000000000e+91	
1.227568296551527620000000000000000000000e+92	
-1.166247997198457487000000000000000000000e+92	
4.909834082482442072000000000000000000000e+91	
-1.902832885501740900000000000000000000000e+92	
-2.452349055442976913000000000000000000000e+91	
1.360875362727300328000000000000000000000e+92	
-1.032940931022684779100000000000000000000e+92	
6.348844299565773792000000000000000000000e+91	
-1.758931863793407728000000000000000000000e+92	
-9.074520057293851689000000000000000000000e+90	
1.525948481315989075000000000000000000000e+92	
-8.678678124339960326000000000000000000000e+91	
7.773452269210965998000000000000000000000e+91	
-1.616471066828888508000000000000000000000e+92	
2.911452818961339613000000000000000000000e+90	
1.623218389698311446000000000000000000000e+92	
-7.705979040516736614000000000000000000000e+91	
9.222739165256277453000000000000000000000e+91	
-1.471542377224357362000000000000000000000e+92	
2.216782807800893689000000000000000000000e+91	
1.863393498842269007000000000000000000000e+92	
-5.304227949077161010000000000000000000000e+91	
1.111666719570567605000000000000000000000e+92	
-1.282149574179417503000000000000000000000e+92	
3.603140504397314620000000000000000000000e+91	
-2.033502243310253646000000000000000000000e+92	
-3.906646947327742168000000000000000000000e+91	
1.200692487948866932000000000000000000000e+92	
-1.193123805801118175000000000000000000000e+92	
5.061284391834558618000000000000000000000e+91	
-1.887687854566529246000000000000000000000e+92	
-1.880899474859796105000000000000000000000e+91	
1.459999345901392427000000000000000000000e+92	
-9.338169478485926805000000000000000000000e+91	
7.146434697834459144000000000000000000000e+91	
-1.679172823966539193000000000000000000000e+92	
-3.034146678638521681000000000000000000000e+90	
1.567006541572959973000000000000000000000e+92	
-8.268097521770251348000000000000000000000e+91	
8.592746980549988956000000000000000000000e+91	
-1.534541595694986212000000000000000000000e+92	
1.518950698192046030000000000000000000000e+91	
1.786829671565100786000000000000000000000e+92	
-6.069866221848843218000000000000000000000e+91	
1.028325650470874542800000000000000000000e+92	
-1.365490643279110565000000000000000000000e+92	
2.701991123318963691000000000000000000000e+91	
1.854412059272784567000000000000000000000e+92	
-5.394042344772005402000000000000000000000e+91	
1.174080611110829795000000000000000000000e+92	
-1.219735682639155312000000000000000000000e+92	
4.940877419391747928000000000000000000000e+91	
-1.899728551810810315000000000000000000000e+92	
-1.855667167420091792000000000000000000000e+91	
1.477079256636999809000000000000000000000e+92	
-9.167370371129852982000000000000000000000e+91	
7.462728161211692034000000000000000000000e+91	
-1.647543477628815904000000000000000000000e+92	
1.583007436923224046000000000000000000000e+90	
1.627713040365754389000000000000000000000e+92	
-7.661032533842307186000000000000000000000e+91	
8.891498959254842348000000000000000000000e+91	
-1.504666397824500873000000000000000000000e+92	
1.509543105101464960000000000000000000000e+91	
1.755088291183179246000000000000000000000e+92	
-6.387280025668058621000000000000000000000e+91	
1.032746786583510599000000000000000000000e+92	
-1.361069507166474508000000000000000000000e+92	
3.107647680225067629000000000000000000000e+91	
1.931104246581270562000000000000000000000e+92	
-4.627120471687145451000000000000000000000e+91	
1.174241857510813332000000000000000000000e+92	
-1.219574436239171776000000000000000000000e+92	
4.177561344083629547000000000000000000000e+91	
-1.976060159341622153000000000000000000000e+92	
-3.383531101805685944000000000000000000000e+91	
1.247876126368515199000000000000000000000e+92	
-1.145940167381469908000000000000000000000e+92	
5.640968949184866946000000000000000000000e+91	
-1.829719398831498413000000000000000000000e+92	
-1.193420416908466402000000000000000000000e+91	
1.539521337172457548000000000000000000000e+92	
-8.542949565775275600000000000000000000000e+91	
8.049341846160531882000000000000000000000e+91	
-1.588882109133931919000000000000000000000e+92	
7.071261236182577886000000000000000000000e+90	
1.678818628457960268000000000000000000000e+92	
-7.149976652920248398000000000000000000000e+91	
9.481769113317129192000000000000000000000e+91	
-1.445639382418272188000000000000000000000e+92	
2.178988109918479502000000000000000000000e+91	
1.829946336463728434000000000000000000000e+92	
-5.638699572862566730000000000000000000000e+91	
1.090762390551402728000000000000000000000e+92	
-1.303053903198582379000000000000000000000e+92	
3.519463126168532803000000000000000000000e+91	
1.955460109569762190000000000000000000000e+92	
-4.383561841802229177000000000000000000000e+91	
1.234160477940439257000000000000000000000e+92	
-1.159655815809545850000000000000000000000e+92	
5.132198138432517135000000000000000000000e+91	
-1.880596479906733394000000000000000000000e+92	
-2.073620613683484050000000000000000000000e+91	
1.414376863733691590000000000000000000000e+92	
-9.794394300162935171000000000000000000000e+91	
6.552505674347807013000000000000000000000e+91	
-1.738565726315204406000000000000000000000e+92	
-1.034979362226094458300000000000000000000e+91	
1.480093354732019023000000000000000000000e+92	
-9.137229390179660846000000000000000000000e+91	
8.015817388378563685000000000000000000000e+91	
-1.592234554912128739000000000000000000000e+92	
1.234077962622453467000000000000000000000e+91	
1.787533548941775438000000000000000000000e+92	
-6.062827448082096695000000000000000000000e+91	
1.058206151288097817400000000000000000000e+92	
-1.335610142461887290000000000000000000000e+92	
3.292417163264476592000000000000000000000e+91	
1.942602253407708838000000000000000000000e+92	
-4.512140403422762699000000000000000000000e+91	
1.200488671915335874000000000000000000000e+92	
-1.193327621834649234000000000000000000000e+92	
4.587444163857538392000000000000000000000e+91	
-1.935071877364231268000000000000000000000e+92	
-2.826306969826412275000000000000000000000e+91	
1.318325338085712740000000000000000000000e+92	
-1.075490955664272368000000000000000000000e+92	
6.032958205267016644000000000000000000000e+91	
-1.790520473223283443000000000000000000000e+92	
-1.113778499334524580000000000000000000000e+91	
1.516266339597335973000000000000000000000e+92	
-8.775499541526491343000000000000000000000e+91	
7.504755344907162502000000000000000000000e+91	
-1.643340759259268857000000000000000000000e+92	
-1.493416126358068155000000000000000000000e+90	
1.561999252654322767000000000000000000000e+92	
-8.318170410956623404000000000000000000000e+91	
8.974622863159442482000000000000000000000e+91	
-1.496354007434040860000000000000000000000e+92	
2.332560385643483681000000000000000000000e+91	
1.911342534797268842000000000000000000000e+92	
-4.824737589527162658000000000000000000000e+91	
1.195968932885780697000000000000000000000e+92	
-1.197847360864204410000000000000000000000e+92	
4.809513493128196860000000000000000000000e+91	
-1.912864944437165422000000000000000000000e+92	
-2.337103931004435808000000000000000000000e+91	
1.393945718541031512000000000000000000000e+92	
-9.998705752089535958000000000000000000000e+91	
6.281668296118492698000000000000000000000e+91	
-1.765649464138135838000000000000000000000e+92	
-1.372309558953072418000000000000000000000e+91	
1.439714362342391685000000000000000000000e+92	
-9.541019314075934222000000000000000000000e+91	
7.753170862667261788000000000000000000000e+91	
-1.618499207483258929000000000000000000000e+92	
1.112504592585103258000000000000000000000e+91	
1.789476506750076517000000000000000000000e+92	
-6.043397869999085903000000000000000000000e+91	
1.074242386647079352000000000000000000000e+92	
-1.319573907102905756000000000000000000000e+92	
3.593642154670176515000000000000000000000e+91	
1.986804006051302346000000000000000000000e+92	
-4.070122876986827612000000000000000000000e+91	
1.220808903720933242000000000000000000000e+92	
-1.173007390029051866000000000000000000000e+92	
4.551950124150172724000000000000000000000e+91	
-1.938621281334967835000000000000000000000e+92	
-3.100378575828605502000000000000000000000e+91	
1.267072294090993669000000000000000000000e+92	
-1.126743999658991439000000000000000000000e+92	
6.025590745112606865000000000000000000000e+91	
-1.791257219238724421000000000000000000000e+92	
-6.162343829968473762000000000000000000000e+90	
1.616486781061773060000000000000000000000e+92	
-7.773295126882120477000000000000000000000e+91	
9.011368904725872924000000000000000000000e+91	
-1.492679403277397815000000000000000000000e+92	
1.861430064215692920000000000000000000000e+91	
1.813467141721456394000000000000000000000e+92	
-5.803491520285287139000000000000000000000e+91	
1.047356441664589860900000000000000000000e+92	
-1.346459852085395247000000000000000000000e+92	
2.816270101614319804000000000000000000000e+91	
1.858240847452630473000000000000000000000e+92	
-5.355754462973546349000000000000000000000e+91	
1.193980544843438672000000000000000000000e+92	
-1.199835748906546436000000000000000000000e+92	
5.300508231344263693000000000000000000000e+91	
-1.863765470615558738000000000000000000000e+92	
-1.335484821938447638000000000000000000000e+91	
1.545144654406758148000000000000000000000e+92	
-8.486716393432269601000000000000000000000e+91	
8.303773909576328688000000000000000000000e+91	
-1.563438902792352239000000000000000000000e+92	
1.159658440919640723000000000000000000000e+91	
1.743872026766790063000000000000000000000e+92	
-6.499442669831950446000000000000000000000e+91	
9.783430844186809939000000000000000000000e+91	
-1.415473209331304114000000000000000000000e+92	
2.131951211022565396000000000000000000000e+91	
1.790390137202251175000000000000000000000e+92	
-6.034261565477339324000000000000000000000e+91	
1.124991802753259610000000000000000000000e+92	
-1.268824490996725497000000000000000000000e+92	
4.599246155661409612000000000000000000000e+91	
2.137150600825291860000000000000000000000e+92	
-2.566656929246932472000000000000000000000e+91	
1.420916916188555335000000000000000000000e+92	
-9.728993775614297726000000000000000000000e+91	
7.050396779257416650000000000000000000000e+91	
-1.688776615824243443000000000000000000000e+92	
-1.048129135499806122000000000000000000000e+90	
1.616316021028464068000000000000000000000e+92	
-7.775002727215210401000000000000000000000e+91	
8.496787602379238658000000000000000000000e+91	
-1.544137533512061242000000000000000000000e+92	
8.342303005336417304000000000000000000000e+90	
1.659510830585017817000000000000000000000e+92	
-7.343054631649672910000000000000000000000e+91	
9.966313298527411648000000000000000000000e+91	
-1.397184963897243943000000000000000000000e+92	
3.340817228401429431000000000000000000000e+91	
2.013824035355467323000000000000000000000e+92	
-3.799922583945177844000000000000000000000e+91	
1.300105425680093970000000000000000000000e+92	
-1.093710868069891138000000000000000000000e+92	
5.867420107070600558000000000000000000000e+91	
-1.807074283042925052000000000000000000000e+92	
-1.262663863325664698000000000000000000000e+91	
1.503042247865948552000000000000000000000e+92	
-8.907740458840365558000000000000000000000e+91	
7.389150590866977288000000000000000000000e+91	
-1.654901234663287379000000000000000000000e+92	
-2.483184826834962873000000000000000000000e+90	
1.553763526532717191000000000000000000000e+92	
-8.400527672172679162000000000000000000000e+91	
8.857217004285861632000000000000000000000e+91	
-1.508094593321398944000000000000000000000e+92	
2.180123371667526939000000000000000000000e+91	
1.892597461276891364000000000000000000000e+92	
-5.012188324730937440000000000000000000000e+91	
1.173724229762449102000000000000000000000e+92	
-1.220092063987536006000000000000000000000e+92	
4.552087582391660464000000000000000000000e+91	
-1.938607535510819061000000000000000000000e+92	
-2.629491313385511925000000000000000000000e+91	
1.361212573058005037000000000000000000000e+92	
-1.032603720691980070900000000000000000000e+92	
5.970324428157685482000000000000000000000e+91	
-1.796783850934216559000000000000000000000e+92	
-1.667673796550080439000000000000000000000e+91	
1.411775106364473386000000000000000000000e+92	
-9.820411873855117211000000000000000000000e+91	
7.440366095722760290000000000000000000000e+91	
-1.649779684177709079000000000000000000000e+92	
7.663042466517348656000000000000000000000e+90	
1.751518576247966826000000000000000000000e+92	
-6.422977175020182816000000000000000000000e+91	
1.032948221399192988800000000000000000000e+92	
-1.360868072350792119000000000000000000000e+92	
3.147354758096433339000000000000000000000e+91	
1.938842351494432679000000000000000000000e+92	
-4.549739422555524284000000000000000000000e+91	
1.173999406629104064000000000000000000000e+92	
-1.219816887120881044000000000000000000000e+92	
4.095370993966674522000000000000000000000e+91	
-1.984279194353317655000000000000000000000e+92	
-3.545447596339344089000000000000000000000e+91	
1.223715830186210002000000000000000000000e+92	
-1.170100463563775105000000000000000000000e+92	
5.568272561789023186000000000000000000000e+91	
-1.836989037571082789000000000000000000000e+92	
-1.097294289224319274000000000000000000000e+91	
1.566007799697511691000000000000000000000e+92	
-8.278084940524734162000000000000000000000e+91	
8.482860993276675269000000000000000000000e+91	
-1.545530194422317581000000000000000000000e+92	
1.309215858691204250000000000000000000000e+91	
1.755876271547174767000000000000000000000e+92	
-6.379400222028103404000000000000000000000e+91	
9.894864307709254553000000000000000000000e+91	
-1.404329862979059652000000000000000000000e+92	
2.234779974677058864000000000000000000000e+91	
1.799812971809028667000000000000000000000e+92	
-5.940033219409564406000000000000000000000e+91	
1.136221395360565655000000000000000000000e+92	
-1.257594898389419453000000000000000000000e+92	
4.729600670088683168000000000000000000000e+91	
-1.920856226741116791000000000000000000000e+92	
-1.899711775998755670000000000000000000000e+91	
1.489389687248009618000000000000000000000e+92	
-9.044266065019754896000000000000000000000e+91	
7.752898197393824539000000000000000000000e+91	
-1.618526474010602654000000000000000000000e+92	
6.154533667280534842000000000000000000000e+90	
1.690118251170613577000000000000000000000e+92	
-7.036980425793715304000000000000000000000e+91	
9.252557088345906041000000000000000000000e+91	
-1.468560584915394504000000000000000000000e+92	
1.607738138844877811000000000000000000000e+91	
1.738634566870089048000000000000000000000e+92	
-6.551817268798960591000000000000000000000e+91	
1.071897612834273825000000000000000000000e+92	
-1.321918680915711283000000000000000000000e+92	
4.054924722480686825000000000000000000000e+91	
2.081381169964330581000000000000000000000e+92	
-3.124351237856545265000000000000000000000e+91	
1.363810863309527010000000000000000000000e+92	
-1.030005430440458097700000000000000000000e+92	
6.465976682222580040000000000000000000000e+91	
-1.747218625527727104000000000000000000000e+92	
-7.025859302037029932000000000000000000000e+90	
1.555204091932888905000000000000000000000e+92	
-8.386122018170962024000000000000000000000e+91	
7.880101151288106350000000000000000000000e+91	
-1.605806178621174473000000000000000000000e+92	
2.119794599029285249000000000000000000000e+90	
1.596729584489685770000000000000000000000e+92	
-7.970867092602993370000000000000000000000e+91	
9.351113199776919201000000000000000000000e+91	
-1.458704973772293188000000000000000000000e+92	
2.738223215088414232000000000000000000000e+91	
1.954824615203752797000000000000000000000e+92	
-4.389916785462323107000000000000000000000e+91	
1.242365359656025179000000000000000000000e+92	
-1.151450934093959928000000000000000000000e+92	
5.302606720707586085000000000000000000000e+91	
-1.863555621679226499000000000000000000000e+92	
-1.814896240090709740000000000000000000000e+91	
1.449076485033024001000000000000000000000e+92	
-9.447398087169611065000000000000000000000e+91	
6.862061452927338121000000000000000000000e+91	
-1.707610148457251296000000000000000000000e+92	
-7.628453851652914332000000000000000000000e+90	
1.503566434648433194000000000000000000000e+92	
-8.902498591015519134000000000000000000000e+91	
8.329360053530235517000000000000000000000e+91	
-1.560880288396961556000000000000000000000e+92	
1.626393271641204772000000000000000000000e+91	
1.834638423970270490000000000000000000000e+92	
-5.591778697797146174000000000000000000000e+91	
1.113180452134112914000000000000000000000e+92	
-1.280635841615872194000000000000000000000e+92	
3.920815266308978388000000000000000000000e+91	
-2.001734767119087269000000000000000000000e+92	
-3.286585312251391634000000000000000000000e+91	
1.292922289954858105000000000000000000000e+92	
-1.100894003795127002000000000000000000000e+92	
5.342942256096426180000000000000000000000e+91	
-1.859522068140342490000000000000000000000e+92	
-2.239562940480048947000000000000000000000e+91	
1.360132733075811913000000000000000000000e+92	
-1.033683560674173194600000000000000000000e+92	
6.807298713768004638000000000000000000000e+91	
-1.713086422373184644000000000000000000000e+92	
1.665126540594741524000000000000000000000e+89	
1.664900520283046004000000000000000000000e+92	
-7.289157734669391041000000000000000000000e+91	
9.346832067951786514000000000000000000000e+91	
-1.459133086954806456000000000000000000000e+92	
2.048292988817093524000000000000000000000e+91	
1.817300805673114054000000000000000000000e+92	
-5.765154880768710530000000000000000000000e+91	
1.077236955179376795000000000000000000000e+92	
-1.316579338570608313000000000000000000000e+92	
3.375414105635089736000000000000000000000e+91	
1.940176178517264163000000000000000000000e+92	
-4.536401152327209446000000000000000000000e+91	
1.220756785050482214000000000000000000000e+92	
-1.173059508699502894000000000000000000000e+92	
5.016954233820248850000000000000000000000e+91	
-1.892120870367960223000000000000000000000e+92	
-2.170080846689715579000000000000000000000e+91	
1.406608272790998798000000000000000000000e+92	
-9.872080209589863092000000000000000000000e+91	
6.435206458943850400000000000000000000000e+91	
-1.750295647855600068000000000000000000000e+92	
-1.191872169344014046000000000000000000000e+91	
1.460446685294021703000000000000000000000e+92	
-9.333696084559634046000000000000000000000e+91	
7.903336183080779087000000000000000000000e+91	
-1.603482675441907199000000000000000000000e+92	
1.205540449541271509000000000000000000000e+91	
1.793069989248853501000000000000000000000e+92	
-6.007463045011316064000000000000000000000e+91	
1.072128607682968702000000000000000000000e+92	
-1.321687686067016405000000000000000000000e+92	
3.515460153597321571000000000000000000000e+91	
1.973284223707019393000000000000000000000e+92	
-4.205320700429657150000000000000000000000e+91	
1.213405879244878615000000000000000000000e+92	
-1.180410414505106493000000000000000000000e+92	
4.539057016943422252000000000000000000000e+91	
-1.939910592055642882000000000000000000000e+92	
-3.052164971460488062000000000000000000000e+91	
1.278001284601602434000000000000000000000e+92	
-1.115815009148382673000000000000000000000e+92	
6.005523236858064729000000000000000000000e+91	
-1.793263970064178635000000000000000000000e+92	
-7.655949276050163514000000000000000000000e+90	
1.588627857462458668000000000000000000000e+92	
-8.051884362875264400000000000000000000000e+91	
8.603615290293982084000000000000000000000e+91	
-1.533454764720586899000000000000000000000e+92	
1.324576352284812589000000000000000000000e+91	
1.746878185673390524000000000000000000000e+92	
-6.469381080765945834000000000000000000000e+91	
1.002785982470891254400000000000000000000e+92	
-1.391030311279093853000000000000000000000e+92	
2.590640899273083710000000000000000000000e+91	
1.857674513736679856000000000000000000000e+92	
-5.361417800133052510000000000000000000000e+91	
1.146880063045678749000000000000000000000e+92	
-1.246936230704306358000000000000000000000e+92	
4.364393517975270284000000000000000000000e+91	
-1.957376941952458079000000000000000000000e+92	
-2.736477960524721297000000000000000000000e+91	
1.358580633524290838000000000000000000000e+92	
-1.035235660225694269800000000000000000000e+92	
5.973717870354235398000000000000000000000e+91	
-1.796444506714561568000000000000000000000e+92	
-1.634582303939495364000000000000000000000e+91	
1.418052582690877095000000000000000000000e+92	
-9.757637110591080123000000000000000000000e+91	
7.440259733099188852000000000000000000000e+91	
-1.649790320440066222000000000000000000000e+92	
7.033480520461538811000000000000000000000e+90	
1.738941101422371018000000000000000000000e+92	
-6.548751923276140895000000000000000000000e+91	
1.014092017485100134200000000000000000000e+92	
-1.379724276264884973000000000000000000000e+92	
2.896036675277481879000000000000000000000e+91	
1.907438062010357002000000000000000000000e+92	
-4.863782317396281053000000000000000000000e+91	
1.155907216001757191000000000000000000000e+92	
-1.237909077748227917000000000000000000000e+92	
4.047503826243657656000000000000000000000e+91	
-1.989065911125619342000000000000000000000e+92	
-3.460326242558250507000000000000000000000e+91	
1.245520199305503806000000000000000000000e+92	
-1.148296094444481301000000000000000000000e+92	
5.504818218059006435000000000000000000000e+91	
-1.843334471944084464000000000000000000000e+92	
-1.442106575396347829000000000000000000000e+91	
1.503404779112251127000000000000000000000e+92	
-8.904115146377339804000000000000000000000e+91	
7.575752820820124772000000000000000000000e+91	
-1.636241011667972630000000000000000000000e+92	
1.211696030572154786000000000000000000000e+90	
1.608991819047136102000000000000000000000e+92	
-7.848244747028490051000000000000000000000e+91	
9.022043399383288958000000000000000000000e+91	
-1.491611953811656212000000000000000000000e+92	
1.957686061320205100000000000000000000000e+91	
1.831646632561627998000000000000000000000e+92	
-5.621696611883571090000000000000000000000e+91	
1.074085566639116609000000000000000000000e+92	
-1.319730727110868499000000000000000000000e+92	
3.169015143935171672000000000000000000000e+91	
1.902056478182992514000000000000000000000e+92	
-4.917598155669925931000000000000000000000e+91	
1.219667906769492924000000000000000000000e+92	
-1.174148386980492184000000000000000000000e+92	
5.376189381101003512000000000000000000000e+91	
-1.856197355639884756000000000000000000000e+92	
-1.440905968045086885000000000000000000000e+91	
1.516501323086147732000000000000000000000e+92	
-8.773149706638373754000000000000000000000e+91	
7.836418513180497714000000000000000000000e+91	
-1.610174442431935336000000000000000000000e+92	
5.114710004119638576000000000000000000000e+90	
1.660979077731672347000000000000000000000e+92	
-7.328372160183127602000000000000000000000e+91	
9.267100526987267928000000000000000000000e+91	
-1.467106241051258315000000000000000000000e+92	
1.928064496461640642000000000000000000000e+91	
1.801230276700960416000000000000000000000e+92	
-5.925860170490246917000000000000000000000e+91	
1.069751168753868798000000000000000000000e+92	
-1.324065124996116309000000000000000000000e+92	
3.386360943355273756000000000000000000000e+91	
1.949847062263899958000000000000000000000e+92	
-4.439692314860851500000000000000000000000e+91	
1.212271236980434317000000000000000000000e+92	
-1.181545056769550791000000000000000000000e+92	
4.750624793650423839000000000000000000000e+91	
-1.918753814384942724000000000000000000000e+92	
-2.617793932599997573000000000000000000000e+91	
1.343707626504191017000000000000000000000e+92	
-1.050108667245794090500000000000000000000e+92	
6.190583549921754932000000000000000000000e+91	
-1.774757938757809614000000000000000000000e+92	
-1.052302819801125993000000000000000000000e+91	
1.512803726096857522000000000000000000000e+92	
-8.810125676531275852000000000000000000000e+91	
7.613826654522196272000000000000000000000e+91	
-1.632433628297765480000000000000000000000e+92	
1.033556280215994020000000000000000000000e+90	
1.601624422025555600000000000000000000000e+92	
-7.921918717244295072000000000000000000000e+91	
9.066643459158933039000000000000000000000e+91	
-1.487151947834091804000000000000000000000e+92	
2.120501289922256508000000000000000000000e+91	
1.859743789117299679000000000000000000000e+92	
-5.340725046326854284000000000000000000000e+91	
1.113992476630952798000000000000000000000e+92	
-1.279823817119032309000000000000000000000e+92	
3.686123004886313326000000000000000000000e+91	
-2.025203993261353775000000000000000000000e+92	
-3.763969240122370832000000000000000000000e+91	
1.220926808503389618000000000000000000000e+92	
-1.172889485246595490000000000000000000000e+92	
5.137129347101922184000000000000000000000e+91	
-1.880103359039792889000000000000000000000e+92	
-1.931489815776422299000000000000000000000e+91	
1.442303074467696309000000000000000000000e+92	
-9.515132192822887986000000000000000000000e+91	
6.843162501526190405000000000000000000000e+91	
-1.709500043597366067000000000000000000000e+92	
-7.329334859934398734000000000000000000000e+90	
1.511436280464521395000000000000000000000e+92	
-8.823800132854637122000000000000000000000e+91	
8.304741925837427888000000000000000000000e+91	
-1.563342101166242319000000000000000000000e+92	
1.498509975422853912000000000000000000000e+91	
1.811528716669821974000000000000000000000e+92	
-5.822875770801631336000000000000000000000e+91	
1.079754503771390667000000000000000000000e+92	
-1.314061789978594440000000000000000000000e+92	
3.483444712659132134000000000000000000000e+91	
1.959260627898263429000000000000000000000e+92	
-4.345556658517216786000000000000000000000e+91	
1.222295798957974452000000000000000000000e+92	
-1.171520494792010655000000000000000000000e+92	
4.856977336126119599000000000000000000000e+91	
-1.908118560137373148000000000000000000000e+92	
-2.505337506642213092000000000000000000000e+91	
1.355563353677610028000000000000000000000e+92	
-1.038252940072375080000000000000000000000e+92	
6.296074319622035749000000000000000000000e+91	
-1.764208861787781533000000000000000000000e+92	
-9.598720493586748023000000000000000000000e+90	
1.520741453169305256000000000000000000000e+92	
-8.730748405806798515000000000000000000000e+91	
7.720712253276857822000000000000000000000e+91	
-1.621745068422299326000000000000000000000e+92	
2.377358647999717191000000000000000000000e+90	
1.617810541186423901000000000000000000000e+92	
-7.760057525635612062000000000000000000000e+91	
9.170149041023172656000000000000000000000e+91	
-1.476801389647667842000000000000000000000e+92	
2.165680303744414717000000000000000000000e+91	
1.858431936420232200000000000000000000000e+92	
-5.353843573297529074000000000000000000000e+91	
1.106853771134933703000000000000000000000e+92	
-1.286962522615051404000000000000000000000e+92	
3.556496420301193742000000000000000000000e+91	
-2.038166651719865733000000000000000000000e+92	
-3.951806370399381712000000000000000000000e+91	
1.196324937857366314000000000000000000000e+92	
-1.197491355892618793000000000000000000000e+92	
5.014528464044540032000000000000000000000e+91	
-1.892363447345531104000000000000000000000e+92	
-1.930734296495855334000000000000000000000e+91	
1.454708127579785946000000000000000000000e+92	
-9.391081661701991620000000000000000000000e+91	
7.090446684541857627000000000000000000000e+91	
-1.684771625295799345000000000000000000000e+92	
-3.624769804916910862000000000000000000000e+90	
1.560793033374602076000000000000000000000e+92	
-8.330232603753830312000000000000000000000e+91	
8.537196275980012146000000000000000000000e+91	
-1.540096666151983893000000000000000000000e+92	
1.469981094203671802000000000000000000000e+91	
1.782590493704300901000000000000000000000e+92	
-6.112258000456842066000000000000000000000e+91	
1.024743927790986525500000000000000000000e+92	
-1.369072365958998582000000000000000000000e+92	
2.672745176387093870000000000000000000000e+91	
1.852144265534921861000000000000000000000e+92	
-5.416720282150632467000000000000000000000e+91	
1.170426378749574385000000000000000000000e+92	
-1.223389915000410723000000000000000000000e+92	
4.890477609402543750000000000000000000000e+91	
-1.904768532809730732000000000000000000000e+92	
-1.919917567362506637000000000000000000000e+91	
1.469269846946568236000000000000000000000e+92	
-9.245464468034168721000000000000000000000e+91	
7.370797256906366369000000000000000000000e+91	
-1.656736568059348471000000000000000000000e+92	
5.253991811816980998000000000000000000000e+89	
1.615754653951973863000000000000000000000e+92	
-7.780616397980112444000000000000000000000e+91	
8.801319677840465987000000000000000000000e+91	
-1.513684325965938509000000000000000000000e+92	
1.448753772699324416000000000000000000000e+91	
1.751946890201342073000000000000000000000e+92	
-6.418694035486430342000000000000000000000e+91	
1.023395120311783716900000000000000000000e+92	
-1.370421173438201391000000000000000000000e+92	
2.952059271093634748000000000000000000000e+91	
1.909341320137067771000000000000000000000e+92	
-4.844749736129173364000000000000000000000e+91	
1.165633336086401766000000000000000000000e+92	
-1.228182957663583341000000000000000000000e+92	
4.222954714811884496000000000000000000000e+91	
-1.971520822268796658000000000000000000000e+92	
-3.206724578750674013000000000000000000000e+91	
1.278691553898503022000000000000000000000e+92	
-1.115124739851482086000000000000000000000e+92	
5.670834811137535184000000000000000000000e+91	
-1.826732812636231589000000000000000000000e+92	
-1.441704473147066635000000000000000000000e+91	
1.486891782352607587000000000000000000000e+92	
-9.069245113973775208000000000000000000000e+91	
7.245173163343244560000000000000000000000e+91	
-1.669298977415660652000000000000000000000e+92	
-3.747774053326914586000000000000000000000e+90	
1.542868612915840589000000000000000000000e+92	
-8.509476808341445190000000000000000000000e+91	
8.711371907132150427000000000000000000000e+91	
-1.522679103036770065000000000000000000000e+92	
1.997400675457092933000000000000000000000e+91	
1.870639267029184121000000000000000000000e+92	
-5.231770267208009862000000000000000000000e+91	
1.148081945253726852000000000000000000000e+92	
-1.245734348496258256000000000000000000000e+92	
4.258842169221730787000000000000000000000e+91	
-1.967932076827812029000000000000000000000e+92	
-2.959540969235209336000000000000000000000e+91	
1.324529014833356892000000000000000000000e+92	
-1.069287278916628216000000000000000000000e+92	
5.681805965428104010000000000000000000000e+91	
-1.825635697207174707000000000000000000000e+92	
-1.877914115663877997000000000000000000000e+91	
1.398574993164265784000000000000000000000e+92	
-9.952413005857193241000000000000000000000e+91	
7.143023908563478100000000000000000000000e+91	
-1.679513902893637298000000000000000000000e+92	
3.037032892386781185000000000000000000000e+90	
1.688740827876572750000000000000000000000e+92	
-7.050754658734123574000000000000000000000e+91	
9.536610406999831120000000000000000000000e+91	
-1.440155253050001996000000000000000000000e+92	
2.189470789939114528000000000000000000000e+91	
1.826560950684529702000000000000000000000e+92	
-5.672553430654554058000000000000000000000e+91	
1.096761192144131247000000000000000000000e+92	
-1.297055101605853861000000000000000000000e+92	
3.673246313745182180000000000000000000000e+91	
1.980213277609583953000000000000000000000e+92	
-4.136030161404011548000000000000000000000e+91	
1.239047295255014119000000000000000000000e+92	
-1.154768998494970988000000000000000000000e+92	
4.982501672737474668000000000000000000000e+91	
-1.895566126476237641000000000000000000000e+92	
-2.421782899011259006000000000000000000000e+91	
1.359723930240535224000000000000000000000e+92	
-1.034092363509449884100000000000000000000e+92	
6.426368924690376078000000000000000000000e+91	
-1.751179401280947500000000000000000000000e+92	
-7.409327424224147608000000000000000000000e+90	
1.551495442489191272000000000000000000000e+92	
-8.423208512607938351000000000000000000000e+91	
7.840398392711389306000000000000000000000e+91	
-1.609776454478846177000000000000000000000e+92	
1.696617392166451712000000000000000000000e+90	
1.592236446348319544000000000000000000000e+92	
-8.015798474016655632000000000000000000000e+91	
9.311771732395802366000000000000000000000e+91	
-1.462639120510404871000000000000000000000e+92	
2.704468879820155670000000000000000000000e+91	
1.952007616834691732000000000000000000000e+92	
-4.418086769152933752000000000000000000000e+91	
1.240106518529584918000000000000000000000e+92	
-1.153709775220400190000000000000000000000e+92	
5.285597104101056277000000000000000000000e+91	
-1.865256583339879480000000000000000000000e+92	
-1.826329838425300740000000000000000000000e+91	
1.448490449526336898000000000000000000000e+92	
-9.453258442236482096000000000000000000000e+91	
6.861771567505005992000000000000000000000e+91	
-1.707639136999484508000000000000000000000e+92	
-7.575675731859255976000000000000000000000e+90	
1.504650708500221176000000000000000000000e+92	
-8.891655852497639319000000000000000000000e+91	
8.328415284283514768000000000000000000000e+91	
-1.560974765321633631000000000000000000000e+92	
1.613666860891814523000000000000000000000e+91	
1.832188205079313632000000000000000000000e+92	
-5.616280886706714753000000000000000000000e+91	
1.109553241469586933000000000000000000000e+92	
-1.284263052280398174000000000000000000000e+92	
3.872779099435972256000000000000000000000e+91	
2.007324221509764930000000000000000000000e+92	
-3.864920722402201772000000000000000000000e+91	
1.250979276323248155000000000000000000000e+92	
-1.142837017426736953000000000000000000000e+92	
4.950107395896282847000000000000000000000e+91	
-1.898805554160356823000000000000000000000e+92	
-2.605815760174257589000000000000000000000e+91	
1.326164332254675512000000000000000000000e+92	
-1.067651961495309596000000000000000000000e+92	
6.411865006192712482000000000000000000000e+91	
-1.752629793130713859000000000000000000000e+92	
-4.345043967083460190000000000000000000000e+90	
1.614215531719438924000000000000000000000e+92	
-7.796007620305461834000000000000000000000e+91	
8.784315676010328703000000000000000000000e+91	
-1.515384726148952237000000000000000000000e+92	
1.430137793992671924000000000000000000000e+91	
1.749924174865908354000000000000000000000e+92	
-6.438921188840767536000000000000000000000e+91	
1.021715984460840507200000000000000000000e+92	
-1.372100309289144600000000000000000000000e+92	
2.938701997544972696000000000000000000000e+91	
1.908348830374960672000000000000000000000e+92	
-4.854674633750244361000000000000000000000e+91	
1.163916047674865800000000000000000000000e+92	
-1.229900246075119308000000000000000000000e+92	
4.198537451291042536000000000000000000000e+91	
-1.973962548620880854000000000000000000000e+92	
-3.238382616383325345000000000000000000000e+91	
1.274802033073999770000000000000000000000e+92	
-1.119014260675985338000000000000000000000e+92	
5.647302651748185178000000000000000000000e+91	
-1.829086028575166590000000000000000000000e+92	
-1.449881229373995412000000000000000000000e+91	
1.487608882857332193000000000000000000000e+92	
-9.062074108926529145000000000000000000000e+91	
7.267684291579532086000000000000000000000e+91	
-1.667047864592031899000000000000000000000e+92	
-3.369337881912557709000000000000000000000e+90	
1.548185460472042594000000000000000000000e+92	
-8.456308332779425138000000000000000000000e+91	
8.732048169360495996000000000000000000000e+91	
-1.520611476813935508000000000000000000000e+92	
1.985600894676993792000000000000000000000e+91	
1.866213300878107825000000000000000000000e+92	
-5.276029928718772828000000000000000000000e+91	
1.140411606453018592000000000000000000000e+92	
-1.253404687296966515000000000000000000000e+92	
4.149711200913230912000000000000000000000e+91	
-1.978845173658662016000000000000000000000e+92	
-3.101083379685665404000000000000000000000e+91	
1.307135242586917423000000000000000000000e+92	
-1.086681051163067685000000000000000000000e+92	
5.576636710995984218000000000000000000000e+91	
-1.836152622650386686000000000000000000000e+92	
-1.914349125909368615000000000000000000000e+91	
1.401801495877025224000000000000000000000e+92	
-9.920147978729598839000000000000000000000e+91	
7.029906966060815040000000000000000000000e+91	
-1.690825597143903604000000000000000000000e+92	
4.527672901689316974000000000000000000000e+89	
1.648374441672875605000000000000000000000e+92	
-7.454418520771095028000000000000000000000e+91	
8.987781523062315606000000000000000000000e+91	
-1.495038141443753547000000000000000000000e+92	
1.495549128044317498000000000000000000000e+91	
1.742666727498300836000000000000000000000e+92	
-6.511495662516842718000000000000000000000e+91	
1.043659930462455457400000000000000000000e+92	
-1.350156363287529650000000000000000000000e+92	
3.450010065349201037000000000000000000000e+91	
1.988651972576177331000000000000000000000e+92	
-4.051643211738077763000000000000000000000e+91	
1.238859977924299132000000000000000000000e+92	
-1.154956315825685976000000000000000000000e+92	
4.894411305334651862000000000000000000000e+91	
-1.904375163216519921000000000000000000000e+92	
-2.596047552996650291000000000000000000000e+91	
1.333684324799680300000000000000000000000e+92	
-1.060131968950304807000000000000000000000e+92	
6.348539371064338216000000000000000000000e+91	
-1.758962356643551286000000000000000000000e+92	
-6.362866527173526368000000000000000000000e+90	
1.580198534569347720000000000000000000000e+92	
-8.136177591806373881000000000000000000000e+91	
8.305826860114248812000000000000000000000e+91	
-1.563233607738560226000000000000000000000e+92	
8.133989705232430864000000000000000000000e+90	
1.674432172018025924000000000000000000000e+92	
-7.193841217319591832000000000000000000000e+91	
9.755587116773027971000000000000000000000e+91	
-1.418257582072682310000000000000000000000e+92	
2.770330580875225538000000000000000000000e+91	
1.920817228142191944000000000000000000000e+92	
-4.729990656077931634000000000000000000000e+91	
1.171158371212390653000000000000000000000e+92	
-1.222657922537594454000000000000000000000e+92	
4.218725952852892646000000000000000000000e+91	
-1.971943698464695843000000000000000000000e+92	
-3.270402853094786318000000000000000000000e+91	
1.266381733835817260000000000000000000000e+92	
-1.127434559914167848000000000000000000000e+92	
5.673608495874196514000000000000000000000e+91	
-1.826455444162565456000000000000000000000e+92	
-1.313121545419174919000000000000000000000e+91	
1.512324738304799860000000000000000000000e+92	
-8.814915554451852475000000000000000000000e+91	
7.625186774621566206000000000000000000000e+91	
-1.631297616287828487000000000000000000000e+92	
1.308577088084683860000000000000000000000e+90	
1.605988022839739846000000000000000000000e+92	
-7.878282709102452614000000000000000000000e+91	
9.076088479417477885000000000000000000000e+91	
-1.486207445808237319000000000000000000000e+92	
2.095772338047970807000000000000000000000e+91	
1.853855197444815369000000000000000000000e+92	
-5.399610963051697382000000000000000000000e+91	
1.104689888355242735000000000000000000000e+92	
-1.289126405394742372000000000000000000000e+92	
3.558974146455490762000000000000000000000e+91	
1.949439780753301125000000000000000000000e+92	
-4.443765129966839822000000000000000000000e+91	
1.249243341729267370000000000000000000000e+92	
-1.144572952020717738000000000000000000000e+92	
5.493953678599412840000000000000000000000e+91	
-1.844420925890043824000000000000000000000e+92	
-1.501043142745305594000000000000000000000e+91	
1.492706311977997506000000000000000000000e+92	
-9.011099817719876017000000000000000000000e+91	
7.420743957473642155000000000000000000000e+91	
-1.651741898002620892000000000000000000000e+92	
-8.183955220380083170000000000000000000000e+89	
1.583893263149091848000000000000000000000e+92	
-8.099230306008932596000000000000000000000e+91	
8.872892792582048900000000000000000000000e+91	
-1.506527014491780218000000000000000000000e+92	
1.910319726731249002000000000000000000000e+91	
1.837083360849447299000000000000000000000e+92	
-5.567329329005378088000000000000000000000e+91	
1.089690593720059645000000000000000000000e+92	
-1.304125700029925462000000000000000000000e+92	
3.426697798336622068000000000000000000000e+91	
1.937982924066832659000000000000000000000e+92	
-4.558333696831524484000000000000000000000e+91	
1.234055759787679372000000000000000000000e+92	
-1.159760533962305736000000000000000000000e+92	
5.304789173247087136000000000000000000000e+91	
-1.863337376425276394000000000000000000000e+92	
-1.727477776659333510000000000000000000000e+91	
1.466337690544357930000000000000000000000e+92	
-9.274786032056271777000000000000000000000e+91	
7.119824701623409413000000000000000000000e+91	
-1.681833823587644166000000000000000000000e+92	
-4.199733198855607302000000000000000000000e+90	
1.546360287243831716000000000000000000000e+92	
-8.474560065061533916000000000000000000000e+91	
8.576759119160405988000000000000000000000e+91	
-1.536140381833944509000000000000000000000e+92	
1.693342725606401493000000000000000000000e+91	
1.823297388594700067000000000000000000000e+92	
-5.705189051552850402000000000000000000000e+91	
1.083812411911606355000000000000000000000e+92	
-1.310003881838378752000000000000000000000e+92	
3.446954530195815947000000000000000000000e+91	
1.947908518753750228000000000000000000000e+92	
-4.459077749962348792000000000000000000000e+91	
1.227255281176841254000000000000000000000e+92	
-1.166561012573143853000000000000000000000e+92	
5.069606894426234700000000000000000000000e+91	
-1.886855604307361638000000000000000000000e+92	
-2.129754349353572355000000000000000000000e+91	
1.409408919630967231000000000000000000000e+92	
-9.844073741190178767000000000000000000000e+91	
6.489238822466029471000000000000000000000e+91	
-1.744892411503382160000000000000000000000e+92	
-1.111826862946831279000000000000000000000e+91	
1.471051215641083226000000000000000000000e+92	
-9.227650781089018819000000000000000000000e+91	
7.954234174748198316000000000000000000000e+91	
-1.598392876275165276000000000000000000000e+92	
1.201318574441590657000000000000000000000e+91	
1.787138558199933358000000000000000000000e+92	
-6.066777355500517496000000000000000000000e+91	
1.060690674867683667000000000000000000000e+92	
-1.333125618882301441000000000000000000000e+92	
3.346043211861777309000000000000000000000e+91	
1.950841507219478535000000000000000000000e+92	
-4.429747865305065728000000000000000000000e+91	
1.202631117880262696000000000000000000000e+92	
-1.191185175869722411000000000000000000000e+92	
4.547930886882052914000000000000000000000e+91	
-1.939023205061779816000000000000000000000e+92	
-2.926727656683127499000000000000000000000e+91	
1.302195559577006152000000000000000000000e+92	
-1.091620734172978956000000000000000000000e+92	
6.000666531642537436000000000000000000000e+91	
-1.793749640585731364000000000000000000000e+92	
-1.017128263671810386700000000000000000000e+91	
1.538819137069922184000000000000000000000e+92	
-8.549971566800629234000000000000000000000e+91	
7.859096920407576568000000000000000000000e+91	
-1.607906601709227451000000000000000000000e+92	
3.337494572701145198000000000000000000000e+90	
1.623176901638928487000000000000000000000e+92	
-7.706393921110566202000000000000000000000e+91	
9.313333872528577654000000000000000000000e+91	
-1.462482906497127342000000000000000000000e+92	
2.398341810406618969000000000000000000000e+91	
1.890641301636976803000000000000000000000e+92	
-5.031749921130083046000000000000000000000e+91	
1.148001900153143768000000000000000000000e+92	
-1.245814393596841340000000000000000000000e+92	
4.057320863157300066000000000000000000000e+91	
-1.988084207434255101000000000000000000000e+92	
-3.361683238071000930000000000000000000000e+91	
1.264262675930048726000000000000000000000e+92	
-1.129553617819936382000000000000000000000e+92	
5.504167893460578240000000000000000000000e+91	
-1.843399504403927284000000000000000000000e+92	
-1.630738391939865922000000000000000000000e+91	
1.465752803495154516000000000000000000000e+92	
-9.280634902548305915000000000000000000000e+91	
7.011438630781376905000000000000000000000e+91	
-1.692672430671847417000000000000000000000e+92	
-6.308455616244361302000000000000000000000e+90	
1.515029546386004228000000000000000000000e+92	
-8.787867473639808800000000000000000000000e+91	
8.480581008307341300000000000000000000000e+91	
-1.545758192919250978000000000000000000000e+92	
1.814185854239309124000000000000000000000e+91	
1.857073024960373406000000000000000000000e+92	
-5.367432687896117010000000000000000000000e+91	
1.139268576708481370000000000000000000000e+92	
-1.254547717041503738000000000000000000000e+92	
4.218213565488351842000000000000000000000e+91	
-1.971994937201149923000000000000000000000e+92	
-2.952688132994494278000000000000000000000e+91	
1.329960079456912293000000000000000000000e+92	
-1.063856214293072815000000000000000000000e+92	
5.635643944378554770000000000000000000000e+91	
-1.830251899312129631000000000000000000000e+92	
-2.024498801996810028000000000000000000000e+91	
1.373879255714368348000000000000000000000e+92	
-1.019937038035616759500000000000000000000e+92	
7.108743093404994620000000000000000000000e+91	
-1.682941984409485646000000000000000000000e+92	
4.819931911655386088000000000000000000000e+90	
1.727816310819706093000000000000000000000e+92	
-6.659999829302790144000000000000000000000e+91	
1.013972442700281543200000000000000000000e+92	
-1.379843851049703564000000000000000000000e+92	
3.004838316202787356000000000000000000000e+91	
1.929312490765436352000000000000000000000e+92	
-4.645038029845487554000000000000000000000e+91	
1.164705565800911446000000000000000000000e+92	
-1.229110727949073662000000000000000000000e+92	
4.004791610097965365000000000000000000000e+91	
-1.993337132740188571000000000000000000000e+92	
-3.633669129805097288000000000000000000000e+91	
1.215129344537329675000000000000000000000e+92	
-1.178686949212655432000000000000000000000e+92	
5.477537803784478822000000000000000000000e+91	
-1.846062513371537225000000000000000000000e+92	
-1.192896525151895016000000000000000000000e+91	
1.555961070551107411000000000000000000000e+92	
-8.378552231988776970000000000000000000000e+91	
8.377531067457183531000000000000000000000e+91	
-1.556063187004266754000000000000000000000e+92	
1.199025718492349234000000000000000000000e+91	
1.744371477966526151000000000000000000000e+92	
-6.494448157834589564000000000000000000000e+91	
9.790248405711421835000000000000000000000e+91	
-1.414791453178842924000000000000000000000e+92	
2.140590914801556081000000000000000000000e+91	
1.791436231123452578000000000000000000000e+92	
-6.023800626265325296000000000000000000000e+91	
1.125651194509622826000000000000000000000e+92	
-1.268165099240362282000000000000000000000e+92	
4.601974976068452059000000000000000000000e+91	
2.137037165503739792000000000000000000000e+92	
-2.567791282462453156000000000000000000000e+91	
1.420417355762421976000000000000000000000e+92	
-9.733989379875631321000000000000000000000e+91	
7.041541845570215856000000000000000000000e+91	
-1.689662109192963522000000000000000000000e+92	
-1.175252559994297577000000000000000000000e+90	
1.614659237878070701000000000000000000000e+92	
-7.791570558719144064000000000000000000000e+91	
8.476366200573212732000000000000000000000e+91	
-1.546179673692663834000000000000000000000e+92	
8.099572462230073844000000000000000000000e+90	
1.656698551587799716000000000000000000000e+92	
-7.371177421621853918000000000000000000000e+91	
9.946372740057893480000000000000000000000e+91	
-1.399179019744195760000000000000000000000e+92	
3.329054829402199372000000000000000000000e+91	
2.013465204401988022000000000000000000000e+92	
-3.803510893479970857000000000000000000000e+91	
1.300563596875024026000000000000000000000e+92	
-1.093252696874961082000000000000000000000e+92	
5.880167774548154330000000000000000000000e+91	
-1.805799516295169675000000000000000000000e+92	
-1.241754304252202380000000000000000000000e+91	
1.505948986741899714000000000000000000000e+92	
-8.878673070080853934000000000000000000000e+91	
7.426371749424162797000000000000000000000e+91	
-1.651179118807568828000000000000000000000e+92	
-2.029476121965358849000000000000000000000e+90	
1.559115179189548015000000000000000000000e+92	
-8.347011145604370926000000000000000000000e+91	
8.893428820545497499000000000000000000000e+91	
-1.504473411695435358000000000000000000000e+92	
2.199039089613954689000000000000000000000e+91	
1.892760284011168361000000000000000000000e+92	
-5.010560097388167470000000000000000000000e+91	
1.172159163778937020000000000000000000000e+92	
-1.221657129971048087000000000000000000000e+92	
4.519166634522774666000000000000000000000e+91	
-1.941899630297707641000000000000000000000e+92	
-2.679673954423561989000000000000000000000e+91	
1.354468998696005671000000000000000000000e+92	
-1.039347295053979436200000000000000000000e+92	
5.939479433998804472000000000000000000000e+91	
-1.799868350350104660000000000000000000000e+92	
-1.661946251282150677000000000000000000000e+91	
1.416003294736772724000000000000000000000e+92	
-9.778129990132123837000000000000000000000e+91	
7.405258385918318630000000000000000000000e+91	
-1.653290455158153245000000000000000000000e+92	
6.538454576212469270000000000000000000000e+90	
1.732541438935720063000000000000000000000e+92	
-6.612748548142650446000000000000000000000e+91	
1.006243673275375377800000000000000000000e+92	
-1.387572620474609730000000000000000000000e+92	
2.803073625570574538000000000000000000000e+91	
1.896694516882008957000000000000000000000e+92	
-4.971217768679761508000000000000000000000e+91	
1.148239867287400045000000000000000000000e+92	
-1.245576426462585063000000000000000000000e+92	
4.001576994003904960000000000000000000000e+91	
-1.993658594349594612000000000000000000000e+92	
-3.475521721511363630000000000000000000000e+91	
1.247072257338651287000000000000000000000e+92	
-1.146744036411333821000000000000000000000e+92	
5.455336466906596613000000000000000000000e+91	
-1.848282647059325446000000000000000000000e+92	
-1.556558308471526982000000000000000000000e+91	
1.485465840958635126000000000000000000000e+92	
-9.083504527913499810000000000000000000000e+91	
7.331458108193443914000000000000000000000e+91	
-1.660670482930640716000000000000000000000e+92	
-1.879981393728303148000000000000000000000e+90	
1.571590970344979757000000000000000000000e+92	
-8.222253234050053505000000000000000000000e+91	
8.785713115759125734000000000000000000000e+91	
-1.515244982174072534000000000000000000000e+92	
1.858965463097958919000000000000000000000e+91	
1.835528692889966027000000000000000000000e+92	
-5.582876008600190802000000000000000000000e+91	
1.091714902136610266000000000000000000000e+92	
-1.302101391613374841000000000000000000000e+92	
3.482712834852859874000000000000000000000e+91	
1.947159842698986810000000000000000000000e+92	
-4.466564510509982976000000000000000000000e+91	
1.235656330815297977000000000000000000000e+92	
-1.158159962934687131000000000000000000000e+92	
5.245069112513150968000000000000000000000e+91	
-1.869309382498670011000000000000000000000e+92	
-1.862885922132741472000000000000000000000e+91	
1.445231834274611737000000000000000000000e+92	
-9.485844594753733702000000000000000000000e+91	
6.833153370471397126000000000000000000000e+91	
-1.710500956702845395000000000000000000000e+92	
-7.822197894591953740000000000000000000000e+90	
1.502581887574873962000000000000000000000e+92	
-8.912344061751111458000000000000000000000e+91	
8.299368907554589086000000000000000000000e+91	
-1.563879402994526199000000000000000000000e+92	
1.576266476277463080000000000000000000000e+91	
1.827613181581328777000000000000000000000e+92	
-5.662031121686563306000000000000000000000e+91	
1.104143648480138953000000000000000000000e+92	
-1.289672645269846155000000000000000000000e+92	
3.810341628009691934000000000000000000000e+91	
2.000246735345539750000000000000000000000e+92	
-3.935695584044453577000000000000000000000e+91	
1.245675150443065047000000000000000000000e+92	
-1.148141143306920060000000000000000000000e+92	
4.914790914493446847000000000000000000000e+91	
-1.902337202300640423000000000000000000000e+92	
-2.623416285227385471000000000000000000000e+91	
1.326174993718400150000000000000000000000e+92	
-1.067641300031584958000000000000000000000e+92	
6.374511111105865474000000000000000000000e+91	
-1.756365182639398560000000000000000000000e+92	
-5.093001586333934560000000000000000000000e+90	
1.602993632203907740000000000000000000000e+92	
-7.908226615460773682000000000000000000000e+91	
8.634692071959334256000000000000000000000e+91	
-1.530347086554051682000000000000000000000e+92	
1.243128196111857062000000000000000000000e+91	
1.727486476275018776000000000000000000000e+92	
-6.663298174749663313000000000000000000000e+91	
1.007213801594370232900000000000000000000e+92	
-1.386602492155614875000000000000000000000e+92	
2.872995833625494933000000000000000000000e+91	
1.909705833173052694000000000000000000000e+92	
-4.841104605769324136000000000000000000000e+91	
1.148499934162088370000000000000000000000e+92	
-1.245316359587896738000000000000000000000e+92	
3.876728627437539496000000000000000000000e+91	
-2.006143431006231158000000000000000000000e+92	
-3.727755696122096300000000000000000000000e+91	
1.209116638643458938000000000000000000000e+92	
-1.184699655106526170000000000000000000000e+92	
5.345648726191979958000000000000000000000e+91	
-1.859251421130787112000000000000000000000e+92	
-1.396511907759068970000000000000000000000e+91	
1.528430471375481446000000000000000000000e+92	
-8.653858223745036621000000000000000000000e+91	
8.030570144652747090000000000000000000000e+91	
-1.590759279284710399000000000000000000000e+92	
7.804455249848080478000000000000000000000e+90	
1.695355095805268859000000000000000000000e+92	
-6.984611979447162486000000000000000000000e+91	
9.452184314941988415000000000000000000000e+91	
-1.448597862255786266000000000000000000000e+92	
1.954550859751315747000000000000000000000e+91	
1.788027063445054883000000000000000000000e+92	
-6.057892303049302242000000000000000000000e+91	
1.090101161354318982000000000000000000000e+92	
-1.303715132395666126000000000000000000000e+92	
3.925225944453863604000000000000000000000e+91	
2.037253379846448860000000000000000000000e+92	
-3.565629139035362481000000000000000000000e+91	
1.288540667163153436000000000000000000000e+92	
-1.105275626586831671000000000000000000000e+92	
5.402005646171227328000000000000000000000e+91	
-1.853615729132862375000000000000000000000e+92	
-2.077671132276754194000000000000000000000e+91	
1.386599638270707434000000000000000000000e+92	
-1.007216655479277673800000000000000000000e+92	
6.854180364878738116000000000000000000000e+91	
-1.708398257262111296000000000000000000000e+92	
-1.541460985656320055000000000000000000000e+90	
1.626063715559238471000000000000000000000e+92	
-7.677525781907466366000000000000000000000e+91	
8.741001615349781044000000000000000000000e+91	
-1.519716132215007003000000000000000000000e+92	
1.225108354867310148000000000000000000000e+91	
1.713257741159013543000000000000000000000e+92	
-6.805585525909715646000000000000000000000e+91	
1.019293682551519884100000000000000000000e+92	
-1.374522611198465224000000000000000000000e+92	
3.256749874442769312000000000000000000000e+91	
1.974363673946718084000000000000000000000e+92	
-4.194526198032670235000000000000000000000e+91	
1.229606892645244664000000000000000000000e+92	
-1.164209401104740444000000000000000000000e+92	
4.852207527417444562000000000000000000000e+91	
-1.908595541008240652000000000000000000000e+92	
-2.587949302200358930000000000000000000000e+91	
1.339521849381141376000000000000000000000e+92	
-1.054294444368843731600000000000000000000e+92	
6.300472338256806320000000000000000000000e+91	
-1.763769059924304476000000000000000000000e+92	
-7.907429912625319961000000000000000000000e+90	
1.554119264793225112000000000000000000000e+92	
-8.396970289567599956000000000000000000000e+91	
7.938750723308798674000000000000000000000e+91	
-1.599941221419105240000000000000000000000e+92	
3.400922885087355860000000000000000000000e+90	
1.616483736046830700000000000000000000000e+92	
-7.773325577031544074000000000000000000000e+91	
9.401508410733806951000000000000000000000e+91	
-1.453665452676604412000000000000000000000e+92	
2.641545351394429244000000000000000000000e+91	
1.930456840721216531000000000000000000000e+92	
-4.633594530287685764000000000000000000000e+91	
1.203304912769695452000000000000000000000e+92	
-1.190511380980289656000000000000000000000e+92	
4.765148648491881168000000000000000000000e+91	
-1.917301428900796991000000000000000000000e+92	
-2.499134831363101522000000000000000000000e+91	
1.365981878792518293000000000000000000000e+92	
-1.027834414957466814300000000000000000000e+92	
6.192831914112955882000000000000000000000e+91	
-1.774533102338689519000000000000000000000e+92	
-1.270438881480120541000000000000000000000e+91	
1.468962645163077688000000000000000000000e+92	
-9.248536485869074198000000000000000000000e+91	
7.642009519780025099000000000000000000000e+91	
-1.629615341771982598000000000000000000000e+92	
5.978999592719513060000000000000000000000e+90	
1.697691792445805226000000000000000000000e+92	
-6.961245013041798814000000000000000000000e+91	
9.421534894472808454000000000000000000000e+91	
-1.451662804302704262000000000000000000000e+92	
1.869911934618866626000000000000000000000e+91	
1.774166907348770125000000000000000000000e+92	
-6.196493864012149826000000000000000000000e+91	
1.087675766182272582000000000000000000000e+92	
-1.306140527567712526000000000000000000000e+92	
4.015262694863547626000000000000000000000e+91	
2.057680437221291664000000000000000000000e+92	
-3.361358565286934438000000000000000000000e+91	
1.320385421823403630000000000000000000000e+92	
-1.073430871926581477000000000000000000000e+92	
5.834573343435777917000000000000000000000e+91	
-1.810358959406407316000000000000000000000e+92	
-1.531040078263601178000000000000000000000e+91	
1.452663402781987070000000000000000000000e+92	
-9.411528909679980381000000000000000000000e+91	
7.272740469328230214000000000000000000000e+91	
-1.666542246817162086000000000000000000000e+92	
2.245693939459928278000000000000000000000e+89	
1.619540354128129406000000000000000000000e+92	
-7.742759396218557014000000000000000000000e+91	
8.695395109906723754000000000000000000000e+91	
-1.524276782759312732000000000000000000000e+92	
1.199119190514065255000000000000000000000e+91	
1.712619582540959020000000000000000000000e+92	
-6.811967112090260878000000000000000000000e+91	
1.014508300204541936900000000000000000000e+92	
-1.379307993545443171000000000000000000000e+92	
3.167444453076897698000000000000000000000e+91	
1.961290034932680479000000000000000000000e+92	
-4.325262588173046282000000000000000000000e+91	
1.212392218639270302000000000000000000000e+92	
-1.181424075110714805000000000000000000000e+92	
4.638671046032134496000000000000000000000e+91	
-1.929949189146771658000000000000000000000e+92	
-2.842854926573675198000000000000000000000e+91	
1.309896431453653156000000000000000000000e+92	
-1.083919862296331952000000000000000000000e+92	
6.092092590482526148000000000000000000000e+91	
-1.784607034701732493000000000000000000000e+92	
-9.112920398028502078000000000000000000000e+90	
1.550843058812340273000000000000000000000e+92	
-8.429732349376448349000000000000000000000e+91	
7.993731963482226174000000000000000000000e+91	
-1.594443097401762490000000000000000000000e+92	
4.827731616577253881000000000000000000000e+90	
1.639517422131781087000000000000000000000e+92	
-7.542988716182040203000000000000000000000e+91	
9.446093956152242121000000000000000000000e+91	
-1.449206898134760896000000000000000000000e+92	
2.500472023812606545000000000000000000000e+91	
1.897792860305528296000000000000000000000e+92	
-4.960234334444568113000000000000000000000e+91	
1.152093519740749601000000000000000000000e+92	
-1.241722774009235506000000000000000000000e+92	
4.067652896552495790000000000000000000000e+91	
-1.987051004094735529000000000000000000000e+92	
-3.381920146406726868000000000000000000000e+91	
1.259183612240891398000000000000000000000e+92	
-1.134632681509093710000000000000000000000e+92	
5.518083723003165916000000000000000000000e+91	
-1.842007921449668516000000000000000000000e+92	
-1.552148298281752670000000000000000000000e+91	
1.480076020643259929000000000000000000000e+92	
-9.137402731067251782000000000000000000000e+91	
7.219280709810874313000000000000000000000e+91	
-1.671888222768897676000000000000000000000e+92	
-3.584257293108927303000000000000000000000e+90	
1.548726091119537401000000000000000000000e+92	
-8.450902026304477070000000000000000000000e+91	
8.680542558497802434000000000000000000000e+91	
-1.525762037900204864000000000000000000000e+92	
1.877211689699936322000000000000000000000e+91	
1.849688851881737830000000000000000000000e+92	
-5.441274418682472772000000000000000000000e+91	
1.118204458461902565000000000000000000000e+92	
-1.275611835288082542000000000000000000000e+92	
3.870841012012267270000000000000000000000e+91	
-2.006732192548758381000000000000000000000e+92	
-3.436724010693298110000000000000000000000e+91	
1.267896960557049821000000000000000000000e+92	
-1.125919333192935287000000000000000000000e+92	
5.304823957035425519000000000000000000000e+91	
-1.863333898046442556000000000000000000000e+92	
-2.065651817359991336000000000000000000000e+91	
1.398716235586335342000000000000000000000e+92	
-9.951000581636497654000000000000000000000e+91	
6.744277595350961654000000000000000000000e+91	
-1.719388534214888942000000000000000000000e+92	
-4.950026153266411859000000000000000000000e+90	
1.568894182981944055000000000000000000000e+92	
-8.249221107680410530000000000000000000000e+91	
8.166349747606174664000000000000000000000e+91	
-1.577181318989367641000000000000000000000e+92	
6.475014165284980326000000000000000000000e+90	
1.655201687329931647000000000000000000000e+92	
-7.386146064200534609000000000000000000000e+91	
9.619407539116890669000000000000000000000e+91	
-1.431875539838296041000000000000000000000e+92	
2.690248340709978825000000000000000000000e+91	
1.918415946091437006000000000000000000000e+92	
-4.754003476585481016000000000000000000000e+91	
1.174361240733466138000000000000000000000e+92	
-1.219455053016518970000000000000000000000e+92	
4.306768273729454657000000000000000000000e+91	
-1.963139466377039642000000000000000000000e+92	
-3.126374782724936719000000000000000000000e+91	
1.286380329592185489000000000000000000000e+92	
-1.107435964157799619000000000000000000000e+92	
5.754943023724807507000000000000000000000e+91	
-1.818321991377504357000000000000000000000e+92	
-1.350379398296938280000000000000000000000e+91	
1.496745616903978482000000000000000000000e+92	
-8.970706768460066254000000000000000000000e+91	
7.350921189708671684000000000000000000000e+91	
-1.658724174779117939000000000000000000000e+92	
-2.618232861408582359000000000000000000000e+90	
1.554884275493696294000000000000000000000e+92	
-8.389320182562888132000000000000000000000e+91	
8.816129254314662804000000000000000000000e+91	
-1.512203368318518827000000000000000000000e+92	
2.086766407767190242000000000000000000000e+91	
1.878037444763916718000000000000000000000e+92	
-5.157788489860683896000000000000000000000e+91	
1.153942493101938575000000000000000000000e+92	
-1.239873800648046532000000000000000000000e+92	
4.302079001125999533000000000000000000000e+91	
-1.963608393637385154000000000000000000000e+92	
-2.931665135429717766000000000000000000000e+91	
1.325781262871295022000000000000000000000e+92	
-1.068035030878690085000000000000000000000e+92	
5.726792371887455622000000000000000000000e+91	
-1.821137056561239545000000000000000000000e+92	
-1.800479939372133914000000000000000000000e+91	
1.409561572955965423000000000000000000000e+92	
-9.842547207940196846000000000000000000000e+91	
7.184130810590674890000000000000000000000e+91	
-1.675403212690917619000000000000000000000e+92	
2.760855144579765798000000000000000000000e+90	
1.679110002922929818000000000000000000000e+92	
-7.147062908270552892000000000000000000000e+91	
9.371645867738584037000000000000000000000e+91	
-1.456651706976126704000000000000000000000e+92	
1.955884128971175141000000000000000000000e+91	
1.796343487518447064000000000000000000000e+92	
-5.974728062315380440000000000000000000000e+91	
1.081094609072342431000000000000000000000e+92	
-1.312721684677642676000000000000000000000e+92	
3.662016868939239594000000000000000000000e+91	
1.993626733820947022000000000000000000000e+92	
-4.001895599290380857000000000000000000000e+91	
1.227616895170758473000000000000000000000e+92	
-1.166199398579226634000000000000000000000e+92	
4.619882748788140334000000000000000000000e+91	
-1.931828018871171074000000000000000000000e+92	
-3.032593167749522100000000000000000000000e+91	
1.273836120569506187000000000000000000000e+92	
-1.119980173180478920000000000000000000000e+92	
6.093449103688265320000000000000000000000e+91	
-1.784471383381158576000000000000000000000e+92	
-5.481560401642258832000000000000000000000e+90	
1.623316602822825691000000000000000000000e+92	
-7.704996909271594162000000000000000000000e+91	
9.079886887689728919000000000000000000000e+91	
-1.485827604981012216000000000000000000000e+92	
1.930167703162754682000000000000000000000e+91	
1.820362860282915010000000000000000000000e+92	
-5.734534334670700976000000000000000000000e+91	
1.054274103966671824400000000000000000000e+92	
-1.339542189783313283000000000000000000000e+92	
2.885666052834460843000000000000000000000e+91	
1.865202364479321080000000000000000000000e+92	
-5.286139292706640272000000000000000000000e+91	
1.200886298866620806000000000000000000000e+92	
-1.192929994883364302000000000000000000000e+92	
5.369008419055457054000000000000000000000e+91	
-1.856915451844439402000000000000000000000e+92	
-1.267541709371530730000000000000000000000e+91	
1.551883285872852902000000000000000000000e+92	
-8.419330078771322050000000000000000000000e+91	
8.370603703431644806000000000000000000000e+91	
-1.556755923406820627000000000000000000000e+92	
1.225931990931754957000000000000000000000e+91	
1.750443785066140941000000000000000000000e+92	
-6.433725086838441662000000000000000000000e+91	
9.848592736848543173000000000000000000000e+91	
-1.408957020065130790000000000000000000000e+92	
2.196557689901658819000000000000000000000e+91	
1.796795271353046484000000000000000000000e+92	
-5.970210223969386240000000000000000000000e+91	
1.131505743149666660000000000000000000000e+92	
-1.262310550600318448000000000000000000000e+92	
4.665473080588052643000000000000000000000e+91	
2.143881991291807513000000000000000000000e+92	
-2.499343024581775950000000000000000000000e+91	
1.427756950533450830000000000000000000000e+92	
-9.660593432165342780000000000000000000000e+91	
7.119883020804671560000000000000000000000e+91	
-1.681827991669517952000000000000000000000e+92	
-3.424131432083785816000000000000000000000e+89	
1.623481662704820654000000000000000000000e+92	
-7.703346310451644531000000000000000000000e+91	
8.569528296798574250000000000000000000000e+91	
-1.536863464070127682000000000000000000000e+92	
9.080547329987747224000000000000000000000e+90	
1.667001593701968414000000000000000000000e+92	
-7.268147000480166934000000000000000000000e+91	
1.003882837047150900800000000000000000000e+92	
-1.389933456702834207000000000000000000000e+92	
3.410940931819574122000000000000000000000e+91	
2.020597387855374939000000000000000000000e+92	
-3.732189058946101684000000000000000000000e+91	
1.306639879289556072000000000000000000000e+92	
-1.087176414460429036000000000000000000000e+92	
5.930376843183386986000000000000000000000e+91	
-1.800778609431646409000000000000000000000e+92	
-1.202093738863772525000000000000000000000e+91	
1.508860717921002436000000000000000000000e+92	
-8.849555758289826712000000000000000000000e+91	
7.444951054654602488000000000000000000000e+91	
-1.649321188284524859000000000000000000000e+92	
-1.949010691011452406000000000000000000000e+90	
1.558867081467137470000000000000000000000e+92	
-8.349492122828476377000000000000000000000e+91	
8.913222699807124598000000000000000000000e+91	
-1.502494023769272648000000000000000000000e+92	
2.241096739884610839000000000000000000000e+91	
1.899191318143155045000000000000000000000e+92	
-4.946249756068300626000000000000000000000e+91	
1.180814359571277026000000000000000000000e+92	
-1.213001934178708082000000000000000000000e+92	
4.627949140115421251000000000000000000000e+91	
-1.931021379738442982000000000000000000000e+92	
-2.548671964587300326000000000000000000000e+91	
1.369790040312020716000000000000000000000e+92	
-1.024026253437964391900000000000000000000e+92	
6.045500209699541350000000000000000000000e+91	
-1.789266272780030973000000000000000000000e+92	
-1.603091631280767842000000000000000000000e+91	
1.417174488474220497000000000000000000000e+92	
-9.766418052757646103000000000000000000000e+91	
7.516687305368229845000000000000000000000e+91	
-1.642147563213162123000000000000000000000e+92	
8.649417332249933028000000000000000000000e+90	
1.763612841989040619000000000000000000000e+92	
-6.302034517609444888000000000000000000000e+91	
1.047271894167696487100000000000000000000e+92	
-1.346544399582288620000000000000000000000e+92	
3.312874461016982989000000000000000000000e+91	
1.957621510358325003000000000000000000000e+92	
-4.361947833916601049000000000000000000000e+91	
1.190521231984581636000000000000000000000e+92	
-1.203295061765403472000000000000000000000e+92	
4.238027146457164200000000000000000000000e+91	
-1.970013579104268688000000000000000000000e+92	
-3.425342316484085787000000000000000000000e+91	
1.233472393192314802000000000000000000000e+92	
-1.160343900557670305000000000000000000000e+92	
5.713390435897548434000000000000000000000e+91	
-1.822477250160230264000000000000000000000e+92	
-9.046478362844680344000000000000000000000e+90	
1.590022937530755313000000000000000000000e+92	
-8.037933562192297946000000000000000000000e+91	
8.770493655334512402000000000000000000000e+91	
-1.516766928216533867000000000000000000000e+92	
1.644306174572950322000000000000000000000e+91	
1.794128706703574950000000000000000000000e+92	
-5.996875870464101578000000000000000000000e+91	
1.030390779152889360100000000000000000000e+92	
-1.363425514597095748000000000000000000000e+92	
2.670329393036652785000000000000000000000e+91	
1.846017187984223068000000000000000000000e+92	
-5.477991057657620392000000000000000000000e+91	
1.176758638933474530000000000000000000000e+92	
-1.217057654816510578000000000000000000000e+92	
5.078331582487397836000000000000000000000e+91	
-1.885983135501245324000000000000000000000e+92	
-1.607594198273504097000000000000000000000e+91	
1.512942929016021060000000000000000000000e+92	
-8.808733647339640472000000000000000000000e+91	
7.931873615635524980000000000000000000000e+91	
-1.600628932186432610000000000000000000000e+92	
7.378999321234425950000000000000000000000e+90	
1.696712835683966058000000000000000000000e+92	
-6.971034580660190490000000000000000000000e+91	
9.347012328264038256000000000000000000000e+91	
-1.459115060923581282000000000000000000000e+92	
1.730688585342550759000000000000000000000e+91	
1.753777714063404489000000000000000000000e+92	
-6.400385796865806189000000000000000000000e+91	
1.080995035185888730000000000000000000000e+92	
-1.312821258564096378000000000000000000000e+92	
4.085471785199892286000000000000000000000e+91	
2.078396167421198700000000000000000000000e+92	
-3.154201263287864076000000000000000000000e+91	
1.354789157719365801000000000000000000000e+92	
-1.039027136030619306500000000000000000000e+92	
6.315422638572180146000000000000000000000e+91	
-1.762274029892767093000000000000000000000e+92	
-9.134469338326855810000000000000000000000e+90	
1.528090296854767685000000000000000000000e+92	
-8.657259968952174224000000000000000000000e+91	
7.736847756925862978000000000000000000000e+91	
-1.620131518057398810000000000000000000000e+92	
1.965469779459870899000000000000000000000e+90	
1.607962066300511677000000000000000000000e+92	
-7.858542274494734306000000000000000000000e+91	
9.193009424290129510000000000000000000000e+91	
-1.474515351320972157000000000000000000000e+92	
2.309825429584059850000000000000000000000e+91	
1.884968887311518820000000000000000000000e+92	
-5.088474064384662878000000000000000000000e+91	
1.145507127387494061000000000000000000000e+92	
-1.248309166362491047000000000000000000000e+92	
4.064133737003068418000000000000000000000e+91	
-1.987402920049678266000000000000000000000e+92	
-3.323125568948616202000000000000000000000e+91	
1.271291342534008516000000000000000000000e+92	
-1.122524951215976591000000000000000000000e+92	
5.507235466181405628000000000000000000000e+91	
-1.843092747131844545000000000000000000000e+92	
-1.694856459765916405000000000000000000000e+91	
1.452625776270213997000000000000000000000e+92	
-9.411905174797711107000000000000000000000e+91	
6.926598727730206972000000000000000000000e+91	
-1.701156420976964410000000000000000000000e+92	
-6.692782023726452466000000000000000000000e+90	
1.515824699001907797000000000000000000000e+92	
-8.779915947480773102000000000000000000000e+91	
8.390393719575809902000000000000000000000e+91	
-1.554776921792404117000000000000000000000e+92	
1.625908591135964306000000000000000000000e+91	
1.828441182834098652000000000000000000000e+92	
-5.653751109158864558000000000000000000000e+91	
1.100837497958081692000000000000000000000e+92	
-1.292978795791903416000000000000000000000e+92	
3.735959179379099524000000000000000000000e+91	
-2.020220375812075155000000000000000000000e+92	
-3.532837374343088247000000000000000000000e+91	
1.262160541708910720000000000000000000000e+92	
-1.131655752041074388000000000000000000000e+92	
5.165561235882911795000000000000000000000e+91	
-1.877260170161693928000000000000000000000e+92	
-2.286772312928843900000000000000000000000e+91	
1.368422482384887270000000000000000000000e+92	
-1.025393811365097837200000000000000000000e+92	
6.614836662814221118000000000000000000000e+91	
-1.732332627468562996000000000000000000000e+92	
-4.510332920400923474000000000000000000000e+90	
1.590623510824527806000000000000000000000e+92	
-8.031927829254573018000000000000000000000e+91	
8.329113337415348190000000000000000000000e+91	
-1.560904960008450289000000000000000000000e+92	
7.557624553859836398000000000000000000000e+90	
1.660580248536455252000000000000000000000e+92	
-7.332360452135298552000000000000000000000e+91	
9.788366204033938801000000000000000000000e+91	
-1.414979673346591228000000000000000000000e+92	
2.974322740569975038000000000000000000000e+91	
1.958329230633371864000000000000000000000e+92	
-4.354870631166132430000000000000000000000e+91	
1.225774643744084749000000000000000000000e+92	
-1.168041650005900359000000000000000000000e+92	
4.935846256146842406000000000000000000000e+91	
-1.900231668135300867000000000000000000000e+92	
-2.382410051889271420000000000000000000000e+91	
1.372259759975140960000000000000000000000e+92	
-1.021556533774844147400000000000000000000e+92	
6.369651555336499642000000000000000000000e+91	
-1.756851138216335144000000000000000000000e+92	
-9.796351652970781698000000000000000000000e+90	
1.509435751658035107000000000000000000000e+92	
-8.843805420919500003000000000000000000000e+91	
7.805175719429782842000000000000000000000e+91	
-1.613298721807006824000000000000000000000e+92	
5.196215126539641214000000000000000000000e+90	
1.665731499077525892000000000000000000000e+92	
-7.280847946724592158000000000000000000000e+91	
9.231263571655571025000000000000000000000e+91	
-1.470689936584428005000000000000000000000e+92	
1.808907858501252744000000000000000000000e+91	
1.780986791193573788000000000000000000000e+92	
-6.128295025564113190000000000000000000000e+91	
1.067152912899249874000000000000000000000e+92	
-1.326663380850735234000000000000000000000e+92	
3.536742866727350326000000000000000000000e+91	
1.982512925702241266000000000000000000000e+92	
-4.113033680477438421000000000000000000000e+91	
1.217915975655398945000000000000000000000e+92	
-1.175900318094586163000000000000000000000e+92	
4.536995408177715930000000000000000000000e+91	
-1.940116752932213514000000000000000000000e+92	
-3.101365681807708497000000000000000000000e+91	
1.268369649369578198000000000000000000000e+92	
-1.125446644380406910000000000000000000000e+92	
6.009012313269745010000000000000000000000e+91	
-1.792915062423010607000000000000000000000e+92	
-6.623500924000544352000000000000000000000e+90	
1.608922952340330784000000000000000000000e+92	
-7.848933414096543236000000000000000000000e+91	
8.906222732133773196000000000000000000000e+91	
-1.503194020536607788000000000000000000000e+92	
1.726790691367502947000000000000000000000e+91	
1.797055352192356299000000000000000000000e+92	
-5.967609415576288086000000000000000000000e+91	
1.031833630957443877700000000000000000000e+92	
-1.361982662792541230000000000000000000000e+92	
2.669927358601897356000000000000000000000e+91	
1.844494667361418804000000000000000000000e+92	
-5.493216263885663038000000000000000000000e+91	
1.178374089433130732000000000000000000000e+92	
-1.215442204316854376000000000000000000000e+92	
5.125850182039700938000000000000000000000e+91	
-1.881231275546015014000000000000000000000e+92	
-1.528727113062407678000000000000000000000e+91	
1.523962925990119515000000000000000000000e+92	
-8.698533677598655930000000000000000000000e+91	
8.073390876541667571000000000000000000000e+91	
-1.586477206095818350000000000000000000000e+92	
9.107188985903295046000000000000000000000e+90	
1.717123345101932987000000000000000000000e+92	
-6.766929486480521208000000000000000000000e+91	
9.497405983598420058000000000000000000000e+91	
-1.444075695390143102000000000000000000000e+92	
1.827397532280136481000000000000000000000e+91	
1.758082809632044465000000000000000000000e+92	
-6.357334841179406426000000000000000000000e+91	
1.096645950674937086000000000000000000000e+92	
-1.297170343075048022000000000000000000000e+92	
4.355382674812868160000000000000000000000e+91	
2.116721786216641820000000000000000000000e+92	
-2.770945075333432874000000000000000000000e+91	
1.404443665519507434000000000000000000000e+92	
-9.893726282304776731000000000000000000000e+91	
6.925200226398690532000000000000000000000e+91	
-1.701296271110116054000000000000000000000e+92	
-1.904931883443518481000000000000000000000e+90	
1.611697654757921619000000000000000000000e+92	
-7.821186389920634890000000000000000000000e+91	
8.490080895574479381000000000000000000000e+91	
-1.544808204192537170000000000000000000000e+92	
8.669809032235092027000000000000000000000e+90	
1.666729658140602241000000000000000000000e+92	
-7.270866356093828666000000000000000000000e+91	
9.954971815873460730000000000000000000000e+91	
-1.398319112162639034000000000000000000000e+92	
3.245987557600733850000000000000000000000e+91	
1.995996404398220302000000000000000000000e+92	
-3.978198893517648058000000000000000000000e+91	
1.273937283715388412000000000000000000000e+92	
-1.119879010034596696000000000000000000000e+92	
5.522375085378659142000000000000000000000e+91	
-1.841578785212119193000000000000000000000e+92	
-1.691030999690002717000000000000000000000e+91	
1.451877469434831796000000000000000000000e+92	
-9.419388243151533117000000000000000000000e+91	
6.943049522970521306000000000000000000000e+91	
-1.699511341452932977000000000000000000000e+92	
-6.289054546491512126000000000000000000000e+90	
1.522252978504256554000000000000000000000e+92	
-8.715633152457285532000000000000000000000e+91	
8.404006906800125756000000000000000000000e+91	
-1.553415603069972532000000000000000000000e+92	
1.588877387188526692000000000000000000000e+91	
1.819676143729970758000000000000000000000e+92	
-5.741401500200143498000000000000000000000e+91	
1.087013059298035836000000000000000000000e+92	
-1.306803234451949272000000000000000000000e+92	
3.547145976217105124000000000000000000000e+91	
1.964742767225719474000000000000000000000e+92	
-4.290735265242656339000000000000000000000e+91	
1.229649129110028556000000000000000000000e+92	
-1.164167164639956552000000000000000000000e+92	
4.949213233580206380000000000000000000000e+91	
-1.898894970391964470000000000000000000000e+92	
-2.394408320932570196000000000000000000000e+91	
1.368524670769544192000000000000000000000e+92	
-1.025291622980440915800000000000000000000e+92	
6.385985802507649524000000000000000000000e+91	
-1.755217713499220155000000000000000000000e+92	
-9.096424962588272636000000000000000000000e+90	
1.521798190342205154000000000000000000000e+92	
-8.720181034077799536000000000000000000000e+91	
7.815172764606115187000000000000000000000e+91	
-1.612299017289373589000000000000000000000e+92	
4.160477648232551807000000000000000000000e+90	
1.644022697045339615000000000000000000000e+92	
-7.497935967046454925000000000000000000000e+91	
9.254613536838985016000000000000000000000e+91	
-1.468354940066086606000000000000000000000e+92	
2.072576150969549520000000000000000000000e+91	
1.831373493301856545000000000000000000000e+92	
-5.624428004481285626000000000000000000000e+91	
1.066656401422819096000000000000000000000e+92	
-1.327159892327166012000000000000000000000e+92	
3.023198845437066636000000000000000000000e+91	
1.880325943250327555000000000000000000000e+92	
-5.134903504996575528000000000000000000000e+91	
1.213090547606164122000000000000000000000e+92	
-1.180725746143820985000000000000000000000e+92	
5.461872134699023430000000000000000000000e+91	
-1.847629080280082765000000000000000000000e+92	
-1.203842244147463096000000000000000000000e+91	
1.555338258763866746000000000000000000000e+92	
-8.384780349861183616000000000000000000000e+91	
8.376018202910217528000000000000000000000e+91	
-1.556214473458963355000000000000000000000e+92	
1.202225760641520531000000000000000000000e+91	
1.745162538304911104000000000000000000000e+92	
-6.486537554450740036000000000000000000000e+91	
9.788182908476692965000000000000000000000e+91	
-1.414998002902315811000000000000000000000e+92	
2.128554281731346950000000000000000000000e+91	
1.789235950464111950000000000000000000000e+92	
-6.045803432858731572000000000000000000000e+91	
1.125562275785303289000000000000000000000e+92	
-1.268254017964681819000000000000000000000e+92	
4.622188900608984710000000000000000000000e+91	
-1.931597403689086637000000000000000000000e+92	
-2.007943710832486816000000000000000000000e+91	
1.478484518046214197000000000000000000000e+92	
-9.153317757037709106000000000000000000000e+91	
7.643027156158322823000000000000000000000e+91	
-1.629513578134152825000000000000000000000e+92	
5.047633840386499741000000000000000000000e+90	
1.678967399512354186000000000000000000000e+92	
-7.148488942376309218000000000000000000000e+91	
9.140230445228005900000000000000000000000e+91	
-1.479793249227184518000000000000000000000e+92	
1.494593776346826831000000000000000000000e+91	
1.727238399377521369000000000000000000000e+92	
-6.665778943724637390000000000000000000000e+91	
1.060689717237775827000000000000000000000e+92	
-1.333126576512209280000000000000000000000e+92	
3.944727548507981464000000000000000000000e+91	
2.070549537116074760000000000000000000000e+92	
-3.232667566339103478000000000000000000000e+91	
1.353167221406680052000000000000000000000e+92	
-1.040649072343305055900000000000000000000e+92	
6.361419237077977938000000000000000000000e+91	
-1.757674370042187314000000000000000000000e+92	
-8.052653365690587794000000000000000000000e+90	
1.545123861710353262000000000000000000000e+92	
-8.486924320396318459000000000000000000000e+91	
7.775463648465627272000000000000000000000e+91	
-1.616269928903422380000000000000000000000e+92	
1.035086651388138826000000000000000000000e+90	
1.585499366589670864000000000000000000000e+92	
-8.083169271603142432000000000000000000000e+91	
9.247067926412723210000000000000000000000e+91	
-1.469109501108712787000000000000000000000e+92	
2.642430738164895812000000000000000000000e+91	
1.946070236440442440000000000000000000000e+92	
-4.477460573095426681000000000000000000000e+91	
1.234435439311129414000000000000000000000e+92	
-1.159380854438855694000000000000000000000e+92	
5.231547998379486054000000000000000000000e+91	
-1.870661493912036502000000000000000000000e+92	
-1.877718582319275909000000000000000000000e+91	
1.443617478922082663000000000000000000000e+92	
-9.501988148279024447000000000000000000000e+91	
6.815699575996628844000000000000000000000e+91	
-1.712246336150322223000000000000000000000e+92	
-8.009831728188318626000000000000000000000e+90	
1.500574655524432824000000000000000000000e+92	
-8.932416382255522835000000000000000000000e+91	
8.282092774133404562000000000000000000000e+91	
-1.565607016336644651000000000000000000000e+92	
1.561785138367499450000000000000000000000e+91	
1.826444388253507130000000000000000000000e+92	
-5.673719054964779776000000000000000000000e+91	
1.103254056596765159000000000000000000000e+92	
-1.290562237153219948000000000000000000000e+92	
3.804236334125012956000000000000000000000e+91	
-2.013392660337483812000000000000000000000e+92	
-3.420470604141075028000000000000000000000e+91	
1.277803986076948828000000000000000000000e+92	
-1.116012307673036279000000000000000000000e+92	
5.228557329045092481000000000000000000000e+91	
-1.870960560845475860000000000000000000000e+92	
-2.317168069035424926000000000000000000000e+91	
1.356048369658080223000000000000000000000e+92	
-1.037767924091904885000000000000000000000e+92	
6.688739313643173738000000000000000000000e+91	
-1.724942362385667734000000000000000000000e+92	
-1.795852240395323248000000000000000000000e+90	
1.637513028144309499000000000000000000000e+92	
-7.563032656056756088000000000000000000000e+91	
8.995357352762762496000000000000000000000e+91	
-1.494280558473708858000000000000000000000e+92	
1.619257098737678571000000000000000000000e+91	
1.766644959145322330000000000000000000000e+92	
-6.271713346046627778000000000000000000000e+91	
1.043049707040199096900000000000000000000e+92	
-1.350766586709786011000000000000000000000e+92	
3.198145649233843298000000000000000000000e+91	
1.938901543565460919000000000000000000000e+92	
-4.549147501845241888000000000000000000000e+91	
1.184678369623826025000000000000000000000e+92	
