327.00000000	
327.00822751	
326.88970991	
327.44184435	
327.14943962	
328.62089921	
327.84148481	
331.88705932	
329.74425639	
340.99578729	
335.03550719	
366.46420522	
349.81468993	
437.73778165	
391.15779645	
637.27110636	
506.88517916	
1195.93407051	
830.88704340	
2760.18015341	
1738.07311850	
7140.09675492	
4278.19358889	
19404.01043188	
11390.59922067	
53743.45204265	
31305.59977224	
149895.31258964	
87068.41105612	
419124.57555228	
243206.61614622	
1172977.93525718	
680400.19949538	
3283799.39851570	
1904560.80745975	
9194189.32294778	
5332262.58857502	
25743532.69997288	
14929973.46784091	
72082398.68303116	
41803972.50273834	
201833196.20292872	
117052313.88129850	
565140953.15902722	
327750873.28485209	
1582418139.85909653	
917715809.73859084	
4430837571.57251358	
2569642748.61117077	
12406533247.34382629	
7195108505.62741852	
34738820692.26182556	
20146609547.22239685	
97270176300.27209473	
56411363853.58995819	
272360634177.52133180	
157954219826.68991090	
762621370436.71899420	
442278539579.92352300	
2135372304048.00610400	
1238398739553.03662100	
5979133360887.76562500	
3467569193052.51855500	
16741827962166.11328000	
9709341366303.46093800	
46877831050667.98438000	
27186569185113.19922000	
131259922691763.64060000	
76123551143473.57812000	
367533371722666.18750000	
213149184042500.87500000	
1029109087982473.00000000	
596826789812206.75000000	
2881549259063361.00000000	
1671140420442544.75000000	
8068460602838553.00000000	
4679264323433360.00000000	
22592033190063008.00000000	
13102139317987258.00000000	
63258654752723704.00000000	
36686547893493312.00000000	
177126926446107840.00000000	
102723895974291152.00000000	
495962934951507200.00000000	
287631282037538176.00000000	
1388717332711997952.00000000	
805379835157958656.00000000	
3888467654066306048.00000000	
2255097826231602432.00000000	
10887874976826298370.00000000	
6314369920718327808.00000000	
30486513469395267580.00000000	
17680504602454233090.00000000	
85363535630029553660.00000000	
49506165606756769790.00000000	
239021533983363366900.00000000	
138619371346642681800.00000000	
669270471122124144600.00000000	
388140141273955565600.00000000	
1873985812287552750000.00000000	
1086808920027719926000.00000000	
5247240056425893855000.00000000	
3043111245270922822000.00000000	
14692495551047189660000.00000000	
8520841042469685560000.00000000	
41139613052995865940000.00000000	
23858717680421843240000.00000000	
115192668003196985200000.00000000	
66805425252843940480000.00000000	
322544374556981026900000.00000000	
187058034844662799300000.00000000	
903137980582816009700000.00000000	
523770461268899830700000.00000000	
2528824795321649928000000.00000000	
1466579590262726490000000.00000000	
7080817087668893130000000.00000000	
4106485290072420739000000.00000000	
19826589300207560790000000.00000000	
11498333639403960890000000.00000000	
55515294126672171880000000.00000000	
32195823713937373340000000.00000000	
155445187031672567400000000.00000000	
90149677085962985110000000.00000000	
435253141524877813800000000.00000000	
252422933822478538300000000.00000000	
1218727326492747054000000000.00000000	
706794961215326356300000000.00000000	
3412488399593235623000000000.00000000	
1979055982095110081000000000.00000000	
9555112800227926232000000000.00000000	
5541441005085528000000000000.00000000	
26754722634650538090000000000.00000000	
15516270732440313800000000000.00000000	
74914362417574694440000000000.00000000	
43446218631839068610000000000.00000000	
209763404131251018300000000000.00000000	
121651261824090008200000000000.00000000	
587346461917002001400000000000.00000000	
340628712220031850000000000000.00000000	
1644595098726398434000000000000.00000000	
953774895951804396800000000000.00000000	
4604936292503101123000000000000.00000000	
2670610314142444091000000000000.00000000	
12894017666983229060000000000000.00000000	
7477822576664264493000000000000.00000000	
36103798410228204100000000000000.00000000	
20938221571283576480000000000000.00000000	
101092172611499837810000000000000.0000000	
58627911811693780440000000000000.00000000	
283062387153647983900000000000000.0000000	
164160649064572287700000000000000.0000000	
792586734969499334400000000000000.0000000	
459656806264188645800000000000000.0000000	
2219276601057645728000000000000000.000000	
1287058626710750976000000000000000.000000	
6214068965198503092000000000000000.000000	
3603818949302092129000000000000000.000000	
17399657656842107910000000000000000.00000	
10090846485012216466000000000000000.00000	
48719782202422529100000000000000000.00000	
28254799760071929120000000000000000.00000	
136417464335460855500000000000000000.0000	
79114642232196644600000000000000000.00000	
381974707899892738500000000000000000.0000	
221524366432549129600000000000000000.0000	
1069545444096642360000000000000000000.000	
620277657065248424200000000000000000.0000	
2994772777698367106000000000000000000.000	
1736803847135718255000000000000000000.000	
8385491275331730072000000000000000000.000	
4863124713692731053000000000000000000.000	
23479732570130498180000000000000000000.00	
13616956238283202710000000000000000000.00	
65744250809328708120000000000000000000.00	
38128057187849343630000000000000000000.00	
184086701224974571700000000000000000000.0	
106760183368496622600000000000000000000.0	
515450600633881791000000000000000000000.0	
298933058579949067600000000000000000000.0	
1443283626279594742000000000000000000000	
837025290632204729100000000000000000000.0	
4041255599130350884000000000000000000000	
2343706448815360982000000000000000000000	
1.131568772771389077000000000000000000000e+40	
6562477836326646327000000000000000000000	
3.168440738534061030000000000000000000000e+40	
1.837521732896475853000000000000000000000e+40	
8.871768959314013322000000000000000000000e+40	
5.145139081729617348000000000000000000000e+40	
2.484133078779423301000000000000000000000e+41	
1.440660847510799009000000000000000000000e+41	
6.955678378670592824000000000000000000000e+41	
4.033911706917013655000000000000000000000e+41	
1.947619558742711039000000000000000000000e+42	
1.129512451686179244000000000000000000000e+42	
5.453417681342152594000000000000000000000e+42	
3.162682951950810956000000000000000000000e+42	
1.526980167850326131000000000000000000000e+43	
8.855646911752136748000000000000000000000e+42	
4.275609478778010422000000000000000000000e+43	
2.479618836824998431000000000000000000000e+43	
1.197188856797794455000000000000000000000e+44	
6.943038309011393071000000000000000000000e+43	
3.352179767480642640000000000000000000000e+44	
1.944080285425012197000000000000000000000e+44	
9.386246062766792597000000000000000000000e+44	
5.443507565373559823000000000000000000000e+44	
2.628188858052162232000000000000000000000e+45	
1.524205293188349391000000000000000000000e+45	
7.359040693584194200000000000000000000000e+45	
4.267839711588516406000000000000000000000e+45	
2.060562724170612704000000000000000000000e+46	
1.195013288906165727000000000000000000000e+46	
5.769663352919245866000000000000000000000e+46	
3.346088084762673125000000000000000000000e+46	
1.615530302258493810000000000000000000000e+47	
9.369189091812589450000000000000000000000e+46	
4.523553625004627916000000000000000000000e+47	
2.623412833567593052000000000000000000000e+47	
1.266614273324747121000000000000000000000e+48	
7.345667621695615727000000000000000000000e+47	
3.546573889434847576000000000000000000000e+48	
2.056818207108044020000000000000000000000e+48	
9.930557880264867229000000000000000000000e+48	
5.759178545727086728000000000000000000000e+48	
2.780598484274220607000000000000000000000e+49	
1.612594511607259734000000000000000000000e+49	
7.785794135607890713000000000000000000000e+49	
4.515333286194469212000000000000000000000e+49	
2.180055504773412852000000000000000000000e+50	
1.264312543461093232000000000000000000000e+50	
6.104248225825697132000000000000000000000e+50	
3.540128947824059766000000000000000000000e+50	
1.709215491115169452000000000000000000000e+51	
9.912511769371334542000000000000000000000e+50	
4.785876142303994610000000000000000000000e+51	
2.775545496395529864000000000000000000000e+51	
1.340065694965739388000000000000000000000e+52	
7.771645554424480916000000000000000000000e+51	
3.752240997109248420000000000000000000000e+52	
2.176093841806682412000000000000000000000e+52	
1.050643453770925834000000000000000000000e+53	
6.093155400857236728000000000000000000000e+52	
2.941846400063627235000000000000000000000e+53	
1.706109452898029676000000000000000000000e+53	
8.237295164696542426000000000000000000000e+53	
4.777179103061277411000000000000000000000e+53	
2.306477715113388497000000000000000000000e+54	
1.337630486951491311000000000000000000000e+54	
6.458235797005894398000000000000000000000e+54	
3.745422310994172981000000000000000000000e+54	
1.808333518092452744000000000000000000000e+55	
1.048734192629212802500000000000000000000e+55	
5.063410837635668534000000000000000000000e+55	
2.936500387583017421000000000000000000000e+55	
1.417776591219251853000000000000000000000e+56	
8.222326102152698530000000000000000000000e+55	
3.969834815039189072000000000000000000000e+56	
2.302286313872666359000000000000000000000e+56	
1.111570649163023657000000000000000000000e+57	
6.446499695089506816000000000000000000000e+56	
3.112445141041740954000000000000000000000e+57	
1.805047359591243507000000000000000000000e+57	
8.714978902410360766000000000000000000000e+57	
5.054209453929213045000000000000000000000e+57	
2.440231195337207375000000000000000000000e+58	
1.415200164607989697000000000000000000000e+58	
6.832751235978226358000000000000000000000e+58	
3.962620710840313904000000000000000000000e+58	
1.913199435445727098000000000000000000000e+59	
1.109550669274415815000000000000000000000e+59	
5.357039870727576849000000000000000000000e+59	
3.106789111356146546000000000000000000000e+59	
1.499993970564760322000000000000000000000e+60	
8.699141778494064094000000000000000000000e+59	
4.200046977483199498000000000000000000000e+60	
2.435796733216562021000000000000000000000e+60	
1.176031034739693145000000000000000000000e+61	
6.820334553250115392000000000000000000000e+60	
3.292936964956709936000000000000000000000e+61	
1.909722711419766648000000000000000000000e+61	
9.220363693529936583000000000000000000000e+61	
5.347304895438789324000000000000000000000e+61	
2.581741088447548218000000000000000000000e+62	
1.497268136038761711000000000000000000000e+62	
7.228984961249990066000000000000000000000e+62	
4.192414524762255498000000000000000000000e+62	
2.024146565425055544000000000000000000000e+63	
1.173893915483852303000000000000000000000e+63	
5.667696558070571950000000000000000000000e+63	
3.286952940055840648000000000000000000000e+63	
1.586979165593152766000000000000000000000e+64	
9.203608169046980204000000000000000000000e+63	
4.443609226821596962000000000000000000000e+64	
2.577049470258291054000000000000000000000e+64	
1.244229501482702047000000000000000000000e+65	
7.215848230581748284000000000000000000000e+64	
3.483895575280402721000000000000000000000e+65	
2.020468224910368327000000000000000000000e+65	
9.755055932201030264000000000000000000000e+65	
5.657397048029840466000000000000000000000e+65	
2.731457191644196970000000000000000000000e+66	
1.584095258933191622000000000000000000000e+66	
7.648196424129997432000000000000000000000e+66	
4.435534165395879932000000000000000000000e+66	
2.141527559758824443000000000000000000000e+67	
1.241968449905187770000000000000000000000e+67	
5.996368339517734858000000000000000000000e+67	
3.477564534602622650000000000000000000000e+67	
1.679008663667163666000000000000000000000e+68	
9.737328748769071515000000000000000000000e+67	
4.701295739441054099000000000000000000000e+68	
2.726493504812533464000000000000000000000e+68	
1.316382822076253697000000000000000000000e+69	
7.634297889680120931000000000000000000000e+68	
3.685927944757343925000000000000000000000e+69	
2.137635910942019361000000000000000000000e+69	
1.032075516794923415000000000000000000000e+70	
5.985471557149801397000000000000000000000e+69	
2.889855386029887227000000000000000000000e+70	
1.675957518212792585000000000000000000000e+70	
8.091718111965801856000000000000000000000e+70	
4.692752402271057987000000000000000000000e+70	
2.265715520577203970000000000000000000000e+71	
1.313990651296730444000000000000000000000e+71	
6.344099916917775269000000000000000000000e+71	
3.679229764731742078000000000000000000000e+71	
1.776374985752086239000000000000000000000e+72	
1.030199997871298770000000000000000000000e+72	
4.973925586498014194000000000000000000000e+72	
2.884603853196447120000000000000000000000e+72	
1.392720339931220403000000000000000000000e+73	
8.077013596456363626000000000000000000000e+72	
3.899676244701912872000000000000000000000e+73	
2.261598193632381810000000000000000000000e+73	
1.091925950779424378000000000000000000000e+74	
6.332571226183502052000000000000000000000e+73	
3.057439149225292892000000000000000000000e+74	
1.773146903264889062000000000000000000000e+74	
8.560959783530065882000000000000000000000e+74	
4.964886818103287598000000000000000000000e+74	
2.397105186338367918000000000000000000000e+75	
1.390189446299551264000000000000000000000e+75	
6.711996574758959058000000000000000000000e+75	
3.892589634784393076000000000000000000000e+75	
1.879387616210211489000000000000000000000e+76	
1.089941669832383535000000000000000000000e+76	
5.262365337382707783000000000000000000000e+76	
3.051883078095915174000000000000000000000e+76	
1.473484698166149283000000000000000000000e+77	
8.545402547826751456000000000000000000000e+76	
4.125819886176195164000000000000000000000e+77	
2.392749094108936728000000000000000000000e+77	
1.155247133163477264000000000000000000000e+78	
6.699799331062724782000000000000000000000e+77	
3.234741155701139526000000000000000000000e+78	
1.875972336047404715000000000000000000000e+78	
9.057412950018602494000000000000000000000e+78	
5.252802407526627881000000000000000000000e+78	
2.536114186527020414000000000000000000000e+79	
1.470807037093766625000000000000000000000e+79	
7.101227693378380094000000000000000000000e+79	
4.118322321176280820000000000000000000000e+79	
1.988373986514379919000000000000000000000e+80	
1.153147783043788896000000000000000000000e+80	
5.567531814158973840000000000000000000000e+80	
3.228862885989457392000000000000000000000e+80	
1.558932610862143763000000000000000000000e+81	
9.040953544567736094000000000000000000000e+80	
4.365077679536483097000000000000000000000e+81	
2.531505482927427980000000000000000000000e+81	
1.222240333907066167000000000000000000000e+82	
7.088323127091162780000000000000000000000e+81	
3.422324969914136648000000000000000000000e+82	
1.984760653014782714000000000000000000000e+82	
9.582655615903076080000000000000000000000e+82	
5.557414326528070445000000000000000000000e+82	
2.683184369113334314000000000000000000000e+83	
1.556099671251866065000000000000000000000e+83	
7.513030465903514742000000000000000000000e+83	
4.357145328019722797000000000000000000000e+83	
2.103680516007440844000000000000000000000e+84	
1.220019241711624759000000000000000000000e+84	
5.890395005735047998000000000000000000000e+84	
3.416105817207366758000000000000000000000e+84	
1.649335679043084824000000000000000000000e+85	
9.565241723553398584000000000000000000000e+84	
4.618210119212631436000000000000000000000e+85	
2.678308405118496702000000000000000000000e+85	
1.293118494688236836000000000000000000000e+86	
7.499377559131413250000000000000000000000e+85	
3.620786837628473514000000000000000000000e+86	
2.099857643986134887000000000000000000000e+86	
1.013835729470744774000000000000000000000e+87	
5.879690801322584910000000000000000000000e+86	
2.838783204991713247000000000000000000000e+87	
1.646338456236115928000000000000000000000e+87	
7.948713830740530133000000000000000000000e+87	
4.609817767751034987000000000000000000000e+87	
2.225673713015722488000000000000000000000e+88	
1.290768600549862732000000000000000000000e+88	
6.231981151028173319000000000000000000000e+88	
3.614207033997950424000000000000000000000e+88	
1.744981253974853124000000000000000000000e+89	
1.011993356441710786600000000000000000000e+89	
4.886021800982635475000000000000000000000e+89	
2.833624482074261342000000000000000000000e+89	
1.368106905750268894000000000000000000000e+90	
7.934269186947094798000000000000000000000e+89	
3.830757581116708864000000000000000000000e+90	
2.221629151257744533000000000000000000000e+90	
1.072628431565115084000000000000000000000e+91	
6.220656205914930208000000000000000000000e+90	
3.003405273863468586000000000000000000000e+91	
1.741810221128958849000000000000000000000e+91	
8.409662632109062057000000000000000000000e+91	
4.877142774012359620000000000000000000000e+91	
2.354741339816481539000000000000000000000e+92	
2.954269775566218682000000000000000000000e+92	
5.604534818162335741000000000000000000000e+91	
2.954044520875350883000000000000000000000e+92	
5.346673539665061044000000000000000000000e+92	
2.952857245915075647000000000000000000000e+92	
5.345486741888464393000000000000000000000e+92	
7.737154604051085168000000000000000000000e+92	
5.343338310301099770000000000000000000000e+92	
7.735007035950716244000000000000000000000e+92	
1.012571451393762088200000000000000000000e+93	
7.731898220187635484000000000000000000000e+92	
1.012260694765439234600000000000000000000e+93	
7.728790653904406948000000000000000000000e+92	
1.011950063034883153200000000000000000000e+93	
1.250924974446628185000000000000000000000e+93	
1.011543345071629645600000000000000000000e+93	
1.250518419949446582000000000000000000000e+93	
1.011136790574448041800000000000000000000e+93	
1.250112028852637145000000000000000000000e+93	
1.010730399477638605000000000000000000000e+93	
1.249705801090527002000000000000000000000e+93	
1.010324171715528462400000000000000000000e+93	
1.249299736597469450000000000000000000000e+93	
1.009918107222470910100000000000000000000e+93	
1.248893835307844184000000000000000000000e+93	
1.009512205932845644700000000000000000000e+93	
1.248488097156057303000000000000000000000e+93	
1.009106467781058763500000000000000000000e+93	
1.248082522076541072000000000000000000000e+93	
1.008700892701542532900000000000000000000e+93	
1.247677110003754391000000000000000000000e+93	
1.008295480628755851300000000000000000000e+93	
1.247271860872182557000000000000000000000e+93	
1.007890231497184017700000000000000000000e+93	
1.246866774616336808000000000000000000000e+93	
1.007485145241338268800000000000000000000e+93	
1.246461851170755244000000000000000000000e+93	
1.007080221795756704800000000000000000000e+93	
1.246057090470001671000000000000000000000e+93	
1.006675461095003131700000000000000000000e+93	
1.245652492448666528000000000000000000000e+93	
1.006270863073667987900000000000000000000e+93	
1.245248057041366652000000000000000000000e+93	
1.005866427666368112300000000000000000000e+93	
1.244843784182745052000000000000000000000e+93	
1.005462154807746512800000000000000000000e+93	
1.244439673807470906000000000000000000000e+93	
1.005058044432472366200000000000000000000e+93	
1.244035725850239558000000000000000000000e+93	
1.004654096475241018600000000000000000000e+93	
1.243631940245772756000000000000000000000e+93	
1.004250310870774216400000000000000000000e+93	
1.243228316928818646000000000000000000000e+93	
1.003846687553820106800000000000000000000e+93	
1.242824855834151314000000000000000000000e+93	
1.003443226459152774200000000000000000000e+93	
1.242421556896571244000000000000000000000e+93	
1.003039927521572704000000000000000000000e+93	
1.242018420050905090000000000000000000000e+93	
1.002636790675906550100000000000000000000e+93	
1.241615445232005676000000000000000000000e+93	
1.002233815857007135900000000000000000000e+93	
1.241212632374751993000000000000000000000e+93	
1.001831002999753453400000000000000000000e+93	
1.240809981414049204000000000000000000000e+93	
1.001428352039050663800000000000000000000e+93	
1.240407492284828637000000000000000000000e+93	
1.001025862909830097400000000000000000000e+93	
1.240005164922047793000000000000000000000e+93	
1.000623535547049253400000000000000000000e+93	
1.239602999260690340000000000000000000000e+93	
1.000221369885691800000000000000000000000e+93	
1.239200995235765882000000000000000000000e+93	
9.998193658607673429000000000000000000000e+92	
1.238799152782310428000000000000000000000e+93	
9.994175234073118883000000000000000000000e+92	
1.238397471835386151000000000000000000000e+93	
9.990158424603876115000000000000000000000e+92	
1.237995952330080702000000000000000000000e+93	
9.986143229550821620000000000000000000000e+92	
1.237594594201508593000000000000000000000e+93	
9.982129648265100531000000000000000000000e+92	
1.237193397384810044000000000000000000000e+93	
9.978117680098115039000000000000000000000e+92	
1.236792361815151442000000000000000000000e+93	
9.974107324401529027000000000000000000000e+92	
1.236391487427725114000000000000000000000e+93	
9.970098580527265749000000000000000000000e+92	
1.235990774157749323000000000000000000000e+93	
9.966091447827507835000000000000000000000e+92	
1.235590221940468732000000000000000000000e+93	
9.962085925654701922000000000000000000000e+92	
1.235189830711153710000000000000000000000e+93	
9.958082013361551705000000000000000000000e+92	
1.234789600405101028000000000000000000000e+93	
9.954079710301024883000000000000000000000e+92	
1.234389530957632930000000000000000000000e+93	
9.950079015826343899000000000000000000000e+92	
1.233989622304098060000000000000000000000e+93	
9.946079929290995202000000000000000000000e+92	
1.233589874379871001000000000000000000000e+93	
9.942082450048724617000000000000000000000e+92	
1.233190287120352042000000000000000000000e+93	
9.938086577453535023000000000000000000000e+92	
1.232790860460967639000000000000000000000e+93	
9.934092310859690994000000000000000000000e+92	
1.232391594337170187000000000000000000000e+93	
9.930099649621716475000000000000000000000e+92	
1.231992488684438018000000000000000000000e+93	
9.926108593094394786000000000000000000000e+92	
1.231593543438275634000000000000000000000e+93	
9.922119140632770938000000000000000000000e+92	
1.231194758534212776000000000000000000000e+93	
9.918131291592142369000000000000000000000e+92	
1.230796133907805823000000000000000000000e+93	
9.914145045328072836000000000000000000000e+92	
1.230397669494636856000000000000000000000e+93	
9.910160401196383159000000000000000000000e+92	
1.229999365230313661000000000000000000000e+93	
9.906177358553151212000000000000000000000e+92	
1.229601221050469964000000000000000000000e+93	
9.902195916754714246000000000000000000000e+92	
1.229203236890765428000000000000000000000e+93	
9.898216075157668885000000000000000000000e+92	
1.228805412686885421000000000000000000000e+93	
9.894237833118868813000000000000000000000e+92	
1.228407748374541480000000000000000000000e+93	
9.890261189995429402000000000000000000000e+92	
1.228010243889470848000000000000000000000e+93	
9.886286145144723083000000000000000000000e+92	
1.227612899167436243000000000000000000000e+93	
9.882312697924377031000000000000000000000e+92	
1.227215714144226782000000000000000000000e+93	
9.878340847692282426000000000000000000000e+92	
1.226818688755657059000000000000000000000e+93	
9.874370593806585190000000000000000000000e+92	
1.226421822937567370000000000000000000000e+93	
9.870401935625688305000000000000000000000e+92	
1.226025116625823952000000000000000000000e+93	
9.866434872508254126000000000000000000000e+92	
1.225628569756318978000000000000000000000e+93	
9.862469403813204382000000000000000000000e+92	
1.225232182264970094000000000000000000000e+93	
9.858505528899715546000000000000000000000e+92	
1.224835954087720654000000000000000000000e+93	
9.854543247127221148000000000000000000000e+92	
1.224439885160540180000000000000000000000e+93	
9.850582557855416409000000000000000000000e+92	
1.224043975419423437000000000000000000000e+93	
9.846623460444248976000000000000000000000e+92	
1.223648224800391358000000000000000000000e+93	
9.842665954253928188000000000000000000000e+92	
1.223252633239490352000000000000000000000e+93	
9.838710038644918125000000000000000000000e+92	
1.222857200672792532000000000000000000000e+93	
9.834755712977939925000000000000000000000e+92	
1.222461927036395718000000000000000000000e+93	
9.830802976613971785000000000000000000000e+92	
1.222066812266423436000000000000000000000e+93	
9.826851828914248961000000000000000000000e+92	
1.221671856299024916000000000000000000000e+93	
9.822902269240263766000000000000000000000e+92	
1.221277059070374866000000000000000000000e+93	
9.818954296953763259000000000000000000000e+92	
1.220882420516673926000000000000000000000e+93	
9.815007911416753868000000000000000000000e+92	
1.220487940574148216000000000000000000000e+93	
9.811063111991496769000000000000000000000e+92	
1.220093619179049559000000000000000000000e+93	
9.807119898040510192000000000000000000000e+92	
1.219699456267655251000000000000000000000e+93	
9.803178268926567113000000000000000000000e+92	
1.219305451776268528000000000000000000000e+93	
9.799238224012699880000000000000000000000e+92	
1.218911605641217866000000000000000000000e+93	
9.795299762662193268000000000000000000000e+92	
1.218517917798857451000000000000000000000e+93	
9.791362884238589112000000000000000000000e+92	
1.218124388185566938000000000000000000000e+93	
9.787427588105683988000000000000000000000e+92	
1.217731016737751924000000000000000000000e+93	
9.783493873627533847000000000000000000000e+92	
1.217337803391843246000000000000000000000e+93	
9.779561740168447067000000000000000000000e+92	
1.216944748084297448000000000000000000000e+93	
9.775631187092989083000000000000000000000e+92	
1.216551850751596316000000000000000000000e+93	
9.771702213765977759000000000000000000000e+92	
1.216159111330247573000000000000000000000e+93	
9.767774819552490331000000000000000000000e+92	
1.215766529756784186000000000000000000000e+93	
9.763849003817856464000000000000000000000e+92	
1.215374105967764596000000000000000000000e+93	
9.759924765927660564000000000000000000000e+92	
1.214981839899772949000000000000000000000e+93	
9.756002105247744095000000000000000000000e+92	
1.214589731489418866000000000000000000000e+93	
9.752081021144203266000000000000000000000e+92	
1.214197780673337442000000000000000000000e+93	
9.748161512983389026000000000000000000000e+92	
1.213805987388189015000000000000000000000e+93	
9.744243580131904752000000000000000000000e+92	
1.213414351570659396000000000000000000000e+93	
9.740327221956608563000000000000000000000e+92	
1.213022873157460335000000000000000000000e+93	
9.736412437824617954000000000000000000000e+92	
1.212631552085328361000000000000000000000e+93	
9.732499227103298213000000000000000000000e+92	
1.212240388291025940000000000000000000000e+93	
9.728587589160274002000000000000000000000e+92	
1.211849381711340549000000000000000000000e+93	
9.724677523363420097000000000000000000000e+92	
1.211458532283085372000000000000000000000e+93	
9.720769029080868329000000000000000000000e+92	
1.211067839943099067000000000000000000000e+93	
9.716862105681005273000000000000000000000e+92	
1.210677304628245070000000000000000000000e+93	
9.712956752532465300000000000000000000000e+92	
1.210286926275412987000000000000000000000e+93	
9.709052969004144470000000000000000000000e+92	
1.209896704821517203000000000000000000000e+93	
9.705150754465186637000000000000000000000e+92	
1.209506640203497811000000000000000000000e+93	
9.701250108284992716000000000000000000000e+92	
1.209116732358320144000000000000000000000e+93	
9.697351029833216047000000000000000000000e+92	
1.208726981222974779000000000000000000000e+93	
9.693453518479762397000000000000000000000e+92	
1.208337386734477536000000000000000000000e+93	
9.689557573594789961000000000000000000000e+92	
1.207947948829869939000000000000000000000e+93	
9.685663194548713990000000000000000000000e+92	
1.207558667446218293000000000000000000000e+93	
9.681770380712197532000000000000000000000e+92	
1.207169542520614609000000000000000000000e+93	
9.677879131456160693000000000000000000000e+92	
1.206780573990176140000000000000000000000e+93	
9.673989446151776005000000000000000000000e+92	
1.206391761792045151000000000000000000000e+93	
9.670101324170466113000000000000000000000e+92	
1.206003105863389380000000000000000000000e+93	
9.666214764883908403000000000000000000000e+92	
1.205614606141401808000000000000000000000e+93	
9.662329767664032686000000000000000000000e+92	
1.205226262563300428000000000000000000000e+93	
9.658446331883018888000000000000000000000e+92	
1.204838075066328939000000000000000000000e+93	
9.654564456913303990000000000000000000000e+92	
1.204450043587755817000000000000000000000e+93	
9.650684142127572770000000000000000000000e+92	
1.204062168064875014000000000000000000000e+93	
9.646805386898764748000000000000000000000e+92	
1.203674448435005495000000000000000000000e+93	
9.642928190600069554000000000000000000000e+92	
1.203286884635491696000000000000000000000e+93	
9.639052552604931562000000000000000000000e+92	
1.202899476603702834000000000000000000000e+93	
9.635178472287042941000000000000000000000e+92	
1.202512224277033600000000000000000000000e+93	
9.631305949020350602000000000000000000000e+92	
1.202125127592903928000000000000000000000e+93	
9.627434982179053882000000000000000000000e+92	
1.201738186488758531000000000000000000000e+93	
9.623565571137599914000000000000000000000e+92	
1.201351400902067597000000000000000000000e+93	
9.619697715270690575000000000000000000000e+92	
1.200964770770326325000000000000000000000e+93	
9.615831413953277850000000000000000000000e+92	
1.200578296031054692000000000000000000000e+93	
9.611966666560561521000000000000000000000e+92	
1.200191976621798614000000000000000000000e+93	
9.608103472468000744000000000000000000000e+92	
1.199805812480128324000000000000000000000e+93	
9.604241831051297838000000000000000000000e+92	
1.199419803543639526000000000000000000000e+93	
9.600381741686409865000000000000000000000e+92	
1.199033949749952939000000000000000000000e+93	
9.596523203749543997000000000000000000000e+92	
1.198648251036714292000000000000000000000e+93	
9.592666216617157519000000000000000000000e+92	
1.198262707341594322000000000000000000000e+93	
9.588810779665957824000000000000000000000e+92	
1.197877318602289013000000000000000000000e+93	
9.584956892272904734000000000000000000000e+92	
1.197492084756519358000000000000000000000e+93	
9.581104553815208181000000000000000000000e+92	
1.197107005742031360000000000000000000000e+93	
9.577253763670328208000000000000000000000e+92	
1.196722081496595805000000000000000000000e+93	
9.573404521215972654000000000000000000000e+92	
1.196337311958008718000000000000000000000e+93	
9.569556825830101783000000000000000000000e+92	
1.195952697064091137000000000000000000000e+93	
9.565710676890925972000000000000000000000e+92	
1.195568236752689110000000000000000000000e+93	
9.561866073776905706000000000000000000000e+92	
1.195183930961673466000000000000000000000e+93	
9.558023015866749268000000000000000000000e+92	
1.194799779628940276000000000000000000000e+93	
9.554181502539417367000000000000000000000e+92	
1.194415782692410390000000000000000000000e+93	
9.550341533174118505000000000000000000000e+92	
1.194031940090029438000000000000000000000e+93	
9.546503107150308983000000000000000000000e+92	
1.193648251759768524000000000000000000000e+93	
9.542666223847699840000000000000000000000e+92	
1.193264717639623300000000000000000000000e+93	
9.538830882646247598000000000000000000000e+92	
1.192881337667614197000000000000000000000e+93	
9.534997082926156572000000000000000000000e+92	
1.192498111781786890000000000000000000000e+93	
9.531164824067883505000000000000000000000e+92	
1.192115039920211833000000000000000000000e+93	
9.527334105452132934000000000000000000000e+92	
1.191732122020984259000000000000000000000e+93	
9.523504926459857192000000000000000000000e+92	
1.191349358022224412000000000000000000000e+93	
9.519677286472258721000000000000000000000e+92	
1.190966747862077547000000000000000000000e+93	
9.515851184870790077000000000000000000000e+92	
1.190584291478713469000000000000000000000e+93	
9.512026621037149293000000000000000000000e+92	
1.190201988810326991000000000000000000000e+93	
9.508203594353284514000000000000000000000e+92	
1.189819839795137708000000000000000000000e+93	
9.504382104201391678000000000000000000000e+92	
1.189437844371390223000000000000000000000e+93	
9.500562149963916837000000000000000000000e+92	
1.189056002477353692000000000000000000000e+93	
9.496743731023551520000000000000000000000e+92	
1.188674314051322276000000000000000000000e+93	
9.492926846763237368000000000000000000000e+92	
1.188292779031614921000000000000000000000e+93	
9.489111496566163816000000000000000000000e+92	
1.187911397356575118000000000000000000000e+93	
9.485297679815765779000000000000000000000e+92	
1.187530168964571368000000000000000000000e+93	
9.481485395895728284000000000000000000000e+92	
1.187149093793997186000000000000000000000e+93	
9.477674644189986467000000000000000000000e+92	
1.186768171783270402000000000000000000000e+93	
9.473865424082718628000000000000000000000e+92	
1.186387402870833626000000000000000000000e+93	
9.470057734958350862000000000000000000000e+92	
1.186006786995154477000000000000000000000e+93	
9.466251576201559375000000000000000000000e+92	
1.185626324094725357000000000000000000000e+93	
9.462446947197268169000000000000000000000e+92	
1.185246014108062980000000000000000000000e+93	
9.458643847330644409000000000000000000000e+92	
1.184865856973709076000000000000000000000e+93	
9.454842275987105368000000000000000000000e+92	
1.184485852630229920000000000000000000000e+93	
9.451042232552313803000000000000000000000e+92	
1.184106001016216566000000000000000000000e+93	
9.447243716412180263000000000000000000000e+92	
1.183726302070284849000000000000000000000e+93	
9.443446726952863094000000000000000000000e+92	
1.183346755731075151000000000000000000000e+93	
9.439651263560766118000000000000000000000e+92	
1.182967361937252404000000000000000000000e+93	
9.435857325622538639000000000000000000000e+92	
1.182588120627506547000000000000000000000e+93	
9.432064912525080072000000000000000000000e+92	
1.182209031740551839000000000000000000000e+93	
9.428274023655532994000000000000000000000e+92	
1.181830095215127086000000000000000000000e+93	
9.424484658401285462000000000000000000000e+92	
1.181451310989996104000000000000000000000e+93	
9.420696816149975644000000000000000000000e+92	
1.181072679003947258000000000000000000000e+93	
9.416910496289487187000000000000000000000e+92	
1.180694199195792998000000000000000000000e+93	
9.413125698207944585000000000000000000000e+92	
1.180315871504371016000000000000000000000e+93	
9.409342421293724759000000000000000000000e+92	
1.179937695868543088000000000000000000000e+93	
9.405560664935445479000000000000000000000e+92	
1.179559672227196002000000000000000000000e+93	
9.401780428521974624000000000000000000000e+92	
1.179181800519240632000000000000000000000e+93	
9.398001711442420921000000000000000000000e+92	
1.178804080683612860000000000000000000000e+93	
9.394224513086143209000000000000000000000e+92	
1.178426512659272889000000000000000000000e+93	
9.390448832842743489000000000000000000000e+92	
1.178049096385205464000000000000000000000e+93	
9.386674670102069242000000000000000000000e+92	
1.177671831800419882000000000000000000000e+93	
9.382902024254213428000000000000000000000e+92	
1.177294718843949757000000000000000000000e+93	
9.379130894689512171000000000000000000000e+92	
1.176917757454853478000000000000000000000e+93	
9.375361280798549389000000000000000000000e+92	
1.176540947572213988000000000000000000000e+93	
9.371593181972154479000000000000000000000e+92	
1.176164289135138540000000000000000000000e+93	
9.367826597601400003000000000000000000000e+92	
1.175787782082758708000000000000000000000e+93	
9.364061527077601685000000000000000000000e+92	
1.175411426354230844000000000000000000000e+93	
9.360297969792323046000000000000000000000e+92	
1.175035221888735616000000000000000000000e+93	
9.356535925137370767000000000000000000000e+92	
1.174659168625478009000000000000000000000e+93	
9.352775392504794695000000000000000000000e+92	
1.174283266503687787000000000000000000000e+93	
9.349016371286892473000000000000000000000e+92	
1.173907515462618567000000000000000000000e+93	
9.345258860876200271000000000000000000000e+92	
1.173531915441548977000000000000000000000e+93	
9.341502860665504376000000000000000000000e+92	
1.173156466379781732000000000000000000000e+93	
9.337748370047831918000000000000000000000e+92	
1.172781168216644090000000000000000000000e+93	
9.333995388416455508000000000000000000000e+92	
1.172406020891487632000000000000000000000e+93	
9.330243915164890921000000000000000000000e+92	
1.172031024343688249000000000000000000000e+93	
9.326493949686897094000000000000000000000e+92	
1.171656178512646384000000000000000000000e+93	
9.322745491376478443000000000000000000000e+92	
1.171281483337786563000000000000000000000e+93	
9.318998539627880234000000000000000000000e+92	
1.170906938758557861000000000000000000000e+93	
9.315253093835593209000000000000000000000e+92	
1.170532544714433436000000000000000000000e+93	
9.311509153394348961000000000000000000000e+92	
1.170158301144911227000000000000000000000e+93	
9.307766717699126874000000000000000000000e+92	
1.169784207989513026000000000000000000000e+93	
9.304025786145144868000000000000000000000e+92	
1.169410265187785174000000000000000000000e+93	
9.300286358127866339000000000000000000000e+92	
1.169036472679298324000000000000000000000e+93	
9.296548433042997847000000000000000000000e+92	
1.168662830403647451000000000000000000000e+93	
9.292812010286489117000000000000000000000e+92	
1.168289338300451612000000000000000000000e+93	
9.289077089254530720000000000000000000000e+92	
1.167915996309354179000000000000000000000e+93	
9.285343669343556391000000000000000000000e+92	
1.167542804370022842000000000000000000000e+93	
9.281611749950243029000000000000000000000e+92	
1.167169762422149609000000000000000000000e+93	
9.277881330471510694000000000000000000000e+92	
1.166796870405450801000000000000000000000e+93	
9.274152410304522612000000000000000000000e+92	
1.166424128259666594000000000000000000000e+93	
9.270424988846680539000000000000000000000e+92	
1.166051535924561711000000000000000000000e+93	
9.266699065495631712000000000000000000000e+92	
1.165679093339924961000000000000000000000e+93	
9.262974639649264214000000000000000000000e+92	
1.165306800445569237000000000000000000000e+93	
9.259251710705706976000000000000000000000e+92	
1.164934657181331980000000000000000000000e+93	
9.255530278063334408000000000000000000000e+92	
1.164562663487074485000000000000000000000e+93	
9.251810341120759453000000000000000000000e+92	
1.164190819302682361000000000000000000000e+93	
9.248091899276838215000000000000000000000e+92	
1.163819124568065304000000000000000000000e+93	
9.244374951930667647000000000000000000000e+92	
1.163447579223157326000000000000000000000e+93	
9.240659498481587867000000000000000000000e+92	
1.163076183207916292000000000000000000000e+93	
9.236945538329177521000000000000000000000e+92	
1.162704936462324382000000000000000000000e+93	
9.233233070873258421000000000000000000000e+92	
1.162333838926387862000000000000000000000e+93	
9.229522095513893226000000000000000000000e+92	
1.161962890540137316000000000000000000000e+93	
9.225812611651387759000000000000000000000e+92	
1.161592091243626945000000000000000000000e+93	
9.222104618686284058000000000000000000000e+92	
1.161221440976935504000000000000000000000e+93	
9.218398116019369639000000000000000000000e+92	
1.160850939680165595000000000000000000000e+93	
9.214693103051670552000000000000000000000e+92	
1.160480587293444141000000000000000000000e+93	
9.210989579184456010000000000000000000000e+92	
1.160110383756921915000000000000000000000e+93	
9.207287543819233758000000000000000000000e+92	
1.159740329010773547000000000000000000000e+93	
9.203586996357750069000000000000000000000e+92	
1.159370422995198210000000000000000000000e+93	
9.199887936201996700000000000000000000000e+92	
1.159000665650418702000000000000000000000e+93	
9.196190362754201623000000000000000000000e+92	
1.158631056916682137000000000000000000000e+93	
9.192494275416835970000000000000000000000e+92	
1.158261596734259249000000000000000000000e+93	
9.188799673592607094000000000000000000000e+92	
1.157892285043445322000000000000000000000e+93	
9.185106556684467822000000000000000000000e+92	
1.157523121784559028000000000000000000000e+93	
9.181414924095604884000000000000000000000e+92	
1.157154106897943589000000000000000000000e+93	
9.177724775229450490000000000000000000000e+92	
1.156785240323965846000000000000000000000e+93	
9.174036109489673062000000000000000000000e+92	
1.156416522003016727000000000000000000000e+93	
9.170348926280181876000000000000000000000e+92	
1.156047951875511244000000000000000000000e+93	
9.166663225005127048000000000000000000000e+92	
1.155679529881888031000000000000000000000e+93	
9.162979005068894916000000000000000000000e+92	
1.155311255962609806000000000000000000000e+93	
9.159296265876112662000000000000000000000e+92	
1.154943130058163603000000000000000000000e+93	
9.155615006831650633000000000000000000000e+92	
1.154575152109059616000000000000000000000e+93	
9.151935227340610759000000000000000000000e+92	
1.154207322055832585000000000000000000000e+93	
9.148256926808340450000000000000000000000e+92	
1.153839639839040873000000000000000000000e+93	
9.144580104640423332000000000000000000000e+92	
1.153472105399266928000000000000000000000e+93	
9.140904760242683878000000000000000000000e+92	
1.153104718677116817000000000000000000000e+93	
9.137230893021182778000000000000000000000e+92	
1.152737479613220696000000000000000000000e+93	
9.133558502382221568000000000000000000000e+92	
1.152370388148232340000000000000000000000e+93	
9.129887587732338000000000000000000000000e+92	
1.152003444222829607000000000000000000000e+93	
9.126218148478310675000000000000000000000e+92	
1.151636647777714212000000000000000000000e+93	
9.122550184027156724000000000000000000000e+92	
1.151269998753611489000000000000000000000e+93	
9.118883693786129496000000000000000000000e+92	
1.150903497091270627000000000000000000000e+93	
9.115218677162720870000000000000000000000e+92	
1.150537142731464897000000000000000000000e+93	
9.111555133564663571000000000000000000000e+92	
1.150170935614990962000000000000000000000e+93	
9.107893062399924228000000000000000000000e+92	
1.149804875682669803000000000000000000000e+93	
9.104232463076712632000000000000000000000e+92	
1.149438962875345787000000000000000000000e+93	
9.100573335003472470000000000000000000000e+92	
1.149073197133887136000000000000000000000e+93	
9.096915677588885968000000000000000000000e+92	
1.148707578399185696000000000000000000000e+93	
9.093259490241871561000000000000000000000e+92	
1.148342106612157625000000000000000000000e+93	
9.089604772371590852000000000000000000000e+92	
1.147976781713742011000000000000000000000e+93	
9.085951523387434709000000000000000000000e+92	
1.147611603644902488000000000000000000000e+93	
9.082299742699039482000000000000000000000e+92	
1.147246572346625850000000000000000000000e+93	
9.078649429716273105000000000000000000000e+92	
1.146881687759922744000000000000000000000e+93	
9.075000583849242041000000000000000000000e+92	
1.146516949825827668000000000000000000000e+93	
9.071353204508291287000000000000000000000e+92	
1.146152358485398745000000000000000000000e+93	
9.067707291104002056000000000000000000000e+92	
1.145787913679717717000000000000000000000e+93	
9.064062843047191774000000000000000000000e+92	
1.145423615349890180000000000000000000000e+93	
9.060419859748916404000000000000000000000e+92	
1.145059463437045120000000000000000000000e+93	
9.056778340620465804000000000000000000000e+92	
1.144695457882335376000000000000000000000e+93	
9.053138285073368366000000000000000000000e+92	
1.144331598626937409000000000000000000000e+93	
9.049499692519388698000000000000000000000e+92	
1.143967885612051533000000000000000000000e+93	
9.045862562370529937000000000000000000000e+92	
1.143604318778901221000000000000000000000e+93	
9.042226894039026809000000000000000000000e+92	
1.143240898068734028000000000000000000000e+93	
9.038592686937354884000000000000000000000e+92	
1.142877623422820671000000000000000000000e+93	
9.034959940478221316000000000000000000000e+92	
1.142514494782455951000000000000000000000e+93	
9.031328654074574110000000000000000000000e+92	
1.142151512088958056000000000000000000000e+93	
9.027698827139595166000000000000000000000e+92	
1.141788675283668568000000000000000000000e+93	
9.024070459086700288000000000000000000000e+92	
1.141425984307952921000000000000000000000e+93	
9.020443549329543811000000000000000000000e+92	
1.141063439103200168000000000000000000000e+93	
9.016818097282016284000000000000000000000e+92	
1.140701039610822524000000000000000000000e+93	
9.013194102358239842000000000000000000000e+92	
1.140338785772256055000000000000000000000e+93	
9.009571563972575150000000000000000000000e+92	
1.139976677528960217000000000000000000000e+93	
9.005950481539616776000000000000000000000e+92	
1.139614714822418321000000000000000000000e+93	
9.002330854474197816000000000000000000000e+92	
1.139252897594136835000000000000000000000e+93	
8.998712682191382954000000000000000000000e+92	
1.138891225785645848000000000000000000000e+93	
8.995095964106473086000000000000000000000e+92	
1.138529699338498841000000000000000000000e+93	
8.991480699635003010000000000000000000000e+92	
1.138168318194273145000000000000000000000e+93	
8.987866888192746058000000000000000000000e+92	
1.137807082294569254000000000000000000000e+93	
8.984254529195707141000000000000000000000e+92	
1.137445991581011047000000000000000000000e+93	
8.980643622060125074000000000000000000000e+92	
1.137085045995246028000000000000000000000e+93	
8.977034166202474886000000000000000000000e+92	
1.136724245478945322000000000000000000000e+93	
8.973426161039467824000000000000000000000e+92	
1.136363589973803211000000000000000000000e+93	
8.969819605988046716000000000000000000000e+92	
1.136003079421537600000000000000000000000e+93	
8.966214500465390608000000000000000000000e+92	
1.135642713763889784000000000000000000000e+93	
8.962610843888912446000000000000000000000e+92	
1.135282492942624447000000000000000000000e+93	
8.959008635676259076000000000000000000000e+92	
1.134922416899529432000000000000000000000e+93	
8.955407875245308926000000000000000000000e+92	
1.134562485576416436000000000000000000000e+93	
8.951808562014178960000000000000000000000e+92	
1.134202698915120312000000000000000000000e+93	
8.948210695401217722000000000000000000000e+92	
1.133843056857499305000000000000000000000e+93	
8.944614274825007658000000000000000000000e+92	
1.133483559345434819000000000000000000000e+93	
8.941019299704362797000000000000000000000e+92	
1.133124206320832110000000000000000000000e+93	
8.937425769458335702000000000000000000000e+92	
1.132764997725619360000000000000000000000e+93	
8.933833683506208203000000000000000000000e+92	
1.132405933501748142000000000000000000000e+93	
8.930243041267496028000000000000000000000e+92	
1.132047013591193421000000000000000000000e+93	
8.926653842161948810000000000000000000000e+92	
1.131688237935953779000000000000000000000e+93	
8.923066085609552392000000000000000000000e+92	
1.131329606478050497000000000000000000000e+93	
8.919479771030519572000000000000000000000e+92	
1.130971119159528708000000000000000000000e+93	
8.915894897845301683000000000000000000000e+92	
1.130612775922456472000000000000000000000e+93	
8.912311465474579321000000000000000000000e+92	
1.130254576708925470000000000000000000000e+93	
8.908729473339269301000000000000000000000e+92	
1.129896521461050310000000000000000000000e+93	
8.905148920860517706000000000000000000000e+92	
1.129538610120968991000000000000000000000e+93	
8.901569807459704517000000000000000000000e+92	
1.129180842630842901000000000000000000000e+93	
8.897992132558443618000000000000000000000e+92	
1.128823218932856587000000000000000000000e+93	
8.894415895578580474000000000000000000000e+92	
1.128465738969217754000000000000000000000e+93	
8.890841095942192139000000000000000000000e+92	
1.128108402682157727000000000000000000000e+93	
8.887267733071591877000000000000000000000e+92	
1.127751210013930299000000000000000000000e+93	
8.883695806389317592000000000000000000000e+92	
1.127394160906813112000000000000000000000e+93	
8.880125315318145721000000000000000000000e+92	
1.127037255303106736000000000000000000000e+93	
8.876556259281081965000000000000000000000e+92	
1.126680493145134901000000000000000000000e+93	
8.872988637701363613000000000000000000000e+92	
1.126323874375244725000000000000000000000e+93	
8.869422450002461852000000000000000000000e+92	
1.125967398935806485000000000000000000000e+93	
8.865857695608079455000000000000000000000e+92	
1.125611066769213386000000000000000000000e+93	
8.862294373942148462000000000000000000000e+92	
1.125254877817881789000000000000000000000e+93	
8.858732484428832496000000000000000000000e+92	
1.124898832024251448000000000000000000000e+93	
8.855172026492529082000000000000000000000e+92	
1.124542929330785273000000000000000000000e+93	
8.851612999557867329000000000000000000000e+92	
1.124187169679968869000000000000000000000e+93	
8.848055403049703298000000000000000000000e+92	
1.123831553014311466000000000000000000000e+93	
8.844499236393129266000000000000000000000e+92	
1.123476079276345218000000000000000000000e+93	
8.840944499013466778000000000000000000000e+92	
1.123120748408625204000000000000000000000e+93	
8.837391190336266648000000000000000000000e+92	
1.122765560353729667000000000000000000000e+93	
8.833839309787311274000000000000000000000e+92	
1.122410515054260003000000000000000000000e+93	
8.830288856792614636000000000000000000000e+92	
1.122055612452840770000000000000000000000e+93	
8.826739830778422303000000000000000000000e+92	
1.121700852492119450000000000000000000000e+93	
8.823192231171209108000000000000000000000e+92	
1.121346235114766455000000000000000000000e+93	
8.819646057397679154000000000000000000000e+92	
1.120991760263475584000000000000000000000e+93	
8.816101308884770443000000000000000000000e+92	
1.120637427880963333000000000000000000000e+93	
8.812557985059647932000000000000000000000e+92	
1.120283237909969356000000000000000000000e+93	
8.809016085349708159000000000000000000000e+92	
1.119929190293256464000000000000000000000e+93	
8.805475609182579248000000000000000000000e+92	
1.119575284973610167000000000000000000000e+93	
8.801936555986116276000000000000000000000e+92	
1.119221521893839130000000000000000000000e+93	
8.798398925188405904000000000000000000000e+92	
1.118867900996774945000000000000000000000e+93	
8.794862716217764058000000000000000000000e+92	
1.118514422225272365000000000000000000000e+93	
8.791327928502738253000000000000000000000e+92	
1.118161085522209067000000000000000000000e+93	
8.787794561472105270000000000000000000000e+92	
1.117807890830485655000000000000000000000e+93	
8.784262614554871158000000000000000000000e+92	
1.117454838093025432000000000000000000000e+93	
8.780732087180268918000000000000000000000e+92	
1.117101927252774854000000000000000000000e+93	
8.777202978777763139000000000000000000000e+92	
1.116749158252703307000000000000000000000e+93	
8.773675288777047674000000000000000000000e+92	
1.116396531035803336000000000000000000000e+93	
8.770149016608047962000000000000000000000e+92	
1.116044045545089716000000000000000000000e+93	
8.766624161700911762000000000000000000000e+92	
1.115691701723600845000000000000000000000e+93	
8.763100723486023049000000000000000000000e+92	
1.115339499514397583000000000000000000000e+93	
8.759578701393990436000000000000000000000e+92	
1.114987438860563952000000000000000000000e+93	
8.756058094855654120000000000000000000000e+92	
1.114635519705206664000000000000000000000e+93	
8.752538903302081248000000000000000000000e+92	
1.114283741991455595000000000000000000000e+93	
8.749021126164570555000000000000000000000e+92	
1.113932105662462849000000000000000000000e+93	
8.745504762874643092000000000000000000000e+92	
1.113580610661403921000000000000000000000e+93	
8.741989812864053816000000000000000000000e+92	
1.113229256931477003000000000000000000000e+93	
8.738476275564784630000000000000000000000e+92	
1.112878044415903211000000000000000000000e+93	
8.734964150409046710000000000000000000000e+92	
1.112526973057926126000000000000000000000e+93	
8.731453436829275868000000000000000000000e+92	
1.112176042800812490000000000000000000000e+93	
8.727944134258139498000000000000000000000e+92	
1.111825253587851735000000000000000000000e+93	
8.724436242128531950000000000000000000000e+92	
1.111474605362356223000000000000000000000e+93	
8.720929759873576838000000000000000000000e+92	
1.111124098067660781000000000000000000000e+93	
8.717424686926622415000000000000000000000e+92	
1.110773731647123160000000000000000000000e+93	
8.713921022721246204000000000000000000000e+92	
1.110423506044124039000000000000000000000e+93	
8.710418766691254994000000000000000000000e+92	
1.110073421202066792000000000000000000000e+93	
8.706917918270682525000000000000000000000e+92	
1.109723477064377489000000000000000000000e+93	
8.703418476893789494000000000000000000000e+92	
1.109373673574504894000000000000000000000e+93	
8.699920441995063548000000000000000000000e+92	
1.109024010675920468000000000000000000000e+93	
8.696423813009219285000000000000000000000e+92	
1.108674488312118365000000000000000000000e+93	
8.692928589371198258000000000000000000000e+92	
1.108325106426615668000000000000000000000e+93	
8.689434770516171288000000000000000000000e+92	
1.107975864962951923000000000000000000000e+93	
8.685942355879533830000000000000000000000e+92	
1.107626763864689601000000000000000000000e+93	
8.682451344896910612000000000000000000000e+92	
1.107277803075413871000000000000000000000e+93	
8.678961737004153309000000000000000000000e+92	
1.106928982538732132000000000000000000000e+93	
8.675473531637335922000000000000000000000e+92	
1.106580302198274943000000000000000000000e+93	
8.671986728232764034000000000000000000000e+92	
1.106231761997695326000000000000000000000e+93	
8.668501326226967862000000000000000000000e+92	
1.105883361880668766000000000000000000000e+93	
8.665017325056702264000000000000000000000e+92	
1.105535101790893676000000000000000000000e+93	
8.661534724158951365000000000000000000000e+92	
1.105186981672091164000000000000000000000e+93	
8.658053522970926241000000000000000000000e+92	
1.104839001468004569000000000000000000000e+93	
8.654573720930060290000000000000000000000e+92	
1.104491161122400157000000000000000000000e+93	
8.651095317474016178000000000000000000000e+92	
1.104143460579066892000000000000000000000e+93	
8.647618312040683524000000000000000000000e+92	
1.103795899781815735000000000000000000000e+93	
8.644142704068171952000000000000000000000e+92	
1.103448478674481038000000000000000000000e+93	
8.640668492994824984000000000000000000000e+92	
1.103101197200918923000000000000000000000e+93	
8.637195678259203834000000000000000000000e+92	
1.102754055305008670000000000000000000000e+93	
8.633724259300101300000000000000000000000e+92	
1.102407052930652021000000000000000000000e+93	
8.630254235556534813000000000000000000000e+92	
1.102060190021773184000000000000000000000e+93	
8.626785606467746445000000000000000000000e+92	
1.101713466522318598000000000000000000000e+93	
8.623318371473200586000000000000000000000e+92	
1.101366882376257629000000000000000000000e+93	
8.619852530012590897000000000000000000000e+92	
1.101020437527582107000000000000000000000e+93	
8.616388081525835673000000000000000000000e+92	
1.100674131920306324000000000000000000000e+93	
8.612925025453077846000000000000000000000e+92	
1.100327965498467270000000000000000000000e+93	
8.609463361234687303000000000000000000000e+92	
1.099981938206123933000000000000000000000e+93	
8.606003088311253932000000000000000000000e+92	
1.099636049987357997000000000000000000000e+93	
8.602544206123594578000000000000000000000e+92	
1.099290300786273843000000000000000000000e+93	
8.599086714112753034000000000000000000000e+92	
1.098944690546998313000000000000000000000e+93	
8.595630611719997734000000000000000000000e+92	
1.098599219213680482000000000000000000000e+93	
8.592175898386819428000000000000000000000e+92	
1.098253886730491890000000000000000000000e+93	
8.588722573554933507000000000000000000000e+92	
1.097908693041626539000000000000000000000e+93	
8.585270636666279996000000000000000000000e+92	
1.097563638091300896000000000000000000000e+93	
8.581820087163023559000000000000000000000e+92	
1.097218721823753889000000000000000000000e+93	
8.578370924487553494000000000000000000000e+92	
1.096873944183246913000000000000000000000e+93	
8.574923148082483738000000000000000000000e+92	
1.096529305114063594000000000000000000000e+93	
8.571476757390650546000000000000000000000e+92	
1.096184804560510021000000000000000000000e+93	
8.568031751855114812000000000000000000000e+92	
1.095840442466914746000000000000000000000e+93	
8.564588130919162066000000000000000000000e+92	
1.095496218777628556000000000000000000000e+93	
8.561145894026300160000000000000000000000e+92	
1.095152133437024698000000000000000000000e+93	
8.557705040620261580000000000000000000000e+92	
1.094808186389498885000000000000000000000e+93	
8.554265570145003452000000000000000000000e+92	
1.094464377579468830000000000000000000000e+93	
8.550827482044702902000000000000000000000e+92	
1.094120706951374941000000000000000000000e+93	
8.547390775763764014000000000000000000000e+92	
1.093777174449679627000000000000000000000e+93	
8.543955450746810874000000000000000000000e+92	
1.093433780018867992000000000000000000000e+93	
8.540521506438694520000000000000000000000e+92	
1.093090523603447139000000000000000000000e+93	
8.537088942284485998000000000000000000000e+92	
1.092747405147946870000000000000000000000e+93	
8.533657757729483302000000000000000000000e+92	
1.092404424596918752000000000000000000000e+93	
8.530227952219202120000000000000000000000e+92	
1.092061581894937049000000000000000000000e+93	
8.526799525199385090000000000000000000000e+92	
1.091718876986598025000000000000000000000e+93	
8.523372476115994853000000000000000000000e+92	
1.091376309816520409000000000000000000000e+93	
8.519946804415218690000000000000000000000e+92	
1.091033880329345160000000000000000000000e+93	
8.516522509543466202000000000000000000000e+92	
1.090691588469735471000000000000000000000e+93	
8.513099590947369311000000000000000000000e+92	
1.090349434182376765000000000000000000000e+93	
8.509678048073782257000000000000000000000e+92	
1.090007417411976468000000000000000000000e+93	
8.506257880369779288000000000000000000000e+92	
1.089665538103264700000000000000000000000e+93	
8.502839087282661605000000000000000000000e+92	
1.089323796200993349000000000000000000000e+93	
8.499421668259948096000000000000000000000e+92	
1.088982191649936768000000000000000000000e+93	
8.496005622749382285000000000000000000000e+92	
1.088640724394891542000000000000000000000e+93	
8.492590950198930020000000000000000000000e+92	
1.088299394380676023000000000000000000000e+93	
8.489177650056774836000000000000000000000e+92	
1.087958201552131262000000000000000000000e+93	
8.485765721771327220000000000000000000000e+92	
1.087617145854120306000000000000000000000e+93	
8.482355164791217666000000000000000000000e+92	
1.087276227231528438000000000000000000000e+93	
8.478945978565298987000000000000000000000e+92	
1.086935445629262708000000000000000000000e+93	
8.475538162542641686000000000000000000000e+92	
1.086594800992252862000000000000000000000e+93	
8.472131716172543218000000000000000000000e+92	
1.086254293265450181000000000000000000000e+93	
8.468726638904516412000000000000000000000e+92	
1.085913922393828645000000000000000000000e+93	
8.465322930188301050000000000000000000000e+92	
1.085573688322384000000000000000000000000e+93	
8.461920589473854599000000000000000000000e+92	
1.085233590996134456000000000000000000000e+93	
8.458519616211359169000000000000000000000e+92	
1.084893630360119764000000000000000000000e+93	
8.455120009851212238000000000000000000000e+92	
1.084553806359402132000000000000000000000e+93	
8.451721769844035924000000000000000000000e+92	
1.084214118939065775000000000000000000000e+93	
8.448324895640672350000000000000000000000e+92	
1.083874568044216904000000000000000000000e+93	
8.444929386692183640000000000000000000000e+92	
1.083535153619983964000000000000000000000e+93	
8.441535242449854242000000000000000000000e+92	
1.083195875611517401000000000000000000000e+93	
8.438142462365188610000000000000000000000e+92	
1.082856733963989428000000000000000000000e+93	
8.434751045889908884000000000000000000000e+92	
1.082517728622594724000000000000000000000e+93	
8.431360992475961844000000000000000000000e+92	
1.082178859532549967000000000000000000000e+93	
8.427972301575514272000000000000000000000e+92	
1.081840126639093372000000000000000000000e+93	
8.424584972640948325000000000000000000000e+92	
1.081501529887485619000000000000000000000e+93	
8.421199005124870796000000000000000000000e+92	
1.081163069223009388000000000000000000000e+93	
8.417814398480108483000000000000000000000e+92	
1.080824744590968895000000000000000000000e+93	
8.414431152159703558000000000000000000000e+92	
1.080486555936690822000000000000000000000e+93	
8.411049265616922828000000000000000000000e+92	
1.080148503205523850000000000000000000000e+93	
8.407668738305253108000000000000000000000e+92	
1.079810586342838198000000000000000000000e+93	
8.404289569678396582000000000000000000000e+92	
1.079472805294026316000000000000000000000e+93	
8.400911759190277758000000000000000000000e+92	
1.079135160004502423000000000000000000000e+93	
8.397535306295038834000000000000000000000e+92	
1.078797650419702972000000000000000000000e+93	
8.394160210447044324000000000000000000000e+92	
1.078460276485086415000000000000000000000e+93	
8.390786471100878753000000000000000000000e+92	
1.078123038146132510000000000000000000000e+93	
8.387414087711339698000000000000000000000e+92	
1.077785935348343477000000000000000000000e+93	
8.384043059733449378000000000000000000000e+92	
1.077448968037243309000000000000000000000e+93	
8.380673386622447696000000000000000000000e+92	
1.077112136158377996000000000000000000000e+93	
8.377305067833794562000000000000000000000e+92	
1.076775439657315066000000000000000000000e+93	
8.373938102823165262000000000000000000000e+92	
1.076438878479644279000000000000000000000e+93	
8.370572491046457398000000000000000000000e+92	
1.076102452570976934000000000000000000000e+93	
8.367208231959783948000000000000000000000e+92	
1.075766161876946561000000000000000000000e+93	
8.363845325019480212000000000000000000000e+92	
1.075430006343208457000000000000000000000e+93	
8.360483769682099176000000000000000000000e+92	
1.075093985915439460000000000000000000000e+93	
8.357123565404409201000000000000000000000e+92	
1.074758100539338405000000000000000000000e+93	
8.353764711643398654000000000000000000000e+92	
1.074422350160626130000000000000000000000e+93	
8.350407207856275904000000000000000000000e+92	
1.074086734725045241000000000000000000000e+93	
8.347051053500467013000000000000000000000e+92	
1.073751254178359881000000000000000000000e+93	
8.343696248033613412000000000000000000000e+92	
1.073415908466356194000000000000000000000e+93	
8.340342790913576542000000000000000000000e+92	
1.073080697534842092000000000000000000000e+93	
8.336990681598435528000000000000000000000e+92	
1.072745621329647258000000000000000000000e+93	
8.333639919546487187000000000000000000000e+92	
1.072410679796623374000000000000000000000e+93	
8.330290504216248340000000000000000000000e+92	
1.072075872881643426000000000000000000000e+93	
8.326942435066448868000000000000000000000e+92	
1.071741200530602405000000000000000000000e+93	
8.323595711556038652000000000000000000000e+92	
1.071406662689417066000000000000000000000e+93	
8.320250333144185266000000000000000000000e+92	
1.071072259304025937000000000000000000000e+93	
8.316906299290273973000000000000000000000e+92	
1.070737990320389312000000000000000000000e+93	
8.313563609453907724000000000000000000000e+92	
1.070403855684489024000000000000000000000e+93	
8.310222263094904842000000000000000000000e+92	
1.070069855342328674000000000000000000000e+93	
8.306882259673301342000000000000000000000e+92	
1.069735989239933401000000000000000000000e+93	
8.303543598649348610000000000000000000000e+92	
1.069402257323350344000000000000000000000e+93	
8.300206279483518039000000000000000000000e+92	
1.069068659538648411000000000000000000000e+93	
8.296870301636498710000000000000000000000e+92	
1.068735195831917816000000000000000000000e+93	
8.293535664569192760000000000000000000000e+92	
1.068401866149270541000000000000000000000e+93	
8.290202367742720018000000000000000000000e+92	
1.068068670436840340000000000000000000000e+93	
8.286870410618418000000000000000000000000e+92	
1.067735608640782499000000000000000000000e+93	
8.283539792657839596000000000000000000000e+92	
1.067402680707274078000000000000000000000e+93	
8.280210513322755385000000000000000000000e+92	
1.067069886582513672000000000000000000000e+93	
8.276882572075151320000000000000000000000e+92	
1.066737226212721644000000000000000000000e+93	
8.273555968377231042000000000000000000000e+92	
1.066404699544139665000000000000000000000e+93	
8.270230701691411252000000000000000000000e+92	
1.066072306523031405000000000000000000000e+93	
8.266906771480328650000000000000000000000e+92	
1.065740047095681840000000000000000000000e+93	
8.263584177206833000000000000000000000000e+92	
1.065407921208397715000000000000000000000e+93	
8.260262918333991753000000000000000000000e+92	
1.065075928807507081000000000000000000000e+93	
8.256942994325085416000000000000000000000e+92	
1.064744069839359990000000000000000000000e+93	
8.253624404643614502000000000000000000000e+92	
1.064412344250327566000000000000000000000e+93	
8.250307148753290264000000000000000000000e+92	
1.064080751986802936000000000000000000000e+93	
8.246991226118043964000000000000000000000e+92	
1.063749292995200532000000000000000000000e+93	
8.243676636202019919000000000000000000000e+92	
1.063417967221956321000000000000000000000e+93	
8.240363378469577818000000000000000000000e+92	
1.063086774613527812000000000000000000000e+93	
8.237051452385292724000000000000000000000e+92	
1.062755715116394047000000000000000000000e+93	
8.233740857413955074000000000000000000000e+92	
1.062424788677055608000000000000000000000e+93	
8.230431593020570680000000000000000000000e+92	
1.062093995242034612000000000000000000000e+93	
8.227123658670360724000000000000000000000e+92	
1.061763334757874484000000000000000000000e+93	
8.223817053828759446000000000000000000000e+92	
1.061432807171140417000000000000000000000e+93	
8.220511777961418778000000000000000000000e+92	
1.061102412428418910000000000000000000000e+93	
8.217207830534203705000000000000000000000e+92	
1.060772150476317999000000000000000000000e+93	
8.213905211013194590000000000000000000000e+92	
1.060442021261467025000000000000000000000e+93	
8.210603918864684849000000000000000000000e+92	
1.060112024730517099000000000000000000000e+93	
8.207303953555185591000000000000000000000e+92	
1.059782160830140406000000000000000000000e+93	
8.204005314551418664000000000000000000000e+92	
1.059452429507030669000000000000000000000e+93	
8.200708001320321290000000000000000000000e+92	
1.059122830707903146000000000000000000000e+93	
8.197412013329046065000000000000000000000e+92	
1.058793364379494404000000000000000000000e+93	
8.194117350044958642000000000000000000000e+92	
1.058464030468562544000000000000000000000e+93	
8.190824010935640046000000000000000000000e+92	
1.058134828921886976000000000000000000000e+93	
8.187531995468884362000000000000000000000e+92	
1.057805759686268413000000000000000000000e+93	
8.184241303112698730000000000000000000000e+92	
1.057476822708529106000000000000000000000e+93	
8.180951933335305666000000000000000000000e+92	
1.057148017935512614000000000000000000000e+93	
8.177663885605140740000000000000000000000e+92	
1.056819345314084029000000000000000000000e+93	
8.174377159390854897000000000000000000000e+92	
1.056490804791129522000000000000000000000e+93	
8.171091754161309824000000000000000000000e+92	
1.056162396313556798000000000000000000000e+93	
8.167807669385582582000000000000000000000e+92	
1.055834119828294637000000000000000000000e+93	
8.164524904532960972000000000000000000000e+92	
1.055505975282293588000000000000000000000e+93	
8.161243459072950484000000000000000000000e+92	
1.055177962622525043000000000000000000000e+93	
8.157963332475265035000000000000000000000e+92	
1.054850081795982163000000000000000000000e+93	
8.154684524209836231000000000000000000000e+92	
1.054522332749678950000000000000000000000e+93	
8.151407033746804102000000000000000000000e+92	
1.054194715430651177000000000000000000000e+93	
8.148130860556526370000000000000000000000e+92	
1.053867229785955458000000000000000000000e+93	
8.144856004109569180000000000000000000000e+92	
1.053539875762669945000000000000000000000e+93	
8.141582463876714052000000000000000000000e+92	
1.053212653307894096000000000000000000000e+93	
8.138310239328955564000000000000000000000e+92	
1.052885562368748443000000000000000000000e+93	
8.135039329937499032000000000000000000000e+92	
1.052558602892375055000000000000000000000e+93	
8.131769735173765151000000000000000000000e+92	
1.052231774825936843000000000000000000000e+93	
8.128501454509383036000000000000000000000e+92	
1.051905078116618258000000000000000000000e+93	
8.125234487416197179000000000000000000000e+92	
1.051578512711625052000000000000000000000e+93	
8.121968833366265128000000000000000000000e+92	
1.051252078558183825000000000000000000000e+93	
8.118704491831852858000000000000000000000e+92	
1.050925775603542711000000000000000000000e+93	
8.115441462285441715000000000000000000000e+92	
1.050599603794970919000000000000000000000e+93	
8.112179744199723789000000000000000000000e+92	
1.050273563079758962000000000000000000000e+93	
8.108919337047604226000000000000000000000e+92	
1.049947653405218431000000000000000000000e+93	
8.105660240302198914000000000000000000000e+92	
1.049621874718681988000000000000000000000e+93	
8.102402453436834483000000000000000000000e+92	
1.049296226967503602000000000000000000000e+93	
8.099145975925050620000000000000000000000e+92	
1.048970710099058315000000000000000000000e+93	
8.095890807240597752000000000000000000000e+92	
1.048645324060742476000000000000000000000e+93	
8.092636946857439368000000000000000000000e+92	
1.048320068799973509000000000000000000000e+93	
8.089384394249749694000000000000000000000e+92	
1.047994944264189910000000000000000000000e+93	
8.086133148891913700000000000000000000000e+92	
1.047669950400851249000000000000000000000e+93	
8.082883210258527096000000000000000000000e+92	
1.047345087157438405000000000000000000000e+93	
8.079634577824398651000000000000000000000e+92	
1.047020354481453327000000000000000000000e+93	
8.076387251064547875000000000000000000000e+92	
1.046695752320419042000000000000000000000e+93	
8.073141229454205020000000000000000000000e+92	
1.046371280621879416000000000000000000000e+93	
8.069896512468808762000000000000000000000e+92	
1.046046939333399855000000000000000000000e+93	
8.066653099584013153000000000000000000000e+92	
1.045722728402566375000000000000000000000e+93	
8.063410990275678353000000000000000000000e+92	
1.045398647776986298000000000000000000000e+93	
8.060170184019877580000000000000000000000e+92	
1.045074697404288019000000000000000000000e+93	
8.056930680292894794000000000000000000000e+92	
1.044750877232121009000000000000000000000e+93	
8.053692478571224694000000000000000000000e+92	
1.044427187208155812000000000000000000000e+93	
8.050455578331572726000000000000000000000e+92	
1.044103627280083584000000000000000000000e+93	
8.047219979050850442000000000000000000000e+92	
1.043780197395617016000000000000000000000e+93	
8.043985680206184766000000000000000000000e+92	
1.043456897502489645000000000000000000000e+93	
8.040752681274911051000000000000000000000e+92	
1.043133727548456079000000000000000000000e+93	
8.037520981734575390000000000000000000000e+92	
1.042810687481291654000000000000000000000e+93	
8.034290581062931146000000000000000000000e+92	
1.042487777248793013000000000000000000000e+93	
8.031061478737944736000000000000000000000e+92	
1.042164996798777524000000000000000000000e+93	
8.027833674237789846000000000000000000000e+92	
1.041842346079083746000000000000000000000e+93	
8.024607167040852063000000000000000000000e+92	
1.041519825037571080000000000000000000000e+93	
8.021381956625725398000000000000000000000e+92	
1.041197433622120000000000000000000000000e+93	
8.018158042471214606000000000000000000000e+92	
1.040875171780631710000000000000000000000e+93	
8.014935424056331706000000000000000000000e+92	
1.040553039461028486000000000000000000000e+93	
8.011714100860299462000000000000000000000e+92	
1.040231036611253562000000000000000000000e+93	
8.008494072362550222000000000000000000000e+92	
1.039909163179271131000000000000000000000e+93	
8.005275338042725912000000000000000000000e+92	
1.039587419113066229000000000000000000000e+93	
8.002057897380676892000000000000000000000e+92	
1.039265804360644734000000000000000000000e+93	
7.998841749856461942000000000000000000000e+92	
1.038944318870033482000000000000000000000e+93	
7.995626894950349428000000000000000000000e+92	
1.038622962589280270000000000000000000000e+93	
7.992413332142817298000000000000000000000e+92	
1.038301735466453617000000000000000000000e+93	
7.989201060914550770000000000000000000000e+92	
1.037980637449643120000000000000000000000e+93	
7.985990080746445802000000000000000000000e+92	
1.037659668486959102000000000000000000000e+93	
7.982780391119605620000000000000000000000e+92	
1.037338828526532727000000000000000000000e+93	
7.979571991515341876000000000000000000000e+92	
1.037018117516516005000000000000000000000e+93	
7.976364881415174650000000000000000000000e+92	
1.036697535405081900000000000000000000000e+93	
7.973159060300833600000000000000000000000e+92	
1.036377082140424221000000000000000000000e+93	
7.969954527654256817000000000000000000000e+92	
1.036056757670757389000000000000000000000e+93	
7.966751282957588496000000000000000000000e+92	
1.035736561944316666000000000000000000000e+93	
7.963549325693181260000000000000000000000e+92	
1.035416494909358387000000000000000000000e+93	
7.960348655343598474000000000000000000000e+92	
1.035096556514159385000000000000000000000e+93	
7.957149271391608454000000000000000000000e+92	
1.034776746707017450000000000000000000000e+93	
7.953951173320189102000000000000000000000e+92	
1.034457065436251098000000000000000000000e+93	
7.950754360612525584000000000000000000000e+92	
1.034137512650199689000000000000000000000e+93	
7.947558832752011495000000000000000000000e+92	
1.033818088297223194000000000000000000000e+93	
7.944364589222246539000000000000000000000e+92	
1.033498792325702540000000000000000000000e+93	
7.941171629507040003000000000000000000000e+92	
1.033179624684039152000000000000000000000e+93	
7.937979953090406126000000000000000000000e+92	
1.032860585320655413000000000000000000000e+93	
7.934789559456568732000000000000000000000e+92	
1.032541674183994315000000000000000000000e+93	
7.931600448089957754000000000000000000000e+92	
1.032222891222519695000000000000000000000e+93	
7.928412618475211551000000000000000000000e+92	
1.031904236384715883000000000000000000000e+93	
7.925226070097173433000000000000000000000e+92	
1.031585709619088169000000000000000000000e+93	
7.922040802440896295000000000000000000000e+92	
1.031267310874162338000000000000000000000e+93	
7.918856814991637983000000000000000000000e+92	
1.030949040098485017000000000000000000000e+93	
7.915674107234864770000000000000000000000e+92	
1.030630897240623212000000000000000000000e+93	
7.912492678656246722000000000000000000000e+92	
1.030312882249165004000000000000000000000e+93	
7.909312528741664647000000000000000000000e+92	
1.029994995072718970000000000000000000000e+93	
7.906133656977204305000000000000000000000e+92	
1.029677235659914412000000000000000000000e+93	
7.902956062849158724000000000000000000000e+92	
1.029359603959401012000000000000000000000e+93	
7.899779745844024725000000000000000000000e+92	
1.029042099919849411000000000000000000000e+93	
7.896604705448508714000000000000000000000e+92	
1.028724723489950745000000000000000000000e+93	
7.893430941149522049000000000000000000000e+92	
1.028407474618416759000000000000000000000e+93	
7.890258452434182198000000000000000000000e+92	
1.028090353253979697000000000000000000000e+93	
7.887087238789811578000000000000000000000e+92	
1.027773359345392643000000000000000000000e+93	
7.883917299703941036000000000000000000000e+92	
1.027456492841429177000000000000000000000e+93	
7.880748634664306370000000000000000000000e+92	
1.027139753690883488000000000000000000000e+93	
7.877581243158849485000000000000000000000e+92	
1.026823141842570264000000000000000000000e+93	
7.874415124675717242000000000000000000000e+92	
1.026506657245324916000000000000000000000e+93	
7.871250278703263767000000000000000000000e+92	
1.026190299848003238000000000000000000000e+93	
7.868086704730046981000000000000000000000e+92	
1.025874069599481631000000000000000000000e+93	
7.864924402244830916000000000000000000000e+92	
1.025557966448657111000000000000000000000e+93	
7.861763370736585711000000000000000000000e+92	
1.025241990344447186000000000000000000000e+93	
7.858603609694486461000000000000000000000e+92	
1.024926141235789976000000000000000000000e+93	
7.855445118607914367000000000000000000000e+92	
1.024610419071644098000000000000000000000e+93	
7.852287896966455585000000000000000000000e+92	
1.024294823800988546000000000000000000000e+93	
7.849131944259900064000000000000000000000e+92	
1.023979355372822926000000000000000000000e+93	
7.845977259978243862000000000000000000000e+92	
1.023664013736167339000000000000000000000e+93	
7.842823843611687990000000000000000000000e+92	
1.023348798840062381000000000000000000000e+93	
7.839671694650638410000000000000000000000e+92	
1.023033710633569028000000000000000000000e+93	
7.836520812585704880000000000000000000000e+92	
1.022718749065768982000000000000000000000e+93	
7.833371196907704426000000000000000000000e+92	
1.022403914085764094000000000000000000000e+93	
7.830222847107655548000000000000000000000e+92	
1.022089205642676941000000000000000000000e+93	
7.827075762676784018000000000000000000000e+92	
1.021774623685650480000000000000000000000e+93	
7.823929943106519402000000000000000000000e+92	
1.021460168163847930000000000000000000000e+93	
7.820785387888493899000000000000000000000e+92	
1.021145839026453122000000000000000000000e+93	
7.817642096514545822000000000000000000000e+92	
1.020831636222670151000000000000000000000e+93	
7.814500068476716116000000000000000000000e+92	
1.020517559701723724000000000000000000000e+93	
7.811359303267251840000000000000000000000e+92	
1.020203609412858924000000000000000000000e+93	
7.808219800378603844000000000000000000000e+92	
1.019889785305341101000000000000000000000e+93	
7.805081559303425615000000000000000000000e+92	
1.019576087328456099000000000000000000000e+93	
7.801944579534575593000000000000000000000e+92	
1.019262515431510141000000000000000000000e+93	
7.798808860565116010000000000000000000000e+92	
1.018949069563829713000000000000000000000e+93	
7.795674401888311738000000000000000000000e+92	
1.018635749674761799000000000000000000000e+93	
7.792541202997632596000000000000000000000e+92	
1.018322555713673760000000000000000000000e+93	
7.789409263386752201000000000000000000000e+92	
1.018009487629953220000000000000000000000e+93	
7.786278582549546804000000000000000000000e+92	
1.017696545373008185000000000000000000000e+93	
7.783149159980096451000000000000000000000e+92	
1.017383728892266806000000000000000000000e+93	
7.780020995172682666000000000000000000000e+92	
1.017071038137177964000000000000000000000e+93	
7.776894087621794240000000000000000000000e+92	
1.016758473057210453000000000000000000000e+93	
7.773768436822119130000000000000000000000e+92	
1.016446033601853679000000000000000000000e+93	
7.770644042268551396000000000000000000000e+92	
1.016133719720617198000000000000000000000e+93	
7.767520903456186584000000000000000000000e+92	
1.015821531363030827000000000000000000000e+93	
7.764399019880322872000000000000000000000e+92	
1.015509468478644763000000000000000000000e+93	
7.761278391036462230000000000000000000000e+92	
1.015197531017029351000000000000000000000e+93	
7.758159016420308112000000000000000000000e+92	
1.014885718927775547000000000000000000000e+93	
7.755040895527770078000000000000000000000e+92	
1.014574032160493993000000000000000000000e+93	
7.751924027854954534000000000000000000000e+92	
1.014262470664816055300000000000000000000e+93	
7.748808412898175156000000000000000000000e+92	
1.013951034390393249400000000000000000000e+93	
7.745694050153947097000000000000000000000e+92	
1.013639723286897122900000000000000000000e+93	
7.742580939118985832000000000000000000000e+92	
1.013328537304019718300000000000000000000e+93	
7.739469079290211786000000000000000000000e+92	
1.013017476391473110200000000000000000000e+93	
7.736358470164745705000000000000000000000e+92	
1.012706540498989752600000000000000000000e+93	
7.733249111239912129000000000000000000000e+92	
1.012395729576322015800000000000000000000e+93	
7.730141002013234760000000000000000000000e+92	
1.012085043573242765100000000000000000000e+93	
7.727034141982442254000000000000000000000e+92	
1.011774482439544898200000000000000000000e+93	
7.723928530645463585000000000000000000000e+92	
1.011464046125041576100000000000000000000e+93	
7.720824167500430364000000000000000000000e+92	
1.011153734579566107700000000000000000000e+93	
7.717721052045675680000000000000000000000e+92	
1.010843547752971834000000000000000000000e+93	
7.714619183779732942000000000000000000000e+92	
1.010533485595132475300000000000000000000e+93	
7.711518562201339356000000000000000000000e+92	
1.010223548055941668200000000000000000000e+93	
7.708419186809431285000000000000000000000e+92	
1.009913735085313428800000000000000000000e+93	
7.705321057103148891000000000000000000000e+92	
1.009604046633181689300000000000000000000e+93	
7.702224172581831496000000000000000000000e+92	
1.009294482649500645500000000000000000000e+93	
7.699128532745021058000000000000000000000e+92	
1.008985043084244409600000000000000000000e+93	
7.696034137092458699000000000000000000000e+92	
1.008675727887407473000000000000000000000e+93	
7.692940985124089334000000000000000000000e+92	
1.008366537009004359400000000000000000000e+93	
7.689849076340058197000000000000000000000e+92	
1.008057470399069508500000000000000000000e+93	
7.686758410240709688000000000000000000000e+92	
1.007748528007657623600000000000000000000e+93	
7.683668986326590839000000000000000000000e+92	
1.007439709784843324500000000000000000000e+93	
7.680580804098447848000000000000000000000e+92	
1.007131015680721378500000000000000000000e+93	
7.677493863057228388000000000000000000000e+92	
1.006822445645406701000000000000000000000e+93	
7.674408162704081614000000000000000000000e+92	
1.006513999629034123500000000000000000000e+93	
7.671323702540355838000000000000000000000e+92	
1.006205677581758625400000000000000000000e+93	
7.668240482067600857000000000000000000000e+92	
1.005897479453755102100000000000000000000e+93	
7.665158500787565624000000000000000000000e+92	
1.005589405195218481400000000000000000000e+93	
7.662077758202199418000000000000000000000e+92	
1.005281454756363838700000000000000000000e+93	
7.658998253813652990000000000000000000000e+92	
1.004973628087426165600000000000000000000e+93	
7.655919987124276260000000000000000000000e+92	
1.004665925138660485900000000000000000000e+93	
7.652842957636619462000000000000000000000e+92	
1.004358345860341739600000000000000000000e+93	
7.649767164853431998000000000000000000000e+92	
1.004050890202764898500000000000000000000e+93	
7.646692608277663588000000000000000000000e+92	
1.003743558116244966700000000000000000000e+93	
7.643619287412464270000000000000000000000e+92	
1.003436349551116980300000000000000000000e+93	
7.640547201761184406000000000000000000000e+92	
1.003129264457735659900000000000000000000e+93	
7.637476350827371202000000000000000000000e+92	
1.002822302786475990000000000000000000000e+93	
7.634406734114774502000000000000000000000e+92	
1.002515464487732639300000000000000000000e+93	
7.631338351127340996000000000000000000000e+92	
1.002208749511920424800000000000000000000e+93	
7.628271201369218851000000000000000000000e+92	
1.001902157809474079500000000000000000000e+93	
7.625205284344755398000000000000000000000e+92	
1.001595689330848021000000000000000000000e+93	
7.622140599558494814000000000000000000000e+92	
1.001289344026516814900000000000000000000e+93	
7.619077146515182752000000000000000000000e+92	
1.000983121846974943000000000000000000000e+93	
7.616014924719764032000000000000000000000e+92	
1.000677022742736455800000000000000000000e+93	
7.612953933677379160000000000000000000000e+92	
1.000371046664335667500000000000000000000e+93	
7.609894172893371278000000000000000000000e+92	
1.000065193562326692900000000000000000000e+93	
7.606835641873281532000000000000000000000e+92	
9.997594633872834471000000000000000000000e+92	
7.603778340122849074000000000000000000000e+92	
9.994538560897997614000000000000000000000e+92	
7.600722267148012216000000000000000000000e+92	
9.991483716204892676000000000000000000000e+92	
7.597667422454907279000000000000000000000e+92	
9.988430099299853981000000000000000000000e+92	
7.594613805549868584000000000000000000000e+92	
9.985377709689416170000000000000000000000e+92	
7.591561415939430774000000000000000000000e+92	
9.982326546880309576000000000000000000000e+92	
7.588510253130324180000000000000000000000e+92	
9.979276610379466009000000000000000000000e+92	
7.585460316629480612000000000000000000000e+92	
9.976227899694012966000000000000000000000e+92	
7.582411605944027569000000000000000000000e+92	
9.973180414331275950000000000000000000000e+92	
7.579364120581290554000000000000000000000e+92	
9.970134153798780786000000000000000000000e+92	
7.576317860048795388000000000000000000000e+92	
9.967089117604248984000000000000000000000e+92	
7.573272823854263586000000000000000000000e+92	
9.964045305255601218000000000000000000000e+92	
7.570229011505615821000000000000000000000e+92	
9.961002716260953852000000000000000000000e+92	
7.567186422510968456000000000000000000000e+92	
9.957961350128624727000000000000000000000e+92	
7.564145056378639330000000000000000000000e+92	
9.954921206367126215000000000000000000000e+92	
7.561104912617140818000000000000000000000e+92	
9.951882284485168691000000000000000000000e+92	
7.558065990735183294000000000000000000000e+92	
9.948844583991659378000000000000000000000e+92	
7.555028290241673981000000000000000000000e+92	
9.945808104395705820000000000000000000000e+92	
7.551991810645720424000000000000000000000e+92	
9.942772845206610091000000000000000000000e+92	
7.548956551456624694000000000000000000000e+92	
9.939738805933872269000000000000000000000e+92	
7.545922512183886872000000000000000000000e+92	
9.936705986087189278000000000000000000000e+92	
7.542889692337203881000000000000000000000e+92	
9.933674385176456048000000000000000000000e+92	
7.539858091426470651000000000000000000000e+92	
9.930644002711763197000000000000000000000e+92	
7.536827708961777800000000000000000000000e+92	
9.927614838203399348000000000000000000000e+92	
7.533798544453413950000000000000000000000e+92	
9.924586891161849968000000000000000000000e+92	
7.530770597411864572000000000000000000000e+92	
9.921560161097796217000000000000000000000e+92	
7.527743867347810820000000000000000000000e+92	
9.918534647522116098000000000000000000000e+92	
7.524718353772130701000000000000000000000e+92	
9.915510349945886778000000000000000000000e+92	
7.521694056195901381000000000000000000000e+92	
9.912487267880377638000000000000000000000e+92	
7.518670974130392241000000000000000000000e+92	
9.909465400837057222000000000000000000000e+92	
7.515649107087071824000000000000000000000e+92	
9.906444748327588604000000000000000000000e+92	
7.512628454577603207000000000000000000000e+92	
9.903425309863834022000000000000000000000e+92	
7.509609016113848624000000000000000000000e+92	
9.900407084957850243000000000000000000000e+92	
7.506590791207864846000000000000000000000e+92	
9.897390073121888565000000000000000000000e+92	
7.503573779371903168000000000000000000000e+92	
9.894374273868399449000000000000000000000e+92	
7.500557980118414052000000000000000000000e+92	
9.891359686710027887000000000000000000000e+92	
7.497543392960042490000000000000000000000e+92	
9.888346311159613401000000000000000000000e+92	
7.494530017409628004000000000000000000000e+92	
9.885334146730193517000000000000000000000e+92	
7.491517852980208120000000000000000000000e+92	
9.882323192935000293000000000000000000000e+92	
7.488506899185014896000000000000000000000e+92	
9.879313449287461475000000000000000000000e+92	
7.485497155537476078000000000000000000000e+92	
9.876304915301199339000000000000000000000e+92	
7.482488621551213942000000000000000000000e+92	
9.873297590490034167000000000000000000000e+92	
7.479481296740048770000000000000000000000e+92	
9.870291474367980770000000000000000000000e+92	
7.476475180617995373000000000000000000000e+92	
9.867286566449247333000000000000000000000e+92	
7.473470272699261936000000000000000000000e+92	
9.864282866248238887000000000000000000000e+92	
7.470466572498253490000000000000000000000e+92	
9.861280373279556153000000000000000000000e+92	
7.467464079529570756000000000000000000000e+92	
9.858279087057994380000000000000000000000e+92	
7.464462793308008984000000000000000000000e+92	
9.855279007098544508000000000000000000000e+92	
7.461462713348559112000000000000000000000e+92	
9.852280132916389691000000000000000000000e+92	
7.458463839166404294000000000000000000000e+92	
9.849282464026911088000000000000000000000e+92	
7.455466170276925691000000000000000000000e+92	
9.846285999945683229000000000000000000000e+92	
7.452469706195697832000000000000000000000e+92	
9.843290740188476335000000000000000000000e+92	
7.449474446438490938000000000000000000000e+92	
9.840296684271252840000000000000000000000e+92	
7.446480390521267443000000000000000000000e+92	
9.837303831710172026000000000000000000000e+92	
7.443487537960186630000000000000000000000e+92	
9.834312182021586548000000000000000000000e+92	
7.440495888271601150000000000000000000000e+92	
9.831321734722044747000000000000000000000e+92	
7.437505440972059350000000000000000000000e+92	
9.828332489328287181000000000000000000000e+92	
7.434516195578301784000000000000000000000e+92	
9.825344445357251255000000000000000000000e+92	
7.431528151607265858000000000000000000000e+92	
9.822357602326066588000000000000000000000e+92	
7.428541308576081190000000000000000000000e+92	
9.819371959752057329000000000000000000000e+92	
7.425555666002071932000000000000000000000e+92	
9.816387517152742159000000000000000000000e+92	
7.422571223402756762000000000000000000000e+92	
9.813404274045831973000000000000000000000e+92	
7.419587980295846576000000000000000000000e+92	
9.810422229949233356000000000000000000000e+92	
7.416605936199247958000000000000000000000e+92	
9.807441384381046263000000000000000000000e+92	
7.413625090631060866000000000000000000000e+92	
9.804461736859562868000000000000000000000e+92	
7.410645443109577470000000000000000000000e+92	
9.801483286903272187000000000000000000000e+92	
7.407666993153286790000000000000000000000e+92	
9.798506034030851980000000000000000000000e+92	
7.404689740280866584000000000000000000000e+92	
9.795529977761179170000000000000000000000e+92	
7.401713684011193772000000000000000000000e+92	
9.792555117613319418000000000000000000000e+92	
7.398738823863334020000000000000000000000e+92	
9.789581453106534076000000000000000000000e+92	
7.395765159356548679000000000000000000000e+92	
9.786608983760276710000000000000000000000e+92	
7.392792690010291314000000000000000000000e+92	
9.783637709094194261000000000000000000000e+92	
7.389821415344208864000000000000000000000e+92	
9.780667628628127038000000000000000000000e+92	
7.386851334878141641000000000000000000000e+92	
9.777698741882107570000000000000000000000e+92	
7.383882448132122172000000000000000000000e+92	
9.774731048376362913000000000000000000000e+92	
7.380914754626377516000000000000000000000e+92	
9.771764547631310024000000000000000000000e+92	
7.377948253881324627000000000000000000000e+92	
9.768799239167561548000000000000000000000e+92	
7.374982945417576151000000000000000000000e+92	
9.765835122505921188000000000000000000000e+92	
7.372018828755935791000000000000000000000e+92	
9.762872197167387176000000000000000000000e+92	
7.369055903417401778000000000000000000000e+92	
9.759910462673147643000000000000000000000e+92	
7.366094168923162246000000000000000000000e+92	
9.756949918544584095000000000000000000000e+92	
7.363133624794598698000000000000000000000e+92	
9.753990564303270250000000000000000000000e+92	
7.360174270553284853000000000000000000000e+92	
9.751032399470974360000000000000000000000e+92	
7.357216105720988963000000000000000000000e+92	
9.748075423569653415000000000000000000000e+92	
7.354259129819668018000000000000000000000e+92	
9.745119636121458937000000000000000000000e+92	
7.351303342371473540000000000000000000000e+92	
9.742165036648733505000000000000000000000e+92	
7.348348742898748108000000000000000000000e+92	
9.739211624674011913000000000000000000000e+92	
7.345395330924026516000000000000000000000e+92	
9.736259399720020012000000000000000000000e+92	
7.342443105970034615000000000000000000000e+92	
9.733308361309678183000000000000000000000e+92	
7.339492067559692786000000000000000000000e+92	
9.730358508966095549000000000000000000000e+92	
7.336542215216110152000000000000000000000e+92	
9.727409842212573447000000000000000000000e+92	
7.333593548462588050000000000000000000000e+92	
9.724462360572605429000000000000000000000e+92	
7.330646066822620032000000000000000000000e+92	
9.721516063569877263000000000000000000000e+92	
7.327699769819891866000000000000000000000e+92	
9.718570950728264614000000000000000000000e+92	
7.324754656978279217000000000000000000000e+92	
9.715627021571836523000000000000000000000e+92	
7.321810727821851126000000000000000000000e+92	
9.712684275624850768000000000000000000000e+92	
7.318867981874865370000000000000000000000e+92	
9.709742712411759660000000000000000000000e+92	
7.315926418661774264000000000000000000000e+92	
9.706802331457203095000000000000000000000e+92	
7.312986037707217698000000000000000000000e+92	
9.703863132286014337000000000000000000000e+92	
7.310046838536028940000000000000000000000e+92	
9.700925114423215396000000000000000000000e+92	
7.307108820673229999000000000000000000000e+92	
9.697988277394021652000000000000000000000e+92	
7.304171983644036254000000000000000000000e+92	
9.695052620723838384000000000000000000000e+92	
7.301236326973852987000000000000000000000e+92	
9.692118143938260772000000000000000000000e+92	
7.298301850188275374000000000000000000000e+92	
9.689184846563077366000000000000000000000e+92	
7.295368552813091969000000000000000000000e+92	
9.686252728124263144000000000000000000000e+92	
7.292436434374277746000000000000000000000e+92	
9.683321788147986455000000000000000000000e+92	
7.289505494398001058000000000000000000000e+92	
9.680392026160606705000000000000000000000e+92	
7.286575732410621308000000000000000000000e+92	
9.677463441688670885000000000000000000000e+92	
7.283647147938685488000000000000000000000e+92	
9.674536034258918198000000000000000000000e+92	
7.280719740508932801000000000000000000000e+92	
9.671609803398277749000000000000000000000e+92	
7.277793509648292352000000000000000000000e+92	
9.668684748633869698000000000000000000000e+92	
7.274868454883884301000000000000000000000e+92	
9.665760869493001789000000000000000000000e+92	
7.271944575743016392000000000000000000000e+92	
9.662838165503173979000000000000000000000e+92	
7.269021871753188582000000000000000000000e+92	
9.659916636192074970000000000000000000000e+92	
7.266100342442089573000000000000000000000e+92	
9.656996281087584517000000000000000000000e+92	
7.263179987337599120000000000000000000000e+92	
9.654077099717769961000000000000000000000e+92	
7.260260805967784564000000000000000000000e+92	
9.651159091610890855000000000000000000000e+92	
7.257342797860905458000000000000000000000e+92	
9.648242256295395497000000000000000000000e+92	
7.254425962545410100000000000000000000000e+92	
9.645326593299919764000000000000000000000e+92	
7.251510299549934366000000000000000000000e+92	
9.642412102153291750000000000000000000000e+92	
7.248595808403306354000000000000000000000e+92	
9.639498782384528292000000000000000000000e+92	
7.245682488634542895000000000000000000000e+92	
9.636586633522833806000000000000000000000e+92	
7.242770339772848409000000000000000000000e+92	
9.633675655097603768000000000000000000000e+92	
7.239859361347618371000000000000000000000e+92	
9.630765846638421236000000000000000000000e+92	
7.236949552888435838000000000000000000000e+92	
9.627857207675060325000000000000000000000e+92	
7.234040913925074928000000000000000000000e+92	
9.624949737737482734000000000000000000000e+92	
7.231133443987497337000000000000000000000e+92	
9.622043436355838902000000000000000000000e+92	
7.228227142605853505000000000000000000000e+92	
9.619138303060469168000000000000000000000e+92	
7.225322009310483770000000000000000000000e+92	
9.616234337381901453000000000000000000000e+92	
7.222418043631916056000000000000000000000e+92	
9.613331538850853578000000000000000000000e+92	
7.219515245100868182000000000000000000000e+92	
9.610429906998232106000000000000000000000e+92	
7.216613613248246708000000000000000000000e+92	
9.607529441355130022000000000000000000000e+92	
7.213713147605144625000000000000000000000e+92	
9.604630141452830214000000000000000000000e+92	
7.210813847702844816000000000000000000000e+92	
9.601732006822805466000000000000000000000e+92	
7.207915713072820069000000000000000000000e+92	
9.598835036996713831000000000000000000000e+92	
7.205018743246728434000000000000000000000e+92	
9.595939231506403260000000000000000000000e+92	
7.202122937756417864000000000000000000000e+92	
9.593044589883909289000000000000000000000e+92	
7.199228296133923892000000000000000000000e+92	
9.590151111661457350000000000000000000000e+92	
7.196334817911471954000000000000000000000e+92	
9.587258796371458146000000000000000000000e+92	
7.193442502621472749000000000000000000000e+92	
9.584367643546512275000000000000000000000e+92	
7.190551349796526878000000000000000000000e+92	
9.581477652719407922000000000000000000000e+92	
7.187661358969422525000000000000000000000e+92	
9.578588823423119695000000000000000000000e+92	
7.184772529673134298000000000000000000000e+92	
9.575701155190810944000000000000000000000e+92	
7.181884861440825546000000000000000000000e+92	
9.572814647555833758000000000000000000000e+92	
7.178998353805848362000000000000000000000e+92	
9.569929300051725498000000000000000000000e+92	
7.176113006301740100000000000000000000000e+92	
9.567045112212212261000000000000000000000e+92	
7.173228818462226864000000000000000000000e+92	
9.564162083571207730000000000000000000000e+92	
7.170345789821222332000000000000000000000e+92	
9.561280213662812013000000000000000000000e+92	
7.167463919912826616000000000000000000000e+92	
9.558399502021312800000000000000000000000e+92	
7.164583208271327403000000000000000000000e+92	
9.555519948181186524000000000000000000000e+92	
7.161703654431201127000000000000000000000e+92	
9.552641551677093726000000000000000000000e+92	
7.158825257927108329000000000000000000000e+92	
9.549764312043886004000000000000000000000e+92	
7.155948018293900608000000000000000000000e+92	
9.546888228816597909000000000000000000000e+92	
7.153071935066612512000000000000000000000e+92	
9.544013301530451572000000000000000000000e+92	
7.150197007780466175000000000000000000000e+92	
9.541139529720857869000000000000000000000e+92	
7.147323235970872472000000000000000000000e+92	
9.538266912923414098000000000000000000000e+92	
7.144450619173428701000000000000000000000e+92	
9.535395450673902827000000000000000000000e+92	
7.141579156923917430000000000000000000000e+92	
9.532525142508294205000000000000000000000e+92	
7.138708848758308808000000000000000000000e+92	
9.529655987962743649000000000000000000000e+92	
7.135839694212758252000000000000000000000e+92	
9.526787986573595318000000000000000000000e+92	
7.132971692823609922000000000000000000000e+92	
9.523921137877376322000000000000000000000e+92	
7.130104844127390925000000000000000000000e+92	
9.521055441410803670000000000000000000000e+92	
7.127239147660818272000000000000000000000e+92	
9.518190896710778479000000000000000000000e+92	
7.124374602960793082000000000000000000000e+92	
9.515327503314388294000000000000000000000e+92	
7.121511209564402897000000000000000000000e+92	
9.512465260758907083000000000000000000000e+92	
7.118648967008921686000000000000000000000e+92	
9.509604168581794082000000000000000000000e+92	
7.115787874831808686000000000000000000000e+92	
9.506744226320694954000000000000000000000e+92	
7.112927932570709557000000000000000000000e+92	
9.503885433513441784000000000000000000000e+92	
7.110069139763456387000000000000000000000e+92	
9.501027789698050769000000000000000000000e+92	
7.107211495948065372000000000000000000000e+92	
9.498171294412725687000000000000000000000e+92	
7.104355000662740290000000000000000000000e+92	
9.495315947195854429000000000000000000000e+92	
7.101499653445869032000000000000000000000e+92	
9.492461747586011307000000000000000000000e+92	
7.098645453836025910000000000000000000000e+92	
9.489608695121955904000000000000000000000e+92	
7.095792401371970506000000000000000000000e+92	
9.486756789342633067000000000000000000000e+92	
7.092940495592647670000000000000000000000e+92	
9.483906029787172913000000000000000000000e+92	
7.090089736037187516000000000000000000000e+92	
9.481056415994889667000000000000000000000e+92	
7.087240122244904270000000000000000000000e+92	
9.478207947505285138000000000000000000000e+92	
7.084391653755299741000000000000000000000e+92	
9.475360623858045244000000000000000000000e+92	
7.081544330108059847000000000000000000000e+92	
9.472514444593040012000000000000000000000e+92	
7.078698150843054615000000000000000000000e+92	
9.469669409250324738000000000000000000000e+92	
7.075853115500339340000000000000000000000e+92	
9.466825517370139983000000000000000000000e+92	
7.073009223620154586000000000000000000000e+92	
9.463982768492911576000000000000000000000e+92	
7.070166474742926180000000000000000000000e+92	
9.461141162159248300000000000000000000000e+92	
7.067324868409262903000000000000000000000e+92	
9.458300697909946518000000000000000000000e+92	
7.064484404159961120000000000000000000000e+92	
9.455461375285983229000000000000000000000e+92	
7.061645081535997832000000000000000000000e+92	
9.452623193828523018000000000000000000000e+92	
7.058806900078537620000000000000000000000e+92	
9.449786153078913418000000000000000000000e+92	
7.055969859328928020000000000000000000000e+92	
9.446950252578687231000000000000000000000e+92	
7.053133958828701834000000000000000000000e+92	
9.444115491869561369000000000000000000000e+92	
7.050299198119575972000000000000000000000e+92	
9.441281870493435694000000000000000000000e+92	
7.047465576743450297000000000000000000000e+92	
9.438449387992396495000000000000000000000e+92	
7.044633094242411098000000000000000000000e+92	
9.435618043908711853000000000000000000000e+92	
7.041801750158726456000000000000000000000e+92	
9.432787837784835117000000000000000000000e+92	
7.038971544034849720000000000000000000000e+92	
9.429958769163401429000000000000000000000e+92	
7.036142475413416032000000000000000000000e+92	
9.427130837587233516000000000000000000000e+92	
7.033314543837248120000000000000000000000e+92	
9.424304042599335897000000000000000000000e+92	
7.030487748849350500000000000000000000000e+92	
9.421478383742894885000000000000000000000e+92	
7.027662089992909488000000000000000000000e+92	
9.418653860561283217000000000000000000000e+92	
7.024837566811297820000000000000000000000e+92	
9.415830472598056584000000000000000000000e+92	
7.022014178848071186000000000000000000000e+92	
9.413008219396951310000000000000000000000e+92	
7.019191925646965913000000000000000000000e+92	
9.410187100501891305000000000000000000000e+92	
7.016370806751905908000000000000000000000e+92	
9.407367115456982271000000000000000000000e+92	
7.013550821706996874000000000000000000000e+92	
9.404548263806511702000000000000000000000e+92	
7.010731970056526305000000000000000000000e+92	
9.401730545094952363000000000000000000000e+92	
7.007914251344966966000000000000000000000e+92	
9.398913958866957651000000000000000000000e+92	
7.005097665116972254000000000000000000000e+92	
9.396098504667366234000000000000000000000e+92	
7.002282210917380836000000000000000000000e+92	
9.393284182041198569000000000000000000000e+92	
6.999467888291213172000000000000000000000e+92	
9.390470990533659227000000000000000000000e+92	
6.996654696783673830000000000000000000000e+92	
9.387658929690133413000000000000000000000e+92	
6.993842635940148016000000000000000000000e+92	
9.384847999056191597000000000000000000000e+92	
6.991031705306206200000000000000000000000e+92	
9.382038198177583731000000000000000000000e+92	
6.988221904427598334000000000000000000000e+92	
9.379229526600245030000000000000000000000e+92	
6.985413232850259633000000000000000000000e+92	
9.376421983870292506000000000000000000000e+92	
6.982605690120307110000000000000000000000e+92	
9.373615569534024964000000000000000000000e+92	
6.979799275784039566000000000000000000000e+92	
9.370810283137924158000000000000000000000e+92	
6.976993989387938760000000000000000000000e+92	
9.368006124228654795000000000000000000000e+92	
6.974189830478669398000000000000000000000e+92	
9.365203092353061063000000000000000000000e+92	
6.971386798603075666000000000000000000000e+92	
9.362401187058172411000000000000000000000e+92	
6.968584893308187014000000000000000000000e+92	
9.359600407891198929000000000000000000000e+92	
6.965784114141213532000000000000000000000e+92	
9.356800754399532498000000000000000000000e+92	
6.962984460649547100000000000000000000000e+92	
9.354002226130747950000000000000000000000e+92	
6.960185932380762554000000000000000000000e+92	
9.351204822632601914000000000000000000000e+92	
6.957388528882616517000000000000000000000e+92	
9.348408543453030493000000000000000000000e+92	
6.954592249703045096000000000000000000000e+92	
9.345613388140153901000000000000000000000e+92	
6.951797094390168504000000000000000000000e+92	
9.342819356242272987000000000000000000000e+92	
6.949003062492287590000000000000000000000e+92	
9.340026447307870394000000000000000000000e+92	
6.946210153557884998000000000000000000000e+92	
9.337234660885610560000000000000000000000e+92	
6.943418367135625164000000000000000000000e+92	
9.334443996524338557000000000000000000000e+92	
6.940627702774353160000000000000000000000e+92	
9.331654453773081250000000000000000000000e+92	
6.937838160023095852000000000000000000000e+92	
9.328866032181047298000000000000000000000e+92	
6.935049738431061902000000000000000000000e+92	
9.326078731297624840000000000000000000000e+92	
6.932262437547639443000000000000000000000e+92	
9.323292550672384964000000000000000000000e+92	
6.929476256922399567000000000000000000000e+92	
9.320507489855078236000000000000000000000e+92	
6.926691196105092838000000000000000000000e+92	
9.317723548395638174000000000000000000000e+92	
6.923907254645652776000000000000000000000e+92	
9.314940725844177773000000000000000000000e+92	
6.921124432094192376000000000000000000000e+92	
9.312159021750990666000000000000000000000e+92	
6.918342728001005270000000000000000000000e+92	
9.309378435666551120000000000000000000000e+92	
6.915562141916565722000000000000000000000e+92	
9.306598967141515194000000000000000000000e+92	
6.912782673391529796000000000000000000000e+92	
9.303820615726719585000000000000000000000e+92	
6.910004321976734188000000000000000000000e+92	
9.301043380973180467000000000000000000000e+92	
6.907227087223195070000000000000000000000e+92	
9.298267262432094650000000000000000000000e+92	
6.904450968682109252000000000000000000000e+92	
9.295492259654838420000000000000000000000e+92	
6.901675965904853024000000000000000000000e+92	
9.292718372192971018000000000000000000000e+92	
6.898902078442985621000000000000000000000e+92	
9.289945599598230001000000000000000000000e+92	
6.896129305848244604000000000000000000000e+92	
9.287173941422533565000000000000000000000e+92	
6.893357647672548168000000000000000000000e+92	
9.284403397217979380000000000000000000000e+92	
6.890587103467993983000000000000000000000e+92	
9.281633966536846913000000000000000000000e+92	
6.887817672786861516000000000000000000000e+92	
9.278865648931592792000000000000000000000e+92	
6.885049355181607394000000000000000000000e+92	
9.276098443954855437000000000000000000000e+92	
6.882282150204870040000000000000000000000e+92	
9.273332351159453905000000000000000000000e+92	
6.879516057409468508000000000000000000000e+92	
9.270567370098384415000000000000000000000e+92	
6.876751076348399018000000000000000000000e+92	
9.267803500324824980000000000000000000000e+92	
6.873987206574839582000000000000000000000e+92	
9.265040741392131930000000000000000000000e+92	
6.871224447642146534000000000000000000000e+92	
9.262279092853842235000000000000000000000e+92	
6.868462799103856838000000000000000000000e+92	
9.259518554263671182000000000000000000000e+92	
6.865702260513685785000000000000000000000e+92	
9.256759125175513536000000000000000000000e+92	
6.862942831425528139000000000000000000000e+92	
9.254000805143444698000000000000000000000e+92	
6.860184511393459301000000000000000000000e+92	
9.251243593721718389000000000000000000000e+92	
6.857427299971732992000000000000000000000e+92	
9.248487490464766649000000000000000000000e+92	
6.854671196714781252000000000000000000000e+92	
9.245732494927200997000000000000000000000e+92	
6.851916201177215600000000000000000000000e+92	
9.242978606663812429000000000000000000000e+92	
6.849162312913827032000000000000000000000e+92	
9.240225825229572576000000000000000000000e+92	
6.846409531479587179000000000000000000000e+92	
9.237474150179629075000000000000000000000e+92	
6.843657856429643678000000000000000000000e+92	
9.234723581069307881000000000000000000000e+92	
6.840907287319322484000000000000000000000e+92	
9.231974117454116742000000000000000000000e+92	
6.838157823704131346000000000000000000000e+92	
9.229225758889740571000000000000000000000e+92	
6.835409465139755174000000000000000000000e+92	
9.226478504932042598000000000000000000000e+92	
6.832662211182057201000000000000000000000e+92	
9.223732355137064373000000000000000000000e+92	
6.829916061387078976000000000000000000000e+92	
9.220987309061026926000000000000000000000e+92	
6.827171015311041528000000000000000000000e+92	
9.218243366260328445000000000000000000000e+92	
6.824427072510343048000000000000000000000e+92	
9.215500526291546600000000000000000000000e+92	
6.821684232541561203000000000000000000000e+92	
9.212758788711436220000000000000000000000e+92	
6.818942494961450823000000000000000000000e+92	
9.210018153076930455000000000000000000000e+92	
6.816201859326945058000000000000000000000e+92	
9.207278618945141932000000000000000000000e+92	
6.813462325195156535000000000000000000000e+92	
9.204540185873359283000000000000000000000e+92	
6.810723892123373886000000000000000000000e+92	
9.201802853419049460000000000000000000000e+92	
6.807986559669064062000000000000000000000e+92	
9.199066621139858890000000000000000000000e+92	
6.805250327389873493000000000000000000000e+92	
9.196331488593610008000000000000000000000e+92	
6.802515194843624610000000000000000000000e+92	
9.193597455338302407000000000000000000000e+92	
6.799781161588317010000000000000000000000e+92	
9.190864520932116320000000000000000000000e+92	
6.797048227182130922000000000000000000000e+92	
9.188132684933406820000000000000000000000e+92	
6.794316391183421424000000000000000000000e+92	
9.185401946900707308000000000000000000000e+92	
6.791585653150721910000000000000000000000e+92	
9.182672306392728338000000000000000000000e+92	
6.788856012642742942000000000000000000000e+92	
9.179943762968359950000000000000000000000e+92	
6.786127469218374552000000000000000000000e+92	
9.177216316186665864000000000000000000000e+92	
6.783400022436680467000000000000000000000e+92	
9.174489965606890443000000000000000000000e+92	
6.780673671856905046000000000000000000000e+92	
9.171764710788452892000000000000000000000e+92	
6.777948417038467495000000000000000000000e+92	
9.169040551290950736000000000000000000000e+92	
6.775224257540965339000000000000000000000e+92	
9.166317486674157506000000000000000000000e+92	
6.772501192924172108000000000000000000000e+92	
9.163595516498023892000000000000000000000e+92	
6.769779222748038495000000000000000000000e+92	
9.160874640322677749000000000000000000000e+92	
6.767058346572692352000000000000000000000e+92	
9.158154857708422934000000000000000000000e+92	
6.764338563958437536000000000000000000000e+92	
9.155436168215742782000000000000000000000e+92	
6.761619874465757384000000000000000000000e+92	
9.152718571405293158000000000000000000000e+92	
6.758902277655307760000000000000000000000e+92	
9.150002066837910563000000000000000000000e+92	
6.756185773087925166000000000000000000000e+92	
9.147286654074605188000000000000000000000e+92	
6.753470360324619790000000000000000000000e+92	
9.144572332676564382000000000000000000000e+92	
6.750756038926578984000000000000000000000e+92	
9.141859102205152658000000000000000000000e+92	
6.748042808455167261000000000000000000000e+92	
9.139146962221909377000000000000000000000e+92	
6.745330668471923980000000000000000000000e+92	
9.136435912288551058000000000000000000000e+92	
6.742619618538565662000000000000000000000e+92	
9.133725951966971386000000000000000000000e+92	
6.739909658216985988000000000000000000000e+92	
9.131017080819237729000000000000000000000e+92	
6.737200787069252332000000000000000000000e+92	
9.128309298407594622000000000000000000000e+92	
6.734493004657609226000000000000000000000e+92	
9.125602604294463760000000000000000000000e+92	
6.731786310544478363000000000000000000000e+92	
9.122896998042440524000000000000000000000e+92	
6.729080704292455128000000000000000000000e+92	
9.120192479214297462000000000000000000000e+92	
6.726376185464312064000000000000000000000e+92	
9.117489047372983118000000000000000000000e+92	
6.723672753622997722000000000000000000000e+92	
9.114786702081619734000000000000000000000e+92	
6.720970408331634336000000000000000000000e+92	
9.112085442903507863000000000000000000000e+92	
6.718269149153522466000000000000000000000e+92	
9.109385269402121752000000000000000000000e+92	
6.715568975652136355000000000000000000000e+92	
9.106686181141111649000000000000000000000e+92	
6.712869887391126252000000000000000000000e+92	
9.103988177684303806000000000000000000000e+92	
6.710171883934318410000000000000000000000e+92	
9.101291258595698166000000000000000000000e+92	
6.707474964845712769000000000000000000000e+92	
9.098595423439470672000000000000000000000e+92	
6.704779129689485276000000000000000000000e+92	
9.095900671779973274000000000000000000000e+92	
6.702084378029987878000000000000000000000e+92	
9.093207003181731610000000000000000000000e+92	
6.699390709431746212000000000000000000000e+92	
9.090514417209448476000000000000000000000e+92	
6.696698123459463078000000000000000000000e+92	
9.087822913427998045000000000000000000000e+92	
6.694006619678012648000000000000000000000e+92	
9.085132491402432808000000000000000000000e+92	
6.691316197652447411000000000000000000000e+92	
9.082443150697978944000000000000000000000e+92	
6.688626856947993548000000000000000000000e+92	
9.079754890880037479000000000000000000000e+92	
6.685938597130052082000000000000000000000e+92	
9.077067711514183126000000000000000000000e+92	
6.683251417764197728000000000000000000000e+92	
9.074381612166166600000000000000000000000e+92	
6.680565318416181204000000000000000000000e+92	
9.071696592401911152000000000000000000000e+92	
6.677880298651925756000000000000000000000e+92	
9.069012651787517190000000000000000000000e+92	
6.675196358037531794000000000000000000000e+92	
9.066329789889256496000000000000000000000e+92	
6.672513496139271099000000000000000000000e+92	
9.063648006273579171000000000000000000000e+92	
6.669831712523593774000000000000000000000e+92	
9.060967300507105531000000000000000000000e+92	
6.667151006757120134000000000000000000000e+92	
9.058287672156631896000000000000000000000e+92	
6.664471378406646500000000000000000000000e+92	
9.055609120789129432000000000000000000000e+92	
6.661792827039144036000000000000000000000e+92	
9.052931645971740678000000000000000000000e+92	
6.659115352221755282000000000000000000000e+92	
9.050255247271786492000000000000000000000e+92	
6.656438953521801094000000000000000000000e+92	
9.047579924256756786000000000000000000000e+92	
6.653763630506771390000000000000000000000e+92	
9.044905676494318640000000000000000000000e+92	
6.651089382744333243000000000000000000000e+92	
9.042232503552312816000000000000000000000e+92	
6.648416209802327420000000000000000000000e+92	
9.039560404998751452000000000000000000000e+92	
6.645744111248766056000000000000000000000e+92	
9.036889380401821531000000000000000000000e+92	
6.643073086651836134000000000000000000000e+92	
9.034219429329883724000000000000000000000e+92	
6.640403135579898326000000000000000000000e+92	
9.031550551351473546000000000000000000000e+92	
6.637734257601488150000000000000000000000e+92	
9.028882746035296732000000000000000000000e+92	
6.635066452285311334000000000000000000000e+92	
9.026216012950236172000000000000000000000e+92	
6.632399719200250776000000000000000000000e+92	
9.023550351665343819000000000000000000000e+92	
6.629734057915358422000000000000000000000e+92	
9.020885761749848782000000000000000000000e+92	
6.627069467999863385000000000000000000000e+92	
9.018222242773150388000000000000000000000e+92	
6.624405949023164992000000000000000000000e+92	
9.015559794304822810000000000000000000000e+92	
6.621743500554837413000000000000000000000e+92	
9.012898415914612749000000000000000000000e+92	
6.619082122164627352000000000000000000000e+92	
9.010238107172439438000000000000000000000e+92	
6.616421813422454042000000000000000000000e+92	
9.007578867648395798000000000000000000000e+92	
6.613762573898410402000000000000000000000e+92	
9.004920696912746122000000000000000000000e+92	
6.611104403162760726000000000000000000000e+92	
9.002263594535929549000000000000000000000e+92	
6.608447300785944152000000000000000000000e+92	
8.999607560088555432000000000000000000000e+92	
6.605791266338570035000000000000000000000e+92	
8.996952593141406813000000000000000000000e+92	
6.603136299391421416000000000000000000000e+92	
8.994298693265439263000000000000000000000e+92	
6.600482399515453866000000000000000000000e+92	
8.991645860031780885000000000000000000000e+92	
6.597829566281795488000000000000000000000e+92	
8.988994093011732310000000000000000000000e+92	
6.595177799261746913000000000000000000000e+92	
8.986343391776765544000000000000000000000e+92	
6.592527098026780146000000000000000000000e+92	
8.983693755898526278000000000000000000000e+92	
6.589877462148540881000000000000000000000e+92	
8.981045184948832736000000000000000000000e+92	
6.587228891198847338000000000000000000000e+92	
8.978397678499672196000000000000000000000e+92	
6.584581384749686799000000000000000000000e+92	
8.975751236123206785000000000000000000000e+92	
6.581934942373221388000000000000000000000e+92	
8.973105857391769999000000000000000000000e+92	
6.579289563641784602000000000000000000000e+92	
8.970461541877866709000000000000000000000e+92	
6.576645248127881312000000000000000000000e+92	
8.967818289154171999000000000000000000000e+92	
6.574001995404186602000000000000000000000e+92	
8.965176098793536957000000000000000000000e+92	
6.571359805043551560000000000000000000000e+92	
8.962534970368980570000000000000000000000e+92	
6.568718676618995173000000000000000000000e+92	
8.959894903453695513000000000000000000000e+92	
6.566078609703710116000000000000000000000e+92	
8.957255897621044674000000000000000000000e+92	
6.563439603871059278000000000000000000000e+92	
8.954617952444562318000000000000000000000e+92	
6.560801658694576920000000000000000000000e+92	
8.951981067497955232000000000000000000000e+92	
6.558164773747969836000000000000000000000e+92	
8.949345242355101584000000000000000000000e+92	
6.555528948605116187000000000000000000000e+92	
8.946710476590049751000000000000000000000e+92	
6.552894182840064354000000000000000000000e+92	
8.944076769777020642000000000000000000000e+92	
6.550260476027035244000000000000000000000e+92	
8.941444121490405378000000000000000000000e+92	
6.547627827740419982000000000000000000000e+92	
8.938812531304765300000000000000000000000e+92	
6.544996237554779902000000000000000000000e+92	
8.936181998794834272000000000000000000000e+92	
6.542365705044848876000000000000000000000e+92	
8.933552523535516380000000000000000000000e+92	
6.539736229785530982000000000000000000000e+92	
8.930924105101887074000000000000000000000e+92	
6.537107811351901677000000000000000000000e+92	
8.928296743069192026000000000000000000000e+92	
6.534480449319206628000000000000000000000e+92	
8.925670437012847117000000000000000000000e+92	
6.531854143262861720000000000000000000000e+92	
8.923045186508440761000000000000000000000e+92	
6.529228892758455364000000000000000000000e+92	
8.920420991131729270000000000000000000000e+92	
6.526604697381743873000000000000000000000e+92	
8.917797850458642644000000000000000000000e+92	
6.523981556708657246000000000000000000000e+92	
8.915175764065277622000000000000000000000e+92	
6.521359470315292225000000000000000000000e+92	
8.912554731527904634000000000000000000000e+92	
6.518738437777919238000000000000000000000e+92	
8.909934752422963166000000000000000000000e+92	
6.516118458672977769000000000000000000000e+92	
8.907315826327062916000000000000000000000e+92	
6.513499532577077518000000000000000000000e+92	
8.904697952816983798000000000000000000000e+92	
6.510881659066998400000000000000000000000e+92	
8.902081131469674782000000000000000000000e+92	
6.508264837719689384000000000000000000000e+92	
8.899465361862256211000000000000000000000e+92	
6.505649068112270814000000000000000000000e+92	
8.896850643572018642000000000000000000000e+92	
6.503034349822033246000000000000000000000e+92	
8.894236976176420531000000000000000000000e+92	
6.500420682426435134000000000000000000000e+92	
8.891624359253092863000000000000000000000e+92	
6.497808065503107466000000000000000000000e+92	
8.889012792379834522000000000000000000000e+92	
6.495196498629849126000000000000000000000e+92	
8.886402275134614608000000000000000000000e+92	
6.492585981384629211000000000000000000000e+92	
8.883792807095571274000000000000000000000e+92	
6.489976513345585878000000000000000000000e+92	
8.881184387841014049000000000000000000000e+92	
6.487368094091028652000000000000000000000e+92	
8.878577016949419200000000000000000000000e+92	
6.484760723199433804000000000000000000000e+92	
8.875970693999435526000000000000000000000e+92	
6.482154400249450129000000000000000000000e+92	
8.873365418569878564000000000000000000000e+92	
6.479549124819893168000000000000000000000e+92	
8.870761190239734070000000000000000000000e+92	
6.476944896489748673000000000000000000000e+92	
8.868158008588155693000000000000000000000e+92	
6.474341714838170296000000000000000000000e+92	
8.865555873194469616000000000000000000000e+92	
6.471739579444484219000000000000000000000e+92	
8.862954783638168762000000000000000000000e+92	
6.469138489888183365000000000000000000000e+92	
8.860354739498913951000000000000000000000e+92	
6.466538445748928554000000000000000000000e+92	
8.857755740356537376000000000000000000000e+92	
6.463939446606551980000000000000000000000e+92	
8.855157785791039131000000000000000000000e+92	
6.461341492041053734000000000000000000000e+92	
8.852560875382588362000000000000000000000e+92	
6.458744581632602965000000000000000000000e+92	
8.849965008711522117000000000000000000000e+92	
6.456148714961536720000000000000000000000e+92	
8.847370185358346499000000000000000000000e+92	
6.453553891608361102000000000000000000000e+92	
8.844776404903736668000000000000000000000e+92	
6.450960111153751270000000000000000000000e+92	
8.842183666928535681000000000000000000000e+92	
6.448367373178550284000000000000000000000e+92	
8.839591971013755654000000000000000000000e+92	
6.445775677263770257000000000000000000000e+92	
8.837001316740576600000000000000000000000e+92	
6.443185022990591203000000000000000000000e+92	
8.834411703690346430000000000000000000000e+92	
6.440595409940361034000000000000000000000e+92	
8.831823131444583272000000000000000000000e+92	
6.438006837694597874000000000000000000000e+92	
8.829235599584970832000000000000000000000e+92	
6.435419305834985436000000000000000000000e+92	
8.826649107693363036000000000000000000000e+92	
6.432832813943377639000000000000000000000e+92	
8.824063655351781704000000000000000000000e+92	
6.430247361601796307000000000000000000000e+92	
8.821479242142414241000000000000000000000e+92	
6.427662948392428844000000000000000000000e+92	
8.818895867647619424000000000000000000000e+92	
6.425079573897634026000000000000000000000e+92	
8.816313531449921611000000000000000000000e+92	
6.422497237699936214000000000000000000000e+92	
8.813732233132014220000000000000000000000e+92	
6.419915939382028822000000000000000000000e+92	
8.811151972276756247000000000000000000000e+92	
6.417335678526770850000000000000000000000e+92	
8.808572748467176906000000000000000000000e+92	
6.414756454717191510000000000000000000000e+92	
8.805994561286472152000000000000000000000e+92	
6.412178267536486755000000000000000000000e+92	
8.803417410318004678000000000000000000000e+92	
6.409601116568019280000000000000000000000e+92	
8.800841295145306233000000000000000000000e+92	
6.407025001395320836000000000000000000000e+92	
8.798266215352072994000000000000000000000e+92	
6.404449921602087597000000000000000000000e+92	
8.795692170522172509000000000000000000000e+92	
6.401875876772187112000000000000000000000e+92	
8.793119160239635592000000000000000000000e+92	
6.399302866489650194000000000000000000000e+92	
8.790547184088663270000000000000000000000e+92	
6.396730890338677874000000000000000000000e+92	
8.787976241653622158000000000000000000000e+92	
6.394159947903636760000000000000000000000e+92	
8.785406332519045605000000000000000000000e+92	
6.391590038769060208000000000000000000000e+92	
8.782837456269634864000000000000000000000e+92	
6.389021162519649466000000000000000000000e+92	
8.780269612490259082000000000000000000000e+92	
6.386453318740273685000000000000000000000e+92	
8.777702800765950677000000000000000000000e+92	
6.383886507015965280000000000000000000000e+92	
8.775137020681913436000000000000000000000e+92	
6.381320726931928039000000000000000000000e+92	
8.772572271823515573000000000000000000000e+92	
6.378755978073530176000000000000000000000e+92	
8.770008553776289726000000000000000000000e+92	
6.376192260026304328000000000000000000000e+92	
8.767445866125939904000000000000000000000e+92	
6.373629572375954506000000000000000000000e+92	
8.764884208458333384000000000000000000000e+92	
6.371067914708347987000000000000000000000e+92	
8.762323580359503027000000000000000000000e+92	
6.368507286609517630000000000000000000000e+92	
8.759763981415650748000000000000000000000e+92	
6.365947687665665351000000000000000000000e+92	
8.757205411213144046000000000000000000000e+92	
6.363389117463158650000000000000000000000e+92	
8.754647869338516004000000000000000000000e+92	
6.360831575588530607000000000000000000000e+92	
8.752091355378466442000000000000000000000e+92	
6.358275061628481046000000000000000000000e+92	
8.749535868919859608000000000000000000000e+92	
6.355719575169874212000000000000000000000e+92	
8.746981409549728806000000000000000000000e+92	
6.353165115799743408000000000000000000000e+92	
8.744427976855271762000000000000000000000e+92	
6.350611683105286365000000000000000000000e+92	
8.741875570423851789000000000000000000000e+92	
6.348059276673866392000000000000000000000e+92	
8.739324189842997779000000000000000000000e+92	
6.345507896093012382000000000000000000000e+92	
8.736773834700405366000000000000000000000e+92	
6.342957540950419970000000000000000000000e+92	
8.734224504583935768000000000000000000000e+92	
6.340408210833950372000000000000000000000e+92	
8.731676199081614626000000000000000000000e+92	
6.337859905331629230000000000000000000000e+92	
8.729128917781634322000000000000000000000e+92	
6.335312624031648926000000000000000000000e+92	
8.726582660272352822000000000000000000000e+92	
6.332766366522367424000000000000000000000e+92	
8.724037426142293671000000000000000000000e+92	
6.330221132392308274000000000000000000000e+92	
8.721493214980144843000000000000000000000e+92	
6.327676921230159446000000000000000000000e+92	
8.718950026374759893000000000000000000000e+92	
6.325133732624774496000000000000000000000e+92	
8.716407859915157958000000000000000000000e+92	
6.322591566165172562000000000000000000000e+92	
8.713866715190523760000000000000000000000e+92	
6.320050421440538362000000000000000000000e+92	
8.711326591790206442000000000000000000000e+92	
6.317510298040221044000000000000000000000e+92	
8.708787489303719574000000000000000000000e+92	
6.314971195553734177000000000000000000000e+92	
8.706249407320743468000000000000000000000e+92	
6.312433113570758071000000000000000000000e+92	
8.703712345431122859000000000000000000000e+92	
6.309896051681137462000000000000000000000e+92	
8.701176303224865748000000000000000000000e+92	
6.307360009474880351000000000000000000000e+92	
8.698641280292146878000000000000000000000e+92	
6.304824986542161482000000000000000000000e+92	
8.696107276223304260000000000000000000000e+92	
6.302290982473318863000000000000000000000e+92	
8.693574290608841485000000000000000000000e+92	
6.299757996858856088000000000000000000000e+92	
8.691042323039425412000000000000000000000e+92	
6.297226029289440015000000000000000000000e+92	
8.688511373105889641000000000000000000000e+92	
6.294695079355904244000000000000000000000e+92	
8.685981440399231038000000000000000000000e+92	
6.292165146649245642000000000000000000000e+92	
8.683452524510609738000000000000000000000e+92	
6.289636230760624341000000000000000000000e+92	
8.680924625031352614000000000000000000000e+92	
6.287108331281367216000000000000000000000e+92	
8.678397741552948648000000000000000000000e+92	
6.284581447802963251000000000000000000000e+92	
8.675871873667051249000000000000000000000e+92	
6.282055579917065852000000000000000000000e+92	
8.673347020965479407000000000000000000000e+92	
6.279530727215494010000000000000000000000e+92	
8.670823183040215379000000000000000000000e+92	
6.277006889290229982000000000000000000000e+92	
8.668300359483404690000000000000000000000e+92	
6.274484065733419292000000000000000000000e+92	
8.665778549887357287000000000000000000000e+92	
6.271962256137371890000000000000000000000e+92	
8.663257753844547546000000000000000000000e+92	
6.269441460094562148000000000000000000000e+92	
8.660737970947613105000000000000000000000e+92	
6.266921677197627708000000000000000000000e+92	
8.658219200789354873000000000000000000000e+92	
6.264402907039369476000000000000000000000e+92	
8.655701442962739340000000000000000000000e+92	
6.261885149212753943000000000000000000000e+92	
8.653184697060893946000000000000000000000e+92	
6.259368403310908549000000000000000000000e+92	
8.650668962677111716000000000000000000000e+92	
6.256852668927126318000000000000000000000e+92	
8.648154239404847780000000000000000000000e+92	
6.254337945654862384000000000000000000000e+92	
8.645640526837720541000000000000000000000e+92	
6.251824233087735144000000000000000000000e+92	
8.643127824569512820000000000000000000000e+92	
6.249311530819527424000000000000000000000e+92	
8.640616132194170711000000000000000000000e+92	
6.246799838444185314000000000000000000000e+92	
8.638105449305802412000000000000000000000e+92	
6.244289155555817015000000000000000000000e+92	
8.635595775498680548000000000000000000000e+92	
6.241779481748695152000000000000000000000e+92	
8.633087110367241012000000000000000000000e+92	
6.239270816617255614000000000000000000000e+92	
8.630579453506079486000000000000000000000e+92	
6.236763159756094089000000000000000000000e+92	
8.628072804509959556000000000000000000000e+92	
6.234256510759974158000000000000000000000e+92	
8.625567162973803438000000000000000000000e+92	
6.231750869223818042000000000000000000000e+92	
8.623062528492698936000000000000000000000e+92	
6.229246234742713538000000000000000000000e+92	
8.620558900661893641000000000000000000000e+92	
6.226742606911908244000000000000000000000e+92	
8.618056279076800732000000000000000000000e+92	
6.224239985326815334000000000000000000000e+92	
8.615554663332995493000000000000000000000e+92	
6.221738369583010096000000000000000000000e+92	
8.613054053026214162000000000000000000000e+92	
6.219237759276228766000000000000000000000e+92	
8.610554447752357401000000000000000000000e+92	
6.216738154002372004000000000000000000000e+92	
8.608055847107486822000000000000000000000e+92	
6.214239553357501424000000000000000000000e+92	
8.605558250687826146000000000000000000000e+92	
6.211741956937840748000000000000000000000e+92	
8.603061658089763519000000000000000000000e+92	
6.209245364339778122000000000000000000000e+92	
8.600566068909846881000000000000000000000e+92	
6.206749775159861484000000000000000000000e+92	
8.598071482744787438000000000000000000000e+92	
6.204255188994802041000000000000000000000e+92	
8.595577899191459664000000000000000000000e+92	
6.201761605441474266000000000000000000000e+92	
8.593085317846897822000000000000000000000e+92	
6.199269024096912426000000000000000000000e+92	
8.590593738308299449000000000000000000000e+92	
6.196777444558314052000000000000000000000e+92	
8.588103160173023026000000000000000000000e+92	
6.194286866423037629000000000000000000000e+92	
8.585613583038590305000000000000000000000e+92	
6.191797289288604908000000000000000000000e+92	
8.583125006502683988000000000000000000000e+92	
6.189308712752698590000000000000000000000e+92	
8.580637430163147726000000000000000000000e+92	
6.186821136413162330000000000000000000000e+92	
8.578150853617988442000000000000000000000e+92	
6.184334559868003044000000000000000000000e+92	
8.575665276465372845000000000000000000000e+92	
6.181848982715387448000000000000000000000e+92	
8.573180698303629758000000000000000000000e+92	
6.179364404553644362000000000000000000000e+92	
8.570697118731250114000000000000000000000e+92	
6.176880824981264716000000000000000000000e+92	
8.568214537346886948000000000000000000000e+92	
6.174398243596901552000000000000000000000e+92	
8.565732953749351938000000000000000000000e+92	
6.171916659999366542000000000000000000000e+92	
8.563252367537620025000000000000000000000e+92	
6.169436073787634628000000000000000000000e+92	
8.560772778310828259000000000000000000000e+92	
6.166956484560842862000000000000000000000e+92	
8.558294185668271167000000000000000000000e+92	
6.164477891918285770000000000000000000000e+92	
8.555816589209407702000000000000000000000e+92	
6.162000295459422306000000000000000000000e+92	
8.553339988533855452000000000000000000000e+92	
6.159523694783870056000000000000000000000e+92	
8.550864383241396430000000000000000000000e+92	
6.157048089491411032000000000000000000000e+92	
8.548389772931968966000000000000000000000e+92	
6.154573479181983568000000000000000000000e+92	
8.545916157205675816000000000000000000000e+92	
6.152099863455690420000000000000000000000e+92	
8.543443535662778374000000000000000000000e+92	
6.149627241912792977000000000000000000000e+92	
8.540971907903698982000000000000000000000e+92	
6.147155614153713584000000000000000000000e+92	
8.538501273529022090000000000000000000000e+92	
6.144684979779036692000000000000000000000e+92	
8.536031632139490786000000000000000000000e+92	
6.142215338389505388000000000000000000000e+92	
8.533562983336009106000000000000000000000e+92	
6.139746689586023710000000000000000000000e+92	
8.531095326719642042000000000000000000000e+92	
6.137279032969656644000000000000000000000e+92	
8.528628661891615530000000000000000000000e+92	
6.134812368141630134000000000000000000000e+92	
8.526162988453314148000000000000000000000e+92	
6.132346694703328752000000000000000000000e+92	
8.523698306006283420000000000000000000000e+92	
6.129882012256298024000000000000000000000e+92	
8.521234614152228666000000000000000000000e+92	
6.127418320402243270000000000000000000000e+92	
8.518771912493016156000000000000000000000e+92	
6.124955618743030758000000000000000000000e+92	
8.516310200630671952000000000000000000000e+92	
6.122493906880686554000000000000000000000e+92	
8.513849478167381910000000000000000000000e+92	
6.120033184417396513000000000000000000000e+92	
8.511389744705490522000000000000000000000e+92	
6.117573450955505126000000000000000000000e+92	
8.508930999847504390000000000000000000000e+92	
6.115114706097518992000000000000000000000e+92	
8.506473243196087588000000000000000000000e+92	
6.112656949446102190000000000000000000000e+92	
8.504016474354065146000000000000000000000e+92	
6.110200180604079750000000000000000000000e+92	
8.501560692924423044000000000000000000000e+92	
6.107744399174437648000000000000000000000e+92	
8.499105898510304739000000000000000000000e+92	
6.105289604760319342000000000000000000000e+92	
8.496652090715013480000000000000000000000e+92	
6.102835796965028082000000000000000000000e+92	
8.494199269142012310000000000000000000000e+92	
6.100382975392026912000000000000000000000e+92	
8.491747433394924064000000000000000000000e+92	
6.097931139644938667000000000000000000000e+92	
8.489296583077530215000000000000000000000e+92	
6.095480289327544818000000000000000000000e+92	
8.486846717793770868000000000000000000000e+92	
6.093030424043785471000000000000000000000e+92	
8.484397837147747081000000000000000000000e+92	
6.090581543397761684000000000000000000000e+92	
8.481949940743718546000000000000000000000e+92	
6.088133646993733148000000000000000000000e+92	
8.479503028186102432000000000000000000000e+92	
6.085686734436117036000000000000000000000e+92	
8.477057099079476862000000000000000000000e+92	
6.083240805329491465000000000000000000000e+92	
8.474612153028577432000000000000000000000e+92	
6.080795859278592035000000000000000000000e+92	
8.472168189638300691000000000000000000000e+92	
6.078351895888315294000000000000000000000e+92	
8.469725208513698350000000000000000000000e+92	
6.075908914763712953000000000000000000000e+92	
8.467283209259985386000000000000000000000e+92	
6.073466915509999989000000000000000000000e+92	
8.464842191482531938000000000000000000000e+92	
6.071025897732546541000000000000000000000e+92	
8.462402154786867936000000000000000000000e+92	
6.068585861036882540000000000000000000000e+92	
8.459963098778681950000000000000000000000e+92	
6.066146805028696552000000000000000000000e+92	
8.457525023063820020000000000000000000000e+92	
6.063708729313834624000000000000000000000e+92	
8.455087927248289145000000000000000000000e+92	
6.061271633498303748000000000000000000000e+92	
8.452651810938251479000000000000000000000e+92	
6.058835517188266082000000000000000000000e+92	
8.450216673740030130000000000000000000000e+92	
6.056400379990044733000000000000000000000e+92	
8.447782515260104526000000000000000000000e+92	
6.053966221510119128000000000000000000000e+92	
8.445349335105113884000000000000000000000e+92	
6.051533041355128488000000000000000000000e+92	
8.442917132881853746000000000000000000000e+92	
6.049100839131868350000000000000000000000e+92	
8.440485908197279444000000000000000000000e+92	
6.046669614447294048000000000000000000000e+92	
8.438055660658502629000000000000000000000e+92	
6.044239366908517232000000000000000000000e+92	
8.435626389872794746000000000000000000000e+92	
6.041810096122809348000000000000000000000e+92	
8.433198095447583558000000000000000000000e+92	
6.039381801697598160000000000000000000000e+92	
8.430770776990455464000000000000000000000e+92	
6.036954483240470067000000000000000000000e+92	
8.428344434109154342000000000000000000000e+92	
6.034528140359168946000000000000000000000e+92	
8.425919066411580388000000000000000000000e+92	
6.032102772661594991000000000000000000000e+92	
8.423494673505793589000000000000000000000e+92	
6.029678379755808192000000000000000000000e+92	
8.421071255000010254000000000000000000000e+92	
6.027254961250024858000000000000000000000e+92	
8.418648810502604169000000000000000000000e+92	
6.024832516752618772000000000000000000000e+92	
8.416227339622105438000000000000000000000e+92	
6.022411045872120041000000000000000000000e+92	
8.413806841967203958000000000000000000000e+92	
6.019990548217218562000000000000000000000e+92	
8.411387317146747106000000000000000000000e+92	
6.017571023396761709000000000000000000000e+92	
8.408968764769736260000000000000000000000e+92	
6.015152471019750862000000000000000000000e+92	
8.406551184445332590000000000000000000000e+92	
6.012734890695347192000000000000000000000e+92	
8.404134575782852430000000000000000000000e+92	
6.010318282032867032000000000000000000000e+92	
8.401718938391771906000000000000000000000e+92	
6.007902644641786509000000000000000000000e+92	
8.399304271881721148000000000000000000000e+92	
6.005487978131735751000000000000000000000e+92	
8.396890575862488920000000000000000000000e+92	
6.003074282112503524000000000000000000000e+92	
8.394477849944020307000000000000000000000e+92	
6.000661556194034910000000000000000000000e+92	
8.392066093736417870000000000000000000000e+92	
5.998249799986432472000000000000000000000e+92	
8.389655306849939330000000000000000000000e+92	
5.995839013099953934000000000000000000000e+92	
8.387245488894998732000000000000000000000e+92	
5.993429195145013335000000000000000000000e+92	
8.384836639482169908000000000000000000000e+92	
5.991020345732184512000000000000000000000e+92	
8.382428758222180700000000000000000000000e+92	
5.988612464472195302000000000000000000000e+92	
8.380021844725916420000000000000000000000e+92	
5.986205550975931023000000000000000000000e+92	
8.377615898604417548000000000000000000000e+92	
5.983799604854432150000000000000000000000e+92	
8.375210919468880878000000000000000000000e+92	
5.981394625718895482000000000000000000000e+92	
8.372806906930661845000000000000000000000e+92	
5.978990613180676448000000000000000000000e+92	
8.370403860601268724000000000000000000000e+92	
5.976587566851283327000000000000000000000e+92	
8.368001780092369586000000000000000000000e+92	
5.974185486342384188000000000000000000000e+92	
8.365600665015785346000000000000000000000e+92	
5.971784371265799949000000000000000000000e+92	
8.363200514983494398000000000000000000000e+92	
5.969384221233509001000000000000000000000e+92	
8.360801329607630296000000000000000000000e+92	
5.966985035857644900000000000000000000000e+92	
8.358403108500484073000000000000000000000e+92	
5.964586814750498676000000000000000000000e+92	
8.356005851274501920000000000000000000000e+92	
5.962189557524516524000000000000000000000e+92	
8.353609557542285194000000000000000000000e+92	
5.959793263792299798000000000000000000000e+92	
8.351214226916590410000000000000000000000e+92	
5.957397933166605012000000000000000000000e+92	
8.348819859010331560000000000000000000000e+92	
5.955003565260346163000000000000000000000e+92	
8.346426453436575484000000000000000000000e+92	
5.952610159686590087000000000000000000000e+92	
8.344034009808547656000000000000000000000e+92	
5.950217716058562259000000000000000000000e+92	
8.341642527739627553000000000000000000000e+92	
5.947826233989642156000000000000000000000e+92	
8.339252006843349814000000000000000000000e+92	
5.945435713093364416000000000000000000000e+92	
8.336862446733405396000000000000000000000e+92	
5.943046152983420000000000000000000000000e+92	
8.334473847023639263000000000000000000000e+92	
5.940657553273653866000000000000000000000e+92	
8.332086207328052694000000000000000000000e+92	
5.938269913578067296000000000000000000000e+92	
8.329699527260799816000000000000000000000e+92	
5.935883233510814418000000000000000000000e+92	
8.327313806436193390000000000000000000000e+92	
5.933497512686207993000000000000000000000e+92	
8.324929044468699024000000000000000000000e+92	
5.931112750718713628000000000000000000000e+92	
8.322545240972937488000000000000000000000e+92	
5.928728947222952090000000000000000000000e+92	
8.320162395563683551000000000000000000000e+92	
5.926346101813698154000000000000000000000e+92	
8.317780507855869464000000000000000000000e+92	
5.923964214105884067000000000000000000000e+92	
8.315399577464579164000000000000000000000e+92	
5.921583283714593768000000000000000000000e+92	
8.313019604005054066000000000000000000000e+92	
5.919203310255068668000000000000000000000e+92	
8.310640587092687270000000000000000000000e+92	
5.916824293342701872000000000000000000000e+92	
8.308262526343029356000000000000000000000e+92	
5.914446232593043958000000000000000000000e+92	
8.305885421371783748000000000000000000000e+92	
5.912069127621798350000000000000000000000e+92	
8.303509271794809032000000000000000000000e+92	
5.909692978044823636000000000000000000000e+92	
8.301134077228117800000000000000000000000e+92	
5.907317783478132403000000000000000000000e+92	
8.298759837287876642000000000000000000000e+92	
5.904943543537891245000000000000000000000e+92	
8.296386551590407314000000000000000000000e+92	
5.902570257840421917000000000000000000000e+92	
8.294014219752184415000000000000000000000e+92	
5.900197926002199018000000000000000000000e+92	
8.291642841389837707000000000000000000000e+92	
5.897826547639852310000000000000000000000e+92	
8.289272416120152112000000000000000000000e+92	
5.895456122370166716000000000000000000000e+92	
8.286902943560064242000000000000000000000e+92	
5.893086649810078845000000000000000000000e+92	
8.284534423326665867000000000000000000000e+92	
5.890718129576680470000000000000000000000e+92	
8.282166855037202763000000000000000000000e+92	
5.888350561287217366000000000000000000000e+92	
8.279800238309073551000000000000000000000e+92	
5.885983944559088154000000000000000000000e+92	
8.277434572759833170000000000000000000000e+92	
5.883618279009847774000000000000000000000e+92	
8.275069858007187092000000000000000000000e+92	
5.881253564257201695000000000000000000000e+92	
8.272706093668995947000000000000000000000e+92	
5.878889799919010550000000000000000000000e+92	
8.270343279363274370000000000000000000000e+92	
5.876526985613288972000000000000000000000e+92	
8.267981414708189840000000000000000000000e+92	
5.874165120958204443000000000000000000000e+92	
8.265620499322063842000000000000000000000e+92	
5.871804205572078445000000000000000000000e+92	
8.263260532823369548000000000000000000000e+92	
5.869444239073384150000000000000000000000e+92	
8.260901514830736448000000000000000000000e+92	
5.867085221080751050000000000000000000000e+92	
8.258543444962944562000000000000000000000e+92	
5.864727151212959164000000000000000000000e+92	
8.256186322838927914000000000000000000000e+92	
5.862370029088942516000000000000000000000e+92	
8.253830148077775690000000000000000000000e+92	
5.860013854327790293000000000000000000000e+92	
8.251474920298727604000000000000000000000e+92	
5.857658626548742208000000000000000000000e+92	
8.249120639121177376000000000000000000000e+92	
5.855304345371191980000000000000000000000e+92	
8.246767304164671570000000000000000000000e+92	
5.852951010414686173000000000000000000000e+92	
8.244414915048908436000000000000000000000e+92	
5.850598621298923040000000000000000000000e+92	
8.242063471393742547000000000000000000000e+92	
5.848247177643757150000000000000000000000e+92	
8.239712972819177844000000000000000000000e+92	
5.845896679069192447000000000000000000000e+92	
8.237363418945372274000000000000000000000e+92	
5.843547125195386878000000000000000000000e+92	
8.235014809392636630000000000000000000000e+92	
5.841198515642651233000000000000000000000e+92	
8.232667143781433390000000000000000000000e+92	
5.838850850031447994000000000000000000000e+92	
8.230320421732379038000000000000000000000e+92	
5.836504127982393641000000000000000000000e+92	
8.227974642866241744000000000000000000000e+92	
5.834158349116256347000000000000000000000e+92	
8.225629806803941366000000000000000000000e+92	
5.831813513053955969000000000000000000000e+92	
8.223285913166551767000000000000000000000e+92	
5.829469619416566370000000000000000000000e+92	
8.220942961575297337000000000000000000000e+92	
5.827126667825311940000000000000000000000e+92	
8.218600951651556472000000000000000000000e+92	
5.824784657901571074000000000000000000000e+92	
8.216259883016858095000000000000000000000e+92	
5.822443589266872698000000000000000000000e+92	
8.213919755292883978000000000000000000000e+92	
5.820103461542898582000000000000000000000e+92	
8.211580568101468736000000000000000000000e+92	
5.817764274351483340000000000000000000000e+92	
8.209242321064597516000000000000000000000e+92	
5.815426027314612118000000000000000000000e+92	
8.206905013804408306000000000000000000000e+92	
5.813088720054422909000000000000000000000e+92	
8.204568645943189629000000000000000000000e+92	
5.810752352193204232000000000000000000000e+92	
8.202233217103384008000000000000000000000e+92	
5.808416923353398612000000000000000000000e+92	
8.199898726907584499000000000000000000000e+92	
5.806082433157599102000000000000000000000e+92	
8.197565174978535841000000000000000000000e+92	
5.803748881228550444000000000000000000000e+92	
8.195232560939134465000000000000000000000e+92	
5.801416267189149068000000000000000000000e+92	
8.192900884412428487000000000000000000000e+92	
5.799084590662443090000000000000000000000e+92	
8.190570145021617712000000000000000000000e+92	
5.796753851271632314000000000000000000000e+92	
8.188240342390052473000000000000000000000e+92	
5.794424048640067076000000000000000000000e+92	
8.185911476141234794000000000000000000000e+92	
5.792095182391249396000000000000000000000e+92	
8.183583545898819540000000000000000000000e+92	
5.789767252148834142000000000000000000000e+92	
8.181256551286612110000000000000000000000e+92	
5.787440257536626712000000000000000000000e+92	
8.178930491928567272000000000000000000000e+92	
5.785114198178581874000000000000000000000e+92	
8.176605367448792640000000000000000000000e+92	
5.782789073698807243000000000000000000000e+92	
8.174281177471546360000000000000000000000e+92	
5.780464883721560962000000000000000000000e+92	
8.171957921621238262000000000000000000000e+92	
5.778141627871252865000000000000000000000e+92	
8.169635599522427550000000000000000000000e+92	
5.775819305772442154000000000000000000000e+92	
8.167314210799827432000000000000000000000e+92	
5.773497917049842036000000000000000000000e+92	
8.164993755078298171000000000000000000000e+92	
5.771177461328312774000000000000000000000e+92	
8.162674231982854032000000000000000000000e+92	
5.768857938232868636000000000000000000000e+92	
8.160355641138657497000000000000000000000e+92	
5.766539347388672100000000000000000000000e+92	
8.158037982171022734000000000000000000000e+92	
5.764221688421037336000000000000000000000e+92	
8.155721254705415596000000000000000000000e+92	
5.761904960955430200000000000000000000000e+92	
8.153405458367450156000000000000000000000e+92	
5.759589164617464760000000000000000000000e+92	
8.151090592782893328000000000000000000000e+92	
5.757274299032907932000000000000000000000e+92	
8.148776657577660241000000000000000000000e+92	
5.754960363827674844000000000000000000000e+92	
8.146463652377817711000000000000000000000e+92	
5.752647358627832314000000000000000000000e+92	
8.144151576809583084000000000000000000000e+92	
5.750335283059597688000000000000000000000e+92	
8.141840430499323080000000000000000000000e+92	
5.748024136749337683000000000000000000000e+92	
8.139530213073554946000000000000000000000e+92	
5.745713919323569548000000000000000000000e+92	
8.137220924158945300000000000000000000000e+92	
5.743404630408959903000000000000000000000e+92	
8.134912563382312451000000000000000000000e+92	
5.741096269632327054000000000000000000000e+92	
8.132605130370624078000000000000000000000e+92	
5.738788836620638681000000000000000000000e+92	
8.130298624750997232000000000000000000000e+92	
5.736482331001011834000000000000000000000e+92	
8.127993046150698334000000000000000000000e+92	
5.734176752400712937000000000000000000000e+92	
8.125688394197144338000000000000000000000e+92	
5.731872100447158942000000000000000000000e+92	
8.123384668517902726000000000000000000000e+92	
