2.004130891107906428000000000000000000000e+92	
-3.896854026420786791000000000000000000000e+91	
1.260800802169163620000000000000000000000e+92	
-1.133015491580821488000000000000000000000e+92	
5.178406446096804712000000000000000000000e+91	
-1.875975649140304636000000000000000000000e+92	
-2.247497656734432035000000000000000000000e+91	
1.374991577294208385000000000000000000000e+92	
-1.018824716455776722800000000000000000000e+92	
6.624554013877809438000000000000000000000e+91	
-1.731360892362204164000000000000000000000e+92	
-4.972616827540643464000000000000000000000e+90	
1.580408881814264668000000000000000000000e+92	
-8.134074119357204396000000000000000000000e+91	
8.171076976456703802000000000000000000000e+91	
-1.576708596104314727000000000000000000000e+92	
5.418638382546076734000000000000000000000e+90	
1.633606941290126268000000000000000000000e+92	
-7.602093524598588399000000000000000000000e+91	
9.637117473572613828000000000000000000000e+91	
-1.430104546392723725000000000000000000000e+92	
2.941499386280073154000000000000000000000e+91	
1.966883539173009856000000000000000000000e+92	
-4.269327545769752517000000000000000000000e+91	
1.246159705536914676000000000000000000000e+92	
-1.147656588213070432000000000000000000000e+92	
5.257945528768887641000000000000000000000e+91	
-1.868021740873096344000000000000000000000e+92	
-1.942120973110057266000000000000000000000e+91	
1.428101766543823086000000000000000000000e+92	
-9.657145272061620216000000000000000000000e+91	
6.677406526690273108000000000000000000000e+91	
-1.726075641080957797000000000000000000000e+92	
-9.224205403541834111000000000000000000000e+90	
1.490115648095151912000000000000000000000e+92	
-9.037006456548331960000000000000000000000e+91	
8.142002400177668444000000000000000000000e+91	
-1.579616053732218263000000000000000000000e+92	
1.386212132101482556000000000000000000000e+91	
1.805340590251896176000000000000000000000e+92	
-5.884757034980889315000000000000000000000e+91	
1.078605526197353035000000000000000000000e+92	
-1.315210767552632072000000000000000000000e+92	
3.522321347141250960000000000000000000000e+91	
1.968182425795148026000000000000000000000e+92	
-4.256338679548370822000000000000000000000e+91	
1.220555597062308620000000000000000000000e+92	
-1.173260696687676487000000000000000000000e+92	
4.733008380573605282000000000000000000000e+91	
-1.920515455692624579000000000000000000000e+92	
-2.735820363867842141000000000000000000000e+91	
1.321868978640633026000000000000000000000e+92	
-1.071947315109352082000000000000000000000e+92	
6.184808366754370636000000000000000000000e+91	
-1.775335457074548044000000000000000000000e+92	
-8.455725172757429142000000000000000000000e+90	
1.554716729206940874000000000000000000000e+92	
-8.390995645430442338000000000000000000000e+91	
8.005499277324526307000000000000000000000e+91	
-1.593266366017532477000000000000000000000e+92	
4.675845071907919884000000000000000000000e+90	
1.635304301365651646000000000000000000000e+92	
-7.585119923843334620000000000000000000000e+91	
9.461017912114324488000000000000000000000e+91	
-1.447714502538552659000000000000000000000e+92	
2.572422748885738196000000000000000000000e+91	
1.910687771685817138000000000000000000000e+92	
-4.831285220641679692000000000000000000000e+91	
1.170685433368284352000000000000000000000e+92	
-1.223130860381700756000000000000000000000e+92	
4.310513703159976728000000000000000000000e+91	
-1.962764923433987435000000000000000000000e+92	
-3.082146007497488900000000000000000000000e+91	
1.294849526969245035000000000000000000000e+92	
-1.098966766780740073000000000000000000000e+92	
5.753918828392485364000000000000000000000e+91	
-1.818424410910736571000000000000000000000e+92	
-1.437077104563034526000000000000000000000e+91	
1.479512758877946132000000000000000000000e+92	
-9.143035348720389751000000000000000000000e+91	
7.171643579253097592000000000000000000000e+91	
-1.676651935824675348000000000000000000000e+92	
-4.480464684837788485000000000000000000000e+90	
1.535567745729351838000000000000000000000e+92	
-8.582485480206332700000000000000000000000e+91	
8.637910800337487826000000000000000000000e+91	
-1.530025213716236325000000000000000000000e+92	
1.923487358894908919000000000000000000000e+91	
1.863202736901232877000000000000000000000e+92	
-5.306135568487522302000000000000000000000e+91	
1.140600239147862942000000000000000000000e+92	
-1.253216054602122165000000000000000000000e+92	
4.183573573210213237000000000000000000000e+91	
-1.975458936428963784000000000000000000000e+92	
-3.035260875485241259000000000000000000000e+91	
1.316911915644755471000000000000000000000e+92	
-1.076904378105229637000000000000000000000e+92	
5.606691968381863418000000000000000000000e+91	
-1.833147096911798766000000000000000000000e+92	
-1.951971643902536913000000000000000000000e+91	
1.391274834644117141000000000000000000000e+92	
-1.002541459105867966400000000000000000000e+92	
7.067886848175293178000000000000000000000e+91	
-1.687027608932455790000000000000000000000e+92	
2.264318164208224780000000000000000000000e+90	
1.680800345574634276000000000000000000000e+92	
-7.130159481753508314000000000000000000000e+91	
9.455073295478413013000000000000000000000e+91	
-1.448308964202143806000000000000000000000e+92	
2.105802451086785010000000000000000000000e+91	
1.817981100130507059000000000000000000000e+92	
-5.758351936194780488000000000000000000000e+91	
1.088643557378237561000000000000000000000e+92	
-1.305172736371747546000000000000000000000e+92	
3.596689823668832038000000000000000000000e+91	
1.973019384444815462000000000000000000000e+92	
-4.207969093051696458000000000000000000000e+91	
1.230886233216663337000000000000000000000e+92	
-1.162930060533321771000000000000000000000e+92	
4.891224176905278705000000000000000000000e+91	
-1.904693876059457237000000000000000000000e+92	
-2.522722459400425334000000000000000000000e+91	
1.348664248595670318000000000000000000000e+92	
-1.045152045154314789400000000000000000000e+92	
6.336351646458435252000000000000000000000e+91	
-1.760181129104141582000000000000000000000e+92	
-8.103807242091934710000000000000000000000e+90	
1.546606550287574410000000000000000000000e+92	
-8.472097434624106978000000000000000000000e+91	
7.808161781430811952000000000000000000000e+91	
-1.613000115606903912000000000000000000000e+92	
1.540691513543935221000000000000000000000e+90	
1.592340761584634156000000000000000000000e+92	
-8.014755321653509510000000000000000000000e+91	
9.277619713066248009000000000000000000000e+91	
-1.466054322443360307000000000000000000000e+92	
2.635139204298221952000000000000000000000e+91	
1.941558634341601294000000000000000000000e+92	
-4.522576594083838136000000000000000000000e+91	
1.226143270902683575000000000000000000000e+92	
-1.167673022847301532000000000000000000000e+92	
5.110839465856564524000000000000000000000e+91	
-1.882732347164328655000000000000000000000e+92	
-2.036195157986528820000000000000000000000e+91	
1.423994896634458848000000000000000000000e+92	
-9.698213971155262592000000000000000000000e+91	
6.581743292492623741000000000000000000000e+91	
-1.735641964500722734000000000000000000000e+92	
-1.072651139718864469000000000000000000000e+91	
1.469638567283518650000000000000000000000e+92	
-9.241777264664664574000000000000000000000e+91	
8.052890301341773406000000000000000000000e+91	
-1.588527263615807767000000000000000000000e+92	
1.412701182941643960000000000000000000000e+91	
1.819543857207634869000000000000000000000e+92	
-5.742724365423502384000000000000000000000e+91	
1.104357404792061678000000000000000000000e+92	
-1.289458888957923429000000000000000000000e+92	
3.895268775767550174000000000000000000000e+91	
-2.004289416173230090000000000000000000000e+92	
-3.249479015707617714000000000000000000000e+91	
1.302895080290880632000000000000000000000e+92	
-1.090921213459104476000000000000000000000e+92	
5.373029685825917883000000000000000000000e+91	
-1.856513325167393319000000000000000000000e+92	
-2.279081326566616904000000000000000000000e+91	
1.349223776942208844000000000000000000000e+92	
-1.044592516807776264100000000000000000000e+92	
6.845537640209394427000000000000000000000e+91	
-1.709262529729045665000000000000000000000e+92	
2.021453589944040245000000000000000000000e+90	
1.698168117942493614000000000000000000000e+92	
-6.956481758074914934000000000000000000000e+91	
9.826616679882373356000000000000000000000e+91	
-1.411154625761747772000000000000000000000e+92	
2.675113024866887855000000000000000000000e+91	
1.894679034211809712000000000000000000000e+92	
-4.991372595381753950000000000000000000000e+91	
1.128412008417185189000000000000000000000e+92	
-1.265404285332799919000000000000000000000e+92	
3.625263289745404160000000000000000000000e+91	
-2.031289964775444692000000000000000000000e+92	
-4.029781938998889046000000000000000000000e+91	
1.173860440090277707000000000000000000000e+92	
-1.219955853659707401000000000000000000000e+92	
5.100473059794279077000000000000000000000e+91	
-1.883768987770557200000000000000000000000e+92	
-1.534354697725623935000000000000000000000e+91	
1.525374138411314462000000000000000000000e+92	
-8.684421553386706458000000000000000000000e+91	
8.107232885813174176000000000000000000000e+91	
-1.583093005168667690000000000000000000000e+92	
9.642809739947785033000000000000000000000e+90	
1.724450577851667164000000000000000000000e+92	
-6.693657158983179440000000000000000000000e+91	
9.590378754032735559000000000000000000000e+91	
-1.434778418346711552000000000000000000000e+92	
1.940060941377208527000000000000000000000e+91	
1.771317234468532048000000000000000000000e+92	
-6.224990592814530598000000000000000000000e+91	
1.105698948871867830000000000000000000000e+92	
-1.288117344878117278000000000000000000000e+92	
4.404119199996595552000000000000000000000e+91	
2.117418172981827731000000000000000000000e+92	
-2.763981207681573768000000000000000000000e+91	
1.400964865421766180000000000000000000000e+92	
-9.928514283282189273000000000000000000000e+91	
6.848681135348637702000000000000000000000e+91	
-1.708948180215121338000000000000000000000e+92	
-3.087226012512319254000000000000000000000e+90	
1.595705757069565633000000000000000000000e+92	
-7.981105366804194744000000000000000000000e+91	
8.288493102263854133000000000000000000000e+91	
-1.564966983523599694000000000000000000000e+92	
6.237450307100497107000000000000000000000e+90	
1.638243335659371776000000000000000000000e+92	
-7.555729580906133316000000000000000000000e+91	
9.758557474600489279000000000000000000000e+91	
-1.417960546289936180000000000000000000000e+92	
3.137978081714233614000000000000000000000e+91	
1.994031543723572211000000000000000000000e+92	
-3.997847500264128968000000000000000000000e+91	
1.280804112519648760000000000000000000000e+92	
-1.113012181230336348000000000000000000000e+92	
5.679316315744021406000000000000000000000e+91	
-1.825884662175582967000000000000000000000e+92	
-1.445860757594479491000000000000000000000e+91	
1.485213003944423896000000000000000000000e+92	
-9.086032898055612120000000000000000000000e+91	
7.215760165916407387000000000000000000000e+91	
-1.672240277158344369000000000000000000000e+92	
-4.168093329435786584000000000000000000000e+90	
1.537404155139749115000000000000000000000e+92	
-8.564121386102359922000000000000000000000e+91	
8.683483716624352828000000000000000000000e+91	
-1.525467922087549825000000000000000000000e+92	
1.996255556412575645000000000000000000000e+91	
1.873197731354760947000000000000000000000e+92	
-5.206185623952241602000000000000000000000e+91	
1.153312055555386665000000000000000000000e+92	
-1.240504238194598443000000000000000000000e+92	
4.337846436079953713000000000000000000000e+91	
-1.960031650141989736000000000000000000000e+92	
-2.853846827837621970000000000000000000000e+91	
1.337766088158191950000000000000000000000e+92	
-1.056050205591793157700000000000000000000e+92	
5.757562521683584622000000000000000000000e+91	
-1.818060041581626646000000000000000000000e+92	
-1.858743561353747994000000000000000000000e+91	
1.394836264503314828000000000000000000000e+92	
-9.989800292466702794000000000000000000000e+91	
7.225338055881185920000000000000000000000e+91	
-1.671282488161866516000000000000000000000e+92	
5.056592989457195926000000000000000000000e+90	
1.720894660897105227000000000000000000000e+92	
-6.729216328528798809000000000000000000000e+91	
9.977671545444461575000000000000000000000e+91	
-1.396049139205538950000000000000000000000e+92	
2.749995253981402605000000000000000000000e+91	
1.894553784344618674000000000000000000000e+92	
-4.992625094053664333000000000000000000000e+91	
1.139401848119491644000000000000000000000e+92	
-1.254414445630493464000000000000000000000e+92	
3.846257266252298925000000000000000000000e+91	
-2.009190567124755215000000000000000000000e+92	
-3.697747671690214320000000000000000000000e+91	
1.218162369784657198000000000000000000000e+92	
-1.175653923965327910000000000000000000000e+92	
5.308100495779968996000000000000000000000e+91	
-1.863006244171988208000000000000000000000e+92	
-1.562001975770874971000000000000000000000e+91	
1.499093648066387660000000000000000000000e+92	
-8.947226456835974474000000000000000000000e+91	
7.609387387315587689000000000000000000000e+91	
-1.632877555018426339000000000000000000000e+92	
2.315118525623467234000000000000000000000e+90	
1.627692994804961648000000000000000000000e+92	
-7.661232989450234592000000000000000000000e+91	
9.046604719452166460000000000000000000000e+91	
-1.489155821804768462000000000000000000000e+92	
1.819877790216082961000000000000000000000e+91	
1.801636926944092348000000000000000000000e+92	
-5.921793668058927599000000000000000000000e+91	
1.046409526289917027300000000000000000000e+92	
-1.347406767460068080000000000000000000000e+92	
2.915579779228161343000000000000000000000e+91	
1.879044284778938855000000000000000000000e+92	
-5.147720089710462524000000000000000000000e+91	
1.191754663954210558000000000000000000000e+92	
-1.202061629795774550000000000000000000000e+92	
5.048070849776010635000000000000000000000e+91	
-1.889009208772384044000000000000000000000e+92	
-1.817986223740717156000000000000000000000e+91	
1.473899561746419690000000000000000000000e+92	
-9.199167320035654178000000000000000000000e+91	
7.361487896624054142000000000000000000000e+91	
-1.657667504087579693000000000000000000000e+92	
-1.234827688162621458000000000000000000000e+89	
1.603710716959356885000000000000000000000e+92	
-7.901055767906282226000000000000000000000e+91	
8.798564065680495268000000000000000000000e+91	
-1.513959887181935581000000000000000000000e+92	
1.563623350899934951000000000000000000000e+91	
1.775190513231609836000000000000000000000e+92	
-6.186257805183752716000000000000000000000e+91	
1.021735573643181118600000000000000000000e+92	
-1.372080720106803989000000000000000000000e+92	
2.686556042451963725000000000000000000000e+91	
1.857912608412796042000000000000000000000e+92	
-5.359036853371890652000000000000000000000e+91	
1.166905477680104699000000000000000000000e+92	
-1.226910816069880409000000000000000000000e+92	
4.762422388801554002000000000000000000000e+91	
-1.917574054869829707000000000000000000000e+92	
-2.140772791309611084000000000000000000000e+91	
1.437908942573713724000000000000000000000e+92	
-9.559073511762713840000000000000000000000e+91	
6.964480553976984906000000000000000000000e+91	
-1.697368238352286617000000000000000000000e+92	
-4.464383064040846874000000000000000000000e+90	
1.556595290805138523000000000000000000000e+92	
-8.372210029448465850000000000000000000000e+91	
8.406456344487052498000000000000000000000e+91	
-1.553170659301279858000000000000000000000e+92	
1.250522831144927189000000000000000000000e+91	
1.751777249466692647000000000000000000000e+92	
-6.420390442832924610000000000000000000000e+91	
9.850676786491736268000000000000000000000e+91	
-1.408748615100811481000000000000000000000e+92	
2.187396744240002520000000000000000000000e+91	
1.794755236883496076000000000000000000000e+92	
-5.990610568664890310000000000000000000000e+91	
1.131846211972363560000000000000000000000e+92	
-1.261970081777621547000000000000000000000e+92	
4.692670954741396598000000000000000000000e+91	
2.148979913189756565000000000000000000000e+92	
-2.448363805602285422000000000000000000000e+91	
1.435231823393284856000000000000000000000e+92	
-9.585844703567002519000000000000000000000e+91	
7.218389429704566705000000000000000000000e+91	
-1.671977350779528437000000000000000000000e+92	
8.801095145038688267000000000000000000000e+89	
1.638080293214467272000000000000000000000e+92	
-7.557360005355178361000000000000000000000e+91	
8.739236829555404162000000000000000000000e+91	
-1.519892610794444691000000000000000000000e+92	
1.101473687629377416000000000000000000000e+91	
1.688713351361282874000000000000000000000e+92	
-7.051029423887022336000000000000000000000e+91	
1.020551755613601137300000000000000000000e+92	
-1.373264538136383970000000000000000000000e+92	
3.527226823137007704000000000000000000000e+91	
2.027188155961592157000000000000000000000e+92	
-3.666281377883929505000000000000000000000e+91	
1.308195333531073952000000000000000000000e+92	
-1.085620960218911155000000000000000000000e+92	
5.895603306082516236000000000000000000000e+91	
-1.804255963141733484000000000000000000000e+92	
-1.287170308820881239000000000000000000000e+91	
1.495325261059158666000000000000000000000e+92	
-8.984910326908264415000000000000000000000e+91	
7.312169323501503256000000000000000000000e+91	
-1.662599361399834782000000000000000000000e+92	
-3.251112432070224908000000000000000000000e+90	
1.546103091783182997000000000000000000000e+92	
-8.477132019668021110000000000000000000000e+91	
8.780317343555842192000000000000000000000e+91	
-1.515784559394400888000000000000000000000e+92	
2.102928544670688714000000000000000000000e+91	
1.884848476639997816000000000000000000000e+92	
-5.089678171099872918000000000000000000000e+91	
1.165945757870507449000000000000000000000e+92	
-1.227870535879477659000000000000000000000e+92	
4.474008137670305577000000000000000000000e+91	
-1.946415479982954550000000000000000000000e+92	
-2.707865337233292533000000000000000000000e+91	
1.353345727420836134000000000000000000000e+92	
-1.040470566329148973800000000000000000000e+92	
5.892384926184487944000000000000000000000e+91	
-1.804577801131536313000000000000000000000e+92	
-1.744884706901844972000000000000000000000e+91	
1.404126838231788398000000000000000000000e+92	
-9.896894555181967092000000000000000000000e+91	
7.362445928578000821000000000000000000000e+91	
-1.657571700892185026000000000000000000000e+92	
6.869473090793353000000000000000000000000e+90	
1.743439276951387505000000000000000000000e+92	
-6.503770167985976029000000000000000000000e+91	
1.024725388031113143900000000000000000000e+92	
-1.369090905718871964000000000000000000000e+92	
3.063691798023348188000000000000000000000e+91	
1.930332664244617729000000000000000000000e+92	
-4.634836295053673790000000000000000000000e+91	
1.165804544392338869000000000000000000000e+92	
-1.228011749357646238000000000000000000000e+92	
4.016569054947105145000000000000000000000e+91	
-1.992159388255274593000000000000000000000e+92	
-3.621104418013507745000000000000000000000e+91	
1.216464503231000969000000000000000000000e+92	
-1.177351790518984139000000000000000000000e+92	
5.489206714126971313000000000000000000000e+91	
-1.844895622337287976000000000000000000000e+92	
-1.182909453989826112000000000000000000000e+91	
1.556791677448976897000000000000000000000e+92	
-8.370246163010082107000000000000000000000e+91	
8.384156970833003437000000000000000000000e+91	
-1.555400596666684764000000000000000000000e+92	
1.203972292429454127000000000000000000000e+91	
1.744698285991167772000000000000000000000e+92	
-6.491180077588173350000000000000000000000e+91	
9.797063019514797445000000000000000000000e+91	
-1.414109991798505363000000000000000000000e+92	
2.150950297166679062000000000000000000000e+91	
1.792826469804455973000000000000000000000e+92	
-6.009898239455291342000000000000000000000e+91	
1.126290017919738594000000000000000000000e+92	
-1.267526275830246513000000000000000000000e+92	
4.600852797011865892000000000000000000000e+91	
-1.933731014048798518000000000000000000000e+92	
-2.057879099343793942000000000000000000000e+91	
1.470632473997712423000000000000000000000e+92	
-9.231838197522726848000000000000000000000e+91	
7.535935889556803742000000000000000000000e+91	
-1.640222704794304733000000000000000000000e+92	
3.691155100980875916000000000000000000000e+90	
1.662548372554516595000000000000000000000e+92	
-7.312679211954685124000000000000000000000e+91	
8.948412705071542634000000000000000000000e+91	
-1.498975023242830844000000000000000000000e+92	
1.275162314912152936000000000000000000000e+91	
1.702535255351961712000000000000000000000e+92	
-6.912810383980233954000000000000000000000e+91	
1.041858797672566620800000000000000000000e+92	
-1.351957496077418487000000000000000000000e+92	
3.815111373294700388000000000000000000000e+91	
2.063454300676550752000000000000000000000e+92	
-3.303619930734343553000000000000000000000e+91	
1.351935446540552376000000000000000000000e+92	
-1.041880847209432731400000000000000000000e+92	
6.407706923596027651000000000000000000000e+91	
-1.753045601390382342000000000000000000000e+92	
-7.004013809040953640000000000000000000000e+90	
1.561464969039798984000000000000000000000e+92	
-8.323513247101861238000000000000000000000e+91	
7.995331600785990438000000000000000000000e+91	
-1.594283133671386064000000000000000000000e+92	
3.798053997196740009000000000000000000000e+90	
1.618769109995551547000000000000000000000e+92	
-7.750471837544335608000000000000000000000e+91	
9.459998206127083750000000000000000000000e+91	
-1.447816473137276733000000000000000000000e+92	
2.735653467779622584000000000000000000000e+91	
1.943427711850121908000000000000000000000e+92	
-4.503885818998631992000000000000000000000e+91	
1.219834071662351688000000000000000000000e+92	
-1.173982222087633419000000000000000000000e+92	
4.966005406606907348000000000000000000000e+91	
-1.897215753089294373000000000000000000000e+92	
-2.262730603695731973000000000000000000000e+91	
1.393175279431731701000000000000000000000e+92	
-1.000641014318253406800000000000000000000e+92	
6.389234200129190990000000000000000000000e+91	
-1.754892873737066008000000000000000000000e+92	
-1.149530726141866971000000000000000000000e+91	
1.473507804728178746000000000000000000000e+92	
-9.203084890218063616000000000000000000000e+91	
7.847032072104472722000000000000000000000e+91	
-1.609113086539537835000000000000000000000e+92	
9.624140549580762745000000000000000000000e+90	
1.750084418971553576000000000000000000000e+92	
-6.437318747784315315000000000000000000000e+91	
1.010479399501310526700000000000000000000e+92	
-1.383336894248674581000000000000000000000e+92	
2.712424575635546530000000000000000000000e+91	
1.874335599963679620000000000000000000000e+92	
-5.194806937863054875000000000000000000000e+91	
1.154035263387020018000000000000000000000e+92	
-1.239781030362965090000000000000000000000e+92	
4.340933970256202592000000000000000000000e+91	
-1.959722896724364848000000000000000000000e+92	
-2.854901775195686865000000000000000000000e+91	
1.337246551426881194000000000000000000000e+92	
-1.056569742323103913400000000000000000000e+92	
5.761133430845478897000000000000000000000e+91	
-1.817702950665437218000000000000000000000e+92	
-1.846410738409539001000000000000000000000e+91	
1.396945302123815024000000000000000000000e+92	
-9.968709916261700838000000000000000000000e+91	
7.227872941361184010000000000000000000000e+91	
-1.671028999613866706000000000000000000000e+92	
4.896479281691926617000000000000000000000e+90	
1.717439821181078377000000000000000000000e+92	
-6.763764725689067306000000000000000000000e+91	
9.924595347179829367000000000000000000000e+91	
-1.401356759032002171000000000000000000000e+92	
2.678400475300657152000000000000000000000e+91	
1.885543370044874091000000000000000000000e+92	
-5.082729237051110166000000000000000000000e+91	
1.134319333744432068000000000000000000000e+92	
-1.259496960005553039000000000000000000000e+92	
3.834691573859150899000000000000000000000e+91	
-2.010347136364070018000000000000000000000e+92	
-3.670073450886963529000000000000000000000e+91	
1.224851830340868310000000000000000000000e+92	
-1.168964463409116798000000000000000000000e+92	
5.291932164671481502000000000000000000000e+91	
-1.864623077282836957000000000000000000000e+92	
-1.661191905808913355000000000000000000000e+91	
1.480876626886487588000000000000000000000e+92	
-9.129396668634975195000000000000000000000e+91	
7.344278190361990034000000000000000000000e+91	
-1.659388474713786104000000000000000000000e+92	
-1.164950534914695940000000000000000000000e+90	
1.584606658840820288000000000000000000000e+92	
-8.092096349091648200000000000000000000000e+91	
8.791609379821128300000000000000000000000e+91	
-1.514655355767872278000000000000000000000e+92	
1.740662946761554811000000000000000000000e+91	
1.811284744188682801000000000000000000000e+92	
-5.825315495613023068000000000000000000000e+91	
1.055063434263811671200000000000000000000e+92	
-1.338752859486173436000000000000000000000e+92	
2.992184712625607066000000000000000000000e+91	
1.885711857874913796000000000000000000000e+92	
-5.081044358750713113000000000000000000000e+91	
1.200513821197841121000000000000000000000e+92	
-1.193302472552143987000000000000000000000e+92	
5.156567854550051088000000000000000000000e+91	
-1.878159508294979999000000000000000000000e+92	
-1.688594190587474164000000000000000000000e+91	
1.488927228021583447000000000000000000000e+92	
-9.048890657284016606000000000000000000000e+91	
7.532638795368406025000000000000000000000e+91	
-1.640552414213144505000000000000000000000e+92	
1.796664694223226017000000000000000000000e+90	
1.624997538019398374000000000000000000000e+92	
-7.688187557305867336000000000000000000000e+91	
8.967028692269515614000000000000000000000e+91	
-1.497113424523033546000000000000000000000e+92	
1.687706491707297414000000000000000000000e+91	
1.783162887457396592000000000000000000000e+92	
-6.106534062925885156000000000000000000000e+91	
1.039081658088987104300000000000000000000e+92	
-1.354734635660998003000000000000000000000e+92	
2.953707339181714039000000000000000000000e+91	
1.893992120641705403000000000000000000000e+92	
-4.998241731082797044000000000000000000000e+91	
1.183125510980987350000000000000000000000e+92	
-1.210690782768997758000000000000000000000e+92	
4.726126766743078318000000000000000000000e+91	
-1.921203617075677276000000000000000000000e+92	
-2.375465583409024842000000000000000000000e+91	
1.394609819946103588000000000000000000000e+92	
-9.992064738038815199000000000000000000000e+91	
6.333289580250793848000000000000000000000e+91	
-1.760487335724905723000000000000000000000e+92	
-1.275730389966959037000000000000000000000e+91	
1.453865830317647464000000000000000000000e+92	
-9.399504634323376440000000000000000000000e+91	
7.799431353465658548000000000000000000000e+91	
-1.613873158403419253000000000000000000000e+92	
1.063558299362931741000000000000000000000e+91	
1.775065937159970654000000000000000000000e+92	
-6.187503565900144540000000000000000000000e+91	
1.050320612565236733400000000000000000000e+92	
-1.343495681184748374000000000000000000000e+92	
3.259359703127476302000000000000000000000e+91	
1.943874020888244063000000000000000000000e+92	
-4.499422728617410444000000000000000000000e+91	
1.192074759144615832000000000000000000000e+92	
-1.201741534605369276000000000000000000000e+92	
4.406496436140387500000000000000000000000e+91	
-1.953166650135946358000000000000000000000e+92	
-3.104015119039743830000000000000000000000e+91	
1.280883296468449365000000000000000000000e+92	
-1.112932997281535742000000000000000000000e+92	
5.863642394921457794000000000000000000000e+91	
-1.807452054257839328000000000000000000000e+92	
-1.078091777791434042000000000000000000000e+91	
1.540325062626558135000000000000000000000e+92	
-8.534912311234269722000000000000000000000e+91	
7.950141111582615110000000000000000000000e+91	
-1.598802182591723596000000000000000000000e+92	
5.007407688053348474000000000000000000000e+90	
1.647466965185561168000000000000000000000e+92	
-7.463493285644239394000000000000000000000e+91	
9.395316925245145683000000000000000000000e+91	
-1.454284601225470539000000000000000000000e+92	
2.319487363857494428000000000000000000000e+91	
1.866680111418405740000000000000000000000e+92	
-5.271361823315793680000000000000000000000e+91	
1.107972964750311130000000000000000000000e+92	
-1.285843328999673977000000000000000000000e+92	
3.496434021265027359000000000000000000000e+91	
1.933653425621290381000000000000000000000e+92	
-4.601628681286947265000000000000000000000e+91	
1.253644432786515365000000000000000000000e+92	
-1.140171860963469743000000000000000000000e+92	
5.739738584664372908000000000000000000000e+91	
-1.819842435283547817000000000000000000000e+92	
-1.053584657589087501500000000000000000000e+91	
1.557609481760023054000000000000000000000e+92	
-8.362068119899620534000000000000000000000e+91	
8.271248551479840823000000000000000000000e+91	
-1.566691438602001025000000000000000000000e+92	
9.700376714345155756000000000000000000000e+90	
1.709208226810695854000000000000000000000e+92	
-6.846080669392892538000000000000000000000e+91	
9.698550674940497270000000000000000000000e+91	
-1.423961226255935381000000000000000000000e+92	
2.308698603672265962000000000000000000000e+91	
1.834214612297998483000000000000000000000e+92	
-5.596016814519866245000000000000000000000e+91	
1.113436077189113170000000000000000000000e+92	
-1.280380216560871938000000000000000000000e+92	
3.930162502794538414000000000000000000000e+91	
-2.000800043470531266000000000000000000000e+92	
-3.270450469484658933000000000000000000000e+91	
1.295214197062404542000000000000000000000e+92	
-1.098602096687580565000000000000000000000e+92	
5.351478041418603560000000000000000000000e+91	
-1.858668489608124752000000000000000000000e+92	
-2.245403282814349694000000000000000000000e+91	
1.358111801530179970000000000000000000000e+92	
-1.035704492219805137600000000000000000000e+92	
6.817514948837476384000000000000000000000e+91	
-1.712064798866237469000000000000000000000e+92	
5.727790918731847393000000000000000000000e+89	
1.672002712104542850000000000000000000000e+92	
-7.218135816454422579000000000000000000000e+91	
9.448234133853888760000000000000000000000e+91	
-1.448992880364596232000000000000000000000e+92	
2.180060083187952559000000000000000000000e+91	
1.833512506787673750000000000000000000000e+92	
-5.603037869623113578000000000000000000000e+91	
1.087006117152590489000000000000000000000e+92	
-1.306810176597394619000000000000000000000e+92	
3.408712396390443127000000000000000000000e+91	
1.937069879343144277000000000000000000000e+92	
-4.567464144068408304000000000000000000000e+91	
1.231270634831356138000000000000000000000e+92	
-1.162545658918628970000000000000000000000e+92	
5.258226438096232684000000000000000000000e+91	
-1.867993649940361839000000000000000000000e+92	
-1.792742685295726038000000000000000000000e+91	
1.457941913078940621000000000000000000000e+92	
-9.358743806710444867000000000000000000000e+91	
7.017183363787176540000000000000000000000e+91	
-1.692097957371267454000000000000000000000e+92	
-5.412889226978448165000000000000000000000e+90	
1.532362229822857090000000000000000000000e+92	
-8.614540639271280172000000000000000000000e+91	
8.476453986464182609000000000000000000000e+91	
-1.546170895103566847000000000000000000000e+92	
1.632693289237781776000000000000000000000e+91	
1.821196041054661053000000000000000000000e+92	
-5.726202526953240545000000000000000000000e+91	
1.085672687914618180000000000000000000000e+92	
-1.308143605835366928000000000000000000000e+92	
3.505153809935484992000000000000000000000e+91	
1.957686128107764458000000000000000000000e+92	
-4.361301656422206491000000000000000000000e+91	
1.228647028770222792000000000000000000000e+92	
-1.165169264979762316000000000000000000000e+92	
4.999707486479469194000000000000000000000e+91	
-1.893845545102038188000000000000000000000e+92	
-2.283428928224692624000000000000000000000e+91	
1.385668113871123211000000000000000000000e+92	
-1.008148179878861896900000000000000000000e+92	
6.429293344511012476000000000000000000000e+91	
-1.750886959298883860000000000000000000000e+92	
-9.943980786531191604000000000000000000000e+90	
1.500522692951128800000000000000000000000e+92	
-8.932936007988563072000000000000000000000e+91	
7.873493949352403627000000000000000000000e+91	
-1.606466898814744745000000000000000000000e+92	
7.453102023768958800000000000000000000000e+90	
1.704029582210297488000000000000000000000e+92	
-6.897867115396876194000000000000000000000e+91	
9.400922266842197873000000000000000000000e+91	
-1.453724067065765320000000000000000000000e+92	
1.765350581084663316000000000000000000000e+91	
1.755320077261964632000000000000000000000e+92	
-6.384962164880204754000000000000000000000e+91	
1.086605293779705353000000000000000000000e+92	
-1.307210999970279754000000000000000000000e+92	
4.182233080488973917000000000000000000000e+91	
2.092136144432541878000000000000000000000e+92	
-3.016801493174432295000000000000000000000e+91	
1.372590959767495664000000000000000000000e+92	
-1.021225333982489443900000000000000000000e+92	
6.534038695029904400000000000000000000000e+91	
-1.740412424246994668000000000000000000000e+92	
-6.542530457299167798000000000000000000000e+90	
1.558065449401915256000000000000000000000e+92	
-8.357508443480698513000000000000000000000e+91	
7.950393362264315264000000000000000000000e+91	
-1.598776957523553581000000000000000000000e+92	
3.239295650538291970000000000000000000000e+90	
1.612088311243386729000000000000000000000e+92	
-7.817279825065983782000000000000000000000e+91	
9.416407826984008060000000000000000000000e+91	
-1.452175511051584302000000000000000000000e+92	
2.715269142361245568000000000000000000000e+91	
1.943708729790404682000000000000000000000e+92	
-4.501075639595804253000000000000000000000e+91	
1.222433385769156950000000000000000000000e+92	
-1.171382907980828158000000000000000000000e+92	
5.015169971928861820000000000000000000000e+91	
-1.892299296557098926000000000000000000000e+92	
-2.190406145789396061000000000000000000000e+91	
1.402722561887744778000000000000000000000e+92	
-9.910937318622403293000000000000000000000e+91	
6.435606738583550786000000000000000000000e+91	
-1.750255619891630029000000000000000000000e+92	
-1.152234038166584590000000000000000000000e+91	
1.468332330824386209000000000000000000000e+92	
-9.254839629255988988000000000000000000000e+91	
7.899117933146731614000000000000000000000e+91	
-1.603904500435311946000000000000000000000e+92	
1.118288837967412579000000000000000000000e+91	
1.776045624229737436000000000000000000000e+92	
-6.177706695202476720000000000000000000000e+91	
1.046809169047859615400000000000000000000e+92	
-1.347007124702125492000000000000000000000e+92	
3.179356312988778492000000000000000000000e+91	
1.931387020356200178000000000000000000000e+92	
-4.624292733937849295000000000000000000000e+91	
1.189096358121430707000000000000000000000e+92	
-1.204719935628554401000000000000000000000e+92	
4.471751099768193691000000000000000000000e+91	
-1.946641183773165738000000000000000000000e+92	
-2.943769079230969437000000000000000000000e+91	
1.306402310653408133000000000000000000000e+92	
-1.087413983096576974000000000000000000000e+92	
5.917629330875902724000000000000000000000e+91	
-1.802053360662394835000000000000000000000e+92	
-1.225207915394457085000000000000000000000e+91	
1.505513149761013132000000000000000000000e+92	
-8.883031439889719756000000000000000000000e+91	
7.401119024571950830000000000000000000000e+91	
-1.653704391292790025000000000000000000000e+92	
-2.490842936463796621000000000000000000000e+90	
1.552414154711875042000000000000000000000e+92	
-8.414021390381100650000000000000000000000e+91	
8.870668022706463733000000000000000000000e+91	
-1.506749491479338734000000000000000000000e+92	
2.220505717191917426000000000000000000000e+91	
1.899327488254534910000000000000000000000e+92	
-4.944888054954501974000000000000000000000e+91	
1.183144709547139083000000000000000000000e+92	
-1.210671584202846024000000000000000000000e+92	
4.673183518794292214000000000000000000000e+91	
-1.926497941870555886000000000000000000000e+92	
-2.481517621278355654000000000000000000000e+91	
1.378696380220073998000000000000000000000e+92	
-1.015119913529911110000000000000000000000e+92	
6.121099240975495884000000000000000000000e+91	
-1.781706369652435519000000000000000000000e+92	
-1.540950267028370376000000000000000000000e+91	
1.422043527941730652000000000000000000000e+92	
-9.717727658082544552000000000000000000000e+91	
7.593768270581158707000000000000000000000e+91	
-1.634439466691869237000000000000000000000e+92	
9.703991399056738323000000000000000000000e+90	
1.776994814600033868000000000000000000000e+92	
-6.168214791499512398000000000000000000000e+91	
1.063488687220574021000000000000000000000e+92	
-1.330327606529411086000000000000000000000e+92	
3.503376487978771267000000000000000000000e+91	
1.979503712601331229000000000000000000000e+92	
-4.143125811486538782000000000000000000000e+91	
1.215234024379701060000000000000000000000e+92	
-1.178582269370284047000000000000000000000e+92	
4.513446884996448428000000000000000000000e+91	
-1.942471605250340265000000000000000000000e+92	
-3.121644843279144686000000000000000000000e+91	
1.266668506687843932000000000000000000000e+92	
-1.127147787062141175000000000000000000000e+92	
5.985110761688377382000000000000000000000e+91	
-1.795305217581147369000000000000000000000e+92	
-6.931383397528693566000000000000000000000e+90	
1.605155800756512291000000000000000000000e+92	
-7.886604929934728162000000000000000000000e+91	
8.861671373390646238000000000000000000000e+91	
-1.507649156410920484000000000000000000000e+92	
1.675362913595063682000000000000000000000e+91	
1.791225274729348818000000000000000000000e+92	
-6.025910190206362892000000000000000000000e+91	
1.027465431963359695300000000000000000000e+92	
-1.366350861786625412000000000000000000000e+92	
2.640856878053268874000000000000000000000e+91	
1.843048043078143004000000000000000000000e+92	
-5.507682506718421036000000000000000000000e+91	
1.173839813902405028000000000000000000000e+92	
-1.219976479847580080000000000000000000000e+92	
5.049646280501042520000000000000000000000e+91	
-1.888851665699880856000000000000000000000e+92	
-1.635776802236658600000000000000000000000e+91	
1.510174913404368426000000000000000000000e+92	
-8.836413803456166820000000000000000000000e+91	
7.904695657313562470000000000000000000000e+91	
-1.603346728018628860000000000000000000000e+92	
7.112239216684184695000000000000000000000e+90	
1.694095404444833615000000000000000000000e+92	
-6.997208893051514930000000000000000000000e+91	
9.319811938123351491000000000000000000000e+91	
-1.461835099937649958000000000000000000000e+92	
1.702462628098258158000000000000000000000e+91	
1.750852612667777694000000000000000000000e+92	
-6.429636810822074137000000000000000000000e+91	
1.078290733677295479000000000000000000000e+92	
-1.315525560072689628000000000000000000000e+92	
4.060635670134566380000000000000000000000e+91	
2.076133136086439594000000000000000000000e+92	
-3.176831576635455135000000000000000000000e+91	
1.352746596780752950000000000000000000000e+92	
-1.041069696969232157700000000000000000000e+92	
6.297200635937548957000000000000000000000e+91	
-1.764096230156230212000000000000000000000e+92	
-9.294664263797323362000000000000000000000e+90	
1.526708488997007608000000000000000000000e+92	
-8.671078047529775000000000000000000000000e+91	
7.718391104378232512000000000000000000000e+91	
-1.621977183312161856000000000000000000000e+92	
1.734540598967869724000000000000000000000e+90	
1.605189378677395846000000000000000000000e+92	
-7.886269150725892620000000000000000000000e+91	
9.175123308889790296000000000000000000000e+91	
-1.476303962861006078000000000000000000000e+92	
2.301775177585685126000000000000000000000e+91	
1.885146958952721657000000000000000000000e+92	
-5.086693347972634510000000000000000000000e+91	
1.146667806614188807000000000000000000000e+92	
-1.247148487135796301000000000000000000000e+92	
4.085561715004315436000000000000000000000e+91	
-1.985260122249553564000000000000000000000e+92	
-3.291881292900034708000000000000000000000e+91	
1.275396911418148336000000000000000000000e+92	
-1.118419382331836771000000000000000000000e+92	
5.527479251318229314000000000000000000000e+91	
-1.841068368618162176000000000000000000000e+92	
-1.695414220921320038000000000000000000000e+91	
1.450490880751230768000000000000000000000e+92	
-9.433254129987543400000000000000000000000e+91	
6.949263398722271050000000000000000000000e+91	
-1.698889953877758002000000000000000000000e+92	
-6.026218093590069594000000000000000000000e+90	
1.526887321179496849000000000000000000000e+92	
-8.669289725704882584000000000000000000000e+91	
8.407850348751203100000000000000000000000e+91	
-1.553031258874864798000000000000000000000e+92	
1.550241995208164736000000000000000000000e+91	
1.811566835173168960000000000000000000000e+92	
-5.822494585768161478000000000000000000000e+91	
1.074660094364760130000000000000000000000e+92	
-1.319156199385224978000000000000000000000e+92	
3.381200882426899176000000000000000000000e+91	
-2.055696205507295190000000000000000000000e+92	
-3.980533657050511908000000000000000000000e+91	
1.208101740086052117000000000000000000000e+92	
-1.185714553663932991000000000000000000000e+92	
4.822219330939160590000000000000000000000e+91	
-1.911594360656069049000000000000000000000e+92	
-2.432966269607245341000000000000000000000e+91	
1.373508070126890552000000000000000000000e+92	
-1.020308223623094555500000000000000000000e+92	
6.248754899590955087000000000000000000000e+91	
-1.768940803790889599000000000000000000000e+92	
-1.233845199507997555000000000000000000000e+91	
1.470690044966712814000000000000000000000e+92	
-9.231262487832722931000000000000000000000e+91	
7.700132013981903914000000000000000000000e+91	
-1.623803092351794716000000000000000000000e+92	
6.968506206620247240000000000000000000000e+90	
1.711667643417606639000000000000000000000e+92	
-6.821486503323784683000000000000000000000e+91	
9.602080943770545718000000000000000000000e+91	
-1.433608199372930536000000000000000000000e+92	
2.091225224855123270000000000000000000000e+91	
1.800372931612325039000000000000000000000e+92	
-5.934433621376600684000000000000000000000e+91	
1.105226229708997363000000000000000000000e+92	
-1.288590064040987745000000000000000000000e+92	
4.104254798692945982000000000000000000000e+91	
-1.983390813880690509000000000000000000000e+92	
-2.840294900759521410000000000000000000000e+91	
1.363823337775464390000000000000000000000e+92	
-1.029992955974520717500000000000000000000e+92	
6.182311138028227026000000000000000000000e+91	
-1.775585179947162405000000000000000000000e+92	
-1.269900529990088842000000000000000000000e+91	
1.470121842692493326000000000000000000000e+92	
-9.236944510574917819000000000000000000000e+91	
7.630201355380241128000000000000000000000e+91	
-1.630796158211960995000000000000000000000e+92	
5.627033006720398242000000000000000000000e+90	
1.691834441135624388000000000000000000000e+92	
-7.019818526143607195000000000000000000000e+91	
9.339596160774626097000000000000000000000e+91	
-1.459856677672522498000000000000000000000e+92	
1.764619608440017434000000000000000000000e+91	
1.761303477715695401000000000000000000000e+92	
-6.325128160342897064000000000000000000000e+91	
1.079767794077039843000000000000000000000e+92	
-1.314048499672945265000000000000000000000e+92	
3.985712887377896464000000000000000000000e+91	
2.059675982885553428000000000000000000000e+92	
-3.341403108644316801000000000000000000000e+91	
1.327329030183375214000000000000000000000e+92	
-1.066487263566609894000000000000000000000e+92	
5.953465429082547265000000000000000000000e+91	
-1.798469750841730381000000000000000000000e+92	
-1.362716603224808034000000000000000000000e+91	
1.474436429184458802000000000000000000000e+92	
-9.193798645655263052000000000000000000000e+91	
7.385654564975433093000000000000000000000e+91	
-1.655250837252441798000000000000000000000e+92	
3.060703028623140745000000000000000000000e+89	
1.609884176507914405000000000000000000000e+92	
-7.839321172420707026000000000000000000000e+91	
8.820486873931469072000000000000000000000e+91	
-1.511767606356838200000000000000000000000e+92	
1.545754184957082722000000000000000000000e+91	
1.769426379535988536000000000000000000000e+92	
-6.243899142139965712000000000000000000000e+91	
1.024393219237442160700000000000000000000e+92	
-1.369423074512542947000000000000000000000e+92	
2.797308378817704104000000000000000000000e+91	
1.877401240929962030000000000000000000000e+92	
-5.164150528200230772000000000000000000000e+91	
1.168568855389905015000000000000000000000e+92	
-1.225247438360080093000000000000000000000e+92	
4.600892328362368380000000000000000000000e+91	
-1.933727060913748270000000000000000000000e+92	
-2.480378022897880046000000000000000000000e+91	
1.386149764526149074000000000000000000000e+92	
-1.007666529223836033900000000000000000000e+92	
6.268990802771227004000000000000000000000e+91	
-1.766917213472862407000000000000000000000e+92	
-1.319737494265173346000000000000000000000e+91	
1.451493277354919778000000000000000000000e+92	
-9.423230163950653295000000000000000000000e+91	
7.732831096763957344000000000000000000000e+91	
-1.620533184073589373000000000000000000000e+92	
9.541046529538196286000000000000000000000e+90	
1.759837366223128367000000000000000000000e+92	
-6.339789275268567402000000000000000000000e+91	
1.030810966945909492500000000000000000000e+92	
-1.363005326804075615000000000000000000000e+92	
3.021473805635468290000000000000000000000e+91	
1.915808616501473804000000000000000000000e+92	
-4.780076772485113040000000000000000000000e+91	
1.173095016458003520000000000000000000000e+92	
-1.220721277291981587000000000000000000000e+92	
4.307510409871794564000000000000000000000e+91	
-1.963065252762805651000000000000000000000e+92	
-3.112234938612107848000000000000000000000e+91	
1.289133418039859955000000000000000000000e+92	
-1.104682875710125153000000000000000000000e+92	
5.754107353254938930000000000000000000000e+91	
-1.818405558424491214000000000000000000000e+92	
-1.379567506595125998000000000000000000000e+91	
1.490992973300593336000000000000000000000e+92	
-9.028233204493917720000000000000000000000e+91	
7.265070529009684566000000000000000000000e+91	
-1.667309240849016651000000000000000000000e+92	
-3.759840754531064528000000000000000000000e+90	
1.540638592604818604000000000000000000000e+92	
-8.531777011451665040000000000000000000000e+91	
8.733726226385196636000000000000000000000e+91	
-1.520443671111465444000000000000000000000e+92	
2.064387293959749459000000000000000000000e+91	
1.881798937599017740000000000000000000000e+92	
-5.120173561509673676000000000000000000000e+91	
1.163700404443158156000000000000000000000e+92	
-1.230115889306826952000000000000000000000e+92	
4.459592457361036935000000000000000000000e+91	
-1.947857048013881414000000000000000000000e+92	
-2.714247163758674919000000000000000000000e+91	
1.353510530327729715000000000000000000000e+92	
-1.040305763422255393000000000000000000000e+92	
5.877043160178520840000000000000000000000e+91	
-1.806111977732133024000000000000000000000e+92	
-1.777207812710401907000000000000000000000e+91	
1.399197238777114551000000000000000000000e+92	
-9.946190549728705563000000000000000000000e+91	
7.349123419184749202000000000000000000000e+91	
-1.658903951831510187000000000000000000000e+92	
7.095803819977821110000000000000000000000e+90	
1.749296353081189470000000000000000000000e+92	
-6.445199406687956377000000000000000000000e+91	
1.034174444496183213100000000000000000000e+92	
-1.359641849253801894000000000000000000000e+92	
3.194084289900637066000000000000000000000e+91	
1.946960319432034008000000000000000000000e+92	
-4.468559743179510992000000000000000000000e+91	
1.181077261170871578000000000000000000000e+92	
-1.212739032579113530000000000000000000000e+92	
4.155753581734476859000000000000000000000e+91	
-1.978240935576537422000000000000000000000e+92	
-3.495455792489027906000000000000000000000e+91	
1.227676449295251169000000000000000000000e+92	
-1.166139844454733938000000000000000000000e+92	
5.629796651260730398000000000000000000000e+91	
-1.830836628623912068000000000000000000000e+92	
-1.013863209201495960000000000000000000000e+91	
1.576540516514734609000000000000000000000e+92	
-8.172757772352504988000000000000000000000e+91	
8.610073352622377094000000000000000000000e+91	
-1.532808958487747398000000000000000000000e+92	
1.458302517657521700000000000000000000000e+91	
1.772971278792619326000000000000000000000e+92	
-6.208450149573657812000000000000000000000e+91	
1.006677561589807022400000000000000000000e+92	
-1.387138732160178085000000000000000000000e+92	
2.407652040224258361000000000000000000000e+91	
1.817196206285796385000000000000000000000e+92	
-5.766200874641887223000000000000000000000e+91	
1.153378040327824188000000000000000000000e+92	
-1.240438253422160920000000000000000000000e+92	
4.898902352328989485000000000000000000000e+91	
-1.903926058517086159000000000000000000000e+92	
-1.732673734089119255000000000000000000000e+91	
1.505867240059974887000000000000000000000e+92	
-8.879490536900102206000000000000000000000e+91	
7.915412337703537544000000000000000000000e+91	
-1.602275059979631353000000000000000000000e+92	
7.757072446475095020000000000000000000000e+90	
1.705917725209493116000000000000000000000e+92	
-6.878985685404919911000000000000000000000e+91	
9.408293815503831631000000000000000000000e+91	
-1.452986912199601944000000000000000000000e+92	
1.761217976512196783000000000000000000000e+91	
1.753756974005861339000000000000000000000e+92	
-6.400593197441237688000000000000000000000e+91	
1.087476849687718509000000000000000000000e+92	
-1.306339444062266599000000000000000000000e+92	
4.215283114697891531000000000000000000000e+91	
2.097873384318073866000000000000000000000e+92	
-2.959429094319112421000000000000000000000e+91	
1.380759225672128769000000000000000000000e+92	
-1.013057068077856338800000000000000000000e+92	
6.640019515835857936000000000000000000000e+91	
-1.729814342166399314000000000000000000000e+92	
-5.239861555747347643000000000000000000000e+90	
1.573519536713117052000000000000000000000e+92	
-8.202967570368680560000000000000000000000e+91	
8.060035533393010874000000000000000000000e+91	
-1.587812740410684020000000000000000000000e+92	
3.886953788331676223000000000000000000000e+90	
1.614079490237761040000000000000000000000e+92	
-7.797368035122240675000000000000000000000e+91	
9.531183767748324815000000000000000000000e+91	
-1.440697916975152626000000000000000000000e+92	
2.924862023121929156000000000000000000000e+91	
1.974144993133219378000000000000000000000e+92	
-4.196713006167657298000000000000000000000e+91	
1.262341907994188760000000000000000000000e+92	
-1.131474385755796348000000000000000000000e+92	
5.508930642627983783000000000000000000000e+91	
-1.842923229487186729000000000000000000000e+92	
-1.602017143554604706000000000000000000000e+91	
1.471019585918334373000000000000000000000e+92	
-9.227967078316507349000000000000000000000e+91	
7.088041113422278800000000000000000000000e+91	
-1.685012182407757228000000000000000000000e+92	
-5.303203320809477988000000000000000000000e+90	
1.527473153472757326000000000000000000000e+92	
-8.663431402772277812000000000000000000000e+91	
8.554264688023524302000000000000000000000e+91	
-1.538389824947632677000000000000000000000e+92	
1.837142400630156156000000000000000000000e+91	
1.854298490792526163000000000000000000000e+92	
-5.395178029574589450000000000000000000000e+91	
1.131426377002928107000000000000000000000e+92	
-1.262389916747057001000000000000000000000e+92	
4.089140133190525448000000000000000000000e+91	
-1.984902280430932563000000000000000000000e+92	
-3.132387792951093902000000000000000000000e+91	
1.306930010199227172000000000000000000000e+92	
-1.086886283550757936000000000000000000000e+92	
5.512702852571412074000000000000000000000e+91	
-1.842546008492843900000000000000000000000e+92	
-2.040133722440340945000000000000000000000e+91	
1.383041040524774902000000000000000000000e+92	
-1.010775253225210205500000000000000000000e+92	
6.973338659200923927000000000000000000000e+91	
-1.696482427829892715000000000000000000000e+92	
1.196794563114999228000000000000000000000e+90	
1.668905299812389531000000000000000000000e+92	
-7.249109939375955768000000000000000000000e+91	
9.323930810942032366000000000000000000000e+91	
-1.461423212655781871000000000000000000000e+92	
1.962474007214528582000000000000000000000e+91	
1.802430266265534942000000000000000000000e+92	
-5.913860274844501652000000000000000000000e+91	
1.075690409885736861000000000000000000000e+92	
-1.318125883864248246000000000000000000000e+92	
3.493122284622392757000000000000000000000e+91	
1.965257731986790694000000000000000000000e+92	
-4.285585617631944132000000000000000000000e+91	
1.217644974887007052000000000000000000000e+92	
-1.176171318862978056000000000000000000000e+92	
4.704042805121174298000000000000000000000e+91	
-1.923412013237867678000000000000000000000e+92	
-2.764645363014807914000000000000000000000e+91	
1.319000529360454625000000000000000000000e+92	
-1.074815764389530483000000000000000000000e+92	
6.155865300316022098000000000000000000000e+91	
-1.778229763718382898000000000000000000000e+92	
-8.747740286669036990000000000000000000000e+90	
1.551770746434513470000000000000000000000e+92	
-8.420455473154716378000000000000000000000e+91	
7.975781261822836820000000000000000000000e+91	
-1.596238167567701426000000000000000000000e+92	
4.376084324034068410000000000000000000000e+90	
1.632280900801121215000000000000000000000e+92	
-7.615353929488638930000000000000000000000e+91	
9.431370336435760171000000000000000000000e+91	
-1.450679260106409090000000000000000000000e+92	
2.543361311326657310000000000000000000000e+91	
1.907840212571656118000000000000000000000e+92	
-4.859760811783289900000000000000000000000e+91	
1.167896429740186267000000000000000000000e+92	
-1.225919864009798840000000000000000000000e+92	
4.283208930327882992000000000000000000000e+91	
-1.965495400717196808000000000000000000000e+92	
-3.108865808147413970000000000000000000000e+91	
1.292236015010292693000000000000000000000e+92	
-1.101580278739692415000000000000000000000e+92	
5.726582023407280534000000000000000000000e+91	
-1.821158091409257054000000000000000000000e+92	
-1.465614996903911232000000000000000000000e+91	
1.476538920682529897000000000000000000000e+92	
-9.172773730674552104000000000000000000000e+91	
7.144484990616506302000000000000000000000e+91	
-1.679367794688334477000000000000000000000e+92	
-4.726265476826155998000000000000000000000e+90	
1.533367460429156328000000000000000000000e+92	
-8.604488333208287796000000000000000000000e+91	
8.610485358623626463000000000000000000000e+91	
-1.532767757887622461000000000000000000000e+92	
1.890642027116411929000000000000000000000e+91	
1.859376484447344646000000000000000000000e+92	
-5.344398093026404616000000000000000000000e+91	
1.136232537014124598000000000000000000000e+92	
-1.257583756735860510000000000000000000000e+92	
4.134484749694529918000000000000000000000e+91	
-1.980367818780532116000000000000000000000e+92	
-3.089758807900054805000000000000000000000e+91	
1.310921480707241767000000000000000000000e+92	
-1.082894813042743340000000000000000000000e+92	
5.558305940460893758000000000000000000000e+91	
-1.837985699703895732000000000000000000000e+92	
-1.988845082665945520000000000000000000000e+91	
1.388738176739150460000000000000000000000e+92	
-1.005078117010834647200000000000000000000e+92	
7.018211116059897546000000000000000000000e+91	
-1.691995182143995353000000000000000000000e+92	
1.524590291201132148000000000000000000000e+90	
1.670974570512000091000000000000000000000e+92	
-7.228417232379850169000000000000000000000e+91	
9.332542667368398938000000000000000000000e+91	
-1.460562027013145214000000000000000000000e+92	
1.959011025320328748000000000000000000000e+91	
1.800877085169765927000000000000000000000e+92	
-5.929392085802191802000000000000000000000e+91	
1.076692545861327527000000000000000000000e+92	
-1.317123747888657581000000000000000000000e+92	
3.528684098104076404000000000000000000000e+91	
1.971366687641638441000000000000000000000e+92	
-4.224496061083466666000000000000000000000e+91	
1.218345168429386780000000000000000000000e+92	
-1.175471125320598328000000000000000000000e+92	
4.656984037082552969000000000000000000000e+91	
-1.928117890041729811000000000000000000000e+92	
-2.865737930249636780000000000000000000000e+91	
1.303490581805033427000000000000000000000e+92	
-1.090325711944951681000000000000000000000e+92	
6.115229338569032186000000000000000000000e+91	
-1.782293359893081889000000000000000000000e+92	
-8.010034414008753132000000000000000000000e+90	
1.570582766417952562000000000000000000000e+92	
-8.232335273320325460000000000000000000000e+91	
8.278194166116361662000000000000000000000e+91	
-1.565996877138348941000000000000000000000e+92	
8.542571613681635701000000000000000000000e+90	
1.685363671016653051000000000000000000000e+92	
-7.084526227333320566000000000000000000000e+91	
9.719930835090484148000000000000000000000e+91	
-1.421823210240936693000000000000000000000e+92	
2.589775175043898232000000000000000000000e+91	
1.888278986305634895000000000000000000000e+92	
-5.055373074443502126000000000000000000000e+91	
1.124144635695100856000000000000000000000e+92	
-1.269671658054884251000000000000000000000e+92	
3.603905700729827925000000000000000000000e+91	
1.938978790169417192000000000000000000000e+92	
-4.548375035805679157000000000000000000000e+91	
1.270432721569574201000000000000000000000e+92	
-1.123383572180410907000000000000000000000e+92	
6.022193667572345243000000000000000000000e+91	
-1.791596926992750583000000000000000000000e+92	
-6.566143984850914364000000000000000000000e+90	
1.608752326239535107000000000000000000000e+92	
-7.850639675104500004000000000000000000000e+91	
8.897078219823520892000000000000000000000e+91	
-1.504108471767633018000000000000000000000e+92	
1.710211629532409549000000000000000000000e+91	
1.794654361049882501000000000000000000000e+92	
-5.991619327001026066000000000000000000000e+91	
1.031007911528531629500000000000000000000e+92	
-1.362808382221453478000000000000000000000e+92	
2.677415041829812056000000000000000000000e+91	
1.846817139864208341000000000000000000000e+92	
-5.469991538857767662000000000000000000000e+91	
1.177364178346503368000000000000000000000e+92	
-1.216452115403481740000000000000000000000e+92	
5.082443819476180951000000000000000000000e+91	
-1.885571911802367012000000000000000000000e+92	
-1.605424151379671204000000000000000000000e+91	
1.512965811352438166000000000000000000000e+92	
-8.808504823975469416000000000000000000000e+91	
7.930162181554290403000000000000000000000e+91	
-1.600800075594556067000000000000000000000e+92	
7.342492062002724666000000000000000000000e+90	
1.696153930419747334000000000000000000000e+92	
-6.976623633302377734000000000000000000000e+91	
9.345531441241365950000000000000000000000e+91	
-1.459263149625848512000000000000000000000e+92	
1.733313819438036990000000000000000000000e+91	
1.754450645236381861000000000000000000000e+92	
-6.393656485136032470000000000000000000000e+91	
1.080798820297591663000000000000000000000e+92	
-1.313017473452393445000000000000000000000e+92	
4.074822501163431718000000000000000000000e+91	
2.076462957832864951000000000000000000000e+92	
-3.173533359171201567000000000000000000000e+91	
1.351988099061849192000000000000000000000e+92	
-1.041828194688135915700000000000000000000e+92	
6.278737880309725724000000000000000000000e+91	
-1.765942505719012535000000000000000000000e+92	
-9.588015469273134569000000000000000000000e+90	
1.522688281532763319000000000000000000000e+92	
-8.711280122172217888000000000000000000000e+91	
7.701232834515596130000000000000000000000e+91	
-1.623693010298425495000000000000000000000e+92	
1.793281266565249921000000000000000000000e+90	
1.608078872770597006000000000000000000000e+92	
-7.857374209793881014000000000000000000000e+91	
9.155277446360611040000000000000000000000e+91	
-1.478288549113924004000000000000000000000e+92	
2.233212768319099818000000000000000000000e+91	
1.873421487817522444000000000000000000000e+92	
-5.203948059324626634000000000000000000000e+91	
1.130075528529070371000000000000000000000e+92	
-1.263740765220914737000000000000000000000e+92	
3.870995085180387070000000000000000000000e+91	
-2.006716785231946400000000000000000000000e+92	
-3.555067563224038762000000000000000000000e+91	
1.244218739978230164000000000000000000000e+92	
-1.149597553771754944000000000000000000000e+92	
5.318924071189084870000000000000000000000e+91	
-1.861923886631076621000000000000000000000e+92	
-1.800794239292814458000000000000000000000e+91	
1.450265260395252642000000000000000000000e+92	
-9.435510333547324652000000000000000000000e+91	
6.871736061333323694000000000000000000000e+91	
-1.706642687616652738000000000000000000000e+92	
-7.553828205647073724000000000000000000000e+90	
1.504091596814227722000000000000000000000e+92	
-8.897246969357573852000000000000000000000e+91	
8.339281958187773541000000000000000000000e+91	
-1.559888097931207754000000000000000000000e+92	
1.640983135049312729000000000000000000000e+91	
1.836563973876906506000000000000000000000e+92	
-5.572523198730786020000000000000000000000e+91	
1.115572333412955277000000000000000000000e+92	
-1.278243960337029831000000000000000000000e+92	
3.949395072038826813000000000000000000000e+91	
-1.998876786546102426000000000000000000000e+92	
-3.253346833205771524000000000000000000000e+91	
1.296711773343871476000000000000000000000e+92	
-1.097104520406113632000000000000000000000e+92	
5.370935238592650307000000000000000000000e+91	
-1.856722769890720077000000000000000000000e+92	
-2.221466881546074617000000000000000000000e+91	
1.360953139150907620000000000000000000000e+92	
-1.032863154599077487200000000000000000000e+92	
6.836418744754158749000000000000000000000e+91	
-1.710174419274569233000000000000000000000e+92	
6.667685742440071322000000000000000000000e+89	
1.671992595185863853000000000000000000000e+92	
-7.218236985641212548000000000000000000000e+91	
9.438637575144857905000000000000000000000e+91	
-1.449952536235499317000000000000000000000e+92	
2.160972860505393729000000000000000000000e+91	
1.830655190441760022000000000000000000000e+92	
-5.631611033082250860000000000000000000000e+91	
1.086159452899937995000000000000000000000e+92	
-1.307656840850047112000000000000000000000e+92	
3.420342268430408959000000000000000000000e+91	
1.940241517865162211000000000000000000000e+92	
-4.535747758848228965000000000000000000000e+91	
1.230188591777691143000000000000000000000e+92	
-1.163627701972293965000000000000000000000e+92	
5.204890361002220629000000000000000000000e+91	
-1.873327257649763045000000000000000000000e+92	
-1.888573250282863360000000000000000000000e+91	
1.444111522604340129000000000000000000000e+92	
-9.497047711456449785000000000000000000000e+91	
6.836427256891822116000000000000000000000e+91	
-1.710173568060802896000000000000000000000e+92	
-7.644761046525480118000000000000000000000e+90	
1.505802515779025928000000000000000000000e+92	
-8.880137779709591798000000000000000000000e+91	
8.300935397148706562000000000000000000000e+91	
-1.563722754035114451000000000000000000000e+92	
1.547208421859356528000000000000000000000e+91	
1.821646445822948367000000000000000000000e+92	
-5.721698479270367406000000000000000000000e+91	
1.095117505731354040000000000000000000000e+92	
-1.298698788018631068000000000000000000000e+92	
3.689501356298351153000000000000000000000e+91	
1.985106345562378544000000000000000000000e+92	
-4.087099481876065632000000000000000000000e+91	
1.237021066684628588000000000000000000000e+92	
-1.156795227065356520000000000000000000000e+92	
4.893080856906011350000000000000000000000e+91	
-1.904508208059383973000000000000000000000e+92	
-2.580327827003369193000000000000000000000e+91	
1.336960466309083493000000000000000000000e+92	
-1.056855827440901614900000000000000000000e+92	
6.345204043563277764000000000000000000000e+91	
-1.759295889393657331000000000000000000000e+92	
-6.757007586304669681000000000000000000000e+90	
1.572651041661115027000000000000000000000e+92	
-8.211652520888700806000000000000000000000e+91	
8.194309054169805577000000000000000000000e+91	
-1.574385388333004550000000000000000000000e+92	
6.658562250924870304000000000000000000000e+90	
1.656077196371213879000000000000000000000e+92	
-7.377390973787712284000000000000000000000e+91	
9.648459523361228544000000000000000000000e+91	
-1.428970341413862253000000000000000000000e+92	
2.739587117677265590000000000000000000000e+91	
1.925377493452303102000000000000000000000e+92	
-4.684388002976820052000000000000000000000e+91	
1.183349448652762140000000000000000000000e+92	
-1.210466845097222968000000000000000000000e+92	
4.416906872471625455000000000000000000000e+91	
-1.952125606502822562000000000000000000000e+92	
-2.995989745449146097000000000000000000000e+91	
1.301442469573267350000000000000000000000e+92	
-1.092373824176717758000000000000000000000e+92	
5.862550276310877728000000000000000000000e+91	
-1.807561266118897335000000000000000000000e+92	
-1.285764886183693345000000000000000000000e+91	
1.498909933677867351000000000000000000000e+92	
-8.949063600721177569000000000000000000000e+91	
7.329614398523533949000000000000000000000e+91	
-1.660854853897631713000000000000000000000e+92	
-3.260586614425487567000000000000000000000e+90	
1.544170015968864904000000000000000000000e+92	
-8.496462777811202037000000000000000000000e+91	
8.799903551080884550000000000000000000000e+91	
-1.513825938641896653000000000000000000000e+92	
2.161412350146973390000000000000000000000e+91	
1.894584681174921112000000000000000000000e+92	
-4.992316125750639958000000000000000000000e+91	
1.179567851548285194000000000000000000000e+92	
-1.214248442201699914000000000000000000000e+92	
4.649068627061320187000000000000000000000e+91	
-1.928909431043853089000000000000000000000e+92	
-2.493984624420048337000000000000000000000e+91	
1.378613889087235089000000000000000000000e+92	
-1.015202404662750018500000000000000000000e+92	
6.131910627567299026000000000000000000000e+91	
-1.780625230993255205000000000000000000000e+92	
-1.518508373526052034000000000000000000000e+91	
1.425450189170245577000000000000000000000e+92	
-9.683661045797395308000000000000000000000e+91	
7.603196260193148694000000000000000000000e+91	
-1.633496667730670238000000000000000000000e+92	
9.552007686912974362000000000000000000000e+90	
1.773013566970406462000000000000000000000e+92	
-6.208027267795786460000000000000000000000e+91	
1.057047254047274968700000000000000000000e+92	
-1.336769039702710139000000000000000000000e+92	
3.414372544357994628000000000000000000000e+91	
1.968145580796045988000000000000000000000e+92	
-4.256707129539391197000000000000000000000e+91	
1.201419378267760361000000000000000000000e+92	
-1.192396915482224747000000000000000000000e+92	
4.350747506088852649000000000000000000000e+91	
-1.958741543141099843000000000000000000000e+92	
-3.308884920780682193000000000000000000000e+91	
1.245491650389610188000000000000000000000e+92	
-1.148324643360374919000000000000000000000e+92	
5.825518996671150086000000000000000000000e+91	
-1.811264394082870099000000000000000000000e+92	
-8.005792735122704643000000000000000000000e+90	
1.599624195127905200000000000000000000000e+92	
-7.941920986220799074000000000000000000000e+91	
8.858454253709771024000000000000000000000e+91	
-1.507970868379008005000000000000000000000e+92	
1.724218802561181809000000000000000000000e+91	
1.801315572985190587000000000000000000000e+92	
-5.925007207647945208000000000000000000000e+91	
1.036773649239465868800000000000000000000e+92	
-1.357042644510519239000000000000000000000e+92	
2.726122133181432263000000000000000000000e+91	
1.850793265850415367000000000000000000000e+92	
-5.430230278995697408000000000000000000000e+91	
1.183227480120220746000000000000000000000e+92	
-1.210588813629764362000000000000000000000e+92	
5.159939203224032776000000000000000000000e+91	
-1.877822373427581830000000000000000000000e+92	
-1.509075788811540965000000000000000000000e+91	
1.524485007239409200000000000000000000000e+92	
-8.693312865105759081000000000000000000000e+91	
8.064188358876262200000000000000000000000e+91	
-1.587397457862358888000000000000000000000e+92	
8.871002287922335660000000000000000000000e+90	
1.713320580354188800000000000000000000000e+92	
-6.804957133957963072000000000000000000000e+91	
9.477161375693385601000000000000000000000e+91	
-1.446100156180646548000000000000000000000e+92	
1.824927113903023566000000000000000000000e+91	
1.759612302183114243000000000000000000000e+92	
-6.342039915668708648000000000000000000000e+91	
1.094415031043895991000000000000000000000e+92	
-1.299401262706089116000000000000000000000e+92	
4.295488071038348236000000000000000000000e+91	
2.106975655597125498000000000000000000000e+92	
-2.868406381528596096000000000000000000000e+91	
1.390942734231383692000000000000000000000e+92	
-1.002873559518601415600000000000000000000e+92	
6.752661593261685987000000000000000000000e+91	
-1.718550134423816509000000000000000000000e+92	
-4.005424646064496499000000000000000000000e+90	
1.586943529602769456000000000000000000000e+92	
-8.068727641472156520000000000000000000000e+91	
8.205066327278824815000000000000000000000e+91	
-1.573309661022102626000000000000000000000e+92	
5.445116674432570520000000000000000000000e+90	
1.630739131811956970000000000000000000000e+92	
-7.630771619380281380000000000000000000000e+91	
9.674749650461372554000000000000000000000e+91	
-1.426341328703847852000000000000000000000e+92	
3.045408834358583510000000000000000000000e+91	
1.983898912694092434000000000000000000000e+92	
-4.099173810558926738000000000000000000000e+91	
1.269796211006995228000000000000000000000e+92	
-1.124020082742989880000000000000000000000e+92	
5.560488951724274412000000000000000000000e+91	
-1.837767398577557666000000000000000000000e+92	
-1.573432116736725479000000000000000000000e+91	
1.471581903678347325000000000000000000000e+92	
-9.222343900716377830000000000000000000000e+91	
7.070713869175459149000000000000000000000e+91	
-1.686744906832439193000000000000000000000e+92	
-5.705865764909490195000000000000000000000e+90	
1.521153770615395047000000000000000000000e+92	
-8.726625231345900607000000000000000000000e+91	
8.539660547651342124000000000000000000000e+91	
-1.539850238984850895000000000000000000000e+92	
1.871103766940817230000000000000000000000e+91	
1.862548761143451858000000000000000000000e+92	
-5.312675326065332495000000000000000000000e+91	
1.144528365328126455000000000000000000000e+92	
-1.249287928421858653000000000000000000000e+92	
4.268653050751751876000000000000000000000e+91	
-1.966950988674809920000000000000000000000e+92	
-2.904405974497705883000000000000000000000e+91	
1.334572669993116153000000000000000000000e+92	
-1.059243623756868954800000000000000000000e+92	
5.686269323591396420000000000000000000000e+91	
-1.825189361390845466000000000000000000000e+92	
-1.969376188175987726000000000000000000000e+91	
1.379841016744406158000000000000000000000e+92	
-1.013975277005578949700000000000000000000e+92	
7.158770925823725144000000000000000000000e+91	
-1.677939201167612593000000000000000000000e+92	
5.224360182253684286000000000000000000000e+90	
1.730902570004560380000000000000000000000e+92	
-6.629137237454247281000000000000000000000e+91	
1.016101155141374172400000000000000000000e+92	
-1.377715138608610935000000000000000000000e+92	
3.016554738576999395000000000000000000000e+91	
1.929527539102117952000000000000000000000e+92	
-4.642887546478671551000000000000000000000e+91	
1.163964496302744094000000000000000000000e+92	
-1.229851797447241013000000000000000000000e+92	
3.987824495057486915000000000000000000000e+91	
-1.995033844244236416000000000000000000000e+92	
-3.660187908982745639000000000000000000000e+91	
1.211522775561325086000000000000000000000e+92	
-1.182293518188660021000000000000000000000e+92	
5.461717721756516842000000000000000000000e+91	
-1.847644521574333423000000000000000000000e+92	
-1.188481075032906112000000000000000000000e+91	
1.558425161720617624000000000000000000000e+92	
-8.353911320293674835000000000000000000000e+91	
8.422387375169361291000000000000000000000e+91	
-1.551577556233048978000000000000000000000e+92	
1.264087361671863958000000000000000000000e+91	
1.752897170276918684000000000000000000000e+92	
-6.409191234730664232000000000000000000000e+91	
9.859511849313902385000000000000000000000e+91	
-1.407865108818594869000000000000000000000e+92	
2.193868838340826696000000000000000000000e+91	
1.795166267018766946000000000000000000000e+92	
-5.986500267312181614000000000000000000000e+91	
1.132756337342971157000000000000000000000e+92	
-1.261059956407013951000000000000000000000e+92	
4.706760676965040634000000000000000000000e+91	
-1.923140226053481044000000000000000000000e+92	
-1.910747059817846528000000000000000000000e+91	
1.489466042314297204000000000000000000000e+92	
-9.043502514356879038000000000000000000000e+91	
7.765454710639788982000000000000000000000e+91	
-1.617270822686006209000000000000000000000e+92	
6.397969735804878132000000000000000000000e+90	
1.693730734610921305000000000000000000000e+92	
-7.000855591390638024000000000000000000000e+91	
9.300457287163155282000000000000000000000e+91	
-1.463770565033669579000000000000000000000e+92	
1.667407841857719194000000000000000000000e+91	
1.745777901860717928000000000000000000000e+92	
-6.480383918892671794000000000000000000000e+91	
1.076542656511889239000000000000000000000e+92	
-1.317273637238095868000000000000000000000e+92	
4.076404679315746112000000000000000000000e+91	
2.081033360353870790000000000000000000000e+92	
-3.127829333961143181000000000000000000000e+91	
1.360968490486793346000000000000000000000e+92	
-1.032847803263191761100000000000000000000e+92	
6.412619736507992754000000000000000000000e+91	
-1.752554320099185832000000000000000000000e+92	
-7.808636849484234762000000000000000000000e+90	
1.544885475783586807000000000000000000000e+92	
-8.489308179663983002000000000000000000000e+91	
7.829749131117351991000000000000000000000e+91	
-1.610841380638249908000000000000000000000e+92	
2.144352872085991540000000000000000000000e+90	
1.602253323891870622000000000000000000000e+92	
-7.915629698581144856000000000000000000000e+91	
9.294613995465755898000000000000000000000e+91	
-1.464354894203409518000000000000000000000e+92	
2.570043020140668532000000000000000000000e+91	
1.926844054647547918000000000000000000000e+92	
-4.669722391024371898000000000000000000000e+91	
1.203227813274579389000000000000000000000e+92	
-1.190588480475405718000000000000000000000e+92	
4.799716923356001188000000000000000000000e+91	
-1.913844601414384989000000000000000000000e+92	
-2.429244873896998167000000000000000000000e+91	
1.376501284953256317000000000000000000000e+92	
-1.017315008796728790300000000000000000000e+92	
6.223196493943757625000000000000000000000e+91	
-1.771496644355609345000000000000000000000e+92	
-1.314866543209451975000000000000000000000e+91	
1.457044377002450711000000000000000000000e+92	
-9.367719167475343963000000000000000000000e+91	
7.681135624609822478000000000000000000000e+91	
-1.625702731289002860000000000000000000000e+92	
7.952560653674292880000000000000000000000e+90	
1.733242528585764971000000000000000000000e+92	
-6.605737651642201370000000000000000000000e+91	
9.935114804404290232000000000000000000000e+91	
-1.400304813309556084000000000000000000000e+92	
2.541485725479818444000000000000000000000e+91	
1.857115811682602447000000000000000000000e+92	
-5.367004820673826606000000000000000000000e+91	
1.137105047071694635000000000000000000000e+92	
-1.256711246678290472000000000000000000000e+92	
4.174526085654315770000000000000000000000e+91	
-1.976363685184553531000000000000000000000e+92	
-3.018416821635173233000000000000000000000e+91	
1.321184186631959936000000000000000000000e+92	
-1.072632107118025172000000000000000000000e+92	
5.594609446380579496000000000000000000000e+91	
-1.834355349111927158000000000000000000000e+92	
-2.018832122983191608000000000000000000000e+91	
1.379113717150132108000000000000000000000e+92	
-1.014702576599852999900000000000000000000e+92	
7.062267556231425568000000000000000000000e+91	
-1.687589538126842551000000000000000000000e+92	
3.367466820587571412000000000000000000000e+90	
1.703419478227996291000000000000000000000e+92	
-6.903968155219888169000000000000000000000e+91	
9.797083414935388339000000000000000000000e+91	
-1.414107952256446274000000000000000000000e+92	
2.563573724194271384000000000000000000000e+91	
1.875328581747542999000000000000000000000e+92	
-5.184877120024421087000000000000000000000e+91	
1.121436038005005264000000000000000000000e+92	
-1.272380255744979844000000000000000000000e+92	
3.679186822343669574000000000000000000000e+91	
-2.025897611515618150000000000000000000000e+92	
-3.852236722833095162000000000000000000000e+91	
1.203970977811657755000000000000000000000e+92	
-1.189845315938327353000000000000000000000e+92	
5.139774577817908964000000000000000000000e+91	
-1.879838835968194211000000000000000000000e+92	
-1.756726747566463124000000000000000000000e+91	
1.476982599289175688000000000000000000000e+92	
-9.168336944608094192000000000000000000000e+91	
7.361904314885648698000000000000000000000e+91	
-1.657625862261420238000000000000000000000e+92	
-4.233067974174134155000000000000000000000e+89	
1.597674107412327858000000000000000000000e+92	
-7.961421863376572494000000000000000000000e+91	
8.802557627258361303000000000000000000000e+91	
-1.513560531024148977000000000000000000000e+92	
1.631944539803157143000000000000000000000e+91	
1.788452193476202689000000000000000000000e+92	
-6.053641002737824186000000000000000000000e+91	
1.021377305225007144800000000000000000000e+92	
-1.372438988524977963000000000000000000000e+92	
2.546841653728458811000000000000000000000e+91	
1.830334773921563672000000000000000000000e+92	
-5.634815198284214358000000000000000000000e+91	
1.168149856570545713000000000000000000000e+92	
-1.225666437179439395000000000000000000000e+92	
5.062944872674892120000000000000000000000e+91	
-1.887521806482495896000000000000000000000e+92	
-1.552314979930265754000000000000000000000e+91	
1.525533926850892331000000000000000000000e+92	
-8.682823668990927768000000000000000000000e+91	
8.128379203341494795000000000000000000000e+91	
-1.580978373415835628000000000000000000000e+92	
1.004965996031791364500000000000000000000e+91	
1.730471978128014747000000000000000000000e+92	
-6.633443156219703606000000000000000000000e+91	
9.670112018579657040000000000000000000000e+91	
-1.426805091892019404000000000000000000000e+92	
2.039303753601364688000000000000000000000e+91	
1.783191499531490113000000000000000000000e+92	
-6.106247942184949944000000000000000000000e+91	
1.113431912838265851000000000000000000000e+92	
-1.280384380911719257000000000000000000000e+92	
4.440056438613087668000000000000000000000e+91	
2.116874716704850727000000000000000000000e+92	
-2.769415770451343810000000000000000000000e+91	
1.396286287947106976000000000000000000000e+92	
-9.975300058028781321000000000000000000000e+91	
6.760564727787975764000000000000000000000e+91	
-1.717759820971187531000000000000000000000e+92	
-4.381490727047932398000000000000000000000e+90	
1.578634159403387940000000000000000000000e+92	
-8.151821343465971674000000000000000000000e+91	
8.177840569501002162000000000000000000000e+91	
-1.576032236799884891000000000000000000000e+92	
5.731260502098573648000000000000000000000e+90	
1.639181805159601889000000000000000000000e+92	
-7.546344885903832187000000000000000000000e+91	
9.640988650524617446000000000000000000000e+91	
-1.429717428697523363000000000000000000000e+92	
2.893518919226643405000000000000000000000e+91	
1.956902908555989102000000000000000000000e+92	
-4.369133851939960057000000000000000000000e+91	
1.230999070212856244000000000000000000000e+92	
-1.162817223537128863000000000000000000000e+92	
5.054564907668464736000000000000000000000e+91	
-1.888359802983138634000000000000000000000e+92	
-2.197250095689266169000000000000000000000e+91	
1.397416579493818890000000000000000000000e+92	
-9.963997142561662175000000000000000000000e+91	
6.480390515992121804000000000000000000000e+91	
-1.745777242150772927000000000000000000000e+92	
-1.009655353010698443700000000000000000000e+91	
1.492364823177978624000000000000000000000e+92	
-9.014514705720064832000000000000000000000e+91	
7.932331629544692682000000000000000000000e+91	
-1.600583130795515839000000000000000000000e+92	
9.444943797964608603000000000000000000000e+90	
1.737975665083066751000000000000000000000e+92	
-6.558406286669183564000000000000000000000e+91	
9.880589935718928472000000000000000000000e+91	
-1.405757300178092260000000000000000000000e+92	
2.385155313694098563000000000000000000000e+91	
1.831307282727092150000000000000000000000e+92	
-5.625090110228929578000000000000000000000e+91	
1.132858083735728760000000000000000000000e+92	
-1.260958210014256348000000000000000000000e+92	
4.347564803541362894000000000000000000000e+91	
-1.959059813395848818000000000000000000000e+92	
-2.629977004047944130000000000000000000000e+91	
1.381557558543611510000000000000000000000e+92	
-1.012258735206373598100000000000000000000e+92	
6.326694067615066106000000000000000000000e+91	
-1.761146886988478497000000000000000000000e+92	
-1.158460475729600282000000000000000000000e+91	
1.477973200046422192000000000000000000000e+92	
-9.158430937035629155000000000000000000000e+91	
7.778266736277900786000000000000000000000e+91	
-1.615989620122195029000000000000000000000e+92	
7.802858752397383232000000000000000000000e+90	
1.720540958313176317000000000000000000000e+92	
-6.732753354368087902000000000000000000000e+91	
9.696109350513290739000000000000000000000e+91	
-1.424205358698656034000000000000000000000e+92	
2.190546254106125964000000000000000000000e+91	
1.810834033391521613000000000000000000000e+92	
-5.829822603584634944000000000000000000000e+91	
1.114554102656802980000000000000000000000e+92	
-1.279262191093182127000000000000000000000e+92	
4.186206879571010788000000000000000000000e+91	
-1.975195605792884029000000000000000000000e+92	
-2.769663831574243184000000000000000000000e+91	
1.369754906934904250000000000000000000000e+92	
-1.024061386815080858100000000000000000000e+92	
6.230317083329741708000000000000000000000e+91	
-1.770784585417010937000000000000000000000e+92	
-1.233198702485978287000000000000000000000e+91	
1.472662176232599593000000000000000000000e+92	
-9.211541175173855144000000000000000000000e+91	
7.679472981877229590000000000000000000000e+91	
-1.625868995562262149000000000000000000000e+92	
6.358313397873056158000000000000000000000e+90	
1.701531699052367208000000000000000000000e+92	
-6.922845946976179000000000000000000000000e+91	
9.460401413336694183000000000000000000000e+91	
-1.447776152416315689000000000000000000000e+92	
1.909245673644862876000000000000000000000e+91	
1.778146980015542445000000000000000000000e+92	
-6.156693137344426625000000000000000000000e+91	
1.091551678949694412000000000000000000000e+92	
-1.302264614800290695000000000000000000000e+92	
4.052980741914441219000000000000000000000e+91	
2.061348185675268961000000000000000000000e+92	
-3.324681080747161464000000000000000000000e+91	
1.323949165811704403000000000000000000000e+92	
-1.069867127938280704000000000000000000000e+92	
5.869171256258660218000000000000000000000e+91	
-1.806899168124119086000000000000000000000e+92	
-1.497481175161798466000000000000000000000e+91	
1.455915443828217595000000000000000000000e+92	
-9.379008499217675130000000000000000000000e+91	
7.307414017784195392000000000000000000000e+91	
-1.663074891971565568000000000000000000000e+92	
5.928255429698200018000000000000000000000e+89	
1.623438015161612372000000000000000000000e+92	
-7.703782785883727361000000000000000000000e+91	
8.729768627176981989000000000000000000000e+91	
-1.520839431032286909000000000000000000000e+92	
1.228891905530506145000000000000000000000e+91	
1.715137002784291364000000000000000000000e+92	
-6.786792909656937432000000000000000000000e+91	
1.017995165277010776000000000000000000000e+92	
-1.375821128472974332000000000000000000000e+92	
3.212002727479123826000000000000000000000e+91	
1.966714342519378885000000000000000000000e+92	
-4.271019512306062230000000000000000000000e+91	
1.218784524391153150000000000000000000000e+92	
-1.175031769358831958000000000000000000000e+92	
4.712269267788555974000000000000000000000e+91	
-1.922589366971129510000000000000000000000e+92	
-2.759586355596439827000000000000000000000e+91	
1.319189842211408426000000000000000000000e+92	
-1.074626451538576682000000000000000000000e+92	
6.164453456237677670000000000000000000000e+91	
-1.777370948126217340000000000000000000000e+92	
-8.594941772320555865000000000000000000000e+90	
1.553967568105243358000000000000000000000e+92	
-8.398487256447417500000000000000000000000e+91	
8.004434515219191340000000000000000000000e+91	
-1.593372842228065974000000000000000000000e+92	
4.729433955619463981000000000000000000000e+90	
1.636482235566077722000000000000000000000e+92	
-7.573340581839073854000000000000000000000e+91	
9.459198571918352228000000000000000000000e+91	
-1.447896436558149885000000000000000000000e+92	
2.557011494114493230000000000000000000000e+91	
1.907788131176858401000000000000000000000e+92	
-4.860281625731267067000000000000000000000e+91	
1.166427953916549299000000000000000000000e+92	
-1.227388339833435809000000000000000000000e+92	
4.254367276740761561000000000000000000000e+91	
-1.968379566075908952000000000000000000000e+92	
-3.151857311655669048000000000000000000000e+91	
1.286522583859687053000000000000000000000e+92	
-1.107293709890298055000000000000000000000e+92	
5.699444583750434696000000000000000000000e+91	
-1.823871835374941638000000000000000000000e+92	
-1.462770493185910171000000000000000000000e+91	
1.479820073287320635000000000000000000000e+92	
-9.139962204626644726000000000000000000000e+91	
7.124829711810690584000000000000000000000e+91	
-1.681333322568916049000000000000000000000e+92	
-5.447225203078066701000000000000000000000e+90	
1.520916403588672502000000000000000000000e+92	
-8.728998901613126050000000000000000000000e+91	
8.597028442380190653000000000000000000000e+91	
-1.534113449511966042000000000000000000000e+92	
1.988183495218204638000000000000000000000e+91	
1.880224945660929769000000000000000000000e+92	
-5.135913480890553389000000000000000000000e+91	
1.168169791349130013000000000000000000000e+92	
-1.225646502400855095000000000000000000000e+92	
4.564690038916573642000000000000000000000e+91	
-1.937347289858327743000000000000000000000e+92	
-2.548775930684276323000000000000000000000e+91	
1.376092014185397115000000000000000000000e+92	
-1.017724279564587992500000000000000000000e+92	
6.136249718488080644000000000000000000000e+91	
-1.780191321901177043000000000000000000000e+92	
-1.484626152648471558000000000000000000000e+91	
1.431791253987515533000000000000000000000e+92	
-9.620250397624695742000000000000000000000e+91	
7.604052504225702102000000000000000000000e+91	
-1.633411043327414897000000000000000000000e+92	
8.935337398904363488000000000000000000000e+90	
1.760597648388347837000000000000000000000e+92	
-6.332186453616372709000000000000000000000e+91	
1.038385229796078834900000000000000000000e+92	
-1.355431063953906273000000000000000000000e+92	
3.165322330005377868000000000000000000000e+91	
1.937000669114798582000000000000000000000e+92	
-4.568156246351865257000000000000000000000e+91	
1.179857513656194648000000000000000000000e+92	
-1.213958780093790460000000000000000000000e+92	
4.230911638939611703000000000000000000000e+91	
-1.970725129856023937000000000000000000000e+92	
-3.332985676959273685000000000000000000000e+91	
1.252650321441521634000000000000000000000e+92	
-1.141165972308463473000000000000000000000e+92	
5.694577424201628817000000000000000000000e+91	
-1.824358551329822226000000000000000000000e+92	
-1.133948337184681046000000000000000000000e+91	
1.546054613802868389000000000000000000000e+92	
-8.477616799471167184000000000000000000000e+91	
8.120532382370524421000000000000000000000e+91	
-1.581763055512932666000000000000000000000e+92	
7.841715145112332994000000000000000000000e+90	
1.687108361638346542000000000000000000000e+92	
-7.067079321116385661000000000000000000000e+91	
9.552174593789256288000000000000000000000e+91	
-1.438598834371059479000000000000000000000e+92	
2.236907955849853844000000000000000000000e+91	
1.834490378972498499000000000000000000000e+92	
-5.593259147774866089000000000000000000000e+91	
1.097940392163045031000000000000000000000e+92	
-1.295875901586940076000000000000000000000e+92	
3.617569624949867597000000000000000000000e+91	
1.967902097530365967000000000000000000000e+92	
-4.259141962196191403000000000000000000000e+91	
1.241018959363893799000000000000000000000e+92	
-1.152797334386091308000000000000000000000e+92	
5.144975674604397494000000000000000000000e+91	
-1.879318726289545358000000000000000000000e+92	
-2.116622582094282246000000000000000000000e+91	
1.404501492400146002000000000000000000000e+92	
-9.893148013498391052000000000000000000000e+91	
6.571830796568591974000000000000000000000e+91	
-1.736633214093125910000000000000000000000e+92	
-8.976341684721435218000000000000000000000e+90	
1.505624007782918892000000000000000000000e+92	
-8.881922859670662151000000000000000000000e+91	
8.021226410583873010000000000000000000000e+91	
-1.591693652691597807000000000000000000000e+92	
9.897138424434650056000000000000000000000e+90	
1.738132253088095297000000000000000000000e+92	
-6.556840406618898103000000000000000000000e+91	
9.838523958150757086000000000000000000000e+91	
-1.409963897934909399000000000000000000000e+92	
2.299479192673906369000000000000000000000e+91	
1.818380826615870306000000000000000000000e+92	
-5.754354671341148011000000000000000000000e+91	
1.129170415120071255000000000000000000000e+92	
-1.264645878629913852000000000000000000000e+92	
4.403030013878750944000000000000000000000e+91	
-1.953513292362110013000000000000000000000e+92	
-2.482215852796274314000000000000000000000e+91	
1.405558674489298749000000000000000000000e+92	
-9.882576192606863588000000000000000000000e+91	
6.658909325427293238000000000000000000000e+91	
-1.727925361207255784000000000000000000000e+92	
-7.340870065640201516000000000000000000000e+90	
1.529621781681763441000000000000000000000e+92	
-8.641945120682216668000000000000000000000e+91	
8.099187769826998270000000000000000000000e+91	
-1.583897516767285281000000000000000000000e+92	
9.057394522611141622000000000000000000000e+90	
1.713549298146586427000000000000000000000e+92	
-6.802669956033986808000000000000000000000e+91	
9.514039064379516403000000000000000000000e+91	
-1.442412387312033467000000000000000000000e+92	
1.896378098771205871000000000000000000000e+91	
1.770213009686842593000000000000000000000e+92	
-6.236032840631425149000000000000000000000e+91	
1.097690926961137107000000000000000000000e+92	
-1.296125366788848000000000000000000000000e+92	
4.255035367567589674000000000000000000000e+91	
2.095612862493743689000000000000000000000e+92	
-2.982034312562414188000000000000000000000e+91	
1.372266060066450885000000000000000000000e+92	
-1.021550233683534222200000000000000000000e+92	
6.492792439820857069000000000000000000000e+91	
-1.744537049767899401000000000000000000000e+92	
-7.334776491292905269000000000000000000000e+90	
1.546347044302682769000000000000000000000e+92	
-8.474692494473023384000000000000000000000e+91	
7.913672474759262172000000000000000000000e+91	
-1.602449046274058890000000000000000000000e+92	
3.676317971181555004000000000000000000000e+90	
1.624496844007824602000000000000000000000e+92	
-7.693194497421605052000000000000000000000e+91	
9.370271274034904272000000000000000000000e+91	
-1.456789166346494680000000000000000000000e+92	
2.498995422751276803000000000000000000000e+91	
1.905076108340644910000000000000000000000e+92	
-4.887401854093401974000000000000000000000e+91	
1.166803977794116437000000000000000000000e+92	
-1.227012315955868671000000000000000000000e+92	
4.288992614443037894000000000000000000000e+91	
-1.964917032305681318000000000000000000000e+92	
-3.086382235589730542000000000000000000000e+91	
1.296153530010798610000000000000000000000e+92	
-1.097662763739186498000000000000000000000e+92	
5.730392462530995058000000000000000000000e+91	
-1.820777047496885602000000000000000000000e+92	
-1.497151668787044890000000000000000000000e+91	
1.469852301505092364000000000000000000000e+92	
-9.239639922448927431000000000000000000000e+91	
7.152450372186102440000000000000000000000e+91	
-1.678571256531374864000000000000000000000e+92	
-3.898668340264063052000000000000000000000e+90	
1.549119142731080186000000000000000000000e+92	
-8.446971510189049216000000000000000000000e+91	
8.609637289574846196000000000000000000000e+91	
-1.532852564792500488000000000000000000000e+92	
1.731507879091970593000000000000000000000e+91	
1.827642339134296691000000000000000000000e+92	
-5.661739546156884166000000000000000000000e+91	
1.088685534657114159000000000000000000000e+92	
-1.305130759092870949000000000000000000000e+92	
3.500964851167512638000000000000000000000e+91	
-2.043719808633233844000000000000000000000e+92	
-3.881249925065475034000000000000000000000e+91	
1.215983108844239601000000000000000000000e+92	
-1.177833184905745507000000000000000000000e+92	
4.944232188672334666000000000000000000000e+91	
-1.899393074882751641000000000000000000000e+92	
-2.267775740554625589000000000000000000000e+91	
1.394342741350838170000000000000000000000e+92	
-9.994735523991469380000000000000000000000e+91	
6.365521573612829480000000000000000000000e+91	
-1.757264136388702160000000000000000000000e+92	
-1.208612987276306466000000000000000000000e+91	
1.464064375385415285000000000000000000000e+92	
-9.297519183645698227000000000000000000000e+91	
7.827514147730050107000000000000000000000e+91	
-1.611064878976980097000000000000000000000e+92	
1.017775216179424904800000000000000000000e+91	
1.763104717162999401000000000000000000000e+92	
-6.307115765869857066000000000000000000000e+91	
1.030980155126355042000000000000000000000e+92	
-1.362836138623630066000000000000000000000e+92	
2.992199478401157473000000000000000000000e+91	
1.909786103962383926000000000000000000000e+92	
-4.840301897876011812000000000000000000000e+91	
1.173628424716074176000000000000000000000e+92	
-1.220187869033910931000000000000000000000e+92	
4.378371073723544455000000000000000000000e+91	
-1.955979186377630662000000000000000000000e+92	
-2.975880303952621163000000000000000000000e+91	
1.309315019163170123000000000000000000000e+92	
-1.084501274586814984000000000000000000000e+92	
5.817164346110631822000000000000000000000e+91	
-1.812099859138921925000000000000000000000e+92	
-1.455200476234650580000000000000000000000e+91	
1.469567582238650765000000000000000000000e+92	
-9.242487115113343427000000000000000000000e+91	
7.244380309495578415000000000000000000000e+91	
-1.669378262800427266000000000000000000000e+92	
-2.032069342597735110000000000000000000000e+90	
1.577253414549160208000000000000000000000e+92	
-8.165628792008248992000000000000000000000e+91	
8.690294299792658275000000000000000000000e+91	
-1.524786863770719280000000000000000000000e+92	
1.611579056142460274000000000000000000000e+91	
1.795600856031734509000000000000000000000e+92	
-5.982154377182505984000000000000000000000e+91	
1.036605428288088593100000000000000000000e+92	
-1.357210865461896514000000000000000000000e+92	
2.779877280569103660000000000000000000000e+91	
1.861709757341109355000000000000000000000e+92	
-5.321065364088757526000000000000000000000e+91	
1.182407031413548008000000000000000000000e+92	
-1.211409262336437099000000000000000000000e+92	
5.034423725144535549000000000000000000000e+91	
-1.890373921235531553000000000000000000000e+92	
-1.751843876012167268000000000000000000000e+91	
1.488488772890919477000000000000000000000e+92	
-9.053275208590656302000000000000000000000e+91	
7.587090082903637830000000000000000000000e+91	
-1.635107285459621325000000000000000000000e+92	
2.929243151025506904000000000000000000000e+90	
1.642201051789438811000000000000000000000e+92	
-7.516152419605462970000000000000000000000e+91	
9.014485489715630648000000000000000000000e+91	
-1.492367744778422043000000000000000000000e+92	
1.610646947515782136000000000000000000000e+91	
1.763011495650677529000000000000000000000e+92	
-6.308047980993075786000000000000000000000e+91	
1.045286399797476314800000000000000000000e+92	
-1.348529893952508793000000000000000000000e+92	
3.279184925453947281000000000000000000000e+91	
1.952869786118896500000000000000000000000e+92	
-4.409465076310886075000000000000000000000e+91	
1.186221518788705514000000000000000000000e+92	
-1.207594774961279593000000000000000000000e+92	
4.199547875420939520000000000000000000000e+91	
-1.973861506207891156000000000000000000000e+92	
-3.459305974991248552000000000000000000000e+91	
1.230527363867052362000000000000000000000e+92	
-1.163288929882932746000000000000000000000e+92	
5.674431593286938276000000000000000000000e+91	
-1.826373134421291280000000000000000000000e+92	
-9.531104961551302001000000000000000000000e+90	
1.584226762791976134000000000000000000000e+92	
-8.095895309580089732000000000000000000000e+91	
8.703037547818668632000000000000000000000e+91	
-1.523512538968118244000000000000000000000e+92	
1.567360431965474327000000000000000000000e+91	
1.785485641202155240000000000000000000000e+92	
-6.083306525478298680000000000000000000000e+91	
1.020799694444256762800000000000000000000e+92	
-1.373016599305728345000000000000000000000e+92	
2.564943071863623430000000000000000000000e+91	
1.834531480021993777000000000000000000000e+92	
-5.592848137279913309000000000000000000000e+91	
1.167292004666398390000000000000000000000e+92	
-1.226524289083586717000000000000000000000e+92	
5.003845928490451244000000000000000000000e+91	
-1.893431700900939983000000000000000000000e+92	
-1.661909206873654124000000000000000000000e+91	
1.509527488867805944000000000000000000000e+92	
-8.842888048821791639000000000000000000000e+91	
7.917869787988303078000000000000000000000e+91	
-1.602029314951154800000000000000000000000e+92	
7.440366500213218380000000000000000000000e+90	
1.699339559698356479000000000000000000000e+92	
-6.944767340516286282000000000000000000000e+91	
9.330656996187711577000000000000000000000e+91	
-1.460750594131213950000000000000000000000e+92	
1.671731892923680194000000000000000000000e+91	
1.743624028919385372000000000000000000000e+92	
-6.501922648305997352000000000000000000000e+91	
1.079863092008019549000000000000000000000e+92	
-1.313953201741965559000000000000000000000e+92	
4.164324874786522378000000000000000000000e+91	
2.095294240921219864000000000000000000000e+92	
-2.985220528287652436000000000000000000000e+91	
1.380695510398902321000000000000000000000e+92	
-1.013120783351082786700000000000000000000e+92	
6.664524125866461452000000000000000000000e+91	
-1.727363881163338962000000000000000000000e+92	
-4.743522950246337538000000000000000000000e+90	
1.580994597218434392000000000000000000000e+92	
-8.128216965315507161000000000000000000000e+91	
8.159890383156667930000000000000000000000e+91	
-1.577827255434318315000000000000000000000e+92	
5.136419797354614364000000000000000000000e+90	
1.629082076706434136000000000000000000000e+92	
-7.647342170435509712000000000000000000000e+91	
9.627950881144539772000000000000000000000e+91	
-1.431021205635531130000000000000000000000e+92	
2.968396890388147464000000000000000000000e+91	
1.973177904443816920000000000000000000000e+92	
-4.206383893061681871000000000000000000000e+91	
1.256056891767317084000000000000000000000e+92	
-1.137759401982668024000000000000000000000e+92	
5.392927670592490766000000000000000000000e+91	
-1.854523526690736031000000000000000000000e+92	
-1.771146472920033198000000000000000000000e+91	
1.448796661176029923000000000000000000000e+92	
-9.450196325739551844000000000000000000000e+91	
6.812738374055958716000000000000000000000e+91	
-1.712542456344389236000000000000000000000e+92	
-8.586701504276167082000000000000000000000e+90	
1.489336103721859353000000000000000000000e+92	
-9.044801900281257546000000000000000000000e+91	
8.285576362796221136000000000000000000000e+91	
-1.565258657470362994000000000000000000000e+92	
1.681080169406481786000000000000000000000e+91	
1.849949272033551079000000000000000000000e+92	
-5.438670217164340284000000000000000000000e+91	
1.138328560359821044000000000000000000000e+92	
-1.255487733390164064000000000000000000000e+92	
4.270619993323475944000000000000000000000e+91	
-1.966754294417637513000000000000000000000e+92	
-2.838505872982089264000000000000000000000e+91	
1.347552814292219529000000000000000000000e+92	
-1.046263479457765578300000000000000000000e+92	
5.855193504068024000000000000000000000000e+91	
-1.808296943343182708000000000000000000000e+92	
-1.761348740336732587000000000000000000000e+91	
1.404552142221262216000000000000000000000e+92	
-9.892641515287228919000000000000000000000e+91	
7.322865198566833640000000000000000000000e+91	
-1.661529773893301744000000000000000000000e+92	
6.035546238139249136000000000000000000000e+90	
1.730720993278943443000000000000000000000e+92	
-6.630953004710416647000000000000000000000e+91	
1.007630268507182608700000000000000000000e+92	
-1.386186025242802499000000000000000000000e+92	
2.848994026367703615000000000000000000000e+91	
1.904490406563247204000000000000000000000e+92	
-4.893258871867379040000000000000000000000e+91	
1.149247337075833019000000000000000000000e+92	
-1.244568956674152089000000000000000000000e+92	
3.943801276733650339000000000000000000000e+91	
-1.999436166076620074000000000000000000000e+92	
-3.601114086975820857000000000000000000000e+91	
1.227734730988350546000000000000000000000e+92	
-1.166081562761634562000000000000000000000e+92	
5.405620139499690813000000000000000000000e+91	
-1.853254279800016026000000000000000000000e+92	
-1.462687194195326478000000000000000000000e+91	
1.509204550671311989000000000000000000000e+92	
-8.846117430786731183000000000000000000000e+91	
7.712289764900994998000000000000000000000e+91	
-1.622587317259885608000000000000000000000e+92	
3.362066891907712523000000000000000000000e+90	
1.638341635167208410000000000000000000000e+92	
-7.554746585827766974000000000000000000000e+91	
9.149157397172652944000000000000000000000e+91	
-1.478900554032719813000000000000000000000e+92	
1.918498699722930328000000000000000000000e+91	
1.811106036744819332000000000000000000000e+92	
-5.827102570051657761000000000000000000000e+91	
1.056697240926640949000000000000000000000e+92	
-1.337119052823344159000000000000000000000e+92	
3.026638900023469404000000000000000000000e+91	
1.890967987110833230000000000000000000000e+92	
-5.028483066391518780000000000000000000000e+91	
1.201932212380815321000000000000000000000e+92	
-1.191884081369169786000000000000000000000e+92	
5.132393485033218880000000000000000000000e+91	
-1.880576945246663220000000000000000000000e+92	
-1.751107751773036380000000000000000000000e+91	
1.478843860753905948000000000000000000000e+92	
-9.149724329960791590000000000000000000000e+91	
7.393504081882350232000000000000000000000e+91	
-1.654465885561750084000000000000000000000e+92	
2.249776318059892327000000000000000000000e+88	
1.603429575917644557000000000000000000000e+92	
-7.903867178323405503000000000000000000000e+91	
8.832587062749070514000000000000000000000e+91	
-1.510557587475078056000000000000000000000e+92	
1.634462424159171452000000000000000000000e+91	
1.785954195959386150000000000000000000000e+92	
-6.078620977905989576000000000000000000000e+91	
1.024699989515497314600000000000000000000e+92	
-1.369116304234487793000000000000000000000e+92	
2.638246347052872200000000000000000000000e+91	
1.845290132972227204000000000000000000000e+92	
-5.485261607777579038000000000000000000000e+91	
1.170783352905723631000000000000000000000e+92	
-1.223032940844261476000000000000000000000e+92	
4.966122530803178194000000000000000000000e+91	
-1.897204040669667288000000000000000000000e+92	
-1.772233335612055697000000000000000000000e+91	
1.491238615992771464000000000000000000000e+92	
-9.025776777572136432000000000000000000000e+91	
7.662452572283948150000000000000000000000e+91	
-1.627571036521590293000000000000000000000e+92	
4.161270424485883644000000000000000000000e+90	
1.659302967466473650000000000000000000000e+92	
-7.345133262835114575000000000000000000000e+91	
9.084115945393805376000000000000000000000e+91	
-1.485404699210604570000000000000000000000e+92	
1.578939159983949929000000000000000000000e+91	
1.749711935853583698000000000000000000000e+92	
-6.441043578964014101000000000000000000000e+91	
1.053432729508069906000000000000000000000e+92	
-1.340383564241915202000000000000000000000e+92	
3.575000388370674920000000000000000000000e+91	
2.003875881376610614000000000000000000000e+92	
-3.899404123733744940000000000000000000000e+91	
1.256807407139985910000000000000000000000e+92	
-1.137008886609999198000000000000000000000e+92	
5.101107247562519099000000000000000000000e+91	
-1.883705568993733198000000000000000000000e+92	
-2.362143508033900138000000000000000000000e+91	
1.359794185510039498000000000000000000000e+92	
-1.034022108239945609700000000000000000000e+92	
6.551754446929278004000000000000000000000e+91	
-1.738640849057057307000000000000000000000e+92	
-4.909263013269296536000000000000000000000e+90	
1.588951976503732334000000000000000000000e+92	
-8.048643172462527732000000000000000000000e+91	
8.335564125510395480000000000000000000000e+91	
-1.560259881198945560000000000000000000000e+92	
7.853678457486378030000000000000000000000e+90	
1.665855095469704961000000000000000000000e+92	
-7.279611982802801464000000000000000000000e+91	
9.792083178089307264000000000000000000000e+91	
-1.414607975941054381000000000000000000000e+92	
2.929032620739929342000000000000000000000e+91	
1.948901948186619684000000000000000000000e+92	
-4.449143455633654236000000000000000000000e+91	
1.211451528544603819000000000000000000000e+92	
-1.182364765205381289000000000000000000000e+92	
4.743681141603240722000000000000000000000e+91	
-1.919448179589661035000000000000000000000e+92	
-2.623484776128839806000000000000000000000e+91	
1.343263760654906933000000000000000000000e+92	
-1.050552533095078175000000000000000000000e+92	
6.183501814056013580000000000000000000000e+91	
-1.775466112344383750000000000000000000000e+92	
-1.062026317665522025200000000000000000000e+91	
1.511567331582515713000000000000000000000e+92	
-8.822489621674693944000000000000000000000e+91	
7.607065381666682692000000000000000000000e+91	
-1.633109755583316838000000000000000000000e+92	
1.021942391849279166000000000000000000000e+90	
1.602067992855630212000000000000000000000e+92	
-7.917483008943548958000000000000000000000e+91	
9.059232239617025308000000000000000000000e+91	
-1.487893069788282577000000000000000000000e+92	
2.101249038371084493000000000000000000000e+91	
1.856635050051178141000000000000000000000e+92	
-5.371812436988069670000000000000000000000e+91	
1.109700812650478627000000000000000000000e+92	
-1.284115481099506481000000000000000000000e+92	
3.631383002973314524000000000000000000000e+91	
-2.030677993452653655000000000000000000000e+92	
-3.830526720038143390000000000000000000000e+91	
1.213089900829250336000000000000000000000e+92	
-1.180726392920734771000000000000000000000e+92	
5.083853975354393406000000000000000000000e+91	
-1.885430896214545767000000000000000000000e+92	
-1.959683970856659407000000000000000000000e+91	
1.441990532415249015000000000000000000000e+92	
-9.518257613347360927000000000000000000000e+91	
6.865093339657892866000000000000000000000e+91	
-1.707306959784195821000000000000000000000e+92	
-6.859588588963036830000000000000000000000e+90	
1.518636875722281211000000000000000000000e+92	
-8.751794180277038963000000000000000000000e+91	
8.323695735885382066000000000000000000000e+91	
-1.561446720161446901000000000000000000000e+92	
1.464438045279170874000000000000000000000e+91	
1.802821588556131208000000000000000000000e+92	
-5.909947051938538996000000000000000000000e+91	
1.065750078164913507000000000000000000000e+92	
-1.328066215585071601000000000000000000000e+92	
3.290453844605347599000000000000000000000e+91	
1.934669514875870016000000000000000000000e+92	
-4.591467788741150912000000000000000000000e+91	
1.208933395694996685000000000000000000000e+92	
-1.184882898054988423000000000000000000000e+92	
4.835584519428356043000000000000000000000e+91	
-1.910257841807149503000000000000000000000e+92	
-2.414554961259597980000000000000000000000e+91	
1.375853561818411675000000000000000000000e+92	
-1.017962731931573432700000000000000000000e+92	
6.261508178990577171000000000000000000000e+91	
-1.767665475850927390000000000000000000000e+92	
-1.231788231764591146000000000000000000000e+91	
1.469826642896320274000000000000000000000e+92	
-9.239896508536648338000000000000000000000e+91	
7.714126971042327250000000000000000000000e+91	
-1.622403596645752383000000000000000000000e+92	
7.334632937753729766000000000000000000000e+90	
1.717589556723550470000000000000000000000e+92	
-6.762267370264346374000000000000000000000e+91	
9.683895286271040496000000000000000000000e+91	
-1.425426765122881058000000000000000000000e+92	
2.195623531890651613000000000000000000000e+91	
1.813070034838401238000000000000000000000e+92	
-5.807462589115838693000000000000000000000e+91	
1.113130837388103558000000000000000000000e+92	
-1.280685456361881550000000000000000000000e+92	
4.135399770716903720000000000000000000000e+91	
-1.980276316678294736000000000000000000000e+92	
-2.857027194669806226000000000000000000000e+91	
1.357364764487916678000000000000000000000e+92	
-1.036451529262068429400000000000000000000e+92	
6.069895781298693164000000000000000000000e+91	
-1.786826715620115791000000000000000000000e+92	
-1.430121707314556078000000000000000000000e+91	
1.449321522041854633000000000000000000000e+92	
-9.444947717081304749000000000000000000000e+91	
7.523563939394347523000000000000000000000e+91	
-1.641459899810550355000000000000000000000e+92	
5.573812287263229936000000000000000000000e+90	
1.701428726207597647000000000000000000000e+92	
-6.923875675423874604000000000000000000000e+91	
9.536753537878170198000000000000000000000e+91	
-1.440140939962168088000000000000000000000e+92	
2.062941140726336402000000000000000000000e+91	
1.801247011849313298000000000000000000000e+92	
-5.925692819006718097000000000000000000000e+91	
1.098266326013369438000000000000000000000e+92	
-1.295549967736615670000000000000000000000e+92	
3.956354909618533209000000000000000000000e+91	
2.035316522571022850000000000000000000000e+92	
-3.584997711789622572000000000000000000000e+91	
1.281556569195214008000000000000000000000e+92	
-1.112259724554771100000000000000000000000e+92	
5.281717378053608425000000000000000000000e+91	
-1.865644555944624265000000000000000000000e+92	
-2.248381582846347357000000000000000000000e+91	
1.364488884317731320000000000000000000000e+92	
-1.029327409432253787100000000000000000000e+92	
6.739988577843304878000000000000000000000e+91	
-1.719817435965654620000000000000000000000e+92	
-1.614753416238845655000000000000000000000e+90	
1.636011727447432270000000000000000000000e+92	
-7.578045663025528376000000000000000000000e+91	
8.947237940601908096000000000000000000000e+91	
-1.499092499689794298000000000000000000000e+92	
1.538047757373430474000000000000000000000e+91	
1.755216678867469918000000000000000000000e+92	
-6.385996148825151895000000000000000000000e+91	
1.038633696400958460700000000000000000000e+92	
-1.355182597349026647000000000000000000000e+92	
3.224073341426191467000000000000000000000e+91	
1.948499604599785650000000000000000000000e+92	
-4.453166891501994581000000000000000000000e+91	
1.181157652759547258000000000000000000000e+92	
-1.212658640990437849000000000000000000000e+92	
4.141975822272662630000000000000000000000e+91	
-1.979618711522718844000000000000000000000e+92	
-3.523807970470510956000000000000000000000e+91	
1.223384514966877335000000000000000000000e+92	
-1.170431778783107772000000000000000000000e+92	
5.617752763779522880000000000000000000000e+91	
-1.832041017372032820000000000000000000000e+92	
-9.950470065973947585000000000000000000000e+90	
1.581506609976655638000000000000000000000e+92	
-8.123096837733294700000000000000000000000e+91	
8.690563668829709748000000000000000000000e+91	
-1.524759926867014133000000000000000000000e+92	
1.569606872665402032000000000000000000000e+91	
1.787181584658265775000000000000000000000e+92	
-6.066347090917193328000000000000000000000e+91	
1.023966205068295693500000000000000000000e+92	
-1.369850088681689414000000000000000000000e+92	
2.611306531245429257000000000000000000000e+91	
1.840636929784748653000000000000000000000e+92	
-5.531793639652364546000000000000000000000e+91	
1.170281257760283574000000000000000000000e+92	
-1.223535035989701534000000000000000000000e+92	
5.002592001045046425000000000000000000000e+91	
-1.893557093645480465000000000000000000000e+92	
-1.694294092116852278000000000000000000000e+91	
1.503177453850938412000000000000000000000e+92	
-8.906388398990466958000000000000000000000e+91	
7.823269458056158128000000000000000000000e+91	
-1.611489347944369295000000000000000000000e+92	
6.183518177812504488000000000000000000000e+90	
1.683664173218849012000000000000000000000e+92	
-7.101521205311360958000000000000000000000e+91	
9.239842618244138303000000000000000000000e+91	
-1.469832031925571277000000000000000000000e+92	
1.646824185878536423000000000000000000000e+91	
1.747720645342550251000000000000000000000e+92	
-6.460956484074348568000000000000000000000e+91	
1.070018228303017417000000000000000000000e+92	
-1.323798065446967690000000000000000000000e+92	
3.926530818698997158000000000000000000000e+91	
2.057587228180203049000000000000000000000e+92	
-3.362290655697820585000000000000000000000e+91	
1.329067821845896301000000000000000000000e+92	
-1.064748471904088807000000000000000000000e+92	
6.009109760924313256000000000000000000000e+91	
-1.792905317657553782000000000000000000000e+92	
-1.268834895148843626000000000000000000000e+91	
1.487646434664748422000000000000000000000e+92	
-9.061698590852366854000000000000000000000e+91	
7.436723630866053821000000000000000000000e+91	
-1.650143930663379726000000000000000000000e+92	
6.854337708396272106000000000000000000000e+87	
1.598796981259481360000000000000000000000e+92	
-7.950193124905037474000000000000000000000e+91	
8.881019055258389464000000000000000000000e+91	
-1.505714388224146161000000000000000000000e+92	
1.777605197793391116000000000000000000000e+91	
1.809734837985591838000000000000000000000e+92	
-5.840814557643932698000000000000000000000e+91	
1.048272006589236995700000000000000000000e+92	
-1.345544287160748112000000000000000000000e+92	
2.871881306524620193000000000000000000000e+91	
1.868445211567067764000000000000000000000e+92	
-5.253710821829173441000000000000000000000e+91	
1.194348129577642344000000000000000000000e+92	
-1.199468164172342764000000000000000000000e+92	
5.205865239358127490000000000000000000000e+91	
-1.873229769814172359000000000000000000000e+92	
-1.528397723141648554000000000000000000000e+91	
1.516031263940748375000000000000000000000e+92	
-8.777850298092367330000000000000000000000e+91	
7.914467882880688061000000000000000000000e+91	
-1.602369505461916302000000000000000000000e+92	
6.722291492831002960000000000000000000000e+90	
1.685321654387051033000000000000000000000e+92	
-7.084946393629340748000000000000000000000e+91	
9.335310484266098845000000000000000000000e+91	
-1.460285245323375223000000000000000000000e+92	
1.821145843715159235000000000000000000000e+91	
1.773034266009120169000000000000000000000e+92	
-6.207820277408649390000000000000000000000e+91	
1.078624095361596929000000000000000000000e+92	
-1.315192198388388179000000000000000000000e+92	
3.845595102298791250000000000000000000000e+91	
2.032802528612910766000000000000000000000e+92	
-3.610137651370743412000000000000000000000e+91	
1.287600300986657916000000000000000000000e+92	
-1.106215992763327191000000000000000000000e+92	
5.427689364426286827000000000000000000000e+91	
-1.851047357307356425000000000000000000000e+92	
-2.016917495857561222000000000000000000000e+91	
1.396180248412471586000000000000000000000e+92	
-9.976360453375135217000000000000000000000e+91	
6.875701997700235009000000000000000000000e+91	
-1.706246093979961607000000000000000000000e+92	
-2.068719653592943398000000000000000000000e+90	
1.613370073976628559000000000000000000000e+92	
-7.804462197733565483000000000000000000000e+91	
8.539891582684858001000000000000000000000e+91	
-1.539827135481499308000000000000000000000e+92	
9.498616191772053336000000000000000000000e+90	
1.678323086831768814000000000000000000000e+92	
-7.154932069182162937000000000000000000000e+91	
1.000082325901811049100000000000000000000e+92	
-1.393733967848174058000000000000000000000e+92	
3.221791034946369704000000000000000000000e+91	
1.986575441613919047000000000000000000000e+92	
-4.072408521360660602000000000000000000000e+91	
1.257518494738359022000000000000000000000e+92	
-1.136297799011626086000000000000000000000e+92	
5.288243759602078980000000000000000000000e+91	
-1.864991917789777210000000000000000000000e+92	
-1.995070952883602128000000000000000000000e+91	
1.414486090500384449000000000000000000000e+92	
-9.793302032496006588000000000000000000000e+91	
6.717461573755098722000000000000000000000e+91	
-1.722070136374475235000000000000000000000e+92	
-7.062413807159475128000000000000000000000e+90	
1.529337210188031100000000000000000000000e+92	
-8.644790835619540078000000000000000000000e+91	
8.161275003827998056000000000000000000000e+91	
-1.577688793367185302000000000000000000000e+92	
1.032727320168774711300000000000000000000e+91	
1.732734918433067220000000000000000000000e+92	
-6.610813753169178872000000000000000000000e+91	
9.687612054535115209000000000000000000000e+91	
-1.425055088296473587000000000000000000000e+92	
2.051676975182101473000000000000000000000e+91	
1.783916395397086039000000000000000000000e+92	
-6.098998983528990690000000000000000000000e+91	
1.115239895553112741000000000000000000000e+92	
-1.278576398196872367000000000000000000000e+92	
4.468961744080605266000000000000000000000e+91	
-1.946920119341924581000000000000000000000e+92	
-2.211149336512818772000000000000000000000e+91	
1.453168595829988526000000000000000000000e+92	
-9.406476979199965813000000000000000000000e+91	
7.339939197805850050000000000000000000000e+91	
-1.659822373969400103000000000000000000000e+92	
1.517715374155050861000000000000000000000e+90	
1.638680309578325843000000000000000000000e+92	
-7.551359841716592648000000000000000000000e+91	
8.755192680947942558000000000000000000000e+91	
-1.518297025655190852000000000000000000000e+92	
1.127380272151589565000000000000000000000e+91	
1.692298587910619641000000000000000000000e+92	
-7.015177058393654666000000000000000000000e+91	
1.022028077066821149100000000000000000000e+92	
-1.371788216683163958000000000000000000000e+92	
3.520911382097392823000000000000000000000e+91	
2.024449795317063389000000000000000000000e+92	
-3.693664984329217182000000000000000000000e+91	
1.303351204840529885000000000000000000000e+92	
-1.090465088909455222000000000000000000000e+92	
5.826114818444425298000000000000000000000e+91	
-1.811204811905542578000000000000000000000e+92	
-1.377695522679540159000000000000000000000e+91	
1.484170113981160956000000000000000000000e+92	
-9.096461797688241516000000000000000000000e+91	
7.245250384936624832000000000000000000000e+91	
-1.669291255256322624000000000000000000000e+92	
-3.474198617266668276000000000000000000000e+90	
1.548331041824182640000000000000000000000e+92	
-8.454852519258024674000000000000000000000e+91	
8.708238342929216218000000000000000000000e+91	
-1.522992459457063486000000000000000000000e+92	
1.936538002186081047000000000000000000000e+91	
1.858782961786595530000000000000000000000e+92	
-5.350333319633895772000000000000000000000e+91	
1.130458473657177164000000000000000000000e+92	
-1.263357820092807944000000000000000000000e+92	
4.024964491041049249000000000000000000000e+91	
-1.991319844645880183000000000000000000000e+92	
-3.251032922590370564000000000000000000000e+91	
1.289621259256801549000000000000000000000e+92	
-1.104195034493183559000000000000000000000e+92	
5.455024372202344338000000000000000000000e+91	
-1.848313856529750674000000000000000000000e+92	
-1.982460609100825065000000000000000000000e+91	
1.400337770553296667000000000000000000000e+92	
-9.934785231966884409000000000000000000000e+91	
6.902161960435996018000000000000000000000e+91	
-1.703600097706385506000000000000000000000e+92	
-1.955197389199300096000000000000000000000e+90	
1.612995274854170128000000000000000000000e+92	
-7.808210188958149800000000000000000000000e+91	
8.521050888686986442000000000000000000000e+91	
-1.541711204881286463000000000000000000000e+92	
9.159357335568000378000000000000000000000e+90	
1.673422729848743581000000000000000000000e+92	
-7.203935639012415269000000000000000000000e+91	
9.983783377282966928000000000000000000000e+91	
-1.395437956021688415000000000000000000000e+92	
3.236698934011045502000000000000000000000e+91	
1.991259419662493925000000000000000000000e+92	
-4.025568740874911822000000000000000000000e+91	
1.265394071782427750000000000000000000000e+92	
-1.128422221967557358000000000000000000000e+92	
5.398899636440236540000000000000000000000e+91	
-1.853926330105961454000000000000000000000e+92	
-1.852530845300713149000000000000000000000e+91	
1.431926937557953870000000000000000000000e+92	
-9.618893561920312381000000000000000000000e+91	
6.824215729390930062000000000000000000000e+91	
-1.711394720810892101000000000000000000000e+92	
-6.671078706523370128000000000000000000000e+90	
1.526491861898317077000000000000000000000e+92	
-8.673244318516680305000000000000000000000e+91	
8.275843648747368740000000000000000000000e+91	
-1.566231928875248234000000000000000000000e+92	
1.290246915410573887000000000000000000000e+91	
1.772774858782355417000000000000000000000e+92	
-6.210414349676296904000000000000000000000e+91	
1.023082015961285033400000000000000000000e+92	
-1.370734277788700074000000000000000000000e+92	
2.737622710565952618000000000000000000000e+91	
1.866777628375196226000000000000000000000e+92	
-5.270386653747888818000000000000000000000e+91	
1.167807555443787520000000000000000000000e+92	
-1.226008738306197587000000000000000000000e+92	
4.691853373442880848000000000000000000000e+91	
-1.924630956405697023000000000000000000000e+92	
-2.290891990394180949000000000000000000000e+91	
1.414945963248401821000000000000000000000e+92	
-9.788703305015832867000000000000000000000e+91	
6.655379736410223428000000000000000000000e+91	
-1.728278320108962765000000000000000000000e+92	
-8.349705981222180436000000000000000000000e+90	
1.509802867266131044000000000000000000000e+92	
-8.840134264838540640000000000000000000000e+91	
8.107120748445628389000000000000000000000e+91	
-1.583104218905422269000000000000000000000e+92	
1.119691973330956034000000000000000000000e+91	
1.755536251571408687000000000000000000000e+92	
-6.382800421785764209000000000000000000000e+91	
1.005660386876780716300000000000000000000e+92	
-1.388155906873204391000000000000000000000e+92	
2.561577111826092978000000000000000000000e+91	
1.848990228750474847000000000000000000000e+92	
-5.448260649995102610000000000000000000000e+91	
1.150430945151615383000000000000000000000e+92	
-1.243385348598369724000000000000000000000e+92	
4.522193119480804085000000000000000000000e+91	
-1.941596981801904699000000000000000000000e+92	
-2.456448438745036357000000000000000000000e+91	
1.398800494741286440000000000000000000000e+92	
-9.950157990086986677000000000000000000000e+91	
6.498024773303657050000000000000000000000e+91	
-1.744013816419619402000000000000000000000e+92	
-9.882278795634150505000000000000000000000e+90	
1.494886703360164557000000000000000000000e+92	
-8.989295903898205507000000000000000000000e+91	
7.949495678881303152000000000000000000000e+91	
-1.598866725861854792000000000000000000000e+92	
9.536076852380038892000000000000000000000e+90	
1.738082321897237445000000000000000000000e+92	
-6.557339718527476622000000000000000000000e+91	
9.873613771162088006000000000000000000000e+91	
-1.406454916633776307000000000000000000000e+92	
2.370140419047032249000000000000000000000e+91	
1.829002320314998248000000000000000000000e+92	
-5.648139734349868598000000000000000000000e+91	
1.132256017463072721000000000000000000000e+92	
-1.261560276286912387000000000000000000000e+92	
4.358564627445050139000000000000000000000e+91	
-1.957959831005480094000000000000000000000e+92	
-2.601965164060526303000000000000000000000e+91	
1.386059097517626457000000000000000000000e+92	
-1.007757196232358650300000000000000000000e+92	
6.388704544990370582000000000000000000000e+91	
-1.754945839250948049000000000000000000000e+92	
-1.079463368625399703000000000000000000000e+91	
1.487570728360029032000000000000000000000e+92	
-9.062455653899560761000000000000000000000e+91	
7.838194411893706916000000000000000000000e+91	
-1.609996852560614416000000000000000000000e+92	
8.041838830653791187000000000000000000000e+90	
1.719329585396930811000000000000000000000e+92	
-6.744867083530542968000000000000000000000e+91	
9.648001806241234031000000000000000000000e+91	
-1.429016113125861704000000000000000000000e+92	
2.106462807683824312000000000000000000000e+91	
1.798829888938731197000000000000000000000e+92	
-5.949864048112539105000000000000000000000e+91	
1.110173242862824729000000000000000000000e+92	
-1.283643050887160378000000000000000000000e+92	
4.218593189593559472000000000000000000000e+91	
-1.971956974790629160000000000000000000000e+92	
-2.661120533334324375000000000000000000000e+91	
1.388221145493280321000000000000000000000e+92	
-1.005595148256704786300000000000000000000e+92	
6.491060674245852443000000000000000000000e+91	
-1.744710226325399863000000000000000000000e+92	
-8.964117693963522608000000000000000000000e+90	
1.513941419327357474000000000000000000000e+92	
-8.798748744226276333000000000000000000000e+91	
7.930915307202253613000000000000000000000e+91	
-1.600724763029759746000000000000000000000e+92	
7.260038582265064230000000000000000000000e+90	
1.694429996085169356000000000000000000000e+92	
-6.993862976648157516000000000000000000000e+91	
9.347342601807610126000000000000000000000e+91	
-1.459082033569224095000000000000000000000e+92	
1.754166003095750538000000000000000000000e+91	
1.758439018301074299000000000000000000000e+92	
-6.353772754489108082000000000000000000000e+91	
1.080755594129517131000000000000000000000e+92	
-1.313060699620467977000000000000000000000e+92	
4.034094311122384812000000000000000000000e+91	
-1.990406862637746626000000000000000000000e+92	
-2.735996385947466011000000000000000000000e+91	
1.391690407233802226000000000000000000000e+92	
-1.002125886516182881100000000000000000000e+92	
6.635267232980442874000000000000000000000e+91	
-1.730289570451940820000000000000000000000e+92	
-6.427457708842154617000000000000000000000e+90	
1.550248515713509874000000000000000000000e+92	
-8.435677780364752338000000000000000000000e+91	
8.062044910343772602000000000000000000000e+91	
-1.587611802715607847000000000000000000000e+92	
6.253075303726535551000000000000000000000e+90	
1.661189307428145964000000000000000000000e+92	
-7.326269863218391433000000000000000000000e+91	
9.505579513962748740000000000000000000000e+91	
-1.443258342353710234000000000000000000000e+92	
2.402802536403085316000000000000000000000e+91	
1.872318228141638512000000000000000000000e+92	
-5.214980656083465952000000000000000000000e+91	
1.110919021360678754000000000000000000000e+92	
-1.282897272389306354000000000000000000000e+92	
3.498987383753829414000000000000000000000e+91	
-2.043917555374602166000000000000000000000e+92	
-4.107428093923848328000000000000000000000e+91	
1.170956379558783341000000000000000000000e+92	
-1.222859914191201766000000000000000000000e+92	
4.968644065883448736000000000000000000000e+91	
-1.896951887161640234000000000000000000000e+92	
-1.768920925770911488000000000000000000000e+91	
1.491648905093690506000000000000000000000e+92	
-9.021673886562946014000000000000000000000e+91	
7.667345551064239902000000000000000000000e+91	
-1.627081738643561117000000000000000000000e+92	
4.218097157988120508000000000000000000000e+90	
1.659950164957940267000000000000000000000e+92	
-7.338661287920448408000000000000000000000e+91	
9.088909386153331205000000000000000000000e+91	
-1.484925355134651987000000000000000000000e+92	
1.582054901940575709000000000000000000000e+91	
1.749855823662607466000000000000000000000e+92	
-6.439604700873776420000000000000000000000e+91	
1.053931172503020277800000000000000000000e+92	
-1.339885121246964830000000000000000000000e+92	
3.583528605672791316000000000000000000000e+91	
2.005082905479231432000000000000000000000e+92	
-3.887333882707536758000000000000000000000e+91	
1.258368457339933931000000000000000000000e+92	
-1.135447836410051176000000000000000000000e+92	
5.120256248661718520000000000000000000000e+91	
-1.881790668883813256000000000000000000000e+92	
-2.339457768831701640000000000000000000000e+91	
1.362416257228525643000000000000000000000e+92	
-1.031400036521459464500000000000000000000e+92	
6.570461383221668748000000000000000000000e+91	
-1.736770155427818233000000000000000000000e+92	
-4.797294065609158477000000000000000000000e+90	
1.589321035578208694000000000000000000000e+92	
-8.044952581717764130000000000000000000000e+91	
8.331752147879000700000000000000000000000e+91	
-1.560641078962085038000000000000000000000e+92	
7.740570335270707872000000000000000000000e+90	
1.663974503981310848000000000000000000000e+92	
-7.298417897686742597000000000000000000000e+91	
9.789158894572891596000000000000000000000e+91	
-1.414900404292695948000000000000000000000e+92	
2.941982064816009790000000000000000000000e+91	
1.951783475369319554000000000000000000000e+92	
-4.420328183806655538000000000000000000000e+91	
1.215918848911387476000000000000000000000e+92	
-1.177897444838597632000000000000000000000e+92	
4.804204385131369604000000000000000000000e+91	
-1.913395855236848147000000000000000000000e+92	
-2.547119380793377563000000000000000000000e+91	
1.352483726956453860000000000000000000000e+92	
-1.041332566793531247400000000000000000000e+92	
6.242078957182791946000000000000000000000e+91	
-1.769608398031705913000000000000000000000e+92	
-1.037054961585132671400000000000000000000e+91	
1.510705560937406574000000000000000000000e+92	
-8.831107328125785333000000000000000000000e+91	
7.669518686017561196000000000000000000000e+91	
-1.626864425148228988000000000000000000000e+92	
2.356831845909607759000000000000000000000e+90	
1.622516916287304561000000000000000000000e+92	
-7.712993774626805462000000000000000000000e+91	
9.113240996981789266000000000000000000000e+91	
-1.482492194051806181000000000000000000000e+92	
2.004852208057451177000000000000000000000e+91	
1.831962293452335647000000000000000000000e+92	
-5.618540002976494603000000000000000000000e+91	
1.070002463959374866000000000000000000000e+92	
-1.323813829790610241000000000000000000000e+92	
3.084218372658966376000000000000000000000e+91	
1.889182414640607588000000000000000000000e+92	
-5.046338791093775198000000000000000000000e+91	
1.216107751872227401000000000000000000000e+92	
-1.177708541877757706000000000000000000000e+92	
5.433680566264161234000000000000000000000e+91	
-1.850448237123568984000000000000000000000e+92	
-1.290368377993443603000000000000000000000e+91	
1.540855091961084590000000000000000000000e+92	
-8.529612017889005177000000000000000000000e+91	
8.172910017481929240000000000000000000000e+91	
-1.576525292001792184000000000000000000000e+92	
9.408700601534247011000000000000000000000e+90	
1.713205115540833951000000000000000000000e+92	
-6.806111782091511566000000000000000000000e+91	
9.592203849471580618000000000000000000000e+91	
-1.434595908802827046000000000000000000000e+92	
2.056108882037997876000000000000000000000e+91	
1.794338628554683977000000000000000000000e+92	
-5.994776651953011304000000000000000000000e+91	
1.104536898310286908000000000000000000000e+92	
-1.289279395439698200000000000000000000000e+92	
4.150784601097373522000000000000000000000e+91	
-1.978737833640247755000000000000000000000e+92	
-2.740368568923280692000000000000000000000e+91	
1.379152966529445119000000000000000000000e+92	
-1.014663327220539988900000000000000000000e+92	
6.388950820768240892000000000000000000000e+91	
-1.754921211673161018000000000000000000000e+92	
-1.009943999334921644200000000000000000000e+91	
1.501446527142192450000000000000000000000e+92	
-8.923697666077926581000000000000000000000e+91	
7.830287451410247682000000000000000000000e+91	
-1.610787548608960339000000000000000000000e+92	
6.496849646850212208000000000000000000000e+90	
1.689227793177528077000000000000000000000e+92	
-7.045885005724570302000000000000000000000e+91	
9.243989444948493121000000000000000000000e+91	
-1.469417349255135796000000000000000000000e+92	
1.599507264298477456000000000000000000000e+91	
1.737845139540651875000000000000000000000e+92	
-6.559711542093332326000000000000000000000e+91	
1.071038040146708752000000000000000000000e+92	
-1.322778253603276355000000000000000000000e+92	
4.045627891114555393000000000000000000000e+91	
2.080381411270375171000000000000000000000e+92	
-3.134348824796099362000000000000000000000e+91	
1.362741063932571535000000000000000000000e+92	
-1.031075229817413572500000000000000000000e+92	
6.454578630192882999000000000000000000000e+91	
-1.748358430730696808000000000000000000000e+92	
-7.146836920971549942000000000000000000000e+90	
1.553924379579468524000000000000000000000e+92	
-8.398919141705165831000000000000000000000e+91	
7.868800817449664060000000000000000000000e+91	
-1.606936212005018702000000000000000000000e+92	
2.021751708563608092000000000000000000000e+90	
1.595898685610898599000000000000000000000e+92	
-7.979176081390865084000000000000000000000e+91	
9.339652029136501154000000000000000000000e+91	
-1.459851090836334992000000000000000000000e+92	
2.723611431334560091000000000000000000000e+91	
1.953048532312863139000000000000000000000e+92	
-4.407677614371219685000000000000000000000e+91	
1.240274528967438934000000000000000000000e+92	
-1.153541764782546174000000000000000000000e+92	
5.278552502242896426000000000000000000000e+91	
-1.865961043525695465000000000000000000000e+92	
-1.842094804515629217000000000000000000000e+91	
1.446042350478452603000000000000000000000e+92	
-9.477739432715325049000000000000000000000e+91	
6.828578890321499454000000000000000000000e+91	
-1.710958404717835162000000000000000000000e+92	
-7.994676015489741193000000000000000000000e+90	
1.499590403882709912000000000000000000000e+92	
-8.942258898672751960000000000000000000000e+91	
8.296292147672022226000000000000000000000e+91	
-1.564187078982782885000000000000000000000e+92	
1.600014436989764987000000000000000000000e+91	
1.832669114732333030000000000000000000000e+92	
-5.611471790176520779000000000000000000000e+91	
1.111879384395580381000000000000000000000e+92	
-1.281936909354404726000000000000000000000e+92	
3.914483678295568312000000000000000000000e+91	
-2.002367925920428276000000000000000000000e+92	
-3.286241134859963625000000000000000000000e+91	
1.293623952003200182000000000000000000000e+92	
-1.100192341746784926000000000000000000000e+92	
5.335833519190902268000000000000000000000e+91	
-1.860232941830894881000000000000000000000e+92	
-2.260790005040326073000000000000000000000e+91	
1.356598896477881044000000000000000000000e+92	
-1.037217397272104063500000000000000000000e+92	
6.801861178776113034000000000000000000000e+91	
-1.713630175872373804000000000000000000000e+92	
4.109968072355361249000000000000000000000e+89	
1.670332469518526966000000000000000000000e+92	
-7.234838242314581412000000000000000000000e+91	
9.431007771473447927000000000000000000000e+91	
-1.450715516602640315000000000000000000000e+92	
2.162310045033518506000000000000000000000e+91	
1.831685161456482791000000000000000000000e+92	
-5.621311322935023164000000000000000000000e+91	
1.085291966769723094000000000000000000000e+92	
-1.308524326980262014000000000000000000000e+92	
3.392702278710301585000000000000000000000e+91	
-2.054546065878954949000000000000000000000e+92	
-4.063802401011454171000000000000000000000e+91	
1.190302568069341291000000000000000000000e+92	
-1.203513725680643816000000000000000000000e+92	
4.844858928365986381000000000000000000000e+91	
-1.909330400913386470000000000000000000000e+92	
-2.209795202313819559000000000000000000000e+91	
1.415868344039258546000000000000000000000e+92	
-9.779479497107265610000000000000000000000e+91	
6.592766333008072427000000000000000000000e+91	
-1.734539660449177865000000000000000000000e+92	
-9.693854617750129997000000000000000000000e+90	
1.489184808202579078000000000000000000000e+92	
-9.046314855474060300000000000000000000000e+91	
8.053042238850004526000000000000000000000e+91	
-1.588512069864984655000000000000000000000e+92	
1.217639848481656975000000000000000000000e+91	
1.780526111698914888000000000000000000000e+92	
-6.132901820510702200000000000000000000000e+91	
1.045837757519812122900000000000000000000e+92	
-1.347978536230172985000000000000000000000e+92	
3.115150340076660974000000000000000000000e+91	
1.919519949185595956000000000000000000000e+92	
-4.742963445643891511000000000000000000000e+91	
1.188767583103275512000000000000000000000e+92	
-1.205048710646709596000000000000000000000e+92	
4.583788888737496483000000000000000000000e+91	
-1.935437404876235459000000000000000000000e+92	
-2.716463144907179808000000000000000000000e+91	
1.340653982097901798000000000000000000000e+92	
-1.053162311652083309800000000000000000000e+92	
6.015949897352747519000000000000000000000e+91	
-1.792221304014710356000000000000000000000e+92	
-1.370961968349220693000000000000000000000e+91	
1.466542429327940607000000000000000000000e+92	
-9.272738644220445009000000000000000000000e+91	
7.456379137752390715000000000000000000000e+91	
-1.648178379974746036000000000000000000000e+92	
2.509216911816199255000000000000000000000e+90	
1.646867206793715103000000000000000000000e+92	
-7.469490869562700046000000000000000000000e+91	
8.873510500400503662000000000000000000000e+91	
-1.506465243709934741000000000000000000000e+92	
1.282128799488641966000000000000000000000e+91	
1.711414698394096314000000000000000000000e+92	
-6.824015953558887940000000000000000000000e+91	
1.033415145347132411800000000000000000000e+92	
-1.360401148402852696000000000000000000000e+92	
3.557530107815787114000000000000000000000e+91	
2.020390316760848294000000000000000000000e+92	
-3.734259769891368133000000000000000000000e+91	
1.291574217823353988000000000000000000000e+92	
-1.102242075926631119000000000000000000000e+92	
5.631208271210280662000000000000000000000e+91	
-1.830695466628957041000000000000000000000e+92	
-1.649700358543041969000000000000000000000e+91	
1.449263638464709463000000000000000000000e+92	
-9.445526552852756449000000000000000000000e+91	
7.059680495411851202000000000000000000000e+91	
-1.687848244208799987000000000000000000000e+92	
-3.695762517262286701000000000000000000000e+90	
1.562448620214623940000000000000000000000e+92	
-8.313676735353611671000000000000000000000e+91	
8.503686156210981636000000000000000000000e+91	
-1.543447678128886944000000000000000000000e+92	
1.386429902490816907000000000000000000000e+91	
1.769233757721175045000000000000000000000e+92	
-6.245825360288100626000000000000000000000e+91	
1.006388064139179432300000000000000000000e+92	
-1.387428229610805675000000000000000000000e+92	
2.439220142226138356000000000000000000000e+91	
1.823797609020780873000000000000000000000e+92	
-5.700186847292042344000000000000000000000e+91	
1.152683329600537221000000000000000000000e+92	
-1.241132964149447887000000000000000000000e+92	
4.819030420833813089000000000000000000000e+91	
-1.911913251666603799000000000000000000000e+92	
-1.885434197476710883000000000000000000000e+91	
1.483305967958811420000000000000000000000e+92	
-9.105103257911736872000000000000000000000e+91	
7.616983615283703994000000000000000000000e+91	
-1.632117932221614708000000000000000000000e+92	
4.044987589917641743000000000000000000000e+90	
1.661522522334099827000000000000000000000e+92	
-7.322937714158852808000000000000000000000e+91	
9.034725509330175265000000000000000000000e+91	
-1.490343742816967581000000000000000000000e+92	
1.457998365213148609000000000000000000000e+91	
1.730466381336066252000000000000000000000e+92	
-6.633499124139188558000000000000000000000e+91	
1.049342437184210069800000000000000000000e+92	
-1.344473856565775038000000000000000000000e+92	
3.685574664223140244000000000000000000000e+91	
2.030073490339963376000000000000000000000e+92	
-3.637428034100217312000000000000000000000e+91	
1.298137662702128140000000000000000000000e+92	
-1.095678631047856968000000000000000000000e+92	
5.665660958876833637000000000000000000000e+91	
-1.827250197862301744000000000000000000000e+92	
-1.646413913842187632000000000000000000000e+91	
1.446477209681485658000000000000000000000e+92	
-9.473390840684994499000000000000000000000e+91	
7.097754755500867504000000000000000000000e+91	
-1.684040818199898357000000000000000000000e+92	
-2.655962592017567286000000000000000000000e+90	
1.579433912795157164000000000000000000000e+92	
-8.143823809548279436000000000000000000000e+91	
8.533952489467615428000000000000000000000e+91	
-1.540421044803223565000000000000000000000e+92	
1.277179110937883066000000000000000000000e+91	
1.744363909401653544000000000000000000000e+92	
-6.494523843483315632000000000000000000000e+91	
9.955670465812369781000000000000000000000e+91	
-1.398249247168748130000000000000000000000e+92	
2.471428357768905528000000000000000000000e+91	
1.841053281517435299000000000000000000000e+92	
-5.527630122325498086000000000000000000000e+91	
1.140224286592946419000000000000000000000e+92	
-1.253592007157038689000000000000000000000e+92	
4.397440716258083196000000000000000000000e+91	
-1.954072222124176788000000000000000000000e+92	
-2.603875369604997012000000000000000000000e+91	
1.381791477329578906000000000000000000000e+92	
-1.012024816420406201300000000000000000000e+92	
6.305282634693719216000000000000000000000e+91	
-1.763288030280613186000000000000000000000e+92	
-1.203610709515036838000000000000000000000e+91	
1.471085477984923534000000000000000000000e+92	
-9.227308157650615741000000000000000000000e+91	
7.759678044188157362000000000000000000000e+91	
-1.617848489331169371000000000000000000000e+92	
8.119606846986689779000000000000000000000e+90	
1.728732287961791701000000000000000000000e+92	
-6.650840057881934068000000000000000000000e+91	
9.828236131954137262000000000000000000000e+91	
-1.410992680554571381000000000000000000000e+92	
2.372861530871857327000000000000000000000e+91	
1.834081912881255804000000000000000000000e+92	
-5.597343808687293038000000000000000000000e+91	
1.127158286843426883000000000000000000000e+92	
-1.266658006906558224000000000000000000000e+92	
4.205864738640262526000000000000000000000e+91	
-1.973229819885958855000000000000000000000e+92	
-2.856337011429434673000000000000000000000e+91	
1.350459776809349958000000000000000000000e+92	
-1.043356516940635150100000000000000000000e+92	
5.931140551862594541000000000000000000000e+91	
-1.800702238563725654000000000000000000000e+92	
-1.638547599298222357000000000000000000000e+91	
1.421515333872603013000000000000000000000e+92	
-9.723009598773820945000000000000000000000e+91	
7.393195486072183016000000000000000000000e+91	
-1.654496745142766806000000000000000000000e+92	
5.746327015250085088000000000000000000000e+90	
1.717908519532569241000000000000000000000e+92	
-6.759077742174158670000000000000000000000e+91	
9.849024502470599657000000000000000000000e+91	
-1.408913843502925142000000000000000000000e+92	
2.522611744096453995000000000000000000000e+91	
1.861946700460101678000000000000000000000e+92	
-5.318695932898834298000000000000000000000e+91	
1.127716540471625931000000000000000000000e+92	
-1.266099753278359177000000000000000000000e+92	
3.938517831216557139000000000000000000000e+91	
-1.999964510628329394000000000000000000000e+92	
-3.396477534389015402000000000000000000000e+91	
1.269179939017056422000000000000000000000e+92	
-1.124636354732928686000000000000000000000e+92	
5.375637866802655856000000000000000000000e+91	
-1.856252507069719522000000000000000000000e+92	
-1.936882639252082875000000000000000000000e+91	
1.417385795984656477000000000000000000000e+92	
-9.764304977653286305000000000000000000000e+91	
6.808175143794571232000000000000000000000e+91	
-1.712998779370527984000000000000000000000e+92	
-5.538420097961824228000000000000000000000e+90	
1.550742657464942009000000000000000000000e+92	
-8.430736362850430988000000000000000000000e+91	
8.244606327539491990000000000000000000000e+91	
-1.569355660996035908000000000000000000000e+92	
9.854005515122104068000000000000000000000e+90	
1.714942934761898919000000000000000000000e+92	
-6.788733589880861884000000000000000000000e+91	
9.667000698245965828000000000000000000000e+91	
-1.427116223925388525000000000000000000000e+92	
2.188295811965092803000000000000000000000e+91	
1.813293473543668484000000000000000000000e+92	
-5.805228202063166239000000000000000000000e+91	
1.111331061856564037000000000000000000000e+92	
-1.282485231893421071000000000000000000000e+92	
4.097179941917294871000000000000000000000e+91	
2.050416286677620803000000000000000000000e+92	
-3.434000070723643044000000000000000000000e+91	
1.297673087920648424000000000000000000000e+92	
-1.096143205829336684000000000000000000000e+92	
5.453045051436937732000000000000000000000e+91	
-1.848511788606291334000000000000000000000e+92	
-2.066896480875177608000000000000000000000e+91	
1.383652631871215134000000000000000000000e+92	
-1.010163661878769974000000000000000000000e+92	
6.909889802954161198000000000000000000000e+91	
-1.702827313454568988000000000000000000000e+92	
-1.329954950715339866000000000000000000000e+89	
1.648657844564330719000000000000000000000e+92	
-7.451584491856543888000000000000000000000e+91	
9.051995297488712308000000000000000000000e+91	
-1.488616764001113877000000000000000000000e+92	
1.621112101265489332000000000000000000000e+91	
1.761354891548400250000000000000000000000e+92	
-6.324614022015848578000000000000000000000e+91	
1.049350617735604394300000000000000000000e+92	
-1.344465676014380713000000000000000000000e+92	
3.377006854555539630000000000000000000000e+91	
1.968367108349606060000000000000000000000e+92	
-4.254491854003790470000000000000000000000e+91	
1.205597032538308632000000000000000000000e+92	
-1.188219261211676476000000000000000000000e+92	
4.432065627599187152000000000000000000000e+91	
-1.950609730990066392000000000000000000000e+92	
-3.188044899032263190000000000000000000000e+91	
1.261525875710922326000000000000000000000e+92	
-1.132290418039062782000000000000000000000e+92	
5.902076058250217956000000000000000000000e+91	
-1.803608687924963312000000000000000000000e+92	
-8.077657063832470406000000000000000000000e+90	
1.590535370039071103000000000000000000000e+92	
-8.032809237109140043000000000000000000000e+91	
8.683905840495722210000000000000000000000e+91	
-1.525425709700412886000000000000000000000e+92	
1.466051861982389745000000000000000000000e+91	
1.767141187614896316000000000000000000000e+92	
-6.266751061350887916000000000000000000000e+91	
1.010084112688302316800000000000000000000e+92	
-1.383732181061682791000000000000000000000e+92	
2.534038006185785212000000000000000000000e+91	
1.839062253888712221000000000000000000000e+92	
-5.547540398612728862000000000000000000000e+91	
1.155693458499759268000000000000000000000e+92	
-1.238122835250225840000000000000000000000e+92	
4.726647536907293323000000000000000000000e+91	
-1.921151540059255775000000000000000000000e+92	
-2.100240297904762651000000000000000000000e+91	
1.449589128873970212000000000000000000000e+92	
-9.442271648760148961000000000000000000000e+91	
7.157513829775151522000000000000000000000e+91	
-1.678064910772469955000000000000000000000e+92	
-1.772115557225525134000000000000000000000e+90	
1.591133521458451721000000000000000000000e+92	
-8.026827722915333866000000000000000000000e+91	
8.590261977812320608000000000000000000000e+91	
-1.534790095968753047000000000000000000000e+92	
1.272832202754432326000000000000000000000e+91	
1.737866597603456611000000000000000000000e+92	
-6.559496961465284968000000000000000000000e+91	
1.001904281912031072600000000000000000000e+92	
-1.391912011837954035000000000000000000000e+92	
2.663082308970640070000000000000000000000e+91	
1.873040452266148932000000000000000000000e+92	
-5.207758414838361756000000000000000000000e+91	
1.145043202932644050000000000000000000000e+92	
-1.248773090817341058000000000000000000000e+92	
4.174082543193050884000000000000000000000e+91	
-1.976408039430680019000000000000000000000e+92	
-3.098645738792363064000000000000000000000e+91	
1.305186728107078629000000000000000000000e+92	
-1.088629565642906479000000000000000000000e+92	
5.603556619869052474000000000000000000000e+91	
-1.833460631763079860000000000000000000000e+92	
-1.841047257661392180000000000000000000000e+91	
1.413767570358986845000000000000000000000e+92	
-9.800487233909982626000000000000000000000e+91	
7.051331783516216308000000000000000000000e+91	
-1.688683115398363477000000000000000000000e+92	
-3.148549204341303694000000000000000000000e+89	
1.630884402167083657000000000000000000000e+92	
-7.629318915829014506000000000000000000000e+91	
8.714791794206587224000000000000000000000e+91	
-1.522337114329326385000000000000000000000e+92	
1.124518881284397909000000000000000000000e+91	
1.695764530191841729000000000000000000000e+92	
-6.980517635581433789000000000000000000000e+91	
1.017551624906354692900000000000000000000e+92	
-1.376264668843630415000000000000000000000e+92	
3.396762442807966252000000000000000000000e+91	
2.004100410325738888000000000000000000000e+92	
-3.897158834242462200000000000000000000000e+91	
1.275071277526779220000000000000000000000e+92	
-1.118745016223205887000000000000000000000e+92	
5.464049589830608614000000000000000000000e+91	
-1.847411334766924246000000000000000000000e+92	
-1.818987258663538953000000000000000000000e+91	
1.432122232493151444000000000000000000000e+92	
-9.616940612568336637000000000000000000000e+91	
6.892997665791962234000000000000000000000e+91	
-1.704516527170788884000000000000000000000e+92	
-5.315302058308483106000000000000000000000e+90	
1.546725877014826867000000000000000000000e+92	
-8.470904167351582409000000000000000000000e+91	
8.336671510117972238000000000000000000000e+91	
-1.560149142738187884000000000000000000000e+92	
1.209632913083145200000000000000000000000e+91	
1.750576311284576066000000000000000000000e+92	
-6.432399824654090417000000000000000000000e+91	
9.867533568001005683000000000000000000000e+91	
-1.407062936949884539000000000000000000000e+92	
2.233105323322452245000000000000000000000e+91	
1.802209838688271870000000000000000000000e+92	
-5.916064550617132380000000000000000000000e+91	
1.133190054141659384000000000000000000000e+92	
-1.260626239608325723000000000000000000000e+92	
4.645032191356778316000000000000000000000e+91	
-1.929313074614307276000000000000000000000e+92	
-2.038508320279058500000000000000000000000e+91	
1.470089925020830943000000000000000000000e+92	
-9.237263687291541648000000000000000000000e+91	
7.505726471256633490000000000000000000000e+91	
-1.643243646624321759000000000000000000000e+92	
3.141344974273903209000000000000000000000e+90	
1.654574344652645486000000000000000000000e+92	
-7.392419490973396212000000000000000000000e+91	
8.921159441525874600000000000000000000000e+91	
-1.501700349597397648000000000000000000000e+92	
1.300369945747004593000000000000000000000e+91	
1.710299497064209269000000000000000000000e+92	
-6.835167966857758385000000000000000000000e+91	
1.038519721909200265000000000000000000000e+92	
-1.355296571840784842000000000000000000000e+92	
3.670742698530137487000000000000000000000e+91	
2.037925164499534414000000000000000000000e+92	
-3.558911292504506932000000000000000000000e+91	
1.315319561926880448000000000000000000000e+92	
-1.078496731823104659000000000000000000000e+92	
5.930735768259235172000000000000000000000e+91	
-1.800742716924061590000000000000000000000e+92	
-1.288129697733376751000000000000000000000e+91	
1.491621933233856310000000000000000000000e+92	
-9.021943605161287976000000000000000000000e+91	
7.351502147331721472000000000000000000000e+91	
-1.658666079016812960000000000000000000000e+92	
-2.094503222363106764000000000000000000000e+90	
1.565298194991411732000000000000000000000e+92	
-8.285180987585733751000000000000000000000e+91	
8.810613912408004740000000000000000000000e+91	
-1.512754902509184634000000000000000000000e+92	
1.971651100498412881000000000000000000000e+91	
1.855571371937147625000000000000000000000e+92	
-5.382449218128374823000000000000000000000e+91	
1.120527329897101831000000000000000000000e+92	
-1.273288963852883277000000000000000000000e+92	
3.858490955383736864000000000000000000000e+91	
-2.007967198211611421000000000000000000000e+92	
-3.484635131897057438000000000000000000000e+91	
1.259551511738489584000000000000000000000e+92	
-1.134264782011495523000000000000000000000e+92	
5.296675812422003202000000000000000000000e+91	
-1.864148712507784787000000000000000000000e+92	
-1.998531095936394039000000000000000000000e+91	
1.412951448444016541000000000000000000000e+92	
-9.808648453059685665000000000000000000000e+91	
6.727281876735173840000000000000000000000e+91	
-1.721088106076467724000000000000000000000e+92	
-6.712668788576553496000000000000000000000e+90	
1.535348828418439438000000000000000000000e+92	
-8.584674653315456697000000000000000000000e+91	
8.168121612747895796000000000000000000000e+91	
-1.577004132475195528000000000000000000000e+92	
9.863308662508088751000000000000000000000e+90	
1.722773616492772158000000000000000000000e+92	
-6.710426772572129500000000000000000000000e+91	
9.581507959642805174000000000000000000000e+91	
-1.435665497785704590000000000000000000000e+92	
1.939085035199080114000000000000000000000e+91	
1.772008739768810105000000000000000000000e+92	
-6.218075539811750025000000000000000000000e+91	
1.104720148773132372000000000000000000000e+92	
-1.289096144976852736000000000000000000000e+92	
4.377636457589644713000000000000000000000e+91	
2.113101255442537382000000000000000000000e+92	
-2.807150383074477260000000000000000000000e+91	
1.394980135013761218000000000000000000000e+92	
-9.988361587362238894000000000000000000000e+91	
6.772164002747463804000000000000000000000e+91	
-1.716599893475238727000000000000000000000e+92	
-4.019012663382289191000000000000000000000e+90	
1.584722566502946337000000000000000000000e+92	
-8.090937272470387704000000000000000000000e+91	
8.186523264972794047000000000000000000000e+91	
-1.575163967252705703000000000000000000000e+92	
5.296333490966010884000000000000000000000e+90	
1.629617591990757396000000000000000000000e+92	
-7.641987017592277112000000000000000000000e+91	
9.655800277569592499000000000000000000000e+91	
-1.428236265993025858000000000000000000000e+92	
3.018729335736444787000000000000000000000e+91	
1.980458334962236197000000000000000000000e+92	
-4.133579587877489108000000000000000000000e+91	
1.265583389917435146000000000000000000000e+92	
-1.128232903832549962000000000000000000000e+92	
5.510642150457428684000000000000000000000e+91	
-1.842752078704242239000000000000000000000e+92	
-1.630993667081664713000000000000000000000e+91	
1.465054657674191082000000000000000000000e+92	
-9.287616360757940250000000000000000000000e+91	
6.997734336908000704000000000000000000000e+91	
-1.694042860059185037000000000000000000000e+92	
-6.512693454233642051000000000000000000000e+90	
1.512315553420869392000000000000000000000e+92	
-8.815007403291157155000000000000000000000e+91	
8.467686023372380504000000000000000000000e+91	
-1.547047691412747057000000000000000000000e+92	
1.815528724771787189000000000000000000000e+91	
1.858630388988280041000000000000000000000e+92	
-5.351859047617050670000000000000000000000e+91	
1.142248309491595001000000000000000000000e+92	
-1.251567984258390106000000000000000000000e+92	
4.262227502201620765000000000000000000000e+91	
-1.967593543529823031000000000000000000000e+92	
-2.894464662546203438000000000000000000000e+91	
1.337202672712639742000000000000000000000e+92	
-1.056613621037345365100000000000000000000e+92	
5.704173122470213472000000000000000000000e+91	
-1.823398981502963760000000000000000000000e+92	
-1.959864439081912562000000000000000000000e+91	
1.379953404320554721000000000000000000000e+92	
-1.013862889429430387000000000000000000000e+92	
7.177638264316059964000000000000000000000e+91	
-1.676052467318379111000000000000000000000e+92	
5.590379891001793754000000000000000000000e+90	
1.736335347734909681000000000000000000000e+92	
-6.574809460150754270000000000000000000000e+91	
1.023305631358451905900000000000000000000e+92	
-1.370510662391533202000000000000000000000e+92	
3.106307668443868270000000000000000000000e+91	
1.940272767580096364000000000000000000000e+92	
-4.535435261698887432000000000000000000000e+91	
1.176478779432280361000000000000000000000e+92	
-1.217337514317704747000000000000000000000e+92	
4.130649068854748331000000000000000000000e+91	
-1.980751386864510274000000000000000000000e+92	
-3.499690392315791022000000000000000000000e+91	
1.229338941989697889000000000000000000000e+92	
-1.164477351760287218000000000000000000000e+92	
5.602269759919524374000000000000000000000e+91	
-1.833589317758032670000000000000000000000e+92	
-1.085519945894308506000000000000000000000e+91	
1.564964054510177987000000000000000000000e+92	
-8.288522392398071208000000000000000000000e+91	
8.450222800293123954000000000000000000000e+91	
-1.548794013720672712000000000000000000000e+92	
1.254387973189316104000000000000000000000e+91	
1.748175618054486804000000000000000000000e+92	
-6.456406756954983040000000000000000000000e+91	
9.864881674389658198000000000000000000000e+91	
-1.407328126311019288000000000000000000000e+92	
2.251797840687565737000000000000000000000e+91	
1.806212469280026742000000000000000000000e+92	
-5.876038244699583654000000000000000000000e+91	
1.132674015217658350000000000000000000000e+92	
-1.261142278532326757000000000000000000000e+92	
4.594707594918080494000000000000000000000e+91	
-1.934345534258177058000000000000000000000e+92	
-2.133974647149117919000000000000000000000e+91	
1.456031365848826426000000000000000000000e+92	
-9.377849279011586816000000000000000000000e+91	
7.320044069087583502000000000000000000000e+91	
-1.661811886841226757000000000000000000000e+92	
8.337772803548244569000000000000000000000e+89	
1.626993474196857163000000000000000000000e+92	
-7.668228195531279445000000000000000000000e+91	
8.741032293894613719000000000000000000000e+91	
-1.519713064360523736000000000000000000000e+92	
1.215876737421539589000000000000000000000e+91	
1.711408810769934844000000000000000000000e+92	
-6.824074829800502638000000000000000000000e+91	
1.019405756288088984100000000000000000000e+92	
-1.374410537461896124000000000000000000000e+92	
3.277470893780712631000000000000000000000e+91	
1.978394828635003262000000000000000000000e+92	
-4.154214651149818457000000000000000000000e+91	
1.235596125130733057000000000000000000000e+92	
-1.158220168619252051000000000000000000000e+92	
4.931670885523531817000000000000000000000e+91	
-1.900649205197631926000000000000000000000e+92	
-2.488924650714272615000000000000000000000e+91	
1.351379470365352541000000000000000000000e+92	
-1.042436823384632567000000000000000000000e+92	
6.377526345323149140000000000000000000000e+91	
-1.756063659217670194000000000000000000000e+92	
-7.551905227126065876000000000000000000000e+90	
1.553526423194117797000000000000000000000e+92	
-8.402898705558673106000000000000000000000e+91	
7.891362066473331271000000000000000000000e+91	
-1.604680087102651980000000000000000000000e+92	
2.512640242517730090000000000000000000000e+90	
1.603459011194416112000000000000000000000e+92	
-7.903572825555689960000000000000000000000e+91	
9.359060766574716537000000000000000000000e+91	
-1.457910217092513454000000000000000000000e+92	
2.686853616572805661000000000000000000000e+91	
1.943758890844602664000000000000000000000e+92	
-4.500574029053824433000000000000000000000e+91	
1.225373821343910480000000000000000000000e+92	
-1.168442472406074628000000000000000000000e+92	
5.073462688919083830000000000000000000000e+91	
-1.886470024858076724000000000000000000000e+92	
-2.103239444360924164000000000000000000000e+91	
1.414325193509460410000000000000000000000e+92	
-9.794911002405246976000000000000000000000e+91	
6.490422617227760844000000000000000000000e+91	
-1.744774032027209023000000000000000000000e+92	
-1.158598134637345743000000000000000000000e+91	
1.461580968395592417000000000000000000000e+92	
-9.322353253543926904000000000000000000000e+91	
7.961060311687217370000000000000000000000e+91	
-1.597710262581263371000000000000000000000e+92	
1.309622793264522865000000000000000000000e+91	
1.808111738034209033000000000000000000000e+92	
-5.857045557157760746000000000000000000000e+91	
1.091801564930871444000000000000000000000e+92	
-1.302014728819113664000000000000000000000e+92	
3.758478762672960808000000000000000000000e+91	
-2.017968417482689027000000000000000000000e+92	
-3.397495053673095528000000000000000000000e+91	
1.286971432690247263000000000000000000000e+92	
-1.106844861059737845000000000000000000000e+92	
5.202578355828375728000000000000000000000e+91	
-1.873558458167147535000000000000000000000e+92	
-2.460741929284727370000000000000000000000e+91	
1.329937347247643786000000000000000000000e+92	
-1.063878946502341321000000000000000000000e+92	
6.676635370798532622000000000000000000000e+91	
-1.726152756670131845000000000000000000000e+92	
5.719319199108063384000000000000000000000e+89	
1.686066719563665645000000000000000000000e+92	
-7.077495741863194629000000000000000000000e+91	
9.729528966048439786000000000000000000000e+91	
-1.420863397145141129000000000000000000000e+92	
2.601939673655450184000000000000000000000e+91	
1.889751945212319977000000000000000000000e+92	
-5.040643485376651303000000000000000000000e+91	
1.125873975991047833000000000000000000000e+92	
-1.267942317758937275000000000000000000000e+92	
3.623761641654538688000000000000000000000e+91	
-2.031440129584531239000000000000000000000e+92	
-4.007416794565205313000000000000000000000e+91	
1.178482446012915523000000000000000000000e+92	
-1.215333847737069584000000000000000000000e+92	
5.096164500533992259000000000000000000000e+91	
-1.884199843696585882000000000000000000000e+92	
-1.589166729010992160000000000000000000000e+91	
1.514845101474970114000000000000000000000e+92	
-8.789711922750149930000000000000000000000e+91	
7.951489299810310914000000000000000000000e+91	
-1.598667363768954016000000000000000000000e+92	
7.581092802890153472000000000000000000000e+90	
1.698793107354862833000000000000000000000e+92	
-6.950231863951222749000000000000000000000e+91	
9.366531695339859126000000000000000000000e+91	
-1.457163124215999195000000000000000000000e+92	
1.748925241466891264000000000000000000000e+91	
1.755473172417072225000000000000000000000e+92	
-6.383431213329128826000000000000000000000e+91	
1.082959436643218435000000000000000000000e+92	
-1.310856857106766673000000000000000000000e+92	
4.107803892366835006000000000000000000000e+91	
2.080898053619570405000000000000000000000e+92	
-3.129182401304147026000000000000000000000e+91	
1.357559585688305072000000000000000000000e+92	
-1.036256708061680035600000000000000000000e+92	
6.345810999521578034000000000000000000000e+91	
-1.759235193797827304000000000000000000000e+92	
-8.803758274038403404000000000000000000000e+90	
1.531665548534018848000000000000000000000e+92	
-8.621507452159662597000000000000000000000e+91	
7.766879407535015970000000000000000000000e+91	
-1.617128352996483510000000000000000000000e+92	
2.208606094621280701000000000000000000000e+90	
1.609821912110168220000000000000000000000e+92	
-7.839943816398168880000000000000000000000e+91	
9.223673550143362575000000000000000000000e+91	
-1.471448938735648850000000000000000000000e+92	
2.352549218500777556000000000000000000000e+91	
1.890446632339055821000000000000000000000e+92	
-5.033696614109292869000000000000000000000e+91	
1.152189638679097884000000000000000000000e+92	
-1.241626655070887224000000000000000000000e+92	
4.143000516827162699000000000000000000000e+91	
-1.979516242067268838000000000000000000000e+92	
-3.232223114965202749000000000000000000000e+91	
1.281584556371648565000000000000000000000e+92	
-1.112231737378336543000000000000000000000e+92	
5.584579406159716448000000000000000000000e+91	
-1.835358353134013463000000000000000000000e+92	
-1.643087983765732462000000000000000000000e+91	
1.455246350280665325000000000000000000000e+92	
-9.385699434693197826000000000000000000000e+91	
7.006848419451155076000000000000000000000e+91	
-1.693131451804869600000000000000000000000e+92	
-5.350114549646166608000000000000000000000e+90	
1.534650391057006532000000000000000000000e+92	
-8.591659026929785761000000000000000000000e+91	
8.464177824875090560000000000000000000000e+91	
-1.547398511262476052000000000000000000000e+92	
1.585276850606765296000000000000000000000e+91	
1.812942118305468548000000000000000000000e+92	
-5.808741754445165592000000000000000000000e+91	
1.073908234227107166000000000000000000000e+92	
-1.319908059522877941000000000000000000000e+92	
3.352421434455928334000000000000000000000e+91	
1.938905852907774594000000000000000000000e+92	
-4.549104408422105136000000000000000000000e+91	
1.217311393443434127000000000000000000000e+92	
-1.176504900306550980000000000000000000000e+92	
4.960760482375205660000000000000000000000e+91	
-1.897740245512464542000000000000000000000e+92	
-2.248003614295342820000000000000000000000e+91	
1.396644175797337650000000000000000000000e+92	
-9.971721179526474577000000000000000000000e+91	
6.381645808664625798000000000000000000000e+91	
-1.755651712883522528000000000000000000000e+92	
-1.199375432652770339000000000000000000000e+91	
1.464299805532786959000000000000000000000e+92	
-9.295164882171981489000000000000000000000e+91	
7.844427151485892464000000000000000000000e+91	
-1.609373578601395861000000000000000000000e+92	
1.049239676821445497100000000000000000000e+91	
1.767705584736804296000000000000000000000e+92	
-6.261107090131808120000000000000000000000e+91	
1.037034720391148056400000000000000000000e+92	
-1.356781573358837051000000000000000000000e+92	
3.067274873375038287000000000000000000000e+91	
1.918745894594015339000000000000000000000e+92	
-4.750703991559697684000000000000000000000e+91	
1.179503822957988481000000000000000000000e+92	
-1.214312470791996627000000000000000000000e+92	
4.406296482270331161000000000000000000000e+91	
-1.953186645522951992000000000000000000000e+92	
-2.978768126892591244000000000000000000000e+91	
1.305946447195516250000000000000000000000e+92	
-1.087869846554468857000000000000000000000e+92	
5.848678580985135572000000000000000000000e+91	
-1.808948435651471550000000000000000000000e+92	
-1.358518734720841748000000000000000000000e+91	
1.485749263877616787000000000000000000000e+92	
-9.080670298723683202000000000000000000000e+91	
7.268182345732167596000000000000000000000e+91	
-1.666998059176768348000000000000000000000e+92	
-3.173509926773890884000000000000000000000e+90	
1.552051264373609091000000000000000000000e+92	
-8.417650293763760170000000000000000000000e+91	
8.730299426403071766000000000000000000000e+91	
-1.520786351109677931000000000000000000000e+92	
1.943465478896920410000000000000000000000e+91	
1.857963101932112576000000000000000000000e+92	
-5.358531918178725318000000000000000000000e+91	
1.128126759053042764000000000000000000000e+92	
-1.265689534696942344000000000000000000000e+92	
3.986536321516019562000000000000000000000e+91	
-1.995162661598383151000000000000000000000e+92	
-3.304564595330712792000000000000000000000e+91	
1.282758493313814248000000000000000000000e+92	
-1.111057800436170860000000000000000000000e+92	
5.418425579504374764000000000000000000000e+91	
-1.851973735799547631000000000000000000000e+92	
-1.987046474799481741000000000000000000000e+91	
1.403078883503371680000000000000000000000e+92	
-9.907374102466134274000000000000000000000e+91	
6.861844840745270243000000000000000000000e+91	
-1.707631809675458083000000000000000000000e+92	
-3.035314016398048510000000000000000000000e+90	
1.595428023218053136000000000000000000000e+92	
-7.983882705319319719000000000000000000000e+91	
8.277751191306259873000000000000000000000e+91	
-1.566041174619359120000000000000000000000e+92	
6.050425110204738224000000000000000000000e+90	
1.635577418991003703000000000000000000000e+92	
-7.582388747589814050000000000000000000000e+91	
9.748766948483531695000000000000000000000e+91	
-1.418939598901631938000000000000000000000e+92	
3.145047801186366740000000000000000000000e+91	
1.996423701149722524000000000000000000000e+92	
-3.973925926002625832000000000000000000000e+91	
1.284880616762346752000000000000000000000e+92	
-1.108935676987638355000000000000000000000e+92	
5.736916443886333930000000000000000000000e+91	
-1.820124649361351715000000000000000000000e+92	
-1.371433922015305135000000000000000000000e+91	
1.494337520835140515000000000000000000000e+92	
-8.994787729148445928000000000000000000000e+91	
7.323815298210223504000000000000000000000e+91	
-1.661434763928962757000000000000000000000e+92	
-2.919526030390049104000000000000000000000e+90	
1.551569151730029560000000000000000000000e+92	
-8.422471420199555478000000000000000000000e+91	
8.789415742839764077000000000000000000000e+91	
-1.514874719466008700000000000000000000000e+92	
2.066487418605658093000000000000000000000e+91	
1.876652677853705085000000000000000000000e+92	
-5.171636158962800230000000000000000000000e+91	
1.153200538131638968000000000000000000000e+92	
-1.240615755618346139000000000000000000000e+92	
4.301084371754701782000000000000000000000e+91	
-1.963707856574514929000000000000000000000e+92	
-2.926238041944676072000000000000000000000e+91	
1.326965824917025975000000000000000000000e+92	
-1.066850468832959132000000000000000000000e+92	
5.725043296732751812000000000000000000000e+91	
-1.821311964076709926000000000000000000000e+92	
-1.815816944497889765000000000000000000000e+91	
1.406669755673676474000000000000000000000e+92	
-9.871465380763086340000000000000000000000e+91	
7.183983287335174226000000000000000000000e+91	
-1.675417965016467685000000000000000000000e+92	
3.046943225467301291000000000000000000000e+90	
1.684845085756488624000000000000000000000e+92	
-7.089712079934964840000000000000000000000e+91	
9.457724412345761443000000000000000000000e+91	
-1.448043852515408963000000000000000000000e+92	
2.070676092993322288000000000000000000000e+91	
1.810692596888005310000000000000000000000e+92	
-5.831236968619797974000000000000000000000e+91	
1.089352923111935079000000000000000000000e+92	
-1.304463370638050029000000000000000000000e+92	
3.683722367956833170000000000000000000000e+91	
1.989712549268479376000000000000000000000e+92	
-4.041037444815057310000000000000000000000e+91	
1.230653824012829421000000000000000000000e+92	
-1.163162469737155687000000000000000000000e+92	
4.719728577707744497000000000000000000000e+91	
-1.921843435979210658000000000000000000000e+92	
-2.863305374561465608000000000000000000000e+91	
1.297705640412859992000000000000000000000e+92	
-1.096110653337125116000000000000000000000e+92	
6.184987533330020348000000000000000000000e+91	
-1.775317540416983073000000000000000000000e+92	
-6.037011441428853251000000000000000000000e+90	
1.603061058935376696000000000000000000000e+92	
-7.907552348146084116000000000000000000000e+91	
8.730394276215355339000000000000000000000e+91	
-1.520776866128449574000000000000000000000e+92	
1.433811044973937433000000000000000000000e+91	
1.756048098741892630000000000000000000000e+92	
-6.377681950080924772000000000000000000000e+91	
1.015653270369125745700000000000000000000e+92	
-1.378163023380859362000000000000000000000e+92	
2.756269125912299334000000000000000000000e+91	
1.877931032017984046000000000000000000000e+92	
-5.158852617320010621000000000000000000000e+91	
1.159295066523383854000000000000000000000e+92	
-1.234521227226601254000000000000000000000e+92	
4.410167429403073802000000000000000000000e+91	
2.065058073267619470000000000000000000000e+92	
-3.287582204823656378000000000000000000000e+91	
1.300183618649814512000000000000000000000e+92	
-1.093632675100170596000000000000000000000e+92	
5.356898173462878268000000000000000000000e+91	
-1.858126476403697281000000000000000000000e+92	
-2.284235200818222250000000000000000000000e+91	
1.349805607006595834000000000000000000000e+92	
-1.044010686743389274000000000000000000000e+92	
6.828135895059544639000000000000000000000e+91	
-1.711002704244030644000000000000000000000e+92	
1.615351239177260217000000000000000000000e+90	
1.691787400453734228000000000000000000000e+92	
