-1.956143012440829475000000000000000000000e+92	
-3.021949687604761912000000000000000000000e+91	
1.300267179689441779000000000000000000000e+92	
-1.093549114060543329000000000000000000000e+92	
5.820757491852975505000000000000000000000e+91	
-1.811740544564687557000000000000000000000e+92	
-1.357582606380316719000000000000000000000e+91	
1.488727162328418997000000000000000000000e+92	
-9.050891314215661110000000000000000000000e+91	
7.236902632081598880000000000000000000000e+91	
-1.670126030541825220000000000000000000000e+92	
-4.096590175443848672000000000000000000000e+90	
1.536720667947224600000000000000000000000e+92	
-8.570956258027605072000000000000000000000e+91	
8.706244444088411150000000000000000000000e+91	
-1.523191849341143993000000000000000000000e+92	
2.048597154491919943000000000000000000000e+91	
1.881388506079825230000000000000000000000e+92	
-5.124277876701598780000000000000000000000e+91	
1.164457973785821183000000000000000000000e+92	
-1.229358319964163925000000000000000000000e+92	
4.478842346643143119000000000000000000000e+91	
-1.945932059085670796000000000000000000000e+92	
-2.683328888491347192000000000000000000000e+91	
1.357768615755097262000000000000000000000e+92	
-1.036047677994887845900000000000000000000e+92	
5.904358934663875957000000000000000000000e+91	
-1.803380400283597512000000000000000000000e+92	
-1.765149521076142442000000000000000000000e+91	
1.398878078971077758000000000000000000000e+92	
-9.949382147789073500000000000000000000000e+91	
7.378198051354177032000000000000000000000e+91	
-1.655996488614567404000000000000000000000e+92	
7.709051865362668513000000000000000000000e+90	
1.758652245785017538000000000000000000000e+92	
-6.351640479649675700000000000000000000000e+91	
1.046752145261814819500000000000000000000e+92	
-1.347064148488170288000000000000000000000e+92	
3.352063344276756724000000000000000000000e+91	
1.965976826949758284000000000000000000000e+92	
-4.278394668002268237000000000000000000000e+91	
1.203310768974398366000000000000000000000e+92	
-1.190505524775586742000000000000000000000e+92	
4.410242652656282747000000000000000000000e+91	
-1.952792028484356833000000000000000000000e+92	
-3.208828730684523256000000000000000000000e+91	
1.259551355159955206000000000000000000000e+92	
-1.134264938590029902000000000000000000000e+92	
5.880160207740786791000000000000000000000e+91	
-1.805800272975906428000000000000000000000e+92	
-8.318511216325184534000000000000000000000e+90	
1.587909980012389932000000000000000000000e+92	
-8.059063137375951760000000000000000000000e+91	
8.655484534396334048000000000000000000000e+91	
-1.528267840310351703000000000000000000000e+92	
1.435464228698310546000000000000000000000e+91	
1.763865899379126910000000000000000000000e+92	
-6.299503943708581972000000000000000000000e+91	
1.007271310056413510900000000000000000000e+92	
-1.386544983693571597000000000000000000000e+92	
2.510532534264208637000000000000000000000e+91	
1.837173732086682428000000000000000000000e+92	
-5.566425616633026800000000000000000000000e+91	
1.152830044448583183000000000000000000000e+92	
-1.240986249301401925000000000000000000000e+92	
4.688269325627951244000000000000000000000e+91	
-1.924989361187189983000000000000000000000e+92	
-2.148357730642353027000000000000000000000e+91	
1.443803948143985186000000000000000000000e+92	
-9.500123456059999214000000000000000000000e+91	
7.089932492396889535000000000000000000000e+91	
-1.684823044510296154000000000000000000000e+92	
-2.545175811063257070000000000000000000000e+90	
1.582430934085839285000000000000000000000e+92	
-8.113853596641458226000000000000000000000e+91	
8.523916279233231909000000000000000000000e+91	
-1.541424665826661917000000000000000000000e+92	
1.227156387467072390000000000000000000000e+91	
1.735364975730556084000000000000000000000e+92	
-6.584513180194290236000000000000000000000e+91	
9.950353888757300610000000000000000000000e+91	
-1.398780904874255046000000000000000000000e+92	
2.550742401471785666000000000000000000000e+91	
1.857443536170839239000000000000000000000e+92	
-5.363727575791458688000000000000000000000e+91	
1.138697309141863855000000000000000000000e+92	
-1.255118984608121252000000000000000000000e+92	
4.203087788980172464000000000000000000000e+91	
2.044239957410854694000000000000000000000e+92	
-3.495763363391304136000000000000000000000e+91	
1.279626603311674959000000000000000000000e+92	
-1.114189690438310149000000000000000000000e+92	
5.153937725854777308000000000000000000000e+91	
-1.878422521164507377000000000000000000000e+92	
-2.484587241419301952000000000000000000000e+91	
1.330031113835196355000000000000000000000e+92	
-1.063785179914788753000000000000000000000e+92	
6.625142106069914002000000000000000000000e+91	
-1.731302083142993707000000000000000000000e+92	
-4.670491016078703344000000000000000000000e+89	
1.670439033625669666000000000000000000000e+92	
-7.233772601243154414000000000000000000000e+91	
9.520899416656285054000000000000000000000e+91	
-1.441726352084356602000000000000000000000e+92	
2.340983488494173061000000000000000000000e+91	
1.858426267246952098000000000000000000000e+92	
-5.353900265030330096000000000000000000000e+91	
1.093224118663165191000000000000000000000e+92	
-1.300592175086819917000000000000000000000e+92	
3.284027864763602477000000000000000000000e+91	
1.905924271152209835000000000000000000000e+92	
-4.878920225977752724000000000000000000000e+91	
1.239679503073107740000000000000000000000e+92	
-1.154136790676877367000000000000000000000e+92	
5.737663034985606365000000000000000000000e+91	
-1.820049990251424471000000000000000000000e+92	
-9.181549258236814487000000000000000000000e+90	
1.584896139887199385000000000000000000000e+92	
-8.089201538627857222000000000000000000000e+91	
8.681483584376518754000000000000000000000e+91	
-1.525667935312333232000000000000000000000e+92	
1.517572792114083328000000000000000000000e+91	
1.777684914674986009000000000000000000000e+92	
-6.161313790749990987000000000000000000000e+91	
1.010178409774677745300000000000000000000e+92	
-1.383637883975307362000000000000000000000e+92	
2.430538680750708054000000000000000000000e+91	
1.818273289471110127000000000000000000000e+92	
-5.755430042788749804000000000000000000000e+91	
1.157016833026049128000000000000000000000e+92	
-1.236799460723935979000000000000000000000e+92	
4.960894625639412982000000000000000000000e+91	
-1.897726831186043809000000000000000000000e+92	
-1.645089856906791244000000000000000000000e+91	
1.517183514553922480000000000000000000000e+92	
-8.766327791960626278000000000000000000000e+91	
8.054141220623750858000000000000000000000e+91	
-1.588402171687610022000000000000000000000e+92	
9.399895421072519861000000000000000000000e+90	
1.724900024698503579000000000000000000000e+92	
-6.689162690514815286000000000000000000000e+91	
9.623644797044031695000000000000000000000e+91	
-1.431451814045581938000000000000000000000e+92	
2.002084240247970578000000000000000000000e+91	
1.780393858785803176000000000000000000000e+92	
-6.134224349641819315000000000000000000000e+91	
1.108682617443299008000000000000000000000e+92	
-1.285133676306686100000000000000000000000e+92	
4.373056650925517202000000000000000000000e+91	
2.108225025354421128000000000000000000000e+92	
-2.855912683955639793000000000000000000000e+91	
1.385687854323990406000000000000000000000e+92	
-1.008128439425994701100000000000000000000e+92	
6.635102667090881046000000000000000000000e+91	
-1.730306027040897003000000000000000000000e+92	
-5.830791644333858542000000000000000000000e+90	
1.562195315988410447000000000000000000000e+92	
-8.316209777615746603000000000000000000000e+91	
8.054838902793843022000000000000000000000e+91	
-1.588332403470600805000000000000000000000e+92	
4.914905540877503587000000000000000000000e+90	
1.635152813945179085000000000000000000000e+92	
-7.586634798048060228000000000000000000000e+91	
9.513284348219017180000000000000000000000e+91	
-1.442487858928083390000000000000000000000e+92	
2.678443730078591013000000000000000000000e+91	
1.926662649123810677000000000000000000000e+92	
-4.671536446261744308000000000000000000000e+91	
1.192030416266234412000000000000000000000e+92	
-1.201785877483750696000000000000000000000e+92	
4.577637861458456297000000000000000000000e+91	
-1.936052507604139478000000000000000000000e+92	
-2.761374231860308804000000000000000000000e+91	
1.332288796398173702000000000000000000000e+92	
-1.061527497351811406000000000000000000000e+92	
6.014368920889067824000000000000000000000e+91	
-1.792379401661078325000000000000000000000e+92	
-1.290512908306051235000000000000000000000e+91	
1.482786256612943251000000000000000000000e+92	
-9.110300371370418568000000000000000000000e+91	
7.445145995727198492000000000000000000000e+91	
-1.649301694177265258000000000000000000000e+92	
6.610356493563503330000000000000000000000e+89	
1.611035534511105759000000000000000000000e+92	
-7.827807592388793487000000000000000000000e+91	
8.882722106091799715000000000000000000000e+91	
-1.505544083140805136000000000000000000000e+92	
1.658685826717629533000000000000000000000e+91	
1.785786661675483828000000000000000000000e+92	
-6.080296320745012798000000000000000000000e+91	
1.030011694088918917800000000000000000000e+92	
-1.363804599661066190000000000000000000000e+92	
2.746128512958069856000000000000000000000e+91	
1.861552136096678917000000000000000000000e+92	
-5.322641576533061902000000000000000000000e+91	
1.175443352944606312000000000000000000000e+92	
-1.218372940805378795000000000000000000000e+92	
4.896760239758776028000000000000000000000e+91	
-1.904140269774107505000000000000000000000e+92	
-1.957500207402265625000000000000000000000e+91	
1.461127238935837258000000000000000000000e+92	
-9.326890548141478501000000000000000000000e+91	
7.245549556195695602000000000000000000000e+91	
-1.669261338130415547000000000000000000000e+92	
-1.165075945905153172000000000000000000000e+90	
1.594472101256494140000000000000000000000e+92	
-7.993441924934909677000000000000000000000e+91	
8.681395743438345714000000000000000000000e+91	
-1.525676719406150536000000000000000000000e+92	
1.421685196727544009000000000000000000000e+91	
1.758520947335887152000000000000000000000e+92	
-6.352953464140979552000000000000000000000e+91	
1.010326060660649661700000000000000000000e+92	
-1.383490233089335446000000000000000000000e+92	
2.625035264173958046000000000000000000000e+91	
1.857015349284039638000000000000000000000e+92	
-5.368009444659454700000000000000000000000e+91	
1.154892588714996613000000000000000000000e+92	
-1.238923705034988495000000000000000000000e+92	
4.531192519686833882000000000000000000000e+91	
-1.940697041781301719000000000000000000000e+92	
-2.483048348518518978000000000000000000000e+91	
1.392582344428675939000000000000000000000e+92	
-1.001233949321309168800000000000000000000e+92	
6.400279384634819464000000000000000000000e+91	
-1.753788355286503161000000000000000000000e+92	
-1.121519454777692619000000000000000000000e+91	
1.478004696203100323000000000000000000000e+92	
-9.158115975468847848000000000000000000000e+91	
7.856065588151884656000000000000000000000e+91	
-1.608209734934796642000000000000000000000e+92	
9.355300561910807001000000000000000000000e+90	
1.743806055112129165000000000000000000000e+92	
-6.500102386378559429000000000000000000000e+91	
1.000612858268296906100000000000000000000e+92	
-1.393203435481688202000000000000000000000e+92	
2.577895246769495416000000000000000000000e+91	
1.857298060254785715000000000000000000000e+92	
-5.365182334951993924000000000000000000000e+91	
1.144604115427859814000000000000000000000e+92	
-1.249212178322125294000000000000000000000e+92	
4.322648553606701123000000000000000000000e+91	
-1.961551438389314995000000000000000000000e+92	
-2.797198964619339182000000000000000000000e+91	
1.350611873518437768000000000000000000000e+92	
-1.043204420231547339200000000000000000000e+92	
5.875073113394074546000000000000000000000e+91	
-1.806308982410577653000000000000000000000e+92	
-1.752174783436523780000000000000000000000e+91	
1.404399505454446519000000000000000000000e+92	
-9.894167882955385882000000000000000000000e+91	
7.343977976590285616000000000000000000000e+91	
-1.659418496090956546000000000000000000000e+92	
6.472952807573116478000000000000000000000e+90	
1.737356720748818918000000000000000000000e+92	
-6.564595730011661892000000000000000000000e+91	
1.016526532196570187600000000000000000000e+92	
-1.377289761553414920000000000000000000000e+92	
2.960550775497979716000000000000000000000e+91	
1.917904368263917498000000000000000000000e+92	
-4.759119254860676092000000000000000000000e+91	
1.157865690972364400000000000000000000000e+92	
-1.235950602777620707000000000000000000000e+92	
3.982052603848868086000000000000000000000e+91	
-1.995611033365098299000000000000000000000e+92	
-3.610771117396840464000000000000000000000e+91	
1.221980576436858116000000000000000000000e+92	
-1.171835717313126992000000000000000000000e+92	
5.449458334045288090000000000000000000000e+91	
-1.848870460345456298000000000000000000000e+92	
-1.317519713011760728000000000000000000000e+91	
1.533849184622114371000000000000000000000e+92	
-8.599671091278707365000000000000000000000e+91	
8.059964559516515211000000000000000000000e+91	
-1.587819837798333586000000000000000000000e+92	
7.850595607808751648000000000000000000000e+90	
1.693339694717542850000000000000000000000e+92	
-7.004765990324422576000000000000000000000e+91	
9.484455555700790644000000000000000000000e+91	
-1.445370738179906043000000000000000000000e+92	
2.039221261791523882000000000000000000000e+91	
1.801731412040184080000000000000000000000e+92	
-5.920848817098010270000000000000000000000e+91	
1.092707236992719820000000000000000000000e+92	
-1.301109056757265287000000000000000000000e+92	
3.840359203790887418000000000000000000000e+91	
2.017679476578737701000000000000000000000e+92	
-3.761368171712474062000000000000000000000e+91	
1.257885052449938492000000000000000000000e+92	
-1.135931241300046615000000000000000000000e+92	
4.984687534683037813000000000000000000000e+91	
-1.895347540281681326000000000000000000000e+92	
-2.605696085468404919000000000000000000000e+91	
1.322731968303177424000000000000000000000e+92	
-1.071084325446807684000000000000000000000e+92	
6.450454249760542598000000000000000000000e+91	
-1.748770868773930848000000000000000000000e+92	
-3.230385564448771628000000000000000000000e+90	
1.632646148582489118000000000000000000000e+92	
-7.611701451674959893000000000000000000000e+91	
9.041425922728824729000000000000000000000e+91	
-1.489673701477102635000000000000000000000e+92	
1.760015886560721598000000000000000000000e+91	
1.790185147286985662000000000000000000000e+92	
-6.036311464629994456000000000000000000000e+91	
1.046535922494318466600000000000000000000e+92	
-1.347280371255666641000000000000000000000e+92	
3.032567879045187332000000000000000000000e+91	
1.902309749321339476000000000000000000000e+92	
-4.915065444286456320000000000000000000000e+91	
1.190518906664298181000000000000000000000e+92	
-1.203297387085686927000000000000000000000e+92	
4.790822993222088926000000000000000000000e+91	
-1.914733994427776215000000000000000000000e+92	
-2.320002489964039178000000000000000000000e+91	
1.399233275490411609000000000000000000000e+92	
-9.945830182595734990000000000000000000000e+91	
6.370300190437295650000000000000000000000e+91	
-1.756786274706255543000000000000000000000e+92	
-1.247939134577369172000000000000000000000e+91	
1.455723479194429032000000000000000000000e+92	
-9.380928145555560750000000000000000000000e+91	
7.837477109268155364000000000000000000000e+91	
-1.610068582823169571000000000000000000000e+92	
1.121063632974671783000000000000000000000e+91	
1.782761459861726293000000000000000000000e+92	
-6.110548338882588142000000000000000000000e+91	
1.059960156649193024000000000000000000000e+92	
-1.333856137100792084000000000000000000000e+92	
3.375185683022453104000000000000000000000e+91	
1.957398705788105326000000000000000000000e+92	
-4.364175879618797811000000000000000000000e+91	
1.201472624079766744000000000000000000000e+92	
-1.192343669670218363000000000000000000000e+92	
4.459227423694994677000000000000000000000e+91	
-1.947893551380485640000000000000000000000e+92	
-3.092511265652868436000000000000000000000e+91	
1.277913020131687666000000000000000000000e+92	
-1.115903273618297441000000000000000000000e+92	
5.921154399231642694000000000000000000000e+91	
-1.801700853826820838000000000000000000000e+92	
-9.334084097766946134000000000000000000000e+90	
1.563506197561237298000000000000000000000e+92	
-8.303100961887478092000000000000000000000e+91	
8.269037081478967717000000000000000000000e+91	
-1.566912585602088336000000000000000000000e+92	
9.066780200480141200000000000000000000000e+90	
1.696760486680991209000000000000000000000e+92	
-6.970558070689938990000000000000000000000e+91	
9.703538851884659969000000000000000000000e+91	
-1.423462408561519111000000000000000000000e+92	
2.443087928020461555000000000000000000000e+91	
1.860587219596018820000000000000000000000e+92	
-5.332290741539662874000000000000000000000e+91	
1.112411271496542860000000000000000000000e+92	
-1.281405022253442248000000000000000000000e+92	
3.646076664039328452000000000000000000000e+91	
-2.029208627346052262000000000000000000000e+92	
-3.828237809849007575000000000000000000000e+91	
1.212078934104865981000000000000000000000e+92	
-1.181737359645119126000000000000000000000e+92	
5.099987767906228478000000000000000000000e+91	
-1.883817516959362260000000000000000000000e+92	
-1.917319779031546988000000000000000000000e+91	
1.448848686122827651000000000000000000000e+92	
-9.449676076271574563000000000000000000000e+91	
6.959879174458317045000000000000000000000e+91	
-1.697828376304153403000000000000000000000e+92	
-5.649817674039440408000000000000000000000e+90	
1.533352407086450226000000000000000000000e+92	
-8.604638866635348818000000000000000000000e+91	
8.415271265527560428000000000000000000000e+91	
-1.552289167197229065000000000000000000000e+92	
1.500461451185373429000000000000000000000e+91	
1.800871481422945938000000000000000000000e+92	
-5.929448123270391692000000000000000000000e+91	
1.058250286581836978600000000000000000000e+92	
-1.335566007168148129000000000000000000000e+92	
3.159986703262895179000000000000000000000e+91	
1.916078638714670926000000000000000000000e+92	
-4.777376550353141812000000000000000000000e+91	
1.202096545575973412000000000000000000000e+92	
-1.191719748174011696000000000000000000000e+92	
4.884697782668258904000000000000000000000e+91	
-1.905346515483159217000000000000000000000e+92	
-2.248018400469617947000000000000000000000e+91	
1.404243703874119700000000000000000000000e+92	
-9.895725898758654077000000000000000000000e+91	
6.398535557489697202000000000000000000000e+91	
-1.753962738001015387000000000000000000000e+92	
-1.241561800856029744000000000000000000000e+91	
1.454176497037185068000000000000000000000e+92	
-9.396397967128000400000000000000000000000e+91	
7.868246927578914810000000000000000000000e+91	
-1.606991600992093626000000000000000000000e+92	
1.198050079193179968000000000000000000000e+91	
1.795079467222039055000000000000000000000e+92	
-5.987368265279460522000000000000000000000e+91	
1.076895227840315761000000000000000000000e+92	
-1.316921065909669347000000000000000000000e+92	
3.590684055606181854000000000000000000000e+91	
1.983561012493692097000000000000000000000e+92	
-4.102552812562930106000000000000000000000e+91	
1.217841739959856989000000000000000000000e+92	
-1.175974553790128118000000000000000000000e+92	
4.525035411788933030000000000000000000000e+91	
-1.941312752571091805000000000000000000000e+92	
-3.124537734972983538000000000000000000000e+91	
1.264931796363257640000000000000000000000e+92	
-1.128884497386727467000000000000000000000e+92	
5.998388014184675034000000000000000000000e+91	
-1.793977492331517604000000000000000000000e+92	
-6.492319822205992746000000000000000000000e+90	
1.612607822701696662000000000000000000000e+92	
-7.812084710482884454000000000000000000000e+91	
8.966790219231661912000000000000000000000e+91	
-1.497137271826818916000000000000000000000e+92	
1.811065157877086459000000000000000000000e+91	
1.807852316964680938000000000000000000000e+92	
-5.859639767853041692000000000000000000000e+91	
1.041163570603115410900000000000000000000e+92	
-1.352652723146869697000000000000000000000e+92	
2.748563804702360620000000000000000000000e+91	
1.850892746663524405000000000000000000000e+92	
-5.429235470864607030000000000000000000000e+91	
1.187864021212081951000000000000000000000e+92	
-1.205952272537903157000000000000000000000e+92	
5.251652637446413832000000000000000000000e+91	
-1.868651030005343724000000000000000000000e+92	
-1.372036899532062629000000000000000000000e+91	
1.542719185971548116000000000000000000000e+92	
-8.510971077784369914000000000000000000000e+91	
8.291810498450268270000000000000000000000e+91	
-1.564635243904958280000000000000000000000e+92	
1.159980186049885534000000000000000000000e+91	
1.745132105512893345000000000000000000000e+92	
-6.486841882370917626000000000000000000000e+91	
9.808304563095819909000000000000000000000e+91	
-1.412985837440403117000000000000000000000e+92	
2.169091753537928249000000000000000000000e+91	
1.795330263334227583000000000000000000000e+92	
-5.984860304157575247000000000000000000000e+91	
1.127331449995321693000000000000000000000e+92	
-1.266484843754663414000000000000000000000e+92	
4.596650780926492818000000000000000000000e+91	
-1.934151215657335826000000000000000000000e+92	
-2.076690178191562378000000000000000000000e+91	
1.467291186882569736000000000000000000000e+92	
-9.265251068674153713000000000000000000000e+91	
7.487928492942175490000000000000000000000e+91	
-1.645023444455767559000000000000000000000e+92	
3.065208512442501480000000000000000000000e+90	
1.654830906406143855000000000000000000000e+92	
-7.389853873438412530000000000000000000000e+91	
8.902186843232457186000000000000000000000e+91	
-1.503597609426739389000000000000000000000e+92	
1.259869850499622059000000000000000000000e+91	
1.704097809198073789000000000000000000000e+92	
-6.897184845519113188000000000000000000000e+91	
1.036878382012651374200000000000000000000e+92	
-1.356937911737333733000000000000000000000e+92	
3.699910083881441031000000000000000000000e+91	
2.045397713057912946000000000000000000000e+92	
-3.484185806920721614000000000000000000000e+91	
1.327345653228989327000000000000000000000e+92	
-1.066470640520995781000000000000000000000e+92	
6.096509447205971358000000000000000000000e+91	
-1.784165349029387972000000000000000000000e+92	
-1.076865903094754477000000000000000000000e+91	
1.517295060370760924000000000000000000000e+92	
-8.765212333792241832000000000000000000000e+91	
7.511698483944763102000000000000000000000e+91	
-1.642646445355508798000000000000000000000e+92	
-1.457408780598638463000000000000000000000e+90	
1.562025252006427243000000000000000000000e+92	
-8.317910417435578650000000000000000000000e+91	
8.981950015894282542000000000000000000000e+91	
-1.495621292160556853000000000000000000000e+92	
2.346951180495210712000000000000000000000e+91	
1.913487626959474493000000000000000000000e+92	
-4.803286667905106142000000000000000000000e+91	
1.198819686365310632000000000000000000000e+92	
-1.194996607384674475000000000000000000000e+92	
4.845074129248257683000000000000000000000e+91	
-1.909308880825159339000000000000000000000e+92	
-2.294493703660363818000000000000000000000e+91	
1.398911349562451927000000000000000000000e+92	
-9.949049441875331804000000000000000000000e+91	
6.338367182594935502000000000000000000000e+91	
-1.759979575490491557000000000000000000000e+92	
-1.308571601077150056000000000000000000000e+91	
1.446791714958080540000000000000000000000e+92	
-9.470245787919045680000000000000000000000e+91	
7.808964859134950064000000000000000000000e+91	
-1.612919807836490101000000000000000000000e+92	
1.153326514191752538000000000000000000000e+91	
1.792062236536450608000000000000000000000e+92	
-6.017540572135344994000000000000000000000e+91	
1.075332398800157582000000000000000000000e+92	
-1.318483894949827526000000000000000000000e+92	
3.589592543571618870000000000000000000000e+91	
-2.034857039392823220000000000000000000000e+92	
-3.570573743072694521000000000000000000000e+91	
1.269244525366168490000000000000000000000e+92	
-1.124571768383816617000000000000000000000e+92	
5.021120984165110718000000000000000000000e+91	
-1.891704195333474036000000000000000000000e+92	
-2.646385514989602714000000000000000000000e+91	
1.310954575607348702000000000000000000000e+92	
-1.082861718142636406000000000000000000000e+92	
6.495915339592879300000000000000000000000e+91	
-1.744224759790697178000000000000000000000e+92	
-1.144236866180604899000000000000000000000e+90	
1.669814893927897052000000000000000000000e+92	
-7.240013998220880555000000000000000000000e+91	
9.576104803851760090000000000000000000000e+91	
-1.436205813364809098000000000000000000000e+92	
2.457605079782801021000000000000000000000e+91	
1.876226990298997869000000000000000000000e+92	
-5.175893034509872384000000000000000000000e+91	
1.113257073418332425000000000000000000000e+92	
-1.280559220331652682000000000000000000000e+92	
3.506668620250208745000000000000000000000e+91	
-2.043149431724964233000000000000000000000e+92	
-4.115438328480950308000000000000000000000e+91	
1.168586989911563362000000000000000000000e+92	
-1.225229303838421745000000000000000000000e+92	
4.978161709984980068000000000000000000000e+91	
-1.896000122751487101000000000000000000000e+92	
-1.726208269406825387000000000000000000000e+91	
1.499238019947798776000000000000000000000e+92	
-8.945782738021863320000000000000000000000e+91	
7.776398679918265669000000000000000000000e+91	
-1.616176425758158541000000000000000000000e+92	
5.640083213191532533000000000000000000000e+90	
1.677482923633276430000000000000000000000e+92	
-7.163333701167086778000000000000000000000e+91	
9.193914515927200334000000000000000000000e+91	
-1.474424842157265074000000000000000000000e+92	
1.616772571950713799000000000000000000000e+91	
1.746302342667126027000000000000000000000e+92	
-6.475139510828590802000000000000000000000e+91	
1.065244756555141814000000000000000000000e+92	
-1.328571537194843294000000000000000000000e+92	
3.845261108088641950000000000000000000000e+91	
2.046108426734313670000000000000000000000e+92	
-3.477078670156714375000000000000000000000e+91	
1.314238858112887678000000000000000000000e+92	
-1.079577435637097430000000000000000000000e+92	
5.827335173398794266000000000000000000000e+91	
-1.811082776410105681000000000000000000000e+92	
-1.484077768491485497000000000000000000000e+91	
1.462776984357270465000000000000000000000e+92	
-9.310393093927146425000000000000000000000e+91	
7.259133083549246324000000000000000000000e+91	
-1.667902985395060475000000000000000000000e+92	
-1.058365439304530002000000000000000000000e+90	
1.595248103597710801000000000000000000000e+92	
-7.985681901522743064000000000000000000000e+91	
8.695303732222150370000000000000000000000e+91	
-1.524285920527770071000000000000000000000e+92	
1.441738091239166486000000000000000000000e+91	
1.761140421547718073000000000000000000000e+92	
-6.326758722022670346000000000000000000000e+91	
1.011642663590403173600000000000000000000e+92	
-1.382173630159581934000000000000000000000e+92	
2.625179064620322356000000000000000000000e+91	
1.855728154517833105000000000000000000000e+92	
-5.380881392321520023000000000000000000000e+91	
1.156360677996512650000000000000000000000e+92	
-1.237455615753472457000000000000000000000e+92	
4.573412540820333232000000000000000000000e+91	
-1.936475039667951784000000000000000000000e+92	
-2.413302904401459023000000000000000000000e+91	
1.402308061287329986000000000000000000000e+92	
-9.915082324626551220000000000000000000000e+91	
6.525034585994071714000000000000000000000e+91	
-1.741312835150577936000000000000000000000e+92	
-9.692799055285902444000000000000000000000e+90	
1.495975718109762580000000000000000000000e+92	
-8.978405756402225273000000000000000000000e+91	
7.977417890433499738000000000000000000000e+91	
-1.596074504706635134000000000000000000000e+92	
9.985534845381838416000000000000000000000e+90	
1.744278413393070034000000000000000000000e+92	
-6.495378803569150740000000000000000000000e+91	
9.952581333904998938000000000000000000000e+91	
-1.398558160359485214000000000000000000000e+92	
2.466106165915162540000000000000000000000e+91	
1.840297867469605421000000000000000000000e+92	
-5.535184262803796862000000000000000000000e+91	
1.139942071282583495000000000000000000000e+92	
-1.253874222467401613000000000000000000000e+92	
4.399348195571830199000000000000000000000e+91	
-1.953881474192802088000000000000000000000e+92	
-2.597240611659186124000000000000000000000e+91	
1.382927445725976215000000000000000000000e+92	
-1.010888848024008892400000000000000000000e+92	
6.321364893232764268000000000000000000000e+91	
-1.761679804426708681000000000000000000000e+92	
-1.182808226673771784000000000000000000000e+91	
1.473637513788952774000000000000000000000e+92	
-9.201787799610323330000000000000000000000e+91	
7.775183085633881627000000000000000000000e+91	
-1.616297985186596945000000000000000000000e+92	
8.174553938494511854000000000000000000000e+90	
1.728281223829285037000000000000000000000e+92	
-6.655350699207000702000000000000000000000e+91	
9.813725119493029790000000000000000000000e+91	
-1.412443781800682129000000000000000000000e+92	
2.348355124136462096000000000000000000000e+91	
1.830632230218779771000000000000000000000e+92	
-5.631840635312053370000000000000000000000e+91	
1.125826780105307846000000000000000000000e+92	
-1.267989513644677261000000000000000000000e+92	
4.213720889025134562000000000000000000000e+91	
-1.972444204847471651000000000000000000000e+92	
-2.827320179509850338000000000000000000000e+91	
1.355476475055998086000000000000000000000e+92	
-1.038339818693987021800000000000000000000e+92	
6.002447159129092650000000000000000000000e+91	
-1.793571577837075843000000000000000000000e+92	
-1.546111887740260535000000000000000000000e+91	
1.432870763930262134000000000000000000000e+92	
-9.609455298197229732000000000000000000000e+91	
7.461919220747971707000000000000000000000e+91	
-1.647624371675187937000000000000000000000e+92	
5.985481810248283582000000000000000000000e+90	
1.715821471927105339000000000000000000000e+92	
-6.779948218228797682000000000000000000000e+91	
9.783390359385208452000000000000000000000e+91	
-1.415477257811464262000000000000000000000e+92	
2.412236211411740128000000000000000000000e+91	
1.846437234866165014000000000000000000000e+92	
-5.473790588838200936000000000000000000000e+91	
1.121688546843701286000000000000000000000e+92	
-1.272127746906283822000000000000000000000e+92	
3.973005428373513952000000000000000000000e+91	
2.015235233332023806000000000000000000000e+92	
-3.785810604179613020000000000000000000000e+91	
1.263346865004620811000000000000000000000e+92	
-1.130469428745364296000000000000000000000e+92	
5.118326872357382624000000000000000000000e+91	
-1.881983606514246845000000000000000000000e+92	
-2.393074861971807235000000000000000000000e+91	
1.351888348561678682000000000000000000000e+92	
-1.041927945188306425500000000000000000000e+92	
6.574617850438638490000000000000000000000e+91	
-1.736354508706121259000000000000000000000e+92	
-3.661918479994326776000000000000000000000e+90	
1.611607457025141091000000000000000000000e+92	
-7.822088367248440162000000000000000000000e+91	
8.663888609910247668000000000000000000000e+91	
-1.527427432758960341000000000000000000000e+92	
1.215411361851599587000000000000000000000e+91	
1.719026288022607927000000000000000000000e+92	
-6.747900057273771808000000000000000000000e+91	
1.010799344990515928500000000000000000000e+92	
-1.383016948759469179000000000000000000000e+92	
3.029248636356299527000000000000000000000e+91	
1.937364858534849868000000000000000000000e+92	
-4.564514352151352395000000000000000000000e+91	
1.178366476743801189000000000000000000000e+92	
-1.215449817006183918000000000000000000000e+92	
4.197458239353541963000000000000000000000e+91	
-1.974070469814630911000000000000000000000e+92	
-3.384972878740068489000000000000000000000e+91	
1.245599143411449414000000000000000000000e+92	
-1.148217150338535694000000000000000000000e+92	
5.663350413556640222000000000000000000000e+91	
-1.827481252394321085000000000000000000000e+92	
-1.125910128935086404000000000000000000000e+91	
1.550783002414150065000000000000000000000e+92	
-8.430332913358350423000000000000000000000e+91	
8.207042415040136854000000000000000000000e+91	
-1.573112052245971422000000000000000000000e+92	
9.098881721513153066000000000000000000000e+90	
1.703598738712295982000000000000000000000e+92	
-6.902175550376891250000000000000000000000e+91	
9.633953671815828733000000000000000000000e+91	
-1.430420926568402234000000000000000000000e+92	
2.235603709638537068000000000000000000000e+91	
1.826055756716305932000000000000000000000e+92	
-5.677605370336791752000000000000000000000e+91	
1.107085099936806903000000000000000000000e+92	
-1.286731193813178205000000000000000000000e+92	
3.884722516338749694000000000000000000000e+91	
2.012179223723481447000000000000000000000e+92	
-3.816370700265036606000000000000000000000e+91	
1.248083416756314424000000000000000000000e+92	
-1.145732876993670683000000000000000000000e+92	
4.843678755956366414000000000000000000000e+91	
-1.909448418154348466000000000000000000000e+92	
-2.789675890045626849000000000000000000000e+91	
1.300039023789580355000000000000000000000e+92	
-1.093777269960404752000000000000000000000e+92	
6.314692946031292600000000000000000000000e+91	
-1.762346999146855848000000000000000000000e+92	
-3.676770902070877744000000000000000000000e+90	
1.637290037316993028000000000000000000000e+92	
-7.565262564329920795000000000000000000000e+91	
9.178896904889998123000000000000000000000e+91	
-1.475926603260985295000000000000000000000e+92	
1.988473659804336039000000000000000000000e+91	
1.822125075600843235000000000000000000000e+92	
-5.716912181491418722000000000000000000000e+91	
1.059193642001274875900000000000000000000e+92	
-1.334622651748710232000000000000000000000e+92	
2.966418947371744839000000000000000000000e+91	
1.876431834836608698000000000000000000000e+92	
-5.173844589133764098000000000000000000000e+91	
1.205427796586157393000000000000000000000e+92	
-1.188388497163827715000000000000000000000e+92	
5.347576953753234741000000000000000000000e+91	
-1.859058598374661634000000000000000000000e+92	
-1.355786349855729312000000000000000000000e+91	
1.536380829382189738000000000000000000000e+92	
-8.574354643677953700000000000000000000000e+91	
8.148832448314290292000000000000000000000e+91	
-1.578933048918556078000000000000000000000e+92	
9.374472632757962821000000000000000000000e+90	
1.714927285160760371000000000000000000000e+92	
-6.788890085892247366000000000000000000000e+91	
9.565727837627338715000000000000000000000e+91	
-1.437243509987251236000000000000000000000e+92	
1.985956909088313532000000000000000000000e+91	
1.782958008760703166000000000000000000000e+92	
-6.108582849892819418000000000000000000000e+91	
1.102406898923248968000000000000000000000e+92	
-1.291409394826736140000000000000000000000e+92	
4.221944773946162866000000000000000000000e+91	
2.084282765606266377000000000000000000000e+92	
-3.095335281437187306000000000000000000000e+91	
1.352918917464974036000000000000000000000e+92	
-1.040897376285011072000000000000000000000e+92	
6.219190454913493278000000000000000000000e+91	
-1.771897248258635780000000000000000000000e+92	
-1.087170314537923306000000000000000000000e+91	
1.502972695566206999000000000000000000000e+92	
-8.908435981837781084000000000000000000000e+91	
7.649865432414520692000000000000000000000e+91	
-1.628829750508533038000000000000000000000e+92	
2.736766279128774732000000000000000000000e+90	
1.632078061422057203000000000000000000000e+92	
-7.617382323279279046000000000000000000000e+91	
9.086829673719669866000000000000000000000e+91	
-1.485133326378018121000000000000000000000e+92	
1.856478836979857389000000000000000000000e+91	
1.804934821220269838000000000000000000000e+92	
-5.888814725297152691000000000000000000000e+91	
1.050469248832386450100000000000000000000e+92	
-1.343347044917598658000000000000000000000e+92	
2.963791495942526891000000000000000000000e+91	
1.884626526630702399000000000000000000000e+92	
-5.091897671192827088000000000000000000000e+91	
1.195719296208620981000000000000000000000e+92	
-1.198096997541364126000000000000000000000e+92	
5.071549126667137456000000000000000000000e+91	
-1.886661381083271362000000000000000000000e+92	
-1.810667946188394206000000000000000000000e+91	
1.473016193798749802000000000000000000000e+92	
-9.208000999512353056000000000000000000000e+91	
7.336510298425712702000000000000000000000e+91	
-1.660165263907413838000000000000000000000e+92	
-5.346175949463052417000000000000000000000e+89	
1.597986583287445894000000000000000000000e+92	
-7.958297104625392136000000000000000000000e+91	
8.775519212387738000000000000000000000000e+91	
-1.516264372511211308000000000000000000000e+92	
1.574757962548106216000000000000000000000e+91	
1.779720219888933431000000000000000000000e+92	
-6.140960738610516764000000000000000000000e+91	
1.019031929695789490200000000000000000000e+92	
-1.374784364054195617000000000000000000000e+92	
2.587222094980830973000000000000000000000e+91	
1.840753060879446993000000000000000000000e+92	
-5.530632328705381145000000000000000000000e+91	
1.165056364432963142000000000000000000000e+92	
-1.228759929317021966000000000000000000000e+92	
4.896959404105306222000000000000000000000e+91	
-1.904120353339454485000000000000000000000e+92	
-1.853283785397761648000000000000000000000e+91	
1.481945430299096996000000000000000000000e+92	
-9.118708634508881118000000000000000000000e+91	
7.557645221188795571000000000000000000000e+91	
-1.638051771631105550000000000000000000000e+92	
2.994501072449504254000000000000000000000e+90	
1.646448906246128061000000000000000000000e+92	
-7.473673875038570466000000000000000000000e+91	
8.980846861831755006000000000000000000000e+91	
-1.495731607566809607000000000000000000000e+92	
1.500929028239652662000000000000000000000e+91	
1.744435560804471230000000000000000000000e+92	
-6.493807329455138778000000000000000000000e+91	
1.042822466518843149500000000000000000000e+92	
-1.350993827231141958000000000000000000000e+92	
3.415585424114955375000000000000000000000e+91	
1.982605804697401027000000000000000000000e+92	
-4.112104890525840807000000000000000000000e+91	
1.230211402069443299000000000000000000000e+92	
-1.163604891680541808000000000000000000000e+92	
4.781914418369344678000000000000000000000e+91	
-1.915624851913050640000000000000000000000e+92	
-2.734542623480128121000000000000000000000e+91	
1.317236293245147484000000000000000000000e+92	
-1.076580000504837623000000000000000000000e+92	
6.239253945531990720000000000000000000000e+91	
-1.769890899196786036000000000000000000000e+92	
-6.904046569509544491000000000000000000000e+90	
1.580300730771468724000000000000000000000e+92	
-8.135155629785163830000000000000000000000e+91	
8.361961347009820803000000000000000000000e+91	
-1.557620159049003027000000000000000000000e+92	
9.246185545694168942000000000000000000000e+90	
1.691059898730317334000000000000000000000e+92	
-7.027563950196677740000000000000000000000e+91	
9.805162831161576382000000000000000000000e+91	
-1.413300010633827469000000000000000000000e+92	
2.703262821123298045000000000000000000000e+91	
1.902451909721957267000000000000000000000e+92	
-4.913643840280278405000000000000000000000e+91	
1.141140312427173665000000000000000000000e+92	
-1.252675981322811443000000000000000000000e+92	
3.802075953276419622000000000000000000000e+91	
-2.013608698422343145000000000000000000000e+92	
-3.803464301330751787000000000000000000000e+91	
1.201440237568118010000000000000000000000e+92	
-1.192376056181867098000000000000000000000e+92	
5.271220979725767002000000000000000000000e+91	
-1.866694195777408407000000000000000000000e+92	
-1.468604552621373448000000000000000000000e+91	
1.521454600839176105000000000000000000000e+92	
-8.723616929108090025000000000000000000000e+91	
7.963144217262637000000000000000000000000e+91	
-1.597501872023721408000000000000000000000e+92	
7.153512146193763031000000000000000000000e+90	
1.689078710434144091000000000000000000000e+92	
-7.047375833158410168000000000000000000000e+91	
9.384574883501831136000000000000000000000e+91	
-1.455358805399801994000000000000000000000e+92	
1.882098262069798838000000000000000000000e+91	
1.780297728081509804000000000000000000000e+92	
-6.135185656684753033000000000000000000000e+91	
1.083406334164395903000000000000000000000e+92	
-1.310409959585589205000000000000000000000e+92	
3.868617605877769932000000000000000000000e+91	
-2.006954533162208114000000000000000000000e+92	
-3.093361652496295982000000000000000000000e+91	
1.336774574122485828000000000000000000000e+92	
-1.057041719627499279500000000000000000000e+92	
5.894411286517184534000000000000000000000e+91	
-1.804375165098266654000000000000000000000e+92	
-1.575203930985325176000000000000000000000e+91	
1.437852013763002870000000000000000000000e+92	
-9.559642799869822379000000000000000000000e+91	
7.344737936321398486000000000000000000000e+91	
-1.659342500117845259000000000000000000000e+92	
3.144562212568495081000000000000000000000e+90	
1.670729515021437198000000000000000000000e+92	
-7.230867787285479099000000000000000000000e+91	
9.165726205753231900000000000000000000000e+91	
-1.477243673174661918000000000000000000000e+92	
1.627910456599159395000000000000000000000e+91	
1.751346793476500437000000000000000000000e+92	
-6.424695002734846702000000000000000000000e+91	
1.061966887395518815000000000000000000000e+92	
-1.331849406354466293000000000000000000000e+92	
3.729300634301215604000000000000000000000e+91	
2.026198340825114194000000000000000000000e+92	
-3.676179529248709134000000000000000000000e+91	
1.286018871301703644000000000000000000000e+92	
-1.107797422448281463000000000000000000000e+92	
5.462077651960199742000000000000000000000e+91	
-1.847608528553965133000000000000000000000e+92	
-1.932351608145138244000000000000000000000e+91	
1.409652100024453603000000000000000000000e+92	
-9.841641937255315047000000000000000000000e+91	
6.904138406943884184000000000000000000000e+91	
-1.703402453055596689000000000000000000000e+92	
-2.846647698196228573000000000000000000000e+90	
1.594973158845094282000000000000000000000e+92	
-7.988431349048908251000000000000000000000e+91	
8.320054267595332453000000000000000000000e+91	
-1.561810866990451862000000000000000000000e+92	
6.941739907402477738000000000000000000000e+90	
1.649171076807645130000000000000000000000e+92	
-7.446452169423399775000000000000000000000e+91	
9.785501649521399014000000000000000000000e+91	
-1.415266128797845206000000000000000000000e+92	
3.082629994666189348000000000000000000000e+91	
1.980271604241986276000000000000000000000e+92	
-4.135446895079988312000000000000000000000e+91	
1.258823135643236171000000000000000000000e+92	
-1.134993158106748936000000000000000000000e+92	
5.377337086479742106000000000000000000000e+91	
-1.856082585102010897000000000000000000000e+92	
-1.829968554272102706000000000000000000000e+91	
1.438593454808891242000000000000000000000e+92	
-9.552228389410938653000000000000000000000e+91	
6.797489101293920228000000000000000000000e+91	
-1.714067383620593085000000000000000000000e+92	
-7.871798212726760630000000000000000000000e+90	
1.505154780079191463000000000000000000000e+92	
-8.886615136707936448000000000000000000000e+91	
8.260139073972940106000000000000000000000e+91	
-1.567802386352691097000000000000000000000e+92	
1.472110211947298208000000000000000000000e+91	
1.810708143252238012000000000000000000000e+92	
-5.831081504977470960000000000000000000000e+91	
1.080752427825697265000000000000000000000e+92	
-1.313063865924287842000000000000000000000e+92	
3.511599877846475550000000000000000000000e+91	
-2.042656305965337552000000000000000000000e+92	
-3.780693576613383250000000000000000000000e+91	
1.235026400772979806000000000000000000000e+92	
-1.158789892977005302000000000000000000000e+92	
4.944269836290476997000000000000000000000e+91	
-1.899389310120937408000000000000000000000e+92	
-2.458038611027891345000000000000000000000e+91	
1.356295873136576958000000000000000000000e+92	
-1.037520420613408149600000000000000000000e+92	
6.387956061051345690000000000000000000000e+91	
-1.755020687644850539000000000000000000000e+92	
-7.834758421523136792000000000000000000000e+90	
1.546828314455625847000000000000000000000e+92	
-8.469879792943592609000000000000000000000e+91	
7.802523417086266978000000000000000000000e+91	
-1.613563952041358410000000000000000000000e+92	
1.405786906652782552000000000000000000000e+90	
1.590206896654742110000000000000000000000e+92	
-8.036093970952429971000000000000000000000e+91	
9.272913081480633306000000000000000000000e+91	
-1.466524985601921777000000000000000000000e+92	
2.647056313207822142000000000000000000000e+91	
1.944411891972205810000000000000000000000e+92	
-4.494044017777792978000000000000000000000e+91	
1.230657248374780133000000000000000000000e+92	
-1.163159045375204975000000000000000000000e+92	
5.172578174126133391000000000000000000000e+91	
-1.876558476337371768000000000000000000000e+92	
-1.957865776921515875000000000000000000000e+91	
1.433486076356298889000000000000000000000e+92	
-9.603302173936862181000000000000000000000e+91	
6.693229253331422556000000000000000000000e+91	
-1.724493368416842852000000000000000000000e+92	
-9.445992636856295907000000000000000000000e+90	
1.484099521974186072000000000000000000000e+92	
-9.097167717757990355000000000000000000000e+91	
8.162276268366214383000000000000000000000e+91	
-1.577588666913363669000000000000000000000e+92	
1.486881099722004797000000000000000000000e+91	
1.823442995952685017000000000000000000000e+92	
-5.703732977973000908000000000000000000000e+91	
1.104739441823588087000000000000000000000e+92	
-1.289076851926397020000000000000000000000e+92	
3.863935632426953836000000000000000000000e+91	
-2.007422730507289724000000000000000000000e+92	
-3.315948177935620609000000000000000000000e+91	
1.292736310785527275000000000000000000000e+92	
-1.101079982964457832000000000000000000000e+92	
5.282900802420203969000000000000000000000e+91	
-1.865526213507964711000000000000000000000e+92	
-2.357757101005006672000000000000000000000e+91	
1.342500940410857405000000000000000000000e+92	
-1.051315353339127702500000000000000000000e+92	
6.754182334087819200000000000000000000000e+91	
-1.718398060341203188000000000000000000000e+92	
8.667511926402402192000000000000000000000e+89	
1.684210800730940614000000000000000000000e+92	
-7.096054930190444940000000000000000000000e+91	
9.662952570632740049000000000000000000000e+91	
-1.427521036686711103000000000000000000000e+92	
2.487369967764539686000000000000000000000e+91	
1.873498032047774591000000000000000000000e+92	
-5.203182617022105166000000000000000000000e+91	
1.107359281428114260000000000000000000000e+92	
-1.286457012321870847000000000000000000000e+92	
3.416018133220221227000000000000000000000e+91	
-2.052214480427962985000000000000000000000e+92	
-4.237745620224962446000000000000000000000e+91	
1.153192155722694460000000000000000000000e+92	
-1.240624138027290647000000000000000000000e+92	
4.891359204984262540000000000000000000000e+91	
-1.904680373251558854000000000000000000000e+92	
-1.745898353834098978000000000000000000000e+91	
1.503976913593984672000000000000000000000e+92	
-8.898393801560004352000000000000000000000e+91	
7.890833254206897333000000000000000000000e+91	
-1.604732968329295374000000000000000000000e+92	
7.454551669858614479000000000000000000000e+90	
1.702325500353425768000000000000000000000e+92	
-6.914907933965593393000000000000000000000e+91	
9.366704217905070767000000000000000000000e+91	
-1.457145871959478031000000000000000000000e+92	
1.713963850331934070000000000000000000000e+91	
1.748465390434979108000000000000000000000e+92	
-6.453509033150059999000000000000000000000e+91	
1.083390164471465335000000000000000000000e+92	
-1.310426129278519772000000000000000000000e+92	
4.186459249691660450000000000000000000000e+91	
2.096194697192503520000000000000000000000e+92	
-2.976215965574815880000000000000000000000e+91	
1.380283638879305619000000000000000000000e+92	
-1.013532654870679488300000000000000000000e+92	
6.647288663793286664000000000000000000000e+91	
-1.729087427370656441000000000000000000000e+92	
-5.046979761937044533000000000000000000000e+90	
1.576649659645202341000000000000000000000e+92	
-8.171666341047827666000000000000000000000e+91	
8.103343834146693276000000000000000000000e+91	
-1.583481910335315780000000000000000000000e+92	
4.440047754879989296000000000000000000000e+90	
1.620809942237574034000000000000000000000e+92	
-7.730063515124110734000000000000000000000e+91	
9.573021241090338422000000000000000000000e+91	
-1.436514169640951265000000000000000000000e+92	
2.941245123934483607000000000000000000000e+91	
1.973239132743444720000000000000000000000e+92	
-4.205771610065403880000000000000000000000e+91	
1.258893143284862833000000000000000000000e+92	
-1.134923150465122274000000000000000000000e+92	
5.449026607552768373000000000000000000000e+91	
-1.848913632994708270000000000000000000000e+92	
-1.687324917696299089000000000000000000000e+91	
1.459949698859568298000000000000000000000e+92	
-9.338665948904168093000000000000000000000e+91	
6.951963782717337710000000000000000000000e+91	
-1.698619915478251336000000000000000000000e+92	
-6.917634928631689560000000000000000000000e+90	
1.508793516762251008000000000000000000000e+92	
-8.850227769877341000000000000000000000000e+91	
8.421356188748573258000000000000000000000e+91	
-1.551680674875127782000000000000000000000e+92	
1.758094950933820951000000000000000000000e+91	
1.851777170290261559000000000000000000000e+92	
-5.420391234597235484000000000000000000000e+91	
1.134285801811534386000000000000000000000e+92	
-1.259530491938450721000000000000000000000e+92	
4.171515056153610798000000000000000000000e+91	
-1.976664788134624028000000000000000000000e+92	
-2.996258960016018868000000000000000000000e+91	
1.325915609331433944000000000000000000000e+92	
-1.067900684418551164000000000000000000000e+92	
5.588640293906286890000000000000000000000e+91	
-1.834952264359356418000000000000000000000e+92	
-2.078058137509358579000000000000000000000e+91	
1.367868079914357891000000000000000000000e+92	
-1.025948213835627216500000000000000000000e+92	
7.062574370219338292000000000000000000000e+91	
-1.687558856728051278000000000000000000000e+92	
4.497605637961923188000000000000000000000e+90	
1.725985964109920606000000000000000000000e+92	
-6.678303296400645014000000000000000000000e+91	
1.013534318808322764500000000000000000000e+92	
-1.380281974941662343000000000000000000000e+92	
3.014372376818125770000000000000000000000e+91	
1.931656734260945119000000000000000000000e+92	
-4.621595594890399882000000000000000000000e+91	
1.168439954555521598000000000000000000000e+92	
-1.225376339194463510000000000000000000000e+92	
4.056030031931076033000000000000000000000e+91	
-1.988213290556877504000000000000000000000e+92	
-3.568543088545970984000000000000000000000e+91	
1.223030019463876002000000000000000000000e+92	
-1.170786274286109105000000000000000000000e+92	
5.527072677026678608000000000000000000000e+91	
-1.841109026047317247000000000000000000000e+92	
-1.172818860732062051000000000000000000000e+91	
1.555024582101004545000000000000000000000e+92	
-8.387917116489805624000000000000000000000e+91	
8.338738286641042868000000000000000000000e+91	
-1.559942465085880821000000000000000000000e+92	
1.130819686674706195000000000000000000000e+91	
1.734611013487123610000000000000000000000e+92	
-6.592052802628614982000000000000000000000e+91	
9.754969639316042223000000000000000000000e+91	
-1.418319329818380885000000000000000000000e+92	
2.167607009227974843000000000000000000000e+91	
1.800364226434233575000000000000000000000e+92	
-5.934520673157515326000000000000000000000e+91	
1.121394912390143858000000000000000000000e+92	
-1.272421381359841250000000000000000000000e+92	
4.427634994461943277000000000000000000000e+91	
2.106432009425613720000000000000000000000e+92	
-2.873842843243713878000000000000000000000e+91	
1.376647596626750939000000000000000000000e+92	
-1.017168697123234168200000000000000000000e+92	
6.472263739615936025000000000000000000000e+91	
-1.746589919788391505000000000000000000000e+92	
-8.183183931785869626000000000000000000000e+90	
1.531434966116040761000000000000000000000e+92	
-8.623813276339443468000000000000000000000e+91	
7.900740480282189504000000000000000000000e+91	
-1.603742245721766157000000000000000000000e+92	
4.908208132691945372000000000000000000000e+90	
1.650421072382646323000000000000000000000e+92	
-7.433952213673387848000000000000000000000e+91	
9.341336331499065559000000000000000000000e+91	
-1.459682660600078552000000000000000000000e+92	
2.182026670430156896000000000000000000000e+91	
1.844590186642506235000000000000000000000e+92	
-5.492261071074788728000000000000000000000e+91	
1.077543337008629265000000000000000000000e+92	
-1.316272956741355842000000000000000000000e+92	
3.108782218198718011000000000000000000000e+91	
1.886556841085023247000000000000000000000e+92	
-5.072594526649618606000000000000000000000e+91	
1.224236862443578130000000000000000000000e+92	
-1.169579431306406978000000000000000000000e+92	
5.622464990657368938000000000000000000000e+91	
-1.831569794684248214000000000000000000000e+92	
-9.941441308737238315000000000000000000000e+90	
1.581216152012709892000000000000000000000e+92	
-8.126001417372752152000000000000000000000e+91	
8.683853528674693834000000000000000000000e+91	
-1.525430940882515724000000000000000000000e+92	
1.559093065899392585000000000000000000000e+91	
1.785750026616768946000000000000000000000e+92	
-6.080662671332161614000000000000000000000e+91	
1.022154658863899743100000000000000000000e+92	
-1.371661634886085364000000000000000000000e+92	
2.589393078650845154000000000000000000000e+91	
1.838065974483951819000000000000000000000e+92	
-5.557503192660332890000000000000000000000e+91	
1.168516853424474688000000000000000000000e+92	
-1.225299440325510420000000000000000000000e+92	
4.993009453393158918000000000000000000000e+91	
-1.894515348410669216000000000000000000000e+92	
-1.695819156008606179000000000000000000000e+91	
1.503830294842831355000000000000000000000e+92	
-8.899859989071537530000000000000000000000e+91	
7.837847333831945160000000000000000000000e+91	
-1.610031560366790592000000000000000000000e+92	
6.409751534547009940000000000000000000000e+90	
1.686730652379403722000000000000000000000e+92	
-7.070856413705813853000000000000000000000e+91	
9.253453950896493475000000000000000000000e+91	
-1.468470898660335760000000000000000000000e+92	
1.643390546533475526000000000000000000000e+91	
1.745673632481511995000000000000000000000e+92	
-6.481426612684731128000000000000000000000e+91	
1.071578132438014372000000000000000000000e+92	
-1.322238161311970736000000000000000000000e+92	
3.978181079548294224000000000000000000000e+91	
2.066355582062299017000000000000000000000e+92	
-3.274607116876860906000000000000000000000e+91	
1.341437710265284235000000000000000000000e+92	
-1.052378583484700872600000000000000000000e+92	
6.168806066816839058000000000000000000000e+91	
-1.776935687068301202000000000000000000000e+92	
-1.073159082311900974000000000000000000000e+91	
1.510810176059020261000000000000000000000e+92	
-8.830061176909648469000000000000000000000e+91	
7.591970113098971264000000000000000000000e+91	
-1.634619282440087981000000000000000000000e+92	
7.957900159361053497000000000000000000000e+89	
1.599054846438710212000000000000000000000e+92	
-7.947614473112748959000000000000000000000e+91	
9.045042365575971480000000000000000000000e+91	
-1.489312057192387960000000000000000000000e+92	
2.102992820843604254000000000000000000000e+91	
1.858402000983160978000000000000000000000e+92	
-5.354142927668241299000000000000000000000e+91	
1.113059543695199452000000000000000000000e+92	
-1.280756750054785656000000000000000000000e+92	
3.680880192772353278000000000000000000000e+91	
-2.025728274472749780000000000000000000000e+92	
-3.765127568720412606000000000000000000000e+91	
1.221219220723623592000000000000000000000e+92	
-1.172597073026361516000000000000000000000e+92	
5.131412891839405586000000000000000000000e+91	
-1.880675004566044549000000000000000000000e+92	
-1.945842548367442746000000000000000000000e+91	
1.440004603275375373000000000000000000000e+92	
-9.538116904746097342000000000000000000000e+91	
6.811550106128134816000000000000000000000e+91	
-1.712661283137171626000000000000000000000e+92	
-7.731692711469059924000000000000000000000e+90	
1.506550792131891974000000000000000000000e+92	
-8.872655016180931340000000000000000000000e+91	
8.274187058740118292000000000000000000000e+91	
-1.566397587875973278000000000000000000000e+92	
1.486246017227454641000000000000000000000e+91	
1.812130501461007730000000000000000000000e+92	
-5.816857922889773778000000000000000000000e+91	
1.082183559346853332000000000000000000000e+92	
-1.311632734403131776000000000000000000000e+92	
3.525998882519959496000000000000000000000e+91	
-2.041216405497989158000000000000000000000e+92	
-3.766206926118193625000000000000000000000e+91	
1.236483826042820125000000000000000000000e+92	
-1.157332467707164982000000000000000000000e+92	
4.958639111819889461000000000000000000000e+91	
-1.897952382567996162000000000000000000000e+92	
-2.443874210656957727000000000000000000000e+91	
1.357691835853797877000000000000000000000e+92	
-1.036124457896187230500000000000000000000e+92	
6.402330074963709916000000000000000000000e+91	
-1.753583286253614116000000000000000000000e+92	
-7.686876477266980094000000000000000000000e+90	
1.548348531337086299000000000000000000000e+92	
-8.454677624128988082000000000000000000000e+91	
7.816829304956145276000000000000000000000e+91	
-1.612133363254370580000000000000000000000e+92	
1.539887436405132311000000000000000000000e+90	
1.591458363045610486000000000000000000000e+92	
-8.023579307043746214000000000000000000000e+91	
9.287305113783653908000000000000000000000e+91	
-1.465085782371619717000000000000000000000e+92	
2.663324779599567263000000000000000000000e+91	
1.946226288636187855000000000000000000000e+92	
-4.475900051137972526000000000000000000000e+91	
1.232659101725979394000000000000000000000e+92	
-1.161157192024005713000000000000000000000e+92	
5.194470341598906553000000000000000000000e+91	
-1.874369259590094452000000000000000000000e+92	
-1.934100907935079616000000000000000000000e+91	
1.436049740208003076000000000000000000000e+92	
-9.577665535419820320000000000000000000000e+91	
6.720736729859826426000000000000000000000e+91	
-1.721742620764002465000000000000000000000e+92	
-9.152218802015307832000000000000000000000e+90	
1.487224157958936128000000000000000000000e+92	
-9.065921357910489793000000000000000000000e+91	
8.189526583568712344000000000000000000000e+91	
-1.574863635393113873000000000000000000000e+92	
1.510137358981867468000000000000000000000e+91	
1.825369415055673224000000000000000000000e+92	
-5.684468786943118838000000000000000000000e+91	
1.106266852775921364000000000000000000000e+92	
-1.287549440974063744000000000000000000000e+92	
3.875221646178445986000000000000000000000e+91	
-2.006294129132140509000000000000000000000e+92	
-3.308648275209502434000000000000000000000e+91	
1.293067888331473944000000000000000000000e+92	
-1.100748405418511164000000000000000000000e+92	
5.294640733705961074000000000000000000000e+91	
-1.864352220379389000000000000000000000000e+92	
-2.337597206323250312000000000000000000000e+91	
1.345358507184246431000000000000000000000e+92	
-1.048457786565738676400000000000000000000e+92	
6.764915472450018096000000000000000000000e+91	
-1.717324746504983298000000000000000000000e+92	
7.957460790517011927000000000000000000000e+89	
1.681718272146102555000000000000000000000e+92	
-7.120980216038825529000000000000000000000e+91	
9.620211381109437800000000000000000000000e+91	
-1.431795155639041328000000000000000000000e+92	
2.426821740966205555000000000000000000000e+91	
1.865663391839175158000000000000000000000e+92	
-5.281529019108099491000000000000000000000e+91	
1.103300500167760933000000000000000000000e+92	
-1.290515793582224174000000000000000000000e+92	
3.413170118868580192000000000000000000000e+91	
1.921674928165346367000000000000000000000e+92	
-4.721413655846387410000000000000000000000e+91	
1.249408306626825396000000000000000000000e+92	
-1.144407987123159712000000000000000000000e+92	
5.774762504748487938000000000000000000000e+91	
-1.816340043275136314000000000000000000000e+92	
-9.412140679297084875000000000000000000000e+90	
1.576577358389534784000000000000000000000e+92	
-8.172389353604503236000000000000000000000e+91	
8.538197020627871845000000000000000000000e+91	
-1.539996591687197923000000000000000000000e+92	
1.314217388799795632000000000000000000000e+91	
1.751345479819144733000000000000000000000e+92	
-6.424708139308403742000000000000000000000e+91	
9.956049705274143948000000000000000000000e+91	
-1.398211323222570713000000000000000000000e+92	
2.402405688803566976000000000000000000000e+91	
1.827214277687036984000000000000000000000e+92	
-5.666020160629481236000000000000000000000e+91	
1.141078965879524363000000000000000000000e+92	
-1.252737327870460744000000000000000000000e+92	
4.552851214578107279000000000000000000000e+91	
-1.938531172292174380000000000000000000000e+92	
-2.301674255153941844000000000000000000000e+91	
1.426683345092886498000000000000000000000e+92	
-9.671329486570986098000000000000000000000e+91	
6.900845858915895974000000000000000000000e+91	
-1.703731707858395510000000000000000000000e+92	
-4.614759189586812180000000000000000000000e+90	
1.559948819280476771000000000000000000000e+92	
-8.338674744695083362000000000000000000000e+91	
8.337187948351654470000000000000000000000e+91	
-1.560097498914819661000000000000000000000e+92	
1.078501916192656605000000000000000000000e+91	
1.724305019750798062000000000000000000000e+92	
-6.695112739991870456000000000000000000000e+91	
9.759396323154666876000000000000000000000e+91	
-1.417876661434518420000000000000000000000e+92	
2.279466821648404199000000000000000000000e+91	
1.822288173934605388000000000000000000000e+92	
-5.715281198153797198000000000000000000000e+91	
1.120572579584120095000000000000000000000e+92	
-1.273243714165865012000000000000000000000e+92	
4.192062064228867088000000000000000000000e+91	
2.060151070640492473000000000000000000000e+92	
-3.336652231094926346000000000000000000000e+91	
1.307654320904446391000000000000000000000e+92	
-1.086161972845538717000000000000000000000e+92	
5.555320644986997920000000000000000000000e+91	
-1.838284229251285316000000000000000000000e+92	
-1.962158849499838721000000000000000000000e+91	
1.394372476263605825000000000000000000000e+92	
-9.994438174863792828000000000000000000000e+91	
7.011737737506829967000000000000000000000e+91	
-1.692642519999302111000000000000000000000e+92	
8.320053844999521970000000000000000000000e+89	
1.657773334845547687000000000000000000000e+92	
-7.360429589044374202000000000000000000000e+91	
9.137807675281924622000000000000000000000e+91	
-1.480035526221792645000000000000000000000e+92	
1.701584612841911986000000000000000000000e+91	
1.768868421832259779000000000000000000000e+92	
-6.249478719177253289000000000000000000000e+91	
1.057983131661493686500000000000000000000e+92	
-1.335833162088491421000000000000000000000e+92	
3.474516261414521525000000000000000000000e+91	
1.979235919190634568000000000000000000000e+92	
-4.145803745593505397000000000000000000000e+91	
1.217583157206593082000000000000000000000e+92	
-1.176233136543392025000000000000000000000e+92	
4.563094452044511451000000000000000000000e+91	
-1.937506848545533962000000000000000000000e+92	
-3.045854054567255428000000000000000000000e+91	
1.276860606661703510000000000000000000000e+92	
-1.116955687088281597000000000000000000000e+92	
6.031614536022001186000000000000000000000e+91	
-1.790654840147784989000000000000000000000e+92	
-7.020242114608481708000000000000000000000e+90	
1.598731005545355923000000000000000000000e+92	
-7.950852882046291844000000000000000000000e+91	
8.742088892794981083000000000000000000000e+91	
-1.519607404470486999000000000000000000000e+92	
1.500473442723083622000000000000000000000e+91	
1.768208381064810311000000000000000000000e+92	
-6.256079126851747968000000000000000000000e+91	
1.016174227240048964800000000000000000000e+92	
-1.377642066509936143000000000000000000000e+92	
2.645143365265417799000000000000000000000e+91	
1.855190712651319044000000000000000000000e+92	
-5.386255810986660634000000000000000000000e+91	
1.161184497323867061000000000000000000000e+92	
-1.232631796426118046000000000000000000000e+92	
4.675236664767038469000000000000000000000e+91	
-1.926292627273281261000000000000000000000e+92	
-2.257919517768725004000000000000000000000e+91	
1.423199660747673300000000000000000000000e+92	
-9.706166330023118077000000000000000000000e+91	
6.787456547118059486000000000000000000000e+91	
-1.715070639038179159000000000000000000000e+92	
-6.533786060755928474000000000000000000000e+90	
1.532911120394006979000000000000000000000e+92	
-8.609051733559781284000000000000000000000e+91	
8.233191930771752320000000000000000000000e+91	
-1.570497100672809876000000000000000000000e+92	
1.140804067461453940000000000000000000000e+91	
1.747156775639747566000000000000000000000e+92	
-6.466595181102375420000000000000000000000e+91	
9.867954464757059705000000000000000000000e+91	
-1.407020847274279137000000000000000000000e+92	
2.268125245891566293000000000000000000000e+91	
1.809170011644712928000000000000000000000e+92	
-5.846462821052721800000000000000000000000e+91	
1.132824883450233421000000000000000000000e+92	
-1.260991410299751686000000000000000000000e+92	
4.568163503833449845000000000000000000000e+91	
-1.936999943366640123000000000000000000000e+92	
-2.188557550684769781000000000000000000000e+91	
1.447770589651302938000000000000000000000e+92	
-9.460457040986821694000000000000000000000e+91	
7.209425395739738260000000000000000000000e+91	
-1.672873754176011282000000000000000000000e+92	
-5.523791655899808636000000000000000000000e+89	
1.610333605931587233000000000000000000000e+92	
-7.834826878183978742000000000000000000000e+91	
8.633857791385433252000000000000000000000e+91	
-1.530430514611441782000000000000000000000e+92	
1.168096841560537320000000000000000000000e+91	
1.712567325970895460000000000000000000000e+92	
-6.812489677790896471000000000000000000000e+91	
1.008003727862288633400000000000000000000e+92	
-1.385812565887696474000000000000000000000e+92	
3.037907683024273250000000000000000000000e+91	
1.941890462775524346000000000000000000000e+92	
-4.519258309744607612000000000000000000000e+91	
1.186549959244066275000000000000000000000e+92	
-1.207266334505918833000000000000000000000e+92	
4.315853642873317081000000000000000000000e+91	
-1.962230929462653400000000000000000000000e+92	
-3.230035091722366290000000000000000000000e+91	
1.264745341866600078000000000000000000000e+92	
-1.129070951883385029000000000000000000000e+92	
5.777285432470851241000000000000000000000e+91	
-1.816087750502899984000000000000000000000e+92	
-1.089463492991120879000000000000000000000e+91	
1.546682684058091735000000000000000000000e+92	
-8.471336096918933727000000000000000000000e+91	
8.088627956248915242000000000000000000000e+91	
-1.584953498125093583000000000000000000000e+92	
7.141009632211268255000000000000000000000e+90	
1.676286593397277520000000000000000000000e+92	
-7.175297003527075875000000000000000000000e+91	
9.524805039845196532000000000000000000000e+91	
-1.441335789765465454000000000000000000000e+92	
2.290346294869888526000000000000000000000e+91	
1.847910980623049829000000000000000000000e+92	
-5.459053131269352787000000000000000000000e+91	
1.094256080917631927000000000000000000000e+92	
-1.299560212832353180000000000000000000000e+92	
3.409762509163499792000000000000000000000e+91	
1.930033493944820153000000000000000000000e+92	
-4.637827998051649546000000000000000000000e+91	
1.239351728929125202000000000000000000000e+92	
-1.154464564820859906000000000000000000000e+92	
5.490136939221624082000000000000000000000e+91	
-1.844802599827822699000000000000000000000e+92	
-1.409807821393925565000000000000000000000e+91	
1.511330319751962678000000000000000000000e+92	
-8.824859739980224301000000000000000000000e+91	
7.701941510802508650000000000000000000000e+91	
-1.623622142669734242000000000000000000000e+92	
2.942682194453513591000000000000000000000e+90	
1.630990338770984274000000000000000000000e+92	
-7.628259549790008341000000000000000000000e+91	
9.142541018067263294000000000000000000000e+91	
-1.479562191943258778000000000000000000000e+92	
1.978745613204546019000000000000000000000e+91	
1.823813729781545828000000000000000000000e+92	
-5.700025639684392799000000000000000000000e+91	
1.056318752139151465600000000000000000000e+92	
-1.337497541610833642000000000000000000000e+92	
2.892057319607142120000000000000000000000e+91	
1.864436669144034148000000000000000000000e+92	
-5.293796246059509592000000000000000000000e+91	
1.203093609223698075000000000000000000000e+92	
-1.190722684526287033000000000000000000000e+92	
5.420796783860679857000000000000000000000e+91	
-1.851736615363917122000000000000000000000e+92	
-1.186052871657712068000000000000000000000e+91	
1.563000738838476212000000000000000000000e+92	
-8.308155549115088962000000000000000000000e+91	
8.511449151420113103000000000000000000000e+91	
-1.542671378607973797000000000000000000000e+92	
1.396433590994634003000000000000000000000e+91	
1.770458084388956180000000000000000000000e+92	
-6.233582093610289276000000000000000000000e+91	
1.007836237167786529400000000000000000000e+92	
-1.385980056582198578000000000000000000000e+92	
2.455939222109427638000000000000000000000e+91	
1.825693140623167885000000000000000000000e+92	
-5.681231531268172222000000000000000000000e+91	
1.154103218219870207000000000000000000000e+92	
-1.239713075530114901000000000000000000000e+92	
4.828475244318118391000000000000000000000e+91	
-1.910968769318173268000000000000000000000e+92	
-1.880741070757954204000000000000000000000e+91	
1.483300347430734897000000000000000000000e+92	
-9.105159463192502110000000000000000000000e+91	
7.612180441592564594000000000000000000000e+91	
-1.632598249590728648000000000000000000000e+92	
3.949509793031302181000000000000000000000e+90	
1.660093519889203991000000000000000000000e+92	
-7.337227738607811167000000000000000000000e+91	
9.030487214885938388000000000000000000000e+91	
-1.490767572261391269000000000000000000000e+92	
1.463806798352229627000000000000000000000e+91	
1.732051397415120224000000000000000000000e+92	
-6.617648963348648842000000000000000000000e+91	
1.048800937013182680800000000000000000000e+92	
-1.345015356736802427000000000000000000000e+92	
3.658905082996667621000000000000000000000e+91	
2.025282132037476541000000000000000000000e+92	
-3.685341617125085662000000000000000000000e+91	
1.291222961465163985000000000000000000000e+92	
-1.102593332284821123000000000000000000000e+92	
5.575291084354460440000000000000000000000e+91	
-1.836287185314539064000000000000000000000e+92	
-1.757996088584194698000000000000000000000e+91	
1.433198817852997495000000000000000000000e+92	
-9.606174758969876130000000000000000000000e+91	
7.010003247734737835000000000000000000000e+91	
-1.692815968976511324000000000000000000000e+92	
-3.083377676255218892000000000000000000000e+90	
1.579658521884711205000000000000000000000e+92	
-8.141577718652739026000000000000000000000e+91	
8.441021968664872341000000000000000000000e+91	
-1.549714096883497874000000000000000000000e+92	
1.089119344762749774000000000000000000000e+91	
1.716049742522220935000000000000000000000e+92	
-6.777665512277641728000000000000000000000e+91	
9.874061213662561266000000000000000000000e+91	
-1.406410172383728981000000000000000000000e+92	
2.591251226088386628000000000000000000000e+91	
1.873168755770205585000000000000000000000e+92	
-5.206475379797795226000000000000000000000e+91	
1.129703665244649172000000000000000000000e+92	
-1.264112628505335936000000000000000000000e+92	
3.866085732842825922000000000000000000000e+91	
-2.007207720465702515000000000000000000000e+92	
-3.561167042472313339000000000000000000000e+91	
1.243489838591103850000000000000000000000e+92	
-1.150326455158881258000000000000000000000e+92	
5.314161406719884362000000000000000000000e+91	
-1.862400153077996671000000000000000000000e+92	
-1.803031811642459118000000000000000000000e+91	
1.450293886706563654000000000000000000000e+92	
-9.435224070434214539000000000000000000000e+91	
6.874544903877789262000000000000000000000e+91	
-1.706361803362206181000000000000000000000e+92	
-7.500526539952023386000000000000000000000e+90	
1.504876620395528222000000000000000000000e+92	
-8.889396733544568858000000000000000000000e+91	
8.341790273397901825000000000000000000000e+91	
-1.559637266410194925000000000000000000000e+92	
1.638152188157930219000000000000000000000e+91	
1.835747218695449147000000000000000000000e+92	
-5.580690750545359608000000000000000000000e+91	
1.114222183324770715000000000000000000000e+92	
-1.279594110425214392000000000000000000000e+92	
3.930562276623902058000000000000000000000e+91	
-2.000760066087594902000000000000000000000e+92	
-3.277508269940666062000000000000000000000e+91	
1.293763030727654497000000000000000000000e+92	
-1.100053263022330611000000000000000000000e+92	
5.352754974719183913000000000000000000000e+91	
-1.858540796278066716000000000000000000000e+92	
-2.228345610340347825000000000000000000000e+91	
1.361394857338497555000000000000000000000e+92	
-1.032421436411487552800000000000000000000e+92	
6.816932890234346211000000000000000000000e+91	
-1.712123004726550486000000000000000000000e+92	
2.329986227813665608000000000000000000000e+89	
1.665266970593504643000000000000000000000e+92	
-7.285493231564804646000000000000000000000e+91	
9.347513962375862585000000000000000000000e+91	
-1.459064897512398849000000000000000000000e+92	
2.045993758908674043000000000000000000000e+91	
1.816772918609953018000000000000000000000e+92	
-5.770433751400320897000000000000000000000e+91	
1.077340138197511248000000000000000000000e+92	
-1.316476155552473860000000000000000000000e+92	
3.382753495997403228000000000000000000000e+91	
1.941540559664692583000000000000000000000e+92	
-4.522757340852925245000000000000000000000e+91	
1.220785593872348102000000000000000000000e+92	
-1.173030699877637006000000000000000000000e+92	
5.003893245495422036000000000000000000000e+91	
-1.893426969200442904000000000000000000000e+92	
-2.196484268153744235000000000000000000000e+91	
1.402634351340483271000000000000000000000e+92	
-9.911819424095018364000000000000000000000e+91	
6.423733381094987546000000000000000000000e+91	
-1.751442955640486353000000000000000000000e+92	
-1.175093177679930515000000000000000000000e+91	
1.464948385397465589000000000000000000000e+92	
-9.288679083525195183000000000000000000000e+91	
7.888553525370226348000000000000000000000e+91	
-1.604960941212962473000000000000000000000e+92	
1.130987893444645057000000000000000000000e+91	
1.779640718355398345000000000000000000000e+92	
-6.141755753945867628000000000000000000000e+91	
1.052728294580195114200000000000000000000e+92	
-1.341087999169789993000000000000000000000e+92	
3.261776316425119004000000000000000000000e+91	
1.941950739491357483000000000000000000000e+92	
-4.518655542586276244000000000000000000000e+91	
1.194734118710862607000000000000000000000e+92	
-1.199082175039122500000000000000000000000e+92	
4.478893635110085872000000000000000000000e+91	
-1.945926930238976520000000000000000000000e+92	
-2.985837111736942440000000000000000000000e+91	
1.297276899669059513000000000000000000000e+92	
-1.096539394080925595000000000000000000000e+92	
5.930553937082324125000000000000000000000e+91	
-1.800760900041752695000000000000000000000e+92	
-1.108156439520631911000000000000000000000e+91	
1.527625802257112321000000000000000000000e+92	
-8.661904914928727863000000000000000000000e+91	
7.726268803829306506000000000000000000000e+91	
-1.621189413367054457000000000000000000000e+92	
1.800369708931325363000000000000000000000e+90	
1.605718255368997490000000000000000000000e+92	
-7.880980383809876180000000000000000000000e+91	
9.183142773512478246000000000000000000000e+91	
-1.475502016398737283000000000000000000000e+92	
2.312523980934980088000000000000000000000e+91	
1.886494637329938406000000000000000000000e+92	
-5.073216564200467016000000000000000000000e+91	
1.148288147270916756000000000000000000000e+92	
-1.245528146479068351000000000000000000000e+92	
4.104490387414601931000000000000000000000e+91	
-1.983367255008524914000000000000000000000e+92	
-3.270228710923535174000000000000000000000e+91	
1.277834425012237143000000000000000000000e+92	
-1.115981868737747964000000000000000000000e+92	
5.546061819582376628000000000000000000000e+91	
-1.839210111791747445000000000000000000000e+92	
-1.682621337560054774000000000000000000000e+91	
1.451191488730988850000000000000000000000e+92	
-9.426248050189962572000000000000000000000e+91	
6.968502313325563319000000000000000000000e+91	
-1.696966062417428776000000000000000000000e+92	
-5.711561478368207198000000000000000000000e+90	
1.531255953537896888000000000000000000000e+92	
-8.625603402120882195000000000000000000000e+91	
8.425624330883273858000000000000000000000e+91	
-1.551253860661657722000000000000000000000e+92	
1.542116531623806453000000000000000000000e+91	
1.808165633174860605000000000000000000000e+92	
-5.856506605751245024000000000000000000000e+91	
1.068671525016889821000000000000000000000e+92	
-1.325144768733095286000000000000000000000e+92	
3.295454391944280092000000000000000000000e+91	
1.932749382540338192000000000000000000000e+92	
-4.610669112096469160000000000000000000000e+91	
1.212135882629645222000000000000000000000e+92	
-1.181680411120339885000000000000000000000e+92	
4.918810087854902321000000000000000000000e+91	
-1.901935284964494876000000000000000000000e+92	
-2.280154174687391415000000000000000000000e+91	
1.394408615464862890000000000000000000000e+92	
-9.994076782851222172000000000000000000000e+91	
6.338598610846928801000000000000000000000e+91	
-1.759956432665292228000000000000000000000e+92	
-1.263103927425077523000000000000000000000e+91	
1.455859855601453909000000000000000000000e+92	
-9.379564381485311985000000000000000000000e+91	
7.803872021177939623000000000000000000000e+91	
-1.613429091632191145000000000000000000000e+92	
1.052507095592380591400000000000000000000e+91	
1.772412400615044813000000000000000000000e+92	
-6.214038931349402944000000000000000000000e+91	
1.046119430449160523900000000000000000000e+92	
-1.347696863300824584000000000000000000000e+92	
3.201879128387397451000000000000000000000e+91	
1.936579857886213748000000000000000000000e+92	
-4.572364358637713592000000000000000000000e+91	
1.188061296601038433000000000000000000000e+92	
-1.205754997148946674000000000000000000000e+92	
4.399152488302473120000000000000000000000e+91	
-1.953901044919737796000000000000000000000e+92	
-3.078584708141059345000000000000000000000e+91	
1.286702142357989260000000000000000000000e+92	
-1.107114151391995848000000000000000000000e+92	
5.852451061730422937000000000000000000000e+91	
-1.808571187576942814000000000000000000000e+92	
-1.158628374987013993000000000000000000000e+91	
1.525340327596382792000000000000000000000e+92	
-8.684759661536023150000000000000000000000e+91	
7.731017501898102654000000000000000000000e+91	
-1.620714543560174842000000000000000000000e+92	
2.123753762950689986000000000000000000000e+90	
1.611709693591872314000000000000000000000e+92	
-7.821066001581127935000000000000000000000e+91	
9.184637975073879312000000000000000000000e+91	
-1.475352496242597176000000000000000000000e+92	
2.255629075168594015000000000000000000000e+91	
1.874969041907590380000000000000000000000e+92	
-5.188472518423947280000000000000000000000e+91	
1.130929351443762702000000000000000000000e+92	
-1.262886942306222405000000000000000000000e+92	
3.872599455049569583000000000000000000000e+91	
-2.006556348245028149000000000000000000000e+92	
-3.560393601874759838000000000000000000000e+91	
1.242993440165217566000000000000000000000e+92	
-1.150822853584767541000000000000000000000e+92	
5.321341933085209782000000000000000000000e+91	
-1.861682100441464129000000000000000000000e+92	
-1.783712818583676070000000000000000000000e+91	
1.453439028589501979000000000000000000000e+92	
-9.403772651604831284000000000000000000000e+91	
6.918122710561283214000000000000000000000e+91	
-1.702004022693856786000000000000000000000e+92	
-6.943544943692072196000000000000000000000e+90	
1.511657868461555234000000000000000000000e+92	
-8.821584252884298734000000000000000000000e+91	
8.383882853673811526000000000000000000000e+91	
-1.555428008382603955000000000000000000000e+92	
1.654537668013270708000000000000000000000e+91	
1.834816335998292585000000000000000000000e+92	
-5.589999577516925222000000000000000000000e+91	
1.110723148667593736000000000000000000000e+92	
-1.283093145082391372000000000000000000000e+92	
3.869903191314841520000000000000000000000e+91	
-2.006825974618500956000000000000000000000e+92	
-3.363823319484722582000000000000000000000e+91	
1.282567206164232678000000000000000000000e+92	
-1.111249087585752429000000000000000000000e+92	
5.295197182342855754000000000000000000000e+91	
-1.864296575515699532000000000000000000000e+92	
-2.231530022807491856000000000000000000000e+91	
1.366511048095183383000000000000000000000e+92	
-1.027305245654801724900000000000000000000e+92	
6.753053378138887588000000000000000000000e+91	
-1.718510955936096349000000000000000000000e+92	
-1.555638170803577876000000000000000000000e+90	
1.635887908322012154000000000000000000000e+92	
-7.579283854279729534000000000000000000000e+91	
8.938853591732627238000000000000000000000e+91	
-1.499930934576722384000000000000000000000e+92	
1.522520807300930001000000000000000000000e+91	
1.752950079204092524000000000000000000000e+92	
-6.408662145458925831000000000000000000000e+91	
1.037880454820078806300000000000000000000e+92	
-1.355935838929906301000000000000000000000e+92	
3.231666974947938754000000000000000000000e+91	
1.950770820110389529000000000000000000000e+92	
-4.430454736395955783000000000000000000000e+91	
1.184939968028586467000000000000000000000e+92	
-1.208876325721398640000000000000000000000e+92	
4.194902452291925422000000000000000000000e+91	
-1.974326048520792565000000000000000000000e+92	
-3.455785379635277353000000000000000000000e+91	
1.231695618854780500000000000000000000000e+92	
-1.162120674895204607000000000000000000000e+92	
5.668831356646319456000000000000000000000e+91	
-1.826933158085353162000000000000000000000e+92	
-9.759849182289551168000000000000000000000e+90	
1.580212761721694986000000000000000000000e+92	
-8.136035320282901217000000000000000000000e+91	
8.645640541012737416000000000000000000000e+91	
-1.529252239648711366000000000000000000000e+92	
1.492715017306065200000000000000000000000e+91	
1.776297117348421274000000000000000000000e+92	
-6.175191764015638336000000000000000000000e+91	
1.009888046173087517100000000000000000000e+92	
-1.383928247576897590000000000000000000000e+92	
2.438603920411319712000000000000000000000e+91	
1.820176155119304425000000000000000000000e+92	
-5.736401386306806830000000000000000000000e+91	
1.156597765782625529000000000000000000000e+92	
-1.237218527967359579000000000000000000000e+92	
4.933496179799131167000000000000000000000e+91	
-1.900466675770071991000000000000000000000e+92	
-1.695684526393796944000000000000000000000e+91	
1.509805579641687178000000000000000000000e+92	
-8.840107141082979290000000000000000000000e+91	
7.957188730132356280000000000000000000000e+91	
-1.598097420736749480000000000000000000000e+92	
8.198754427708934602000000000000000000000e+90	
1.710573606558842577000000000000000000000e+92	
-6.832426871911425310000000000000000000000e+91	
9.457242054635371729000000000000000000000e+91	
-1.448092088286447935000000000000000000000e+92	
1.812554452141814290000000000000000000000e+91	
1.759129326363812753000000000000000000000e+92	
-6.346869673861723542000000000000000000000e+91	
1.092336966314275711000000000000000000000e+92	
-1.301479327435709396000000000000000000000e+92	
4.258764472881328864000000000000000000000e+91	
2.101709794124517850000000000000000000000e+92	
-2.921064996254672580000000000000000000000e+91	
1.384084164136182806000000000000000000000e+92	
-1.009732129613802301200000000000000000000e+92	
6.668156732480185878000000000000000000000e+91	
-1.727000620501966520000000000000000000000e+92	
-5.009585627657063666000000000000000000000e+90	
1.575311587899966629000000000000000000000e+92	
-8.185047058500184784000000000000000000000e+91	
8.082073652377783702000000000000000000000e+91	
-1.585608928512206737000000000000000000000e+92	
4.148490557341310178000000000000000000000e+90	
1.617106208901450802000000000000000000000e+92	
-7.767100848485343056000000000000000000000e+91	
9.552707803992649503000000000000000000000e+91	
-1.438545513350720157000000000000000000000e+92	
2.937647260157277003000000000000000000000e+91	
1.974550071817670696000000000000000000000e+92	
-4.192662219323144115000000000000000000000e+91	
1.261873976344934283000000000000000000000e+92	
-1.131942317405050825000000000000000000000e+92	
5.495525567488872054000000000000000000000e+91	
-1.844263737001097902000000000000000000000e+92	
-1.624143634812004125000000000000000000000e+91	
1.467935229217480101000000000000000000000e+92	
-9.258810645325050062000000000000000000000e+91	
7.048484808869670504000000000000000000000e+91	
-1.688967812863018057000000000000000000000e+92	
-5.785850381295222130000000000000000000000e+90	
1.521776276107321925000000000000000000000e+92	
-8.720400176426631830000000000000000000000e+91	
8.515786627618528426000000000000000000000e+91	
-1.542237630988132265000000000000000000000e+92	
1.817145851243694877000000000000000000000e+91	
1.854146067190616090000000000000000000000e+92	
-5.396702265593690173000000000000000000000e+91	
1.133120265430374973000000000000000000000e+92	
-1.260696028319610135000000000000000000000e+92	
4.124532949259868288000000000000000000000e+91	
-1.981362998823998279000000000000000000000e+92	
-3.078550229012762996000000000000000000000e+91	
1.314157323444425281000000000000000000000e+92	
-1.079658970305559826000000000000000000000e+92	
5.545877145821521279000000000000000000000e+91	
-1.839228579167832980000000000000000000000e+92	
-2.046038810162545239000000000000000000000e+91	
1.378544538509907114000000000000000000000e+92	
-1.015271755240077993100000000000000000000e+92	
7.011067563294046587000000000000000000000e+91	
-1.692709537420580449000000000000000000000e+92	
2.400611305509486454000000000000000000000e+90	
1.689204630889526299000000000000000000000e+92	
-7.046116628604588086000000000000000000000e+91	
9.609494645101775099000000000000000000000e+91	
-1.432866829239807598000000000000000000000e+92	
2.330567272079787522000000000000000000000e+91	
1.847488428599377267000000000000000000000e+92	
-5.463278651506078403000000000000000000000e+91	
1.103236984058621723000000000000000000000e+92	
-1.290579309691363385000000000000000000000e+92	
3.593559294260533066000000000000000000000e+91	
1.957807270356271506000000000000000000000e+92	
-4.360090233937136016000000000000000000000e+91	
1.247214360538621957000000000000000000000e+92	
-1.146601933211363151000000000000000000000e+92	
5.369750898634374892000000000000000000000e+91	
-1.856841203886547618000000000000000000000e+92	
-1.729107176640616195000000000000000000000e+91	
1.459518952034625241000000000000000000000e+92	
-9.342973417153598663000000000000000000000e+91	
6.985112455169724124000000000000000000000e+91	
-1.695305048233012695000000000000000000000e+92	
-6.211773204205407198000000000000000000000e+90	
1.519594020862068505000000000000000000000e+92	
-8.742222728879166028000000000000000000000e+91	
8.450054064944322733000000000000000000000e+91	
-1.548810887255552834000000000000000000000e+92	
1.707525130941826370000000000000000000000e+91	
1.838797363569530339000000000000000000000e+92	
-5.550189301804547682000000000000000000000e+91	
1.113387113303265834000000000000000000000e+92	
-1.280429180446719274000000000000000000000e+92	
3.883378762912789831000000000000000000000e+91	
2.005611662854626076000000000000000000000e+92	
-3.882046308953590310000000000000000000000e+91	
1.255134446114916558000000000000000000000e+92	
-1.138681847635068549000000000000000000000e+92	
5.050307176491551888000000000000000000000e+91	
-1.888785576100829919000000000000000000000e+92	
-2.446997084157100993000000000000000000000e+91	
1.347905172125466361000000000000000000000e+92	
-1.045911121624518746600000000000000000000e+92	
6.505030701291263741000000000000000000000e+91	
-1.743313223620858734000000000000000000000e+92	
-4.655195736380094516000000000000000000000e+90	
1.598702106904607384000000000000000000000e+92	
-7.951141868453777230000000000000000000000e+91	
8.505124126696651967000000000000000000000e+91	
-1.543303881080319911000000000000000000000e+92	
1.026950682825965875000000000000000000000e+91	
1.697212078422602064000000000000000000000e+92	
-6.966042153273830441000000000000000000000e+91	
9.952938037151143062000000000000000000000e+91	
-1.398522490034870801000000000000000000000e+92	
2.937248510643467017000000000000000000000e+91	
1.934467236609687439000000000000000000000e+92	
-4.593490571402976688000000000000000000000e+91	
1.181768108968472519000000000000000000000e+92	
-1.212048184781512589000000000000000000000e+92	
4.294435753745045870000000000000000000000e+91	
-1.964372718375480521000000000000000000000e+92	
-3.225065505955761177000000000000000000000e+91	
1.267879734713341647000000000000000000000e+92	
-1.125936559036643460000000000000000000000e+92	
5.752790820168047870000000000000000000000e+91	
-1.818537211733180321000000000000000000000e+92	
-1.169768857025718000000000000000000000000e+91	
1.533073850002324256000000000000000000000e+92	
-8.607424437476608518000000000000000000000e+91	
7.896784400554053470000000000000000000000e+91	
-1.604137853694579760000000000000000000000e+92	
4.665299399590272071000000000000000000000e+90	
1.645959517690431468000000000000000000000e+92	
-7.478567760595536393000000000000000000000e+91	
9.339778832695057107000000000000000000000e+91	
-1.459838410480479397000000000000000000000e+92	
2.223505791144314555000000000000000000000e+91	
1.853039618872172171000000000000000000000e+92	
-5.407766748778129366000000000000000000000e+91	
1.090292148668881008000000000000000000000e+92	
-1.303524145081104100000000000000000000000e+92	
3.279242732484164460000000000000000000000e+91	
1.907897993684408443000000000000000000000e+92	
-4.859183000655766646000000000000000000000e+91	
1.236462733424649762000000000000000000000e+92	
-1.157353560325335345000000000000000000000e+92	
5.653616248097762068000000000000000000000e+91	
-1.828454668940208901000000000000000000000e+92	
-1.054054984566943780700000000000000000000e+91	
1.566123387397210552000000000000000000000e+92	
-8.276929063527745556000000000000000000000e+91	
8.441954386176127937000000000000000000000e+91	
-1.549620855132372314000000000000000000000e+92	
1.226267700633045438000000000000000000000e+91	
1.743379392917814836000000000000000000000e+92	
-6.504369008321702714000000000000000000000e+91	
9.858960817728380261000000000000000000000e+91	
-1.407920211977147082000000000000000000000e+92	
2.287897456087315839000000000000000000000e+91	
1.814022386802916312000000000000000000000e+92	
-5.797939069470687956000000000000000000000e+91	
1.131588179582432036000000000000000000000e+92	
-1.262228114167553072000000000000000000000e+92	
4.494935978275218189000000000000000000000e+91	
-1.944322695922463289000000000000000000000e+92	
-2.322615274824402900000000000000000000000e+91	
1.428284824701730382000000000000000000000e+92	
-9.655314690482547260000000000000000000000e+91	
6.953798079047222365000000000000000000000e+91	
-1.698436485845262871000000000000000000000e+92	
-3.716046573475086531000000000000000000000e+90	
1.572626012248115383000000000000000000000e+92	
-8.211902815018697249000000000000000000000e+91	
8.385723690001362933000000000000000000000e+91	
-1.555243924749848814000000000000000000000e+92	
1.048840405439816321500000000000000000000e+91	
1.713523035059971622000000000000000000000e+92	
-6.802932586900134858000000000000000000000e+91	
9.817069833248351360000000000000000000000e+91	
-1.412109310425149972000000000000000000000e+92	
2.502551328044907812000000000000000000000e+91	
1.861129492233449851000000000000000000000e+92	
-5.326868015165352565000000000000000000000e+91	
1.124385395831613414000000000000000000000e+92	
-1.269430897918371693000000000000000000000e+92	
3.880079531732474662000000000000000000000e+91	
-2.005808340576737642000000000000000000000e+92	
-3.480030182133754666000000000000000000000e+91	
1.258314489276522575000000000000000000000e+92	
-1.135501804473462533000000000000000000000e+92	
5.320234122019910308000000000000000000000e+91	
-1.861792881547994077000000000000000000000e+92	
-1.939062132592068892000000000000000000000e+91	
1.422487622995828466000000000000000000000e+92	
-9.713286707541566421000000000000000000000e+91	
6.746582018511115268000000000000000000000e+91	
-1.719158091898873581000000000000000000000e+92	
-7.279904874201381554000000000000000000000e+90	
1.522077875984882908000000000000000000000e+92	
-8.717384177651021996000000000000000000000e+91	
8.196343136503746070000000000000000000000e+91	
-1.574181980099610501000000000000000000000e+92	
1.175403347912743983000000000000000000000e+91	
1.757757955416870822000000000000000000000e+92	
-6.360583383331142856000000000000000000000e+91	
1.004534324014464494500000000000000000000e+92	
-1.389281969735520613000000000000000000000e+92	
2.516855476878883882000000000000000000000e+91	
1.841173629869571084000000000000000000000e+92	
-5.526426638804140236000000000000000000000e+91	
1.149700210553316313000000000000000000000e+92	
-1.244116083196668794000000000000000000000e+92	
4.585709152265721314000000000000000000000e+91	
-1.935245378523412976000000000000000000000e+92	
-2.322144273700568244000000000000000000000e+91	
1.419306201574957468000000000000000000000e+92	
-9.745100921750276399000000000000000000000e+91	
6.773799533497618382000000000000000000000e+91	
-1.716436340400223269000000000000000000000e+92	
-6.417706214235982120000000000000000000000e+90	
1.536597161329079879000000000000000000000e+92	
-8.572191324209052286000000000000000000000e+91	
8.216579836897739682000000000000000000000e+91	
-1.572158310060211139000000000000000000000e+92	
1.070746081900647177000000000000000000000e+91	
1.734809047744412523000000000000000000000e+92	
-6.590072460055725844000000000000000000000e+91	
9.691084477468298922000000000000000000000e+91	
-1.424707846003155215000000000000000000000e+92	
2.037889122094008542000000000000000000000e+91	
1.780812441474343635000000000000000000000e+92	
-6.130038522756414730000000000000000000000e+91	
1.115789809687579349000000000000000000000e+92	
-1.278026484062405758000000000000000000000e+92	
4.510981381876067037000000000000000000000e+91	
2.128699452251873433000000000000000000000e+92	
-2.651168414981116750000000000000000000000e+91	
1.412840909631227638000000000000000000000e+92	
-9.809753841187574699000000000000000000000e+91	
6.973386266884386458000000000000000000000e+91	
-1.696477667061546462000000000000000000000e+92	
-1.780757387542972410000000000000000000000e+90	
1.609364320714616274000000000000000000000e+92	
-7.844519730353688340000000000000000000000e+91	
8.431014557131934184000000000000000000000e+91	
-1.550714838036791689000000000000000000000e+92	
7.721993499305775096000000000000000000000e+90	
1.653681758757170430000000000000000000000e+92	
-7.401345349928146778000000000000000000000e+91	
9.900188518436206623000000000000000000000e+91	
-1.403797441906364445000000000000000000000e+92	
3.266862285257051403000000000000000000000e+91	
2.005645914417639574000000000000000000000e+92	
-3.881703793323455339000000000000000000000e+91	
1.291145067606871852000000000000000000000e+92	
-1.102671226143113256000000000000000000000e+92	
5.769998047926034799000000000000000000000e+91	
-1.816816488957381628000000000000000000000e+92	
-1.367900509878371538000000000000000000000e+91	
1.491737513376641525000000000000000000000e+92	
-9.020787803733435826000000000000000000000e+91	
7.268296434765859369000000000000000000000e+91	
-1.666986650273399171000000000000000000000e+92	
-3.769755647948439890000000000000000000000e+90	
1.540117914046987257000000000000000000000e+92	
-8.536983797029978506000000000000000000000e+91	
8.737444137306847106000000000000000000000e+91	
-1.520071880019300397000000000000000000000e+92	
2.077025459848135874000000000000000000000e+91	
1.883954335752249064000000000000000000000e+92	
-5.098619579977360433000000000000000000000e+91	
1.166746940449430821000000000000000000000e+92	
-1.227069353300554287000000000000000000000e+92	
4.498964761048879500000000000000000000000e+91	
-1.943919817645097158000000000000000000000e+92	
-2.665972349143903808000000000000000000000e+91	
1.359227819832681663000000000000000000000e+92	
-1.034588473917303444700000000000000000000e+92	
5.916187852669776644000000000000000000000e+91	
-1.802197508483007443000000000000000000000e+92	
-1.756082350723216340000000000000000000000e+91	
1.399508758684334632000000000000000000000e+92	
-9.943075350656504756000000000000000000000e+91	
7.390336056862254871000000000000000000000e+91	
-1.654782688063759620000000000000000000000e+92	
7.888714984157688579000000000000000000000e+90	
1.761031417554124793000000000000000000000e+92	
-6.327848761958603146000000000000000000000e+91	
1.049713567700444817900000000000000000000e+92	
-1.344102726049540290000000000000000000000e+92	
3.387497177684742294000000000000000000000e+91	
1.970101881569578683000000000000000000000e+92	
-4.237144121804064246000000000000000000000e+91	
1.208017205394230146000000000000000000000e+92	
-1.185799088355754961000000000000000000000e+92	
4.463117941505257304000000000000000000000e+91	
-1.947504499599459377000000000000000000000e+92	
-3.150145409094428067000000000000000000000e+91	
1.266000201546044638000000000000000000000e+92	
-1.127816092203940470000000000000000000000e+92	
5.932280645540727056000000000000000000000e+91	
-1.800588229195912402000000000000000000000e+92	
-7.920925547263929143000000000000000000000e+90	
1.590650264824012474000000000000000000000e+92	
-8.031660289259726341000000000000000000000e+91	
8.670537812764869004000000000000000000000e+91	
-1.526762512473498207000000000000000000000e+92	
1.438174083301188207000000000000000000000e+91	
1.762903156755186302000000000000000000000e+92	
-6.309131369947988058000000000000000000000e+91	
1.008919880782920631600000000000000000000e+92	
-1.384896412967064476000000000000000000000e+92	
2.553118379370546189000000000000000000000e+91	
1.844041031461873805000000000000000000000e+92	
-5.497752622881113026000000000000000000000e+91	
1.154169214119171383000000000000000000000e+92	
-1.239647079630813724000000000000000000000e+92	
4.646407237004016744000000000000000000000e+91	
-1.929175570049583433000000000000000000000e+92	
-2.245446106571573820000000000000000000000e+91	
1.428575230254498981000000000000000000000e+92	
-9.652410634954861264000000000000000000000e+91	
6.882473981197963352000000000000000000000e+91	
-1.705568895630188772000000000000000000000e+92	
-5.171199676189924478000000000000000000000e+90	
1.550659052235784389000000000000000000000e+92	
-8.431572415142007184000000000000000000000e+91	
8.323227485667507436000000000000000000000e+91	
-1.561493545183234364000000000000000000000e+92	
1.143439376772279579000000000000000000000e+91	
1.738684631640299265000000000000000000000e+92	
-6.551316621096858427000000000000000000000e+91	
9.736169011305331820000000000000000000000e+91	
-1.420199392619451926000000000000000000000e+92	
2.089299201222147397000000000000000000000e+91	
1.786585689114307888000000000000000000000e+92	
-6.072306046356772194000000000000000000000e+91	
1.120217737659395296000000000000000000000e+92	
-1.273598556090589812000000000000000000000e+92	
4.541814160134256442000000000000000000000e+91	
-1.939634877736559463000000000000000000000e+92	
-2.115234408650469245000000000000000000000e+91	
1.465065192050361443000000000000000000000e+92	
-9.287511016996236649000000000000000000000e+91	
7.481944722595606002000000000000000000000e+91	
-1.645621821490424507000000000000000000000e+92	
3.168051587450581498000000000000000000000e+90	
1.657485335331265650000000000000000000000e+92	
-7.363309584187194571000000000000000000000e+91	
8.898560755457001819000000000000000000000e+91	
-1.503960218204284926000000000000000000000e+92	
1.226088400519783804000000000000000000000e+91	
1.697705628714641366000000000000000000000e+92	
-6.961106650353437421000000000000000000000e+91	
1.036871167288309785800000000000000000000e+92	
-1.356945126461675322000000000000000000000e+92	
3.763655818316389140000000000000000000000e+91	
2.058150898659374152000000000000000000000e+92	
-3.356653950906109553000000000000000000000e+91	
1.346474276559144837000000000000000000000e+92	
-1.047342017190840270200000000000000000000e+92	
6.351518329299853878000000000000000000000e+91	
-1.758664460819999720000000000000000000000e+92	
-7.581660849129113932000000000000000000000e+90	
1.555530966105543254000000000000000000000e+92	
-8.382853276444418536000000000000000000000e+91	
7.934417030098237465000000000000000000000e+91	
-1.600374590740161361000000000000000000000e+92	
3.173170712851037109000000000000000000000e+90	
1.612362979698253294000000000000000000000e+92	
-7.814533140517318140000000000000000000000e+91	
9.399350984476675354000000000000000000000e+91	
-1.453881195302317572000000000000000000000e+92	
2.678418628373770520000000000000000000000e+91	
1.938045296310748307000000000000000000000e+92	
-4.557709974392368004000000000000000000000e+91	
1.214792554785461442000000000000000000000e+92	
-1.179023738964523666000000000000000000000e+92	
4.918997527920285262000000000000000000000e+91	
-1.901916540957956581000000000000000000000e+92	
-2.306332887998305662000000000000000000000e+91	
1.389155440954444958000000000000000000000e+92	
-1.004660852795540149400000000000000000000e+92	
6.341888889333253372000000000000000000000e+91	
-1.759627404816659770000000000000000000000e+92	
-1.204019406166602643000000000000000000000e+91	
1.467344955305242089000000000000000000000e+92	
-9.264713384447430185000000000000000000000e+91	
7.800591315106696766000000000000000000000e+91	
-1.613757162239315431000000000000000000000e+92	
9.311534767455633059000000000000000000000e+90	
1.748475623560355391000000000000000000000e+92	
-6.453406701896297162000000000000000000000e+91	
1.010387111407663970500000000000000000000e+92	
-1.383429182342321137000000000000000000000e+92	
2.726659220707440985000000000000000000000e+91	
1.877274062730587135000000000000000000000e+92	
-5.165422310193979722000000000000000000000e+91	
1.153764707434042274000000000000000000000e+92	
-1.240051586315942833000000000000000000000e+92	
4.306154193777379543000000000000000000000e+91	
-1.963200874372247153000000000000000000000e+92	
-2.921739806321624923000000000000000000000e+91	
1.327358518285377320000000000000000000000e+92	
-1.066457775464607788000000000000000000000e+92	
5.730173554480516494000000000000000000000e+91	
-1.820798938301933458000000000000000000000e+92	
-1.809483961541401268000000000000000000000e+91	
1.407423266634448977000000000000000000000e+92	
-9.863930271155361303000000000000000000000e+91	
7.188965076650210874000000000000000000000e+91	
-1.674919786084964020000000000000000000000e+92	
3.071240622741260036000000000000000000000e+90	
1.684832981777730203000000000000000000000e+92	
-7.089833119722549043000000000000000000000e+91	
9.455053862483780689000000000000000000000e+91	
-1.448310907501607039000000000000000000000e+92	
2.065457301865772658000000000000000000000e+91	
1.809916020466431906000000000000000000000e+92	
-5.839002732835532015000000000000000000000e+91	
1.089116219008403065000000000000000000000e+92	
-1.304700074741582043000000000000000000000e+92	
3.686751363331751942000000000000000000000e+91	
-2.025141157416809914000000000000000000000e+92	
-3.514074060820048989000000000000000000000e+91	
1.270830603314648585000000000000000000000e+92	
-1.122985690435336523000000000000000000000e+92	
5.108420092642658268000000000000000000000e+91	
-1.882974284485719281000000000000000000000e+92	
-2.487683630068531201000000000000000000000e+91	
1.333961488258221242000000000000000000000e+92	
-1.059854805491763866000000000000000000000e+92	
6.574693192965254783000000000000000000000e+91	
-1.736346974453459629000000000000000000000e+92	
-1.868618136013791484000000000000000000000e+90	
1.647457008724982156000000000000000000000e+92	
-7.463592850250029514000000000000000000000e+91	
9.201460444634515534000000000000000000000e+91	
-1.473670249286533554000000000000000000000e+92	
1.931970393801703165000000000000000000000e+91	
1.808572003325438812000000000000000000000e+92	
-5.852442904245462961000000000000000000000e+91	
1.062377508570669526000000000000000000000e+92	
-1.331438785179315582000000000000000000000e+92	
3.165543707174281340000000000000000000000e+91	
1.913064594939071489000000000000000000000e+92	
-4.807516988109136188000000000000000000000e+91	
1.206638543215660637000000000000000000000e+92	
-1.187177750534324471000000000000000000000e+92	
5.005640569240113581000000000000000000000e+91	
-1.893252236825973750000000000000000000000e+92	
-2.051590388986379425000000000000000000000e+91	
1.431431270857718804000000000000000000000e+92	
-9.623850228922663040000000000000000000000e+91	
6.745821337815481466000000000000000000000e+91	
-1.719234159968436961000000000000000000000e+92	
-8.189034392170549723000000000000000000000e+90	
1.503975840282446591000000000000000000000e+92	
-8.898404534675385168000000000000000000000e+91	
8.206193702409510708000000000000000000000e+91	
-1.573196923509034037000000000000000000000e+92	
1.376029846454512765000000000000000000000e+91	
1.796888704232595715000000000000000000000e+92	
-5.969275895173893926000000000000000000000e+91	
1.062723682214692654000000000000000000000e+92	
-1.331092611535292453000000000000000000000e+92	
3.289240304182306911000000000000000000000e+91	
1.937451756995944320000000000000000000000e+92	
-4.563645367540407880000000000000000000000e+91	
1.205569179345216355000000000000000000000e+92	
-1.188247114404768753000000000000000000000e+92	
4.740508360170797924000000000000000000000e+91	
-1.919765457732905315000000000000000000000e+92	
-2.571034542561244580000000000000000000000e+91	
1.354068317333849852000000000000000000000e+92	
-1.039747976416135256000000000000000000000e+92	
6.173786914267341324000000000000000000000e+91	
-1.776437602323250975000000000000000000000e+92	
-1.189443078451169541000000000000000000000e+91	
1.487061327045753804000000000000000000000e+92	
-9.067549667042313033000000000000000000000e+91	
7.611216173702996530000000000000000000000e+91	
-1.632694676379685455000000000000000000000e+92	
3.554318444397194112000000000000000000000e+90	
1.652288038456694443000000000000000000000e+92	
-7.415282552932906648000000000000000000000e+91	
9.034061855015051454000000000000000000000e+91	
-1.490410108248479962000000000000000000000e+92	
1.548970268592312472000000000000000000000e+91	
1.748722567037643356000000000000000000000e+92	
-6.450937267123417515000000000000000000000e+91	
1.048197682003711872100000000000000000000e+92	
-1.345618611746273236000000000000000000000e+92	
3.480214255814598615000000000000000000000e+91	
1.990155814255380519000000000000000000000e+92	
-4.036604794946045883000000000000000000000e+91	
1.238847996987743770000000000000000000000e+92	
-1.154968296762241338000000000000000000000e+92	
4.879140813571136509000000000000000000000e+91	
-1.905902212392871457000000000000000000000e+92	
-2.626461187152798670000000000000000000000e+91	
1.329129400770094554000000000000000000000e+92	
-1.064686892979890554000000000000000000000e+92	
6.335071698280489562000000000000000000000e+91	
-1.760309123921936151000000000000000000000e+92	
-6.176887239492615044000000000000000000000e+90	
1.585263291799918199000000000000000000000e+92	
-8.085530019500669084000000000000000000000e+91	
8.388508125885023963000000000000000000000e+91	
-1.554965481161482711000000000000000000000e+92	
9.280979876243882705000000000000000000000e+90	
1.689102255441095993000000000000000000000e+92	
-7.047140383088891144000000000000000000000e+91	
9.834388664659874144000000000000000000000e+91	
-1.410377427283997693000000000000000000000e+92	
2.781266633700212017000000000000000000000e+91	
1.915127661365020566000000000000000000000e+92	
-4.786886323849645419000000000000000000000e+91	
1.158689008141219119000000000000000000000e+92	
-1.235127285608765989000000000000000000000e+92	
4.026268100057782582000000000000000000000e+91	
-1.991189483744206849000000000000000000000e+92	
-3.530591203908418811000000000000000000000e+91	
1.233593219680751269000000000000000000000e+92	
-1.160223074069233838000000000000000000000e+92	
5.489381483178558970000000000000000000000e+91	
-1.844878145432129211000000000000000000000e+92	
-1.353761923271050546000000000000000000000e+91	
1.522612218160888762000000000000000000000e+92	
-8.712040755890963452000000000000000000000e+91	
7.871505326726766698000000000000000000000e+91	
-1.606665761077308438000000000000000000000e+92	
5.205486271343898034000000000000000000000e+90	
1.659287216114761697000000000000000000000e+92	
-7.345290776352234103000000000000000000000e+91	
9.305201112585999518000000000000000000000e+91	
-1.463296182491385156000000000000000000000e+92	
2.021156902548350342000000000000000000000e+91	
1.816035962593120690000000000000000000000e+92	
-5.777803311568644173000000000000000000000e+91	
1.072908879334478439000000000000000000000e+92	
-1.320907414415506668000000000000000000000e+92	
3.301516264257253665000000000000000000000e+91	
1.929726209799933986000000000000000000000e+92	
-4.640900839500511215000000000000000000000e+91	
1.216794883918708470000000000000000000000e+92	
-1.177021409831276638000000000000000000000e+92	
5.042183609341034088000000000000000000000e+91	
-1.889597932815881699000000000000000000000e+92	
-2.080035357278240019000000000000000000000e+91	
1.422091207432551799000000000000000000000e+92	
-9.717250863174333087000000000000000000000e+91	
6.587497363941192934000000000000000000000e+91	
-1.735066557355865814000000000000000000000e+92	
-1.042118442464541790500000000000000000000e+91	
1.475168466437343147000000000000000000000e+92	
-9.186478273126419602000000000000000000000e+91	
8.055720363184160954000000000000000000000e+91	
-1.588244257431569012000000000000000000000e+92	
1.363088427179987298000000000000000000000e+91	
1.809340909780731460000000000000000000000e+92	
-5.844753839692536480000000000000000000000e+91	
1.088915394125219838000000000000000000000e+92	
-1.304900899624765270000000000000000000000e+92	
3.688484109825528122000000000000000000000e+91	
1.991101971908372060000000000000000000000e+92	
-4.027143218416130482000000000000000000000e+91	
1.230109349182798318000000000000000000000e+92	
-1.163706944567186789000000000000000000000e+92	
4.694954479091348836000000000000000000000e+91	
-1.924320845840850224000000000000000000000e+92	
-2.907399203900541144000000000000000000000e+91	
1.291365245887288902000000000000000000000e+92	
-1.102451047862696205000000000000000000000e+92	
6.162520619186934460000000000000000000000e+91	
-1.777564231831291662000000000000000000000e+92	
-5.852514002116620512000000000000000000000e+90	
1.608995662845998784000000000000000000000e+92	
-7.848206309039863234000000000000000000000e+91	
8.830616257731218026000000000000000000000e+91	
-1.510754667976863305000000000000000000000e+92	
1.574888626263002023000000000000000000000e+91	
1.774239383596862895000000000000000000000e+92	
-6.195769101531222130000000000000000000000e+91	
1.025181117148966953400000000000000000000e+92	
-1.368635176601018154000000000000000000000e+92	
2.764956328092841946000000000000000000000e+91	
1.870144935041892818000000000000000000000e+92	
-5.236713587080922896000000000000000000000e+91	
1.169829178917602011000000000000000000000e+92	
-1.223987114832383097000000000000000000000e+92	
4.698619473282864920000000000000000000000e+91	
-1.923954346421698616000000000000000000000e+92	
-2.297569331754593334000000000000000000000e+91	
1.412934554028973665000000000000000000000e+92	
-9.808817397210114424000000000000000000000e+91	
6.621835580419018723000000000000000000000e+91	
-1.731632735708083235000000000000000000000e+92	
-8.819381342013224154000000000000000000000e+90	
1.503764443687706606000000000000000000000e+92	
-8.900518500622785016000000000000000000000e+91	
8.075201646834087944000000000000000000000e+91	
-1.586296129066576313000000000000000000000e+92	
1.116223839714126985000000000000000000000e+91	
1.758033119096402724000000000000000000000e+92	
-6.357831746535823832000000000000000000000e+91	
1.010999520080312284900000000000000000000e+92	
-1.382816773669672823000000000000000000000e+92	
2.643376955608411843000000000000000000000e+91	
1.860009650503523502000000000000000000000e+92	
-5.338066432464616054000000000000000000000e+91	
1.155428533616718935000000000000000000000e+92	
-1.238387760133266173000000000000000000000e+92	
4.511980639971902179000000000000000000000e+91	
-1.942618229752794890000000000000000000000e+92	
-2.526819328608831848000000000000000000000e+91	
1.385750558609218322000000000000000000000e+92	
-1.008065735140766785300000000000000000000e+92	
6.307426864524467058000000000000000000000e+91	
-1.763073607297538402000000000000000000000e+92	
-1.238894426694939962000000000000000000000e+91	
1.463816174233916447000000000000000000000e+92	
-9.300001195160686610000000000000000000000e+91	
7.766224361194334268000000000000000000000e+91	
-1.617193857630551681000000000000000000000e+92	
8.977069213534058224000000000000000000000e+90	
1.745222962067898242000000000000000000000e+92	
-6.485933316820868656000000000000000000000e+91	
1.007226398179499216600000000000000000000e+92	
-1.386589895570485891000000000000000000000e+92	
2.695971113471896568000000000000000000000e+91	
1.874297108774734621000000000000000000000e+92	
-5.195191849752504866000000000000000000000e+91	
1.150597439527424758000000000000000000000e+92	
-1.243218854222560350000000000000000000000e+92	
4.272579322334622711000000000000000000000e+91	
-1.966558361516522836000000000000000000000e+92	
-2.957215923481244149000000000000000000000e+91	
1.323620876616587890000000000000000000000e+92	
-1.070195417133397218000000000000000000000e+92	
5.696867713248836824000000000000000000000e+91	
-1.824129522425101425000000000000000000000e+92	
-1.838721253110812247000000000000000000000e+91	
1.404906189965157432000000000000000000000e+92	
-9.889101037848276754000000000000000000000e+91	
7.155225304425658866000000000000000000000e+91	
-1.678293763307419221000000000000000000000e+92	
2.648195490352508777000000000000000000000e+90	
1.679746482591910745000000000000000000000e+92	
-7.140698111580743626000000000000000000000e+91	
9.395632652280017130000000000000000000000e+91	
-1.454253028521983394000000000000000000000e+92	
1.997484131469982450000000000000000000000e+91	
1.802263933011090166000000000000000000000e+92	
-5.915523607388949415000000000000000000000e+91	
1.083282759558965934000000000000000000000e+92	
-1.310533534191019174000000000000000000000e+92	
3.646593998172170204000000000000000000000e+91	
1.988355865699209998000000000000000000000e+92	
-4.054604280507751092000000000000000000000e+91	
1.224314405749992635000000000000000000000e+92	
-1.169501887999992473000000000000000000000e+92	
4.606531845605086482000000000000000000000e+91	
-1.933163109189476459000000000000000000000e+92	
-3.026279871017924931000000000000000000000e+91	
1.276432891610407293000000000000000000000e+92	
-1.117383402139577815000000000000000000000e+92	
6.077801877925159288000000000000000000000e+91	
-1.786036105957469179000000000000000000000e+92	
-6.053974916896782894000000000000000000000e+90	
1.613435105104332025000000000000000000000e+92	
-7.803811886456530828000000000000000000000e+91	
8.939519074646402669000000000000000000000e+91	
-1.499864386285344841000000000000000000000e+92	
1.748267733765492782000000000000000000000e+91	
1.798021714629087217000000000000000000000e+92	
-5.957945791208978904000000000000000000000e+91	
1.035297879891992992700000000000000000000e+92	
-1.358518413857992115000000000000000000000e+92	
2.729536281751174085000000000000000000000e+91	
1.852950960557944002000000000000000000000e+92	
-5.408653331920411060000000000000000000000e+91	
1.181539832080872339000000000000000000000e+92	
-1.212276461669112768000000000000000000000e+92	
5.104628432390765245000000000000000000000e+91	
-1.883353450510908583000000000000000000000e+92	
-1.602801722579481196000000000000000000000e+91	
1.511272809367744375000000000000000000000e+92	
-8.825434843822407322000000000000000000000e+91	
7.893689443682472042000000000000000000000e+91	
-1.604447349381737903000000000000000000000e+92	
6.782434760831933008000000000000000000000e+90	
1.688601030277455685000000000000000000000e+92	
-7.052152634725294230000000000000000000000e+91	
9.311406760124775341000000000000000000000e+91	
-1.462675617737507574000000000000000000000e+92	
1.740572853034720239000000000000000000000e+91	
1.759312860533545927000000000000000000000e+92	
-6.345034332164391806000000000000000000000e+91	
1.076903899025149031000000000000000000000e+92	
-1.316912394724836077000000000000000000000e+92	
3.948345504183507102000000000000000000000e+91	
2.055066835684472405000000000000000000000e+92	
-3.387494580655127029000000000000000000000e+91	
1.321847908270377786000000000000000000000e+92	
-1.071968385479607322000000000000000000000e+92	
5.889938802369941926000000000000000000000e+91	
-1.804822413512990915000000000000000000000e+92	
-1.434954300143155471000000000000000000000e+91	
1.466341985993881158000000000000000000000e+92	
-9.274743077561039494000000000000000000000e+91	
7.323238815240491152000000000000000000000e+91	
-1.661492412225935992000000000000000000000e+92	
-1.328925840460797965000000000000000000000e+89	
1.607345572089473577000000000000000000000e+92	
-7.864707216605115308000000000000000000000e+91	
8.755975681704818828000000000000000000000e+91	
-1.518218725579503225000000000000000000000e+92	
1.442137316010814924000000000000000000000e+91	
1.755156071132637816000000000000000000000e+92	
-6.386602226173472913000000000000000000000e+91	
1.018411041333576548200000000000000000000e+92	
-1.375405252416408559000000000000000000000e+92	
2.820326657425071564000000000000000000000e+91	
1.887982951873165491000000000000000000000e+92	
-5.058333418768196170000000000000000000000e+91	
1.161619780111314508000000000000000000000e+92	
-1.232196513638670599000000000000000000000e+92	
4.356180958419946810000000000000000000000e+91	
-1.958198197907990427000000000000000000000e+92	
-2.900222808354446776000000000000000000000e+91	
1.326660660253570807000000000000000000000e+92	
-1.067155633496414300000000000000000000000e+92	
5.783488246710616178000000000000000000000e+91	
-1.815467469078923490000000000000000000000e+92	
-1.695906002777701783000000000000000000000e+91	
1.424804390056024953000000000000000000000e+92	
-9.690119036939601550000000000000000000000e+91	
7.235115367996468804000000000000000000000e+91	
-1.670304756950338227000000000000000000000e+92	
2.256769434793078822000000000000000000000e+90	
1.663934878995164864000000000000000000000e+92	
-7.298814147548202437000000000000000000000e+91	
9.118602395135083954000000000000000000000e+91	
-1.481956054236476712000000000000000000000e+92	
1.601598832915097336000000000000000000000e+91	
1.750795814046172440000000000000000000000e+92	
-6.430204797038126674000000000000000000000e+91	
1.057015916700409169800000000000000000000e+92	
-1.336800377049575938000000000000000000000e+92	
3.635812912037839101000000000000000000000e+91	
2.012453955711342012000000000000000000000e+92	
-3.813623380386430956000000000000000000000e+91	
1.267881060855074169000000000000000000000e+92	
-1.125935232894910939000000000000000000000e+92	
5.236787158824343789000000000000000000000e+91	
-1.870137577867550729000000000000000000000e+92	
-2.201532636172870768000000000000000000000e+91	
1.378347128022669194000000000000000000000e+92	
-1.015469165727315913300000000000000000000e+92	
6.684317243349027266000000000000000000000e+91	
-1.725384569415082381000000000000000000000e+92	
-4.113037738331902635000000000000000000000e+90	
1.591622837026718068000000000000000000000e+92	
-8.021934567232670390000000000000000000000e+91	
8.309385142026613472000000000000000000000e+91	
-1.562877779547323760000000000000000000000e+92	
7.063275939961075892000000000000000000000e+90	
1.652667574202181540000000000000000000000e+92	
-7.411487195478035673000000000000000000000e+91	
9.772160851299644641000000000000000000000e+91	
-1.416600208620020644000000000000000000000e+92	
3.021007464500075645000000000000000000000e+91	
1.969283580856810784000000000000000000000e+92	
-4.245327128931743236000000000000000000000e+91	
1.243011743519560304000000000000000000000e+92	
-1.150804550230424804000000000000000000000e+92	
5.171013482206470850000000000000000000000e+91	
-1.876714945529338023000000000000000000000e+92	
-2.084477849179578370000000000000000000000e+91	
1.408326354300929186000000000000000000000e+92	
-9.854899394490559213000000000000000000000e+91	
6.597114760272582240000000000000000000000e+91	
-1.734104817722726884000000000000000000000e+92	
-8.853084079817369172000000000000000000000e+90	
1.505561408398525672000000000000000000000e+92	
-8.882548853514594355000000000000000000000e+91	
8.048001364098359649000000000000000000000e+91	
-1.589016157340149143000000000000000000000e+92	
1.043876106749793110300000000000000000000e+91	
1.746285847619902109000000000000000000000e+92	
-6.475304461300829984000000000000000000000e+91	
9.947419961483561462000000000000000000000e+91	
-1.399074297601628961000000000000000000000e+92	
2.435721637804168492000000000000000000000e+91	
1.834738354364550591000000000000000000000e+92	
-5.590779393854345162000000000000000000000e+91	
1.139723486859461747000000000000000000000e+92	
-1.254092806890523361000000000000000000000e+92	
4.450545058082758777000000000000000000000e+91	
-1.948761787941709230000000000000000000000e+92	
-2.492687609255251394000000000000000000000e+91	
1.398715704592902520000000000000000000000e+92	
-9.951005891570825875000000000000000000000e+91	
6.532550527754562882000000000000000000000e+91	
-1.740561240974528819000000000000000000000e+92	
-9.183460735039251615000000000000000000000e+90	
1.505408729570466881000000000000000000000e+92	
-8.884075641795182262000000000000000000000e+91	
7.979813750663667366000000000000000000000e+91	
-1.595834918683618371000000000000000000000e+92	
9.090608431008493776000000000000000000000e+90	
1.726144872076557959000000000000000000000e+92	
-6.676714216734271490000000000000000000000e+91	
9.679448856193500739000000000000000000000e+91	
-1.425871408130635034000000000000000000000e+92	
2.101222308091704545000000000000000000000e+91	
1.794638909845938735000000000000000000000e+92	
-5.991773839040463722000000000000000000000e+91	
1.113745491828148753000000000000000000000e+92	
-1.280070801921836355000000000000000000000e+92	
4.331909324749066856000000000000000000000e+91	
-1.960625361275078422000000000000000000000e+92	
-2.470249368528011925000000000000000000000e+91	
1.415059905275632117000000000000000000000e+92	
-9.787563884743529904000000000000000000000e+91	
6.836926127661274448000000000000000000000e+91	
-1.710123680983857663000000000000000000000e+92	
-4.731070186155911109000000000000000000000e+90	
1.564011970238229675000000000000000000000e+92	
-8.298043235117554328000000000000000000000e+91	
8.267200433721291856000000000000000000000e+91	
-1.567096250377855922000000000000000000000e+92	
8.979504288702819798000000000000000000000e+90	
1.695198976161212160000000000000000000000e+92	
-6.986173175887729474000000000000000000000e+91	
9.702515690879342100000000000000000000000e+91	
-1.423564724662050898000000000000000000000e+92	
2.456649449268244703000000000000000000000e+91	
1.863401114113573109000000000000000000000e+92	
-5.304151796364119988000000000000000000000e+91	
1.112137442982625945000000000000000000000e+92	
-1.281678850767359163000000000000000000000e+92	
3.612476515185789586000000000000000000000e+91	
-2.032568642231406149000000000000000000000e+92	
-3.892684463464036324000000000000000000000e+91	
1.202551153398136809000000000000000000000e+92	
-1.191265140351848298000000000000000000000e+92	
5.070063315161356270000000000000000000000e+91	
-1.886809962233849481000000000000000000000e+92	
-1.881923401707843630000000000000000000000e+91	
1.458917156055297501000000000000000000000e+92	
-9.348991376946876069000000000000000000000e+91	
7.125819703894654894000000000000000000000e+91	
-1.681234323360519618000000000000000000000e+92	
-3.338178835751628860000000000000000000000e+90	
1.562987884952864864000000000000000000000e+92	
-8.308284087971202436000000000000000000000e+91	
8.573311778983935288000000000000000000000e+91	
-1.536485115851591579000000000000000000000e+92	
1.520256533976877081000000000000000000000e+91	
1.789033326664226729000000000000000000000e+92	
-6.047829670857583788000000000000000000000e+91	
1.032601345389897714100000000000000000000e+92	
-1.361214948360087394000000000000000000000e+92	
2.765458158835155730000000000000000000000e+91	
1.862828740782887121000000000000000000000e+92	
-5.309875529670979864000000000000000000000e+91	
1.178106799584060937000000000000000000000e+92	
-1.215709494165924170000000000000000000000e+92	
4.937256223821271016000000000000000000000e+91	
-1.900090671367858006000000000000000000000e+92	
-1.903149604101506880000000000000000000000e+91	
1.467947071690084132000000000000000000000e+92	
-9.258692220599009752000000000000000000000e+91	
7.327588716414735218000000000000000000000e+91	
-1.661057422108511586000000000000000000000e+92	
-2.063448983033728935000000000000000000000e+89	
1.605442117715883282000000000000000000000e+92	
-7.883741760341018259000000000000000000000e+91	
8.761696144114863202000000000000000000000e+91	
-1.517646679338498787000000000000000000000e+92	
1.472600464799716476000000000000000000000e+91	
1.760675423285819445000000000000000000000e+92	
-6.331408704641656624000000000000000000000e+91	
1.018691114124503397900000000000000000000e+92	
-1.375125179625481710000000000000000000000e+92	
2.770760665913142492000000000000000000000e+91	
1.877792286902359748000000000000000000000e+92	
-5.160240068476253595000000000000000000000e+91	
1.162515790835352001000000000000000000000e+92	
-1.231300502914633107000000000000000000000e+92	
4.475952647804286670000000000000000000000e+91	
-1.946221028969556441000000000000000000000e+92	
-2.669694684171893364000000000000000000000e+91	
1.360783604161577622000000000000000000000e+92	
-1.033032689588407485000000000000000000000e+92	
5.951016279153598398000000000000000000000e+91	
-1.798714665834625268000000000000000000000e+92	
-1.701992931391440508000000000000000000000e+91	
1.406842841344897333000000000000000000000e+92	
-9.869734524050877747000000000000000000000e+91	
7.422850655798710456000000000000000000000e+91	
-1.651531228170114062000000000000000000000e+92	
7.805801875780640546000000000000000000000e+90	
1.756123726271284379000000000000000000000e+92	
-6.376925674787007286000000000000000000000e+91	
1.040729345986227535700000000000000000000e+92	
-1.353086947763757572000000000000000000000e+92	
3.256909943804235113000000000000000000000e+91	
1.952970684255590576000000000000000000000e+92	
-4.408456094943945315000000000000000000000e+91	
1.186815560893056718000000000000000000000e+92	
-1.207000732856928389000000000000000000000e+92	
4.210417281922758711000000000000000000000e+91	
-1.972774565557709236000000000000000000000e+92	
-3.443510036028002696000000000000000000000e+91	
1.232599365831909138000000000000000000000e+92	
-1.161216927918075969000000000000000000000e+92	
5.684706530222378230000000000000000000000e+91	
-1.825345640727747285000000000000000000000e+92	
-9.532754437524747058000000000000000000000e+90	
1.583166799138300677000000000000000000000e+92	
-8.106494946116844303000000000000000000000e+91	
8.682008415350197616000000000000000000000e+91	
-1.525615452214965346000000000000000000000e+92	
1.535906993988587899000000000000000000000e+91	
1.781298385637645008000000000000000000000e+92	
-6.125179081123400996000000000000000000000e+91	
1.015571045638762115800000000000000000000e+92	
-1.378245248111222992000000000000000000000e+92	
2.502247834076676511000000000000000000000e+91	
1.827221599279957690000000000000000000000e+92	
-5.665946944700274179000000000000000000000e+91	
1.162192908438839187000000000000000000000e+92	
-1.231623385311145921000000000000000000000e+92	
4.974951808999076737000000000000000000000e+91	
-1.896321112850077434000000000000000000000e+92	
-1.668717480465835304000000000000000000000e+91	
1.511054146957283600000000000000000000000e+92	
-8.827621467927015072000000000000000000000e+91	
7.955200237427866424000000000000000000000e+91	
-1.598296270007198465000000000000000000000e+92	
8.034199875308531770000000000000000000000e+90	
1.707482084755287641000000000000000000000e+92	
-6.863342089946974666000000000000000000000e+91	
9.411874269961275560000000000000000000000e+91	
-1.452628866753857552000000000000000000000e+92	
1.752741293404834779000000000000000000000e+91	
1.751704191983442414000000000000000000000e+92	
-6.421121017665426938000000000000000000000e+91	
1.087976315516948764000000000000000000000e+92	
-1.305839978233036344000000000000000000000e+92	
4.245787549793382673000000000000000000000e+91	
2.103473535968734718000000000000000000000e+92	
-2.903427577812503900000000000000000000000e+91	
1.388907816556502772000000000000000000000e+92	
-1.004908477193482335400000000000000000000e+92	
6.746977134257685210000000000000000000000e+91	
-1.719118580324216587000000000000000000000e+92	
-3.915695040220637941000000000000000000000e+90	
1.589305838167610440000000000000000000000e+92	
-8.045104555823746670000000000000000000000e+91	
8.243332247097140125000000000000000000000e+91	
-1.569483069040271095000000000000000000000e+92	
5.974131341658057229000000000000000000000e+90	
1.637492104810731971000000000000000000000e+92	
-7.563241889392531368000000000000000000000e+91	
9.711241487028361437000000000000000000000e+91	
-1.422692145047148964000000000000000000000e+92	
3.050878224061990989000000000000000000000e+91	
1.981345150865067860000000000000000000000e+92	
-4.124711428849172476000000000000000000000e+91	
1.264143291497255401000000000000000000000e+92	
-1.129673002252729707000000000000000000000e+92	
5.472983603326617924000000000000000000000e+91	
-1.846517933417323315000000000000000000000e+92	
-1.691898202603519508000000000000000000000e+91	
1.456640762160669826000000000000000000000e+92	
-9.371755315893152815000000000000000000000e+91	
6.890372525179708162000000000000000000000e+91	
-1.704779041232014291000000000000000000000e+92	
-7.818424564789928630000000000000000000000e+90	
1.496938267533978756000000000000000000000e+92	
-8.968780262160063516000000000000000000000e+91	
8.363200754960382502000000000000000000000e+91	
-1.557496218253946857000000000000000000000e+92	
1.760306517974688662000000000000000000000e+91	
1.858032022806579400000000000000000000000e+92	
-5.357842709434057074000000000000000000000e+91	
1.146571347364536819000000000000000000000e+92	
-1.247244946385448288000000000000000000000e+92	
4.354647429238865400000000000000000000000e+91	
-1.958351550826098568000000000000000000000e+92	
-2.752879667250743036000000000000000000000e+91	
1.356275232281339441000000000000000000000e+92	
-1.037541061468645666500000000000000000000e+92	
5.944014862858943441000000000000000000000e+91	
-1.799414807464090764000000000000000000000e+92	
-1.670930997510453818000000000000000000000e+91	
1.413753475460548556000000000000000000000e+92	
-9.800628182894365515000000000000000000000e+91	
7.411378919174092602000000000000000000000e+91	
-1.652678401832575847000000000000000000000e+92	
6.885704742793453062000000000000000000000e+90	
1.738872965389002044000000000000000000000e+92	
-6.549433283609830636000000000000000000000e+91	
1.015432801671825733600000000000000000000e+92	
-1.378383492078159374000000000000000000000e+92	
2.923526707604754898000000000000000000000e+91	
1.911594583463945623000000000000000000000e+92	
-4.822217102860394845000000000000000000000e+91	
1.157080456007072163000000000000000000000e+92	
-1.236735837742912945000000000000000000000e+92	
4.029418258642384511000000000000000000000e+91	
-1.990874467885746656000000000000000000000e+92	
-3.508214938374421637000000000000000000000e+91	
1.237752500107838438000000000000000000000e+92	
-1.156063793642146669000000000000000000000e+92	
5.490264631239558874000000000000000000000e+91	
-1.844789830626029220000000000000000000000e+92	
-1.393568171538751304000000000000000000000e+91	
1.514564678681096273000000000000000000000e+92	
-8.792516150688888344000000000000000000000e+91	
7.750381025119430774000000000000000000000e+91	
-1.618778191238042030000000000000000000000e+92	
3.587956483657947410000000000000000000000e+90	
1.639051072479827304000000000000000000000e+92	
-7.547652212701578034000000000000000000000e+91	
9.189021799883026516000000000000000000000e+91	
-1.474914113761682456000000000000000000000e+92	
1.991116823432078060000000000000000000000e+91	
1.821641591168696307000000000000000000000e+92	
-5.721747025812888010000000000000000000000e+91	
1.060292820537570094000000000000000000000e+92	
-1.333523473212415014000000000000000000000e+92	
2.993229486016647178000000000000000000000e+91	
1.880693976781030539000000000000000000000e+92	
-5.131223169689545684000000000000000000000e+91	
1.206339318699994993000000000000000000000e+92	
-1.187476975049990115000000000000000000000e+92	
5.323202651538576544000000000000000000000e+91	
-1.861496028596127453000000000000000000000e+92	
-1.413633508769198046000000000000000000000e+91	
1.527250493656938230000000000000000000000e+92	
-8.665658000930468776000000000000000000000e+91	
8.024089542792170280000000000000000000000e+91	
-1.591407339470768080000000000000000000000e+92	
7.792814512673063564000000000000000000000e+90	
1.695770076661390050000000000000000000000e+92	
-6.980462170885950578000000000000000000000e+91	
9.445086736753757387000000000000000000000e+91	
-1.449307620074609369000000000000000000000e+92	
1.936211492274789237000000000000000000000e+91	
1.785069507236120032000000000000000000000e+92	
-6.087467865138650756000000000000000000000e+91	
1.089524667603514340000000000000000000000e+92	
-1.304291626146470768000000000000000000000e+92	
3.943259781748230400000000000000000000000e+91	
2.041435456667963898000000000000000000000e+92	
-3.523808370820212094000000000000000000000e+91	
1.295100253278015976000000000000000000000e+92	
-1.098716040471969132000000000000000000000e+92	
5.491364768157387488000000000000000000000e+91	
-1.844679816934246359000000000000000000000e+92	
-1.964560575660534663000000000000000000000e+91	
1.400284655363139290000000000000000000000e+92	
-9.935316383868458177000000000000000000000e+91	
6.940623646520186567000000000000000000000e+91	
-1.699753929097966451000000000000000000000e+92	
-1.180846203261571870000000000000000000000e+90	
1.624634190382634853000000000000000000000e+92	
-7.691821033673502548000000000000000000000e+91	
8.676374694496480684000000000000000000000e+91	
-1.526178824300337039000000000000000000000e+92	
1.110174813372977290000000000000000000000e+91	
1.696736228543519885000000000000000000000e+92	
-6.970800652064652222000000000000000000000e+91	
1.013431773784903485600000000000000000000e+92	
-1.380384519965081622000000000000000000000e+92	
3.304673775859564766000000000000000000000e+91	
1.989805060696209814000000000000000000000e+92	
-4.040112330537752931000000000000000000000e+91	
1.255691976340848716000000000000000000000e+92	
-1.138124317409136392000000000000000000000e+92	
5.219442363592314894000000000000000000000e+91	
-1.871872057390753618000000000000000000000e+92	
-2.114383410687380667000000000000000000000e+91	
1.397506252313024482000000000000000000000e+92	
-9.963100414369606258000000000000000000000e+91	
6.654697700433708078000000000000000000000e+91	
-1.728346523706614300000000000000000000000e+92	
-6.620240131033258174000000000000000000000e+90	
1.544451746931831084000000000000000000000e+92	
-8.493645468181540238000000000000000000000e+91	
8.086004894058690625000000000000000000000e+91	
-1.585215804344116045000000000000000000000e+92	
7.311544128630281690000000000000000000000e+90	
1.679958610308231986000000000000000000000e+92	
-7.138576834417531211000000000000000000000e+91	
9.519869741907668738000000000000000000000e+91	
-1.441829319559218234000000000000000000000e+92	
2.243776260465971462000000000000000000000e+91	
1.839092575562392158000000000000000000000e+92	
-5.547237181875929500000000000000000000000e+91	
1.094253225000424527000000000000000000000e+92	
-1.299563068749560580000000000000000000000e+92	
3.497845569284844428000000000000000000000e+91	
-2.044031736821500665000000000000000000000e+92	
-3.943136131301320692000000000000000000000e+91	
1.203920720425373421000000000000000000000e+92	
-1.189895573324611687000000000000000000000e+92	
4.948033522292468715000000000000000000000e+91	
-1.899012941520738236000000000000000000000e+92	
-2.139611111538260757000000000000000000000e+91	
1.419589344632520308000000000000000000000e+92	
-9.742269491174647993000000000000000000000e+91	
6.597018664234868219000000000000000000000e+91	
-1.734114427326498286000000000000000000000e+92	
-9.980744032837125695000000000000000000000e+90	
1.483023426158918792000000000000000000000e+92	
-9.107928675910663150000000000000000000000e+91	
8.061165768278834991000000000000000000000e+91	
-1.587699716922101608000000000000000000000e+92	
1.295466021749082826000000000000000000000e+91	
1.795275524534039259000000000000000000000e+92	
-5.985407692159458485000000000000000000000e+91	
1.067550498714187972000000000000000000000e+92	
-1.326265795035797136000000000000000000000e+92	
3.401876381376508006000000000000000000000e+91	
-2.053628655612334307000000000000000000000e+92	
-3.868132374335171911000000000000000000000e+91	
1.228509881838131151000000000000000000000e+92	
-1.165306411911853957000000000000000000000e+92	
4.832071542305057154000000000000000000000e+91	
-1.910609139519479392000000000000000000000e+92	
-2.617246602793015441000000000000000000000e+91	
1.335676443702933846000000000000000000000e+92	
-1.058139850047051261900000000000000000000e+92	
6.281441717685772008000000000000000000000e+91	
-1.765672121981407907000000000000000000000e+92	
-7.903598420394459011000000000000000000000e+90	
1.556097990534320622000000000000000000000e+92	
-8.377183032156644850000000000000000000000e+91	
7.977932432109635008000000000000000000000e+91	
-1.596023050539021607000000000000000000000e+92	
3.986587967073465508000000000000000000000e+90	
1.624277902087606740000000000000000000000e+92	
-7.695383916623783676000000000000000000000e+91	
9.438355851469152806000000000000000000000e+91	
-1.449980708603069827000000000000000000000e+92	
2.637319023723341328000000000000000000000e+91	
1.925928875222269660000000000000000000000e+92	
-4.678874185277154480000000000000000000000e+91	
1.194673657630428740000000000000000000000e+92	
-1.199142636119556368000000000000000000000e+92	
4.637823621443387575000000000000000000000e+91	
-1.930033931605646350000000000000000000000e+92	
-2.667451923482794217000000000000000000000e+91	
1.345053003116123117000000000000000000000e+92	
-1.048763290633861990900000000000000000000e+92	
6.070503004222776384000000000000000000000e+91	
-1.786765993327707469000000000000000000000e+92	
-1.305851221603935493000000000000000000000e+91	
1.474108742570354552000000000000000000000e+92	
-9.197075511796305561000000000000000000000e+91	
7.509616139591057590000000000000000000000e+91	
-1.642854679790879349000000000000000000000e+92	
2.817437231957477490000000000000000000000e+90	
1.647709028533332654000000000000000000000e+92	
-7.461072652166524532000000000000000000000e+91	
8.929313791346774994000000000000000000000e+91	
-1.500884914615307608000000000000000000000e+92	
1.385293581964214739000000000000000000000e+91	
1.726464968766105465000000000000000000000e+92	
-6.673513249838796430000000000000000000000e+91	
1.038430542675356377000000000000000000000e+92	
-1.355385751074628730000000000000000000000e+92	
3.507385290982529499000000000000000000000e+91	
2.005350947612839625000000000000000000000e+92	
-3.884653461371454828000000000000000000000e+91	
1.266514950273397828000000000000000000000e+92	
-1.127301343476587280000000000000000000000e+92	
5.280466477489642202000000000000000000000e+91	
-1.865769646001020887000000000000000000000e+92	
-2.100541429502954525000000000000000000000e+91	
1.394174585262546176000000000000000000000e+92	
-9.996417084874389316000000000000000000000e+91	
6.721192506620401933000000000000000000000e+91	
-1.721697043087944914000000000000000000000e+92	
-4.957674031736753699000000000000000000000e+90	
1.571048623476302438000000000000000000000e+92	
-8.227676702736826696000000000000000000000e+91	
8.140668858297070092000000000000000000000e+91	
-1.579749407920278098000000000000000000000e+92	
5.746187354705040664000000000000000000000e+90	
1.643195589129979528000000000000000000000e+92	
-7.506207046200055794000000000000000000000e+91	
9.599316558570934602000000000000000000000e+91	
-1.433884637892891647000000000000000000000e+92	
2.770077609776414450000000000000000000000e+91	
1.936385925251191587000000000000000000000e+92	
-4.574303684987935209000000000000000000000e+91	
1.202313301912959012000000000000000000000e+92	
-1.191502991837026095000000000000000000000e+92	
4.686060028123293364000000000000000000000e+91	
-1.925210290937655771000000000000000000000e+92	
-2.647361538607735746000000000000000000000e+91	
1.344248840159751598000000000000000000000e+92	
-1.049567453590233510100000000000000000000e+92	
6.121986942455262933000000000000000000000e+91	
-1.781617599504458814000000000000000000000e+92	
-1.194871339527943109000000000000000000000e+91	
1.491153364241322532000000000000000000000e+92	
-9.026629295086625759000000000000000000000e+91	
7.554028453223011766000000000000000000000e+91	
-1.638413448427683931000000000000000000000e+92	
2.001848567532467083000000000000000000000e+90	
1.626962293060442375000000000000000000000e+92	
-7.668540006895427322000000000000000000000e+91	
8.988492052605362244000000000000000000000e+91	
-1.494967088489448883000000000000000000000e+92	
1.710984758298595608000000000000000000000e+91	
1.785672114420048842000000000000000000000e+92	
-6.081441793299362660000000000000000000000e+91	
1.041203740222484738600000000000000000000e+92	
-1.352612553527500369000000000000000000000e+92	
2.971058638919924309000000000000000000000e+91	
1.895340491029443297000000000000000000000e+92	
-4.984758027205418109000000000000000000000e+91	
1.185290273209233722000000000000000000000e+92	
-1.208526020540751386000000000000000000000e+92	
4.755934244512088216000000000000000000000e+91	
-1.918222869298776286000000000000000000000e+92	
-2.337502311050016956000000000000000000000e+91	
1.399221320753446500000000000000000000000e+92	
-9.945949729965386080000000000000000000000e+91	
6.387552267183043074000000000000000000000e+91	
-1.755061067031680800000000000000000000000e+92	
-1.213324079012525487000000000000000000000e+91	
1.460920418533441178000000000000000000000e+92	
-9.328958752165439294000000000000000000000e+91	
7.852662437821022616000000000000000000000e+91	
-1.608550049967882846000000000000000000000e+92	
1.099483202931402225000000000000000000000e+91	
1.776928670710855659000000000000000000000e+92	
-6.168876230391294488000000000000000000000e+91	
1.050454450154259144500000000000000000000e+92	
-1.343361843595725963000000000000000000000e+92	
3.243417723555923768000000000000000000000e+91	
1.940552647372395192000000000000000000000e+92	
-4.532636463775899155000000000000000000000e+91	
1.192411792623811071000000000000000000000e+92	
-1.201404501126174037000000000000000000000e+92	
4.446432634172652891000000000000000000000e+91	
-1.949173030332719818000000000000000000000e+92	
-3.027531255416394654000000000000000000000e+91	
1.292184630530608038000000000000000000000e+92	
-1.101631663219377069000000000000000000000e+92	
5.899223371787936353000000000000000000000e+91	
-1.803893956571191472000000000000000000000e+92	
-1.119904629093312784000000000000000000000e+91	
1.528408246320417036000000000000000000000e+92	
-8.654080474295680721000000000000000000000e+91	
7.753656134002129704000000000000000000000e+91	
-1.618450680349772137000000000000000000000e+92	
2.269774547873953810000000000000000000000e+90	
1.612366646033254227000000000000000000000e+92	
-7.814496477167308809000000000000000000000e+91	
9.208191923768952628000000000000000000000e+91	
-1.472997101373089845000000000000000000000e+92	
2.296158995545474868000000000000000000000e+91	
1.880718786274172739000000000000000000000e+92	
-5.130975074758123683000000000000000000000e+91	
1.138375003720402328000000000000000000000e+92	
-1.255441290029582779000000000000000000000e+92	
3.964006616930570188000000000000000000000e+91	
-1.997415632056928089000000000000000000000e+92	
-3.452044236664820164000000000000000000000e+91	
1.255521753860360790000000000000000000000e+92	
-1.138294539889624317000000000000000000000e+92	
5.410631886840326370000000000000000000000e+91	
-1.852753105065952471000000000000000000000e+92	
-1.730398135380003962000000000000000000000e+91	
1.455174760227756644000000000000000000000e+92	
-9.386415335222284638000000000000000000000e+91	
6.899540554942920574000000000000000000000e+91	
-1.703862238255693050000000000000000000000e+92	
-7.488582360739367672000000000000000000000e+90	
1.502617123383775062000000000000000000000e+92	
-8.911991703662100454000000000000000000000e+91	
8.369553443272059974000000000000000000000e+91	
-1.556860949422779110000000000000000000000e+92	
1.716248436403831231000000000000000000000e+91	
1.848587646442454808000000000000000000000e+92	
-5.452286473075302992000000000000000000000e+91	
1.132090910326048239000000000000000000000e+92	
-1.261725383423936869000000000000000000000e+92	
4.159507514957905644000000000000000000000e+91	
-1.977865542254194543000000000000000000000e+92	
-2.998330075053172563000000000000000000000e+91	
1.326701645939733243000000000000000000000e+92	
-1.067114647810251864000000000000000000000e+92	
5.598018569276525918000000000000000000000e+91	
-1.834014436822332516000000000000000000000e+92	
-2.067162708266301038000000000000000000000e+91	
1.369109262722097252000000000000000000000e+92	
-1.024707031027887855800000000000000000000e+92	
7.071761443825225356000000000000000000000e+91	
-1.686640149367462572000000000000000000000e+92	
4.557244877867294325000000000000000000000e+90	
1.726260201953185941000000000000000000000e+92	
-6.675560917967991670000000000000000000000e+91	
1.013486562421718405400000000000000000000e+92	
-1.380329731328266702000000000000000000000e+92	
3.010676473114677738000000000000000000000e+91	
1.930965470073239925000000000000000000000e+92	
-4.628508236767451822000000000000000000000e+91	
1.167427176637126529000000000000000000000e+92	
-1.226389117112858578000000000000000000000e+92	
4.042688715510227183000000000000000000000e+91	
-1.989547422198962389000000000000000000000e+92	
-3.585096342930013820000000000000000000000e+91	
1.221053660076931598000000000000000000000e+92	
-1.172762633673053510000000000000000000000e+92	
5.514127368568661558000000000000000000000e+91	
-1.842403556893118952000000000000000000000e+92	
-1.178949277019105098000000000000000000000e+91	
1.555092690534223235000000000000000000000e+92	
-8.387236032157618725000000000000000000000e+91	
8.346227481728579309000000000000000000000e+91	
-1.559193545577127177000000000000000000000e+92	
1.145113604340741723000000000000000000000e+91	
1.736720538862510203000000000000000000000e+92	
-6.570957548874749050000000000000000000000e+91	
9.761647873948149779000000000000000000000e+91	
-1.417651506355170130000000000000000000000e+92	
2.159875399623136047000000000000000000000e+91	
1.798150798181466170000000000000000000000e+92	
-5.956654955685189374000000000000000000000e+91	
1.122231428096143299000000000000000000000e+92	
-1.271584865653841809000000000000000000000e+92	
4.466484412523507602000000000000000000000e+91	
2.113363860228706669000000000000000000000e+92	
-2.804524335212784386000000000000000000000e+91	
1.386624840078573274000000000000000000000e+92	
-1.007191453671411833700000000000000000000e+92	
6.602474944685755005000000000000000000000e+91	
-1.733568799281409607000000000000000000000e+92	
-6.576835659502462458000000000000000000000e+90	
1.550539296969306014000000000000000000000e+92	
-8.432769967806790936000000000000000000000e+91	
8.027195500329095248000000000000000000000e+91	
-1.591096743717075583000000000000000000000e+92	
5.527196883356393217000000000000000000000e+90	
1.650158558142095444000000000000000000000e+92	
-7.436577356078896638000000000000000000000e+91	
9.475218610636964523000000000000000000000e+91	
-1.446294432686288655000000000000000000000e+92	
2.452348435776305187000000000000000000000e+91	
1.885259521645351313000000000000000000000e+92	
-5.085567721046337946000000000000000000000e+91	
1.131843043706349477000000000000000000000e+92	
-1.261973250043635630000000000000000000000e+92	
3.788015168166708776000000000000000000000e+91	
1.968096944360981595000000000000000000000e+92	
-4.257193493890035123000000000000000000000e+91	
1.276859967486094873000000000000000000000e+92	
-1.116956326263890235000000000000000000000e+92	
5.859669969309519303000000000000000000000e+91	
-1.807849296819033177000000000000000000000e+92	
-1.045821385052824827700000000000000000000e+91	
1.547174580047450820000000000000000000000e+92	
-8.466417137025342878000000000000000000000e+91	
8.054843039358008844000000000000000000000e+91	
-1.588331989814184223000000000000000000000e+92	
6.416314312152487116000000000000000000000e+90	
1.665173103893554200000000000000000000000e+92	
-7.286431898564309074000000000000000000000e+91	
9.495618552796100431000000000000000000000e+91	
-1.444254438470375064000000000000000000000e+92	
2.343067432732820240000000000000000000000e+91	
1.861369780622576226000000000000000000000e+92	
-5.324465131274088812000000000000000000000e+91	
1.094998112555134505000000000000000000000e+92	
-1.298818181194850603000000000000000000000e+92	
3.290078429167521589000000000000000000000e+91	
1.905360971883442634000000000000000000000e+92	
-4.884553218665424740000000000000000000000e+91	
1.241588679966369198000000000000000000000e+92	
-1.152227613783615910000000000000000000000e+92	
5.781467260823141321000000000000000000000e+91	
-1.815669567667670976000000000000000000000e+92	
-8.496505416729334636000000000000000000000e+90	
1.594215364886486392000000000000000000000e+92	
-7.996009288634987150000000000000000000000e+91	
8.799351413857973682000000000000000000000e+91	
-1.513881152364187739000000000000000000000e+92	
1.660103920845114528000000000000000000000e+91	
1.794403130060293649000000000000000000000e+92	
-5.994131636896914582000000000000000000000e+91	
1.029360500870280887400000000000000000000e+92	
-1.364455792879704220000000000000000000000e+92	
2.646986086895999842000000000000000000000e+91	
1.842379454023431478000000000000000000000e+92	
-5.514368397265536296000000000000000000000e+91	
1.175883226570925427000000000000000000000e+92	
-1.217933067179059681000000000000000000000e+92	
5.097186927661834883000000000000000000000e+91	
-1.884097600983801619000000000000000000000e+92	
-1.561143124640109392000000000000000000000e+91	
1.520346235874972332000000000000000000000e+92	
-8.734700578750127750000000000000000000000e+91	
8.033474952513030990000000000000000000000e+91	
-1.590468798498682008000000000000000000000e+92	
8.670558174521364744000000000000000000000e+90	
1.712382507761065772000000000000000000000e+92	
-6.814337859889193352000000000000000000000e+91	
9.446254181830278331000000000000000000000e+91	
-1.449190875566957274000000000000000000000e+92	
1.772504165135927168000000000000000000000e+91	
1.752219502585642249000000000000000000000e+92	
-6.415967911643428584000000000000000000000e+91	
1.091581702515112152000000000000000000000e+92	
-1.302234591234872956000000000000000000000e+92	
4.312726805422374151000000000000000000000e+91	
2.113254463030471095000000000000000000000e+92	
-2.805618307195140129000000000000000000000e+91	
1.401774208816125574000000000000000000000e+92	
-9.920420849338595334000000000000000000000e+91	
6.906480353468948714000000000000000000000e+91	
-1.703168258403090236000000000000000000000e+92	
-2.012423359177296352000000000000000000000e+90	
1.611419415858961034000000000000000000000e+92	
-7.823968778910240735000000000000000000000e+91	
8.495261300370186931000000000000000000000e+91	
-1.544290163712966414000000000000000000000e+92	
8.801201389792238004000000000000000000000e+90	
1.668839068726860568000000000000000000000e+92	
-7.249772250231245397000000000000000000000e+91	
9.959208543534758659000000000000000000000e+91	
-1.397895439396509242000000000000000000000e+92	
3.233375296433459905000000000000000000000e+91	
1.993051117918395820000000000000000000000e+92	
-4.007651758315892878000000000000000000000e+91	
1.269308774974922674000000000000000000000e+92	
-1.124507518775062434000000000000000000000e+92	
5.459266152221180409000000000000000000000e+91	
-1.847889678527867067000000000000000000000e+92	
-1.770955405915600240000000000000000000000e+91	
1.442204318357248535000000000000000000000e+92	
-9.516119753927365726000000000000000000000e+91	
6.882004728792736218000000000000000000000e+91	
-1.705615820870711486000000000000000000000e+92	
-6.542812923552308606000000000000000000000e+90	
1.523280515252049390000000000000000000000e+92	
-8.705357784979357174000000000000000000000e+91	
8.338846459495268128000000000000000000000e+91	
-1.559931647800458295000000000000000000000e+92	
1.448318667069680542000000000000000000000e+91	
1.798084196765225203000000000000000000000e+92	
-5.957320969847599050000000000000000000000e+91	
1.057888787841553781500000000000000000000e+92	
-1.335927505908431326000000000000000000000e+92	
3.180617502681336072000000000000000000000e+91	
1.920565090704134937000000000000000000000e+92	
-4.732512030458501707000000000000000000000e+91	
1.201450180188350260000000000000000000000e+92	
-1.192366113561634848000000000000000000000e+92	
4.826931499395590162000000000000000000000e+91	
-1.911123143810426091000000000000000000000e+92	
-2.357061781476906130000000000000000000000e+91	
1.388214207895482435000000000000000000000e+92	
-1.005602085854502672800000000000000000000e+92	
6.245081932516240192000000000000000000000e+91	
-1.769308100498361088000000000000000000000e+92	
-1.388177495727958739000000000000000000000e+91	
1.440198380258446797000000000000000000000e+92	
-9.536179134915383103000000000000000000000e+91	
7.714195430121591195000000000000000000000e+91	
-1.622396750737825988000000000000000000000e+92	
1.029735353948122661400000000000000000000e+91	
1.776822381753543563000000000000000000000e+92	
-6.169939119964415448000000000000000000000e+91	
1.057213238909352423100000000000000000000e+92	
-1.336603054840632684000000000000000000000e+92	
3.379622222956229442000000000000000000000e+91	
-2.055854071454362163000000000000000000000e+92	
-3.809308463155039856000000000000000000000e+91	
1.242496044922505039000000000000000000000e+92	
-1.151320248827480069000000000000000000000e+92	
4.800305130692853526000000000000000000000e+91	
-1.913785780680699755000000000000000000000e+92	
-2.820555643127195620000000000000000000000e+91	
1.298199813919948961000000000000000000000e+92	
-1.095616479830036146000000000000000000000e+92	
6.269907369064899631000000000000000000000e+91	
-1.766825556843495144000000000000000000000e+92	
-4.388430102618062711000000000000000000000e+90	
1.627536723867168420000000000000000000000e+92	
-7.662795698828166877000000000000000000000e+91	
9.055009678059317707000000000000000000000e+91	
-1.488315325944053337000000000000000000000e+92	
1.838245456221869398000000000000000000000e+91	
1.804469468472761884000000000000000000000e+92	
-5.893468252772232234000000000000000000000e+91	
1.047131635609728618300000000000000000000e+92	
-1.346684658140256489000000000000000000000e+92	
2.901707053277233004000000000000000000000e+91	
1.875548680040197468000000000000000000000e+92	
-5.182676137097876397000000000000000000000e+91	
1.192724057509260960000000000000000000000e+92	
-1.201092236240724148000000000000000000000e+92	
5.102392547409900738000000000000000000000e+91	
-1.883577039008995034000000000000000000000e+92	
-1.719058973819367994000000000000000000000e+91	
1.488250622093018277000000000000000000000e+92	
-9.055656716569668306000000000000000000000e+91	
7.549559665939444447000000000000000000000e+91	
-1.638860327156040663000000000000000000000e+92	
2.202624816300377769000000000000000000000e+90	
1.631423475168497718000000000000000000000e+92	
-7.623928185814873892000000000000000000000e+91	
8.981140368747275980000000000000000000000e+91	
-1.495702256875257510000000000000000000000e+92	
1.651695430060105079000000000000000000000e+91	
1.774552001926986544000000000000000000000e+92	
-6.192642918229985630000000000000000000000e+91	
1.041080828721318074300000000000000000000e+92	
-1.352735465028667033000000000000000000000e+92	
3.079746804309444082000000000000000000000e+91	
1.917195565380448817000000000000000000000e+92	
-4.766207283695362908000000000000000000000e+91	
1.183873886544693195000000000000000000000e+92	
-1.209942407205291912000000000000000000000e+92	
4.509171582257128373000000000000000000000e+91	
-1.942899135524272270000000000000000000000e+92	
-2.816748012005785046000000000000000000000e+91	
1.328060016717816003000000000000000000000e+92	
-1.065756277032169105000000000000000000000e+92	
5.944454068221637236000000000000000000000e+91	
-1.799370886927821384000000000000000000000e+92	
-1.388041067743855190000000000000000000000e+91	
1.470273484217226243000000000000000000000e+92	
-9.235428095327588642000000000000000000000e+91	
7.378575279362812092000000000000000000000e+91	
-1.655958765813703898000000000000000000000e+92	
5.806071423246630665000000000000000000000e+89	
1.616081123264053735000000000000000000000e+92	
-7.777351704859313730000000000000000000000e+91	
8.809352871313461641000000000000000000000e+91	
-1.512881006618638944000000000000000000000e+92	
1.461553093395890090000000000000000000000e+91	
1.753703197798595671000000000000000000000e+92	
-6.401130959513894364000000000000000000000e+91	
1.024141262948687650100000000000000000000e+92	
-1.369675030801297458000000000000000000000e+92	
2.949424075123947456000000000000000000000e+91	
1.908068640782513152000000000000000000000e+92	
-4.857476529674719561000000000000000000000e+91	
1.166497302103426304000000000000000000000e+92	
-1.227318991646558804000000000000000000000e+92	
4.252950195303944217000000000000000000000e+91	
-1.968521274219590686000000000000000000000e+92	
-3.155383906038881840000000000000000000000e+91	
1.285959078110372821000000000000000000000e+92	
-1.107857215639612286000000000000000000000e+92	
5.698277686201731770000000000000000000000e+91	
-1.823988525129811930000000000000000000000e+92	
-1.459471454449074352000000000000000000000e+91	
1.480596348534331685000000000000000000000e+92	
-9.132199452156534229000000000000000000000e+91	
7.137053956567912727000000000000000000000e+91	
-1.680110898093193835000000000000000000000e+92	
-5.280390036041051487000000000000000000000e+90	
1.523030460530127467000000000000000000000e+92	
-8.707858332198576408000000000000000000000e+91	
8.608711383795233080000000000000000000000e+91	
-1.532945155370461800000000000000000000000e+92	
1.990413515389758525000000000000000000000e+91	
1.879503125995098012000000000000000000000e+92	
-5.143131677548870960000000000000000000000e+91	
1.166503620207549608000000000000000000000e+92	
-1.227312673542435499000000000000000000000e+92	
4.538589512475593943000000000000000000000e+91	
-1.939957342502425713000000000000000000000e+92	
-2.584310574757022648000000000000000000000e+91	
1.371595607520512916000000000000000000000e+92	
-1.022220686229472191000000000000000000000e+92	
6.081860921982233813000000000000000000000e+91	
-1.785630201551761726000000000000000000000e+92	
-1.548434988627645959000000000000000000000e+91	
1.424468835247207791000000000000000000000e+92	
-9.693474585027773167000000000000000000000e+91	
7.550845704496962334000000000000000000000e+91	
-1.638731723300288874000000000000000000000e+92	
8.603343658286549090000000000000000000000e+90	
1.759277457843904449000000000000000000000e+92	
-6.345388359060806586000000000000000000000e+91	
1.039063790903939636000000000000000000000e+92	
-1.354752502846045472000000000000000000000e+92	
3.192085510465555021000000000000000000000e+91	
1.941673749879863172000000000000000000000e+92	
-4.521425438701219359000000000000000000000e+91	
1.180300039422090055000000000000000000000e+92	
-1.213516254327895053000000000000000000000e+92	
4.193052400712842935000000000000000000000e+91	
-1.974511053678700814000000000000000000000e+92	
-3.413108367443750090000000000000000000000e+91	
1.240413810482831305000000000000000000000e+92	
-1.153402483267153803000000000000000000000e+92	
5.661743310440008402000000000000000000000e+91	
-1.827641962705984267000000000000000000000e+92	
-1.077296011806219336000000000000000000000e+91	
1.560664036803645522000000000000000000000e+92	
-8.331522569463395852000000000000000000000e+91	
8.356024004660214560000000000000000000000e+91	
-1.558213893283963652000000000000000000000e+92	
1.109016038887812605000000000000000000000e+91	
1.728523657479323622000000000000000000000e+92	
-6.652926362706614850000000000000000000000e+91	
9.776832565588734704000000000000000000000e+91	
-1.416133037191111637000000000000000000000e+92	
2.272165246574090425000000000000000000000e+91	
1.819085465797621832000000000000000000000e+92	
-5.747308279523632760000000000000000000000e+91	
1.122604997798941870000000000000000000000e+92	
-1.271211295951043237000000000000000000000e+92	
4.264711456361984001000000000000000000000e+91	
-1.967345148113786708000000000000000000000e+92	
-2.693162631901160858000000000000000000000e+91	
1.377204788892032621000000000000000000000e+92	
-1.016611504857952486700000000000000000000e+92	
6.302814519319138398000000000000000000000e+91	
-1.763534841818071268000000000000000000000e+92	
-1.162701654054500338000000000000000000000e+91	
1.479511941872784354000000000000000000000e+92	
-9.143043518772007534000000000000000000000e+91	
7.752108100963550503000000000000000000000e+91	
-1.618605483653630057000000000000000000000e+92	
7.126018624765422476000000000000000000000e+90	
1.709622085875900367000000000000000000000e+92	
-6.841942078740847404000000000000000000000e+91	
9.545436570085536018000000000000000000000e+91	
-1.439272636741431506000000000000000000000e+92	
1.998410062898336508000000000000000000000e+91	
1.787476136692786560000000000000000000000e+92	
-6.063401570571985474000000000000000000000e+91	
1.099995131636744829000000000000000000000e+92	
-1.293821162113240279000000000000000000000e+92	
4.128562636745729246000000000000000000000e+91	
2.068021552521382438000000000000000000000e+92	
-3.257947412286026692000000000000000000000e+91	
1.329738150368453917000000000000000000000e+92	
-1.064078143381531191000000000000000000000e+92	
5.918221680217556936000000000000000000000e+91	
-1.801994125728229414000000000000000000000e+92	
-1.457265773716840000000000000000000000000e+91	
1.459053921411857529000000000000000000000e+92	
-9.347623723381275782000000000000000000000e+91	
7.357438121380141881000000000000000000000e+91	
-1.658072481611970920000000000000000000000e+92	
1.279367094610095953000000000000000000000e+90	
1.632165508677322908000000000000000000000e+92	
-7.616507850726621994000000000000000000000e+91	
8.777532672054486576000000000000000000000e+91	
-1.516063026544536450000000000000000000000e+92	
1.237164723422493048000000000000000000000e+91	
1.712017127225767096000000000000000000000e+92	
-6.817991665242180111000000000000000000000e+91	
1.023229910846922896200000000000000000000e+92	
-1.370586382903062211000000000000000000000e+92	
3.347854816211393191000000000000000000000e+91	
1.988645858940014411000000000000000000000e+92	
-4.051704348099706966000000000000000000000e+91	
1.249058194671476994000000000000000000000e+92	
-1.144758099078508114000000000000000000000e+92	
5.098385992983034691000000000000000000000e+91	
-1.883977694451681638000000000000000000000e+92	
-2.290131103555086232000000000000000000000e+91	
1.374465072610893670000000000000000000000e+92	
-1.019351221139091437800000000000000000000e+92	
6.540241291069458448000000000000000000000e+91	
-1.739792164643039263000000000000000000000e+92	
-6.605827420621524113000000000000000000000e+90	
1.556179874223230949000000000000000000000e+92	
-8.376364195267541582000000000000000000000e+91	
7.958062548777969488000000000000000000000e+91	
-1.598010038872188159000000000000000000000e+92	
3.581104892628167780000000000000000000000e+90	
1.618156258030254058000000000000000000000e+92	
-7.756600357197310490000000000000000000000e+91	
9.420946447990059203000000000000000000000e+91	
-1.451721648950979187000000000000000000000e+92	
2.663694855991081144000000000000000000000e+91	
1.932942802973948722000000000000000000000e+92	
-4.608734907760363850000000000000000000000e+91	
1.206061751941677909000000000000000000000e+92	
-1.187754541808307199000000000000000000000e+92	
4.795424461337261722000000000000000000000e+91	
-1.914273847616258935000000000000000000000e+92	
-2.466152944788223869000000000000000000000e+91	
1.369550540150405658000000000000000000000e+92	
-1.024265753599579449700000000000000000000e+92	
6.222748422811080122000000000000000000000e+91	
-1.771541451468877095000000000000000000000e+92	
-1.246289606067892412000000000000000000000e+91	
1.470801136392285912000000000000000000000e+92	
-9.230151573576991955000000000000000000000e+91	
7.672564451093603919000000000000000000000e+91	
-1.626559848640624716000000000000000000000e+92	
6.406188529815895878000000000000000000000e+90	
1.703179472695250255000000000000000000000e+92	
-6.906368210547348522000000000000000000000e+91	
9.488563555153513464000000000000000000000e+91	
-1.444959938234633761000000000000000000000e+92	
1.949086405898451025000000000000000000000e+91	
1.783298331078848085000000000000000000000e+92	
-6.105179626711370225000000000000000000000e+91	
1.094226648157340032000000000000000000000e+92	
-1.299589645592645076000000000000000000000e+92	
4.054978939587032995000000000000000000000e+91	
-1.988318399791281808000000000000000000000e+92	
-2.828881021816112225000000000000000000000e+91	
1.371030679142473154000000000000000000000e+92	
-1.022785614607511953100000000000000000000e+92	
6.315013898133578158000000000000000000000e+91	
-1.762314903936627292000000000000000000000e+92	
-1.076598596717160883000000000000000000000e+91	
1.495508937511401689000000000000000000000e+92	
-8.983073562385834187000000000000000000000e+91	
7.755593143534963221000000000000000000000e+91	
-1.618256979396488786000000000000000000000e+92	
5.596798687210854518000000000000000000000e+90	
1.678696966740746249000000000000000000000e+92	
-7.151193270092388584000000000000000000000e+91	
9.171197806683418150000000000000000000000e+91	
-1.476696513081643293000000000000000000000e+92	
1.559216069661462904000000000000000000000e+91	
1.737064446997638075000000000000000000000e+92	
-6.567518467523470329000000000000000000000e+91	
1.063386185744135107000000000000000000000e+92	
-1.330430108005850000000000000000000000000e+92	
3.900431924046739517000000000000000000000e+91	
2.058997490112935128000000000000000000000e+92	
-3.348188036370499792000000000000000000000e+91	
1.334496234477067128000000000000000000000e+92	
-1.059320059272917979000000000000000000000e+92	
6.103555397182055347000000000000000000000e+91	
-1.783460754031779573000000000000000000000e+92	
-1.134247736031542914000000000000000000000e+91	
1.505117305148479673000000000000000000000e+92	
-8.886989886015054343000000000000000000000e+91	
7.526317582843950150000000000000000000000e+91	
-1.641184535465590093000000000000000000000e+92	
5.206991753020877395000000000000000000000e+88	
1.590746131436433917000000000000000000000e+92	
-8.030701623135511902000000000000000000000e+91	
8.980504568333774214000000000000000000000e+91	
-1.495765836916607686000000000000000000000e+92	
2.056995144968152820000000000000000000000e+91	
1.855655322850325995000000000000000000000e+92	
-5.381609708996591126000000000000000000000e+91	
1.112165032794298790000000000000000000000e+92	
-1.281651260955686318000000000000000000000e+92	
3.690447538444539086000000000000000000000e+91	
-2.024771539905531199000000000000000000000e+92	
-3.737056981417870214000000000000000000000e+91	
1.225875682770334157000000000000000000000e+92	
-1.167940610979650951000000000000000000000e+92	
5.138789650437559568000000000000000000000e+91	
-1.879937328706229151000000000000000000000e+92	
-1.977634149104967079000000000000000000000e+91	
1.432910556550804467000000000000000000000e+92	
-9.609057371991806403000000000000000000000e+91	
6.701480255500777591000000000000000000000e+91	
-1.723668268199907348000000000000000000000e+92	
-9.223490317254975220000000000000000000000e+90	
1.487723771452821938000000000000000000000e+92	
-9.060925222971631696000000000000000000000e+91	
8.168868545418819037000000000000000000000e+91	
-1.576929439208103204000000000000000000000e+92	
1.463837914996657725000000000000000000000e+91	
1.818176606163579330000000000000000000000e+92	
-5.756396875864057780000000000000000000000e+91	
1.096512454845145480000000000000000000000e+92	
-1.297303838904839627000000000000000000000e+92	
3.752074524685239510000000000000000000000e+91	
-2.018608841281461157000000000000000000000e+92	
-3.457385797031151564000000000000000000000e+91	
1.275636369668044940000000000000000000000e+92	
-1.118179924081940167000000000000000000000e+92	
5.174671440251501680000000000000000000000e+91	
-1.876349149724834940000000000000000000000e+92	
-2.403247652793803210000000000000000000000e+91	
1.344222643961991360000000000000000000000e+92	
-1.049593649787993747800000000000000000000e+92	
6.638715025654389749000000000000000000000e+91	
-1.729944791184546133000000000000000000000e+92	
-1.614105004012662703000000000000000000000e+90	
1.646147007626281822000000000000000000000e+92	
-7.476692861237032855000000000000000000000e+91	
9.149828295209425530000000000000000000000e+91	
-1.478833464229042555000000000000000000000e+92	
1.841825282139418538000000000000000000000e+91	
1.795708112601242823000000000000000000000e+92	
-5.981081811487422847000000000000000000000e+91	
1.057674522700979847400000000000000000000e+92	
-1.336141771049005260000000000000000000000e+92	
3.200082282834568810000000000000000000000e+91	
1.924671236543267959000000000000000000000e+92	
-4.691450572067171483000000000000000000000e+91	
1.200981901277074914000000000000000000000e+92	
-1.192834392472910194000000000000000000000e+92	
4.776527228213412594000000000000000000000e+91	
-1.916163570928643848000000000000000000000e+92	
-2.453164780623461531000000000000000000000e+91	
1.374036309462494871000000000000000000000e+92	
-1.019779984287490236700000000000000000000e+92	
6.200124005262737326000000000000000000000e+91	
-1.773803893223711375000000000000000000000e+92	
-1.336362550618343940000000000000000000000e+91	
1.455052345932392832000000000000000000000e+92	
-9.387639478175922761000000000000000000000e+91	
7.657908704558288544000000000000000000000e+91	
-1.628025423294156253000000000000000000000e+92	
7.687241815576222426000000000000000000000e+90	
1.730259008306330044000000000000000000000e+92	
-6.635572854436550632000000000000000000000e+91	
9.901977926580572212000000000000000000000e+91	
-1.403618501091927886000000000000000000000e+92	
2.505048815763767432000000000000000000000e+91	
1.853142281753694092000000000000000000000e+92	
-5.406740119962910156000000000000000000000e+91	
1.133834665881689176000000000000000000000e+92	
-1.259981627868295932000000000000000000000e+92	
4.148850261799098060000000000000000000000e+91	
-1.978931267570075302000000000000000000000e+92	
-3.037068155048233104000000000000000000000e+91	
1.320021152748666286000000000000000000000e+92	
-1.073795141001318822000000000000000000000e+92	
5.568141512885921084000000000000000000000e+91	
-1.837002142461392999000000000000000000000e+92	
-2.060130266947896754000000000000000000000e+91	
1.373501619758337979000000000000000000000e+92	
-1.020314673991647128400000000000000000000e+92	
7.037580709367881059000000000000000000000e+91	
-1.690058222813197002000000000000000000000e+92	
3.434783184997493740000000000000000000000e+90	
1.707232926606102007000000000000000000000e+92	
-6.865833671438831003000000000000000000000e+91	
9.866605117873547823000000000000000000000e+91	
-1.407155781962630325000000000000000000000e+92	
2.664467025884215204000000000000000000000e+91	
1.888553510528561444000000000000000000000e+92	
-5.052627832214236636000000000000000000000e+91	
1.128009615503227120000000000000000000000e+92	
