4.433752701741647038000000000000000000000e+90	
1.671940200864535377000000000000000000000e+92	
-7.218760928854497309000000000000000000000e+91	
9.061079007352607744000000000000000000000e+91	
-1.487708393014724333000000000000000000000e+92	
1.406567306090418505000000000000000000000e+91	
1.717548690795479067000000000000000000000e+92	
-6.762676029545060402000000000000000000000e+91	
1.052889697519754491100000000000000000000e+92	
-1.340926596230230616000000000000000000000e+92	
3.885614835596779244000000000000000000000e+91	
2.066526074282760768000000000000000000000e+92	
-3.272902194672243400000000000000000000000e+91	
1.351030627529870209000000000000000000000e+92	
-1.042785666220114898900000000000000000000e+92	
6.358912597537495015000000000000000000000e+91	
-1.757925033996235606000000000000000000000e+92	
-7.889220625460876674000000000000000000000e+90	
1.548642242369673917000000000000000000000e+92	
-8.451740513803111910000000000000000000000e+91	
7.827417509710533607000000000000000000000e+91	
-1.611074542778931747000000000000000000000e+92	
1.722242351208121304000000000000000000000e+90	
1.594046260285467923000000000000000000000e+92	
-7.997700334645171848000000000000000000000e+91	
9.296979016499368834000000000000000000000e+91	
-1.464118392100048224000000000000000000000e+92	
2.656801677372255660000000000000000000000e+91	
1.943955083991781398000000000000000000000e+92	
-4.498612097582037092000000000000000000000e+91	
1.228769808331368516000000000000000000000e+92	
-1.165046485418616592000000000000000000000e+92	
5.139404572855897770000000000000000000000e+91	
-1.879875836464395331000000000000000000000e+92	
-2.005331462777411276000000000000000000000e+91	
1.427311010583037207000000000000000000000e+92	
-9.665052831669479002000000000000000000000e+91	
6.617200732891249823000000000000000000000e+91	
-1.732096220460860125000000000000000000000e+92	
-1.034898541202199752000000000000000000000e+91	
1.473643228724381911000000000000000000000e+92	
-9.201730650256031970000000000000000000000e+91	
8.088029812871027742000000000000000000000e+91	
-1.585013312462882333000000000000000000000e+92	
1.442936033698145838000000000000000000000e+91	
1.822077120295136726000000000000000000000e+92	
-5.717391734548483819000000000000000000000e+91	
1.106400689859066664000000000000000000000e+92	
-1.287415603890918444000000000000000000000e+92	
3.910804284695005070000000000000000000000e+91	
-2.002735865280484600000000000000000000000e+92	
-3.238838411273934326000000000000000000000e+91	
1.303469893888460214000000000000000000000e+92	
-1.090346399861524894000000000000000000000e+92	
5.373887788167375594000000000000000000000e+91	
-1.856427514933247548000000000000000000000e+92	
-2.283110824247683116000000000000000000000e+91	
1.348332310411918224000000000000000000000e+92	
-1.045483983338066883900000000000000000000e+92	
6.846969818087966383000000000000000000000e+91	
-1.709119311941188469000000000000000000000e+92	
2.139192307647527704000000000000000000000e+90	
1.700379159835999846000000000000000000000e+92	
-6.934371339139852614000000000000000000000e+91	
9.859058501816450468000000000000000000000e+91	
-1.407910443568340061000000000000000000000e+92	
2.717881108194365914000000000000000000000e+91	
1.899987954779216772000000000000000000000e+92	
-4.938283389707683360000000000000000000000e+91	
1.134752527570324121000000000000000000000e+92	
-1.259063766179660987000000000000000000000e+92	
3.698979333201107986000000000000000000000e+91	
-2.023918360429874309000000000000000000000e+92	
-3.945760174996876165000000000000000000000e+91	
1.183292675662680702000000000000000000000e+92	
-1.210523618087304405000000000000000000000e+92	
5.172876810129616512000000000000000000000e+91	
-1.876528612737023456000000000000000000000e+92	
-1.483858644596947949000000000000000000000e+91	
1.528234064278854445000000000000000000000e+92	
-8.655822294711306628000000000000000000000e+91	
8.113946247362735313000000000000000000000e+91	
-1.582421669013711576000000000000000000000e+92	
9.491193303226943305000000000000000000000e+90	
1.720748001610658073000000000000000000000e+92	
-6.730682921393270349000000000000000000000e+91	
9.531499753950431214000000000000000000000e+91	
-1.440666318354941986000000000000000000000e+92	
1.859339579273325145000000000000000000000e+91	
1.761061949079803152000000000000000000000e+92	
-6.327543446701819558000000000000000000000e+91	
1.100076055019953085000000000000000000000e+92	
-1.293740238730032023000000000000000000000e+92	
4.394191122928950553000000000000000000000e+91	
2.121053147175868539000000000000000000000e+92	
-2.727631465741165686000000000000000000000e+91	
1.409225318419015473000000000000000000000e+92	
-9.845909753309696344000000000000000000000e+91	
6.977517433839019830000000000000000000000e+91	
-1.696064550366083125000000000000000000000e+92	
-1.336775423010864190000000000000000000000e+90	
1.617828839349780646000000000000000000000e+92	
-7.759874544002044615000000000000000000000e+91	
8.555886703754920226000000000000000000000e+91	
-1.538227623374493085000000000000000000000e+92	
9.372784371659133382000000000000000000000e+90	
1.674208360572354243000000000000000000000e+92	
-7.196079331776308642000000000000000000000e+91	
1.002016025811546353300000000000000000000e+92	
-1.391800267938438754000000000000000000000e+92	
3.301582194671530274000000000000000000000e+91	
2.000596965040879100000000000000000000000e+92	
-3.932193287091060080000000000000000000000e+91	
1.277579418508713554000000000000000000000e+92	
-1.116236875241271553000000000000000000000e+92	
5.549216944594500945000000000000000000000e+91	
-1.838894599290535013000000000000000000000e+92	
-1.673763861789407490000000000000000000000e+91	
1.452647187596324685000000000000000000000e+92	
-9.411691061536604222000000000000000000000e+91	
6.970982062016635595000000000000000000000e+91	
-1.696718087548321548000000000000000000000e+92	
-5.807476286557437979000000000000000000000e+90	
1.529090283251113334000000000000000000000e+92	
-8.647260104988717738000000000000000000000e+91	
8.429521425982838753000000000000000000000e+91	
-1.550864151151701232000000000000000000000e+92	
1.571554707390785184000000000000000000000e+91	
1.813662287721200787000000000000000000000e+92	
-5.801540060287843204000000000000000000000e+91	
1.076719746068357290000000000000000000000e+92	
-1.317096547681627818000000000000000000000e+92	
3.401439569187762607000000000000000000000e+91	
1.945896927737276023000000000000000000000e+92	
-4.479193660127090842000000000000000000000e+91	
1.219873102334020164000000000000000000000e+92	
-1.173943191415964944000000000000000000000e+92	
4.942105955415722506000000000000000000000e+91	
-1.899605698208412857000000000000000000000e+92	
-2.310907724566718717000000000000000000000e+91	
1.385931008597867306000000000000000000000e+92	
-1.007885285152117801900000000000000000000e+92	
6.368224264986382083000000000000000000000e+91	
-1.756993867251346899000000000000000000000e+92	
-1.119133484519024520000000000000000000000e+91	
1.481685688197861112000000000000000000000e+92	
-9.121306055521239959000000000000000000000e+91	
7.820000239475142228000000000000000000000e+91	
-1.611816269802470885000000000000000000000e+92	
8.266257065576552592000000000000000000000e+90	
1.725635345014961096000000000000000000000e+92	
-6.681809487350240122000000000000000000000e+91	
9.751654961951192325000000000000000000000e+91	
-1.418650797554865875000000000000000000000e+92	
2.250691319824501654000000000000000000000e+91	
1.817308256491420460000000000000000000000e+92	
-5.765080372585646476000000000000000000000e+91	
1.120047042689313291000000000000000000000e+92	
-1.273769251060671817000000000000000000000e+92	
4.231328332751143112000000000000000000000e+91	
-1.970683460474870796000000000000000000000e+92	
-2.734345444440535907000000000000000000000e+91	
1.372306926910570585000000000000000000000e+92	
-1.021509366839414522200000000000000000000e+92	
6.246043971950781908000000000000000000000e+91	
-1.769211896554906917000000000000000000000e+92	
-1.227260251185885043000000000000000000000e+91	
1.472277664769427811000000000000000000000e+92	
-9.215386289805572964000000000000000000000e+91	
7.696330689149888638000000000000000000000e+91	
-1.624183224834996244000000000000000000000e+92	
6.733815658384840000000000000000000000000e+90	
1.707354943735504361000000000000000000000e+92	
-6.864613500144807462000000000000000000000e+91	
9.539305788074916613000000000000000000000e+91	
-1.439885714942493446000000000000000000000e+92	
2.008811688539018856000000000000000000000e+91	
1.790168717257447702000000000000000000000e+92	
-6.036475764925374052000000000000000000000e+91	
1.099188306460678508000000000000000000000e+92	
-1.294627987289306600000000000000000000000e+92	
4.085517742990018542000000000000000000000e+91	
-1.985264519450983253000000000000000000000e+92	
-2.817410503648728371000000000000000000000e+91	
1.370271851402626739000000000000000000000e+92	
-1.023544442347358368400000000000000000000e+92	
6.288376310116309056000000000000000000000e+91	
-1.764978662738354202000000000000000000000e+92	
-1.122276015126540344000000000000000000000e+91	
1.489038160182121509000000000000000000000e+92	
-9.047781335678635986000000000000000000000e+91	
7.731232310407919854000000000000000000000e+91	
-1.620693062709193122000000000000000000000e+92	
5.756458963906950214000000000000000000000e+90	
1.684324248649746812000000000000000000000e+92	
-7.094920451002382954000000000000000000000e+91	
9.176493532252897826000000000000000000000e+91	
-1.476166940524695325000000000000000000000e+92	
1.513560071363550684000000000000000000000e+91	
1.727406210483854523000000000000000000000e+92	
-6.664100832661305844000000000000000000000e+91	
1.064514706441354283000000000000000000000e+92	
-1.329301587308630825000000000000000000000e+92	
4.019531020921922233000000000000000000000e+91	
2.081683423241639555000000000000000000000e+92	
-3.121328705083455528000000000000000000000e+91	
1.367952828168105006000000000000000000000e+92	
-1.025863465581880101400000000000000000000e+92	
6.545774337616553942000000000000000000000e+91	
-1.739238859988329713000000000000000000000e+92	
-5.844293674960966284000000000000000000000e+90	
1.570853729936076532000000000000000000000e+92	
-8.229625638139085752000000000000000000000e+91	
8.067145795998420209000000000000000000000e+91	
-1.587101714150143087000000000000000000000e+92	
4.295571664069125657000000000000000000000e+90	
1.621539141787572990000000000000000000000e+92	
-7.722771519624121178000000000000000000000e+91	
9.534312151791181137000000000000000000000e+91	
-1.440385078570866994000000000000000000000e+92	
2.856557843090466808000000000000000000000e+91	
1.960174873690662296000000000000000000000e+92	
-4.336414200593228114000000000000000000000e+91	
1.241235640311049310000000000000000000000e+92	
-1.152580653438935798000000000000000000000e+92	
5.226541997695919356000000000000000000000e+91	
-1.871162093980393172000000000000000000000e+92	
-1.955696259956498730000000000000000000000e+91	
1.428526175027692982000000000000000000000e+92	
-9.652901187222921261000000000000000000000e+91	
6.643947090764886062000000000000000000000e+91	
-1.729421584673496501000000000000000000000e+92	
-9.935647332190169545000000000000000000000e+90	
1.479234628563373002000000000000000000000e+92	
-9.145816651866121061000000000000000000000e+91	
8.113023279725020786000000000000000000000e+91	
-1.582513965777483029000000000000000000000e+92	
1.437024357166177470000000000000000000000e+91	
1.818396976352521489000000000000000000000e+92	
-5.754193173974636184000000000000000000000e+91	
1.099633106910773242000000000000000000000e+92	
-1.294183186839211866000000000000000000000e+92	
3.812269430342125443000000000000000000000e+91	
-2.012589350715772563000000000000000000000e+92	
-3.368216932956684866000000000000000000000e+91	
1.287449209976911439000000000000000000000e+92	
-1.106367083773073669000000000000000000000e+92	
5.231375176716803292000000000000000000000e+91	
-1.870678776078304778000000000000000000000e+92	
-2.407938013879006927000000000000000000000e+91	
1.337617253484382316000000000000000000000e+92	
-1.056199040265602791700000000000000000000e+92	
6.702567917196991703000000000000000000000e+91	
-1.723559502030285937000000000000000000000e+92	
3.228453704286818416000000000000000000000e+89	
1.678494264136575521000000000000000000000e+92	
-7.153220296134095867000000000000000000000e+91	
9.603013801886836490000000000000000000000e+91	
-1.433514913561301459000000000000000000000e+92	
2.424659176449391216000000000000000000000e+91	
1.866949888613946421000000000000000000000e+92	
-5.268664051360386863000000000000000000000e+91	
1.101406110536477146000000000000000000000e+92	
-1.292410183213507961000000000000000000000e+92	
3.362433188739562096000000000000000000000e+91	
-2.057572974876028898000000000000000000000e+92	
-4.285386759782511940000000000000000000000e+91	
1.149022126455274591000000000000000000000e+92	
-1.244794167294710517000000000000000000000e+92	
4.837146968495881501000000000000000000000e+91	
-1.910101596900396958000000000000000000000e+92	
-1.812616307346300183000000000000000000000e+91	
1.496055168909531332000000000000000000000e+92	
-8.977611248404537754000000000000000000000e+91	
7.799122534624185528000000000000000000000e+91	
-1.613904040287566555000000000000000000000e+92	
6.412573921633453674000000000000000000000e+90	
1.690657638787605446000000000000000000000e+92	
-7.031586549623796620000000000000000000000e+91	
9.237550972722595033000000000000000000000e+91	
-1.470061196477725604000000000000000000000e+92	
1.572342183845432222000000000000000000000e+91	
1.733057002168986972000000000000000000000e+92	
-6.607592915809981358000000000000000000000e+91	
1.070638997066507742000000000000000000000e+92	
-1.323177296683477366000000000000000000000e+92	
4.085506560122363298000000000000000000000e+91	
2.088754004928716437000000000000000000000e+92	
-3.050622888212686704000000000000000000000e+91	
1.375496202211571677000000000000000000000e+92	
-1.018320091538413430200000000000000000000e+92	
6.625933648680249870000000000000000000000e+91	
-1.731222928881960120000000000000000000000e+92	
-4.995468375672637026000000000000000000000e+90	
1.579814069756124630000000000000000000000e+92	
-8.140022239938604770000000000000000000000e+91	
8.161467713046867256000000000000000000000e+91	
-1.577669522445298382000000000000000000000e+92	
5.285952540488861520000000000000000000000e+90	
1.631914332902543374000000000000000000000e+92	
-7.619019608474417340000000000000000000000e+91	
9.627951839746400908000000000000000000000e+91	
-1.431021109775345017000000000000000000000e+92	
2.940090340378112186000000000000000000000e+91	
1.967517907354907573000000000000000000000e+92	
-4.262983863950775343000000000000000000000e+91	
1.247568960662685192000000000000000000000e+92	
-1.146247333087299916000000000000000000000e+92	
5.279783093103253224000000000000000000000e+91	
-1.865837984439659785000000000000000000000e+92	
-1.912542250141911532000000000000000000000e+91	
1.431833369451550559000000000000000000000e+92	
-9.619829242984345485000000000000000000000e+91	
6.698303573688411091000000000000000000000e+91	
-1.723985936381143998000000000000000000000e+92	
-9.179343042380564142000000000000000000000e+90	
1.488924007331622088000000000000000000000e+92	
-9.048922864183630199000000000000000000000e+91	
8.164802696849063325000000000000000000000e+91	
-1.577336024065078775000000000000000000000e+92	
1.443711855697019704000000000000000000000e+91	
1.814558778425448955000000000000000000000e+92	
-5.792575153245361526000000000000000000000e+91	
1.091290204165900917000000000000000000000e+92	
-1.302526089584084190000000000000000000000e+92	
3.683815773176477610000000000000000000000e+91	
-2.025434716432337347000000000000000000000e+92	
-3.541672812535128090000000000000000000000e+91	
1.265605639393061018000000000000000000000e+92	
-1.128210654356924089000000000000000000000e+92	
5.108391122743651096000000000000000000000e+91	
-1.882977181475619998000000000000000000000e+92	
-2.435517919191307797000000000000000000000e+91	
1.344394929862868063000000000000000000000e+92	
-1.049421363887117044900000000000000000000e+92	
6.568521354235053888000000000000000000000e+91	
-1.736964158326479719000000000000000000000e+92	
-3.034849117140711575000000000000000000000e+90	
1.624755069777939057000000000000000000000e+92	
-7.690612239720460506000000000000000000000e+91	
8.864099704475283186000000000000000000000e+91	
-1.507406323302456789000000000000000000000e+92	
1.484323216280403949000000000000000000000e+91	
1.752784130436917342000000000000000000000e+92	
-6.410321633130677656000000000000000000000e+91	
1.029984905854645047700000000000000000000e+92	
-1.363831387895340060000000000000000000000e+92	
3.075453951034908895000000000000000000000e+91	
1.927427609151192895000000000000000000000e+92	
-4.663886845987922124000000000000000000000e+91	
1.171537543846668191000000000000000000000e+92	
-1.222278749903316916000000000000000000000e+92	
4.160236606160133360000000000000000000000e+91	
-1.977792633133971772000000000000000000000e+92	
-3.391142277544408099000000000000000000000e+91	
1.248085881600501022000000000000000000000e+92	
-1.145730412149484086000000000000000000000e+92	
5.622524359181570860000000000000000000000e+91	
-1.831563857831828022000000000000000000000e+92	
-1.232396926074094756000000000000000000000e+91	
1.533571516146970040000000000000000000000e+92	
-8.602447776030150681000000000000000000000e+91	
7.969332147804286274000000000000000000000e+91	
-1.596883078969556480000000000000000000000e+92	
6.066151450658501488000000000000000000000e+90	
1.666718422865608938000000000000000000000e+92	
-7.270978708843761693000000000000000000000e+91	
9.404280131756957271000000000000000000000e+91	
-1.453388280574289380000000000000000000000e+92	
2.144990547669804271000000000000000000000e+91	
1.830893557742527114000000000000000000000e+92	
-5.629227360074579940000000000000000000000e+91	
1.082512079919844449000000000000000000000e+92	
-1.311304213830140658000000000000000000000e+92	
3.345030473895336663000000000000000000000e+91	
1.928828464783295041000000000000000000000e+92	
-4.649878289666900670000000000000000000000e+91	
1.227003230292114318000000000000000000000e+92	
-1.166813063457870789000000000000000000000e+92	
5.255272715545428900000000000000000000000e+91	
-1.868289022195442218000000000000000000000e+92	
-1.755995852526813105000000000000000000000e+91	
1.465584676119378775000000000000000000000e+92	
-9.282316176306063323000000000000000000000e+91	
7.133272043975547534000000000000000000000e+91	
-1.680489089352430354000000000000000000000e+92	
-3.855589307491012756000000000000000000000e+90	
1.551897387373705171000000000000000000000e+92	
-8.419189063762799364000000000000000000000e+91	
8.587720672410476238000000000000000000000e+91	
-1.535044226508937484000000000000000000000e+92	
1.659916931955889757000000000000000000000e+91	
1.815518283554495661000000000000000000000e+92	
-5.782980101954894466000000000000000000000e+91	
1.071598989111798691000000000000000000000e+92	
-1.322217304638186416000000000000000000000e+92	
3.280499192769124859000000000000000000000e+91	
1.926833079786700154000000000000000000000e+92	
-4.669832139632849542000000000000000000000e+91	
1.215579950489326399000000000000000000000e+92	
-1.178236343260658709000000000000000000000e+92	
5.046807889043312115000000000000000000000e+91	
-1.889135504845653896000000000000000000000e+92	
-2.058645811265846926000000000000000000000e+91	
1.425905854311642526000000000000000000000e+92	
-9.679104394383425812000000000000000000000e+91	
6.642392416131314928000000000000000000000e+91	
-1.729577052136853615000000000000000000000e+92	
-9.704831421042671026000000000000000000000e+90	
1.484005188182297605000000000000000000000e+92	
-9.098111055676875023000000000000000000000e+91	
8.108571204404227151000000000000000000000e+91	
-1.582959173309562392000000000000000000000e+92	
1.380440567524011788000000000000000000000e+91	
1.807528020383228983000000000000000000000e+92	
-5.862882733667561244000000000000000000000e+91	
1.083556167072303505000000000000000000000e+92	
-1.310260126677681602000000000000000000000e+92	
3.599446111719443700000000000000000000000e+91	
1.978655363359460466000000000000000000000e+92	
-4.151609303905246418000000000000000000000e+91	
1.225174516516354208000000000000000000000e+92	
-1.168641777233630900000000000000000000000e+92	
4.720686527568958678000000000000000000000e+91	
-1.921747640993089240000000000000000000000e+92	
-2.806624145358853459000000000000000000000e+91	
1.308943318099607754000000000000000000000e+92	
-1.084872975650377354000000000000000000000e+92	
6.179385995113126322000000000000000000000e+91	
-1.775877694238672475000000000000000000000e+92	
-7.272222834468685012000000000000000000000e+90	
1.578922853373991868000000000000000000000e+92	
-8.148934403759932398000000000000000000000e+91	
8.371209959863342340000000000000000000000e+91	
-1.556695297763650874000000000000000000000e+92	
9.568830942644828375000000000000000000000e+90	
1.696586799955629339000000000000000000000e+92	
-6.972294937943557682000000000000000000000e+91	
9.811690178738705569000000000000000000000e+91	
-1.412647275876114551000000000000000000000e+92	
2.661072761176825593000000000000000000000e+91	
1.893363587482988223000000000000000000000e+92	
-5.004527062669968849000000000000000000000e+91	
1.127185097245321878000000000000000000000e+92	
-1.266631196504663229000000000000000000000e+92	
3.613879092983478545000000000000000000000e+91	
-2.032428384451637253000000000000000000000e+92	
-4.040281661197700201000000000000000000000e+91	
1.172898871309265282000000000000000000000e+92	
-1.220917422440719826000000000000000000000e+92	
5.089000116359571364000000000000000000000e+91	
-1.884916282114027971000000000000000000000e+92	
-1.547683972488770464000000000000000000000e+91	
1.523855670185770827000000000000000000000e+92	
-8.699606235642142808000000000000000000000e+91	
8.090193719441838718000000000000000000000e+91	
-1.584796921805801236000000000000000000000e+92	
9.453882464243963753000000000000000000000e+90	
1.722376041220478859000000000000000000000e+92	
-6.714402525295062490000000000000000000000e+91	
9.567781670977822230000000000000000000000e+91	
-1.437038126652202884000000000000000000000e+92	
1.915613063118883353000000000000000000000e+91	
1.768687459230458706000000000000000000000e+92	
-6.251288345195264014000000000000000000000e+91	
1.103464069709206683000000000000000000000e+92	
-1.290352224040778425000000000000000000000e+92	
4.385717403853868802000000000000000000000e+91	
-1.955244553364598227000000000000000000000e+92	
-2.259896934989689983000000000000000000000e+91	
1.451741793365859195000000000000000000000e+92	
-9.420745003841259125000000000000000000000e+91	
7.360133587629763433000000000000000000000e+91	
-1.657802934987008764000000000000000000000e+92	
2.064111908739118597000000000000000000000e+90	
1.647587087058086230000000000000000000000e+92	
-7.462292066918988778000000000000000000000e+91	
8.810984078736948056000000000000000000000e+91	
-1.512717885876290302000000000000000000000e+92	
1.149911853510167161000000000000000000000e+91	
1.691227419637084962000000000000000000000e+92	
-7.025888741129001456000000000000000000000e+91	
1.027991136760033600600000000000000000000e+92	
-1.365825156989951507000000000000000000000e+92	
3.650849251616117503000000000000000000000e+91	
2.044470810561698297000000000000000000000e+92	
-3.493454831882868104000000000000000000000e+91	
1.330395951153351621000000000000000000000e+92	
-1.063420342596633486000000000000000000000e+92	
6.166764637413313226000000000000000000000e+91	
-1.777139830008653785000000000000000000000e+92	
-9.668782853152851117000000000000000000000e+90	
1.532265087551317286000000000000000000000e+92	
-8.615512061986678211000000000000000000000e+91	
7.677823576858151749000000000000000000000e+91	
-1.626033936064169933000000000000000000000e+92	
3.680086185833184637000000000000000000000e+89	
1.581920273695223881000000000000000000000e+92	
-8.118960200547612268000000000000000000000e+91	
9.145919013763058971000000000000000000000e+91	
-1.479224392373679210000000000000000000000e+92	
2.475956368367778948000000000000000000000e+91	
1.922893504783017525000000000000000000000e+92	
-4.709227889669675830000000000000000000000e+91	
1.204732662395087364000000000000000000000e+92	
-1.189083631354897744000000000000000000000e+92	
4.869292254652549046000000000000000000000e+91	
-1.906887068284730203000000000000000000000e+92	
-2.305169838756338875000000000000000000000e+91	
1.394356046577480859000000000000000000000e+92	
-9.994602471725042485000000000000000000000e+91	
6.286263826928676263000000000000000000000e+91	
-1.765189911057117481000000000000000000000e+92	
-1.367222022674341866000000000000000000000e+91	
1.440272292031596010000000000000000000000e+92	
-9.535440017183890981000000000000000000000e+91	
7.757702292191725491000000000000000000000e+91	
-1.618046064530812558000000000000000000000e+92	
1.115988676231733862000000000000000000000e+91	
1.789720232649977852000000000000000000000e+92	
-6.040960611000072560000000000000000000000e+91	
1.074381482179301379000000000000000000000e+92	
-1.319434811570683728000000000000000000000e+92	
3.593987327027152056000000000000000000000e+91	
1.986733997035715991000000000000000000000e+92	
-4.070822967142691166000000000000000000000e+91	
1.220634420473403166000000000000000000000e+92	
-1.173181873276581941000000000000000000000e+92	
4.549161069289945811000000000000000000000e+91	
-1.938900186820990526000000000000000000000e+92	
-3.104211333398008108000000000000000000000e+91	
1.266584700004849301000000000000000000000e+92	
-1.127231593745135806000000000000000000000e+92	
6.022928286373269702000000000000000000000e+91	
-1.791523465112658137000000000000000000000e+92	
-6.166844611926471908000000000000000000000e+90	
1.616662901193512530000000000000000000000e+92	
-7.771533925564725779000000000000000000000e+91	
9.015340285074056150000000000000000000000e+91	
-1.492282265242579493000000000000000000000e+92	
1.867610523659937902000000000000000000000e+91	
1.814305985636755100000000000000000000000e+92	
-5.795103081132300070000000000000000000000e+91	
1.048415973666743729600000000000000000000e+92	
-1.345400320083241378000000000000000000000e+92	
2.829071204211068045000000000000000000000e+91	
1.859741426195151412000000000000000000000e+92	
-5.340748675548336955000000000000000000000e+91	
1.195012687953145210000000000000000000000e+92	
-1.198803605796839898000000000000000000000e+92	
5.306147637366042918000000000000000000000e+91	
-1.863201530013380816000000000000000000000e+92	
-1.334525110899278445000000000000000000000e+91	
1.544772888905719951000000000000000000000e+92	
-8.490434048442651562000000000000000000000e+91	
8.295381216290424850000000000000000000000e+91	
-1.564278172120942623000000000000000000000e+92	
1.146593035973776273000000000000000000000e+91	
1.742098447651976805000000000000000000000e+92	
-6.517178460980083028000000000000000000000e+91	
9.761026991136791617000000000000000000000e+91	
-1.417713594636305946000000000000000000000e+92	
2.104881619214315490000000000000000000000e+91	
1.787216836344352646000000000000000000000e+92	
-6.065994574056324612000000000000000000000e+91	
1.122809350234062701000000000000000000000e+92	
-1.271006943515922406000000000000000000000e+92	
4.587325182724276598000000000000000000000e+91	
-1.935083775477557448000000000000000000000e+92	
-2.050138240964441837000000000000000000000e+91	
1.473532348639144328000000000000000000000e+92	
-9.202839451108407793000000000000000000000e+91	
7.586181944641740598000000000000000000000e+91	
-1.635198099285811048000000000000000000000e+92	
4.405982997543015021000000000000000000000e+90	
1.671819268093570767000000000000000000000e+92	
-7.219970256564143405000000000000000000000e+91	
9.061436542188030051000000000000000000000e+91	
-1.487672639531182102000000000000000000000e+92	
1.408490923694022969000000000000000000000e+91	
1.717897582893775665000000000000000000000e+92	
-6.759187108562094422000000000000000000000e+91	
1.052906971221649992000000000000000000000e+92	
-1.340909322528335116000000000000000000000e+92	
3.882473039009385834000000000000000000000e+91	
2.065880606217020353000000000000000000000e+92	
-3.279356875329647543000000000000000000000e+91	
1.350054035928669661000000000000000000000e+92	
-1.043762257821315446200000000000000000000e+92	
6.345837094065783295000000000000000000000e+91	
-1.759232584343406778000000000000000000000e+92	
-8.053055064027109210000000000000000000000e+90	
1.546673268571030400000000000000000000000e+92	
-8.471430251789547077000000000000000000000e+91	
7.804423123030099218000000000000000000000e+91	
-1.613373981446975186000000000000000000000e+92	
1.459268443633066624000000000000000000000e+90	
1.591086385181856602000000000000000000000e+92	
-8.027299085681285056000000000000000000000e+91	
9.274404370611685839000000000000000000000e+91	
-1.466375856688816524000000000000000000000e+92	
2.641247640962717217000000000000000000000e+91	
1.943101391905581504000000000000000000000e+92	
-4.507149018444036031000000000000000000000e+91	
1.228617478580743574000000000000000000000e+92	
-1.165198815169241534000000000000000000000e+92	
5.144891408251560308000000000000000000000e+91	
-1.879327152924829077000000000000000000000e+92	
-1.992837983196587478000000000000000000000e+91	
1.429260674261582776000000000000000000000e+92	
-9.645556194884023319000000000000000000000e+91	
6.643697041636163796000000000000000000000e+91	
-1.729446589586368728000000000000000000000e+92	
-1.001406044008507958200000000000000000000e+91	
1.477691749110924162000000000000000000000e+92	
-9.161245446390609454000000000000000000000e+91	
8.113667000175911083000000000000000000000e+91	
-1.582449593732393999000000000000000000000e+92	
1.453732593820811290000000000000000000000e+91	
1.821673452159268357000000000000000000000e+92	
-5.721428415907167508000000000000000000000e+91	
1.104514435777587373000000000000000000000e+92	
-1.289301857972397734000000000000000000000e+92	
3.877123262775552271000000000000000000000e+91	
-2.006103967472429880000000000000000000000e+92	
-3.287330539618570390000000000000000000000e+91	
1.297140307512412786000000000000000000000e+92	
-1.096675986237572322000000000000000000000e+92	
5.295795556332085806000000000000000000000e+91	
-1.864236738116776527000000000000000000000e+92	
-2.375992060483246939000000000000000000000e+91	
1.337566022349321965000000000000000000000e+92	
-1.056250271400663142700000000000000000000e+92	
6.770723427340133887000000000000000000000e+91	
-1.716743951015971719000000000000000000000e+92	
1.690736949226388621000000000000000000000e+90	
1.699033129023221450000000000000000000000e+92	
-6.947831647267636574000000000000000000000e+91	
9.876967801988754547000000000000000000000e+91	
-1.406119513551109653000000000000000000000e+92	
2.767144405025792492000000000000000000000e+91	
1.908048123741116886000000000000000000000e+92	
-4.857681700088682217000000000000000000000e+91	
1.145944976200380466000000000000000000000e+92	
-1.247871317549604642000000000000000000000e+92	
3.842211027838901278000000000000000000000e+91	
-2.009595190966094980000000000000000000000e+92	
-3.771236852608370258000000000000000000000e+91	
1.203872613393346189000000000000000000000e+92	
-1.189943680356638919000000000000000000000e+92	
5.312232606952579121000000000000000000000e+91	
-1.862593033054727196000000000000000000000e+92	
-1.410913361433480245000000000000000000000e+91	
1.528890846266042393000000000000000000000e+92	
-8.649254474839427148000000000000000000000e+91	
8.054169637862831982000000000000000000000e+91	
-1.588399329963701909000000000000000000000e+92	
8.230313089308988268000000000000000000000e+90	
1.701511358387104673000000000000000000000e+92	
-6.923049353628804342000000000000000000000e+91	
9.473517450670108209000000000000000000000e+91	
-1.446464548682974287000000000000000000000e+92	
1.935674526307194214000000000000000000000e+91	
1.782120484278842135000000000000000000000e+92	
-6.116958094711429724000000000000000000000e+91	
1.092704832791870504000000000000000000000e+92	
-1.301111460958114604000000000000000000000e+92	
4.036322812098173089000000000000000000000e+91	
2.056864848768634318000000000000000000000e+92	
-3.369514449813507892000000000000000000000e+91	
1.316649687180680787000000000000000000000e+92	
-1.077166606569304321000000000000000000000e+92	
5.768029067732417094000000000000000000000e+91	
-1.817013386976743398000000000000000000000e+92	
-1.626756757850994904000000000000000000000e+91	
1.440175946251173316000000000000000000000e+92	
-9.536403474988117916000000000000000000000e+91	
7.209719279042725419000000000000000000000e+91	
-1.672844365845712566000000000000000000000e+92	
2.125834170454565241000000000000000000000e+89	
1.625599676907893080000000000000000000000e+92	
-7.682166168420920276000000000000000000000e+91	
8.625182851717079860000000000000000000000e+91	
-1.531298008578277122000000000000000000000e+92	
9.981665440031211311000000000000000000000e+90	
1.679456785584632656000000000000000000000e+92	
-7.143595081653524517000000000000000000000e+91	
1.009035253639017765100000000000000000000e+92	
-1.384781040110967342000000000000000000000e+92	
3.389473688384444394000000000000000000000e+91	
2.011155155123198867000000000000000000000e+92	
-3.826611386267862406000000000000000000000e+91	
1.289905768907631092000000000000000000000e+92	
-1.103910524842354016000000000000000000000e+92	
5.690153252186787664000000000000000000000e+91	
-1.824800968531306341000000000000000000000e+92	
-1.515163545777610283000000000000000000000e+91	
1.470272740958802204000000000000000000000e+92	
-9.235435527911829038000000000000000000000e+91	
7.109649431404477934000000000000000000000e+91	
-1.682851350609537314000000000000000000000e+92	
-4.796497170894118407000000000000000000000e+90	
1.535444998336180051000000000000000000000e+92	
-8.583712954138050568000000000000000000000e+91	
8.572423465634249734000000000000000000000e+91	
-1.536573947186560134000000000000000000000e+92	
1.793772143477564150000000000000000000000e+91	
1.843811623702285637000000000000000000000e+92	
-5.500046700476994702000000000000000000000e+91	
1.114792729115148543000000000000000000000e+92	
-1.279023564634836565000000000000000000000e+92	
3.861366436880253745000000000000000000000e+91	
-2.007679650061959733000000000000000000000e+92	
-3.421568131374857271000000000000000000000e+91	
1.271874368155765842000000000000000000000e+92	
-1.121941925594219266000000000000000000000e+92	
5.292463343416646096000000000000000000000e+91	
-1.864569959408320498000000000000000000000e+92	
-2.130121174833394796000000000000000000000e+91	
1.387061018737427774000000000000000000000e+92	
-1.006755275012557333700000000000000000000e+92	
6.738066441103386482000000000000000000000e+91	
-1.720009649639646459000000000000000000000e+92	
-3.909276684920207631000000000000000000000e+90	
1.590324799190546238000000000000000000000e+92	
-8.034914945594388700000000000000000000000e+91	
8.263064880406690712000000000000000000000e+91	
-1.567509805709316036000000000000000000000e+92	
6.266840413011587012000000000000000000000e+90	
1.641372548217763008000000000000000000000e+92	
-7.524437455322220992000000000000000000000e+91	
9.729824934563547936000000000000000000000e+91	
-1.420833800293630314000000000000000000000e+92	
3.049250748394004065000000000000000000000e+91	
1.979162316810328427000000000000000000000e+92	
-4.146539769396566810000000000000000000000e+91	
1.259941376286381468000000000000000000000e+92	
-1.133874917463603640000000000000000000000e+92	
5.410783687971381953000000000000000000000e+91	
-1.852737924952846912000000000000000000000e+92	
-1.774268837891134102000000000000000000000e+91	
1.446387630470260253000000000000000000000e+92	
-9.474286632797248542000000000000000000000e+91	
6.828271588839624778000000000000000000000e+91	
-1.710989134866022630000000000000000000000e+92	
-8.035331331497600228000000000000000000000e+90	
1.498808214745715511000000000000000000000e+92	
-8.950080790042695962000000000000000000000e+91	
8.296427574967780027000000000000000000000e+91	
-1.564173536253207105000000000000000000000e+92	
1.608103222850705847000000000000000000000e+91	
1.834272933361975157000000000000000000000e+92	
-5.595433603880099509000000000000000000000e+91	
1.114277747452783760000000000000000000000e+92	
-1.279538546297201348000000000000000000000e+92	
3.946408798952197257000000000000000000000e+91	
-1.999175413854765382000000000000000000000e+92	
-3.246378476341881912000000000000000000000e+91	
1.298403576615528755000000000000000000000e+92	
-1.095412717134456352000000000000000000000e+92	
5.366781409337590950000000000000000000000e+91	
-1.857138152816226013000000000000000000000e+92	
-2.246682085987585030000000000000000000000e+91	
1.356326529344736110000000000000000000000e+92	
-1.037489764405248997400000000000000000000e+92	
6.834749276047819642000000000000000000000e+91	
-1.710341366145203143000000000000000000000e+92	
1.095818237712679272000000000000000000000e+90	
1.680738317000192662000000000000000000000e+92	
-7.130779767497924452000000000000000000000e+91	
9.570624872867674237000000000000000000000e+91	
-1.436753806463217684000000000000000000000e+92	
2.337468076625238320000000000000000000000e+91	
1.852753288878088301000000000000000000000e+92	
-5.410630048718968070000000000000000000000e+91	
1.098816563492457238000000000000000000000e+92	
-1.294999730257527869000000000000000000000e+92	
3.452550480665019300000000000000000000000e+91	
1.934030745856036756000000000000000000000e+92	
-4.597855478939483513000000000000000000000e+91	
1.243939214872503913000000000000000000000e+92	
-1.149877078877481195000000000000000000000e+92	
5.541911201572871140000000000000000000000e+91	
-1.839625173592697994000000000000000000000e+92	
-1.352137092067524835000000000000000000000e+91	
1.517686745933999159000000000000000000000e+92	
-8.761295478159859484000000000000000000000e+91	
7.771396372096049645000000000000000000000e+91	
-1.616676656540380143000000000000000000000e+92	
3.696107486509499062000000000000000000000e+90	
1.639113065472532290000000000000000000000e+92	
-7.547032282774528174000000000000000000000e+91	
9.211209301939649416000000000000000000000e+91	
-1.472695363556020166000000000000000000000e+92	
2.034861164134150378000000000000000000000e+91	
1.828170636289207606000000000000000000000e+92	
-5.656456574607775019000000000000000000000e+91	
1.062254872022006376000000000000000000000e+92	
-1.331561421727978731000000000000000000000e+92	
2.967202792952668771000000000000000000000e+91	
1.873528858397917208000000000000000000000e+92	
-5.202874353520678996000000000000000000000e+91	
1.208835956913447707000000000000000000000e+92	
-1.184980336836537401000000000000000000000e+92	
5.444738516196474203000000000000000000000e+91	
-1.849342442130337687000000000000000000000e+92	
-1.195576221100652690000000000000000000000e+91	
1.558703561165352200000000000000000000000e+92	
-8.351127325846329074000000000000000000000e+91	
8.435045593602614126000000000000000000000e+91	
-1.550311734389723695000000000000000000000e+92	
1.286614890008635448000000000000000000000e+91	
1.756136362937266960000000000000000000000e+92	
-6.376799308127181473000000000000000000000e+91	
9.901763264991654239000000000000000000000e+91	
-1.403639967250819684000000000000000000000e+92	
2.245974836343551976000000000000000000000e+91	
1.801361834620799739000000000000000000000e+92	
-5.924544591291853684000000000000000000000e+91	
1.136859801462406983000000000000000000000e+92	
-1.256956492287578124000000000000000000000e+92	
4.726884695056808227000000000000000000000e+91	
-1.921127824244304285000000000000000000000e+92	
-1.911523258286865026000000000000000000000e+91	
1.487299440947597399000000000000000000000e+92	
-9.065168528023877084000000000000000000000e+91	
7.722909277961193374000000000000000000000e+91	
-1.621525365953865770000000000000000000000e+92	
5.763825129028313378000000000000000000000e+90	
1.685303424327376349000000000000000000000e+92	
-7.085128694226087586000000000000000000000e+91	
9.195335922842479184000000000000000000000e+91	
-1.474282701465737189000000000000000000000e+92	
1.541448591558258264000000000000000000000e+91	
1.731099225267182674000000000000000000000e+92	
-6.627170684828024336000000000000000000000e+91	
1.066289939107285887000000000000000000000e+92	
-1.327526354642699221000000000000000000000e+92	
4.018115070589519154000000000000000000000e+91	
2.079625954452469346000000000000000000000e+92	
-3.141903392975157618000000000000000000000e+91	
1.363980439091499052000000000000000000000e+92	
-1.029835854658486055800000000000000000000e+92	
6.486910773915982368000000000000000000000e+91	
-1.745125216358386871000000000000000000000e+92	
-6.624230789340832522000000000000000000000e+90	
1.561142296064208302000000000000000000000e+92	
-8.326739976857768052000000000000000000000e+91	
7.950920345717731688000000000000000000000e+91	
-1.598724259178211939000000000000000000000e+92	
2.942301155472482029000000000000000000000e+90	
1.606097227268680579000000000000000000000e+92	
-7.877190664813045289000000000000000000000e+91	
9.420491515935099209000000000000000000000e+91	
-1.451767142156475187000000000000000000000e+92	
2.783315512000278555000000000000000000000e+91	
1.956906451607053332000000000000000000000e+92	
-4.369098421429317754000000000000000000000e+91	
1.242021010806685534000000000000000000000e+92	
-1.151795282943299574000000000000000000000e+92	
5.274913454028250237000000000000000000000e+91	
-1.866324948347160084000000000000000000000e+92	
-1.866827216624529881000000000000000000000e+91	
1.441460822626736501000000000000000000000e+92	
-9.523554711232486065000000000000000000000e+91	
6.761691237657813941000000000000000000000e+91	
-1.717647169984203714000000000000000000000e+92	
-8.874171413191070146000000000000000000000e+90	
1.488690309377153385000000000000000000000e+92	
-9.051259843728317222000000000000000000000e+91	
8.231973498664212830000000000000000000000e+91	
-1.570618943883563824000000000000000000000e+92	
1.580355847093994553000000000000000000000e+91	
1.835167039067048505000000000000000000000e+92	
-5.586492546829366024000000000000000000000e+91	
1.118838870573786720000000000000000000000e+92	
-1.274977423176198387000000000000000000000e+92	
4.028671954760120889000000000000000000000e+91	
-1.990949098273973019000000000000000000000e+92	
-3.127481636415255928000000000000000000000e+91	
1.313954805879911874000000000000000000000e+92	
-1.079861487870073234000000000000000000000e+92	
5.472232491787427492000000000000000000000e+91	
-1.846593044571242358000000000000000000000e+92	
-2.191267299884166814000000000000000000000e+91	
1.356866868465312303000000000000000000000e+92	
-1.036949425284672804800000000000000000000e+92	
6.945947063580311006000000000000000000000e+91	
-1.699221587391954007000000000000000000000e+92	
3.265213571760888139000000000000000000000e+90	
1.713001182502711267000000000000000000000e+92	
-6.808151112472738406000000000000000000000e+91	
9.998890051450646864000000000000000000000e+91	
-1.393927288604920421000000000000000000000e+92	
2.871317206879778127000000000000000000000e+91	
1.916691342498409737000000000000000000000e+92	
-4.771249512515753710000000000000000000000e+91	
1.152815016422647024000000000000000000000e+92	
-1.241001277327338084000000000000000000000e+92	
3.893188469248216784000000000000000000000e+91	
-2.004497446825163429000000000000000000000e+92	
-3.737973551867170394000000000000000000000e+91	
1.205428410976227324000000000000000000000e+92	
-1.188387882773757784000000000000000000000e+92	
5.365226132970494486000000000000000000000e+91	
-1.857293680452935659000000000000000000000e+92	
-1.320502915690800872000000000000000000000e+91	
1.541671720693530673000000000000000000000e+92	
-8.521445730564544343000000000000000000000e+91	
8.219358068744525657000000000000000000000e+91	
-1.571880486875532542000000000000000000000e+92	
1.025580823756564510800000000000000000000e+91	
1.725500558923579364000000000000000000000e+92	
-6.683157348264057441000000000000000000000e+91	
9.634086052096068933000000000000000000000e+91	
-1.430407688540378214000000000000000000000e+92	
2.016959200490738806000000000000000000000e+91	
1.782324504677964976000000000000000000000e+92	
-6.114917890720201312000000000000000000000e+91	
1.109673153912329162000000000000000000000e+92	
-1.284143139837655946000000000000000000000e+92	
4.373565600005492278000000000000000000000e+91	
-1.956459733749435880000000000000000000000e+92	
-2.346254436550495728000000000000000000000e+91	
1.435689166416461794000000000000000000000e+92	
-9.581271273335233141000000000000000000000e+91	
7.125475461603124320000000000000000000000e+91	
-1.681268747589672676000000000000000000000e+92	
-1.023418986544964855000000000000000000000e+90	
1.609305969222111217000000000000000000000e+92	
-7.845103245278738908000000000000000000000e+91	
8.545684563477554315000000000000000000000e+91	
-1.539247837402229676000000000000000000000e+92	
1.002065519591469494800000000000000000000e+91	
1.688182259113767408000000000000000000000e+92	
-7.056340346362176992000000000000000000000e+91	
1.000114622504523309300000000000000000000e+92	
-1.393701671245461798000000000000000000000e+92	
3.123894149367272856000000000000000000000e+91	
1.966968655980198488000000000000000000000e+92	
-4.268476377697866198000000000000000000000e+91	
1.228099497680996814000000000000000000000e+92	
-1.165716796068988294000000000000000000000e+92	
4.895980506999423190000000000000000000000e+91	
-1.904218243050042789000000000000000000000e+92	
-2.485358679610129637000000000000000000000e+91	
1.355659748776850410000000000000000000000e+92	
-1.038156544973134697500000000000000000000e+92	
6.337263920513320098000000000000000000000e+91	
-1.760089901698653098000000000000000000000e+92	
-8.784768175753672036000000000000000000000e+90	
1.532899538532433539000000000000000000000e+92	
-8.609167552175515685000000000000000000000e+91	
7.757114429002764784000000000000000000000e+91	
-1.618104850849708629000000000000000000000e+92	
1.890017532976288465000000000000000000000e+90	
1.604427738271430765000000000000000000000e+92	
-7.893885554785543430000000000000000000000e+91	
9.216522015074773982000000000000000000000e+91	
-1.472164092242507709000000000000000000000e+92	
2.392164600777887772000000000000000000000e+91	
1.899082534862894922000000000000000000000e+92	
-4.947337588870901855000000000000000000000e+91	
1.165497579218914112000000000000000000000e+92	
-1.228318714531070995000000000000000000000e+92	
4.322777051160734546000000000000000000000e+91	
-1.961538588633911653000000000000000000000e+92	
-3.005772691349195873000000000000000000000e+91	
1.308894664852757374000000000000000000000e+92	
-1.084921628897227734000000000000000000000e+92	
5.758620397424990306000000000000000000000e+91	
-1.817954254007486077000000000000000000000e+92	
-1.568057787036884712000000000000000000000e+91	
1.452853217947394303000000000000000000000e+92	
-9.409630758025908047000000000000000000000e+91	
7.192307554739930062000000000000000000000e+91	
-1.674585538275992101000000000000000000000e+92	
-1.402660679233034751000000000000000000000e+90	
1.595043139435536324000000000000000000000e+92	
-7.987731543144487838000000000000000000000e+91	
8.624755545292386688000000000000000000000e+91	
-1.531340739220746439000000000000000000000e+92	
1.302725448515214231000000000000000000000e+91	
1.740396118950761544000000000000000000000e+92	
-6.534201747992235634000000000000000000000e+91	
1.005403130163814302500000000000000000000e+92	
-1.388413163586170805000000000000000000000e+92	
2.707759236506297172000000000000000000000e+91	
1.878476507358877966000000000000000000000e+92	
-5.153397863911071415000000000000000000000e+91	
1.148423308290845140000000000000000000000e+92	
-1.245392985459139968000000000000000000000e+92	
4.187334331227634750000000000000000000000e+91	
-1.975082860627221632000000000000000000000e+92	
-3.105932989599383326000000000000000000000e+91	
1.302405121303847958000000000000000000000e+92	
-1.091411172446137149000000000000000000000e+92	
5.619207825854913623000000000000000000000e+91	
-1.831895511164493745000000000000000000000e+92	
-1.781950409915859309000000000000000000000e+91	
1.424019657160225377000000000000000000000e+92	
-9.697966365897597306000000000000000000000e+91	
7.061848673209745076000000000000000000000e+91	
-1.687631426429010600000000000000000000000e+92	
-1.129267932600187273000000000000000000000e+90	
1.613549029416590511000000000000000000000e+92	
-7.802672643333945965000000000000000000000e+91	
8.475900943639010148000000000000000000000e+91	
-1.546226199386084093000000000000000000000e+92	
8.201235233637868408000000000000000000000e+90	
1.658777803612260246000000000000000000000e+92	
-7.350384901377248612000000000000000000000e+91	
9.944656861566011968000000000000000000000e+91	
-1.399350607593383911000000000000000000000e+92	
3.304841753876968588000000000000000000000e+91	
2.008795296758970863000000000000000000000e+92	
-3.850209969910142446000000000000000000000e+91	
1.293646208197159205000000000000000000000e+92	
-1.100170085552825902000000000000000000000e+92	
5.788530262408311046000000000000000000000e+91	
-1.814963267509154003000000000000000000000e+92	
-1.355844262332368616000000000000000000000e+91	
1.492295863725574677000000000000000000000e+92	
-9.015204300244104304000000000000000000000e+91	
7.267410415474198344000000000000000000000e+91	
-1.667075252202565273000000000000000000000e+92	
-3.843278871949457101000000000000000000000e+90	
1.538736373303155976000000000000000000000e+92	
-8.550799204468291318000000000000000000000e+91	
8.737320346191394137000000000000000000000e+91	
-1.520084259130845694000000000000000000000e+92	
2.090586471180277970000000000000000000000e+91	
1.886678236081799805000000000000000000000e+92	
-5.071380576681853028000000000000000000000e+91	
1.170837959265831878000000000000000000000e+92	
-1.222978334484153230000000000000000000000e+92	
4.553539330374199451000000000000000000000e+91	
-1.938462360712565162000000000000000000000e+92	
-2.597740198978490456000000000000000000000e+91	
1.367416113239541200000000000000000000000e+92	
-1.026400180510443907100000000000000000000e+92	
6.011714777087262495000000000000000000000e+91	
-1.792644816041258858000000000000000000000e+92	
-1.646918226130199404000000000000000000000e+91	
1.411788212481778234000000000000000000000e+92	
-9.820280812682068739000000000000000000000e+91	
7.484129191714590640000000000000000000000e+91	
-1.645403374578526044000000000000000000000e+92	
8.536776632077295917000000000000000000000e+90	
1.764614779615169185000000000000000000000e+92	
-6.292015141348159223000000000000000000000e+91	
1.050401117213294160900000000000000000000e+92	
-1.343415176536690947000000000000000000000e+92	
3.365428958855128937000000000000000000000e+91	
1.965002128725975707000000000000000000000e+92	
-4.288141650240094008000000000000000000000e+91	
1.200025961308297323000000000000000000000e+92	
-1.193790332441687785000000000000000000000e+92	
4.354304978240730886000000000000000000000e+91	
-1.958385795925912019000000000000000000000e+92	
-3.287844511907503612000000000000000000000e+91	
1.249343114879758882000000000000000000000e+92	
-1.144473178870226226000000000000000000000e+92	
5.827014066701300602000000000000000000000e+91	
-1.811114887079855047000000000000000000000e+92	
-8.360853549066020090000000000000000000000e+90	
1.592375313273833932000000000000000000000e+92	
-8.014409804761511752000000000000000000000e+91	
8.749001103136589820000000000000000000000e+91	
-1.518916183436326126000000000000000000000e+92	
1.577819715909818577000000000000000000000e+91	
1.782982909392156583000000000000000000000e+92	
-6.108333843578285244000000000000000000000e+91	
1.016035562186507533100000000000000000000e+92	
-1.377780731563477574000000000000000000000e+92	
2.494698999068330376000000000000000000000e+91	
1.825247922586566532000000000000000000000e+92	
-5.685683711634185761000000000000000000000e+91	
1.162800312587157438000000000000000000000e+92	
-1.231015981162827670000000000000000000000e+92	
5.006823813693566498000000000000000000000e+91	
-1.893133912380628458000000000000000000000e+92	
-1.611060351373181253000000000000000000000e+91	
1.519397089063997676000000000000000000000e+92	
-8.744192046859874316000000000000000000000e+91	
8.064389124432103189000000000000000000000e+91	
-1.587377381306774789000000000000000000000e+92	
9.383555208178949634000000000000000000000e+90	
1.723549021384836503000000000000000000000e+92	
-6.702672723651486048000000000000000000000e+91	
9.598264662367601334000000000000000000000e+91	
-1.433989827513224974000000000000000000000e+92	
1.964839911397969632000000000000000000000e+91	
1.775483596926074310000000000000000000000e+92	
-6.183326968239107974000000000000000000000e+91	
1.106287658268392502000000000000000000000e+92	
-1.287528635481592606000000000000000000000e+92	
4.374247568175538096000000000000000000000e+91	
2.110856916817390199000000000000000000000e+92	
-2.829593769325949090000000000000000000000e+91	
1.390831294985648408000000000000000000000e+92	
-1.002984998764336699300000000000000000000e+92	
6.711640066525099413000000000000000000000e+91	
-1.722652287097475166000000000000000000000e+92	
-4.814512651303480164000000000000000000000e+90	
1.574865907232448045000000000000000000000e+92	
-8.189503865175370628000000000000000000000e+91	
8.128320151613964052000000000000000000000e+91	
-1.580984278588588702000000000000000000000e+92	
5.117736274838015516000000000000000000000e+90	
1.631863951243763586000000000000000000000e+92	
-7.619523425062215216000000000000000000000e+91	
9.592927535029719502000000000000000000000e+91	
-1.434523540247013157000000000000000000000e+92	
2.870562727264644707000000000000000000000e+91	
1.957116532322112414000000000000000000000e+92	
-4.366997614278726934000000000000000000000e+91	
1.233720688172116647000000000000000000000e+92	
-1.160095605577868461000000000000000000000e+92	
5.106848547715299380000000000000000000000e+91	
-1.883131438978455170000000000000000000000e+92	
-2.119911470453709290000000000000000000000e+91	
1.407654693630550276000000000000000000000e+92	
-9.861616001194348316000000000000000000000e+91	
6.529654886123304039000000000000000000000e+91	
-1.740850805137654704000000000000000000000e+92	
-1.013481319614023227700000000000000000000e+91	
1.486675834978798241000000000000000000000e+92	
-9.071404587711868668000000000000000000000e+91	
7.987777897062891718000000000000000000000e+91	
-1.595038504043695936000000000000000000000e+92	
1.112220890750971652000000000000000000000e+91	
1.765970752697044373000000000000000000000e+92	
-6.278455410529407347000000000000000000000e+91	
1.027270932660172851600000000000000000000e+92	
-1.366545361089812256000000000000000000000e+92	
2.889387396672642628000000000000000000000e+91	
1.892936180747905441000000000000000000000e+92	
-5.008801130020796665000000000000000000000e+91	
1.170697674918609656000000000000000000000e+92	
-1.223118618831375451000000000000000000000e+92	
4.488186038688176108000000000000000000000e+91	
-1.944997689881167497000000000000000000000e+92	
-2.727012112805529114000000000000000000000e+91	
1.348100240666133186000000000000000000000e+92	
-1.045716053083851921100000000000000000000e+92	
5.910465766592615246000000000000000000000e+91	
-1.802769717090723583000000000000000000000e+92	
-1.656303261882447252000000000000000000000e+91	
1.420031534607447012000000000000000000000e+92	
-9.737847591425380955000000000000000000000e+91	
7.372205018202760734000000000000000000000e+91	
-1.656595791929709034000000000000000000000e+92	
5.474928203259451373000000000000000000000e+90	
1.714579896116140550000000000000000000000e+92	
-6.792363976338445577000000000000000000000e+91	
9.809594974182458679000000000000000000000e+91	
-1.412856796331739240000000000000000000000e+92	
2.477041979003550342000000000000000000000e+91	
1.856776005850090774000000000000000000000e+92	
-5.370402878998943336000000000000000000000e+91	
1.123851169663991499000000000000000000000e+92	
-1.269965124085993609000000000000000000000e+92	
3.912910864988970401000000000000000000000e+91	
-2.002525207251088068000000000000000000000e+92	
-3.409044251709913401000000000000000000000e+91	
1.269226643204560910000000000000000000000e+92	
-1.124589650545424197000000000000000000000e+92	
5.348530690123116758000000000000000000000e+91	
-1.858963224737673432000000000000000000000e+92	
-1.991550311688145227000000000000000000000e+91	
1.409164350762263984000000000000000000000e+92	
-9.846519429877211233000000000000000000000e+91	
6.784348171171825836000000000000000000000e+91	
-1.715381476632802524000000000000000000000e+92	
-5.193105603807085384000000000000000000000e+90	
1.560028740300116649000000000000000000000e+92	
-8.337875534498684582000000000000000000000e+91	
8.213943148097004948000000000000000000000e+91	
-1.572421978940284613000000000000000000000e+92	
8.312748381849340317000000000000000000000e+90	
1.687190254372278917000000000000000000000e+92	
-7.066260393777061903000000000000000000000e+91	
9.650909441192972811000000000000000000000e+91	
-1.428725349630687826000000000000000000000e+92	
2.433509993726763021000000000000000000000e+91	
1.863932431273503161000000000000000000000e+92	
-5.298838624764819470000000000000000000000e+91	
1.106648743967548752000000000000000000000e+92	
-1.287167549782436355000000000000000000000e+92	
3.497419322961270357000000000000000000000e+91	
1.935173998686100010000000000000000000000e+92	
-4.586422950638850981000000000000000000000e+91	
1.252154550707103555000000000000000000000e+92	
-1.141661743042881553000000000000000000000e+92	
5.694750194491064036000000000000000000000e+91	
-1.824341274300878704000000000000000000000e+92	
-1.128647642534662212000000000000000000000e+91	
1.547097220503694185000000000000000000000e+92	
-8.467190732462909224000000000000000000000e+91	
8.136081271004725180000000000000000000000e+91	
-1.580208166649512590000000000000000000000e+92	
8.048406753084976262000000000000000000000e+90	
1.689687050114969721000000000000000000000e+92	
-7.041292436350153864000000000000000000000e+91	
9.567099901941809522000000000000000000000e+91	
-1.437106303555804155000000000000000000000e+92	
2.240977092844632044000000000000000000000e+91	
1.833812215832777223000000000000000000000e+92	
-5.600040779172078844000000000000000000000e+91	
1.099558679315721171000000000000000000000e+92	
-1.294257614434263937000000000000000000000e+92	
3.656705570709135935000000000000000000000e+91	
1.974109857229166938000000000000000000000e+92	
-4.197064365208181700000000000000000000000e+91	
1.242364924781922903000000000000000000000e+92	
-1.151451368968062204000000000000000000000e+92	
5.109841581556982236000000000000000000000e+91	
-1.882832135594286884000000000000000000000e+92	
-2.200326238830758441000000000000000000000e+91	
1.391276587507920798000000000000000000000e+92	
-1.002539706242064310100000000000000000000e+92	
6.542460333981803553000000000000000000000e+91	
-1.739570260351804752000000000000000000000e+92	
-8.241772440733975332000000000000000000000e+90	
1.523247321534379487000000000000000000000e+92	
-8.705689722156056204000000000000000000000e+91	
7.979793564124568709000000000000000000000e+91	
-1.595836937337528237000000000000000000000e+92	
7.307233373409056984000000000000000000000e+90	
1.690488263855577327000000000000000000000e+92	
-7.033280298944077809000000000000000000000e+91	
9.401352101701631601000000000000000000000e+91	
-1.453681083579821948000000000000000000000e+92	
1.901555829667550215000000000000000000000e+91	
1.782511386388746946000000000000000000000e+92	
-6.113049073612381616000000000000000000000e+91	
1.085050248315663269000000000000000000000e+92	
-1.308766045434321839000000000000000000000e+92	
3.879362141263408342000000000000000000000e+91	
2.033131301064080977000000000000000000000e+92	
-3.606849926859041302000000000000000000000e+91	
1.284882658849583702000000000000000000000e+92	
-1.108933634900401406000000000000000000000e+92	
5.370063958194656418000000000000000000000e+91	
-1.856809897930519466000000000000000000000e+92	
-2.104976733473669593000000000000000000000e+91	
1.384332456105914579000000000000000000000e+92	
-1.009483837644070528100000000000000000000e+92	
6.821736111942904719000000000000000000000e+91	
-1.711642682555694636000000000000000000000e+92	
-1.963579193659166660000000000000000000000e+90	
1.620866262793072928000000000000000000000e+92	
-7.729500309569121794000000000000000000000e+91	
8.679269239410675174000000000000000000000e+91	
-1.525889369808917590000000000000000000000e+92	
1.153622986816706649000000000000000000000e+91	
1.705134390517722963000000000000000000000e+92	
-6.886819032322621448000000000000000000000e+91	
1.013243553350141519100000000000000000000e+92	
-1.380572740399843588000000000000000000000e+92	
3.216970479074551183000000000000000000000e+91	
1.972456892812578338000000000000000000000e+92	
-4.213594009374067699000000000000000000000e+91	
1.229770239165139223000000000000000000000e+92	
-1.164046054584845884000000000000000000000e+92	
4.874531966799949362000000000000000000000e+91	
-1.906363097069990171000000000000000000000e+92	
-2.544944185863929528000000000000000000000e+91	
1.345889399499673496000000000000000000000e+92	
-1.047926894250311611400000000000000000000e+92	
6.320332723212166225000000000000000000000e+91	
-1.761783021428768485000000000000000000000e+92	
-8.146759171688067218000000000000000000000e+90	
1.547348820568084514000000000000000000000e+92	
-8.464674731819005930000000000000000000000e+91	
7.827296548382337462000000000000000000000e+91	
-1.611086638911751361000000000000000000000e+92	
1.849101537362665833000000000000000000000e+90	
1.596594902784323921000000000000000000000e+92	
-7.972213909656611866000000000000000000000e+91	
9.295350948119921690000000000000000000000e+91	
-1.464281198937992939000000000000000000000e+92	
2.628072609632483333000000000000000000000e+91	
1.938373426010986541000000000000000000000e+92	
-4.554428677389985667000000000000000000000e+91	
1.220480747201751976000000000000000000000e+92	
-1.173335546548233132000000000000000000000e+92	
5.029453403942626055000000000000000000000e+91	
-1.890870953355722502000000000000000000000e+92	
-2.142329722142189995000000000000000000000e+91	
1.410907821647751216000000000000000000000e+92	
-9.829084721022338914000000000000000000000e+91	
6.445893740278723055000000000000000000000e+91	
-1.749226919722112802000000000000000000000e+92	
-1.213477016490453227000000000000000000000e+91	
1.455058594806193258000000000000000000000e+92	
-9.387576989437918493000000000000000000000e+91	
7.917809587264167338000000000000000000000e+91	
-1.602035335023568374000000000000000000000e+92	
1.288334145054232764000000000000000000000e+91	
1.808177987852849094000000000000000000000e+92	
-5.856383058971360142000000000000000000000e+91	
1.094061836951516255000000000000000000000e+92	
-1.299754456798468853000000000000000000000e+92	
3.803010785959523930000000000000000000000e+91	
-2.013515215154032714000000000000000000000e+92	
-3.331044640812348728000000000000000000000e+91	
1.295807222126276920000000000000000000000e+92	
-1.098009071623708188000000000000000000000e+92	
5.312832829042187620000000000000000000000e+91	
-1.862533010845766346000000000000000000000e+92	
-2.328601774437538879000000000000000000000e+91	
1.345338841716005331000000000000000000000e+92	
-1.048477452033979776800000000000000000000e+92	
6.784165415464114577000000000000000000000e+91	
-1.715399752203573650000000000000000000000e+92	
1.182614706721273390000000000000000000000e+90	
1.687529683085360345000000000000000000000e+92	
-7.062866106646247626000000000000000000000e+91	
9.697743068814400334000000000000000000000e+91	
-1.424041986868545074000000000000000000000e+92	
2.523761343481920879000000000000000000000e+91	
1.877297177702580096000000000000000000000e+92	
-5.165191160474050110000000000000000000000e+91	
1.110814799424287292000000000000000000000e+92	
-1.283001494325697816000000000000000000000e+92	
3.447138746719506481000000000000000000000e+91	
-2.049102419078034460000000000000000000000e+92	
-4.210057863915308640000000000000000000000e+91	
1.155617816476911978000000000000000000000e+92	
-1.238198477273073130000000000000000000000e+92	
4.922841879719893800000000000000000000000e+91	
-1.901532105777995728000000000000000000000e+92	
-1.707193208085282650000000000000000000000e+91	
1.508569315831127411000000000000000000000e+92	
-8.852469779188576966000000000000000000000e+91	
7.943972560599175856000000000000000000000e+91	
-1.599419037690067522000000000000000000000e+92	
8.058061665851507849000000000000000000000e+90	
1.709081410731375419000000000000000000000e+92	
-6.847348830186096884000000000000000000000e+91	
9.441467838624110100000000000000000000000e+91	
-1.449669509887574098000000000000000000000e+92	
1.795928402535114047000000000000000000000e+91	
1.757381580436605693000000000000000000000e+92	
-6.364347133133794147000000000000000000000e+91	
1.090771696940381506000000000000000000000e+92	
-1.303044596809603601000000000000000000000e+92	
4.244935636548638859000000000000000000000e+91	
2.100509205464381212000000000000000000000e+92	
-2.933070882856038956000000000000000000000e+91	
1.383065779726857343000000000000000000000e+92	
-1.010750514023127765000000000000000000000e+92	
6.659794024123336283000000000000000000000e+91	
-1.727836891337651479000000000000000000000e+92	
-5.075010417065955766000000000000000000000e+90	
1.574839272360534352000000000000000000000e+92	
-8.189770213894507554000000000000000000000e+91	
8.073507992464315742000000000000000000000e+91	
-1.586465494503553534000000000000000000000e+92	
4.024428035919241551000000000000000000000e+90	
1.615481715598227915000000000000000000000e+92	
-7.783345781517571924000000000000000000000e+91	
9.544605700828923700000000000000000000000e+91	
-1.439355723667092738000000000000000000000e+92	
2.937683934438600885000000000000000000000e+91	
1.975367211949639244000000000000000000000e+92	
-4.184490818003458634000000000000000000000e+91	
1.263504184341645683000000000000000000000e+92	
-1.130312109408339425000000000000000000000e+92	
5.519954279727229106000000000000000000000e+91	
-1.841820865777262197000000000000000000000e+92	
-1.591592334664831893000000000000000000000e+91	
1.472002213788110496000000000000000000000e+92	
-9.218140799618746110000000000000000000000e+91	
7.097269159797174208000000000000000000000e+91	
-1.684089377770267687000000000000000000000e+92	
-5.216902203080095120000000000000000000000e+90	
1.528276400947129558000000000000000000000e+92	
-8.655398928028555494000000000000000000000e+91	
8.563550664644678032000000000000000000000e+91	
-1.537461227285517304000000000000000000000e+92	
1.847681255301335586000000000000000000000e+91	
1.855477601712952280000000000000000000000e+92	
-5.383386920370328280000000000000000000000e+91	
1.132730651055998834000000000000000000000e+92	
-1.261085642693986273000000000000000000000e+92	
4.103433882151192303000000000000000000000e+91	
-1.983472905534865877000000000000000000000e+92	
-3.116843658146966988000000000000000000000e+91	
1.308609400036321011000000000000000000000e+92	
-1.085206893713664096000000000000000000000e+92	
5.526830168847048470000000000000000000000e+91	
-1.841133276865280261000000000000000000000e+92	
-2.028671661188218074000000000000000000000e+91	
1.383920853788770640000000000000000000000e+92	
-1.009895439961214467500000000000000000000e+92	
6.987760607658872120000000000000000000000e+91	
-1.695040232984097896000000000000000000000e+92	
1.397224217959296150000000000000000000000e+90	
1.671471418323616891000000000000000000000e+92	
-7.223448754263682165000000000000000000000e+91	
9.355207419675683477000000000000000000000e+91	
-1.458295551782416760000000000000000000000e+92	
1.999363244954570122000000000000000000000e+91	
1.806680173617758757000000000000000000000e+92	
-5.871361201322263504000000000000000000000e+91	
1.078747797514388667000000000000000000000e+92	
-1.315068496235596440000000000000000000000e+92	
3.511776898458726475000000000000000000000e+91	
1.965931860308604561000000000000000000000e+92	
-4.278844334413805469000000000000000000000e+91	
1.220838520742975571000000000000000000000e+92	
-1.172977773007009536000000000000000000000e+92	
4.761159900694988698000000000000000000000e+91	
-1.917700303680486238000000000000000000000e+92	
-2.682359162514358845000000000000000000000e+91	
1.329744807318094633000000000000000000000e+92	
-1.064071486431890475000000000000000000000e+92	
6.209943178109763542000000000000000000000e+91	
-1.772821975939008753000000000000000000000e+92	
-8.740344946676416668000000000000000000000e+90	
1.546513519932105483000000000000000000000e+92	
-8.473027738178796242000000000000000000000e+91	
7.869923729336073386000000000000000000000e+91	
-1.606823920816377769000000000000000000000e+92	
2.784921508107217476000000000000000000000e+90	
1.611046048247202472000000000000000000000e+92	
-7.827702455027826350000000000000000000000e+91	
9.331923670164975140000000000000000000000e+91	
-1.460623926733487594000000000000000000000e+92	
2.556760316715107552000000000000000000000e+91	
1.920459064311783568000000000000000000000e+92	
-4.733572294382015398000000000000000000000e+91	
1.191788619511839411000000000000000000000e+92	
-1.202027674238145697000000000000000000000e+92	
4.634808104597038204000000000000000000000e+91	
-1.930335483290281287000000000000000000000e+92	
-2.644645433167237720000000000000000000000e+91	
1.349914567785965396000000000000000000000e+92	
-1.043901725964019711400000000000000000000e+92	
6.064452503775671161000000000000000000000e+91	
-1.787371043372417992000000000000000000000e+92	
-1.366540663620586036000000000000000000000e+91	
1.462578623415398915000000000000000000000e+92	
-9.312376703345861928000000000000000000000e+91	
7.510004375293801274000000000000000000000e+91	
-1.642815856220604980000000000000000000000e+92	
3.977638112590639850000000000000000000000e+90	
1.670868467951865138000000000000000000000e+92	
-7.229478257981199700000000000000000000000e+91	
9.085238442332824878000000000000000000000e+91	
-1.485292449516702620000000000000000000000e+92	
1.465586148138410004000000000000000000000e+91	
1.726934780866944623000000000000000000000e+92	
-6.668815128830404846000000000000000000000e+91	
1.054892115542565520200000000000000000000e+92	
-1.338924178207419587000000000000000000000e+92	
3.831839041489559996000000000000000000000e+91	
2.053772170224890285000000000000000000000e+92	
-3.400441235250948226000000000000000000000e+91	
1.330904069783407645000000000000000000000e+92	
-1.062912223966577463000000000000000000000e+92	
6.083957174503341192000000000000000000000e+91	
-1.785420576299650988000000000000000000000e+92	
-1.137530658093456624000000000000000000000e+91	
1.506419731044146666000000000000000000000e+92	
-8.873965627058384416000000000000000000000e+91	
7.504825600126309086000000000000000000000e+91	
-1.643333733737354199000000000000000000000e+92	
-5.078405502016093049000000000000000000000e+89	
1.581698837260564219000000000000000000000e+92	
-8.121174564894208890000000000000000000000e+91	
8.963101834322168716000000000000000000000e+91	
-1.497506110317768236000000000000000000000e+92	
2.112626254021060362000000000000000000000e+91	
1.868518183403562693000000000000000000000e+92	
-5.252981103464224150000000000000000000000e+91	
1.132324010145828561000000000000000000000e+92	
-1.261492283604156546000000000000000000000e+92	
3.964962169525763805000000000000000000000e+91	
-1.997320076797408727000000000000000000000e+92	
-3.389653785117208776000000000000000000000e+91	
1.267901231493848321000000000000000000000e+92	
-1.125915062256136787000000000000000000000e+92	
5.404355741393613600000000000000000000000e+91	
-1.853380719610623748000000000000000000000e+92	
-1.866680470511202530000000000000000000000e+91	
1.428552377734391140000000000000000000000e+92	
-9.652639160155939674000000000000000000000e+91	
6.831971919900526649000000000000000000000e+91	
-1.710619101759932443000000000000000000000e+92	
-6.178705454974726866000000000000000000000e+90	
1.535561643496223940000000000000000000000e+92	
-8.582546502537611670000000000000000000000e+91	
8.278707374873474269000000000000000000000e+91	
-1.565945556262637681000000000000000000000e+92	
1.205320263873617620000000000000000000000e+91	
1.755507524905928813000000000000000000000e+92	
-6.383087688440562943000000000000000000000e+91	
9.970443802313706714000000000000000000000e+91	
-1.396771913518614436000000000000000000000e+92	
2.389586981691867448000000000000000000000e+91	
1.823212480854119328000000000000000000000e+92	
-5.706038128958657798000000000000000000000e+91	
1.142836708389180776000000000000000000000e+92	
-1.250979585360804332000000000000000000000e+92	
4.627995369733159488000000000000000000000e+91	
-1.931016756776669159000000000000000000000e+92	
-2.168992019042818504000000000000000000000e+91	
1.445702513315137429000000000000000000000e+92	
-9.481137804348476788000000000000000000000e+91	
7.148518366655739834000000000000000000000e+91	
-1.678964457084411124000000000000000000000e+92	
-1.563511920520069644000000000000000000000e+90	
1.596203654676422031000000000000000000000e+92	
-7.976126390735630766000000000000000000000e+91	
8.577764844553485700000000000000000000000e+91	
-1.536039809294636538000000000000000000000e+92	
1.197168055892302337000000000000000000000e+91	
1.723986625175181488000000000000000000000e+92	
-6.698296685748036200000000000000000000000e+91	
1.001399680162374179400000000000000000000e+92	
-1.392416613587610928000000000000000000000e+92	
2.791723433359984569000000000000000000000e+91	
1.899266625716368614000000000000000000000e+92	
-4.945496680336164932000000000000000000000e+91	
1.142965887867087608000000000000000000000e+92	
-1.250850405882897500000000000000000000000e+92	
3.870415364701393912000000000000000000000e+91	
-2.006774757279845716000000000000000000000e+92	
-3.685066157898581023000000000000000000000e+91	
1.218283433850628414000000000000000000000e+92	
-1.175532859899356693000000000000000000000e+92	
5.333576727044791606000000000000000000000e+91	
-1.860458621045505947000000000000000000000e+92	
-1.512272230101722930000000000000000000000e+91	
1.506490767054651360000000000000000000000e+92	
-8.873255266953337472000000000000000000000e+91	
7.707587957227808500000000000000000000000e+91	
-1.623057498027204258000000000000000000000e+92	
3.539297443242002863000000000000000000000e+90	
1.642355310948212019000000000000000000000e+92	
-7.514609828017730890000000000000000000000e+91	
9.141822696956868738000000000000000000000e+91	
-1.479634024054298234000000000000000000000e+92	
1.863716166492883142000000000000000000000e+91	
1.800885361445803330000000000000000000000e+92	
-5.929309323041817774000000000000000000000e+91	
1.056523183912798186900000000000000000000e+92	
-1.337293109837186921000000000000000000000e+92	
3.125314513962144506000000000000000000000e+91	
1.910872169523225672000000000000000000000e+92	
-4.829441242267594352000000000000000000000e+91	
1.200576569674725622000000000000000000000e+92	
-1.193239724075259486000000000000000000000e+92	
4.906344610071210232000000000000000000000e+91	
-1.903181832742864084000000000000000000000e+92	
-2.189543324007327622000000000000000000000e+91	
1.413772203603264644000000000000000000000e+92	
-9.800440901467204635000000000000000000000e+91	
6.530612156501494288000000000000000000000e+91	
-1.740755078099835679000000000000000000000e+92	
-1.072711910115867131000000000000000000000e+91	
1.474736985196068411000000000000000000000e+92	
-9.190793085539166968000000000000000000000e+91	
7.995817519778944728000000000000000000000e+91	
-1.594234541772090635000000000000000000000e+92	
1.247625217150100367000000000000000000000e+91	
1.792241317175289308000000000000000000000e+92	
-6.015749765746958000000000000000000000000e+91	
1.066265293601256544000000000000000000000e+92	
-1.327551000148728564000000000000000000000e+92	
3.406505648486046004000000000000000000000e+91	
1.957359141098263390000000000000000000000e+92	
-4.364571526517217180000000000000000000000e+91	
1.208142713872889714000000000000000000000e+92	
-1.185673579877095394000000000000000000000e+92	
4.592991474672406581000000000000000000000e+91	
-1.934517146282744450000000000000000000000e+92	
-2.891717436794726598000000000000000000000e+91	
1.304692044950003740000000000000000000000e+92	
-1.089124248799981367000000000000000000000e+92	
6.046849215190191201000000000000000000000e+91	
-1.789131372230965988000000000000000000000e+92	
-9.497383097351441540000000000000000000000e+90	
1.547677804085132015000000000000000000000e+92	
-8.461384896648530926000000000000000000000e+91	
7.968869757853994674000000000000000000000e+91	
-1.596929317964585640000000000000000000000e+92	
4.646979183396029466000000000000000000000e+90	
1.638388256265784004000000000000000000000e+92	
-7.554280374842011038000000000000000000000e+91	
9.420466499111467096000000000000000000000e+91	
-1.451769643838838398000000000000000000000e+92	
2.460515902854905256000000000000000000000e+91	
1.892365094909393971000000000000000000000e+92	
-5.014511988405911364000000000000000000000e+91	
1.145234313780697021000000000000000000000e+92	
-1.248581979969288087000000000000000000000e+92	
3.984753555130181968000000000000000000000e+91	
-1.995340938236966911000000000000000000000e+92	
-3.479119649378715820000000000000000000000e+91	
1.248034357461582379000000000000000000000e+92	
-1.145781936288402728000000000000000000000e+92	
5.436979171004916953000000000000000000000e+91	
-1.850118376649493412000000000000000000000e+92	
-1.602879977609279837000000000000000000000e+91	
1.478038628417796924000000000000000000000e+92	
-9.157776653321881838000000000000000000000e+91	
7.229249436553851078000000000000000000000e+91	
-1.670891350094600000000000000000000000000e+92	
-3.181294541267906486000000000000000000000e+90	
1.555786964177917992000000000000000000000e+92	
-8.380293295720671160000000000000000000000e+91	
8.686928528064913538000000000000000000000e+91	
-1.525123440943493754000000000000000000000e+92	
1.819406859844419375000000000000000000000e+91	
1.837492483522705366000000000000000000000e+92	
-5.563238102272797414000000000000000000000e+91	
1.099595397708337297000000000000000000000e+92	
-1.294220896041647811000000000000000000000e+92	
3.620655394430339897000000000000000000000e+91	
1.966864915955198454000000000000000000000e+92	
-4.269513777947866532000000000000000000000e+91	
1.242830197667366089000000000000000000000e+92	
-1.150986096082619018000000000000000000000e+92	
5.191558080759687100000000000000000000000e+91	
-1.874660485674016398000000000000000000000e+92	
-2.041584321429491059000000000000000000000e+91	
1.414849487761595405000000000000000000000e+92	
-9.789668059883897029000000000000000000000e+91	
6.615001363814036707000000000000000000000e+91	
-1.732316157368581437000000000000000000000e+92	
-9.147429735618542988000000000000000000000e+90	
1.497888189950120191000000000000000000000e+92	
-8.959281037998649166000000000000000000000e+91	
8.071433184943227005000000000000000000000e+91	
-1.586672975255662407000000000000000000000e+92	
1.167422084532944628000000000000000000000e+91	
1.768646878733775572000000000000000000000e+92	
-6.251694150162095358000000000000000000000e+91	
1.027104480719076586200000000000000000000e+92	
-1.366711813030908521000000000000000000000e+92	
2.859311244075985201000000000000000000000e+91	
1.887088816124898121000000000000000000000e+92	
-5.067274776250869866000000000000000000000e+91	
1.170865830222013078000000000000000000000e+92	
-1.222950463527972029000000000000000000000e+92	
4.549992853686365160000000000000000000000e+91	
-1.938817008381348592000000000000000000000e+92	
-2.605109958244302860000000000000000000000e+91	
1.366296999327588459000000000000000000000e+92	
-1.027519294422396648700000000000000000000e+92	
5.996704159891364409000000000000000000000e+91	
-1.794145877760848667000000000000000000000e+92	
-1.665746420571588092000000000000000000000e+91	
1.409523825301581096000000000000000000000e+92	
-9.842924684484040118000000000000000000000e+91	
7.469588112201089682000000000000000000000e+91	
-1.646857482529876139000000000000000000000e+92	
8.472353434846557572000000000000000000000e+90	
1.764780020572784665000000000000000000000e+92	
-6.290362731772004426000000000000000000000e+91	
1.051375428252297553900000000000000000000e+92	
-1.342440865497687554000000000000000000000e+92	
3.383258743578536998000000000000000000000e+91	
1.967593372183988584000000000000000000000e+92	
-4.262229215659965238000000000000000000000e+91	
1.203425067504601926000000000000000000000e+92	
-1.190391226245383182000000000000000000000e+92	
4.396370647114744905000000000000000000000e+91	
-1.954179229038510617000000000000000000000e+92	
-3.237708254593606743000000000000000000000e+91	
1.255163397808014594000000000000000000000e+92	
-1.138652895941970514000000000000000000000e+92	
5.868073173733006422000000000000000000000e+91	
-1.807008976376684465000000000000000000000e+92	
-8.121614382488445673000000000000000000000e+90	
1.593055038665301909000000000000000000000e+92	
-8.007612550846831988000000000000000000000e+91	
8.738680217695129113000000000000000000000e+91	
-1.519948271980472196000000000000000000000e+92	
1.550389210257334315000000000000000000000e+91	
1.778529748296348232000000000000000000000e+92	
-6.152865454536368753000000000000000000000e+91	
1.015206232108174066100000000000000000000e+92	
-1.378610061641811042000000000000000000000e+92	
2.522625973823093305000000000000000000000e+91	
1.831660845049713655000000000000000000000e+92	
-5.621554487002714526000000000000000000000e+91	
1.161545816212939610000000000000000000000e+92	
-1.232270477537045498000000000000000000000e+92	
4.917642819845088128000000000000000000000e+91	
-1.902052011765476295000000000000000000000e+92	
-1.776839236050750295000000000000000000000e+91	
1.495163223542983509000000000000000000000e+92	
-8.986530702070015987000000000000000000000e+91	
7.745528800014669982000000000000000000000e+91	
-1.619263413748518109000000000000000000000e+92	
5.430116095566514186000000000000000000000e+90	
1.676370077915442371000000000000000000000e+92	
-7.174462158345427362000000000000000000000e+91	
9.161924262229722715000000000000000000000e+91	
-1.477623867527012836000000000000000000000e+92	
1.563930903976488001000000000000000000000e+91	
1.738934072149577160000000000000000000000e+92	
-6.548822216004079478000000000000000000000e+91	
1.062295449297509618000000000000000000000e+92	
-1.331520844452475489000000000000000000000e+92	
3.859935676358458340000000000000000000000e+91	
2.051990449565064450000000000000000000000e+92	
-3.418258441849206574000000000000000000000e+91	
1.324533249960476536000000000000000000000e+92	
-1.069283043789508572000000000000000000000e+92	
5.974380823107452868000000000000000000000e+91	
-1.796378211439239821000000000000000000000e+92	
-1.292952335557415785000000000000000000000e+91	
1.486295312264763908000000000000000000000e+92	
-9.075209814852211996000000000000000000000e+91	
7.400792626740888097000000000000000000000e+91	
-1.653737031075896298000000000000000000000e+92	
-5.765419287912507300000000000000000000000e+89	
1.590723271546778216000000000000000000000e+92	
-8.030930222032068920000000000000000000000e+91	
8.847773816792422519000000000000000000000e+91	
-1.509038912070742856000000000000000000000e+92	
1.791828182824191238000000000000000000000e+91	
1.815901596498164961000000000000000000000e+92	
-5.779146972518201462000000000000000000000e+91	
1.059180863946779297200000000000000000000e+92	
-1.334635429803205810000000000000000000000e+92	
3.028367268655259240000000000000000000000e+91	
1.888831187820695568000000000000000000000e+92	
-5.049851059292895391000000000000000000000e+91	
1.204684448332240955000000000000000000000e+92	
-1.189131845417744152000000000000000000000e+92	
5.208781865813636676000000000000000000000e+91	
-1.872938107168621440000000000000000000000e+92	
-1.625877668767104048000000000000000000000e+91	
1.496248608583265703000000000000000000000e+92	
-8.975676851667194048000000000000000000000e+91	
7.616344660622551638000000000000000000000e+91	
-1.632181827687729944000000000000000000000e+92	
2.738591727545561404000000000000000000000e+90	
1.635464970264367035000000000000000000000e+92	
-7.583513234856180726000000000000000000000e+91	
9.049387479186111021000000000000000000000e+91	
-1.488877545831374006000000000000000000000e+92	
1.747760848812151094000000000000000000000e+91	
1.786938990206147119000000000000000000000e+92	
-6.068773035438379886000000000000000000000e+91	
1.047568938284825746400000000000000000000e+92	
-1.346247355465159361000000000000000000000e+92	
3.085668469602305046000000000000000000000e+91	
1.911894723095950137000000000000000000000e+92	
-4.819215706540349707000000000000000000000e+91	
1.191047154938615542000000000000000000000e+92	
-1.202769138811369566000000000000000000000e+92	
4.705583293360255976000000000000000000000e+91	
-1.923257964413959510000000000000000000000e+92	
-2.495719322464033673000000000000000000000e+91	
1.372618381731289758000000000000000000000e+92	
-1.021197912018695349100000000000000000000e+92	
6.125934512100914919000000000000000000000e+91	
-1.781222842539893616000000000000000000000e+92	
-1.470532394483553027000000000000000000000e+91	
1.435640311503879800000000000000000000000e+92	
-9.581759822461053076000000000000000000000e+91	
7.590878460397428212000000000000000000000e+91	
-1.634728447710242286000000000000000000000e+92	
8.287207888826003554000000000000000000000e+90	
1.748955032471249121000000000000000000000e+92	
-6.448612612787359868000000000000000000000e+91	
1.021583861685349180300000000000000000000e+92	
-1.372232432064635927000000000000000000000e+92	
2.945746800405410226000000000000000000000e+91	
1.909889497372214177000000000000000000000e+92	
-4.839267963777709310000000000000000000000e+91	
1.163685641365898068000000000000000000000e+92	
-1.230130652384087039000000000000000000000e+92	
4.178531469199023775000000000000000000000e+91	
-1.975963146830082730000000000000000000000e+92	
-3.276081707804285287000000000000000000000e+91	
1.269263693527920886000000000000000000000e+92	
-1.124552600222064222000000000000000000000e+92	
5.629405984681708526000000000000000000000e+91	
-1.830875695281814255000000000000000000000e+92	
-1.430309823980243624000000000000000000000e+91	
1.493310965977767708000000000000000000000e+92	
-9.005053277722174000000000000000000000000e+91	
7.362135911224704070000000000000000000000e+91	
-1.657602702627514700000000000000000000000e+92	
-2.050700081998379014000000000000000000000e+90	
1.565111192623411999000000000000000000000e+92	
-8.287051011265731088000000000000000000000e+91	
8.821969321393897044000000000000000000000e+91	
-1.511619361610595403000000000000000000000e+92	
1.996225360279474333000000000000000000000e+91	
1.859350025135257088000000000000000000000e+92	
-5.344662686147280197000000000000000000000e+91	
1.125626552783096488000000000000000000000e+92	
-1.268189740966888620000000000000000000000e+92	
3.922682309073682008000000000000000000000e+91	
-2.001548062842616907000000000000000000000e+92	
-3.407251222155271891000000000000000000000e+91	
1.268608501766942904000000000000000000000e+92	
-1.125207791983042204000000000000000000000e+92	
5.359227956873749869000000000000000000000e+91	
-1.857893498062610121000000000000000000000e+92	
-1.963982763785191358000000000000000000000e+91	
1.413607294088381464000000000000000000000e+92	
-9.802089996616036437000000000000000000000e+91	
6.793045514141679853000000000000000000000e+91	
-1.714511742335817122000000000000000000000e+92	
-5.463275249948184113000000000000000000000e+90	
1.553757390466057603000000000000000000000e+92	
-8.400589032839275046000000000000000000000e+91	
8.226832060770925971000000000000000000000e+91	
-1.571133087672892510000000000000000000000e+92	
9.197285369949986557000000000000000000000e+90	
1.703588342251531905000000000000000000000e+92	
-6.902279514984532026000000000000000000000e+91	
9.654887588494195128000000000000000000000e+91	
-1.428327534900565595000000000000000000000e+92	
2.277565037728813900000000000000000000000e+91	
1.832353584200167519000000000000000000000e+92	
-5.614627095498175886000000000000000000000e+91	
1.108928192848708555000000000000000000000e+92	
-1.284888100901276553000000000000000000000e+92	
3.858628269513467515000000000000000000000e+91	
2.005119497320734871000000000000000000000e+92	
-3.886967964292502368000000000000000000000e+91	
1.250448051343525382000000000000000000000e+92	
-1.143368242406459726000000000000000000000e+92	
4.961521809727023204000000000000000000000e+91	
-1.897664112777282787000000000000000000000e+92	
-2.577683007035844230000000000000000000000e+91	
1.330648609481528918000000000000000000000e+92	
-1.063167684268456190000000000000000000000e+92	
6.421296411699596924000000000000000000000e+91	
-1.751686652580025415000000000000000000000e+92	
-4.604667348694870849000000000000000000000e+90	
1.608081684968839498000000000000000000000e+92	
-7.857346087811456095000000000000000000000e+91	
8.687618684716572916000000000000000000000e+91	
-1.525054425278327816000000000000000000000e+92	
1.298099875706533896000000000000000000000e+91	
1.733188049141858395000000000000000000000e+92	
-6.606282446081267126000000000000000000000e+91	
1.012475258026657361100000000000000000000e+92	
-1.381341035723327746000000000000000000000e+92	
2.921211423920197246000000000000000000000e+91	
1.914087713722436686000000000000000000000e+92	
-4.797285800275484218000000000000000000000e+91	
1.153806069171848652000000000000000000000e+92	
-1.240010224578136456000000000000000000000e+92	
3.939027922422940712000000000000000000000e+91	
-1.999913501507691036000000000000000000000e+92	
-3.656223053675723955000000000000000000000e+91	
1.217192778120309648000000000000000000000e+92	
-1.176623515629675460000000000000000000000e+92	
5.406777331018466782000000000000000000000e+91	
-1.853138560648138430000000000000000000000e+92	
-1.355006322269097599000000000000000000000e+91	
1.530619704565126589000000000000000000000e+92	
-8.631965891848585188000000000000000000000e+91	
8.032858983838579056000000000000000000000e+91	
-1.590530395366127202000000000000000000000e+92	
7.631406274852431327000000000000000000000e+90	
1.691666207503768865000000000000000000000e+92	
-7.021500862462162422000000000000000000000e+91	
9.456776098510991640000000000000000000000e+91	
-1.448138683898885944000000000000000000000e+92	
2.000602666316186071000000000000000000000e+91	
1.796776183069680620000000000000000000000e+92	
-5.970401106803044872000000000000000000000e+91	
1.090071768391717788000000000000000000000e+92	
-1.303744525358267320000000000000000000000e+92	
3.837190576777689811000000000000000000000e+91	
2.019680065881824324000000000000000000000e+92	
-3.741362278681607835000000000000000000000e+91	
1.262201940436411134000000000000000000000e+92	
-1.131614353313573974000000000000000000000e+92	
5.051007873911130426000000000000000000000e+91	
-1.888715506358872065000000000000000000000e+92	
-2.516235808610590516000000000000000000000e+91	
1.333990838151966134000000000000000000000e+92	
-1.059825455598018974000000000000000000000e+92	
6.513961779850128958000000000000000000000e+91	
-1.742420115764972212000000000000000000000e+92	
-3.085877686411663076000000000000000000000e+90	
1.629187994529905797000000000000000000000e+92	
-7.646282992200793106000000000000000000000e+91	
8.957836455679755488000000000000000000000e+91	
-1.498032648182009559000000000000000000000e+92	
1.627442882650722160000000000000000000000e+91	
1.772031930962329233000000000000000000000e+92	
-6.217843627876558749000000000000000000000e+91	
1.038764744126459068800000000000000000000e+92	
-1.355051549623526039000000000000000000000e+92	
3.058624806884550706000000000000000000000e+91	
1.915287149023422624000000000000000000000e+92	
-4.785291447265624836000000000000000000000e+91	
1.181536929022968819000000000000000000000e+92	
-1.212279364727016288000000000000000000000e+92	
4.481518728103879585000000000000000000000e+91	
-1.945664420939597149000000000000000000000e+92	
-2.848682013445438397000000000000000000000e+91	
1.324438714904084730000000000000000000000e+92	
-1.069377578845900378000000000000000000000e+92	
5.917342355633497570000000000000000000000e+91	
-1.802082058186635351000000000000000000000e+92	
-1.406056004208660396000000000000000000000e+91	
1.469381215465909505000000000000000000000e+92	
-9.244350782840756025000000000000000000000e+91	
7.350429501213758031000000000000000000000e+91	
-1.658773343628609304000000000000000000000e+92	
1.070141215892054913000000000000000000000e+89	
1.609424796859285128000000000000000000000e+92	
-7.843914968906999800000000000000000000000e+91	
8.783506323897142260000000000000000000000e+91	
-1.515465661360270882000000000000000000000e+92	
1.476402999216029274000000000000000000000e+91	
1.759255808373207781000000000000000000000e+92	
-6.345604853767773264000000000000000000000e+91	
1.021081127453700662000000000000000000000e+92	
-1.372735166296284446000000000000000000000e+92	
2.832738122333771786000000000000000000000e+91	
1.887795869871887340000000000000000000000e+92	
-5.060204238780977672000000000000000000000e+91	
1.164454441281776087000000000000000000000e+92	
-1.229361852468209021000000000000000000000e+92	
4.414729963602071276000000000000000000000e+91	
-1.952343297389777980000000000000000000000e+92	
-2.811486440450657140000000000000000000000e+91	
1.338551530988564176000000000000000000000e+92	
-1.055264762761420931400000000000000000000e+92	
5.838405493591242672000000000000000000000e+91	
-1.809975744390860840000000000000000000000e+92	
-1.704948369883121948000000000000000000000e+91	
1.417507375010307050000000000000000000000e+92	
-9.763089187396780574000000000000000000000e+91	
7.297486119972011322000000000000000000000e+91	
-1.664067681752783975000000000000000000000e+92	
4.233212430912969350000000000000000000000e+90	
1.697219931592411665000000000000000000000e+92	
-6.965963621575734424000000000000000000000e+91	
9.586591859695682251000000000000000000000e+91	
-1.435157107780416882000000000000000000000e+92	
2.204659981778433656000000000000000000000e+91	
1.824602375281269173000000000000000000000e+92	
-5.692139184687159345000000000000000000000e+91	
1.102162076350983659000000000000000000000e+92	
-1.291654217399001449000000000000000000000e+92	
3.800813126261111821000000000000000000000e+91	
2.000322095163285095000000000000000000000e+92	
-3.934941985867000124000000000000000000000e+91	
1.243575177459785407000000000000000000000e+92	
-1.150241116290199701000000000000000000000e+92	
4.872048682579222910000000000000000000000e+91	
-1.906611425492062817000000000000000000000e+92	
-2.687890198681927905000000000000000000000e+91	
1.317555515734521692000000000000000000000e+92	
-1.076260778015463416000000000000000000000e+92	
6.334384157615995774000000000000000000000e+91	
-1.760377877988385530000000000000000000000e+92	
-5.033822122437498275000000000000000000000e+90	
1.608187625324859158000000000000000000000e+92	
-7.856286684251259492000000000000000000000e+91	
8.732631084333166994000000000000000000000e+91	
-1.520553185316668408000000000000000000000e+92	
1.387043397392858806000000000000000000000e+91	
1.746473327207394632000000000000000000000e+92	
-6.473429665425904759000000000000000000000e+91	
1.016453393917870207700000000000000000000e+92	
-1.377362899832114900000000000000000000000e+92	
2.867967679729936196000000000000000000000e+91	
1.899465458552125920000000000000000000000e+92	
-4.943508351978591878000000000000000000000e+91	
1.158873674512504997000000000000000000000e+92	
-1.234942619237480110000000000000000000000e+92	
4.186504590862299600000000000000000000000e+91	
-1.975165834663755148000000000000000000000e+92	
-3.212043711513955593000000000000000000000e+91	
1.281271190451911962000000000000000000000e+92	
-1.112545103298073146000000000000000000000e+92	
5.630769956732222330000000000000000000000e+91	
-1.830739298076762875000000000000000000000e+92	
-1.547597770489619943000000000000000000000e+91	
1.469722884393638965000000000000000000000e+92	
-9.240934093563461424000000000000000000000e+91	
7.047174505370698760000000000000000000000e+91	
-1.689098843212915232000000000000000000000e+92	
-5.990726482108356450000000000000000000000e+90	
1.517810738833571600000000000000000000000e+92	
-8.760055549164135072000000000000000000000e+91	
8.516735110576867400000000000000000000000e+91	
-1.542142782692298368000000000000000000000e+92	
1.858677982670210616000000000000000000000e+91	
1.862355625462966722000000000000000000000e+92	
-5.314606682870183856000000000000000000000e+91	
1.145384150120454038000000000000000000000e+92	
-1.248432143629531070000000000000000000000e+92	
4.287694883264711855000000000000000000000e+91	
-1.965046805423513922000000000000000000000e+92	
-2.874885374935613740000000000000000000000e+91	
1.338572085159844250000000000000000000000e+92	
-1.055244208590140857500000000000000000000e+92	
5.711985012659344595000000000000000000000e+91	
-1.822617792484050648000000000000000000000e+92	
-1.957931855777658436000000000000000000000e+91	
1.379559024556608549000000000000000000000e+92	
-1.014257269193376558900000000000000000000e+92	
7.186131570561203978000000000000000000000e+91	
-1.675203136693864710000000000000000000000e+92	
5.799622096849811526000000000000000000000e+90	
1.739670242580895006000000000000000000000e+92	
-6.541460511690901014000000000000000000000e+91	
1.027882380653361626500000000000000000000e+92	
-1.365933913096623481000000000000000000000e+92	
3.164487525573677986000000000000000000000e+91	
1.947331371987869338000000000000000000000e+92	
-4.464849217621157695000000000000000000000e+91	
1.184777385118987137000000000000000000000e+92	
-1.209038908630997971000000000000000000000e+92	
4.226028967425248369000000000000000000000e+91	
-1.971213397007460271000000000000000000000e+92	
-3.391922820056613766000000000000000000000e+91	
1.241353850089970633000000000000000000000e+92	
-1.152462443660014475000000000000000000000e+92	
5.696063126704202272000000000000000000000e+91	
-1.824209981079564880000000000000000000000e+92	
-1.018069176939877227500000000000000000000e+91	
1.569076182608616500000000000000000000000e+92	
-8.247401111413686077000000000000000000000e+91	
8.465027696643311825000000000000000000000e+91	
-1.547313524085653925000000000000000000000e+92	
1.242889581720046195000000000000000000000e+91	
1.744396759155301549000000000000000000000e+92	
-6.494195345946835582000000000000000000000e+91	
9.882762301926835334000000000000000000000e+91	
-1.405540063557301574000000000000000000000e+92	
2.325319979982550957000000000000000000000e+91	
1.819126065286961716000000000000000000000e+92	
-5.746902284630233918000000000000000000000e+91	
1.133804809850965007000000000000000000000e+92	
-1.260011483899020101000000000000000000000e+92	
4.488246166712014142000000000000000000000e+91	
2.106147505997695084000000000000000000000e+92	
-2.876687877522900234000000000000000000000e+91	
1.370020630556372219000000000000000000000e+92	
-1.023795663193612888300000000000000000000e+92	
6.342601016875807772000000000000000000000e+91	
-1.759556192062404330000000000000000000000e+92	
-1.011342629275371307800000000000000000000e+91	
1.505799544468588748000000000000000000000e+92	
-8.880167492813963600000000000000000000000e+91	
7.778709736617590562000000000000000000000e+91	
-1.615945320088226051000000000000000000000e+92	
5.030466939601047358000000000000000000000e+90	
1.665062641368679121000000000000000000000e+92	
-7.287536523813059870000000000000000000000e+91	
9.203669159369656712000000000000000000000e+91	
-1.473449377813019436000000000000000000000e+92	
1.760418015176912325000000000000000000000e+91	
1.774049303655418068000000000000000000000e+92	
-6.197669900945670390000000000000000000000e+91	
1.064643115142618957000000000000000000000e+92	
-1.329173178607366150000000000000000000000e+92	
3.555899751794169837000000000000000000000e+91	
1.988851898050645577000000000000000000000e+92	
-4.049643956993395307000000000000000000000e+91	
1.228676030520008552000000000000000000000e+92	
-1.165140263229976556000000000000000000000e+92	
4.688784779685983616000000000000000000000e+91	
-1.924937815781386746000000000000000000000e+92	
-2.905409478787326620000000000000000000000e+91	
1.292379754782261389000000000000000000000e+92	
-1.101436538967723719000000000000000000000e+92	
6.155398937482132742000000000000000000000e+91	
-1.778276400001771834000000000000000000000e+92	
-6.096312594568736510000000000000000000000e+90	
1.604832718051197725000000000000000000000e+92	
-7.889835756987873822000000000000000000000e+91	
8.771745805643626736000000000000000000000e+91	
-1.516641713185622434000000000000000000000e+92	
1.498785750326789186000000000000000000000e+91	
1.764906711220461647000000000000000000000e+92	
-6.289095825295234607000000000000000000000e+91	
1.019504821557914029100000000000000000000e+92	
-1.374311472192071078000000000000000000000e+92	
2.744738943429372906000000000000000000000e+91	
1.871775934945195534000000000000000000000e+92	
-5.220403588047895730000000000000000000000e+91	
1.163730423627515040000000000000000000000e+92	
-1.230085870122470068000000000000000000000e+92	
4.560372836943349503000000000000000000000e+91	
-1.937779010055650157000000000000000000000e+92	
-2.513036602182023090000000000000000000000e+91	
1.383669606599011932000000000000000000000e+92	
-1.010146687150973175400000000000000000000e+92	
6.252042313337465680000000000000000000000e+91	
-1.768612062416238540000000000000000000000e+92	
-1.328836802090516112000000000000000000000e+91	
1.451367874104807361000000000000000000000e+92	
-9.424484196451777466000000000000000000000e+91	
7.714981671051814765000000000000000000000e+91	
-1.622318126644803631000000000000000000000e+92	
9.196680930219138470000000000000000000000e+90	
1.754735822296062416000000000000000000000e+92	
-6.390804714539226920000000000000000000000e+91	
1.024052360162251518100000000000000000000e+92	
-1.369763933587733590000000000000000000000e+92	
2.937325355899649345000000000000000000000e+91	
1.905738357594226663000000000000000000000e+92	
-4.880779361557584447000000000000000000000e+91	
1.166540448529962316000000000000000000000e+92	
-1.227275845220022792000000000000000000000e+92	
4.277104143924840349000000000000000000000e+91	
-1.966105879357501073000000000000000000000e+92	
-3.107519278976788278000000000000000000000e+91	
1.293115428656810149000000000000000000000e+92	
-1.100700865093174958000000000000000000000e+92	
5.719608506098045202000000000000000000000e+91	
-1.821855443140180587000000000000000000000e+92	
-1.488348320935493657000000000000000000000e+91	
1.472690391921821089000000000000000000000e+92	
-9.211259018281640184000000000000000000000e+91	
7.139375682223576557000000000000000000000e+91	
-1.679878725527627452000000000000000000000e+92	
-4.443764870083618961000000000000000000000e+90	
1.539526743215236201000000000000000000000e+92	
-8.542895505347489068000000000000000000000e+91	
8.601456800789440316000000000000000000000e+91	
-1.533670613671041076000000000000000000000e+92	
1.811027229570171724000000000000000000000e+91	
1.844359893570705976000000000000000000000e+92	
-5.494564001792791313000000000000000000000e+91	
1.114164346116430756000000000000000000000e+92	
-1.279651947633554351000000000000000000000e+92	
3.843321934043011959000000000000000000000e+91	
-2.009484100345683912000000000000000000000e+92	
-3.451367454155095158000000000000000000000e+91	
1.267719538882868145000000000000000000000e+92	
-1.126096754867116962000000000000000000000e+92	
5.275826620513453090000000000000000000000e+91	
-1.866233631698639798000000000000000000000e+92	
-2.121858725594581896000000000000000000000e+91	
1.390375941724124497000000000000000000000e+92	
-1.003440352025860610600000000000000000000e+92	
6.718521710323446986000000000000000000000e+91	
-1.721964122717640409000000000000000000000e+92	
-4.631401358364130380000000000000000000000e+90	
1.577839399902818832000000000000000000000e+92	
-8.159768938471662760000000000000000000000e+91	
8.133847355489007918000000000000000000000e+91	
-1.580431558201084316000000000000000000000e+92	
4.931051559320369087000000000000000000000e+90	
1.627578740686531961000000000000000000000e+92	
-7.662375530634531462000000000000000000000e+91	
9.601294929450636956000000000000000000000e+91	
-1.433686800804921412000000000000000000000e+92	
2.930124131387792318000000000000000000000e+91	
1.968189525944119334000000000000000000000e+92	
-4.256267678058657737000000000000000000000e+91	
1.249907988511223298000000000000000000000e+92	
-1.143908305238761810000000000000000000000e+92	
5.319839166024506776000000000000000000000e+91	
-1.861832377147534430000000000000000000000e+92	
-1.855828676812451579000000000000000000000e+91	
1.439169647835318120000000000000000000000e+92	
-9.546466459146669880000000000000000000000e+91	
6.736345181529801488000000000000000000000e+91	
-1.720181775597004959000000000000000000000e+92	
-9.151962941843646808000000000000000000000e+90	
1.485669205504269946000000000000000000000e+92	
-9.081470882457151612000000000000000000000e+91	
8.206947972714900638000000000000000000000e+91	
-1.573121496478495044000000000000000000000e+92	
1.560513253261960322000000000000000000000e+91	
1.833700814957779540000000000000000000000e+92	
-5.601154787922055678000000000000000000000e+91	
1.117890423929026563000000000000000000000e+92	
-1.275925869820958544000000000000000000000e+92	
4.024362686146382257000000000000000000000e+91	
2.029300361713298391000000000000000000000e+92	
-3.645159320366867167000000000000000000000e+91	
1.262729848403351300000000000000000000000e+92	
-1.131086445346633808000000000000000000000e+92	
4.965408324813189554000000000000000000000e+91	
-1.897275461268666152000000000000000000000e+92	
-2.692668759117282179000000000000000000000e+91	
1.307268723445461747000000000000000000000e+92	
-1.086547570304523361000000000000000000000e+92	
6.439168027775058889000000000000000000000e+91	
-1.749899490972479219000000000000000000000e+92	
-1.910498906262612153000000000000000000000e+90	
1.660165373616303428000000000000000000000e+92	
-7.336509201336816792000000000000000000000e+91	
9.459750489787270880000000000000000000000e+91	
-1.447841244771258020000000000000000000000e+92	
2.321401538007931007000000000000000000000e+91	
1.860622701182431841000000000000000000000e+92	
-5.331935925675532662000000000000000000000e+91	
1.095669836703034900000000000000000000000e+92	
-1.298146457046950208000000000000000000000e+92	
3.310976645599721745000000000000000000000e+91	
1.908868185280656864000000000000000000000e+92	
-4.849481084693282434000000000000000000000e+91	
1.242092599397545400000000000000000000000e+92	
-1.151723694352439707000000000000000000000e+92	
5.756488461898669555000000000000000000000e+91	
-1.818167447560118152000000000000000000000e+92	
-9.046323948478402912000000000000000000000e+90	
1.585718367299066099000000000000000000000e+92	
-8.080979264509190088000000000000000000000e+91	
8.684408239404676524000000000000000000000e+91	
-1.525375469809517455000000000000000000000e+92	
1.515202464505664372000000000000000000000e+91	
1.776918647164671925000000000000000000000e+92	
-6.168976465853131826000000000000000000000e+91	
1.009561733329897336700000000000000000000e+92	
-1.384254560420087771000000000000000000000e+92	
2.425867082491816290000000000000000000000e+91	
1.817955571854519735000000000000000000000e+92	
-5.758607218954653728000000000000000000000e+91	
1.156383391091842904000000000000000000000e+92	
-1.237432902658142204000000000000000000000e+92	
4.951404534379159816000000000000000000000e+91	
-1.898675840312069126000000000000000000000e+92	
-1.657734049609232173000000000000000000000e+91	
1.515603842108901714000000000000000000000e+92	
-8.782124516410833941000000000000000000000e+91	
8.035193533339017740000000000000000000000e+91	
-1.590296940416083334000000000000000000000e+92	
9.178924601204341582000000000000000000000e+90	
1.722375533764816427000000000000000000000e+92	
-6.714407599851686810000000000000000000000e+91	
9.595253626929121449000000000000000000000e+91	
-1.434290931057072963000000000000000000000e+92	
1.970548375147399760000000000000000000000e+91	
1.776925959278493540000000000000000000000e+92	
-6.168903344714915680000000000000000000000e+91	
1.105884338974598982000000000000000000000e+92	
-1.287931954775386126000000000000000000000e+92	
4.351766744136960516000000000000000000000e+91	
2.106764989382491258000000000000000000000e+92	
-2.870513043674938495000000000000000000000e+91	
1.384896440141832546000000000000000000000e+92	
-1.008919853608152561400000000000000000000e+92	
6.633871415652310239000000000000000000000e+91	
-1.730429152184754084000000000000000000000e+92	
-5.776308513476692872000000000000000000000e+90	
1.563407771329056354000000000000000000000e+92	
-8.304085224209287539000000000000000000000e+91	
8.052823178646543812000000000000000000000e+91	
-1.588533975885330726000000000000000000000e+92	
4.753415895461707488000000000000000000000e+90	
1.632125296817323934000000000000000000000e+92	
-7.616909969326611736000000000000000000000e+91	
9.512934714283552962000000000000000000000e+91	
-1.442522822321629811000000000000000000000e+92	
2.708004740512723644000000000000000000000e+91	
1.932608326048010480000000000000000000000e+92	
-4.612079677019746272000000000000000000000e+91	
1.200964181255853845000000000000000000000e+92	
-1.192852112494131262000000000000000000000e+92	
4.696841521259555078000000000000000000000e+91	
-1.924132141624029600000000000000000000000e+92	
-2.612319425502908155000000000000000000000e+91	
1.350177906094385273000000000000000000000e+92	
-1.043638387655599834900000000000000000000e+92	
6.129898612862650296000000000000000000000e+91	
-1.780826432463720078000000000000000000000e+92	
-1.238313088396006067000000000000000000000e+91	
1.481676403120801366000000000000000000000e+92	
-9.121398906291837410000000000000000000000e+91	
7.567973354427497113000000000000000000000e+91	
-1.637018958307235396000000000000000000000e+92	
3.227901666655595056000000000000000000000e+90	
1.650083457244836740000000000000000000000e+92	
-7.437328365051483680000000000000000000000e+91	
8.989629667350413681000000000000000000000e+91	
-1.494853327014943740000000000000000000000e+92	
1.482162846357755310000000000000000000000e+91	
1.739805414900358812000000000000000000000e+92	
-6.540108788496262956000000000000000000000e+91	
1.044023793051824017400000000000000000000e+92	
-1.349792500698161090000000000000000000000e+92	
3.485884392460662430000000000000000000000e+91	
1.995461371142357746000000000000000000000e+92	
-3.983549226076273610000000000000000000000e+91	
1.248889738877162186000000000000000000000e+92	
-1.144926554872822922000000000000000000000e+92	
5.026896512026531613000000000000000000000e+91	
-1.891126642547331946000000000000000000000e+92	
-2.431390767869125177000000000000000000000e+91	
1.353365560080437707000000000000000000000e+92	
-1.040450733669547400400000000000000000000e+92	
6.477059605882828503000000000000000000000e+91	
-1.746110333161702257000000000000000000000e+92	
-5.760245491063337146000000000000000000000e+90	
1.579402328796451326000000000000000000000e+92	
-8.144139649535337813000000000000000000000e+91	
8.229674594007087610000000000000000000000e+91	
-1.570848834349276346000000000000000000000e+92	
6.690904321023795725000000000000000000000e+90	
1.653189082862130136000000000000000000000e+92	
-7.406272108878549720000000000000000000000e+91	
9.687558988408226722000000000000000000000e+91	
-1.425060394909162435000000000000000000000e+92	
2.846633351112856525000000000000000000000e+91	
1.942873412143494639000000000000000000000e+92	
-4.509428816064904686000000000000000000000e+91	
1.207633282883217537000000000000000000000e+92	
-1.186183010866767571000000000000000000000e+92	
4.727590588905351614000000000000000000000e+91	
-1.921057234859449946000000000000000000000e+92	
-2.617494419337866515000000000000000000000e+91	
1.346069788387336072000000000000000000000e+92	
-1.047746505362649035800000000000000000000e+92	
6.164834204680389606000000000000000000000e+91	
-1.777332873281946147000000000000000000000e+92	
-1.127398558780934222000000000000000000000e+91	
1.500361968635683533000000000000000000000e+92	
-8.934543251143015748000000000000000000000e+91	
7.593919713312571526000000000000000000000e+91	
-1.634424322418727955000000000000000000000e+92	
1.879073086470407784000000000000000000000e+90	
1.620520253703349074000000000000000000000e+92	
-7.732960400466360334000000000000000000000e+91	
9.034469390933326095000000000000000000000e+91	
-1.490369354656652498000000000000000000000e+92	
1.867304887139603552000000000000000000000e+91	
1.812332914951124689000000000000000000000e+92	
-5.814833787988604190000000000000000000000e+91	
1.044501362670532657300000000000000000000e+92	
-1.349314931079452450000000000000000000000e+92	
2.770519353562253897000000000000000000000e+91	
1.851946632822642505000000000000000000000e+92	
-5.418696609273426024000000000000000000000e+91	
1.191331745426438428000000000000000000000e+92	
-1.202484548323546679000000000000000000000e+92	
5.310456247249916135000000000000000000000e+91	
-1.862770669024993494000000000000000000000e+92	
-1.289118928982642424000000000000000000000e+91	
1.553421219007225330000000000000000000000e+92	
-8.403950747427597772000000000000000000000e+91	
8.422921193648312874000000000000000000000e+91	
-1.551524174385153820000000000000000000000e+92	
1.315169257092622173000000000000000000000e+91	
1.763057651898631937000000000000000000000e+92	
-6.307586418513531706000000000000000000000e+91	
1.001161444270137706100000000000000000000e+92	
-1.392654849479847402000000000000000000000e+92	
2.396444077785784802000000000000000000000e+91	
1.820468543708419032000000000000000000000e+92	
-5.733477500415660758000000000000000000000e+91	
1.147352065189267692000000000000000000000e+92	
-1.246464228560717416000000000000000000000e+92	
4.745705750030340694000000000000000000000e+91	
-1.919245718746951038000000000000000000000e+92	
-1.978760935631566846000000000000000000000e+91	
1.471974082846482546000000000000000000000e+92	
-9.218422109035025612000000000000000000000e+91	
7.483682600620948210000000000000000000000e+91	
-1.645448033687890287000000000000000000000e+92	
2.512255252670144416000000000000000000000e+90	
1.644198971008267247000000000000000000000e+92	
-7.496173227417178604000000000000000000000e+91	
8.903954796783516383000000000000000000000e+91	
-1.503420814071633469000000000000000000000e+92	
1.369671320018251648000000000000000000000e+91	
1.725875931267501216000000000000000000000e+92	
-6.679403624824838916000000000000000000000e+91	
1.035783468557103772100000000000000000000e+92	
-1.358032825192881336000000000000000000000e+92	
3.460344425787129518000000000000000000000e+91	
1.998590872400652367000000000000000000000e+92	
-3.952254213493327404000000000000000000000e+91	
1.257699909567737067000000000000000000000e+92	
-1.136116384182248040000000000000000000000e+92	
5.171776642397906336000000000000000000000e+91	
-1.876638629510194474000000000000000000000e+92	
-2.229760470819812653000000000000000000000e+91	
1.379200782180642536000000000000000000000e+92	
-1.014615511569342571500000000000000000000e+92	
6.615065343900990204000000000000000000000e+91	
-1.732309759359886087000000000000000000000e+92	
-5.583054015140943547000000000000000000000e+90	
1.569151570788220862000000000000000000000e+92	
-8.246647229617642461000000000000000000000e+91	
8.029554679320142880000000000000000000000e+91	
-1.590860825817970820000000000000000000000e+92	
3.714067613173134307000000000000000000000e+90	
1.613669195606868296000000000000000000000e+92	
-7.801470981431168118000000000000000000000e+91	
9.499191386832575251000000000000000000000e+91	
-1.443897155066727582000000000000000000000e+92	
2.864994087270265385000000000000000000000e+91	
1.965372031330806532000000000000000000000e+92	
-4.284442624191785754000000000000000000000e+91	
1.250784164560471013000000000000000000000e+92	
-1.143032129189514095000000000000000000000e+92	
5.365519250936583943000000000000000000000e+91	
-1.857264368656326713000000000000000000000e+92	
-1.773248640538556070000000000000000000000e+91	
1.451115810207479202000000000000000000000e+92	
-9.427004835425059054000000000000000000000e+91	
6.861210934466777033000000000000000000000e+91	
-1.707695200303307404000000000000000000000e+92	
-7.849291014926054399000000000000000000000e+90	
1.499235799936711372000000000000000000000e+92	
-8.945804938132737360000000000000000000000e+91	
8.331009664018143508000000000000000000000e+91	
-1.560715327348170757000000000000000000000e+92	
1.672976466605997289000000000000000000000e+91	
1.843787865715053386000000000000000000000e+92	
-5.500284280349317211000000000000000000000e+91	
1.126818781040698206000000000000000000000e+92	
-1.266997512709286902000000000000000000000e+92	
4.102065087251143514000000000000000000000e+91	
-1.983609785024870756000000000000000000000e+92	
-3.060491288056854403000000000000000000000e+91	
1.320013880948378130000000000000000000000e+92	
-1.073802412801606978000000000000000000000e+92	
5.526426829671440299000000000000000000000e+91	
-1.841173610782841078000000000000000000000e+92	
-2.143466191512728776000000000000000000000e+91	
1.361007974521584602000000000000000000000e+92	
-1.032808319228400505100000000000000000000e+92	
7.000820765616125716000000000000000000000e+91	
-1.693734217188372536000000000000000000000e+92	
3.948510007631136890000000000000000000000e+90	
1.721179071357779490000000000000000000000e+92	
-6.726372223922056174000000000000000000000e+91	
1.009411149171011524200000000000000000000e+92	
-1.384405144578973583000000000000000000000e+92	
2.979974508924175626000000000000000000000e+91	
1.928899990221893112000000000000000000000e+92	
-4.649163035280919959000000000000000000000e+91	
1.166365913338494701000000000000000000000e+92	
-1.227450380411490406000000000000000000000e+92	
4.042113250389592950000000000000000000000e+91	
-1.989604968711025813000000000000000000000e+92	
-3.575639635359259156000000000000000000000e+91	
1.223002048834309896000000000000000000000e+92	
-1.170814244915675212000000000000000000000e+92	
5.512371970654266728000000000000000000000e+91	
-1.842579096684558435000000000000000000000e+92	
-1.201933390315218767000000000000000000000e+91	
1.550672464151045894000000000000000000000e+92	
-8.431438295989392135000000000000000000000e+91	
8.280817626949425176000000000000000000000e+91	
-1.565734531055042590000000000000000000000e+92	
1.058506712947311127300000000000000000000e+91	
1.725941200969795874000000000000000000000e+92	
-6.678750927801892337000000000000000000000e+91	
9.698820936382930925000000000000000000000e+91	
-1.423934200111692015000000000000000000000e+92	
2.141992525074176290000000000000000000000e+91	
1.800854680307327438000000000000000000000e+92	
-5.929616134426576697000000000000000000000e+91	
1.115428248521352684000000000000000000000e+92	
-1.278388045228632423000000000000000000000e+92	
4.303429313344833070000000000000000000000e+91	
-1.963473362415501801000000000000000000000e+92	
-2.544014410149994636000000000000000000000e+91	
1.403157151781363865000000000000000000000e+92	
-9.906591419686212422000000000000000000000e+91	
6.672658625079056051000000000000000000000e+91	
-1.726550431242079502000000000000000000000e+92	
-6.825919743664883642000000000000000000000e+90	
1.538543979672885772000000000000000000000e+92	
-8.552723140770993355000000000000000000000e+91	
8.108476152465046812000000000000000000000e+91	
-1.582968678503480426000000000000000000000e+92	
8.351340179958774647000000000000000000000e+90	
1.698503349086982994000000000000000000000e+92	
-6.953129446630021141000000000000000000000e+91	
9.532717804396226961000000000000000000000e+91	
-1.440544513310362412000000000000000000000e+92	
2.084110894765640888000000000000000000000e+91	
1.805883281609655780000000000000000000000e+92	
-5.879330121403293277000000000000000000000e+91	
1.097566647815592366000000000000000000000e+92	
-1.296249645934392742000000000000000000000e+92	
3.896025203349298381000000000000000000000e+91	
2.023952913722355379000000000000000000000e+92	
-3.698633800276297284000000000000000000000e+91	
1.264864975011291370000000000000000000000e+92	
-1.128951318738693737000000000000000000000e+92	
5.061548098524156698000000000000000000000e+91	
-1.887661483897569438000000000000000000000e+92	
-2.521777697599683040000000000000000000000e+91	
1.331829238247701256000000000000000000000e+92	
-1.061987055502283852000000000000000000000e+92	
6.526380532936366877000000000000000000000e+91	
-1.741178240456348420000000000000000000000e+92	
-2.621512014230124331000000000000000000000e+90	
1.637231739708165036000000000000000000000e+92	
-7.565845540418200714000000000000000000000e+91	
9.072257870884599010000000000000000000000e+91	
-1.486590506661525206000000000000000000000e+92	
1.775831348556745170000000000000000000000e+91	
1.790265792192632989000000000000000000000e+92	
-6.035505015573521190000000000000000000000e+91	
1.049791692655506284000000000000000000000e+92	
-1.344024601094478824000000000000000000000e+92	
3.096861031639489362000000000000000000000e+91	
1.911911030308106959000000000000000000000e+92	
-4.819052634418781487000000000000000000000e+91	
1.193396785560375169000000000000000000000e+92	
-1.200419508189609939000000000000000000000e+92	
4.752401221476823786000000000000000000000e+91	
-1.918576171602302729000000000000000000000e+92	
-2.425591378866538453000000000000000000000e+91	
1.381961017574941972000000000000000000000e+92	
-1.011855276175043136100000000000000000000e+92	
6.169945908980522644000000000000000000000e+91	
-1.776821702851932843000000000000000000000e+92	
-1.475911366930356086000000000000000000000e+91	
1.430165835325731843000000000000000000000e+92	
-9.636504584242532647000000000000000000000e+91	
7.640643379770212498000000000000000000000e+91	
-1.629751955772963858000000000000000000000e+92	
9.829433783164988586000000000000000000000e+90	
1.774817859899859608000000000000000000000e+92	
-6.189984338501254999000000000000000000000e+91	
1.057882061665426379000000000000000000000e+92	
-1.335934232084558728000000000000000000000e+92	
3.413030592241785235000000000000000000000e+91	
1.967042864996066635000000000000000000000e+92	
-4.267734287539184723000000000000000000000e+91	
1.199348623880840926000000000000000000000e+92	
-1.194467669869144182000000000000000000000e+92	
4.320364393965677388000000000000000000000e+91	
-1.961779854353417369000000000000000000000e+92	
-3.348938785939997871000000000000000000000e+91	
1.240519669852211689000000000000000000000e+92	
-1.153296623897773419000000000000000000000e+92	
5.796315021939138056000000000000000000000e+91	
-1.814184791556071302000000000000000000000e+92	
-8.092776276686615778000000000000000000000e+90	
1.600803901271315585000000000000000000000e+92	
-7.930123924786695229000000000000000000000e+91	
8.890736530827934115000000000000000000000e+91	
-1.504742640667191696000000000000000000000e+92	
1.776976100533131519000000000000000000000e+91	
1.808637785892100549000000000000000000000e+92	
-5.851785078578845588000000000000000000000e+91	
1.046141326787538606000000000000000000000e+92	
-1.347674966962446502000000000000000000000e+92	
2.840243375456864190000000000000000000000e+91	
1.864248819302341850000000000000000000000e+92	
-5.295674744476432580000000000000000000000e+91	
1.192341911931399562000000000000000000000e+92	
-1.201474381818585546000000000000000000000e+92	
5.207693909288774448000000000000000000000e+91	
-1.873046902821107663000000000000000000000e+92	
-1.504689101185206106000000000000000000000e+91	
1.520589032444421592000000000000000000000e+92	
-8.732272613055635154000000000000000000000e+91	
7.981903747471279768000000000000000000000e+91	
-1.595625919002857131000000000000000000000e+92	
7.615123153175047374000000000000000000000e+90	
1.696433613865236036000000000000000000000e+92	
-6.973826798847490714000000000000000000000e+91	
9.400084168899212456000000000000000000000e+91	
-1.453807876860063862000000000000000000000e+92	
1.839596683062265102000000000000000000000e+91	
1.770249370753639078000000000000000000000e+92	
-6.235669229963460290000000000000000000000e+91	
1.085637914361580259000000000000000000000e+92	
-1.308178379388404848000000000000000000000e+92	
4.013671669816937736000000000000000000000e+91	
2.059399149039801634000000000000000000000e+92	
-3.344171447101834730000000000000000000000e+91	
1.323981013437540487000000000000000000000e+92	
-1.069835280312444621000000000000000000000e+92	
5.889288716908818871000000000000000000000e+91	
-1.804887422059103220000000000000000000000e+92	
-1.457574583434964571000000000000000000000e+91	
1.461884031267424459000000000000000000000e+92	
-9.319322624825606483000000000000000000000e+91	
7.325175327650141790000000000000000000000e+91	
-1.661298760984970929000000000000000000000e+92	
3.514016413860465700000000000000000000000e+89	
1.616835491555163791000000000000000000000e+92	
-7.769808021948213168000000000000000000000e+91	
8.752437729308712444000000000000000000000e+91	
-1.518572520819113863000000000000000000000e+92	
1.340211205550743706000000000000000000000e+91	
1.735129540741113852000000000000000000000e+92	
-6.586867530088712560000000000000000000000e+91	
1.019215675191163005000000000000000000000e+92	
-1.374600618558822103000000000000000000000e+92	
3.036580968515037424000000000000000000000e+91	
1.930418818395192823000000000000000000000e+92	
-4.633974753547922848000000000000000000000e+91	
1.163744984974959250000000000000000000000e+92	
-1.230071308775025857000000000000000000000e+92	
3.974527003617228183000000000000000000000e+91	
-1.996363593388262289000000000000000000000e+92	
-3.684582253290361007000000000000000000000e+91	
1.207974208098357725000000000000000000000e+92	
-1.185842085651627383000000000000000000000e+92	
5.449744172335995584000000000000000000000e+91	
-1.848841876516385549000000000000000000000e+92	
-1.176954200469659893000000000000000000000e+91	
1.561926722035112528000000000000000000000e+92	
-8.318895717148725800000000000000000000000e+91	
8.480880017314371010000000000000000000000e+91	
-1.545728292018548007000000000000000000000e+92	
1.346045359052817057000000000000000000000e+91	
1.763438337743660184000000000000000000000e+92	
-6.303779560063249240000000000000000000000e+91	
9.988365529130041692000000000000000000000e+91	
-1.394979740836980938000000000000000000000e+92	
2.346152856976793162000000000000000000000e+91	
1.812736536712051734000000000000000000000e+92	
-5.810797570379333732000000000000000000000e+91	
1.145348575359553700000000000000000000000e+92	
-1.248467718390431408000000000000000000000e+92	
4.782927514419828065000000000000000000000e+91	
-1.915523542308002301000000000000000000000e+92	
-1.884311003347356153000000000000000000000e+91	
1.487139044803279689000000000000000000000e+92	
-9.066772489467054186000000000000000000000e+91	
7.692503441035601626000000000000000000000e+91	
-1.624565949646424945000000000000000000000e+92	
5.171891342580858492000000000000000000000e+90	
1.676506764953967824000000000000000000000e+92	
-7.173095287960172832000000000000000000000e+91	
9.105768828574508882000000000000000000000e+91	
-1.483239410892534219000000000000000000000e+92	
1.450281793273832030000000000000000000000e+91	
1.721822654649196817000000000000000000000e+92	
-6.719936391007882908000000000000000000000e+91	
1.057364133118589895400000000000000000000e+92	
-1.336452160631395212000000000000000000000e+92	
3.932362911353176971000000000000000000000e+91	
2.071401154116543849000000000000000000000e+92	
-3.224151396334412585000000000000000000000e+91	
1.356105879952761134000000000000000000000e+92	
-1.037710413797223973800000000000000000000e+92	
6.411665851463149520000000000000000000000e+91	
-1.752649708603670156000000000000000000000e+92	
-7.341690746222398940000000000000000000000e+90	
1.554317415041575178000000000000000000000e+92	
-8.394988787084099290000000000000000000000e+91	
7.886166980516963048000000000000000000000e+91	
-1.605199595698288803000000000000000000000e+92	
2.329704558019389181000000000000000000000e+90	
1.600320457969257796000000000000000000000e+92	
-7.934958357807273116000000000000000000000e+91	
9.355414274549844796000000000000000000000e+91	
-1.458274866295000628000000000000000000000e+92	
2.710932359950163341000000000000000000000e+91	
1.948937908927135141000000000000000000000e+92	
-4.448783848228499667000000000000000000000e+91	
1.233322604062491785000000000000000000000e+92	
-1.160493689687493322000000000000000000000e+92	
5.180634378241297182000000000000000000000e+91	
-1.875752855925855389000000000000000000000e+92	
-1.968397670266443800000000000000000000000e+91	
1.430575002345377728000000000000000000000e+92	
-9.632412914046073800000000000000000000000e+91	
6.645548912549951802000000000000000000000e+91	
-1.729261402494989927000000000000000000000e+92	
-1.010839963648814123700000000000000000000e+91	
1.475620339748831545000000000000000000000e+92	
-9.181959540011535622000000000000000000000e+91	
8.116844623999265801000000000000000000000e+91	
-1.582131831350058528000000000000000000000e+92	
1.480790044952260353000000000000000000000e+91	
1.826765991581338094000000000000000000000e+92	
-5.670503021686470137000000000000000000000e+91	
1.111992581678136408000000000000000000000e+92	
-1.281823712071848700000000000000000000000e+92	
3.975748914172829838000000000000000000000e+91	
-1.996241402332702124000000000000000000000e+92	
-3.164872562314005785000000000000000000000e+91	
1.311768151775704087000000000000000000000e+92	
-1.082048141974281021000000000000000000000e+92	
5.465882609617043512000000000000000000000e+91	
-1.847228032788280756000000000000000000000e+92	
-2.182108245322863155000000000000000000000e+91	
1.359332895764916646000000000000000000000e+92	
-1.034483397985068461100000000000000000000e+92	
6.937780461633959960000000000000000000000e+91	
-1.700038247586589112000000000000000000000e+92	
2.855442171628540990000000000000000000000e+90	
1.705624047569216356000000000000000000000e+92	
-6.881922461807687520000000000000000000000e+91	
9.892340813412863800000000000000000000000e+91	
-1.404582212408698728000000000000000000000e+92	
2.732006392635802565000000000000000000000e+91	
1.899485733891236422000000000000000000000e+92	
-4.943305598587486850000000000000000000000e+91	
1.132336510259125484000000000000000000000e+92	
-1.261479783490859624000000000000000000000e+92	
3.655690720203670186000000000000000000000e+91	
-2.028247221729618089000000000000000000000e+92	
-4.008167708272991796000000000000000000000e+91	
1.175140981794118567000000000000000000000e+92	
-1.218675311955866541000000000000000000000e+92	
5.131896710556970474000000000000000000000e+91	
-1.880626622694288060000000000000000000000e+92	
-1.484322078932300755000000000000000000000e+91	
1.532237370985468905000000000000000000000e+92	
-8.615789227645162030000000000000000000000e+91	
8.194455662029477111000000000000000000000e+91	
-1.574370727547037396000000000000000000000e+92	
1.070084948819020732000000000000000000000e+91	
1.736888170468638769000000000000000000000e+92	
-6.569281232813463388000000000000000000000e+91	
9.733317388887526812000000000000000000000e+91	
-1.420484554861232426000000000000000000000e+92	
2.101553046856450524000000000000000000000e+91	
1.789320868732587314000000000000000000000e+92	
-6.044954250173977940000000000000000000000e+91	
1.119755180288592415000000000000000000000e+92	
-1.274061113461392692000000000000000000000e+92	
4.505227130639679891000000000000000000000e+91	
-1.943293580686017118000000000000000000000e+92	
-2.183766987747248171000000000000000000000e+91	
1.455018969007298547000000000000000000000e+92	
-9.387973247426865603000000000000000000000e+91	
7.349568731187417490000000000000000000000e+91	
-1.658859420631243359000000000000000000000e+92	
1.525312888074842860000000000000000000000e+90	
1.637869747938969216000000000000000000000e+92	
-7.559465458110158912000000000000000000000e+91	
8.765853135346813792000000000000000000000e+91	
-1.517230980215303728000000000000000000000e+92	
1.156797458075515375000000000000000000000e+91	
1.697115046193565360000000000000000000000e+92	
-6.967012475564197475000000000000000000000e+91	
1.022871933038605190100000000000000000000e+92	
-1.370944360711379918000000000000000000000e+92	
3.489643689062359542000000000000000000000e+91	
2.017354376790239618000000000000000000000e+92	
-3.764619169597454893000000000000000000000e+91	
1.292289112158935594000000000000000000000e+92	
-1.101527181591049514000000000000000000000e+92	
5.675846890937001492000000000000000000000e+91	
-1.826231604656284958000000000000000000000e+92	
-1.567590719846606153000000000000000000000e+91	
1.461219839419724091000000000000000000000e+92	
-9.325964543302610167000000000000000000000e+91	
7.099848882274618531000000000000000000000e+91	
-1.683831405522523254000000000000000000000e+92	
-4.087619759088606195000000000000000000000e+90	
1.550598585889652000000000000000000000000e+92	
-8.432177078603331080000000000000000000000e+91	
8.553139746330764722000000000000000000000e+91	
-1.538502319116908635000000000000000000000e+92	
1.603753840731572436000000000000000000000e+91	
1.807744831992262536000000000000000000000e+92	
-5.860714617577225715000000000000000000000e+91	
1.061669468649891471000000000000000000000e+92	
-1.332146825100093637000000000000000000000e+92	
3.159654029211914526000000000000000000000e+91	
1.912594640009025764000000000000000000000e+92	
-4.812216537409593439000000000000000000000e+91	
1.205917444069295389000000000000000000000e+92	
-1.187898849680689719000000000000000000000e+92	
4.995919385476924294000000000000000000000e+91	
-1.894224355202292678000000000000000000000e+92	
-2.063820515807467730000000000000000000000e+91	
1.429957488731813920000000000000000000000e+92	
-9.638588050181711879000000000000000000000e+91	
6.728577070117003646000000000000000000000e+91	
-1.720958586738284743000000000000000000000e+92	
-8.386529059775129343000000000000000000000e+90	
1.501750498375869499000000000000000000000e+92	
-8.920657953741156086000000000000000000000e+91	
8.189267527280385242000000000000000000000e+91	
-1.574889541021946583000000000000000000000e+92	
1.364428264064768139000000000000000000000e+91	
1.796260740279774487000000000000000000000e+92	
-5.975555534702106204000000000000000000000e+91	
1.062627647692116001000000000000000000000e+92	
-1.331188646057869106000000000000000000000e+92	
3.293596606018001406000000000000000000000e+91	
-2.064456633148184967000000000000000000000e+92	
-4.035434026923881634000000000000000000000e+91	
1.205880466184457312000000000000000000000e+92	
-1.187935827565527795000000000000000000000e+92	
4.730884174375249722000000000000000000000e+91	
-1.920727876312460135000000000000000000000e+92	
-2.593389443724227810000000000000000000000e+91	
1.350560389247397781000000000000000000000e+92	
-1.043255904502587326700000000000000000000e+92	
6.165674010747212684000000000000000000000e+91	
-1.777248892675263839000000000000000000000e+92	
-1.170603024922030118000000000000000000000e+91	
1.491639286741968318000000000000000000000e+92	
-9.021770070080167896000000000000000000000e+91	
7.599942055290869242000000000000000000000e+91	
-1.633822088220898183000000000000000000000e+92	
2.871324044448993374000000000000000000000e+90	
1.639758400265034097000000000000000000000e+92	
-7.540578934849510108000000000000000000000e+91	
9.029514374023862009000000000000000000000e+91	
-1.490864856347598907000000000000000000000e+92	
1.665111595698156120000000000000000000000e+91	
1.772399574265719492000000000000000000000e+92	
-6.214167194842656161000000000000000000000e+91	
1.046323133648873983100000000000000000000e+92	
-1.347493160101111124000000000000000000000e+92	
3.206080378277286060000000000000000000000e+91	
1.937216296958342580000000000000000000000e+92	
-4.565999967916425277000000000000000000000e+91	
1.188239253990487879000000000000000000000e+92	
-1.205577039759497229000000000000000000000e+92	
4.396349527085436027000000000000000000000e+91	
-1.954181341041441505000000000000000000000e+92	
-3.085967923889892387000000000000000000000e+91	
1.285506023274401963000000000000000000000e+92	
-1.108310270475583145000000000000000000000e+92	
5.850190940021692398000000000000000000000e+91	
-1.808797199747815868000000000000000000000e+92	
-1.151192255477406101000000000000000000000e+91	
1.527053081118566189000000000000000000000e+92	
-8.667632126314189190000000000000000000000e+91	
7.757831629727552197000000000000000000000e+91	
-1.618033130777229888000000000000000000000e+92	
2.488712760278154906000000000000000000000e+90	
1.616326978924957319000000000000000000000e+92	
-7.774893148250277884000000000000000000000e+91	
9.210276480672975226000000000000000000000e+91	
-1.472788645682687585000000000000000000000e+92	
2.260743452317641794000000000000000000000e+91	
1.873429088197079798000000000000000000000e+92	
-5.203872055529053098000000000000000000000e+91	
1.127339027219099522000000000000000000000e+92	
-1.266477266530885586000000000000000000000e+92	
3.816202711693288062000000000000000000000e+91	
-2.012196022580656301000000000000000000000e+92	
-3.637273647387033202000000000000000000000e+91	
1.233258124786188289000000000000000000000e+92	
-1.160558168963796819000000000000000000000e+92	
5.267431953737385034000000000000000000000e+91	
-1.867073098376246604000000000000000000000e+92	
-1.794201243753940643000000000000000000000e+91	
1.456730180539710374000000000000000000000e+92	
-9.370861132102747332000000000000000000000e+91	
6.994412575984868018000000000000000000000e+91	
-1.694375036151498306000000000000000000000e+92	
-5.747078710259751212000000000000000000000e+90	
1.527956048862023139000000000000000000000e+92	
-8.658602448879619689000000000000000000000e+91	
8.454967105754445156000000000000000000000e+91	
-1.548319583174540592000000000000000000000e+92	
1.633770102613600412000000000000000000000e+91	
1.823558968878613979000000000000000000000e+92	
-5.702573248713711286000000000000000000000e+91	
1.090289739861599482000000000000000000000e+92	
-1.303526553888385626000000000000000000000e+92	
3.573854352587791597000000000000000000000e+91	
1.966808063444752098000000000000000000000e+92	
-4.270082303052330094000000000000000000000e+91	
1.232992694784998087000000000000000000000e+92	
-1.160823598964987020000000000000000000000e+92	
4.995425223355006523000000000000000000000e+91	
-1.894273771414484455000000000000000000000e+92	
-2.335426356500994269000000000000000000000e+91	
1.375699229157981054000000000000000000000e+92	
-1.018117064592004054000000000000000000000e+92	
6.430632558832154049000000000000000000000e+91	
-1.750753037866769703000000000000000000000e+92	
-8.920810812828759960000000000000000000000e+90	
1.520847145654911220000000000000000000000e+92	
-8.729691480950738873000000000000000000000e+91	
7.862947058504257264000000000000000000000e+91	
-1.607521587899559381000000000000000000000e+92	
5.210782907270198544000000000000000000000e+90	
1.660248523378521640000000000000000000000e+92	
-7.335677703714634674000000000000000000000e+91	
9.295584804441688202000000000000000000000e+91	
-1.464257813305816287000000000000000000000e+92	
1.992320783463924762000000000000000000000e+91	
1.811231326098586254000000000000000000000e+92	
-5.825849676513988536000000000000000000000e+91	
1.072174747292307666000000000000000000000e+92	
-1.321641546457677442000000000000000000000e+92	
3.334859730773100390000000000000000000000e+91	
1.937127010394820712000000000000000000000e+92	
-4.566892833551643958000000000000000000000e+91	
1.215582913400787570000000000000000000000e+92	
-1.178233380349197537000000000000000000000e+92	
4.943979056014066848000000000000000000000e+91	
-1.899418388148578423000000000000000000000e+92	
-2.264281917104175920000000000000000000000e+91	
1.395066632832851009000000000000000000000e+92	
-9.987496609171340986000000000000000000000e+91	
6.364827794663246498000000000000000000000e+91	
-1.757333514283660458000000000000000000000e+92	
-1.217235512150097058000000000000000000000e+91	
1.462409642893693588000000000000000000000e+92	
-9.314066508562915199000000000000000000000e+91	
7.827754455905253654000000000000000000000e+91	
-1.611040848159459742000000000000000000000e+92	
1.034794802784224281800000000000000000000e+91	
1.766483768615940660000000000000000000000e+92	
-6.273325251340444472000000000000000000000e+91	
1.036035464736836012200000000000000000000e+92	
-1.357780829013149095000000000000000000000e+92	
3.059506813885870946000000000000000000000e+91	
1.918191427644459879000000000000000000000e+92	
-4.756248661055252282000000000000000000000e+91	
1.178479733981834485000000000000000000000e+92	
-1.215336559768150622000000000000000000000e+92	
4.391361709399968918000000000000000000000e+91	
-1.954680122809988216000000000000000000000e+92	
-2.998394446877741348000000000000000000000e+91	
1.303514893968670928000000000000000000000e+92	
-1.090301399781314179000000000000000000000e+92	
5.834316102992437507000000000000000000000e+91	
-1.810384683450741357000000000000000000000e+92	
-1.362933111751453454000000000000000000000e+91	
1.486302141185906573000000000000000000000e+92	
-9.075141525640785350000000000000000000000e+91	
7.252668418309642922000000000000000000000e+91	
-1.668549451919020816000000000000000000000e+92	
-3.538971483328814344000000000000000000000e+90	
1.546294472690838512000000000000000000000e+92	
-8.475218210591465950000000000000000000000e+91	
8.717281745770616168000000000000000000000e+91	
-1.522088119172923491000000000000000000000e+92	
1.974975863245920534000000000000000000000e+91	
1.865564730847167901000000000000000000000e+92	
-5.282515629028172064000000000000000000000e+91	
1.140176763533104344000000000000000000000e+92	
-1.253639530216880764000000000000000000000e+92	
4.151497983838122104000000000000000000000e+91	
-1.978666495366172897000000000000000000000e+92	
-3.095163442598267288000000000000000000000e+91	
1.308140346018173643000000000000000000000e+92	
-1.085675947731811464000000000000000000000e+92	
5.577934644742377780000000000000000000000e+91	
-1.836022829275747330000000000000000000000e+92	
-1.921799936593675750000000000000000000000e+91	
1.400181975762280364000000000000000000000e+92	
-9.936343179877047431000000000000000000000e+91	
7.032232808987685212000000000000000000000e+91	
-1.690593012851216586000000000000000000000e+92	
6.611439869259312418000000000000000000000e+89	
1.652308470041495253000000000000000000000e+92	
-7.415078237084898549000000000000000000000e+91	
9.045615212605561548000000000000000000000e+91	
-1.489254772489428953000000000000000000000e+92	
1.571867019873768039000000000000000000000e+91	
1.752146017010813683000000000000000000000e+92	
-6.416702767391714243000000000000000000000e+91	
1.049217957125439291900000000000000000000e+92	
-1.344598336624545816000000000000000000000e+92	
3.466397218342569440000000000000000000000e+91	
1.986373327026558100000000000000000000000e+92	
-4.074429667234270072000000000000000000000e+91	
1.232665921069706510000000000000000000000e+92	
-1.161150372680278597000000000000000000000e+92	
4.793336109476567548000000000000000000000e+91	
-1.914482682802328353000000000000000000000e+92	
-2.736237900126736472000000000000000000000e+91	
1.315755721594226856000000000000000000000e+92	
-1.078060572155758252000000000000000000000e+92	
6.252204002047715700000000000000000000000e+91	
-1.768595893545213538000000000000000000000e+92	
-6.497126405621477744000000000000000000000e+90	
1.587142747769907659000000000000000000000e+92	
-8.066735459800774488000000000000000000000e+91	
8.458095871183237148000000000000000000000e+91	
-1.548006706631661393000000000000000000000e+92	
1.048453640392823387700000000000000000000e+91	
1.706212084910162738000000000000000000000e+92	
-6.876042088398223694000000000000000000000e+91	
9.897907598311444817000000000000000000000e+91	
-1.404025533918840626000000000000000000000e+92	
2.737259745086373610000000000000000000000e+91	
1.899979741490013059000000000000000000000e+92	
-4.938365522599720487000000000000000000000e+91	
1.132799205802379479000000000000000000000e+92	
-1.261017087947605628000000000000000000000e+92	
3.660004710910972630000000000000000000000e+91	
-2.027815822658887845000000000000000000000e+92	
-4.004166526538492624000000000000000000000e+91	
1.175509834637780459000000000000000000000e+92	
-1.218306459112204649000000000000000000000e+92	
5.136241699972753088000000000000000000000e+91	
-1.880192123752709799000000000000000000000e+92	
-1.479320955236782208000000000000000000000e+91	
1.532803064129310812000000000000000000000e+92	
-8.610132296206742954000000000000000000000e+91	
8.200768074836458138000000000000000000000e+91	
-1.573739486266339294000000000000000000000e+92	
1.077052516782658277000000000000000000000e+91	
1.737650410175711683000000000000000000000e+92	
-6.561658835742734249000000000000000000000e+91	
9.741594289178047866000000000000000000000e+91	
-1.419656864832180321000000000000000000000e+92	
2.110484124641645107000000000000000000000e+91	
1.790279361704273468000000000000000000000e+92	
-6.035369320457116392000000000000000000000e+91	
1.120574055198219241000000000000000000000e+92	
-1.273242238551765866000000000000000000000e+92	
4.512020393949361602000000000000000000000e+91	
2.124125338412099262000000000000000000000e+92	
-2.696909553378858455000000000000000000000e+91	
1.403591108841361175000000000000000000000e+92	
-9.902251849086239324000000000000000000000e+91	
6.834154658868726865000000000000000000000e+91	
-1.710400827863112421000000000000000000000e+92	
-3.640176890834456954000000000000000000000e+90	
1.586101416073237902000000000000000000000e+92	
-8.077148776767472056000000000000000000000e+91	
8.251267555881742761000000000000000000000e+91	
-1.568689538161810832000000000000000000000e+92	
6.453080761579350764000000000000000000000e+90	
1.646275573668803367000000000000000000000e+92	
-7.475407200811817408000000000000000000000e+91	
9.714463158810657462000000000000000000000e+91	
-1.422369977868919361000000000000000000000e+92	
2.969528988211728337000000000000000000000e+91	
1.964757345337735448000000000000000000000e+92	
-4.290589484122496598000000000000000000000e+91	
1.239106810753971907000000000000000000000e+92	
-1.154709482996013201000000000000000000000e+92	
5.138174090062309127000000000000000000000e+91	
-1.879998884743754195000000000000000000000e+92	
-2.111110396296374969000000000000000000000e+91	
1.406283475197354353000000000000000000000e+92	
-9.875328185526307543000000000000000000000e+91	
6.563589147500749455000000000000000000000e+91	
-1.737457378999910162000000000000000000000e+92	
-9.319243246244497084000000000000000000000e+90	
1.499591437809315273000000000000000000000e+92	
-8.942248559406698343000000000000000000000e+91	
8.016061580225040092000000000000000000000e+91	
-1.592210135727481098000000000000000000000e+92	
1.039682429678580721300000000000000000000e+91	
1.748639709758862549000000000000000000000e+92	
-6.451765839911225586000000000000000000000e+91	
9.998677079864660387000000000000000000000e+91	
-1.393948585763519069000000000000000000000e+92	
2.514683458575989044000000000000000000000e+91	
1.845403627907238842000000000000000000000e+92	
-5.484126658427462653000000000000000000000e+91	
1.144516224999849090000000000000000000000e+92	
-1.249300068750136017000000000000000000000e+92	
4.439776311175770815000000000000000000000e+91	
-1.949838662632408026000000000000000000000e+92	
-2.562123273305643724000000000000000000000e+91	
1.385908366136523189000000000000000000000e+92	
-1.007907927613461918300000000000000000000e+92	
6.345868604777149560000000000000000000000e+91	
-1.759229433272270152000000000000000000000e+92	
-1.163607367318165844000000000000000000000e+91	
1.475027578411463632000000000000000000000e+92	
-9.187887153385214752000000000000000000000e+91	
7.800277863725808868000000000000000000000e+91	
-1.613788507377404221000000000000000000000e+92	
8.537387328502811934000000000000000000000e+90	
1.733027857001716120000000000000000000000e+92	
-6.607884367482689879000000000000000000000e+91	
9.872368878526501018000000000000000000000e+91	
-1.406579405897335006000000000000000000000e+92	
2.418170747834499829000000000000000000000e+91	
1.838730423067415374000000000000000000000e+92	
-5.550858706825697340000000000000000000000e+91	
1.131551765022478017000000000000000000000e+92	
-1.262264528727507091000000000000000000000e+92	
4.247250469571632860000000000000000000000e+91	
-1.969091246792821822000000000000000000000e+92	
-2.817499062776910722000000000000000000000e+91	
1.354088920241613276000000000000000000000e+92	
-1.039727373508371831200000000000000000000e+92	
5.964886739173274914000000000000000000000e+91	
-1.797327619832657616000000000000000000000e+92	
-1.607345392312256099000000000000000000000e+91	
1.424381283144413436000000000000000000000e+92	
-9.694350106055716711000000000000000000000e+91	
7.427195580714243748000000000000000000000e+91	
-1.651096735678560733000000000000000000000e+92	
6.139707402459201728000000000000000000000e+90	
1.722375852160308010000000000000000000000e+92	
-6.714404415896770972000000000000000000000e+91	
9.899030461104147565000000000000000000000e+91	
-1.403913247639570351000000000000000000000e+92	
2.577947681207259820000000000000000000000e+91	
1.868013026763092596000000000000000000000e+92	
-5.258032669868925118000000000000000000000e+91	
1.132647664423377795000000000000000000000e+92	
-1.261168629326607313000000000000000000000e+92	
3.976482696757169486000000000000000000000e+91	
-1.996168024074268159000000000000000000000e+92	
-3.369853396101413338000000000000000000000e+91	
1.270708844511885905000000000000000000000e+92	
-1.123107449238099202000000000000000000000e+92	
5.414886260389705664000000000000000000000e+91	
-1.852327667711014541000000000000000000000e+92	
-1.873686830815342435000000000000000000000e+91	
1.426098926527800686000000000000000000000e+92	
-9.677173672221844211000000000000000000000e+91	
6.844552195061386088000000000000000000000e+91	
-1.709361074243846499000000000000000000000e+92	
-5.681939539408181612000000000000000000000e+90	
1.544237088127604882000000000000000000000e+92	
-8.495792056223802258000000000000000000000e+91	
8.286904740423676966000000000000000000000e+91	
-1.565125819707617411000000000000000000000e+92	
1.134999643982290870000000000000000000000e+91	
1.740627571959203103000000000000000000000e+92	
-6.531887217907820045000000000000000000000e+91	
9.743204419689326190000000000000000000000e+91	
-1.419495851781052489000000000000000000000e+92	
2.083946782892046904000000000000000000000e+91	
1.784812281112016702000000000000000000000e+92	
-6.090040126379684057000000000000000000000e+91	
1.121066125010245510000000000000000000000e+92	
-1.272750168739739597000000000000000000000e+92	
4.576502939345412521000000000000000000000e+91	
2.136526813478501118000000000000000000000e+92	
-2.572894802714839893000000000000000000000e+91	
1.421942841708964033000000000000000000000e+92	
-9.718734520410210748000000000000000000000e+91	
7.077144953045332462000000000000000000000e+91	
-1.686101798445451861000000000000000000000e+92	
-6.158402718049528848000000000000000000000e+89	
1.622286160731729291000000000000000000000e+92	
-7.715301330182558168000000000000000000000e+91	
8.572953312238482664000000000000000000000e+91	
-1.536520962526136841000000000000000000000e+92	
9.268521294627005804000000000000000000000e+90	
1.670417806417004388000000000000000000000e+92	
-7.233984873329807192000000000000000000000e+91	
1.004043955836561766200000000000000000000e+92	
-1.389772337913423341000000000000000000000e+92	
3.380017380008660047000000000000000000000e+91	
2.014253177852704858000000000000000000000e+92	
-3.795631158972802498000000000000000000000e+91	
1.297045432808432608000000000000000000000e+92	
-1.096770860941552499000000000000000000000e+92	
5.801946188964903472000000000000000000000e+91	
-1.813621674853494760000000000000000000000e+92	
-1.362994415162190232000000000000000000000e+91	
1.489525264011303488000000000000000000000e+92	
-9.042910297386816198000000000000000000000e+91	
7.219158803998454874000000000000000000000e+91	
-1.671900413350139620000000000000000000000e+92	
-4.531148881149912589000000000000000000000e+90	
1.529805156246733958000000000000000000000e+92	
-8.640111375032511500000000000000000000000e+91	
8.691550647061534773000000000000000000000e+91	
-1.524661229043831630000000000000000000000e+92	
2.088337573802957432000000000000000000000e+91	
1.890803260629570505000000000000000000000e+92	
-5.030130331204146030000000000000000000000e+91	
1.179310733287246550000000000000000000000e+92	
-1.214505560462738557000000000000000000000e+92	
4.681722927979766188000000000000000000000e+91	
-1.925644000952008489000000000000000000000e+92	
-2.426122370558304924000000000000000000000e+91	
1.388919157581625507000000000000000000000e+92	
-1.004897136168359600400000000000000000000e+92	
6.270136230452300886000000000000000000000e+91	
-1.766802670704755019000000000000000000000e+92	
-1.345127357125298714000000000000000000000e+91	
1.446302082590500926000000000000000000000e+92	
-9.475142111594841812000000000000000000000e+91	
7.737097977357471537000000000000000000000e+91	
-1.620106496014237954000000000000000000000e+92	
1.014522403396532458200000000000000000000e+91	
1.771491433804867378000000000000000000000e+92	
-6.223248599451177296000000000000000000000e+91	
1.048074534008370508600000000000000000000e+92	
-1.345741759741614599000000000000000000000e+92	
3.250176554399981056000000000000000000000e+91	
1.944282808914506294000000000000000000000e+92	
-4.495334848354788136000000000000000000000e+91	
1.189675441477494015000000000000000000000e+92	
-1.204140852272491093000000000000000000000e+92	
4.354436177570479564000000000000000000000e+91	
-1.958372675992937151000000000000000000000e+92	
-3.184128491428112380000000000000000000000e+91	
1.270068043960643135000000000000000000000e+92	
-1.123748249789341973000000000000000000000e+92	
5.814953961502536220000000000000000000000e+91	
-1.812320897599731486000000000000000000000e+92	
-1.067345712909220764000000000000000000000e+91	
1.547340161081856865000000000000000000000e+92	
-8.464761326681282426000000000000000000000e+91	
8.079667451896354151000000000000000000000e+91	
-1.585849548560349692000000000000000000000e+92	
6.896129156827978060000000000000000000000e+90	
1.672285807080545870000000000000000000000e+92	
-7.215304866694392376000000000000000000000e+91	
9.517684087815529082000000000000000000000e+91	
-1.442047884968432199000000000000000000000e+92	
2.316095887224289150000000000000000000000e+91	
1.853771358436058658000000000000000000000e+92	
-5.400449353139264497000000000000000000000e+91	
1.093158085082993681000000000000000000000e+92	
-1.300658208666991426000000000000000000000e+92	
3.329233443919069247000000000000000000000e+91	
1.915029137965012286000000000000000000000e+92	
-4.787871557849728220000000000000000000000e+91	
1.239073752386090228000000000000000000000e+92	
-1.154742541363894880000000000000000000000e+92	
5.634547679724463444000000000000000000000e+91	
-1.830361525777538763000000000000000000000e+92	
-1.118279826919150431000000000000000000000e+91	
1.555187523046021755000000000000000000000e+92	
-8.386287707039633526000000000000000000000e+91	
8.287484403139789302000000000000000000000e+91	
-1.565067853436006177000000000000000000000e+92	
1.026708828529051662200000000000000000000e+91	
1.718916860729043522000000000000000000000e+92	
-6.748994330209415854000000000000000000000e+91	
9.710005715208391061000000000000000000000e+91	
-1.422815722229146002000000000000000000000e+92	
2.234564960956561292000000000000000000000e+91	
1.818246639200409733000000000000000000000e+92	
-5.755696545495753747000000000000000000000e+91	
1.115587348970886751000000000000000000000e+92	
-1.278228944779098356000000000000000000000e+92	
4.132777495775779399000000000000000000000e+91	
-1.980538544172407168000000000000000000000e+92	
-2.886823330093518543000000000000000000000e+91	
1.351669117252564105000000000000000000000e+92	
-1.042147176497421002500000000000000000000e+92	
5.985792488837895785000000000000000000000e+91	
-1.795237044866195529000000000000000000000e+92	
-1.541358309786969760000000000000000000000e+91	
1.435485881130662876000000000000000000000e+92	
-9.583304126193222318000000000000000000000e+91	
7.442767421364032840000000000000000000000e+91	
-1.649539551613581824000000000000000000000e+92	
5.341159560787348040000000000000000000000e+90	
1.704852460336826514000000000000000000000e+92	
-6.889638334131585936000000000000000000000e+91	
9.628464875916440846000000000000000000000e+91	
-1.430969806158341023000000000000000000000e+92	
2.212097872558545060000000000000000000000e+91	
1.821904365540199432000000000000000000000e+92	
-5.719119282097856753000000000000000000000e+91	
1.106749006949857234000000000000000000000e+92	
-1.287067286800127874000000000000000000000e+92	
3.919495580853892876000000000000000000000e+91	
-2.001866735664595820000000000000000000000e+92	
-3.224941581779808905000000000000000000000e+91	
1.305379871108814166000000000000000000000e+92	
-1.088436422641170941000000000000000000000e+92	
5.398187913743772474000000000000000000000e+91	
-1.853997502375607860000000000000000000000e+92	
-2.253612933346352846000000000000000000000e+91	
1.351801617358550340000000000000000000000e+92	
-1.042014676391434768000000000000000000000e+92	
6.870625443708894975000000000000000000000e+91	
-1.706753749379095610000000000000000000000e+92	
2.265429055196317020000000000000000000000e+90	
1.700538881249449600000000000000000000000e+92	
-6.932774125005355080000000000000000000000e+91	
9.849634742843914993000000000000000000000e+91	
-1.408852819465593608000000000000000000000e+92	
2.697441860897180708000000000000000000000e+91	
1.896843029422312887000000000000000000000e+92	
-4.969732643276722204000000000000000000000e+91	
1.130507149518690372000000000000000000000e+92	
-1.263309144231294736000000000000000000000e+92	
3.645526502335134729000000000000000000000e+91	
-2.029263643516471635000000000000000000000e+92	
-4.010206582340342307000000000000000000000e+91	
1.175749224395382277000000000000000000000e+92	
-1.218067069354602831000000000000000000000e+92	
5.120789907159951664000000000000000000000e+91	
-1.881737303033989941000000000000000000000e+92	
-1.512609557214627819000000000000000000000e+91	
1.527691410695409390000000000000000000000e+92	
-8.661248830545757174000000000000000000000e+91	
8.131832480522453991000000000000000000000e+91	
-1.580633045697739708000000000000000000000e+92	
9.903067304643431489000000000000000000000e+90	
1.727195698699186997000000000000000000000e+92	
-6.666205950507981103000000000000000000000e+91	
9.619254705112137323000000000000000000000e+91	
-1.431890823238771375000000000000000000000e+92	
1.970360926012433531000000000000000000000e+91	
1.774489565418085914000000000000000000000e+92	
-6.193267283318991936000000000000000000000e+91	
1.108565890921373629000000000000000000000e+92	
-1.285250402828611479000000000000000000000e+92	
4.429736251313104463000000000000000000000e+91	
2.119674793102179744000000000000000000000e+92	
-2.741415006478053634000000000000000000000e+91	
1.402916552361777007000000000000000000000e+92	
-9.908997413882081005000000000000000000000e+91	
6.865150190499292364000000000000000000000e+91	
-1.707301274700055871000000000000000000000e+92	
-2.952998435513062444000000000000000000000e+90	
1.596743554698870876000000000000000000000e+92	
-7.970727390511142315000000000000000000000e+91	
8.295827812439410946000000000000000000000e+91	
-1.564233512506044013000000000000000000000e+92	
6.280379893033751918000000000000000000000e+90	
1.638368607738633917000000000000000000000e+92	
-7.554476860113511908000000000000000000000e+91	
9.766240286020084065000000000000000000000e+91	
-1.417192265147976701000000000000000000000e+92	
3.152087783712357412000000000000000000000e+91	
1.996084883135649732000000000000000000000e+92	
-3.977314106143353760000000000000000000000e+91	
1.283499501457579572000000000000000000000e+92	
-1.110316792292405535000000000000000000000e+92	
5.712687505108727278000000000000000000000e+91	
-1.822547543239112380000000000000000000000e+92	
-1.406075461927332511000000000000000000000e+91	
1.489832624932026158000000000000000000000e+92	
-9.039836688179589498000000000000000000000e+91	
7.268364099496349754000000000000000000000e+91	
-1.666979883800350132000000000000000000000e+92	
-3.578008645768618432000000000000000000000e+90	
1.543945136722085166000000000000000000000e+92	
-8.498711570278999420000000000000000000000e+91	
8.735262961368159212000000000000000000000e+91	
-1.520289997613169186000000000000000000000e+92	
2.034411013571855397000000000000000000000e+91	
1.875651576324145724000000000000000000000e+92	
-5.181647174258393834000000000000000000000e+91	
1.154404877452713770000000000000000000000e+92	
-1.239411416297271337000000000000000000000e+92	
4.335171197704928466000000000000000000000e+91	
-1.960299173979492261000000000000000000000e+92	
-2.870118753559547416000000000000000000000e+91	
1.334779903514527596000000000000000000000e+92	
-1.059036390235457511300000000000000000000e+92	
5.756491114611565772000000000000000000000e+91	
-1.818167182288828530000000000000000000000e+92	
-1.831038857133016346000000000000000000000e+91	
1.400482913960536915000000000000000000000e+92	
-9.933333797894481926000000000000000000000e+91	
7.220881368925600662000000000000000000000e+91	
-1.671728156857425042000000000000000000000e+92	
4.403097499622493311000000000000000000000e+90	
1.708273450237057729000000000000000000000e+92	
-6.855428435129273786000000000000000000000e+91	
9.790627170556339134000000000000000000000e+91	
-1.414753576694351194000000000000000000000e+92	
2.502148885060970245000000000000000000000e+91	
1.863691973968226273000000000000000000000e+92	
-5.301243197817588343000000000000000000000e+91	
1.121438221649329966000000000000000000000e+92	
-1.272378072100655142000000000000000000000e+92	
3.795538650517183170000000000000000000000e+91	
-2.014262428698266791000000000000000000000e+92	
-3.619612796609294181000000000000000000000e+91	
1.238854793752249700000000000000000000000e+92	
-1.154961499997735407000000000000000000000e+92	
5.242285209537132446000000000000000000000e+91	
-1.869587772796271863000000000000000000000e+92	
-1.900421054278608327000000000000000000000e+91	
1.438004927599486352000000000000000000000e+92	
-9.558113661504987560000000000000000000000e+91	
6.726167655072270022000000000000000000000e+91	
-1.721199528242758105000000000000000000000e+92	
-9.239048761513452362000000000000000000000e+90	
1.484945168652003563000000000000000000000e+92	
-9.088711250979815444000000000000000000000e+91	
8.196611285089534026000000000000000000000e+91	
-1.574155165241031705000000000000000000000e+92	
1.547081787471913978000000000000000000000e+91	
1.832048344579421584000000000000000000000e+92	
-5.617679491705635239000000000000000000000e+91	
1.115928783691780495000000000000000000000e+92	
-1.277887510058204612000000000000000000000e+92	
4.001656123823580246000000000000000000000e+91	
-1.993650681367627083000000000000000000000e+92	
-3.152413467124296012000000000000000000000e+91	
1.311669919117797062000000000000000000000e+92	
-1.082146374632188046000000000000000000000e+92	
5.451465550630714662000000000000000000000e+91	
-1.848669738686913641000000000000000000000e+92	
-2.209953350684009639000000000000000000000e+91	
1.355206248861822447000000000000000000000e+92	
-1.038610044888162660900000000000000000000e+92	
6.924963217500515128000000000000000000000e+91	
-1.701319971999933595000000000000000000000e+92	
3.011620396664440582000000000000000000000e+90	
1.710027921361843956000000000000000000000e+92	
-6.837883723881411510000000000000000000000e+91	
9.964786322590085146000000000000000000000e+91	
-1.397337661490976593000000000000000000000e+92	
2.832844535931316484000000000000000000000e+91	
1.912407398622911477000000000000000000000e+92	
-4.814088951270736306000000000000000000000e+91	
1.148094613086428017000000000000000000000e+92	
-1.245721680663557091000000000000000000000e+92	
3.841622013396602754000000000000000000000e+91	
-2.009654092410324832000000000000000000000e+92	
-3.793900259171422172000000000000000000000e+91	
1.199399932096171683000000000000000000000e+92	
-1.194416361653813425000000000000000000000e+92	
5.314242370897521624000000000000000000000e+91	
-1.862392056660232945000000000000000000000e+92	
-1.362190279856817645000000000000000000000e+91	
1.538432161415923852000000000000000000000e+92	
-8.553841323340612550000000000000000000000e+91	
8.196249623143869182000000000000000000000e+91	
-1.574191331435598189000000000000000000000e+92	
1.011754903418098604600000000000000000000e+91	
1.725045757454647804000000000000000000000e+92	
-6.687705362953373040000000000000000000000e+91	
9.609916282174748506000000000000000000000e+91	
-1.432824665532510257000000000000000000000e+92	
1.973177440451304855000000000000000000000e+91	
1.775986105687621119000000000000000000000e+92	
-6.178301880623639888000000000000000000000e+91	
1.107490253552728511000000000000000000000e+92	
-1.286326040197256597000000000000000000000e+92	
4.393270902142264195000000000000000000000e+91	
2.113458640089339386000000000000000000000e+92	
-2.803576536606457221000000000000000000000e+91	
1.394132060069119878000000000000000000000e+92	
-9.996842336808652292000000000000000000000e+91	
6.751634656569697347000000000000000000000e+91	
-1.718652828093015373000000000000000000000e+92	
-4.344732130498715515000000000000000000000e+90	
1.580261711099731746000000000000000000000e+92	
-8.135545826502533614000000000000000000000e+91	
8.167438918534378269000000000000000000000e+91	
-1.577072401896547281000000000000000000000e+92	
5.360605076781062162000000000000000000000e+90	
1.632810188725685410000000000000000000000e+92	
-7.610061050242996981000000000000000000000e+91	
9.633739156523899054000000000000000000000e+91	
-1.430442378097595202000000000000000000000e+92	
2.942707993926147618000000000000000000000e+91	
1.967462864130667573000000000000000000000e+92	
-4.263534296193175343000000000000000000000e+91	
1.247197266524799946000000000000000000000e+92	
-1.146619027225185162000000000000000000000e+92	
5.272901218457280657000000000000000000000e+91	
-1.866526171904257042000000000000000000000e+92	
-1.922587482969931676000000000000000000000e+91	
1.430512667780664717000000000000000000000e+92	
-9.633036259693203904000000000000000000000e+91	
6.691803280396612193000000000000000000000e+91	
-1.724635965710323888000000000000000000000e+92	
-9.177312118324472906000000000000000000000e+90	
1.489614321536066457000000000000000000000e+92	
-9.042019722139186506000000000000000000000e+91	
8.157522231433797076000000000000000000000e+91	
-1.578064070606605400000000000000000000000e+92	
1.422254841545412690000000000000000000000e+91	
1.810996127657701054000000000000000000000e+92	
-5.828201660922840532000000000000000000000e+91	
1.086311309215498659000000000000000000000e+92	
-1.307504984534486449000000000000000000000e+92	
3.619871430035824793000000000000000000000e+91	
1.979985639522679916000000000000000000000e+92	
-4.138306542273051917000000000000000000000e+91	
1.228009812642246255000000000000000000000e+92	
-1.165806481107738852000000000000000000000e+92	
4.764082198456301788000000000000000000000e+91	
-1.917408073904354929000000000000000000000e+92	
-2.748193251113861327000000000000000000000e+91	
1.316289181605361634000000000000000000000e+92	
-1.077527112144623474000000000000000000000e+92	
6.220953627590932234000000000000000000000e+91	
-1.771720930990891884000000000000000000000e+92	
-7.175297824267347418000000000000000000000e+90	
1.576706176652589208000000000000000000000e+92	
-8.171101170973958997000000000000000000000e+91	
8.317199779744052272000000000000000000000e+91	
-1.562096315775579880000000000000000000000e+92	
8.710453486781395327000000000000000000000e+90	
1.684821852805435446000000000000000000000e+92	
-7.089944409445496616000000000000000000000e+91	
9.761498676410253773000000000000000000000e+91	
-1.417666426108959730000000000000000000000e+92	
2.678305656369174284000000000000000000000e+91	
1.901825961259786952000000000000000000000e+92	
-4.919903324901981556000000000000000000000e+91	
1.142383201455089658000000000000000000000e+92	
-1.251433092294895450000000000000000000000e+92	
3.833183917855798656000000000000000000000e+91	
-2.010497901964405242000000000000000000000e+92	
-3.753686558423188335000000000000000000000e+91	
1.208284060557119831000000000000000000000e+92	
-1.185532233192865277000000000000000000000e+92	
5.300089714337752989000000000000000000000e+91	
-1.863807322316209809000000000000000000000e+92	
-1.479285620827523835000000000000000000000e+91	
1.516433482002706929000000000000000000000e+92	
-8.773828117472781782000000000000000000000e+91	
7.873422581603569982000000000000000000000e+91	
-1.606474035589628109000000000000000000000e+92	
5.861387947395576673000000000000000000000e+90	
1.672210355352881509000000000000000000000e+92	
-7.216059383971035982000000000000000000000e+91	
9.299621975964140465000000000000000000000e+91	
-1.463854096153571061000000000000000000000e+92	
1.880834327769980088000000000000000000000e+91	
1.788536067045392722000000000000000000000e+92	
-6.052802267045923858000000000000000000000e+91	
1.073937543343527282000000000000000000000e+92	
-1.319878750406457826000000000000000000000e+92	
3.596946522487950414000000000000000000000e+91	
1.987769406760027724000000000000000000000e+92	
-4.060468869899573832000000000000000000000e+91	
1.222408952355566322000000000000000000000e+92	
-1.171407341394418786000000000000000000000e+92	
4.574293931317813716000000000000000000000e+91	
-1.936386900618203736000000000000000000000e+92	
-3.071694604705572465000000000000000000000e+91	
1.270574392069351937000000000000000000000e+92	
-1.123241901680633171000000000000000000000e+92	
6.047158238561055784000000000000000000000e+91	
-1.789100469893879529000000000000000000000e+92	
-6.081136805178667488000000000000000000000e+90	
1.615954841416084340000000000000000000000e+92	
-7.778614523339007672000000000000000000000e+91	
8.992616098036306303000000000000000000000e+91	
-1.494554683946354477000000000000000000000e+92	
1.829250532667881923000000000000000000000e+91	
1.808907184285585477000000000000000000000e+92	
-5.849091094643996302000000000000000000000e+91	
1.041455147819819579600000000000000000000e+92	
-1.352361145930165528000000000000000000000e+92	
2.743850474475739094000000000000000000000e+91	
1.849658883077284052000000000000000000000e+92	
-5.441574106727010560000000000000000000000e+91	
1.188244993900885211000000000000000000000e+92	
-1.205571299849099896000000000000000000000e+92	
5.271602690566256608000000000000000000000e+91	
-1.866656024693359447000000000000000000000e+92	
-1.335954552699521886000000000000000000000e+91	
1.547939847173913560000000000000000000000e+92	
-8.458764465760715478000000000000000000000e+91	
8.360133351138991328000000000000000000000e+91	
-1.557802958636085975000000000000000000000e+92	
1.244411258871171030000000000000000000000e+91	
1.755185233154184273000000000000000000000e+92	
-6.386310605958008342000000000000000000000e+91	
9.924928030548981555000000000000000000000e+91	
-1.401323490695086952000000000000000000000e+92	
2.301799403467563796000000000000000000000e+91	
1.810208646117021106000000000000000000000e+92	
-5.836076476329640019000000000000000000000e+91	
1.138788774297990183000000000000000000000e+92	
-1.255027519451994924000000000000000000000e+92	
4.677030464655145283000000000000000000000e+91	
-1.926113247284470579000000000000000000000e+92	
-2.030487036730770062000000000000000000000e+91	
1.468495547657997973000000000000000000000e+92	
-9.253207460919871346000000000000000000000e+91	
7.465829567086685066000000000000000000000e+91	
-1.647233337041316601000000000000000000000e+92	
2.502963834153200883000000000000000000000e+90	
1.645797603743921863000000000000000000000e+92	
-7.480186900060632450000000000000000000000e+91	
8.884134023769915442000000000000000000000e+91	
-1.505402891372993563000000000000000000000e+92	
1.314061266671956355000000000000000000000e+91	
1.716737779016502283000000000000000000000e+92	
-6.770785147334828244000000000000000000000e+91	
1.034225275642109729700000000000000000000e+92	
-1.359591018107875378000000000000000000000e+92	
3.520524366987584276000000000000000000000e+91	
2.012181283132125342000000000000000000000e+92	
-3.816350106178597651000000000000000000000e+91	
1.278858968363442698000000000000000000000e+92	
-1.114957325386542409000000000000000000000e+92	
5.459016044280185460000000000000000000000e+91	
-1.847914689321966562000000000000000000000e+92	
-1.866909902983908400000000000000000000000e+91	
1.423043192636054186000000000000000000000e+92	
-9.707731011139309217000000000000000000000e+91	
6.893018620157534830000000000000000000000e+91	
-1.704514431734231625000000000000000000000e+92	
-4.407430924063146870000000000000000000000e+90	
1.564876687124570985000000000000000000000e+92	
-8.289396066254141226000000000000000000000e+91	
8.326009965404502588000000000000000000000e+91	
-1.561215297209534849000000000000000000000e+92	
1.006897359185323236900000000000000000000e+91	
1.711104913879488928000000000000000000000e+92	
-6.827113798704961798000000000000000000000e+91	
9.755345148968107430000000000000000000000e+91	
-1.418281778853174365000000000000000000000e+92	
2.403301855463018005000000000000000000000e+91	
1.847453933632622969000000000000000000000e+92	
-5.463623601173621387000000000000000000000e+91	
1.118662887195794583000000000000000000000e+92	
-1.275153406554190525000000000000000000000e+92	
3.902345365263142951000000000000000000000e+91	
