-1.209137924126159083000000000000000000000e+92	
4.308305481980623374000000000000000000000e+91	
-1.962985745551922770000000000000000000000e+92	
-3.226421075126553256000000000000000000000e+91	
1.266222405769507309000000000000000000000e+92	
-1.127593887980477799000000000000000000000e+92	
5.768433747167615054000000000000000000000e+91	
-1.816972919033223602000000000000000000000e+92	
-1.121925746558731350000000000000000000000e+91	
1.541076576896624860000000000000000000000e+92	
-8.527397168533602477000000000000000000000e+91	
8.008979810956798180000000000000000000000e+91	
-1.592918312654305290000000000000000000000e+92	
6.108774827763833408000000000000000000000e+90	
1.663607885105833970000000000000000000000e+92	
-7.302084086441511378000000000000000000000e+91	
9.448038916228277982000000000000000000000e+91	
-1.449012402127157309000000000000000000000e+92	
2.263576236734484670000000000000000000000e+91	
1.850231093214945435000000000000000000000e+92	
-5.435852005350396730000000000000000000000e+91	
1.086001403993514402000000000000000000000e+92	
-1.307814889756470705000000000000000000000e+92	
3.221520472074467253000000000000000000000e+91	
-2.071664246542538382000000000000000000000e+92	
-4.413171664224277598000000000000000000000e+91	
1.137555763904613424000000000000000000000e+92	
-1.256260529845371684000000000000000000000e+92	
4.694879200476306462000000000000000000000e+91	
-1.924328373702354461000000000000000000000e+92	
-1.982474480188592260000000000000000000000e+91	
1.476311684228374268000000000000000000000e+92	
-9.175046095216108390000000000000000000000e+91	
7.574124737863379929000000000000000000000e+91	
-1.636403819963647115000000000000000000000e+92	
3.887103626433404408000000000000000000000e+90	
1.662649383596029084000000000000000000000e+92	
-7.311669101539560230000000000000000000000e+91	
8.988738432711007569000000000000000000000e+91	
-1.494942450478884351000000000000000000000e+92	
1.354784093662967874000000000000000000000e+91	
1.714425082700621777000000000000000000000e+92	
-6.793912110493633310000000000000000000000e+91	
1.045423449440844705000000000000000000000e+92	
-1.348392844309140402000000000000000000000e+92	
3.767547566883894658000000000000000000000e+91	
2.050381028735211796000000000000000000000e+92	
-3.434352650147733117000000000000000000000e+91	
1.330549422347159337000000000000000000000e+92	
-1.063266871402825771000000000000000000000e+92	
6.110760529024893090000000000000000000000e+91	
-1.782740240847495799000000000000000000000e+92	
-1.080392578817550386000000000000000000000e+91	
1.515165501785888402000000000000000000000e+92	
-8.786507919640967053000000000000000000000e+91	
7.528022655057326370000000000000000000000e+91	
-1.641014028244252470000000000000000000000e+92	
-9.181567212410706628000000000000000000000e+89	
1.571176004800252347000000000000000000000e+92	
-8.226402889497327610000000000000000000000e+91	
8.993826828137698546000000000000000000000e+91	
-1.494433610936215253000000000000000000000e+92	
2.279236906679302686000000000000000000000e+91	
1.898761051963263786000000000000000000000e+92	
-4.950552417867213215000000000000000000000e+91	
1.176141922774534386000000000000000000000e+92	
-1.217674370975450722000000000000000000000e+92	
4.538824177892621325000000000000000000000e+91	
-1.939933875960722975000000000000000000000e+92	
-2.680176419659050036000000000000000000000e+91	
1.352403754610444578000000000000000000000e+92	
-1.041412539139540530100000000000000000000e+92	
5.961483149647820874000000000000000000000e+91	
-1.797667978785203020000000000000000000000e+92	
-1.597307607720009106000000000000000000000e+91	
1.426728530081627519000000000000000000000e+92	
-9.670877636683575890000000000000000000000e+91	
7.422214635016275654000000000000000000000e+91	
-1.651594830248357542000000000000000000000e+92	
5.805505398236168541000000000000000000000e+90	
1.716191321975506817000000000000000000000e+92	
-6.776249717744782904000000000000000000000e+91	
9.808774204085409261000000000000000000000e+91	
-1.412938873341444181000000000000000000000e+92	
2.459294608232641523000000000000000000000e+91	
1.853309451087864957000000000000000000000e+92	
-5.405068426621201506000000000000000000000e+91	
1.123968416239474928000000000000000000000e+92	
-1.269847877510510179000000000000000000000e+92	
3.949903508699035326000000000000000000000e+91	
-1.998825942880081575000000000000000000000e+92	
-3.336249256590367601000000000000000000000e+91	
1.280084596090058642000000000000000000000e+92	
-1.113731697659926466000000000000000000000e+92	
5.381259799088621300000000000000000000000e+91	
-1.855690313841122978000000000000000000000e+92	
-2.034633874307741527000000000000000000000e+91	
1.397278500293620897000000000000000000000e+92	
-9.965377934563642108000000000000000000000e+91	
6.825955713761005348000000000000000000000e+91	
-1.711220722373884573000000000000000000000e+92	
-3.173168292853660185000000000000000000000e+90	
1.596258750357635816000000000000000000000e+92	
-7.975575433923492912000000000000000000000e+91	
8.308140166920649665000000000000000000000e+91	
-1.563002277057920141000000000000000000000e+92	
6.575022015023712620000000000000000000000e+90	
1.643029361137742663000000000000000000000e+92	
-7.507869326122424448000000000000000000000e+91	
9.776517399756229107000000000000000000000e+91	
-1.416164553774362197000000000000000000000e+92	
3.126052557670420681000000000000000000000e+91	
1.989851933701526936000000000000000000000e+92	
-4.039643600484581716000000000000000000000e+91	
1.273638931442047816000000000000000000000e+92	
-1.120177362307937292000000000000000000000e+92	
5.577823652635408126000000000000000000000e+91	
-1.836033928486444295000000000000000000000e+92	
-1.577179422207212106000000000000000000000e+91	
1.469100021676509983000000000000000000000e+92	
-9.247162720734751243000000000000000000000e+91	
7.024834021221470612000000000000000000000e+91	
-1.691332891627838046000000000000000000000e+92	
-6.375169709871202194000000000000000000000e+90	
1.512356724129278361000000000000000000000e+92	
-8.814595696207067466000000000000000000000e+91	
8.496320044221038624000000000000000000000e+91	
-1.544184289327881245000000000000000000000e+92	
1.872371014050902185000000000000000000000e+91	
1.867134040924816888000000000000000000000e+92	
-5.266822528251682198000000000000000000000e+91	
1.153569981300979137000000000000000000000e+92	
-1.240246312449005970000000000000000000000e+92	
4.403610394649117946000000000000000000000e+91	
-1.953455254285073313000000000000000000000e+92	
-2.724929613140398004000000000000000000000e+91	
1.356969992307117086000000000000000000000e+92	
-1.036846301442868021900000000000000000000e+92	
5.929970461507153986000000000000000000000e+91	
-1.800819247599269709000000000000000000000e+92	
-1.705956953430548987000000000000000000000e+91	
1.408153768595918742000000000000000000000e+92	
-9.856625251540663651000000000000000000000e+91	
7.399822819381337504000000000000000000000e+91	
-1.653834011811851357000000000000000000000e+92	
7.214332265051668516000000000000000000000e+90	
1.746598915230628349000000000000000000000e+92	
-6.472173785193567586000000000000000000000e+91	
1.027596216649818394000000000000000000000e+92	
-1.366220077100166714000000000000000000000e+92	
3.089513424917453115000000000000000000000e+91	
1.932626304664444317000000000000000000000e+92	
-4.611899890855407910000000000000000000000e+91	
1.168705476059983761000000000000000000000e+92	
-1.225110817690001347000000000000000000000e+92	
4.051648261809321368000000000000000000000e+91	
-1.988651467569052971000000000000000000000e+92	
-3.579958341753841230000000000000000000000e+91	
1.221185495868215554000000000000000000000e+92	
-1.172630797881769553000000000000000000000e+92	
5.523524601008708866000000000000000000000e+91	
-1.841463833649114221000000000000000000000e+92	
-1.161477190646793684000000000000000000000e+91	
1.557646982705278048000000000000000000000e+92	
-8.361693110447070591000000000000000000000e+91	
8.379837222183268795000000000000000000000e+91	
-1.555832571531658228000000000000000000000e+92	
1.186786148944401818000000000000000000000e+91	
1.741693672478049659000000000000000000000e+92	
-6.521226212719354484000000000000000000000e+91	
9.794263369683497275000000000000000000000e+91	
-1.414389956781635380000000000000000000000e+92	
2.175383572939452282000000000000000000000e+91	
1.797991734647383147000000000000000000000e+92	
-5.958245591026019608000000000000000000000e+91	
1.125689920059109145000000000000000000000e+92	
-1.268126373690875963000000000000000000000e+92	
4.537226883718240294000000000000000000000e+91	
-1.940093605378161078000000000000000000000e+92	
-2.179101269255764381000000000000000000000e+91	
1.452753497724364441000000000000000000000e+92	
-9.410627960256206668000000000000000000000e+91	
7.299607183533603037000000000000000000000e+91	
-1.663855575396624804000000000000000000000e+92	
7.527649605901138408000000000000000000000e+89	
1.627416302451320298000000000000000000000e+92	
-7.663999912986648094000000000000000000000e+91	
8.719171152553173060000000000000000000000e+91	
-1.521899178494667802000000000000000000000e+92	
1.167939156057731602000000000000000000000e+91	
1.704008706371522763000000000000000000000e+92	
-6.898075873784623442000000000000000000000e+91	
1.017529489064842575800000000000000000000e+92	
-1.376286804685142532000000000000000000000e+92	
3.313919102946221752000000000000000000000e+91	
1.987557990024089257000000000000000000000e+92	
-4.062583037258958509000000000000000000000e+91	
1.250274880692516574000000000000000000000e+92	
-1.143541413057468534000000000000000000000e+92	
5.133586933537419280000000000000000000000e+91	
-1.880457600396243180000000000000000000000e+92	
-2.231907545974608798000000000000000000000e+91	
1.382588544310253095000000000000000000000e+92	
-1.011227749439732012500000000000000000000e+92	
6.572685187919533978000000000000000000000e+91	
-1.736547774958031710000000000000000000000e+92	
-6.769053837401214229000000000000000000000e+90	
1.549673383155759479000000000000000000000e+92	
-8.441429105942256287000000000000000000000e+91	
7.996202144336352255000000000000000000000e+91	
-1.594196079316349882000000000000000000000e+92	
4.994032295045518654000000000000000000000e+90	
1.642595712923887654000000000000000000000e+92	
-7.512205808260974538000000000000000000000e+91	
9.446894297961605337000000000000000000000e+91	
-1.449126863953824574000000000000000000000e+92	
2.471304720865125420000000000000000000000e+91	
1.891880856927994734000000000000000000000e+92	
-5.019354368219903734000000000000000000000e+91	
1.143187733931110387000000000000000000000e+92	
-1.250628559818874720000000000000000000000e+92	
3.948672113223367274000000000000000000000e+91	
-1.998949082427648380000000000000000000000e+92	
-3.530808963295073051000000000000000000000e+91	
1.241305415622376406000000000000000000000e+92	
-1.152510878127608701000000000000000000000e+92	
5.402783302159019308000000000000000000000e+91	
-1.853537963534083177000000000000000000000e+92	
-1.603998766499860879000000000000000000000e+91	
1.481232811384824288000000000000000000000e+92	
-9.125834823651608193000000000000000000000e+91	
7.294235431582825176000000000000000000000e+91	
-1.664392750591702590000000000000000000000e+92	
-2.201157387530501078000000000000000000000e+90	
1.568889464066790591000000000000000000000e+92	
-8.249268296831945164000000000000000000000e+91	
8.747939797921273215000000000000000000000e+91	
-1.519022313957857786000000000000000000000e+92	
1.810439244240241527000000000000000000000e+91	
1.829601316039365039000000000000000000000e+92	
-5.642149777106200688000000000000000000000e+91	
1.084713305192016619000000000000000000000e+92	
-1.309102988557968489000000000000000000000e+92	
3.401960010513482059000000000000000000000e+91	
1.938011409114298805000000000000000000000e+92	
-4.558048846356863028000000000000000000000e+91	
1.228790538424456138000000000000000000000e+92	
-1.165025755325528970000000000000000000000e+92	
5.199226240575154108000000000000000000000e+91	
-1.873893669692469697000000000000000000000e+92	
-1.885925096414868956000000000000000000000e+91	
1.445207151745598422000000000000000000000e+92	
-9.486091420043866855000000000000000000000e+91	
6.855687551157249520000000000000000000000e+91	
-1.708247538634260156000000000000000000000e+92	
-7.369159401683137077000000000000000000000e+90	
1.509388106191593594000000000000000000000e+92	
-8.844281875583915130000000000000000000000e+91	
8.319192892956469971000000000000000000000e+91	
-1.561897004454338110000000000000000000000e+92	
1.547876267508683590000000000000000000000e+91	
1.819955140752119679000000000000000000000e+92	
-5.738611529978654288000000000000000000000e+91	
1.091668985969197568000000000000000000000e+92	
-1.302147307780787540000000000000000000000e+92	
3.637452756853532386000000000000000000000e+91	
1.978146019509358365000000000000000000000e+92	
-4.156702742406267425000000000000000000000e+91	
1.233783904074535892000000000000000000000e+92	
-1.160032389675449216000000000000000000000e+92	
4.897922336252307846000000000000000000000e+91	
-1.904024060124754323000000000000000000000e+92	
-2.538291761970626798000000000000000000000e+91	
1.344881680326593412000000000000000000000e+92	
-1.048934613423391695700000000000000000000e+92	
6.345661481843679275000000000000000000000e+91	
-1.759250145565617180000000000000000000000e+92	
-7.539588285730306292000000000000000000000e+90	
1.556957601261192756000000000000000000000e+92	
-8.368586924887923514000000000000000000000e+91	
7.958737470784521415000000000000000000000e+91	
-1.597942546671532966000000000000000000000e+92	
3.516865975057193741000000000000000000000e+90	
1.616804340763214356000000000000000000000e+92	
-7.770119529867707518000000000000000000000e+91	
9.422455935168092569000000000000000000000e+91	
-1.451570700233175851000000000000000000000e+92	
2.680225523738888177000000000000000000000e+91	
1.936097240250061160000000000000000000000e+92	
-4.577190534999239481000000000000000000000e+91	
1.210716812535510350000000000000000000000e+92	
-1.183099481214474758000000000000000000000e+92	
4.856973832335163927000000000000000000000e+91	
-1.908118910516468715000000000000000000000e+92	
-2.389612273131723743000000000000000000000e+91	
1.378702991313296735000000000000000000000e+92	
-1.015113302436688372900000000000000000000e+92	
6.282450448460070187000000000000000000000e+91	
-1.765571248903978089000000000000000000000e+92	
-1.218394229375268859000000000000000000000e+91	
1.470411592080110232000000000000000000000e+92	
-9.234047016698748753000000000000000000000e+91	
7.735929376751104072000000000000000000000e+91	
-1.620223356074874700000000000000000000000e+92	
7.712106741049953137000000000000000000000e+90	
1.722957998688704771000000000000000000000e+92	
-6.708582950612803364000000000000000000000e+91	
9.753508813894726435000000000000000000000e+91	
-1.418465412360512464000000000000000000000e+92	
2.281158240083878477000000000000000000000e+91	
1.823214831368938834000000000000000000000e+92	
-5.706014623810462739000000000000000000000e+91	
1.119895424377029415000000000000000000000e+92	
-1.273920869372955693000000000000000000000e+92	
4.169260367401289190000000000000000000000e+91	
2.056268684250601854000000000000000000000e+92	
-3.375476094993832531000000000000000000000e+91	
1.302170515178934230000000000000000000000e+92	
-1.091645778571050878000000000000000000000e+92	
5.484476364122512276000000000000000000000e+91	
-1.845368657337733880000000000000000000000e+92	
-2.049001388193121346000000000000000000000e+91	
1.384089192793023273000000000000000000000e+92	
-1.009727100956961834400000000000000000000e+92	
6.942871845172480896000000000000000000000e+91	
-1.699529109232737018000000000000000000000e+92	
4.828468423687913663000000000000000000000e+89	
1.657675063652604219000000000000000000000e+92	
-7.361412300973808886000000000000000000000e+91	
9.170741218207131528000000000000000000000e+91	
-1.476742171929271955000000000000000000000e+92	
1.768417531597055249000000000000000000000e+91	
1.778939964228310929000000000000000000000e+92	
-6.148763295216741790000000000000000000000e+91	
1.060873076302832042000000000000000000000e+92	
-1.332943217447153065000000000000000000000e+92	
3.431635470773488797000000000000000000000e+91	
1.967773388691671892000000000000000000000e+92	
-4.260429050583132160000000000000000000000e+91	
1.201827386314035572000000000000000000000e+92	
-1.191988907435949536000000000000000000000e+92	
4.362625705253916672000000000000000000000e+91	
-1.957553723224593440000000000000000000000e+92	
-3.289212483785143256000000000000000000000e+91	
1.248237929978166474000000000000000000000e+92	
-1.145578363771818634000000000000000000000e+92	
5.836463859519998954000000000000000000000e+91	
-1.810169907797985212000000000000000000000e+92	
-8.061441232583190382000000000000000000000e+90	
1.597417560528888380000000000000000000000e+92	
-7.963987332210967274000000000000000000000e+91	
8.819894623737242858000000000000000000000e+91	
-1.511826831376260822000000000000000000000e+92	
1.669174096781078919000000000000000000000e+91	
1.794163415235406832000000000000000000000e+92	
-5.996528785145782751000000000000000000000e+91	
1.027974624318601354800000000000000000000e+92	
-1.365841669431383753000000000000000000000e+92	
2.621671408188034402000000000000000000000e+91	
1.838702964957320346000000000000000000000e+92	
-5.551133287926647617000000000000000000000e+91	
1.174634045757457675000000000000000000000e+92	
-1.219182247992527433000000000000000000000e+92	
5.108956122124322243000000000000000000000e+91	
-1.882920681537552883000000000000000000000e+92	
-1.525125001497931063000000000000000000000e+91	
1.526371734266290892000000000000000000000e+92	
-8.674445594836942160000000000000000000000e+91	
8.117954735294354478000000000000000000000e+91	
-1.582020820220549660000000000000000000000e+92	
9.757483432015496151000000000000000000000e+90	
1.725671829642794017000000000000000000000e+92	
-6.681444641071910906000000000000000000000e+91	
9.603336049812055981000000000000000000000e+91	
-1.433482688768779509000000000000000000000e+92	
1.953762644372684736000000000000000000000e+91	
1.772761808442953054000000000000000000000e+92	
-6.210544853070320536000000000000000000000e+91	
1.106984170347645420000000000000000000000e+92	
-1.286832123402339688000000000000000000000e+92	
4.415378682813858792000000000000000000000e+91	
2.118384927334627205000000000000000000000e+92	
-2.754313664153579026000000000000000000000e+91	
1.401772505071316330000000000000000000000e+92	
-9.920437886786687776000000000000000000000e+91	
6.855167176674140458000000000000000000000e+91	
-1.708299576082571062000000000000000000000e+92	
-3.038261236273230954000000000000000000000e+90	
1.596036527569248899000000000000000000000e+92	
-7.977797661807362083000000000000000000000e+91	
8.290212825314438176000000000000000000000e+91	
-1.564795011218541290000000000000000000000e+92	
6.238775621017193216000000000000000000000e+90	
1.638097948622049614000000000000000000000e+92	
-7.557183451279354938000000000000000000000e+91	
9.760461679091238146000000000000000000000e+91	
-1.417770125840861293000000000000000000000e+92	
3.143238689863541344000000000000000000000e+91	
1.994893077866988560000000000000000000000e+92	
-3.989232158829965479000000000000000000000e+91	
1.282000953037309252000000000000000000000e+92	
-1.111815340712675856000000000000000000000e+92	
5.694636115951531150000000000000000000000e+91	
-1.824352682154831992000000000000000000000e+92	
-1.427191230237137777000000000000000000000e+91	
1.487414762690038670000000000000000000000e+92	
-9.064015310599464380000000000000000000000e+91	
7.241124147249982634000000000000000000000e+91	
-1.669703879024986844000000000000000000000e+92	
-3.881006231247383270000000000000000000000e+90	
1.540609332513824498000000000000000000000e+92	
-8.532069612361606100000000000000000000000e+91	
8.708419851646093949000000000000000000000e+91	
-1.522974308585375713000000000000000000000e+92	
2.014079593938892385000000000000000000000e+91	
1.874269279303973745000000000000000000000e+92	
-5.195470144460113628000000000000000000000e+91	
1.153673101471157168000000000000000000000e+92	
-1.240143192278827939000000000000000000000e+92	
4.334355410842394498000000000000000000000e+91	
-1.960380752665745658000000000000000000000e+92	
-2.864435803291005178000000000000000000000e+91	
1.335997748833329967000000000000000000000e+92	
-1.057818544916655141000000000000000000000e+92	
5.754911576854532517000000000000000000000e+91	
-1.818325136064531856000000000000000000000e+92	
-1.846369538927331684000000000000000000000e+91	
1.397575415727406332000000000000000000000e+92	
-9.962408780225787758000000000000000000000e+91	
7.220922363509517294000000000000000000000e+91	
-1.671724057399033378000000000000000000000e+92	
4.694522313799852370000000000000000000000e+90	
1.714096398775197980000000000000000000000e+92	
-6.797198949747871276000000000000000000000e+91	
9.877929184238904967000000000000000000000e+91	
-1.406023375326094611000000000000000000000e+92	
2.618508958586264636000000000000000000000e+91	
1.878232341179234146000000000000000000000e+92	
-5.155839525707509616000000000000000000000e+91	
1.129814661488652195000000000000000000000e+92	
-1.264001632261332912000000000000000000000e+92	
3.817694451069423260000000000000000000000e+91	
-2.012046848643042782000000000000000000000e+92	
-3.659034933288552960000000000000000000000e+91	
1.228757850896242196000000000000000000000e+92	
-1.165058442853742911000000000000000000000e+92	
5.271658382012394639000000000000000000000e+91	
-1.866650455548745644000000000000000000000e+92	
-1.740770148071098945000000000000000000000e+91	
1.466991308091388688000000000000000000000e+92	
-9.268249856585964193000000000000000000000e+91	
7.146179555948370643000000000000000000000e+91	
-1.679198338155148043000000000000000000000e+92	
-3.738096498223621908000000000000000000000e+90	
1.552956550003189071000000000000000000000e+92	
-8.408597437467960370000000000000000000000e+91	
8.600747096206681860000000000000000000000e+91	
-1.533741584129316922000000000000000000000e+92	
1.675376941533376505000000000000000000000e+91	
1.817307521978667550000000000000000000000e+92	
-5.765087717713175580000000000000000000000e+91	
1.073631343950962440000000000000000000000e+92	
-1.320184949799022667000000000000000000000e+92	
3.303252695398796039000000000000000000000e+91	
1.929351304542495771000000000000000000000e+92	
-4.644649892074893365000000000000000000000e+91	
1.217580966470855144000000000000000000000e+92	
-1.176235327279129963000000000000000000000e+92	
5.061648535096965752000000000000000000000e+91	
-1.887651440240288532000000000000000000000e+92	
-2.048972106273776936000000000000000000000e+91	
1.426356787846661391000000000000000000000e+92	
-9.674595059033237164000000000000000000000e+91	
6.641739951979604844000000000000000000000e+91	
-1.729642298552024623000000000000000000000e+92	
-9.762948368969616758000000000000000000000e+90	
1.482908352397176815000000000000000000000e+92	
-9.109079413528082930000000000000000000000e+91	
8.108526821269306876000000000000000000000e+91	
-1.582963611623054420000000000000000000000e+92	
1.391314722595956536000000000000000000000e+91	
1.809706746330724890000000000000000000000e+92	
-5.841095474192602176000000000000000000000e+91	
1.086825660350138935000000000000000000000e+92	
-1.306990633399846173000000000000000000000e+92	
3.643043289404453864000000000000000000000e+91	
-2.029511964809539721000000000000000000000e+92	
-3.578574269365875397000000000000000000000e+91	
1.262302403755604712000000000000000000000e+92	
-1.131513889994380395000000000000000000000e+92	
5.067218022002996732000000000000000000000e+91	
-1.887094491549685434000000000000000000000e+92	
-2.484827712912490900000000000000000000000e+91	
1.338650686129628712000000000000000000000e+92	
-1.055165607620356395400000000000000000000e+92	
6.528361391893726344000000000000000000000e+91	
-1.740980154560612473000000000000000000000e+92	
-3.263709999939986133000000000000000000000e+90	
1.624192988691160533000000000000000000000e+92	
-7.696233050588245745000000000000000000000e+91	
8.875735578648659722000000000000000000000e+91	
-1.506242735885119135000000000000000000000e+92	
1.513207187400108672000000000000000000000e+91	
1.757396478861438323000000000000000000000e+92	
-6.364198148885467844000000000000000000000e+91	
1.030943927745213848200000000000000000000e+92	
-1.362872366004771259000000000000000000000e+92	
3.048529086027386807000000000000000000000e+91	
1.921085431496919621000000000000000000000e+92	
-4.727308622530654870000000000000000000000e+91	
1.172925026837276225000000000000000000000e+92	
-1.220891266912708883000000000000000000000e+92	
4.251369574490311230000000000000000000000e+91	
-1.968679336300953985000000000000000000000e+92	
-3.222789619670562908000000000000000000000e+91	
1.272639273367686263000000000000000000000e+92	
-1.121177020382298844000000000000000000000e+92	
5.704446297863436120000000000000000000000e+91	
-1.823371663963641496000000000000000000000e+92	
-1.314005541984155871000000000000000000000e+91	
1.509065737484347230000000000000000000000e+92	
-8.847505562656378776000000000000000000000e+91	
7.560906533835531770000000000000000000000e+91	
-1.637725640366431930000000000000000000000e+92	
3.490300664624170233000000000000000000000e+89	
1.593226682821547339000000000000000000000e+92	
-8.005896109284377688000000000000000000000e+91	
9.015622744195376915000000000000000000000e+91	
-1.492254019330447416000000000000000000000e+92	
2.102420850561396628000000000000000000000e+91	
1.861228133410347386000000000000000000000e+92	
-5.325881603396377216000000000000000000000e+91	
1.118767570637840963000000000000000000000e+92	
-1.275048723112144145000000000000000000000e+92	
3.766765065095029782000000000000000000000e+91	
-2.017139787240482129000000000000000000000e+92	
-3.650452428622088119000000000000000000000e+91	
1.235564328712372797000000000000000000000e+92	
-1.158251965037612310000000000000000000000e+92	
5.213793576621390436000000000000000000000e+91	
-1.872436936087846064000000000000000000000e+92	
-1.924501865927600129000000000000000000000e+91	
1.436037709048932111000000000000000000000e+92	
-9.577785847010529961000000000000000000000e+91	
6.710901901679322468000000000000000000000e+91	
-1.722726103582052861000000000000000000000e+92	
-9.347663903706533595000000000000000000000e+90	
1.484299221962676644000000000000000000000e+92	
-9.095170717873084636000000000000000000000e+91	
8.180847769541624341000000000000000000000e+91	
-1.575731516795822674000000000000000000000e+92	
1.522018853593904699000000000000000000000e+91	
1.828612572160628397000000000000000000000e+92	
-5.652037215893567106000000000000000000000e+91	
1.111563994813690995000000000000000000000e+92	
-1.282252298936294112000000000000000000000e+92	
3.948722693864610354000000000000000000000e+91	
-1.998944024363524072000000000000000000000e+92	
-3.214627817147368736000000000000000000000e+91	
1.304520853990497991000000000000000000000e+92	
-1.089295439759487117000000000000000000000e+92	
5.370703214623358628000000000000000000000e+91	
-1.856745972287649245000000000000000000000e+92	
-2.299982757207675759000000000000000000000e+91	
1.345277062349996400000000000000000000000e+92	
-1.048539231399988707800000000000000000000e+92	
6.845400433971351399000000000000000000000e+91	
-1.709276250352849968000000000000000000000e+92	
2.413185191996242554000000000000000000000e+90	
1.706014514257358204000000000000000000000e+92	
-6.878017794926269036000000000000000000000e+91	
9.944351892210727517000000000000000000000e+91	
-1.399381104528912356000000000000000000000e+92	
2.832099942342504266000000000000000000000e+91	
1.914300943043496974000000000000000000000e+92	
-4.795153507064881334000000000000000000000e+91	
1.151955181874556005000000000000000000000e+92	
-1.241861111875429103000000000000000000000e+92	
3.899888155708286952000000000000000000000e+91	
-2.003827478179156412000000000000000000000e+92	
-3.715983446802570001000000000000000000000e+91	
1.209155702388387352000000000000000000000e+92	
-1.184660591361597756000000000000000000000e+92	
5.370117223045326643000000000000000000000e+91	
-1.856804571445452443000000000000000000000e+92	
-1.347977534274687482000000000000000000000e+91	
1.535689298706064324000000000000000000000e+92	
-8.581269950439207839000000000000000000000e+91	
8.127200346930914506000000000000000000000e+91	
-1.581096259056893657000000000000000000000e+92	
9.011056913436997422000000000000000000000e+90	
1.709822912955523182000000000000000000000e+92	
-6.839933807944619258000000000000000000000e+91	
9.545856092662273797000000000000000000000e+91	
-1.439230684483757728000000000000000000000e+92	
1.997241627924264878000000000000000000000e+91	
1.787200576467816927000000000000000000000e+92	
-6.066157172821681809000000000000000000000e+91	
1.100055716356021626000000000000000000000e+92	
-1.293760577393963482000000000000000000000e+92	
4.132528260496124594000000000000000000000e+91	
2.068753925346956109000000000000000000000e+92	
-3.250623684030289988000000000000000000000e+91	
1.330806166522545369000000000000000000000e+92	
-1.063010127227439739000000000000000000000e+92	
5.932256604655202940000000000000000000000e+91	
-1.800590633284464814000000000000000000000e+92	
-1.439877755939614276000000000000000000000e+91	
1.461127865650911827000000000000000000000e+92	
-9.326884280990732807000000000000000000000e+91	
7.371059489786332459000000000000000000000e+91	
-1.656710344771351862000000000000000000000e+92	
1.344435463183884708000000000000000000000e+90	
1.632105093275438213000000000000000000000e+92	
-7.617112004745468948000000000000000000000e+91	
8.791973000038058591000000000000000000000e+91	
-1.514618993746179248000000000000000000000e+92	
1.266642046255655494000000000000000000000e+91	
1.716467810651371237000000000000000000000e+92	
-6.773484830986138710000000000000000000000e+91	
1.024495022950774488600000000000000000000e+92	
-1.369321270799210619000000000000000000000e+92	
3.328666077592067143000000000000000000000e+91	
1.983544583679285006000000000000000000000e+92	
-4.102717100707001014000000000000000000000e+91	
1.240776101790350347000000000000000000000e+92	
-1.153040191959634761000000000000000000000e+92	
4.983772717869844130000000000000000000000e+91	
-1.895439021963000695000000000000000000000e+92	
-2.436520902946188930000000000000000000000e+91	
1.356650021658982569000000000000000000000e+92	
-1.037166272091002538400000000000000000000e+92	
6.429522396632503680000000000000000000000e+91	
-1.750864054086734740000000000000000000000e+92	
-7.039035799540558052000000000000000000000e+90	
1.558584241904934380000000000000000000000e+92	
-8.352320518450507272000000000000000000000e+91	
7.941231850655914894000000000000000000000e+91	
-1.599693108684393618000000000000000000000e+92	
3.004257580580334564000000000000000000000e+90	
1.608304414774790346000000000000000000000e+92	
-7.855118789751947616000000000000000000000e+91	
9.408946644267380856000000000000000000000e+91	
-1.452921629323247022000000000000000000000e+92	
2.738170623572925911000000000000000000000e+91	
1.949033633252676742000000000000000000000e+92	
-4.447826604973083655000000000000000000000e+91	
1.230791534272807897000000000000000000000e+92	
-1.163024759477177210000000000000000000000e+92	
5.129068811898181742000000000000000000000e+91	
-1.880909412560166933000000000000000000000e+92	
-2.046205038855714174000000000000000000000e+91	
1.420171391231583882000000000000000000000e+92	
-9.736449025184012255000000000000000000000e+91	
6.545785669753536987000000000000000000000e+91	
-1.739237726774631409000000000000000000000e+92	
-1.106332464572287154000000000000000000000e+91	
1.466497951302748126000000000000000000000e+92	
-9.273183424472369816000000000000000000000e+91	
8.016713257049655224000000000000000000000e+91	
-1.592144968045019585000000000000000000000e+92	
1.371755628480243928000000000000000000000e+91	
1.814972688057918016000000000000000000000e+92	
-5.788436056920670920000000000000000000000e+91	
1.099309859134015431000000000000000000000e+92	
-1.294506434615969677000000000000000000000e+92	
3.840031924875834550000000000000000000000e+91	
2.011014700853853121000000000000000000000e+92	
-3.828015928961319870000000000000000000000e+91	
1.244591529447697599000000000000000000000e+92	
-1.149224764302287509000000000000000000000e+92	
4.785497821021495852000000000000000000000e+91	
-1.915266511647835522000000000000000000000e+92	
-2.871107310052271710000000000000000000000e+91	
1.289571990383292937000000000000000000000e+92	
-1.104244303366692171000000000000000000000e+92	
6.259326856600026170000000000000000000000e+91	
-1.767883608089982491000000000000000000000e+92	
-3.737634721370083366000000000000000000000e+90	
1.641606917382243479000000000000000000000e+92	
-7.522093763677416284000000000000000000000e+91	
9.271296375411260241000000000000000000000e+91	
-1.466686656208859083000000000000000000000e+92	
2.130079299679879912000000000000000000000e+91	
1.841203807691689466000000000000000000000e+92	
-5.526124860582956420000000000000000000000e+91	
1.075964416220585906000000000000000000000e+92	
-1.317851877529399202000000000000000000000e+92	
3.111058596810469760000000000000000000000e+91	
1.888590138529520376000000000000000000000e+92	
-5.052261552204647314000000000000000000000e+91	
1.222447452586037317000000000000000000000e+92	
-1.171368841163947791000000000000000000000e+92	
5.566362843441267451000000000000000000000e+91	
-1.837180009405858362000000000000000000000e+92	
-1.088435311818645153000000000000000000000e+91	
1.567970031090212280000000000000000000000e+92	
-8.258462626597728278000000000000000000000e+91	
8.513241287160026385000000000000000000000e+91	
-1.542492165033982469000000000000000000000e+92	
1.350348778631714283000000000000000000000e+91	
1.761064291023468444000000000000000000000e+92	
-6.327520027265166636000000000000000000000e+91	
9.936595131684072023000000000000000000000e+91	
-1.400156780581577905000000000000000000000e+92	
2.266366478877823253000000000000000000000e+91	
1.801957695101733662000000000000000000000e+92	
-5.918585986482514452000000000000000000000e+91	
1.140508242020145197000000000000000000000e+92	
-1.253308051729839911000000000000000000000e+92	
4.793879709697029973000000000000000000000e+91	
2.160558908112835498000000000000000000000e+92	
-2.332573856371496091000000000000000000000e+91	
1.448268212084930625000000000000000000000e+92	
-9.455480816650544827000000000000000000000e+91	
7.363320001328578053000000000000000000000e+91	
-1.657484293617127302000000000000000000000e+92	
2.475009584134066110000000000000000000000e+90	
1.655484512868593309000000000000000000000e+92	
-7.383317808813917982000000000000000000000e+91	
8.927823973520120232000000000000000000000e+91	
-1.501033896397973084000000000000000000000e+92	
1.304598540466946419000000000000000000000e+91	
1.710478884037504113000000000000000000000e+92	
-6.833374097124809944000000000000000000000e+91	
1.039213945628792712800000000000000000000e+92	
-1.354602348121192395000000000000000000000e+92	
3.682830741012818436000000000000000000000e+91	
2.039648293186367896000000000000000000000e+92	
-3.541680005636172112000000000000000000000e+91	
1.317556759089616778000000000000000000000e+92	
-1.076259534660368330000000000000000000000e+92	
5.958245866292839012000000000000000000000e+91	
-1.797991707120701206000000000000000000000e+92	
-1.255484030373111017000000000000000000000e+91	
1.495399801321849609000000000000000000000e+92	
-8.984164924281354987000000000000000000000e+91	
7.378370737448295154000000000000000000000e+91	
-1.655979220005155592000000000000000000000e+92	
-1.934863932832684563000000000000000000000e+90	
1.565804664460132305000000000000000000000e+92	
-8.280116292898528024000000000000000000000e+91	
8.838729669888240676000000000000000000000e+91	
-1.509943326761161040000000000000000000000e+92	
2.022806449002167698000000000000000000000e+91	
1.862989719283837048000000000000000000000e+92	
-5.308265744661480594000000000000000000000e+91	
1.130247343704695006000000000000000000000e+92	
-1.263568950045290102000000000000000000000e+92	
3.978696303418062284000000000000000000000e+91	
-1.995946663408178879000000000000000000000e+92	
-3.341436022854375534000000000000000000000e+91	
1.276169654418366390000000000000000000000e+92	
-1.117646639331618717000000000000000000000e+92	
5.414012903004548940000000000000000000000e+91	
-1.852415003449530214000000000000000000000e+92	
-1.930014033321373792000000000000000000000e+91	
1.414923581523892637000000000000000000000e+92	
-9.788927122260924706000000000000000000000e+91	
6.850206501388115834000000000000000000000e+91	
-1.708795643611173524000000000000000000000e+92	
-4.451903212969138450000000000000000000000e+90	
1.568266543926724072000000000000000000000e+92	
-8.255497498232610356000000000000000000000e+91	
8.278740320338116360000000000000000000000e+91	
-1.565942261716173472000000000000000000000e+92	
8.784998958293294226000000000000000000000e+90	
1.690156423184440592000000000000000000000e+92	
-7.036598705655445150000000000000000000000e+91	
9.717687349790519074000000000000000000000e+91	
-1.422047558770933200000000000000000000000e+92	
2.537385651255984844000000000000000000000e+91	
1.878027925684436558000000000000000000000e+92	
-5.157883680655485494000000000000000000000e+91	
1.112880919639354396000000000000000000000e+92	
-1.280935374110630711000000000000000000000e+92	
3.481147025485936034000000000000000000000e+91	
-2.045701591201391504000000000000000000000e+92	
-4.162709150942104846000000000000000000000e+91	
1.161686067284582717000000000000000000000e+92	
-1.232130226465402391000000000000000000000e+92	
4.955234240423437956000000000000000000000e+91	
-1.898292869707641312000000000000000000000e+92	
-1.703076915662191304000000000000000000000e+91	
1.506154745453991638000000000000000000000e+92	
-8.876615482959934700000000000000000000000e+91	
7.891578925716142740000000000000000000000e+91	
-1.604658401178370834000000000000000000000e+92	
7.251786586734886594000000000000000000000e+90	
1.698196677746025008000000000000000000000e+92	
-6.956196160039600994000000000000000000000e+91	
9.304414730922777021000000000000000000000e+91	
-1.463374820657707406000000000000000000000e+92	
1.630683554090676349000000000000000000000e+91	
1.738039324529742695000000000000000000000e+92	
-6.557769692202424122000000000000000000000e+91	
1.077416659645647547000000000000000000000e+92	
-1.316399634104337561000000000000000000000e+92	
4.171227653269144070000000000000000000000e+91	
2.099119667940744520000000000000000000000e+92	
-2.946966258092405872000000000000000000000e+91	
1.387654526327197303000000000000000000000e+92	
-1.006161767422787804700000000000000000000e+92	
6.765434579377111992000000000000000000000e+91	
-1.717272835812273908000000000000000000000e+92	
-3.421371343852189308000000000000000000000e+90	
1.597345026061077365000000000000000000000e+92	
-7.964712676889077427000000000000000000000e+91	
8.354668227781703074000000000000000000000e+91	
-1.558349470971814800000000000000000000000e+92	
7.396778167201678020000000000000000000000e+90	
1.654809904031540709000000000000000000000e+92	
-7.390063897184443986000000000000000000000e+91	
9.818787287854378650000000000000000000000e+91	
-1.411937564964547243000000000000000000000e+92	
3.092824496527980208000000000000000000000e+91	
1.978983089952335429000000000000000000000e+92	
-4.148332037976496782000000000000000000000e+91	
1.255227805477139102000000000000000000000e+92	
-1.138588488272846006000000000000000000000e+92	
5.318327106331933744000000000000000000000e+91	
-1.861983583116791733000000000000000000000e+92	
-1.912023738342485331000000000000000000000e+91	
1.428084562894969758000000000000000000000e+92	
-9.657317308550153499000000000000000000000e+91	
6.741270924441796423000000000000000000000e+91	
-1.719689201305805465000000000000000000000e+92	
-7.945515772278553998000000000000000000000e+90	
1.509299815644750897000000000000000000000e+92	
-8.845164781052342108000000000000000000000e+91	
8.198247851302766700000000000000000000000e+91	
-1.573991508619708438000000000000000000000e+92	
1.306928840717449683000000000000000000000e+91	
1.783866131690401674000000000000000000000e+92	
-6.099501620595834336000000000000000000000e+91	
1.043591679683905946500000000000000000000e+92	
-1.350224614066079161000000000000000000000e+92	
3.036856383648513706000000000000000000000e+91	
1.906110014372830945000000000000000000000e+92	
-4.877062793771541624000000000000000000000e+91	
1.187181646684456366000000000000000000000e+92	
-1.206634647065528742000000000000000000000e+92	
4.686110664267335162000000000000000000000e+91	
-1.925205227323251591000000000000000000000e+92	
-2.496019044595860649000000000000000000000e+91	
1.374504746040556571000000000000000000000e+92	
-1.019311547709428536400000000000000000000e+92	
6.104231635596925670000000000000000000000e+91	
-1.783393130190292540000000000000000000000e+92	
-1.532781601937496809000000000000000000000e+91	
1.425362775523435768000000000000000000000e+92	
-9.684535182265493393000000000000000000000e+91	
7.573976833213809199000000000000000000000e+91	
-1.636418610428604188000000000000000000000e+92	
8.976501577363923702000000000000000000000e+90	
1.764426797428889676000000000000000000000e+92	
-6.293894963210954310000000000000000000000e+91	
1.045630185309574570800000000000000000000e+92	
-1.348186108440410537000000000000000000000e+92	
3.271912950504201965000000000000000000000e+91	
1.951072138610503790000000000000000000000e+92	
-4.427441551394813176000000000000000000000e+91	
1.186690887149599053000000000000000000000e+92	
-1.207125406600386054000000000000000000000e+92	
4.226900435516889581000000000000000000000e+91	
-1.971126250198296150000000000000000000000e+92	
-3.409305814999335592000000000000000000000e+91	
1.237791012757934157000000000000000000000e+92	
-1.156025280992050951000000000000000000000e+92	
5.699081828104190742000000000000000000000e+91	
-1.823908110939566033000000000000000000000e+92	
-9.764226342205067268000000000000000000000e+90	
1.577101698629578938000000000000000000000e+92	
-8.167145951204061691000000000000000000000e+91	
8.583872260081137266000000000000000000000e+91	
-1.535429067741871381000000000000000000000e+92	
1.400304343686336120000000000000000000000e+91	
1.763993335690559922000000000000000000000e+92	
-6.298229580594251853000000000000000000000e+91	
9.996907217110903858000000000000000000000e+91	
-1.394125572038894722000000000000000000000e+92	
2.357684764592810144000000000000000000000e+91	
1.814188600623594723000000000000000000000e+92	
-5.796276931263903846000000000000000000000e+91	
1.146166399938655232000000000000000000000e+92	
-1.247649893811329876000000000000000000000e+92	
4.784766523290759176000000000000000000000e+91	
-1.915339641420909190000000000000000000000e+92	
-1.888808076563020166000000000000000000000e+91	
1.486056044599396427000000000000000000000e+92	
-9.077602491505886806000000000000000000000e+91	
7.675343661867751728000000000000000000000e+91	
-1.626281927563209935000000000000000000000e+92	
4.937027280868764182000000000000000000000e+90	
1.673525776492305214000000000000000000000e+92	
-7.202905172576798939000000000000000000000e+91	
9.089376780402473538000000000000000000000e+91	
-1.484878615709737754000000000000000000000e+92	
1.447300903922519054000000000000000000000e+91	
1.722865014166075370000000000000000000000e+92	
-6.709512795839097374000000000000000000000e+91	
1.055569299504620385800000000000000000000e+92	
-1.338246994245364722000000000000000000000e+92	
3.886056763698940777000000000000000000000e+91	
2.063936169476362463000000000000000000000e+92	
-3.298801242736226442000000000000000000000e+91	
1.345807936012172434000000000000000000000e+92	
-1.048008357737812673300000000000000000000e+92	
6.280370917776717446000000000000000000000e+91	
-1.765779201972313363000000000000000000000e+92	
-8.937654108821714238000000000000000000000e+90	
1.535529049627638090000000000000000000000e+92	
-8.582872441223470172000000000000000000000e+91	
7.695401618715530116000000000000000000000e+91	
-1.624276131878432096000000000000000000000e+92	
3.932482047128258974000000000000000000000e+89	
1.580668010425181761000000000000000000000e+92	
-8.131482833248033468000000000000000000000e+91	
9.165245103958579681000000000000000000000e+91	
-1.477291783354127140000000000000000000000e+92	
2.527115331378415592000000000000000000000e+91	
1.931191104146317740000000000000000000000e+92	
-4.626251896036673682000000000000000000000e+91	
1.216210381389763816000000000000000000000e+92	
-1.177605912360221292000000000000000000000e+92	
5.015854814484700556000000000000000000000e+91	
-1.892230812301515052000000000000000000000e+92	
-2.126837727590879172000000000000000000000e+91	
1.415364631759388341000000000000000000000e+92	
-9.784516619905967664000000000000000000000e+91	
6.499778404757111745000000000000000000000e+91	
-1.743838453274273933000000000000000000000e+92	
-1.150280425202754996000000000000000000000e+91	
1.462308983191369958000000000000000000000e+92	
-9.315073105586151498000000000000000000000e+91	
7.970525658696888032000000000000000000000e+91	
-1.596763727880296304000000000000000000000e+92	
1.321272251823095981000000000000000000000e+91	
1.809494986348777954000000000000000000000e+92	
-5.843213074012071541000000000000000000000e+91	
1.093403007062068216000000000000000000000e+92	
-1.300413286687916891000000000000000000000e+92	
3.776674036271051965000000000000000000000e+91	
-2.016148890122879911000000000000000000000e+92	
-3.377120013128634353000000000000000000000e+91	
1.289226804959369156000000000000000000000e+92	
-1.104589488790615952000000000000000000000e+92	
5.227309676406609192000000000000000000000e+91	
-1.871085326109324188000000000000000000000e+92	
-2.433834094539616990000000000000000000000e+91	
1.332845673820760946000000000000000000000e+92	
-1.060970619929224161000000000000000000000e+92	
6.701077187807191227000000000000000000000e+91	
-1.723708574969265985000000000000000000000e+92	
7.699587017635543982000000000000000000000e+89	
1.687583304374812174000000000000000000000e+92	
-7.062329893751729340000000000000000000000e+91	
9.740060291686679413000000000000000000000e+91	
-1.419810264581317166000000000000000000000e+92	
2.607838783272624957000000000000000000000e+91	
1.889878865102362062000000000000000000000e+92	
-5.039374286476230452000000000000000000000e+91	
1.125538135225118817000000000000000000000e+92	
-1.268278158524866291000000000000000000000e+92	
3.615777930445874005000000000000000000000e+91	
-2.032238500705397707000000000000000000000e+92	
-4.020023507459044190000000000000000000000e+91	
1.176759704626877662000000000000000000000e+92	
-1.217056589123107446000000000000000000000e+92	
5.088735644950803218000000000000000000000e+91	
-1.884942729254904786000000000000000000000e+92	
-1.586801902743002344000000000000000000000e+91	
1.516060464886970497000000000000000000000e+92	
-8.777558288630146103000000000000000000000e+91	
7.973426870208791066000000000000000000000e+91	
-1.596473606729106001000000000000000000000e+92	
7.898259178168657440000000000000000000000e+90	
1.702942191147994999000000000000000000000e+92	
-6.908741026019901084000000000000000000000e+91	
9.387288767589286130000000000000000000000e+91	
-1.455087416991056495000000000000000000000e+92	
1.748958866560009520000000000000000000000e+91	
1.753405221549790931000000000000000000000e+92	
-6.404110722001941770000000000000000000000e+91	
1.085276244082055667000000000000000000000e+92	
-1.308540049667929440000000000000000000000e+92	
4.174797728290371215000000000000000000000e+91	
2.091977832298824781000000000000000000000e+92	
-3.018384614511603265000000000000000000000e+91	
1.373017579473291194000000000000000000000e+92	
-1.020798714276693913800000000000000000000e+92	
6.544151299466131145000000000000000000000e+91	
-1.739401163803371993000000000000000000000e+92	
-6.382969434835609556000000000000000000000e+90	
1.560245118595549544000000000000000000000e+92	
-8.335711751544355636000000000000000000000e+91	
7.959804597828219350000000000000000000000e+91	
-1.597835833967163173000000000000000000000e+92	
3.209615080869402868000000000000000000000e+90	
1.610554192371028452000000000000000000000e+92	
-7.832621013789566552000000000000000000000e+91	
9.427263319981411670000000000000000000000e+91	
-1.451089961751843941000000000000000000000e+92	
2.752308279837170139000000000000000000000e+91	
1.950029704910424270000000000000000000000e+92	
-4.437865888395608372000000000000000000000e+91	
1.231370119834677221000000000000000000000e+92	
-1.162446173915307887000000000000000000000e+92	
5.130681884251567236000000000000000000000e+91	
-1.880748105324828384000000000000000000000e+92	
-2.048762673108168091000000000000000000000e+91	
1.419498764708353179000000000000000000000e+92	
-9.743175290416319284000000000000000000000e+91	
6.547887426953646023000000000000000000000e+91	
-1.739027551054620505000000000000000000000e+92	
-1.095407078361429073000000000000000000000e+91	
1.468472413701389444000000000000000000000e+92	
-9.253438800485956639000000000000000000000e+91	
8.017773707996105036000000000000000000000e+91	
-1.592038922950374604000000000000000000000e+92	
1.354141204896238693000000000000000000000e+91	
1.811344687634666393000000000000000000000e+92	
-5.824716061153187147000000000000000000000e+91	
1.093816229571581114000000000000000000000e+92	
-1.300000064178403994000000000000000000000e+92	
3.766448622493381172000000000000000000000e+91	
-2.017171431500646990000000000000000000000e+92	
-3.401695920445924889000000000000000000000e+91	
1.285334879051396309000000000000000000000e+92	
-1.108481414698588799000000000000000000000e+92	
5.184163611973019048000000000000000000000e+91	
-1.875399932552683203000000000000000000000e+92	
-2.481204860782547399000000000000000000000e+91	
1.327686337265299260000000000000000000000e+92	
-1.066129956484685848000000000000000000000e+92	
6.658486510955102212000000000000000000000e+91	
-1.727967642654474886000000000000000000000e+92	
4.340340167937479330000000000000000000000e+89	
1.685123430548854271000000000000000000000e+92	
-7.086928632011308362000000000000000000000e+91	
9.724450807775425348000000000000000000000e+91	
-1.421371212972442573000000000000000000000e+92	
2.601214080048114498000000000000000000000e+91	
1.890114425705067350000000000000000000000e+92	
-5.037018680449177576000000000000000000000e+91	
1.126671279831990780000000000000000000000e+92	
-1.267145013917994328000000000000000000000e+92	
3.636080749570547459000000000000000000000e+91	
-2.030208218792930362000000000000000000000e+92	
-3.990753780041054879000000000000000000000e+91	
1.180582921943941585000000000000000000000e+92	
-1.213233371806043523000000000000000000000e+92	
5.107955754808439011000000000000000000000e+91	
-1.883020718269141206000000000000000000000e+92	
-1.586584394508454639000000000000000000000e+91	
1.514182901246229621000000000000000000000e+92	
-8.796333925037554868000000000000000000000e+91	
7.935667541434127192000000000000000000000e+91	
-1.600249539606572388000000000000000000000e+92	
7.330923442455539670000000000000000000000e+90	
1.695372353598085105000000000000000000000e+92	
-6.984439401519000024000000000000000000000e+91	
9.351813470028622141000000000000000000000e+91	
-1.458634946747122894000000000000000000000e+92	
1.753686629210897647000000000000000000000e+91	
1.757896303059565359000000000000000000000e+92	
-6.359199906904197488000000000000000000000e+91	
1.081260338651352118000000000000000000000e+92	
-1.312555955098632989000000000000000000000e+92	
4.049611141105207504000000000000000000000e+91	
2.070960651838208755000000000000000000000e+92	
-3.228556419117763525000000000000000000000e+91	
1.343506106710385480000000000000000000000e+92	
-1.050310187039599628100000000000000000000e+92	
6.164135922163712388000000000000000000000e+91	
-1.777402701533613869000000000000000000000e+92	
-1.103170718147885484000000000000000000000e+91	
1.505276124521311206000000000000000000000e+92	
-8.885401692286739020000000000000000000000e+91	
7.590288761489705318000000000000000000000e+91	
-1.634787417601014576000000000000000000000e+92	
1.315301093192943926000000000000000000000e+90	
1.609610534030479380000000000000000000000e+92	
-7.842057597195057272000000000000000000000e+91	
9.037051157659836120000000000000000000000e+91	
-1.490111177984001496000000000000000000000e+92	
1.981510038307905864000000000000000000000e+91	
1.834910213376780844000000000000000000000e+92	
-5.589060803732042634000000000000000000000e+91	
1.078229892034272539000000000000000000000e+92	
-1.315586401715712569000000000000000000000e+92	
3.219261460505428736000000000000000000000e+91	
1.907960978001891354000000000000000000000e+92	
-4.858553157480937537000000000000000000000e+91	
1.223703039248204591000000000000000000000e+92	
-1.170113254501780517000000000000000000000e+92	
5.397856335723782256000000000000000000000e+91	
-1.854030660177606882000000000000000000000e+92	
-1.437914084979030003000000000000000000000e+91	
1.514933933635081203000000000000000000000e+92	
-8.788823601149039043000000000000000000000e+91	
7.802088130447794938000000000000000000000e+91	
-1.613607480705205614000000000000000000000e+92	
4.584934141888975396000000000000000000000e+90	
1.653817526771425529000000000000000000000e+92	
-7.399987669785595788000000000000000000000e+91	
9.235011062066189356000000000000000000000e+91	
-1.470315187543366172000000000000000000000e+92	
1.935481405386017177000000000000000000000e+91	
1.805920638873303637000000000000000000000e+92	
-5.878956548766814702000000000000000000000e+91	
1.066081589538107889000000000000000000000e+92	
-1.327734704211877219000000000000000000000e+92	
3.266107342045052144000000000000000000000e+91	
1.929470079619925786000000000000000000000e+92	
-4.643462141300593219000000000000000000000e+91	
1.209590015802552064000000000000000000000e+92	
-1.184226277947433044000000000000000000000e+92	
4.900682130442590338000000000000000000000e+91	
-1.903748080705726074000000000000000000000e+92	
-2.290955069499124847000000000000000000000e+91	
1.394060867599504135000000000000000000000e+92	
-9.997554261504809726000000000000000000000e+91	
6.319632756756693438000000000000000000000e+91	
-1.761853018074315764000000000000000000000e+92	
-1.297550448887701606000000000000000000000e+91	
1.450867907140772083000000000000000000000e+92	
-9.429483866092130242000000000000000000000e+91	
7.786753692520720256000000000000000000000e+91	
-1.615140924497913082000000000000000000000e+92	
1.068173598808770789000000000000000000000e+91	
1.777255902528841707000000000000000000000e+92	
-6.165603912211434003000000000000000000000e+91	
1.054238153171904236100000000000000000000e+92	
-1.339578140578080872000000000000000000000e+92	
3.315802263988082884000000000000000000000e+91	
1.951244133123168354000000000000000000000e+92	
-4.425721606268167537000000000000000000000e+91	
1.195783796824133680000000000000000000000e+92	
-1.198032496925851428000000000000000000000e+92	
4.406994287367210039000000000000000000000e+91	
-1.953116865013264104000000000000000000000e+92	
-3.140091582463067759000000000000000000000e+91	
1.273620038846625248000000000000000000000e+92	
-1.120196254903359860000000000000000000000e+92	
5.868444087217442805000000000000000000000e+91	
-1.806971885028240827000000000000000000000e+92	
-9.958943535159056574000000000000000000000e+90	
1.556280526516435640000000000000000000000e+92	
-8.375357672335494670000000000000000000000e+91	
8.187014466917187848000000000000000000000e+91	
-1.575114847058266323000000000000000000000e+92	
8.148943615475540712000000000000000000000e+90	
1.686606502212710586000000000000000000000e+92	
-7.072097915372745219000000000000000000000e+91	
9.622775625840495255000000000000000000000e+91	
-1.431538731165935582000000000000000000000e+92	
2.383090980762826238000000000000000000000e+91	
1.856663119278278508000000000000000000000e+92	
-5.371531744717065992000000000000000000000e+91	
1.104101435102411112000000000000000000000e+92	
-1.289714858647573995000000000000000000000e+92	
3.519142765726167660000000000000000000000e+91	
1.942063647285270884000000000000000000000e+92	
-4.517526464647142231000000000000000000000e+91	
1.249055209872264756000000000000000000000e+92	
-1.144761083877720352000000000000000000000e+92	
5.563916603777028526000000000000000000000e+91	
-1.837424633372282255000000000000000000000e+92	
-1.359271728379935388000000000000000000000e+91	
1.514060728656709862000000000000000000000e+92	
-8.797555650932752453000000000000000000000e+91	
7.706025157701557545000000000000000000000e+91	
-1.623213777979829353000000000000000000000e+92	
2.751429802601234922000000000000000000000e+90	
1.626758081275340676000000000000000000000e+92	
-7.670582124746444316000000000000000000000e+91	
9.149350664404339895000000000000000000000e+91	
-1.478881227309551118000000000000000000000e+92	
2.034663029315331840000000000000000000000e+91	
1.834313804434888247000000000000000000000e+92	
-5.595024893150968610000000000000000000000e+91	
1.071724717115918005000000000000000000000e+92	
-1.322091576634067103000000000000000000000e+92	
3.095151457577277981000000000000000000000e+91	
1.889647091473175050000000000000000000000e+92	
-5.041692022768100580000000000000000000000e+91	
1.217901704840879606000000000000000000000e+92	
-1.175914588909105502000000000000000000000e+92	
5.464906241933491764000000000000000000000e+91	
-1.847325669556635931000000000000000000000e+92	
-1.245863168427079168000000000000000000000e+91	
1.546632905427908688000000000000000000000e+92	
-8.471833883220764190000000000000000000000e+91	
8.243954471745873979000000000000000000000e+91	
-1.569420846575397710000000000000000000000e+92	
1.025174231794249389000000000000000000000e+91	
1.722960844549293087000000000000000000000e+92	
-6.708554492006920202000000000000000000000e+91	
9.661591950222605350000000000000000000000e+91	
-1.427657098727724573000000000000000000000e+92	
2.097341812351254802000000000000000000000e+91	
1.795647805734137934000000000000000000000e+92	
-5.981684880158471735000000000000000000000e+91	
1.111797717369003364000000000000000000000e+92	
-1.282018576380981744000000000000000000000e+92	
4.282879591077626326000000000000000000000e+91	
-1.965528334642222475000000000000000000000e+92	
-2.548816384208862630000000000000000000000e+91	
1.404250945481740432000000000000000000000e+92	
-9.895653482682446755000000000000000000000e+91	
6.699328639900041810000000000000000000000e+91	
-1.723883429759980927000000000000000000000e+92	
-6.401977110753382890000000000000000000000e+90	
1.544355048303952593000000000000000000000e+92	
-8.494612454460325145000000000000000000000e+91	
8.133259586874747183000000000000000000000e+91	
-1.580490335062510389000000000000000000000e+92	
8.266067864015747469000000000000000000000e+90	
1.694321217091421506000000000000000000000e+92	
-6.994950766585636018000000000000000000000e+91	
9.561388230013935071000000000000000000000e+91	
-1.437677470748591600000000000000000000000e+92	
2.183237984491446150000000000000000000000e+91	
1.822838150592415138000000000000000000000e+92	
-5.709781431575699698000000000000000000000e+91	
1.099600604670305226000000000000000000000e+92	
-1.294215689079679882000000000000000000000e+92	
3.767229907176884690000000000000000000000e+91	
-2.017093303032296639000000000000000000000e+92	
-3.457948703919520169000000000000000000000e+91	
1.274009032289706647000000000000000000000e+92	
-1.119807261460278461000000000000000000000e+92	
5.191656309403380556000000000000000000000e+91	
-1.874650662809647052000000000000000000000e+92	
-2.353021092260090193000000000000000000000e+91	
1.352567814821921020000000000000000000000e+92	
-1.041248478928064087300000000000000000000e+92	
6.651764705940648651000000000000000000000e+91	
-1.728639823155920242000000000000000000000e+92	
-2.187278116122025288000000000000000000000e+90	
1.633382079293384153000000000000000000000e+92	
-7.604342144566009546000000000000000000000e+91	
8.951882041713542361000000000000000000000e+91	
-1.498628089578630872000000000000000000000e+92	
1.573617043008426476000000000000000000000e+91	
1.761864586836745263000000000000000000000e+92	
-6.319517069132398444000000000000000000000e+91	
1.038733514992227036600000000000000000000e+92	
-1.355082778757758071000000000000000000000e+92	
3.159623221284923794000000000000000000000e+91	
1.935513019131089226000000000000000000000e+92	
-4.583032746188958813000000000000000000000e+91	
1.180313393800160521000000000000000000000e+92	
-1.213502899949824587000000000000000000000e+92	
4.254896069334246908000000000000000000000e+91	
-1.968326686816560417000000000000000000000e+92	
-3.289585285117839082000000000000000000000e+91	
1.258930990500648089000000000000000000000e+92	
-1.134885303249337018000000000000000000000e+92	
5.716244409210454721000000000000000000000e+91	
-1.822191852828939636000000000000000000000e+92	
-1.153400583855443001000000000000000000000e+91	
1.539999512339199339000000000000000000000e+92	
-8.538167814107857688000000000000000000000e+91	
8.018903053297421742000000000000000000000e+91	
-1.591925988420242933000000000000000000000e+92	
6.414843143521838376000000000000000000000e+90	
1.668735897831493791000000000000000000000e+92	
-7.250803959184913168000000000000000000000e+91	
9.455514481694371293000000000000000000000e+91	
-1.448264845580547978000000000000000000000e+92	
2.227269040525801364000000000000000000000e+91	
1.842224276353250185000000000000000000000e+92	
-5.515920173967349226000000000000000000000e+91	
1.087263241668519788000000000000000000000e+92	
-1.306553052081465319000000000000000000000e+92	
3.326779267091230201000000000000000000000e+91	
1.920430334477181030000000000000000000000e+92	
-4.733859592728040774000000000000000000000e+91	
1.232521963420168265000000000000000000000e+92	
-1.161294330329816842000000000000000000000e+92	
5.449559421432817716000000000000000000000e+91	
-1.848860351606703336000000000000000000000e+92	
-1.422678997299076062000000000000000000000e+91	
1.512812457494655510000000000000000000000e+92	
-8.810038362553295977000000000000000000000e+91	
7.744441659872064541000000000000000000000e+91	
-1.619372127762778654000000000000000000000e+92	
3.644333653267732252000000000000000000000e+90	
1.640771976242766884000000000000000000000e+92	
-7.530443175072182240000000000000000000000e+91	
9.181727910057706736000000000000000000000e+91	
-1.475643502744214434000000000000000000000e+92	
1.959332200467710951000000000000000000000e+91	
1.816015274383049558000000000000000000000e+92	
-5.778010193669355495000000000000000000000e+91	
1.059852651853803485000000000000000000000e+92	
-1.333963641896181623000000000000000000000e+92	
3.040663470413558953000000000000000000000e+91	
1.890618362650226638000000000000000000000e+92	
-5.031979310997584692000000000000000000000e+91	
1.205289677961499313000000000000000000000e+92	
-1.188526615788485794000000000000000000000e+92	
5.203020592263044092000000000000000000000e+91	
-1.873514234523680698000000000000000000000e+92	
-1.643446632928684808000000000000000000000e+91	
1.493311530736637499000000000000000000000e+92	
-9.005047630133476089000000000000000000000e+91	
7.575177941233404419000000000000000000000e+91	
-1.636298499626644666000000000000000000000e+92	
2.209023829013938180000000000000000000000e+90	
1.628990870986379280000000000000000000000e+92	
-7.648254227636058280000000000000000000000e+91	
9.009663863701625688000000000000000000000e+91	
-1.492849907379822539000000000000000000000e+92	
1.733042160282320762000000000000000000000e+91	
1.787966369634168886000000000000000000000e+92	
-6.058499241158162216000000000000000000000e+91	
1.043307644060013393400000000000000000000e+92	
-1.350508649689971714000000000000000000000e+92	
2.990195110846622672000000000000000000000e+91	
1.897063976261842136000000000000000000000e+92	
-4.967523174881429712000000000000000000000e+91	
1.187413732119028234000000000000000000000e+92	
-1.206402561630956873000000000000000000000e+92	
4.781166579844167309000000000000000000000e+91	
-1.915699635765568377000000000000000000000e+92	
-2.308274219032990598000000000000000000000e+91	
1.402543506767737850000000000000000000000e+92	
-9.912727869822472581000000000000000000000e+91	
6.424765907882426734000000000000000000000e+91	
-1.751339702961742434000000000000000000000e+92	
-1.172120644336943410000000000000000000000e+91	
1.465439542839458523000000000000000000000e+92	
-9.283767509105265843000000000000000000000e+91	
7.889356336341051498000000000000000000000e+91	
-1.604880660115879958000000000000000000000e+92	
1.127683985765238612000000000000000000000e+91	
1.778899860100559081000000000000000000000e+92	
-6.149164336494260270000000000000000000000e+91	
1.051577173114869709500000000000000000000e+92	
-1.342239120635115398000000000000000000000e+92	
3.246164511414505644000000000000000000000e+91	
1.939979704027699103000000000000000000000e+92	
-4.538365897222860044000000000000000000000e+91	
1.193632810039944015000000000000000000000e+92	
-1.200183483710041092000000000000000000000e+92	
4.476573487978933581000000000000000000000e+91	
-1.946158944952091750000000000000000000000e+92	
-2.979468645485353800000000000000000000000e+91	
1.298782175228264405000000000000000000000e+92	
-1.095034118521720702000000000000000000000e+92	
5.927214335958729034000000000000000000000e+91	
-1.801094860154112204000000000000000000000e+92	
-1.129879244077915519000000000000000000000e+91	
1.523616116330681106000000000000000000000e+92	
-8.702001774193040018000000000000000000000e+91	
7.667807034031596878000000000000000000000e+91	
-1.627035590346825420000000000000000000000e+92	
1.032194301849000305000000000000000000000e+90	
1.596201837714559847000000000000000000000e+92	
-7.976144560354252606000000000000000000000e+91	
9.126920158083394014000000000000000000000e+91	
-1.481124277941645706000000000000000000000e+92	
2.295223546663848489000000000000000000000e+91	
1.888654874987363734000000000000000000000e+92	
-5.051614187626213740000000000000000000000e+91	
1.154336729945622466000000000000000000000e+92	
-1.239479563804362642000000000000000000000e+92	
4.203840313297063118000000000000000000000e+91	
-1.973432262420278796000000000000000000000e+92	
-3.132034027312687880000000000000000000000e+91	
1.295536435968018348000000000000000000000e+92	
-1.098279857781966759000000000000000000000e+92	
5.640706067989708850000000000000000000000e+91	
-1.829745686951014223000000000000000000000e+92	
-1.670311954497453415000000000000000000000e+91	
1.444193038043122554000000000000000000000e+92	
-9.496232557068625541000000000000000000000e+91	
7.072709127782519367000000000000000000000e+91	
-1.686545380971733171000000000000000000000e+92	
-2.928447014393314365000000000000000000000e+90	
1.576488896746442277000000000000000000000e+92	
-8.173273970035428310000000000000000000000e+91	
8.509199884440242008000000000000000000000e+91	
-1.542896305305960907000000000000000000000e+92	
1.257121723548643338000000000000000000000e+91	
1.742827458760723761000000000000000000000e+92	
-6.509888349892613465000000000000000000000e+91	
9.930398643675624418000000000000000000000e+91	
-1.400776429382422666000000000000000000000e+92	
2.436254150455784370000000000000000000000e+91	
1.836546115078216024000000000000000000000e+92	
-5.572701786717690837000000000000000000000e+91	
1.137817055102674729000000000000000000000e+92	
-1.255999238647310378000000000000000000000e+92	
4.394357300146780956000000000000000000000e+91	
-1.954380563735307012000000000000000000000e+92	
-2.585980332421970434000000000000000000000e+91	
1.385677782347444315000000000000000000000e+92	
-1.008138511402540792100000000000000000000e+92	
6.365103262765098986000000000000000000000e+91	
-1.757305967473475209000000000000000000000e+92	
-1.122842933460621707000000000000000000000e+91	
1.481255927916763065000000000000000000000e+92	
-9.125603658332220426000000000000000000000e+91	
7.816952700844935724000000000000000000000e+91	
-1.612121023665491535000000000000000000000e+92	
8.248276099916567070000000000000000000000e+90	
1.725580417384085633000000000000000000000e+92	
-6.682358763658994742000000000000000000000e+91	
9.752353884402166186000000000000000000000e+91	
-1.418580905309768489000000000000000000000e+92	
2.252637819846992376000000000000000000000e+91	
1.817627602162914807000000000000000000000e+92	
-5.761886915870703006000000000000000000000e+91	
1.120102157682492091000000000000000000000e+92	
-1.273714136067493016000000000000000000000e+92	
4.229238490890535445000000000000000000000e+91	
-1.970892444660931563000000000000000000000e+92	
-2.739074963757221861000000000000000000000e+91	
1.371570138601516106000000000000000000000e+92	
-1.022246155148469001300000000000000000000e+92	
6.236039038114826909000000000000000000000e+91	
-1.770212389938502417000000000000000000000e+92	
-1.239900923392262696000000000000000000000e+91	
1.470750154883934297000000000000000000000e+92	
-9.230661388660508103000000000000000000000e+91	
7.686649450683945373000000000000000000000e+91	
-1.625151348681590570000000000000000000000e+92	
6.692914038778697764000000000000000000000e+90	
1.707504756940154505000000000000000000000e+92	
-6.863115368098306025000000000000000000000e+91	
9.546389433015083716000000000000000000000e+91	
-1.439177350448476736000000000000000000000e+92	
2.021478066643470261000000000000000000000e+91	
1.791993350549721393000000000000000000000e+92	
-6.018229432002637144000000000000000000000e+91	
1.099830011453516549000000000000000000000e+92	
-1.293986282296468558000000000000000000000e+92	
4.080111396976162354000000000000000000000e+91	
-1.985805154052368872000000000000000000000e+92	
-2.834634361482507450000000000000000000000e+91	
1.367368302556654930000000000000000000000e+92	
-1.026447991193330177500000000000000000000e+92	
6.247535069297756300000000000000000000000e+91	
-1.769062786820209478000000000000000000000e+92	
-1.174917132962249762000000000000000000000e+91	
1.482594647938606544000000000000000000000e+92	
-9.112216458113785638000000000000000000000e+91	
7.691834888812287376000000000000000000000e+91	
-1.624632804868756370000000000000000000000e+92	
5.612737151794671884000000000000000000000e+90	
1.685388309141669958000000000000000000000e+92	
-7.084279846083151494000000000000000000000e+91	
9.212134475246724548000000000000000000000e+91	
-1.472602846225312653000000000000000000000e+92	
1.574188910571104100000000000000000000000e+91	
1.735966640459086927000000000000000000000e+92	
-6.578496532908981808000000000000000000000e+91	
1.067779907238393569000000000000000000000e+92	
-1.326036386511591539000000000000000000000e+92	
3.999257089755897158000000000000000000000e+91	
2.074366070164460769000000000000000000000e+92	
-3.194502235855243383000000000000000000000e+91	
1.355348147772582138000000000000000000000e+92	
-1.038468145977402969400000000000000000000e+92	
6.366880573798392284000000000000000000000e+91	
-1.757128236370145879000000000000000000000e+92	
-8.161437909519755320000000000000000000000e+90	
1.542402850340362057000000000000000000000e+92	
-8.514134434096230509000000000000000000000e+91	
7.782840688067566038000000000000000000000e+91	
-1.615532224943228504000000000000000000000e+92	
1.454556451334034316000000000000000000000e+90	
1.593149338194105639000000000000000000000e+92	
-8.006669555558794683000000000000000000000e+91	
9.250366406632819896000000000000000000000e+91	
-1.468779653086703118000000000000000000000e+92	
2.572564412451762310000000000000000000000e+91	
1.931770764451910021000000000000000000000e+92	
-4.620455292980750864000000000000000000000e+91	
1.212826767269386341000000000000000000000e+92	
-1.180989526480598767000000000000000000000e+92	
4.942405652958091940000000000000000000000e+91	
-1.899575728454175914000000000000000000000e+92	
-2.239880195319416778000000000000000000000e+91	
1.400103024797324350000000000000000000000e+92	
-9.937132689526607581000000000000000000000e+91	
6.360199442871424288000000000000000000000e+91	
-1.757796349462842679000000000000000000000e+92	
-1.276828767500967376000000000000000000000e+91	
1.450956562428441388000000000000000000000e+92	
-9.428597313215437197000000000000000000000e+91	
7.829601285996864872000000000000000000000e+91	
-1.610856165150298620000000000000000000000e+92	
1.152961350229599473000000000000000000000e+91	
1.789926606239178602000000000000000000000e+92	
-6.038896875108065054000000000000000000000e+91	
1.071098699263026135000000000000000000000e+92	
-1.322717594486958972000000000000000000000e+92	
3.526285297214739379000000000000000000000e+91	
1.976478109565848124000000000000000000000e+92	
-4.173381841841369841000000000000000000000e+91	
1.212128743703187073000000000000000000000e+92	
-1.181687550046798034000000000000000000000e+92	
4.481597698350884860000000000000000000000e+91	
-1.945656523914896622000000000000000000000e+92	
-3.154290013472582607000000000000000000000e+91	
1.263324430927243325000000000000000000000e+92	
-1.130491862822741782000000000000000000000e+92	
5.953398197785714540000000000000000000000e+91	
-1.798476473971413654000000000000000000000e+92	
-7.231235700183864539000000000000000000000e+90	
1.602329925129858533000000000000000000000e+92	
-7.914863686201265750000000000000000000000e+91	
8.835138231912733167000000000000000000000e+91	
-1.510302470558711791000000000000000000000e+92	
1.650554528123025848000000000000000000000e+91	
1.788916825947196201000000000000000000000e+92	
-6.048994678027889066000000000000000000000e+91	
1.024795396193688994400000000000000000000e+92	
-1.369020897556296113000000000000000000000e+92	
2.610542449983040922000000000000000000000e+91	
1.839655373094378765000000000000000000000e+92	
-5.541609206556063425000000000000000000000e+91	
1.171215912889575944000000000000000000000e+92	
-1.222600380860409164000000000000000000000e+92	
5.031091134167209464000000000000000000000e+91	
-1.890707180333264161000000000000000000000e+92	
-1.646651908786891733000000000000000000000e+91	
1.509855024516928249000000000000000000000e+92	
-8.839612692330568586000000000000000000000e+91	
7.909169165909357530000000000000000000000e+91	
-1.602899377159049354000000000000000000000e+92	
7.233660094299719198000000000000000000000e+90	
1.696076089497145326000000000000000000000e+92	
-6.977402042528397812000000000000000000000e+91	
9.323376883058074723000000000000000000000e+91	
-1.461478605444177635000000000000000000000e+92	
1.689793750516470560000000000000000000000e+91	
1.747963150562866622000000000000000000000e+92	
-6.458531431871184851000000000000000000000e+91	
1.078837806978100032000000000000000000000e+92	
-1.314978486771885076000000000000000000000e+92	
4.100454654672885677000000000000000000000e+91	
2.083548150291749091000000000000000000000e+92	
-3.102681434582360165000000000000000000000e+91	
1.363593018186703683000000000000000000000e+92	
-1.030223275563281424300000000000000000000e+92	
6.439961844998010836000000000000000000000e+91	
-1.749820109250184024000000000000000000000e+92	
-7.524252908251004458000000000000000000000e+90	
1.547838889200654032000000000000000000000e+92	
-8.459774045493310756000000000000000000000e+91	
7.856925350455585293000000000000000000000e+91	
-1.608123758704426578000000000000000000000e+92	
2.392547651724565806000000000000000000000e+90	
1.604499714838225923000000000000000000000e+92	
-7.893165789117591848000000000000000000000e+91	
9.322030943734247702000000000000000000000e+91	
-1.461613199376560337000000000000000000000e+92	
2.602410542246652724000000000000000000000e+91	
1.930575617867823390000000000000000000000e+92	
-4.632406758821617172000000000000000000000e+91	
1.207453941253072262000000000000000000000e+92	
-1.186362352496912846000000000000000000000e+92	
4.846921389434021917000000000000000000000e+91	
-1.909124154806582916000000000000000000000e+92	
-2.377099681590057932000000000000000000000e+91	
1.382209630922853755000000000000000000000e+92	
-1.011606662827131352600000000000000000000e+92	
6.269755830068071808000000000000000000000e+91	
-1.766840710743177927000000000000000000000e+92	
-1.278826093140376618000000000000000000000e+91	
1.459597056894822140000000000000000000000e+92	
-9.342192368551629681000000000000000000000e+91	
7.728870176698600778000000000000000000000e+91	
-1.620929276080125030000000000000000000000e+92	
8.651873185397158692000000000000000000000e+90	
1.742454219353216649000000000000000000000e+92	
-6.513620743967684583000000000000000000000e+91	
1.004940632549727806800000000000000000000e+92	
-1.388875661200257301000000000000000000000e+92	
2.677940824402315974000000000000000000000e+91	
1.872976576348112966000000000000000000000e+92	
-5.208397174018721417000000000000000000000e+91	
1.148257941396398059000000000000000000000e+92	
-1.245558352353587048000000000000000000000e+92	
4.238999755043545958000000000000000000000e+91	
-1.969916318245630512000000000000000000000e+92	
-3.000975008213607526000000000000000000000e+91	
1.318227523000931400000000000000000000000e+92	
-1.075588770749053707000000000000000000000e+92	
5.664531470683201070000000000000000000000e+91	
-1.827363146681665001000000000000000000000e+92	
-1.849470950361048437000000000000000000000e+91	
1.405988800479027579000000000000000000000e+92	
-9.878274932709575285000000000000000000000e+91	
7.120392091764007058000000000000000000000e+91	
-1.681777084573584402000000000000000000000e+92	
1.843497417411411510000000000000000000000e+90	
1.667138113585184393000000000000000000000e+92	
-7.266781801648007149000000000000000000000e+91	
9.223957779995943093000000000000000000000e+91	
-1.471420515750390798000000000000000000000e+92	
1.780240766228113623000000000000000000000e+91	
1.775985014987853634000000000000000000000e+92	
-6.178312787621314736000000000000000000000e+91	
1.066674724650400053000000000000000000000e+92	
-1.327141569099585055000000000000000000000e+92	
3.577174351371188599000000000000000000000e+91	
1.991075160756595047000000000000000000000e+92	
-4.027411329933900606000000000000000000000e+91	
1.230995048296271255000000000000000000000e+92	
-1.162821245453713853000000000000000000000e+92	
4.712932031609686305000000000000000000000e+91	
-1.922523090589016477000000000000000000000e+92	
-2.880305629007451165000000000000000000000e+91	
1.294985751939080299000000000000000000000e+92	
-1.098830541810904808000000000000000000000e+92	
6.179401047984972288000000000000000000000e+91	
-1.775876188951487879000000000000000000000e+92	
-5.876859858883881195000000000000000000000e+90	
1.606821664076742227000000000000000000000e+92	
-7.869946296732428802000000000000000000000e+91	
8.789580475697923240000000000000000000000e+91	
-1.514858246180192784000000000000000000000e+92	
1.514566652782659511000000000000000000000e+91	
1.766279526915587093000000000000000000000e+92	
-6.275367668343980145000000000000000000000e+91	
1.021310055194595232700000000000000000000e+92	
-1.372506238555389875000000000000000000000e+92	
2.767113307207293851000000000000000000000e+91	
1.874445358970752651000000000000000000000e+92	
-5.193709347792324564000000000000000000000e+91	
1.165482356400540860000000000000000000000e+92	
-1.228333937349444248000000000000000000000e+92	
4.568721818205959481000000000000000000000e+91	
-1.936944111929389160000000000000000000000e+92	
-2.513853403601787397000000000000000000000e+91	
1.382671804340201600000000000000000000000e+92	
-1.011144489409783507600000000000000000000e+92	
6.232907628824934436000000000000000000000e+91	
-1.770525530867491664000000000000000000000e+92	
-1.357123591552553593000000000000000000000e+91	
1.447624440134359403000000000000000000000e+92	
-9.461918536156257044000000000000000000000e+91	
7.696949917037673479000000000000000000000e+91	
-1.624121302046217760000000000000000000000e+92	
9.210292686578201849000000000000000000000e+90	
1.756810267701179521000000000000000000000e+92	
-6.370060260488055869000000000000000000000e+91	
1.028064168765726442600000000000000000000e+92	
-1.365752124984258665000000000000000000000e+92	
2.996807432287021596000000000000000000000e+91	
1.913622000584962377000000000000000000000e+92	
-4.801942931650227304000000000000000000000e+91	
1.170318948983143968000000000000000000000e+92	
-1.223497344766841139000000000000000000000e+92	
4.273858153049762016000000000000000000000e+91	
-1.966430478445008906000000000000000000000e+92	
-3.151775845457451440000000000000000000000e+91	
1.284590755412088794000000000000000000000e+92	
-1.109225538337896314000000000000000000000e+92	
5.721193517449030848000000000000000000000e+91	
-1.821696942005082023000000000000000000000e+92	
-1.399974779140945670000000000000000000000e+91	
1.490202279960757251000000000000000000000e+92	
-9.036140137892278566000000000000000000000e+91	
7.269657713743686873000000000000000000000e+91	
-1.666850522375616420000000000000000000000e+92	
-3.589089905058398868000000000000000000000e+90	
1.543594269638408339000000000000000000000e+92	
-8.502220241115767685000000000000000000000e+91	
8.736837497594206886000000000000000000000e+91	
-1.520132543990564419000000000000000000000e+92	
2.041066227112725368000000000000000000000e+91	
1.876824912560813141000000000000000000000e+92	
-5.169913811891719664000000000000000000000e+91	
1.156085775848895114000000000000000000000e+92	
-1.237730517901089994000000000000000000000e+92	
4.357053277288929632000000000000000000000e+91	
-1.958110966021092144000000000000000000000e+92	
-2.843166103069213225000000000000000000000e+91	
1.337981973308255711000000000000000000000e+92	
-1.055834320441729396400000000000000000000e+92	
5.777746924240537574000000000000000000000e+91	
-1.816041601325931350000000000000000000000e+92	
-1.820542578475097808000000000000000000000e+91	
1.400457124196331975000000000000000000000e+92	
-9.933591695536531322000000000000000000000e+91	
7.243374832832101570000000000000000000000e+91	
-1.669478810466774950000000000000000000000e+92	
4.855432527994143636000000000000000000000e+90	
1.715069672715542649000000000000000000000e+92	
-6.787466210344424582000000000000000000000e+91	
9.881306805937990830000000000000000000000e+91	
-1.405685613156186025000000000000000000000e+92	
2.615534625317835962000000000000000000000e+91	
1.877300028471923925000000000000000000000e+92	
-5.165162652780611824000000000000000000000e+91	
1.130226725828660735000000000000000000000e+92	
-1.263589567921324372000000000000000000000e+92	
3.835252174412302916000000000000000000000e+91	
-2.010291076308754816000000000000000000000e+92	
-3.628046817203615878000000000000000000000e+91	
1.233199033391668903000000000000000000000e+92	
-1.160617260358316204000000000000000000000e+92	
5.287611779853350545000000000000000000000e+91	
-1.865055115764650053000000000000000000000e+92	
-1.753261014503351008000000000000000000000e+91	
1.462899210600014399000000000000000000000e+92	
-9.309170831499707089000000000000000000000e+91	
7.076842621299973603000000000000000000000e+91	
-1.686132031619987747000000000000000000000e+92	
-4.715484024999544242000000000000000000000e+90	
1.540343906399269589000000000000000000000e+92	
-8.534723873507155188000000000000000000000e+91	
8.534846320306219364000000000000000000000e+91	
-1.540331661719363171000000000000000000000e+92	
1.669671853405596652000000000000000000000e+91	
1.822753586198181054000000000000000000000e+92	
-5.710627075518040530000000000000000000000e+91	
1.085090986948675180000000000000000000000e+92	
-1.308725306801309928000000000000000000000e+92	
3.477954985518436404000000000000000000000e+91	
1.952829128294164968000000000000000000000e+92	
-4.409871654558201397000000000000000000000e+91	
1.228317759427175688000000000000000000000e+92	
-1.165498534322809420000000000000000000000e+92	
5.041669564702210286000000000000000000000e+91	
-1.889649337279764079000000000000000000000e+92	
-2.196234600187079425000000000000000000000e+91	
1.398908520593377084000000000000000000000e+92	
-9.949077731566080241000000000000000000000e+91	
6.465875362107630590000000000000000000000e+91	
-1.747228757539222049000000000000000000000e+92	
-1.053590423142915839800000000000000000000e+91	
1.485030788674203548000000000000000000000e+92	
-9.087855050757815592000000000000000000000e+91	
7.921298541451571510000000000000000000000e+91	
-1.601686439604827957000000000000000000000e+92	
9.957375403384143353000000000000000000000e+90	
1.749324506712997243000000000000000000000e+92	
-6.444917870369878642000000000000000000000e+91	
1.005629263032202215000000000000000000000e+92	
-1.388187030717782893000000000000000000000e+92	
2.623041324563887330000000000000000000000e+91	
1.861311120777912685000000000000000000000e+92	
-5.325051729720724225000000000000000000000e+91	
1.149672814267112470000000000000000000000e+92	
-1.244143479482872638000000000000000000000e+92	
4.383886671589504481000000000000000000000e+91	
-1.955427626591034660000000000000000000000e+92	
-2.725414968002700036000000000000000000000e+91	
1.358844336209163643000000000000000000000e+92	
-1.034971957540821464600000000000000000000e+92	
5.967933124860670438000000000000000000000e+91	
-1.797022981263918064000000000000000000000e+92	
-1.648784630531245016000000000000000000000e+91	
1.415791010837710387000000000000000000000e+92	
-9.780252829122747210000000000000000000000e+91	
7.435473470883988495000000000000000000000e+91	
-1.650268946661586258000000000000000000000e+92	
7.163823730028149659000000000000000000000e+90	
1.742025704962350927000000000000000000000e+92	
-6.517905887876341804000000000000000000000e+91	
1.018956906037889101500000000000000000000e+92	
-1.374859387712096006000000000000000000000e+92	
2.962479551029896466000000000000000000000e+91	
1.915860863058624003000000000000000000000e+92	
-4.779554306913611042000000000000000000000e+91	
1.160556123892437358000000000000000000000e+92	
-1.233260169857547750000000000000000000000e+92	
4.056272755022048298000000000000000000000e+91	
-1.988189018247780278000000000000000000000e+92	
-3.489258691807733397000000000000000000000e+91	
1.238858692853595706000000000000000000000e+92	
-1.154957600896389402000000000000000000000e+92	
5.518012482756929978000000000000000000000e+91	
-1.842015045474292110000000000000000000000e+92	
-1.349142700007110471000000000000000000000e+91	
1.520674157844400190000000000000000000000e+92	
-8.731421359055849180000000000000000000000e+91	
7.828136841071590172000000000000000000000e+91	
-1.611002609642826090000000000000000000000e+92	
4.532041969833429564000000000000000000000e+90	
1.650156371855396424000000000000000000000e+92	
-7.436599218945886840000000000000000000000e+91	
9.264712882012693378000000000000000000000e+91	
-1.467345005548715770000000000000000000000e+92	
2.031463592417116642000000000000000000000e+91	
1.822143595725057132000000000000000000000e+92	
-5.716726980249279753000000000000000000000e+91	
1.068267698531816156000000000000000000000e+92	
-1.325548595218168951000000000000000000000e+92	
3.147669810260236347000000000000000000000e+91	
1.903603446478560814000000000000000000000e+92	
-4.902128472714242932000000000000000000000e+91	
1.213424382941345462000000000000000000000e+92	
-1.180391910808639646000000000000000000000e+92	
5.235887992345712562000000000000000000000e+91	
-1.870227494515413851000000000000000000000e+92	
-1.659034755805806882000000000000000000000e+91	
1.486909577627836362000000000000000000000e+92	
-9.069067161221487456000000000000000000000e+91	
7.462751104682261296000000000000000000000e+91	
-1.647541183281758978000000000000000000000e+92	
6.009233163972210154000000000000000000000e+89	
1.608073952265501326000000000000000000000e+92	
-7.857423414844837820000000000000000000000e+91	
8.903082938167853612000000000000000000000e+91	
-1.503507999933199746000000000000000000000e+92	
1.728998441558830876000000000000000000000e+91	
1.797810615497211535000000000000000000000e+92	
-5.960056782527735724000000000000000000000e+91	
1.031457138458754805700000000000000000000e+92	
-1.362359155291230302000000000000000000000e+92	
2.654850507962696154000000000000000000000e+91	
1.841856352690275169000000000000000000000e+92	
-5.519599410597099388000000000000000000000e+91	
1.178131237117414256000000000000000000000e+92	
-1.215685056632570852000000000000000000000e+92	
5.147364360994290378000000000000000000000e+91	
-1.879079857650556070000000000000000000000e+92	
-1.483282147505675562000000000000000000000e+91	
1.530899310248042894000000000000000000000e+92	
-8.629169835019422139000000000000000000000e+91	
8.166661692490774076000000000000000000000e+91	
-1.577150124500907700000000000000000000000e+92	
1.027884790180744892400000000000000000000e+91	
1.731228252644360274000000000000000000000e+92	
-6.625880411056248335000000000000000000000e+91	
9.662326356967267438000000000000000000000e+91	
-1.427583658053258364000000000000000000000e+92	
2.016177323619505582000000000000000000000e+91	
1.779345543156855439000000000000000000000e+92	
-6.144707505931296683000000000000000000000e+91	
1.112834945313144276000000000000000000000e+92	
-1.280981348436840832000000000000000000000e+92	
4.466560482688770584000000000000000000000e+91	
2.122770876932972356000000000000000000000e+92	
-2.710454168170127519000000000000000000000e+91	
1.405426588687932344000000000000000000000e+92	
-9.883897050620527641000000000000000000000e+91	
6.884392995283639538000000000000000000000e+91	
-1.705376994221621154000000000000000000000e+92	
-2.819116821264843825000000000000000000000e+90	
1.597497197872093289000000000000000000000e+92	
-7.963190958778918184000000000000000000000e+91	
8.297687579957849492000000000000000000000e+91	
-1.564047535754200158000000000000000000000e+92	
6.242239177004802456000000000000000000000e+90	
1.637420099034860080000000000000000000000e+92	
-7.563961947151250274000000000000000000000e+91	
9.768765312774498948000000000000000000000e+91	
-1.416939762472535213000000000000000000000e+92	
3.166616947213162058000000000000000000000e+91	
1.998737615753250543000000000000000000000e+92	
-3.950786779967345649000000000000000000000e+91	
1.287351453232893053000000000000000000000e+92	
-1.106464840517092055000000000000000000000e+92	
5.763193246312527810000000000000000000000e+91	
-1.817496969118732327000000000000000000000e+92	
-1.343589462429176175000000000000000000000e+91	
1.497278654492512401000000000000000000000e+92	
-8.965376392574727068000000000000000000000e+91	
7.354792731987455328000000000000000000000e+91	
-1.658337020551239575000000000000000000000e+92	
-2.594098514542569779000000000000000000000e+90	
1.554979880768444023000000000000000000000e+92	
-8.388364129815410845000000000000000000000e+91	
8.820167184584918933000000000000000000000e+91	
-1.511799575291493214000000000000000000000e+92	
2.093884681809315826000000000000000000000e+91	
1.879057153246554270000000000000000000000e+92	
-5.147591405034308372000000000000000000000e+91	
1.155269929440531683000000000000000000000e+92	
-1.238546364309453424000000000000000000000e+92	
4.318429111609331898000000000000000000000e+91	
-1.961973382589051918000000000000000000000e+92	
-2.912240808548989061000000000000000000000e+91	
1.328030964205285780000000000000000000000e+92	
-1.065785329544699328000000000000000000000e+92	
5.742758626463286683000000000000000000000e+91	
-1.819540431103656439000000000000000000000e+92	
-1.791041193412658073000000000000000000000e+91	
1.409853021543301092000000000000000000000e+92	
-9.839632722066840157000000000000000000000e+91	
7.200843775144543136000000000000000000000e+91	
-1.673731916235530794000000000000000000000e+92	
3.065900906351397878000000000000000000000e+90	
1.683538935339005353000000000000000000000e+92	
-7.102773584109797544000000000000000000000e+91	
9.429713079659046127000000000000000000000e+91	
-1.450844985784080495000000000000000000000e+92	
2.027722371841565165000000000000000000000e+91	
1.804903729560742581000000000000000000000e+92	
-5.889125641892425262000000000000000000000e+91	
1.086731426847779554000000000000000000000e+92	
-1.307084866902205553000000000000000000000e+92	
3.689165352963476656000000000000000000000e+91	
-2.024899758453637442000000000000000000000e+92	
-3.485411229655451838000000000000000000000e+91	
1.276320464264323682000000000000000000000e+92	
-1.117495829485661425000000000000000000000e+92	
5.107741543085092237000000000000000000000e+91	
-1.883042139441475884000000000000000000000e+92	
-2.543911679723227242000000000000000000000e+91	
1.322786497802260348000000000000000000000e+92	
-1.071029795947724760000000000000000000000e+92	
6.580553302310344047000000000000000000000e+91	
-1.735760963518950703000000000000000000000e+92	
-6.345022105727155619000000000000000000000e+89	
1.671547466141611374000000000000000000000e+92	
-7.222688276083737334000000000000000000000e+91	
9.559799527960498835000000000000000000000e+91	
-1.437836340953935224000000000000000000000e+92	
2.407685542924738810000000000000000000000e+91	
1.867875283389721800000000000000000000000e+92	
-5.259410103602633076000000000000000000000e+91	
1.101547285326261187000000000000000000000e+92	
-1.292269008423723920000000000000000000000e+92	
3.356006639587092706000000000000000000000e+91	
-2.058215629791275837000000000000000000000e+92	
-4.299647705117986941000000000000000000000e+91	
1.146812982196023405000000000000000000000e+92	
-1.247003311553961702000000000000000000000e+92	
4.831651131626069394000000000000000000000e+91	
-1.910651180587378168000000000000000000000e+92	
-1.801524797590423554000000000000000000000e+91	
1.498822229049015394000000000000000000000e+92	
-8.949940647009697139000000000000000000000e+91	
7.843363976779507916000000000000000000000e+91	
-1.609479896072034316000000000000000000000e+92	
7.020614283068603298000000000000000000000e+90	
1.698393477533963076000000000000000000000e+92	
-6.954228162160220312000000000000000000000e+91	
9.331455472940204116000000000000000000000e+91	
-1.460670746455964696000000000000000000000e+92	
1.682784562351118915000000000000000000000e+91	
1.745754204811570563000000000000000000000e+92	
-6.480620889384145443000000000000000000000e+91	
1.079822148155351063000000000000000000000e+92	
-1.313994145594634045000000000000000000000e+92	
4.142215043773105243000000000000000000000e+91	
2.090914298529656463000000000000000000000e+92	
-3.029019952203286443000000000000000000000e+91	
1.374147688138109370000000000000000000000e+92	
-1.019668605611875737700000000000000000000e+92	
6.577377893404224092000000000000000000000e+91	
-1.736078504409562698000000000000000000000e+92	
-5.831557538724473254000000000000000000000e+90	
1.567949606505309586000000000000000000000e+92	
-8.258666872446755216000000000000000000000e+91	
8.007804800480223591000000000000000000000e+91	
-1.593035813701962748000000000000000000000e+92	
3.399314888908071222000000000000000000000e+90	
1.609549613006989787000000000000000000000e+92	
-7.842666807429953210000000000000000000000e+91	
9.478615436122190267000000000000000000000e+91	
-1.445954750137766081000000000000000000000e+92	
2.865027750002273842000000000000000000000e+91	
1.967435333274344749000000000000000000000e+92	
-4.263809604756403588000000000000000000000e+91	
1.254906377010889158000000000000000000000e+92	
-1.138909916739095950000000000000000000000e+92	
5.427320233976902594000000000000000000000e+91	
-1.851084270352294848000000000000000000000e+92	
-1.690879040395394479000000000000000000000e+91	
1.461408608298433426000000000000000000000e+92	
-9.324076854515516813000000000000000000000e+91	
6.984687064900533758000000000000000000000e+91	
-1.695347587259931732000000000000000000000e+92	
-6.409150476850516980000000000000000000000e+90	
1.515689975548728012000000000000000000000e+92	
-8.781263182012570954000000000000000000000e+91	
8.451902160049429844000000000000000000000e+91	
-1.548626077745042123000000000000000000000e+92	
1.750241425375491540000000000000000000000e+91	
1.847153779067456929000000000000000000000e+92	
-5.466625146825281786000000000000000000000e+91	
1.125826281989651864000000000000000000000e+92	
-1.267990011760333244000000000000000000000e+92	
4.048577663117155152000000000000000000000e+91	
-1.988958527438269592000000000000000000000e+92	
-3.157519466198009988000000000000000000000e+91	
1.305959154616257276000000000000000000000e+92	
-1.087857139133727832000000000000000000000e+92	
5.470378987382912666000000000000000000000e+91	
-1.846778395011693841000000000000000000000e+92	
-2.115056665401494618000000000000000000000e+91	
1.372290460802215612000000000000000000000e+92	
-1.021525832947769495600000000000000000000e+92	
6.934908516356740465000000000000000000000e+91	
-1.700325442114311061000000000000000000000e+92	
1.502905911263540480000000000000000000000e+90	
1.678867105098360082000000000000000000000e+92	
-7.149491886516250252000000000000000000000e+91	
9.492521439332075122000000000000000000000e+91	
-1.444564149816777595000000000000000000000e+92	
2.200002885711549958000000000000000000000e+91	
1.833073548291864720000000000000000000000e+92	
-5.607427454581203877000000000000000000000e+91	
1.091715392386142277000000000000000000000e+92	
-1.302100901363842831000000000000000000000e+92	
3.507261864922932015000000000000000000000e+91	
1.952067936981505878000000000000000000000e+92	
-4.417483567684792301000000000000000000000e+91	
1.235367955115822903000000000000000000000e+92	
-1.158448338634162205000000000000000000000e+92	
5.190246516851344516000000000000000000000e+91	
-1.874791642064850656000000000000000000000e+92	
-1.969621508178976810000000000000000000000e+91	
1.429369560173422730000000000000000000000e+92	
-9.644467335765623775000000000000000000000e+91	
6.622669297055171300000000000000000000000e+91	
-1.731549364044467978000000000000000000000e+92	
-1.044539385569489833700000000000000000000e+91	
1.471168955380998351000000000000000000000e+92	
-9.226473383689867570000000000000000000000e+91	
8.095269263714578499000000000000000000000e+91	
-1.584289367378527258000000000000000000000e+92	
1.482141752318840618000000000000000000000e+91	
1.829192728077009502000000000000000000000e+92	
-5.646235656729756057000000000000000000000e+91	
1.116709743494549623000000000000000000000e+92	
-1.277106550255435485000000000000000000000e+92	
4.045813386837254090000000000000000000000e+91	
-1.989234955066259699000000000000000000000e+92	
-3.071926628183645154000000000000000000000e+91	
1.323349752598893286000000000000000000000e+92	
-1.070466541151091821000000000000000000000e+92	
5.604557310253178550000000000000000000000e+91	
-1.833360562724667252000000000000000000000e+92	
-2.020586228315473341000000000000000000000e+91	
1.377768692065631488000000000000000000000e+92	
-1.016047601684353619600000000000000000000e+92	
7.073579238325086565000000000000000000000e+91	
-1.686458369917476451000000000000000000000e+92	
3.728079738767546890000000000000000000000e+90	
1.709499336674083358000000000000000000000e+92	
-6.843169570759017500000000000000000000000e+91	
9.882606981087479005000000000000000000000e+91	
-1.405555595641237207000000000000000000000e+92	
2.673809967212693896000000000000000000000e+91	
1.888822243865900715000000000000000000000e+92	
-5.049940498840843926000000000000000000000e+91	
1.129686014653325016000000000000000000000e+92	
-1.264130279096660092000000000000000000000e+92	
3.709275830255608511000000000000000000000e+91	
-2.022888710724424256000000000000000000000e+92	
-3.874532390350491051000000000000000000000e+91	
1.196505550533103158000000000000000000000e+92	
-1.197310743216881949000000000000000000000e+92	
5.175988286058328412000000000000000000000e+91	
-1.876217465144152266000000000000000000000e+92	
-1.609700233713727866000000000000000000000e+91	
1.502761016440217834000000000000000000000e+92	
-8.910552773097672731000000000000000000000e+91	
7.730391023544480382000000000000000000000e+91	
-1.620777191395537069000000000000000000000e+92	
4.368034729879263293000000000000000000000e+90	
1.656646760526424917000000000000000000000e+92	
-7.371695332235601902000000000000000000000e+91	
9.157525168667153922000000000000000000000e+91	
-1.478063776883269715000000000000000000000e+92	
1.752269923447364040000000000000000000000e+91	
1.777032193446575379000000000000000000000e+92	
-6.167841003034097286000000000000000000000e+91	
1.059587755408739256000000000000000000000e+92	
-1.334228538341245852000000000000000000000e+92	
3.425003662976920882000000000000000000000e+91	
1.967732038407408178000000000000000000000e+92	
-4.260842553425769296000000000000000000000e+91	
1.200470577342747279000000000000000000000e+92	
-1.193345716407237829000000000000000000000e+92	
4.335909575283842019000000000000000000000e+91	
-1.960225336221600906000000000000000000000e+92	
-3.329070110657397564000000000000000000000e+91	
1.242938671610583638000000000000000000000e+92	
-1.150877622139401469000000000000000000000e+92	
5.811330402369795581000000000000000000000e+91	
-1.812683253513005550000000000000000000000e+92	
-8.034323184704470066000000000000000000000e+90	
1.600471881432723094000000000000000000000e+92	
-7.933444123172620134000000000000000000000e+91	
8.878255386234989539000000000000000000000e+91	
-1.505990755126486154000000000000000000000e+92	
1.755338568840243960000000000000000000000e+91	
1.805558849696632591000000000000000000000e+92	
-5.882574440533525166000000000000000000000e+91	
1.042147663022927446200000000000000000000e+92	
-1.351668630727057661000000000000000000000e+92	
2.791164014423018584000000000000000000000e+91	
1.858427065864000388000000000000000000000e+92	
-5.353892278859847201000000000000000000000e+91	
1.188461235491953784000000000000000000000e+92	
-1.205355058258031324000000000000000000000e+92	
5.188288254769929518000000000000000000000e+91	
-1.874987468272992156000000000000000000000e+92	
-1.504703301134259631000000000000000000000e+91	
1.522525792856426379000000000000000000000e+92	
-8.712905008935587288000000000000000000000e+91	
8.020643509962482238000000000000000000000e+91	
-1.591751942753736884000000000000000000000e+92	
8.196145952822700328000000000000000000000e+90	
1.704179129999105482000000000000000000000e+92	
-6.896371637508796256000000000000000000000e+91	
9.436492881602117939000000000000000000000e+91	
-1.450167005589773314000000000000000000000e+92	
1.834979374621266416000000000000000000000e+91	
1.765687079527727021000000000000000000000e+92	
-6.281292142222580870000000000000000000000e+91	
1.089756721065832745000000000000000000000e+92	
-1.304059572684152363000000000000000000000e+92	
4.141627513140289854000000000000000000000e+91	
2.080867192848212454000000000000000000000e+92	
-3.129491009017726542000000000000000000000e+91	
1.354117200719024573000000000000000000000e+92	
-1.039699093030960534400000000000000000000e+92	
6.277288885903723402000000000000000000000e+91	
-1.766087405159612767000000000000000000000e+92	
-9.829792353420014848000000000000000000000e+90	
1.517998774424123740000000000000000000000e+92	
-8.758175193258613678000000000000000000000e+91	
7.702460784234197821000000000000000000000e+91	
-1.623570215326565326000000000000000000000e+92	
2.286551479068144184000000000000000000000e+90	
1.617819088313341249000000000000000000000e+92	
-7.759972054366438584000000000000000000000e+91	
9.150842853913679442000000000000000000000e+91	
-1.478732008358617163000000000000000000000e+92	
2.126992108858375800000000000000000000000e+91	
1.852625880733905725000000000000000000000e+92	
-5.411904130160793827000000000000000000000e+91	
1.099111443350777078000000000000000000000e+92	
-1.294704850399208030000000000000000000000e+92	
3.459720057682231404000000000000000000000e+91	
1.935169571346648657000000000000000000000e+92	
-4.586467224033364506000000000000000000000e+91	
1.244184021871034858000000000000000000000e+92	
-1.149632271878950250000000000000000000000e+92	
5.535423535878681562000000000000000000000e+91	
-1.840273940162116951000000000000000000000e+92	
-1.367556046414154510000000000000000000000e+91	
1.515252166115485234000000000000000000000e+92	
-8.785641276344998734000000000000000000000e+91	
7.738128172674285580000000000000000000000e+91	
-1.620003476482556550000000000000000000000e+92	
3.274245883835029558000000000000000000000e+90	
1.634003097179329797000000000000000000000e+92	
-7.598131965706553104000000000000000000000e+91	
9.179035532034444461000000000000000000000e+91	
-1.475912740546540662000000000000000000000e+92	
2.021603888440068245000000000000000000000e+91	
1.828735616728085994000000000000000000000e+92	
-5.650806770218991132000000000000000000000e+91	
1.061876381962446133000000000000000000000e+92	
-1.331939911787538975000000000000000000000e+92	
2.953987882720653629000000000000000000000e+91	
1.871264835712199876000000000000000000000e+92	
-5.225514580377852321000000000000000000000e+91	
1.208568961042620845000000000000000000000e+92	
-1.185247332707364262000000000000000000000e+92	
5.462028887079591712000000000000000000000e+91	
-1.847613405042025936000000000000000000000e+92	
-1.158335454237562231000000000000000000000e+91	
1.564421684582881127000000000000000000000e+92	
-8.293946091671039806000000000000000000000e+91	
8.512157371363503626000000000000000000000e+91	
-1.542600556613634745000000000000000000000e+92	
1.383647292567241579000000000000000000000e+91	
1.767830674287737184000000000000000000000e+92	
-6.259856194622479230000000000000000000000e+91	
1.003860718052463457400000000000000000000e+92	
-1.389955575697521650000000000000000000000e+92	
2.402709649918340088000000000000000000000e+91	
1.819023415876702168000000000000000000000e+92	
-5.747928778732829402000000000000000000000e+91	
1.150291642206443843000000000000000000000e+92	
-1.243524651543541264000000000000000000000e+92	
4.818926747431046206000000000000000000000e+91	
-1.911923619006880487000000000000000000000e+92	
-1.861736521402162928000000000000000000000e+91	
1.488054685997701527000000000000000000000e+92	
-9.057616077522835802000000000000000000000e+91	
7.688248460718942772000000000000000000000e+91	
-1.624991447678090830000000000000000000000e+92	
4.995294360973565006000000000000000000000e+90	
1.673400990463004432000000000000000000000e+92	
-7.204153032869806750000000000000000000000e+91	
9.103097216180715963000000000000000000000e+91	
-1.483506572131913511000000000000000000000e+92	
1.475982186534466200000000000000000000000e+91	
1.727228482557609143000000000000000000000e+92	
-6.665878111923759650000000000000000000000e+91	
1.056763415652587604600000000000000000000e+92	
-1.337052878097397503000000000000000000000e+92	
3.866320175585511351000000000000000000000e+91	
2.058796312205003073000000000000000000000e+92	
-3.350199815449820344000000000000000000000e+91	
1.337503455995516983000000000000000000000e+92	
-1.056312837754468124800000000000000000000e+92	
6.165695639462586680000000000000000000000e+91	
-1.777246729803726440000000000000000000000e+92	
-1.040055425876420073500000000000000000000e+91	
1.517740147823545473000000000000000000000e+92	
-8.760761459264396348000000000000000000000e+91	
7.584601763533730628000000000000000000000e+91	
-1.635356117396612045000000000000000000000e+92	
-4.419259961086716498000000000000000000000e+88	
1.582995842707536705000000000000000000000e+92	
-8.108204510424484028000000000000000000000e+91	
9.046702695136942306000000000000000000000e+91	
-1.489146024236290877000000000000000000000e+92	
2.266822770509602539000000000000000000000e+91	
1.890993887302001112000000000000000000000e+92	
-5.028224064479839956000000000000000000000e+91	
1.161852254724523704000000000000000000000e+92	
-1.231964039025461404000000000000000000000e+92	
4.330734923897943231000000000000000000000e+91	
-1.960742801360190784000000000000000000000e+92	
-2.953425802909880770000000000000000000000e+91	
1.318566046168943263000000000000000000000e+92	
-1.075250247581041845000000000000000000000e+92	
5.761343298875072974000000000000000000000e+91	
-1.817681963862477810000000000000000000000e+92	
-1.659279021057271388000000000000000000000e+91	
1.434341356294536411000000000000000000000e+92	
-9.594749374554486969000000000000000000000e+91	
7.206083278880109718000000000000000000000e+91	
-1.673207965861974136000000000000000000000e+92	
7.230501359561771315000000000000000000000e+89	
1.636169889922380348000000000000000000000e+92	
-7.576464038276047600000000000000000000000e+91	
8.716736392690606894000000000000000000000e+91	
-1.522142654480924418000000000000000000000e+92	
1.075578537101203832000000000000000000000e+91	
1.685784533886063866000000000000000000000e+92	
-7.080317598639212416000000000000000000000e+91	
1.018344698758540825700000000000000000000e+92	
-1.375471594991444282000000000000000000000e+92	
3.512370268818479598000000000000000000000e+91	
2.026423542934756637000000000000000000000e+92	
-3.673927508152284702000000000000000000000e+91	
1.308151404069736470000000000000000000000e+92	
-1.085664889680248637000000000000000000000e+92	
5.902367260514764598000000000000000000000e+91	
-1.803579567698508648000000000000000000000e+92	
-1.273206690167428937000000000000000000000e+91	
1.497441231042587580000000000000000000000e+92	
-8.963750627073975276000000000000000000000e+91	
7.318076813747922151000000000000000000000e+91	
-1.662008612375192892000000000000000000000e+92	
-3.344483720163348698000000000000000000000e+90	
1.543645675672135890000000000000000000000e+92	
-8.501706180778492176000000000000000000000e+91	
8.788011041912844485000000000000000000000e+91	
-1.515015189558700659000000000000000000000e+92	
2.142874043823605880000000000000000000000e+91	
1.892066601566912618000000000000000000000e+92	
-5.017496921830724896000000000000000000000e+91	
1.176385853539868373000000000000000000000e+92	
-1.217430440210116735000000000000000000000e+92	
4.610612767080534640000000000000000000000e+91	
-1.932755017041931644000000000000000000000e+92	
-2.539073061834334265000000000000000000000e+91	
1.373442117684415178000000000000000000000e+92	
-1.020374176065569929500000000000000000000e+92	
6.073566936102063405000000000000000000000e+91	
-1.786459600139778767000000000000000000000e+92	
-1.583474744893338794000000000000000000000e+91	
1.418291613632702249000000000000000000000e+92	
-9.755246801172828588000000000000000000000e+91	
7.545710670356896269000000000000000000000e+91	
-1.639245226714295481000000000000000000000e+92	
9.118083271972086474000000000000000000000e+90	
1.770082936284735376000000000000000000000e+92	
-6.237333574652497316000000000000000000000e+91	
1.055524535803911990800000000000000000000e+92	
-1.338291757946073117000000000000000000000e+92	
3.413217479621906818000000000000000000000e+91	
-2.052494545787794426000000000000000000000e+92	
-3.725256042173541689000000000000000000000e+91	
1.255944492362121086000000000000000000000e+92	
-1.137871801387864022000000000000000000000e+92	
4.909791832769227552000000000000000000000e+91	
-1.902837110473062352000000000000000000000e+92	
-2.736054272786630944000000000000000000000e+91	
1.304152661219694929000000000000000000000e+92	
-1.089663632530290179000000000000000000000e+92	
6.382187031415936942000000000000000000000e+91	
-1.755597590608391414000000000000000000000e+92	
-2.738384111205246658000000000000000000000e+90	
1.649307053510493556000000000000000000000e+92	
-7.445092402394915512000000000000000000000e+91	
9.325385445344809793000000000000000000000e+91	
-1.461277749215504128000000000000000000000e+92	
2.161267480971928518000000000000000000000e+91	
1.842033676660012493000000000000000000000e+92	
-5.517826170899726143000000000000000000000e+91	
1.074506475164102577000000000000000000000e+92	
-1.319309818585882531000000000000000000000e+92	
3.073612471689210658000000000000000000000e+91	
1.882559992564287072000000000000000000000e+92	
-5.112563011856980356000000000000000000000e+91	
1.221260600686306140000000000000000000000e+92	
-1.172555693063678968000000000000000000000e+92	
5.602903161588572180000000000000000000000e+91	
-1.833525977591127890000000000000000000000e+92	
-1.003510248041597985000000000000000000000e+91	
1.581298604078360574000000000000000000000e+92	
-8.125176896716245334000000000000000000000e+91	
8.694863615604245448000000000000000000000e+91	
-1.524329932189560563000000000000000000000e+92	
1.580283650074601943000000000000000000000e+91	
1.788886628108385649000000000000000000000e+92	
-6.049296656415994586000000000000000000000e+91	
1.026308297031286138200000000000000000000e+92	
-1.367507996718698969000000000000000000000e+92	
2.641094765619325362000000000000000000000e+91	
1.844252167815846062000000000000000000000e+92	
-5.495641259341390451000000000000000000000e+91	
1.172545253582606159000000000000000000000e+92	
-1.221271040167378949000000000000000000000e+92	
5.011726261876609400000000000000000000000e+91	
-1.892643667562324168000000000000000000000e+92	
-1.698658807327533200000000000000000000000e+91	
1.501391756526088220000000000000000000000e+92	
-8.924245372238968880000000000000000000000e+91	
7.791926941430926528000000000000000000000e+91	
-1.614623599606892455000000000000000000000e+92	
5.735304690987134316000000000000000000000e+90	
1.677834825942805492000000000000000000000e+92	
-7.159814678071796155000000000000000000000e+91	
9.210128713834207680000000000000000000000e+91	
-1.472803422366564340000000000000000000000e+92	
1.645675626690920900000000000000000000000e+91	
1.750460902341040908000000000000000000000e+92	
-6.433553914089441994000000000000000000000e+91	
1.066714652241494149000000000000000000000e+92	
-1.327101641508490959000000000000000000000e+92	
3.833086805688898525000000000000000000000e+91	
2.042205007963338346000000000000000000000e+92	
-3.516112857866467619000000000000000000000e+91	
1.307650787540658059000000000000000000000e+92	
-1.086165506209327049000000000000000000000e+92	
5.734621310308960944000000000000000000000e+91	
-1.820354162719089013000000000000000000000e+92	
-1.603611434953016908000000000000000000000e+91	
1.448142972108945908000000000000000000000e+92	
-9.456733216410392001000000000000000000000e+91	
7.169700707070950667000000000000000000000e+91	
-1.676846223042890041000000000000000000000e+92	
-1.383894955511414119000000000000000000000e+90	
1.597677920216120702000000000000000000000e+92	
-7.961383735338644059000000000000000000000e+91	
8.599297669943890130000000000000000000000e+91	
-1.533886526755596095000000000000000000000e+92	
1.225487672027802296000000000000000000000e+91	
1.727496928106584089000000000000000000000e+92	
-6.663193656434010183000000000000000000000e+91	
1.003470184222801176500000000000000000000e+92	
-1.390346109527183931000000000000000000000e+92	
2.798037650668496058000000000000000000000e+91	
1.898459681302443985000000000000000000000e+92	
-4.953566124475411226000000000000000000000e+91	
1.145202969100221462000000000000000000000e+92	
-1.248613324649763645000000000000000000000e+92	
3.923211284370748804000000000000000000000e+91	
-2.001495165312910227000000000000000000000e+92	
-3.601860272484549563000000000000000000000e+91	
1.229643505560713814000000000000000000000e+92	
-1.164172788189271294000000000000000000000e+92	
5.382722446547722087000000000000000000000e+91	
-1.855544049095212899000000000000000000000e+92	
-1.527549431025999836000000000000000000000e+91	
1.498523961040197642000000000000000000000e+92	
-8.952923327097874656000000000000000000000e+91	
7.563561083114123785000000000000000000000e+91	
-1.637460185438572729000000000000000000000e+92	
1.455760855445984427000000000000000000000e+90	
1.615090467939988682000000000000000000000e+92	
-7.787258258099964251000000000000000000000e+91	
9.005560773763322315000000000000000000000e+91	
-1.493260216373652876000000000000000000000e+92	
1.863772875028175810000000000000000000000e+91	
1.814516111334159655000000000000000000000e+92	
-5.793001824158254530000000000000000000000e+91	
1.049219694364576275800000000000000000000e+92	
-1.344596599385408832000000000000000000000e+92	
2.843041407063064208000000000000000000000e+91	
1.861731450801674050000000000000000000000e+92	
-5.320848429483110576000000000000000000000e+91	
1.195745498263176356000000000000000000000e+92	
-1.198070795486808751000000000000000000000e+92	
5.300909854250978379000000000000000000000e+91	
-1.863725308324887270000000000000000000000e+92	
