5.697072039915441665000000000000000000000e+90	
1.677983082721274656000000000000000000000e+92	
-7.158332110287104512000000000000000000000e+91	
9.200384519953495527000000000000000000000e+91	
-1.473777841754635555000000000000000000000e+92	
1.624710258341519233000000000000000000000e+91	
1.747242806500846174000000000000000000000e+92	
-6.465734872491389336000000000000000000000e+91	
1.065873611139368443000000000000000000000e+92	
-1.327942682610616665000000000000000000000e+92	
3.848435112214578122000000000000000000000e+91	
2.046114527975956750000000000000000000000e+92	
-3.477017657740283576000000000000000000000e+91	
1.313933815107123742000000000000000000000e+92	
-1.079882478642861366000000000000000000000e+92	
5.821174849331521219000000000000000000000e+91	
-1.811698808816832986000000000000000000000e+92	
-1.493346438874578156000000000000000000000e+91	
1.461539437379737195000000000000000000000e+92	
-9.322768563702479128000000000000000000000e+91	
7.253346893514094964000000000000000000000e+91	
-1.668481604398575611000000000000000000000e+92	
-1.050367334971503280000000000000000000000e+90	
1.595986356923912848000000000000000000000e+92	
-7.978299368260722594000000000000000000000e+91	
8.688750222579545200000000000000000000000e+91	
-1.524941271492030588000000000000000000000e+92	
1.421255474210428963000000000000000000000e+91	
1.757699942312921565000000000000000000000e+92	
-6.361163514370635428000000000000000000000e+91	
1.011152130981875806600000000000000000000e+92	
-1.382664162768109301000000000000000000000e+92	
2.649758523866078544000000000000000000000e+91	
1.861133111612967584000000000000000000000e+92	
-5.326831821370175234000000000000000000000e+91	
1.155523793777731795000000000000000000000e+92	
-1.238292499972253312000000000000000000000e+92	
4.502656349121780580000000000000000000000e+91	
-1.943550658837807050000000000000000000000e+92	
-2.546415397441719426000000000000000000000e+91	
1.382764285120869824000000000000000000000e+92	
-1.011052008629115283900000000000000000000e+92	
6.267302572978519982000000000000000000000e+91	
-1.767086036452133109000000000000000000000e+92	
-1.289275168057999406000000000000000000000e+91	
1.457752965546283049000000000000000000000e+92	
-9.360633282037020582000000000000000000000e+91	
7.727361272847093274000000000000000000000e+91	
-1.621080166465275780000000000000000000000e+92	
8.806019978077224865000000000000000000000e+90	
1.745687203359891952000000000000000000000e+92	
-6.481290903900931552000000000000000000000e+91	
1.009864290823353000900000000000000000000e+92	
-1.383952002926632107000000000000000000000e+92	
2.744075735868240797000000000000000000000e+91	
1.881279059392425303000000000000000000000e+92	
-5.125372343575598048000000000000000000000e+91	
1.152976081008818106000000000000000000000e+92	
-1.240840212741167001000000000000000000000e+92	
4.250355554968513669000000000000000000000e+91	
-1.968780738253133741000000000000000000000e+92	
-3.025426975245643487000000000000000000000e+91	
1.312203331638947145000000000000000000000e+92	
-1.081612962111037962000000000000000000000e+92	
5.680086255404865286000000000000000000000e+91	
-1.825807668209498579000000000000000000000e+92	
-1.758157188866770735000000000000000000000e+91	
1.422692304026107774000000000000000000000e+92	
-9.711239897238773333000000000000000000000e+91	
7.127009662039567759000000000000000000000e+91	
-1.681115327546028332000000000000000000000e+92	
3.062968141316947596000000000000000000000e+89	
1.635740323978094892000000000000000000000e+92	
-7.580759697718902152000000000000000000000e+91	
8.749801803331417059000000000000000000000e+91	
-1.518836113416843402000000000000000000000e+92	
1.145986424427677552000000000000000000000e+91	
1.696557711872811142000000000000000000000e+92	
-6.972585818771739657000000000000000000000e+91	
1.021207289773368713500000000000000000000e+92	
-1.372609003976616394000000000000000000000e+92	
3.461929677684181600000000000000000000000e+91	
2.013476768577491068000000000000000000000e+92	
-3.803395251724940396000000000000000000000e+91	
1.287305847394792526000000000000000000000e+92	
-1.106510446355192582000000000000000000000e+92	
5.614963180277205336000000000000000000000e+91	
-1.832319975722264574000000000000000000000e+92	
-1.639519993767604406000000000000000000000e+91	
1.452922905403515684000000000000000000000e+92	
-9.408933883464694231000000000000000000000e+91	
7.040347236869452468000000000000000000000e+91	
-1.689781570063039861000000000000000000000e+92	
-4.448076056708941008000000000000000000000e+90	
1.549338457147615076000000000000000000000e+92	
-8.444778366023700318000000000000000000000e+91	
8.490957735327217068000000000000000000000e+91	
-1.544720520217263401000000000000000000000e+92	
1.492015780869753662000000000000000000000e+91	
1.791617887364763380000000000000000000000e+92	
-6.021984063852217272000000000000000000000e+91	
1.040591850398213620000000000000000000000e+92	
-1.353224443351771488000000000000000000000e+92	
2.899395748357150685000000000000000000000e+91	
1.881623064653981364000000000000000000000e+92	
-5.121932290960037431000000000000000000000e+91	
1.185450610185894011000000000000000000000e+92	
-1.208365683564091097000000000000000000000e+92	
4.896246182653561683000000000000000000000e+91	
-1.904191675484628939000000000000000000000e+92	
-2.058550835308526576000000000000000000000e+91	
1.440973522445550253000000000000000000000e+92	
-9.528427713044348544000000000000000000000e+91	
6.943575863200445210000000000000000000000e+91	
-1.699458707429940587000000000000000000000e+92	
-5.188678316617363337000000000000000000000e+90	
1.544202419055873601000000000000000000000e+92	
-8.496138746941115065000000000000000000000e+91	
8.391643911312645673000000000000000000000e+91	
-1.554651902618720540000000000000000000000e+92	
1.344772378637987743000000000000000000000e+91	
1.772102974620185247000000000000000000000e+92	
-6.217133191297998605000000000000000000000e+91	
1.016288749245465542000000000000000000000e+92	
-1.377527544504519566000000000000000000000e+92	
2.608506682015319994000000000000000000000e+91	
1.847750734279193312000000000000000000000e+92	
-5.460655594707917952000000000000000000000e+91	
1.161743528531697013000000000000000000000e+92	
-1.232072765218288094000000000000000000000e+92	
4.760777264157510434000000000000000000000e+91	
-1.917738567334234064000000000000000000000e+92	
-2.092468419742060906000000000000000000000e+91	
1.447731843526514173000000000000000000000e+92	
-9.460844502234709346000000000000000000000e+91	
7.112609355585458728000000000000000000000e+91	
-1.682555358191439235000000000000000000000e+92	
-2.484345462301293276000000000000000000000e+90	
1.581380680563466271000000000000000000000e+92	
-8.124356131865188362000000000000000000000e+91	
8.548515532129492308000000000000000000000e+91	
-1.538964740537035877000000000000000000000e+92	
1.286839959456999607000000000000000000000e+91	
1.744840018805659385000000000000000000000e+92	
-6.489762749443257224000000000000000000000e+91	
9.970790823507272595000000000000000000000e+91	
-1.396737211399257848000000000000000000000e+92	
2.496902823647688862000000000000000000000e+91	
1.844635623633175670000000000000000000000e+92	
-5.491806701168094371000000000000000000000e+91	
1.141612423913888147000000000000000000000e+92	
-1.252203869836096961000000000000000000000e+92	
4.389390961368156810000000000000000000000e+91	
-1.954877197613169427000000000000000000000e+92	
-2.633845338180082853000000000000000000000e+91	
1.376603550001797897000000000000000000000e+92	
-1.017212743748187210300000000000000000000e+92	
6.231504960266571922000000000000000000000e+91	
-1.770665797723327915000000000000000000000e+92	
-1.299275886964487387000000000000000000000e+91	
1.459331299208087770000000000000000000000e+92	
-9.344849945418973374000000000000000000000e+91	
7.688575831676887105000000000000000000000e+91	
-1.624958710582296397000000000000000000000e+92	
7.872749359676602692000000000000000000000e+90	
1.730903049469217488000000000000000000000e+92	
-6.629132442807676196000000000000000000000e+91	
9.896314022354780375000000000000000000000e+91	
-1.404184891514507070000000000000000000000e+92	
2.487286619610397836000000000000000000000e+91	
1.850156835038516989000000000000000000000e+92	
-5.436594587114681189000000000000000000000e+91	
1.133411426597277997000000000000000000000e+92	
-1.260404867152707111000000000000000000000e+92	
4.170227191983730852000000000000000000000e+91	
-1.976793574551612022000000000000000000000e+92	
-2.990094646767865988000000000000000000000e+91	
1.327276887527249442000000000000000000000e+92	
-1.066539406222735666000000000000000000000e+92	
5.601289208456632924000000000000000000000e+91	
-1.833687372904321815000000000000000000000e+92	
-2.066372610681142758000000000000000000000e+91	
1.368940341769662339000000000000000000000e+92	
-1.024875951980322768800000000000000000000e+92	
7.075319613711707957000000000000000000000e+91	
-1.686284332378814312000000000000000000000e+92	
4.645274256327785258000000000000000000000e+90	
1.727664711518584280000000000000000000000e+92	
-6.661515822314008279000000000000000000000e+91	
1.015415026882645994000000000000000000000e+92	
-1.378401266867339114000000000000000000000e+92	
3.035198059124943382000000000000000000000e+91	
1.933941062188704255000000000000000000000e+92	
-4.598752315612808528000000000000000000000e+91	
1.170925941771072790000000000000000000000e+92	
-1.222890351978912318000000000000000000000e+92	
4.082905493371358998000000000000000000000e+91	
-1.985525744412849208000000000000000000000e+92	
-3.539653040914606002000000000000000000000e+91	
1.226120382586671795000000000000000000000e+92	
-1.167695911163313312000000000000000000000e+92	
5.553674801654845106000000000000000000000e+91	
-1.838448813584500597000000000000000000000e+92	
-1.150516101982772144000000000000000000000e+91	
1.556825135353600823000000000000000000000e+92	
-8.369911583963842846000000000000000000000e+91	
8.352448731534389455000000000000000000000e+91	
-1.558571420596546162000000000000000000000e+92	
1.140237181461841643000000000000000000000e+91	
1.735123681601478353000000000000000000000e+92	
-6.586926121485067544000000000000000000000e+91	
9.769166845500664235000000000000000000000e+91	
-1.416899609199918684000000000000000000000e+92	
2.190870226346292529000000000000000000000e+91	
1.803596698053349306000000000000000000000e+92	
-5.902195956966358019000000000000000000000e+91	
1.122706018929462517000000000000000000000e+92	
-1.271110274820522591000000000000000000000e+92	
4.421541971070651958000000000000000000000e+91	
-1.951662096642919912000000000000000000000e+92	
-2.380589360521787098000000000000000000000e+91	
1.424028640883015472000000000000000000000e+92	
-9.697876528669696360000000000000000000000e+91	
6.926640818192471118000000000000000000000e+91	
-1.701152211930737996000000000000000000000e+92	
-3.833650072305117527000000000000000000000e+90	
1.572988902102455219000000000000000000000e+92	
-8.208273916475298883000000000000000000000e+91	
8.356790948136383498000000000000000000000e+91	
-1.558137198936346758000000000000000000000e+92	
9.873622280433043197000000000000000000000e+90	
1.704122293448386998000000000000000000000e+92	
-6.896940003015981094000000000000000000000e+91	
9.792006445448394519000000000000000000000e+91	
-1.414615649205145656000000000000000000000e+92	
2.546397657344508190000000000000000000000e+91	
1.872401667459290832000000000000000000000e+92	
-5.214146262906942755000000000000000000000e+91	
1.121071422538491472000000000000000000000e+92	
-1.272744871211493635000000000000000000000e+92	
3.701150904162175212000000000000000000000e+91	
-2.023701203333767586000000000000000000000e+92	
-3.804675149918553076000000000000000000000e+91	
1.211285610308250935000000000000000000000e+92	
-1.182530683441734172000000000000000000000e+92	
5.158696420297442753000000000000000000000e+91	
-1.877946651720240832000000000000000000000e+92	
-1.792002401799582524000000000000000000000e+91	
1.468037981428978050000000000000000000000e+92	
-9.257783123210070573000000000000000000000e+91	
7.218314570835344122000000000000000000000e+91	
-1.671984836666450695000000000000000000000e+92	
-2.400370437364257524000000000000000000000e+90	
1.572494502227824900000000000000000000000e+92	
-8.213217915221602077000000000000000000000e+91	
8.665530587793707926000000000000000000000e+91	
-1.527263234970614315000000000000000000000e+92	
1.609629395887902996000000000000000000000e+91	
1.797686159799040734000000000000000000000e+92	
-5.961301339509443738000000000000000000000e+91	
1.040969867031522810700000000000000000000e+92	
-1.352846426718462297000000000000000000000e+92	
2.846301675246000581000000000000000000000e+91	
1.870629063845662938000000000000000000000e+92	
-5.231872299043221694000000000000000000000e+91	
1.186497482700585930000000000000000000000e+92	
-1.207318811049399177000000000000000000000e+92	
5.027063717492681088000000000000000000000e+91	
-1.891109922000716999000000000000000000000e+92	
-1.807444384493100782000000000000000000000e+91	
1.478107072733850866000000000000000000000e+92	
-9.157092210161342417000000000000000000000e+91	
7.435080584034643312000000000000000000000e+91	
-1.650308235346520776000000000000000000000e+92	
9.274630278477301098000000000000000000000e+89	
1.617368796404135342000000000000000000000e+92	
-7.764474973458497658000000000000000000000e+91	
8.868350001769969740000000000000000000000e+91	
-1.506981293572988134000000000000000000000e+92	
1.566647670274950828000000000000000000000e+91	
1.768820106007721030000000000000000000000e+92	
-6.249961877422640774000000000000000000000e+91	
1.029490490436009983200000000000000000000e+92	
-1.364325803313975124000000000000000000000e+92	
2.905288153371603705000000000000000000000e+91	
1.893897087584775504000000000000000000000e+92	
-4.999192061652096041000000000000000000000e+91	
1.172988325252553510000000000000000000000e+92	
-1.220827968497431598000000000000000000000e+92	
4.524383359294406605000000000000000000000e+91	
-1.941377957820544447000000000000000000000e+92	
-2.677530589343027433000000000000000000000e+91	
1.354376152186135620000000000000000000000e+92	
-1.039440141563849487100000000000000000000e+92	
5.945050835683691899000000000000000000000e+91	
-1.799311210181615918000000000000000000000e+92	
-1.649878217587460910000000000000000000000e+91	
1.417859437990827959000000000000000000000e+92	
-9.759568557591571487000000000000000000000e+91	
7.410057672736476006000000000000000000000e+91	
-1.652810526476337507000000000000000000000e+92	
6.448894476924835400000000000000000000000e+90	
1.730270992824847686000000000000000000000e+92	
-6.635453009251374220000000000000000000000e+91	
1.002599066262521251500000000000000000000e+92	
-1.391217227487463856000000000000000000000e+92	
2.752892785177234660000000000000000000000e+91	
1.890303639351354807000000000000000000000e+92	
-5.035126543986303005000000000000000000000e+91	
1.144761821792390422000000000000000000000e+92	
-1.249054471957594686000000000000000000000e+92	
3.995910363185918358000000000000000000000e+91	
-1.994225257431393272000000000000000000000e+92	
-3.452089017207274592000000000000000000000e+91	
1.252324013101335564000000000000000000000e+92	
-1.141492280648649543000000000000000000000e+92	
5.446252710930296416000000000000000000000e+91	
-1.849191022656955466000000000000000000000e+92	
-1.627212721066615808000000000000000000000e+91	
1.472246398209983379000000000000000000000e+92	
-9.215698955400017290000000000000000000000e+91	
7.137754292293462245000000000000000000000e+91	
-1.680040864520638883000000000000000000000e+92	
-4.431807324501228382000000000000000000000e+90	
1.539927892919712078000000000000000000000e+92	
-8.538884008302730296000000000000000000000e+91	
8.599506040958535678000000000000000000000e+91	
-1.533865689654131540000000000000000000000e+92	
1.803117180086300466000000000000000000000e+91	
1.842973256231622216000000000000000000000e+92	
-5.508430375183628912000000000000000000000e+91	
1.112182372813654846000000000000000000000e+92	
-1.281633920936330262000000000000000000000e+92	
3.817551804173161804000000000000000000000e+91	
-2.012061113332668927000000000000000000000e+92	
-3.483085019546702368000000000000000000000e+91	
1.263953334776190447000000000000000000000e+92	
-1.129862958973794661000000000000000000000e+92	
5.250791202929036162000000000000000000000e+91	
-1.868737173457081492000000000000000000000e+92	
-2.134273803559364331000000000000000000000e+91	
1.390395839816064369000000000000000000000e+92	
-1.003420453933920738700000000000000000000e+92	
6.692034731735058556000000000000000000000e+91	
-1.724612820576479252000000000000000000000e+92	
-5.162997931923716674000000000000000000000e+90	
1.569857493703548714000000000000000000000e+92	
-8.239588000464363934000000000000000000000e+91	
8.110535255602729322000000000000000000000e+91	
-1.582762768189712175000000000000000000000e+92	
5.262718964620499406000000000000000000000e+90	
1.636540488011674182000000000000000000000e+92	
-7.572758057383109252000000000000000000000e+91	
9.571367140686314548000000000000000000000e+91	
-1.436679579681353653000000000000000000000e+92	
2.780710574423891826000000000000000000000e+91	
1.941305539848572829000000000000000000000e+92	
-4.525107539014122787000000000000000000000e+91	
1.211087315477980422000000000000000000000e+92	
-1.182728978272004686000000000000000000000e+92	
4.812324971351025440000000000000000000000e+91	
-1.912583796614882564000000000000000000000e+92	
-2.482590960355044000000000000000000000000e+91	
1.364574545186416092000000000000000000000e+92	
-1.029241748563569015300000000000000000000e+92	
6.243549831290000254000000000000000000000e+91	
-1.769461310620985082000000000000000000000e+92	
-1.154961955579301457000000000000000000000e+91	
1.486983015778813727000000000000000000000e+92	
-9.068332779711713803000000000000000000000e+91	
7.685037423375016506000000000000000000000e+91	
-1.625312551412483457000000000000000000000e+92	
5.038203282713883851000000000000000000000e+90	
1.674579899285398434000000000000000000000e+92	
-7.192363944645866732000000000000000000000e+91	
9.099007589474560416000000000000000000000e+91	
-1.483915534802529066000000000000000000000e+92	
1.456021747221825336000000000000000000000e+91	
1.723646147204785061000000000000000000000e+92	
-6.701701465452000470000000000000000000000e+91	
1.056541791496847736800000000000000000000e+92	
-1.337274502253137371000000000000000000000e+92	
3.897694320824674284000000000000000000000e+91	
2.065291093723505302000000000000000000000e+92	
-3.285252000264798052000000000000000000000e+91	
1.347353933655478794000000000000000000000e+92	
-1.046462360094506313700000000000000000000e+92	
6.297740677260830424000000000000000000000e+91	
-1.764042226023902065000000000000000000000e+92	
-8.744868187843584092000000000000000000000e+90	
1.537647697102355240000000000000000000000e+92	
-8.561685966476298676000000000000000000000e+91	
7.712523304123690604000000000000000000000e+91	
-1.622563963337616047000000000000000000000e+92	
5.238373945481401472000000000000000000000e+89	
1.581567827871836496000000000000000000000e+92	
-8.122484658781486112000000000000000000000e+91	
9.182821860516602878000000000000000000000e+91	
-1.475534107698324820000000000000000000000e+92	
2.553266400744656692000000000000000000000e+91	
1.934663215647906198000000000000000000000e+92	
-4.591530781020789096000000000000000000000e+91	
1.220539070952821583000000000000000000000e+92	
-1.173277222797163524000000000000000000000e+92	
5.067703227817591232000000000000000000000e+91	
-1.887045970968225984000000000000000000000e+92	
-2.066432057346538971000000000000000000000e+91	
1.422260498607926677000000000000000000000e+92	
-9.715557951420584307000000000000000000000e+91	
6.577285814932535288000000000000000000000e+91	
-1.736087712256731579000000000000000000000e+92	
-1.064228527769944543000000000000000000000e+91	
1.471768196428853386000000000000000000000e+92	
-9.220480973211317218000000000000000000000e+91	
8.046922947379048854000000000000000000000e+91	
-1.589123999012080222000000000000000000000e+92	
1.379483751798680610000000000000000000000e+91	
1.813498462523651186000000000000000000000e+92	
-5.803178312263339214000000000000000000000e+91	
1.095589714011815908000000000000000000000e+92	
-1.298226579738169200000000000000000000000e+92	
3.780382454990975242000000000000000000000e+91	
2.002806069164473160000000000000000000000e+92	
-3.910102245855119471000000000000000000000e+91	
1.236478613703802790000000000000000000000e+92	
-1.157337680046182317000000000000000000000e+92	
4.705325346690049904000000000000000000000e+91	
-1.923283759080980117000000000000000000000e+92	
-2.950323577386506648000000000000000000000e+91	
1.281745936762256835000000000000000000000e+92	
-1.112070356987728273000000000000000000000e+92	
6.179149939213464958000000000000000000000e+91	
-1.775901299828638612000000000000000000000e+92	
-4.558558169787478017000000000000000000000e+90	
1.633206235477189856000000000000000000000e+92	
-7.606100582727952521000000000000000000000e+91	
9.185376034923914312000000000000000000000e+91	
-1.475278690257593676000000000000000000000e+92	
2.042246390053545661000000000000000000000e+91	
1.832229354997546512000000000000000000000e+92	
-5.615869387524385960000000000000000000000e+91	
1.066798896929953341000000000000000000000e+92	
-1.327017396820031767000000000000000000000e+92	
3.017493688815993580000000000000000000000e+91	
1.879042771261610353000000000000000000000e+92	
-5.147735224883747545000000000000000000000e+91	
1.213316766857144934000000000000000000000e+92	
-1.180499526892840174000000000000000000000e+92	
5.479220727853072462000000000000000000000e+91	
-1.845894220964677861000000000000000000000e+92	
-1.171414758363558963000000000000000000000e+91	
1.560088146177454159000000000000000000000e+92	
-8.337281475725309483000000000000000000000e+91	
8.438580964854813024000000000000000000000e+91	
-1.549958197264503805000000000000000000000e+92	
1.279844913584369652000000000000000000000e+91	
1.754429343391065979000000000000000000000e+92	
-6.393869503589191282000000000000000000000e+91	
9.874397976578271079000000000000000000000e+91	
-1.406376496092158000000000000000000000000e+92	
2.208319578514072446000000000000000000000e+91	
1.796567823994788430000000000000000000000e+92	
-5.972484697551966773000000000000000000000e+91	
1.134248067167660945000000000000000000000e+92	
-1.259568226582324162000000000000000000000e+92	
4.722579254937478206000000000000000000000e+91	
-1.921558368256237287000000000000000000000e+92	
-1.894027650657684421000000000000000000000e+91	
1.491228021517627041000000000000000000000e+92	
-9.025882722323580667000000000000000000000e+91	
7.783974437454740652000000000000000000000e+91	
-1.615418850004511042000000000000000000000e+92	
6.592161873086195889000000000000000000000e+90	
1.695762559910493704000000000000000000000e+92	
-6.980537338394914036000000000000000000000e+91	
9.321674132003664672000000000000000000000e+91	
-1.461648880549618640000000000000000000000e+92	
1.689522831342872470000000000000000000000e+91	
1.748079170575939601000000000000000000000e+92	
-6.457371231740455070000000000000000000000e+91	
1.078650909904068532000000000000000000000e+92	
-1.315165383845916576000000000000000000000e+92	
4.095558020582041727000000000000000000000e+91	
2.082755871224638506000000000000000000000e+92	
-3.110604225253466020000000000000000000000e+91	
1.362498274063606655000000000000000000000e+92	
-1.031318019686378452800000000000000000000e+92	
6.425991258478080349000000000000000000000e+91	
-1.751217167902177073000000000000000000000e+92	
-7.694175181122125112000000000000000000000e+90	
1.545837652772527312000000000000000000000e+92	
-8.479786409774577952000000000000000000000e+91	
7.843329223832163812000000000000000000000e+91	
-1.609483371366768726000000000000000000000e+92	
2.320716830526077055000000000000000000000e+90	
1.604422391920084338000000000000000000000e+92	
-7.893939018299007700000000000000000000000e+91	
9.307698383068576863000000000000000000000e+91	
-1.463046455443127421000000000000000000000e+92	
2.574525398138104070000000000000000000000e+91	
1.926432519580990427000000000000000000000e+92	
-4.673837741689946804000000000000000000000e+91	
1.201956933222909592000000000000000000000e+92	
-1.191859360527075515000000000000000000000e+92	
4.778418949670645238000000000000000000000e+91	
-1.915974398782920584000000000000000000000e+92	
-2.459127746196918525000000000000000000000e+91	
1.372654935104486867000000000000000000000e+92	
-1.021161358645498240700000000000000000000e+92	
6.202937611706548134000000000000000000000e+91	
-1.773522532579330294000000000000000000000e+92	
-1.316929869045764364000000000000000000000e+91	
1.458656694524829734000000000000000000000e+92	
-9.351595992251553736000000000000000000000e+91	
7.658762581610031005000000000000000000000e+91	
-1.627940035588982007000000000000000000000e+92	
7.344059624686151466000000000000000000000e+90	
1.723311727184990077000000000000000000000e+92	
-6.705045665649950306000000000000000000000e+91	
9.797368018547959113000000000000000000000e+91	
-1.414079491895189196000000000000000000000e+92	
2.365319297510261286000000000000000000000e+91	
1.835659116695835711000000000000000000000e+92	
-5.581571770541493970000000000000000000000e+91	
1.123801109931371126000000000000000000000e+92	
-1.270015183818613982000000000000000000000e+92	
4.122973719072656786000000000000000000000e+91	
-1.981518921842719429000000000000000000000e+92	
-2.988522736845911420000000000000000000000e+91	
1.332314186921126516000000000000000000000e+92	
-1.061502106828858591000000000000000000000e+92	
5.700438999688742663000000000000000000000e+91	
-1.823772393781110841000000000000000000000e+92	
-1.918470296792445570000000000000000000000e+91	
1.388603399168585516000000000000000000000e+92	
-1.005212894581399592100000000000000000000e+92	
7.168597930449707330000000000000000000000e+91	
-1.676956500705014374000000000000000000000e+92	
4.545049202001939682000000000000000000000e+90	
1.716337519706574746000000000000000000000e+92	
-6.774787740434103618000000000000000000000e+91	
9.937680321917082998000000000000000000000e+91	
-1.400048261558276808000000000000000000000e+92	
2.715581441752412963000000000000000000000e+91	
1.891669866681810548000000000000000000000e+92	
-5.021464270681745592000000000000000000000e+91	
1.135342475917571181000000000000000000000e+92	
-1.258473817832413926000000000000000000000e+92	
3.793914848699593281000000000000000000000e+91	
-2.014424808880025780000000000000000000000e+92	
-3.761832937830080958000000000000000000000e+91	
1.210580142715604653000000000000000000000e+92	
-1.183236151034380454000000000000000000000e+92	
5.257210692472274785000000000000000000000e+91	
-1.868095224502757629000000000000000000000e+92	
-1.587971719779556179000000000000000000000e+91	
1.498987439404549833000000000000000000000e+92	
-8.948288543454352744000000000000000000000e+91	
7.633220562350827502000000000000000000000e+91	
-1.630494237514902358000000000000000000000e+92	
2.802278996834706848000000000000000000000e+90	
1.635051648385479046000000000000000000000e+92	
-7.587646453645060610000000000000000000000e+91	
9.067477240182779238000000000000000000000e+91	
-1.487068569731707184000000000000000000000e+92	
1.788062529935024190000000000000000000000e+91	
1.793189244915523816000000000000000000000e+92	
-6.006270488344612912000000000000000000000e+91	
1.049114058354721032400000000000000000000e+92	
-1.344702235395264075000000000000000000000e+92	
3.054091739842015792000000000000000000000e+91	
1.904036597502218561000000000000000000000e+92	
-4.897796962477665468000000000000000000000e+91	
1.193143673908793515000000000000000000000e+92	
-1.200672619841191592000000000000000000000e+92	
4.826045387650010492000000000000000000000e+91	
-1.911211754984984058000000000000000000000e+92	
-2.275809839982446590000000000000000000000e+91	
1.404549119623289403000000000000000000000e+92	
-9.892671741266957049000000000000000000000e+91	
6.432419961128452930000000000000000000000e+91	
-1.750574297637139815000000000000000000000e+92	
-1.176862494288044458000000000000000000000e+91	
1.463726384428704728000000000000000000000e+92	
-9.300899093212803797000000000000000000000e+91	
7.898458971143344944000000000000000000000e+91	
-1.603970396635650613000000000000000000000e+92	
1.163007783553853433000000000000000000000e+91	
1.785053051235452217000000000000000000000e+92	
-6.087632425145328910000000000000000000000e+91	
1.060349871312622343000000000000000000000e+92	
-1.333466422437362764000000000000000000000e+92	
3.360073527579949384000000000000000000000e+91	
1.953987506067749089000000000000000000000e+92	
-4.398287876822360185000000000000000000000e+91	
1.202085537995687832000000000000000000000e+92	
-1.191730755754297275000000000000000000000e+92	
4.505577672503000077000000000000000000000e+91	
-1.943258526499685100000000000000000000000e+92	
-3.005959923943387907000000000000000000000e+91	
1.290586262914219900000000000000000000000e+92	
-1.103230030835765207000000000000000000000e+92	
5.962710798953964374000000000000000000000e+91	
-1.797545213854588670000000000000000000000e+92	
-9.769856487989631365000000000000000000000e+90	
1.550639346610810846000000000000000000000e+92	
-8.431769471391742619000000000000000000000e+91	
8.055319648669984574000000000000000000000e+91	
-1.588284328882986650000000000000000000000e+92	
6.079539900367694958000000000000000000000e+90	
1.658391654463452204000000000000000000000e+92	
-7.354246392865329034000000000000000000000e+91	
9.500114185553623702000000000000000000000e+91	
-1.443804875194622737000000000000000000000e+92	
2.419837206133919578000000000000000000000e+91	
1.876270575176474926000000000000000000000e+92	
-5.175457185735101818000000000000000000000e+91	
1.117119129262289405000000000000000000000e+92	
-1.276697164487695703000000000000000000000e+92	
3.583454885057762394000000000000000000000e+91	
-2.035470805244208868000000000000000000000e+92	
-4.000505351144906385000000000000000000000e+91	
1.183893060459329776000000000000000000000e+92	
-1.209923233290655332000000000000000000000e+92	
5.050354873975612340000000000000000000000e+91	
-1.888780806352423874000000000000000000000e+92	
-1.734842401739463092000000000000000000000e+91	
1.490295899595712217000000000000000000000e+92	
-9.035203941542728904000000000000000000000e+91	
7.606230610325470008000000000000000000000e+91	
-1.633193232717438107000000000000000000000e+92	
3.131335707619333534000000000000000000000e+90	
1.644328796991979504000000000000000000000e+92	
-7.494874967580056032000000000000000000000e+91	
9.033474429317401378000000000000000000000e+91	
-1.490468850818244970000000000000000000000e+92	
1.627348513612644014000000000000000000000e+91	
1.764453028745064471000000000000000000000e+92	
-6.293632650049206366000000000000000000000e+91	
1.047209654120659317900000000000000000000e+92	
-1.346606639629325790000000000000000000000e+92	
3.303232283602760514000000000000000000000e+91	
1.955755763807686229000000000000000000000e+92	
-4.380605299422988783000000000000000000000e+91	
1.188085513397526168000000000000000000000e+92	
-1.205730780352458939000000000000000000000e+92	
4.207973076789195966000000000000000000000e+91	
-1.973018986071065511000000000000000000000e+92	
-3.461090434794384766000000000000000000000e+91	
1.229328459871463687000000000000000000000e+92	
-1.164487833878521421000000000000000000000e+92	
5.684047032807579600000000000000000000000e+91	
-1.825411590469227148000000000000000000000e+92	
-9.219013290096740561000000000000000000000e+90	
1.589505977618916992000000000000000000000e+92	
-8.043103161310681150000000000000000000000e+91	
8.777401936059352024000000000000000000000e+91	
-1.516076100144049905000000000000000000000e+92	
1.663286324370279332000000000000000000000e+91	
1.797233307812618992000000000000000000000e+92	
-5.965829859373661152000000000000000000000e+91	
1.034701365912295237400000000000000000000e+92	
-1.359114927837689870000000000000000000000e+92	
2.725489115333222234000000000000000000000e+91	
1.852737945802710640000000000000000000000e+92	
-5.410783479472744680000000000000000000000e+91	
1.180921549315353863000000000000000000000e+92	
-1.212894744434631245000000000000000000000e+92	
5.094394941520738044000000000000000000000e+91	
-1.884376799597911303000000000000000000000e+92	
-1.617083860780082948000000000000000000000e+91	
1.509439932302729241000000000000000000000e+92	
-8.843763614472558666000000000000000000000e+91	
7.871316054461051045000000000000000000000e+91	
-1.606684688303880003000000000000000000000e+92	
6.518274811665470554000000000000000000000e+90	
1.685555371403697766000000000000000000000e+92	
-7.082609223462873418000000000000000000000e+91	
9.289539319773582504000000000000000000000e+91	
-1.464862361772626857000000000000000000000e+92	
1.727290286528152034000000000000000000000e+91	
1.758842664025904861000000000000000000000e+92	
-6.349736297240802468000000000000000000000e+91	
1.074619066049973651000000000000000000000e+92	
-1.319197227700011456000000000000000000000e+92	
3.907359840616067719000000000000000000000e+91	
2.049155438582688800000000000000000000000e+92	
-3.446608551672963074000000000000000000000e+91	
1.314124582610870602000000000000000000000e+92	
-1.079691711139114505000000000000000000000e+92	
5.794595277580901919000000000000000000000e+91	
-1.814356765991894916000000000000000000000e+92	
-1.548399080230560302000000000000000000000e+91	
1.453188283296322159000000000000000000000e+92	
-9.406280104536629485000000000000000000000e+91	
7.230154217303123931000000000000000000000e+91	
-1.670800872019672714000000000000000000000e+92	
-6.794056383585815492000000000000000000000e+89	
1.605721858096113283000000000000000000000e+92	
-7.880944356538718247000000000000000000000e+91	
8.658493288470685348000000000000000000000e+91	
-1.527966964902916573000000000000000000000e+92	
1.263450102614882779000000000000000000000e+91	
1.729170909078511391000000000000000000000e+92	
-6.646453846714737165000000000000000000000e+91	
1.009631662943488684200000000000000000000e+92	
-1.384184630806496423000000000000000000000e+92	
2.904505082535924996000000000000000000000e+91	
1.913589456783969551000000000000000000000e+92	
-4.802268369660155570000000000000000000000e+91	
1.150828259677119104000000000000000000000e+92	
-1.242988034072866004000000000000000000000e+92	
3.884466641845320955000000000000000000000e+91	
-2.005369629565453012000000000000000000000e+92	
-3.735555186092560799000000000000000000000e+91	
1.206783712460002266000000000000000000000e+92	
-1.187032581289982842000000000000000000000e+92	
5.355204950972364930000000000000000000000e+91	
-1.858295798652748615000000000000000000000e+92	
-1.354086562408376223000000000000000000000e+91	
1.535958282177602426000000000000000000000e+92	
-8.578580115723826816000000000000000000000e+91	
8.138684665585483698000000000000000000000e+91	
-1.579947827191436738000000000000000000000e+92	
9.213801172068202645000000000000000000000e+90	
1.712728928807442603000000000000000000000e+92	
-6.810873649425425045000000000000000000000e+91	
9.556290399983802161000000000000000000000e+91	
-1.438187253751604891000000000000000000000e+92	
1.989059353532744827000000000000000000000e+91	
1.784521617344509613000000000000000000000e+92	
-6.092946764054754942000000000000000000000e+91	
1.101316842934162607000000000000000000000e+92	
-1.292499450815822500000000000000000000000e+92	
4.184520774757946987000000000000000000000e+91	
2.077889341743624875000000000000000000000e+92	
-3.159269520063602322000000000000000000000e+91	
1.343875788987514806000000000000000000000e+92	
-1.049940504762470301600000000000000000000e+92	
6.102275310714859350000000000000000000000e+91	
-1.783588762678499172000000000000000000000e+92	
-1.230556137999063821000000000000000000000e+91	
1.485988362654061108000000000000000000000e+92	
-9.078279310959239993000000000000000000000e+91	
7.536223315777076008000000000000000000000e+91	
-1.640193962172277507000000000000000000000e+92	
2.162077542310173611000000000000000000000e+90	
1.631945702788541046000000000000000000000e+92	
-7.618705909614440611000000000000000000000e+91	
8.966729624945114400000000000000000000000e+91	
-1.497143331255473668000000000000000000000e+92	
1.617661436975348679000000000000000000000e+91	
1.769187254275994127000000000000000000000e+92	
-6.246290394739909803000000000000000000000e+91	
1.039872647693732063500000000000000000000e+92	
-1.353943646056253044000000000000000000000e+92	
3.109209974377943557000000000000000000000e+91	
1.924294312862232660000000000000000000000e+92	
-4.695219808877524476000000000000000000000e+91	
1.182178382385640527000000000000000000000e+92	
-1.211637911364344580000000000000000000000e+92	
4.404317790408530980000000000000000000000e+91	
-1.953384514709132010000000000000000000000e+92	
-3.009456809743160227000000000000000000000e+91	
1.300008008615114823000000000000000000000e+92	
-1.093808285134870285000000000000000000000e+92	
5.850081499553668826000000000000000000000e+91	
-1.808808143794618225000000000000000000000e+92	
-1.296358763657999364000000000000000000000e+91	
1.498037942551045238000000000000000000000e+92	
-8.957783511989398694000000000000000000000e+91	
7.322767520848934956000000000000000000000e+91	
-1.661539541665091612000000000000000000000e+92	
-3.310334376718560550000000000000000000000e+90	
1.543859655322020374000000000000000000000e+92	
-8.499566384279647335000000000000000000000e+91	
8.792845573148776158000000000000000000000e+91	
-1.514531736435107492000000000000000000000e+92	
2.150401968714172589000000000000000000000e+91	
1.893088599379929594000000000000000000000e+92	
-5.007276943700555136000000000000000000000e+91	
1.177676922702049410000000000000000000000e+92	
-1.216139371047935698000000000000000000000e+92	
4.626212833112780076000000000000000000000e+91	
-1.931195010438707100000000000000000000000e+92	
-2.520784959806443983000000000000000000000e+91	
1.375539597711897910000000000000000000000e+92	
-1.018276696038087197700000000000000000000e+92	
6.097227097540881041000000000000000000000e+91	
-1.784093583995897004000000000000000000000e+92	
-1.557130558708060948000000000000000000000e+91	
1.421194301150632862000000000000000000000e+92	
-9.726219925993522460000000000000000000000e+91	
7.569023042403121723000000000000000000000e+91	
-1.636913989509672935000000000000000000000e+92	
9.294090400340035178000000000000000000000e+90	
1.771272125898304722000000000000000000000e+92	
-6.225441678516803856000000000000000000000e+91	
1.056143127856742075600000000000000000000e+92	
-1.337673165893243032000000000000000000000e+92	
3.413700264222598230000000000000000000000e+91	
1.968914834462304456000000000000000000000e+92	
-4.249014592876806514000000000000000000000e+91	
1.203024697323899474000000000000000000000e+92	
-1.190791596426085634000000000000000000000e+92	
4.375157189721613176000000000000000000000e+91	
-1.956300574777823790000000000000000000000e+92	
-3.276122902833276486000000000000000000000e+91	
1.249602669947110214000000000000000000000e+92	
-1.144213623802874893000000000000000000000e+92	
5.848912764403502500000000000000000000000e+91	
-1.808925017309634858000000000000000000000e+92	
-7.948931167285880535000000000000000000000e+90	
1.598422930962016182000000000000000000000e+92	
-7.953933627879689261000000000000000000000e+91	
8.828751621728705000000000000000000000000e+91	
-1.510941131577114608000000000000000000000e+92	
1.676834983994821642000000000000000000000e+91	
1.794809952405579507000000000000000000000e+92	
-5.990063413444056003000000000000000000000e+91	
1.028501669434519107200000000000000000000e+92	
-1.365314624315466000000000000000000000000e+92	
2.625747533478023028000000000000000000000e+91	
1.838991204337142209000000000000000000000e+92	
-5.548250894128428984000000000000000000000e+91	
1.175174436554539155000000000000000000000e+92	
-1.218641857195445953000000000000000000000e+92	
5.116880289391559722000000000000000000000e+91	
-1.882128264810829135000000000000000000000e+92	
-1.514681829185931335000000000000000000000e+91	
1.527667826639221088000000000000000000000e+92	
-8.661484671107640202000000000000000000000e+91	
8.133432157437392218000000000000000000000e+91	
-1.580473078006245886000000000000000000000e+92	
9.937410113783318235000000000000000000000e+90	
1.727722495888174382000000000000000000000e+92	
-6.660937978618107252000000000000000000000e+91	
9.626355455409122393000000000000000000000e+91	
-1.431180748209072868000000000000000000000e+92	
1.979293542601904018000000000000000000000e+91	
1.775565922540212318000000000000000000000e+92	
-6.182503712097727898000000000000000000000e+91	
1.109253448928790271000000000000000000000e+92	
-1.284562844821194836000000000000000000000e+92	
4.432725775167796951000000000000000000000e+91	
-1.950543716233205412000000000000000000000e+92	
-2.223768567235245099000000000000000000000e+91	
1.454267171247995609000000000000000000000e+92	
-9.395491225019894989000000000000000000000e+91	
7.374518189449756102000000000000000000000e+91	
-1.656364474805009498000000000000000000000e+92	
2.099320249309096594000000000000000000000e+90	
1.646853334342123786000000000000000000000e+92	
-7.469629594078613214000000000000000000000e+91	
8.792793594216398768000000000000000000000e+91	
-1.514536934328345231000000000000000000000e+92	
1.120873812795072814000000000000000000000e+91	
1.687239399793960692000000000000000000000e+92	
-7.065768939560244155000000000000000000000e+91	
1.026302208195288491900000000000000000000e+92	
-1.367514085554696616000000000000000000000e+92	
3.656939436917662352000000000000000000000e+91	
2.047376632572695749000000000000000000000e+92	
-3.464396611772893583000000000000000000000e+91	
1.335597433600275244000000000000000000000e+92	
-1.058218860149709863600000000000000000000e+92	
6.241724641481207480000000000000000000000e+91	
-1.769643829601864360000000000000000000000e+92	
-8.689845207235946638000000000000000000000e+90	
1.544346698723669394000000000000000000000e+92	
-8.494695950263157135000000000000000000000e+91	
7.821550628001620400000000000000000000000e+91	
-1.611661230949823068000000000000000000000e+92	
2.034274503871135214000000000000000000000e+90	
1.600871746650611924000000000000000000000e+92	
-7.929445470993731838000000000000000000000e+91	
9.286757182963300871000000000000000000000e+91	
-1.465140575453655020000000000000000000000e+92	
2.568142201966451519000000000000000000000e+91	
1.927249275852346905000000000000000000000e+92	
-4.665670178976382024000000000000000000000e+91	
1.204228041238510152000000000000000000000e+92	
-1.189588252511474955000000000000000000000e+92	
4.815666309430147082000000000000000000000e+91	
-1.912249662806970399000000000000000000000e+92	
-2.407351341070822072000000000000000000000e+91	
1.379284757090089468000000000000000000000e+92	
-1.014531536659895639300000000000000000000e+92	
6.238424795922972153000000000000000000000e+91	
-1.769973814157687892000000000000000000000e+92	
-1.312238386811553626000000000000000000000e+91	
1.456047805152662008000000000000000000000e+92	
-9.377684885973230992000000000000000000000e+91	
7.697826333665054512000000000000000000000e+91	
-1.624033660383479656000000000000000000000e+92	
8.385899359326538396000000000000000000000e+90	
1.740238905849183462000000000000000000000e+92	
-6.535773879008016453000000000000000000000e+91	
1.003169522626519478600000000000000000000e+92	
-1.390646771123465629000000000000000000000e+92	
2.664669550320710627000000000000000000000e+91	
1.872093210499240697000000000000000000000e+92	
-5.217230832507444106000000000000000000000e+91	
1.146436966139903888000000000000000000000e+92	
-1.247379327610081219000000000000000000000e+92	
4.211418574581602078000000000000000000000e+91	
-1.972674436291824900000000000000000000000e+92	
-3.037922952715535496000000000000000000000e+91	
1.313596518300335602000000000000000000000e+92	
-1.080219775449649506000000000000000000000e+92	
5.638089872679556300000000000000000000000e+91	
-1.830007306482029478000000000000000000000e+92	
-1.856053987247789500000000000000000000000e+91	
1.407315364605590613000000000000000000000e+92	
-9.865009291443944947000000000000000000000e+91	
7.091648946321408600000000000000000000000e+91	
-1.684651399117844248000000000000000000000e+92	
1.136187160067731359000000000000000000000e+90	
1.655868312583771952000000000000000000000e+92	
-7.379479811662131552000000000000000000000e+91	
9.069313671314805304000000000000000000000e+91	
-1.486884926618504577000000000000000000000e+92	
1.583671434098611192000000000000000000000e+91	
1.752137645913039676000000000000000000000e+92	
-6.416786478369454312000000000000000000000e+91	
1.051724591427724602300000000000000000000e+92	
-1.342091702322260505000000000000000000000e+92	
3.516601098996365168000000000000000000000e+91	
1.993906217840966372000000000000000000000e+92	
-3.999100759090187353000000000000000000000e+91	
1.242710064241666797000000000000000000000e+92	
-1.151106229508318310000000000000000000000e+92	
4.918877567079726648000000000000000000000e+91	
-1.901928537042012443000000000000000000000e+92	
-2.585608908112299822000000000000000000000e+91	
1.333326125711231213000000000000000000000e+92	
-1.060490168038753894000000000000000000000e+92	
6.374623586779392250000000000000000000000e+91	
-1.756353935072045883000000000000000000000e+92	
-5.805509943157043996000000000000000000000e+90	
1.588735769021629227000000000000000000000e+92	
-8.050805247283558804000000000000000000000e+91	
8.420821141536670564000000000000000000000e+91	
-1.551734179596318051000000000000000000000e+92	
9.580004469639253129000000000000000000000e+90	
1.691851565709441357000000000000000000000e+92	
-7.019647280405437506000000000000000000000e+91	
9.866941816993498962000000000000000000000e+91	
-1.407122112050635211000000000000000000000e+92	
2.818877317460708383000000000000000000000e+91	
1.919394231186751777000000000000000000000e+92	
-4.744220625632333303000000000000000000000e+91	
1.163460827836888181000000000000000000000e+92	
-1.230355465913096926000000000000000000000e+92	
4.079036281288399072000000000000000000000e+91	
-1.985912665621145200000000000000000000000e+92	
-3.472775551617961099000000000000000000000e+91	
1.239879280819447261000000000000000000000e+92	
-1.153937012930537847000000000000000000000e+92	
5.541484469964653970000000000000000000000e+91	
-1.839667846753519711000000000000000000000e+92	
-1.312411207363474718000000000000000000000e+91	
1.525672597769591115000000000000000000000e+92	
-8.681436959803939924000000000000000000000e+91	
7.891367551388166225000000000000000000000e+91	
-1.604679538611168485000000000000000000000e+92	
5.296746261033577150000000000000000000000e+90	
1.659126727749694714000000000000000000000e+92	
-7.346895660002903938000000000000000000000e+91	
9.326300127619872639000000000000000000000e+91	
-1.461186280987997844000000000000000000000e+92	
2.064948517269612475000000000000000000000e+91	
1.822683254696585454000000000000000000000e+92	
-5.711330390533996536000000000000000000000e+91	
1.074748861851416325000000000000000000000e+92	
-1.319067431898568783000000000000000000000e+92	
3.271866917988640942000000000000000000000e+91	
1.921958749281359855000000000000000000000e+92	
-4.718575444686252526000000000000000000000e+91	
1.219197886990193282000000000000000000000e+92	
-1.174618406759791826000000000000000000000e+92	
5.167867660843758587000000000000000000000e+91	
-1.877029527665609249000000000000000000000e+92	
-1.852747874910848463000000000000000000000e+91	
1.454975242281134520000000000000000000000e+92	
-9.388410514688505879000000000000000000000e+91	
7.017840038963659126000000000000000000000e+91	
-1.692032289853619195000000000000000000000e+92	
-5.103239553353185619000000000000000000000e+90	
1.538488047431893318000000000000000000000e+92	
-8.553282463180917900000000000000000000000e+91	
8.473542726043759394000000000000000000000e+91	
-1.546462021145609168000000000000000000000e+92	
1.565644527362766172000000000000000000000e+91	
1.808080606638014085000000000000000000000e+92	
-5.857356871119710230000000000000000000000e+91	
1.066149885596625884000000000000000000000e+92	
-1.327666408153359224000000000000000000000e+92	
3.245883995142880662000000000000000000000e+91	
1.925358154620379890000000000000000000000e+92	
-4.684581391296052172000000000000000000000e+91	
1.209904270754295282000000000000000000000e+92	
-1.183912022995689826000000000000000000000e+92	
4.948064451804739806000000000000000000000e+91	
-1.899009848569511127000000000000000000000e+92	
-2.199354992997972206000000000000000000000e+91	
1.407640450188648608000000000000000000000e+92	
-9.861758435613364997000000000000000000000e+91	
6.417814390005516390000000000000000000000e+91	
-1.752034854749433468000000000000000000000e+92	
-1.236964288912584844000000000000000000000e+91	
1.453168846816202919000000000000000000000e+92	
-9.406474469337821886000000000000000000000e+91	
7.889227644021490483000000000000000000000e+91	
-1.604893529347836059000000000000000000000e+92	
1.250072558113426882000000000000000000000e+91	
1.803384346513561944000000000000000000000e+92	
-5.904319472364231636000000000000000000000e+91	
1.088301194451890049000000000000000000000e+92	
-1.305515099298095058000000000000000000000e+92	
3.735739161812347758000000000000000000000e+91	
-2.020242377568750332000000000000000000000e+92	
-3.407976654052962717000000000000000000000e+91	
1.287148462659238620000000000000000000000e+92	
-1.106667831090746488000000000000000000000e+92	
5.216594458213086682000000000000000000000e+91	
-1.872156847928676439000000000000000000000e+92	
-2.434486118545737540000000000000000000000e+91	
1.333786290026213894000000000000000000000e+92	
-1.060030003723771214000000000000000000000e+92	
6.689192057073368662000000000000000000000e+91	
-1.724897088042648241000000000000000000000e+92	
4.383004264300287132000000000000000000000e+89	
1.682139711013076208000000000000000000000e+92	
-7.116765827369088990000000000000000000000e+91	
9.664364837430193914000000000000000000000e+91	
-1.427379810006965716000000000000000000000e+92	
2.510894388553849795000000000000000000000e+91	
1.878060589075398699000000000000000000000e+92	
-5.157557046745864082000000000000000000000e+91	
1.111597079607933339000000000000000000000e+92	
-1.282219214142051769000000000000000000000e+92	
3.455150142760261311000000000000000000000e+91	
-2.048301279473958976000000000000000000000e+92	
-4.201857967527502953000000000000000000000e+91	
1.156456646769344046000000000000000000000e+92	
-1.237359646980641062000000000000000000000e+92	
4.930820289118536146000000000000000000000e+91	
-1.900734264838131493000000000000000000000e+92	
-1.699624488221551345000000000000000000000e+91	
1.509285239252934384000000000000000000000e+92	
-8.845310544970507232000000000000000000000e+91	
7.950722512959367778000000000000000000000e+91	
-1.598744042454048330000000000000000000000e+92	
8.121470407738292548000000000000000000000e+90	
1.709674610691591339000000000000000000000e+92	
-6.841416830583937688000000000000000000000e+91	
9.446991167123429015000000000000000000000e+91	
-1.449117177037642206000000000000000000000e+92	
1.801043263313997019000000000000000000000e+91	
1.757852240070570022000000000000000000000e+92	
-6.359640536794150856000000000000000000000e+91	
1.091328092437421450000000000000000000000e+92	
-1.302488201312563658000000000000000000000e+92	
4.251356523470089593000000000000000000000e+91	
2.101236944704896043000000000000000000000e+92	
-2.925793490450890642000000000000000000000e+91	
1.383879126890230092000000000000000000000e+92	
-1.009937166859755015900000000000000000000e+92	
6.668783148942655656000000000000000000000e+91	
-1.726937978855719542000000000000000000000e+92	
-4.976566895326389331000000000000000000000e+90	
1.575909187751490261000000000000000000000e+92	
-8.179071059984948464000000000000000000000e+91	
8.082384343805690374000000000000000000000e+91	
-1.585577859369416070000000000000000000000e+92	
4.094972595150819384000000000000000000000e+90	
1.616005062318572881000000000000000000000e+92	
-7.778112314314122265000000000000000000000e+91	
9.553684507267057486000000000000000000000e+91	
-1.438447843023279359000000000000000000000e+92	
2.950606166410259591000000000000000000000e+91	
1.977043586425281837000000000000000000000e+92	
-4.167727073247032703000000000000000000000e+91	
1.265564518916079589000000000000000000000e+92	
-1.128251774833905518000000000000000000000e+92	
5.544395315614073452000000000000000000000e+91	
-1.839376762188577762000000000000000000000e+92	
-1.563315518529930227000000000000000000000e+91	
1.475213282532011273000000000000000000000e+92	
-9.186030112179738348000000000000000000000e+91	
7.133211810546353039000000000000000000000e+91	
-1.680495112695349804000000000000000000000e+92	
-4.819175132930416133000000000000000000000e+90	
1.532636486665674304000000000000000000000e+92	
-8.611798070843108036000000000000000000000e+91	
8.598994086752707112000000000000000000000e+91	
-1.533916885074714396000000000000000000000e+92	
1.874971302023941222000000000000000000000e+91	
1.857391674613831902000000000000000000000e+92	
-5.364246191361532056000000000000000000000e+91	
1.133830197750721278000000000000000000000e+92	
-1.259986095999263829000000000000000000000e+92	
4.106288140670722256000000000000000000000e+91	
-1.983187479682912882000000000000000000000e+92	
-3.122126556438618738000000000000000000000e+91	
1.307267799486052942000000000000000000000e+92	
-1.086548494263932165000000000000000000000e+92	
5.530638259077941415000000000000000000000e+91	
-1.840752467842190966000000000000000000000e+92	
-2.007648047099943203000000000000000000000e+91	
1.387743910822312285000000000000000000000e+92	
-1.006072382927672822700000000000000000000e+92	
6.989537430278087684000000000000000000000e+91	
-1.694862550722176339000000000000000000000e+92	
1.050636385519026387000000000000000000000e+90	
1.664363792695324169000000000000000000000e+92	
-7.294525010546609384000000000000000000000e+91	
9.247731814154074999000000000000000000000e+91	
-1.469043112334577608000000000000000000000e+92	
1.855506404974871683000000000000000000000e+91	
1.788658176750524973000000000000000000000e+92	
-6.051581169994601348000000000000000000000e+91	
1.068442906527703397000000000000000000000e+92	
-1.325373387222281711000000000000000000000e+92	
3.485860641853646544000000000000000000000e+91	
1.971049661331222704000000000000000000000e+92	
-4.227666324187624038000000000000000000000e+91	
1.209639732325620528000000000000000000000e+92	
-1.184176561424364579000000000000000000000e+92	
4.486087324517870432000000000000000000000e+91	
-1.945207561298198064000000000000000000000e+92	
-3.120435268710690612000000000000000000000e+91	
1.269644955855805880000000000000000000000e+92	
-1.124171337894179227000000000000000000000e+92	
5.954425724653073482000000000000000000000e+91	
-1.798373721284677759000000000000000000000e+92	
-7.842428217248890275000000000000000000000e+90	
1.590006414946287768000000000000000000000e+92	
-8.038098788036973390000000000000000000000e+91	
8.649818193000385014000000000000000000000e+91	
-1.528834474449946606000000000000000000000e+92	
1.403180449802169493000000000000000000000e+91	
1.757977102403396295000000000000000000000e+92	
-6.358391913465888122000000000000000000000e+91	
1.007018706432139280500000000000000000000e+92	
-1.386797587317845827000000000000000000000e+92	
2.564340382021942465000000000000000000000e+91	
1.848185101707028210000000000000000000000e+92	
-5.456311920429568974000000000000000000000e+91	
1.151914775414092800000000000000000000000e+92	
-1.241901518335892308000000000000000000000e+92	
4.559909603763533891000000000000000000000e+91	
-1.937825333373631718000000000000000000000e+92	
-2.395865158536513003000000000000000000000e+91	
1.407144364348133983000000000000000000000e+92	
-9.866719294018511244000000000000000000000e+91	
6.604307510829729707000000000000000000000e+91	
-1.733385542667012137000000000000000000000e+92	
-8.591124693214271620000000000000000000000e+90	
1.510080375347572582000000000000000000000e+92	
-8.837359184024125259000000000000000000000e+91	
8.052947889393677120000000000000000000000e+91	
-1.588521504810617396000000000000000000000e+92	
1.008599515563162627100000000000000000000e+91	
1.738737878627649776000000000000000000000e+92	
-6.550784151223353311000000000000000000000e+91	
9.831757180609016423000000000000000000000e+91	
-1.410640575689083465000000000000000000000e+92	
2.279895763804256377000000000000000000000e+91	
1.815141456439459182000000000000000000000e+92	
-5.786748373105259259000000000000000000000e+91	
1.128645491733752758000000000000000000000e+92	
-1.265170802016232350000000000000000000000e+92	
4.424911738991454396000000000000000000000e+91	
-1.951325119850839668000000000000000000000e+92	
-2.433216670909770793000000000000000000000e+91	
1.413168988807082898000000000000000000000e+92	
-9.806473049429022096000000000000000000000e+91	
6.762102941130258628000000000000000000000e+91	
-1.717605999636959245000000000000000000000e+92	
-6.038164003892114616000000000000000000000e+90	
1.545355193812058710000000000000000000000e+92	
-8.484610999379263979000000000000000000000e+91	
8.199055500340123720000000000000000000000e+91	
-1.573910743715972736000000000000000000000e+92	
9.481693911512187359000000000000000000000e+90	
1.712051371366687441000000000000000000000e+92	
-6.817649223832976668000000000000000000000e+91	
9.620532126321640841000000000000000000000e+91	
-1.431763081117821024000000000000000000000e+92	
2.124283037598908106000000000000000000000e+91	
1.805138648981160009000000000000000000000e+92	
-5.886776447688250986000000000000000000000e+91	
1.106896951550688213000000000000000000000e+92	
-1.286919342199296895000000000000000000000e+92	
4.090027464631616826000000000000000000000e+91	
2.053418050768557886000000000000000000000e+92	
-3.403982429814272210000000000000000000000e+91	
1.304390013994349648000000000000000000000e+92	
-1.089426279755635460000000000000000000000e+92	
5.557347442840222380000000000000000000000e+91	
-1.838081549465962870000000000000000000000e+92	
-1.925479438765533545000000000000000000000e+91	
1.401503954076512693000000000000000000000e+92	
-9.923123396734724144000000000000000000000e+91	
7.009683459701829323000000000000000000000e+91	
-1.692847947779802175000000000000000000000e+92	
7.813718120597408410000000000000000000000e+88	
1.642905048083980912000000000000000000000e+92	
-7.509112456660041958000000000000000000000e+91	
8.915865237455606776000000000000000000000e+91	
-1.502229770004424430000000000000000000000e+92	
1.406419063727099902000000000000000000000e+91	
1.732033199869702378000000000000000000000e+92	
-6.617830938802827296000000000000000000000e+91	
1.036680591026413053900000000000000000000e+92	
-1.357135702723572054000000000000000000000e+92	
3.416740367199825020000000000000000000000e+91	
1.988975554715939012000000000000000000000e+92	
-4.048407390340460960000000000000000000000e+91	
1.242832295256947561000000000000000000000e+92	
-1.150983998493037547000000000000000000000e+92	
4.970603672013318318000000000000000000000e+91	
-1.896755926548653276000000000000000000000e+92	
-2.483404142505551274000000000000000000000e+91	
1.348591956179302216000000000000000000000e+92	
-1.045224337570682891700000000000000000000e+92	
6.420339004684796068000000000000000000000e+91	
-1.751782393281505501000000000000000000000e+92	
-6.417252411645950674000000000000000000000e+90	
1.571934697414723133000000000000000000000e+92	
-8.218815963352619744000000000000000000000e+91	
8.146027125307861887000000000000000000000e+91	
-1.579213581219198919000000000000000000000e+92	
5.764762731752668894000000000000000000000e+90	
1.643031444189844730000000000000000000000e+92	
-7.507848495601403772000000000000000000000e+91	
9.605079609735240034000000000000000000000e+91	
-1.433308332776461104000000000000000000000e+92	
2.783241476525568786000000000000000000000e+91	
1.938442025169901234000000000000000000000e+92	
-4.553742685800838736000000000000000000000e+91	
1.205108746944071364000000000000000000000e+92	
-1.188707546805913744000000000000000000000e+92	
4.721404250076585466000000000000000000000e+91	
-1.921675868742326561000000000000000000000e+92	
-2.604631222662965566000000000000000000000e+91	
1.349260113571332112000000000000000000000e+92	
-1.044556180178652995600000000000000000000e+92	
6.156414224640994141000000000000000000000e+91	
-1.778174871285885694000000000000000000000e+92	
-1.176121703129426314000000000000000000000e+91	
1.491461343528252210000000000000000000000e+92	
-9.023549502217328972000000000000000000000e+91	
7.590254454687028890000000000000000000000e+91	
-1.634790848281282219000000000000000000000e+92	
2.695405710144275133000000000000000000000e+90	
1.637209187007464492000000000000000000000e+92	
-7.566071067425206160000000000000000000000e+91	
9.020770101747925732000000000000000000000e+91	
-1.491739283575192534000000000000000000000e+92	
1.673106848852787826000000000000000000000e+91	
1.774872219052119098000000000000000000000e+92	
-6.189440746978660098000000000000000000000e+91	
1.045252874203213022400000000000000000000e+92	
-1.348563419546772085000000000000000000000e+92	
3.159966373390243326000000000000000000000e+91	
1.929065517738130243000000000000000000000e+92	
-4.647507760118548644000000000000000000000e+91	
1.187587202309185798000000000000000000000e+92	
-1.206229091440799310000000000000000000000e+92	
4.464778966916287292000000000000000000000e+91	
-1.947338397058356378000000000000000000000e+92	
-2.942625827588069210000000000000000000000e+91	
1.307327770390701044000000000000000000000e+92	
-1.086488523359284064000000000000000000000e+92	
5.909711480798997040000000000000000000000e+91	
-1.802845145670085404000000000000000000000e+92	
-1.250289666748684349000000000000000000000e+91	
1.501289438689793356000000000000000000000e+92	
-8.925268550601917514000000000000000000000e+91	
7.341735092170099218000000000000000000000e+91	
-1.659642784532975186000000000000000000000e+92	
-3.256065143184897246000000000000000000000e+90	
1.543048956734896638000000000000000000000e+92	
-8.507673370150884692000000000000000000000e+91	
8.813381199772446256000000000000000000000e+91	
-1.512478173772740482000000000000000000000e+92	
2.199565953329533274000000000000000000000e+91	
1.900866408899712690000000000000000000000e+92	
-4.929498848502724172000000000000000000000e+91	
1.188314719248206308000000000000000000000e+92	
-1.205501574501778799000000000000000000000e+92	
4.761176435606293870000000000000000000000e+91	
-1.917698650189355721000000000000000000000e+92	
-2.357249946429356764000000000000000000000e+91	
1.394748818231116724000000000000000000000e+92	
-9.990674755188683840000000000000000000000e+91	
6.317862282556059012000000000000000000000e+91	
-1.762030065494379206000000000000000000000e+92	
-1.307966598789148411000000000000000000000e+91	
1.448962154847904750000000000000000000000e+92	
-9.448541389020803572000000000000000000000e+91	
7.786003134190753280000000000000000000000e+91	
-1.615215980330909780000000000000000000000e+92	
1.085720894292455654000000000000000000000e+91	
1.780839506833483958000000000000000000000e+92	
-6.129767869165011494000000000000000000000e+91	
1.059649722060918226000000000000000000000e+92	
-1.334166571689066881000000000000000000000e+92	
3.388188501532544348000000000000000000000e+91	
1.960308902476845169000000000000000000000e+92	
-4.335073912731399390000000000000000000000e+91	
1.200973039250023595000000000000000000000e+92	
-1.192843254499961513000000000000000000000e+92	
4.420150729594151086000000000000000000000e+91	
-1.951801220790569999000000000000000000000e+92	
-3.165651844620811271000000000000000000000e+91	
1.267194268997723414000000000000000000000e+92	
-1.126622024752261694000000000000000000000e+92	
5.886139445774076924000000000000000000000e+91	
-1.805202349172577415000000000000000000000e+92	
-8.962867233034193062000000000000000000000e+90	
1.574428440194046930000000000000000000000e+92	
-8.193878535559381774000000000000000000000e+91	
8.450324365452167496000000000000000000000e+91	
-1.548783857204768358000000000000000000000e+92	
1.159994297314015286000000000000000000000e+91	
1.729291429086494389000000000000000000000e+92	
-6.645248646634907184000000000000000000000e+91	
9.876104457375884903000000000000000000000e+91	
-1.406205848012396617000000000000000000000e+92	
2.462985730613482594000000000000000000000e+91	
1.847317817349007353000000000000000000000e+92	
-5.464984764009777547000000000000000000000e+91	
1.131441346618736640000000000000000000000e+92	
-1.262374947131248467000000000000000000000e+92	
4.159211444885634800000000000000000000000e+91	
-1.977895149261421628000000000000000000000e+92	
-2.992429663448883566000000000000000000000e+91	
1.327911026888937144000000000000000000000e+92	
-1.065905266861047964000000000000000000000e+92	
5.616302694402204774000000000000000000000e+91	
-1.832186024309764630000000000000000000000e+92	
-2.042691348227157058000000000000000000000e+91	
1.372174814298658100000000000000000000000e+92	
-1.021641479451327007300000000000000000000e+92	
7.089292727384771893000000000000000000000e+91	
-1.684887021011507918000000000000000000000e+92	
4.601380706467339708000000000000000000000e+90	
1.725390442994832348000000000000000000000e+92	
-6.684258507551527601000000000000000000000e+91	
1.011306338719720605500000000000000000000e+92	
-1.382509955030264502000000000000000000000e+92	
2.975776110418068252000000000000000000000e+91	
1.926166273087329923000000000000000000000e+92	
-4.676500206626551847000000000000000000000e+91	
1.161319470461976135000000000000000000000e+92	
-1.232496823288008973000000000000000000000e+92	
3.968533073893969799000000000000000000000e+91	
-1.996962986360588128000000000000000000000e+92	
-3.672324055624200787000000000000000000000e+91	
1.211024332254480906000000000000000000000e+92	
-1.182791961495504201000000000000000000000e+92	
5.441610190712262466000000000000000000000e+91	
-1.849655274678758861000000000000000000000e+92	
-1.223704177775511552000000000000000000000e+91	
1.553392046529709085000000000000000000000e+92	
-8.404242472202760228000000000000000000000e+91	
8.356955692881949599000000000000000000000e+91	
-1.558120724461790148000000000000000000000e+92	
1.183562664052420624000000000000000000000e+91	
1.743336150112400889000000000000000000000e+92	
-6.504801436375842188000000000000000000000e+91	
9.769099092224808493000000000000000000000e+91	
-1.416906384527504258000000000000000000000e+92	
2.108650939207514026000000000000000000000e+91	
1.787163704369709872000000000000000000000e+92	
-6.066525893802752352000000000000000000000e+91	
1.123666112382584313000000000000000000000e+92	
-1.270150181367400794000000000000000000000e+92	
4.604987217191930862000000000000000000000e+91	
2.139623558034695984000000000000000000000e+92	
-2.541927357152891236000000000000000000000e+91	
1.425287779457464425000000000000000000000e+92	
-9.685285142925206822000000000000000000000e+91	
7.113075027276034714000000000000000000000e+91	
-1.682508791022381636000000000000000000000e+92	
-2.317449076675487535000000000000000000000e+89	
1.626374937196581572000000000000000000000e+92	
-7.674413565534035352000000000000000000000e+91	
8.616318071787629679000000000000000000000e+91	
-1.532184486571222140000000000000000000000e+92	
9.726926511921042985000000000000000000000e+90	
1.675249311597282646000000000000000000000e+92	
-7.185669821527024620000000000000000000000e+91	
1.008345447205951933000000000000000000000e+92	
-1.385470846544033175000000000000000000000e+92	
3.417734793301250976000000000000000000000e+91	
2.017495432781319297000000000000000000000e+92	
-3.763208609686658110000000000000000000000e+91	
1.299758464844683639000000000000000000000e+92	
-1.094057828905301469000000000000000000000e+92	
5.823786914175206210000000000000000000000e+91	
-1.811437602332464487000000000000000000000e+92	
-1.346440652643420519000000000000000000000e+91	
1.490652207109086283000000000000000000000e+92	
-9.031640866408988246000000000000000000000e+91	
7.238973188051601534000000000000000000000e+91	
-1.669918974944824954000000000000000000000e+92	
-4.247598035337076303000000000000000000000e+90	
1.533494309714593360000000000000000000000e+92	
-8.603219840353917470000000000000000000000e+91	
8.710333141734034955000000000000000000000e+91	
-1.522782979576581612000000000000000000000e+92	
2.089020040753741204000000000000000000000e+91	
1.889062405332401854000000000000000000000e+92	
-5.047538884175832541000000000000000000000e+91	
1.175761676329467568000000000000000000000e+92	
-1.218054617420517540000000000000000000000e+92	
4.628159340631575390000000000000000000000e+91	
-1.931000359686827568000000000000000000000e+92	
-2.497749981319624202000000000000000000000e+91	
1.379950893152287896000000000000000000000e+92	
-1.013865400597697211400000000000000000000e+92	
6.162407538033961952000000000000000000000e+91	
-1.777575539946588912000000000000000000000e+92	
-1.470893116733249314000000000000000000000e+91	
1.431922697557327562000000000000000000000e+92	
-9.618935961926575459000000000000000000000e+91	
7.631637356043041922000000000000000000000e+91	
-1.630652558145680915000000000000000000000e+92	
9.473759338893021912000000000000000000000e+90	
1.768606295263265290000000000000000000000e+92	
-6.252099984867198178000000000000000000000e+91	
1.049016998053229113100000000000000000000e+92	
-1.344799295696755994000000000000000000000e+92	
3.297858171971231868000000000000000000000e+91	
1.952874764457698102000000000000000000000e+92	
-4.409415292922870057000000000000000000000e+91	
1.190166379955854762000000000000000000000e+92	
-1.203649913794130346000000000000000000000e+92	
4.278375707851464047000000000000000000000e+91	
-1.965978722964838703000000000000000000000e+92	
-3.341118519568102537000000000000000000000e+91	
1.246280112907305402000000000000000000000e+92	
-1.147536180842679706000000000000000000000e+92	
5.748520822166466285000000000000000000000e+91	
-1.818964211533338479000000000000000000000e+92	
-9.624180042704979132000000000000000000000e+90	
1.574960488667218752000000000000000000000e+92	
-8.188558050827663554000000000000000000000e+91	
8.527061056646446488000000000000000000000e+91	
-1.541110188085340459000000000000000000000e+92	
1.308111653431300576000000000000000000000e+91	
1.751237678805355370000000000000000000000e+92	
-6.425786149446297374000000000000000000000e+91	
9.944336736931538600000000000000000000000e+91	
-1.399382620056831248000000000000000000000e+92	
2.380063054931486436000000000000000000000e+91	
1.823917576751006429000000000000000000000e+92	
-5.698987169989786784000000000000000000000e+91	
1.140034351177379537000000000000000000000e+92	
-1.253781942572605571000000000000000000000e+92	
4.564914721989645481000000000000000000000e+91	
-1.937324821551020560000000000000000000000e+92	
-2.267112295637467260000000000000000000000e+91	
1.432388266579725600000000000000000000000e+92	
-9.614280271702595076000000000000000000000e+91	
6.980371137955440410000000000000000000000e+91	
-1.695779179954441066000000000000000000000e+92	
-3.594857613592511108000000000000000000000e+90	
1.572393204891953202000000000000000000000e+92	
-8.214230888580319058000000000000000000000e+91	
8.413962063476712273000000000000000000000e+91	
-1.552420087402313880000000000000000000000e+92	
1.107630014018596850000000000000000000000e+91	
1.722455598991887477000000000000000000000e+92	
-6.713606947580976308000000000000000000000e+91	
9.841674490739766107000000000000000000000e+91	
-1.409648844676008497000000000000000000000e+92	
2.462467213251054154000000000000000000000e+91	
1.850655422876820581000000000000000000000e+92	
-5.431608708731645263000000000000000000000e+91	
1.127603880706768625000000000000000000000e+92	
-1.266212413043216483000000000000000000000e+92	
4.049121779381499950000000000000000000000e+91	
-1.988904115811835113000000000000000000000e+92	
-3.174198645094843103000000000000000000000e+91	
1.302569764358232733000000000000000000000e+92	
-1.091246529391752374000000000000000000000e+92	
5.472949417881094071000000000000000000000e+91	
-1.846521351961875700000000000000000000000e+92	
-2.076040048945834774000000000000000000000e+91	
1.379834927234558185000000000000000000000e+92	
-1.013981366515426922400000000000000000000e+92	
6.933186048628432872000000000000000000000e+91	
-1.700497688887141820000000000000000000000e+92	
7.143939493581108470000000000000000000000e+89	
1.663272951080808926000000000000000000000e+92	
-7.305433426691761816000000000000000000000e+91	
9.259527920546145750000000000000000000000e+91	
-1.467863501695370532000000000000000000000e+92	
1.889995734596544134000000000000000000000e+91	
1.794375302667220336000000000000000000000e+92	
-5.994409910827647713000000000000000000000e+91	
1.069353845135883615000000000000000000000e+92	
-1.324462448614101493000000000000000000000e+92	
3.446932073692366208000000000000000000000e+91	
1.962355399784629213000000000000000000000e+92	
-4.314608939653558948000000000000000000000e+91	
1.211114812083473366000000000000000000000e+92	
-1.182701481666511742000000000000000000000e+92	
4.602480925613397829000000000000000000000e+91	
-1.933568201188645325000000000000000000000e+92	
-2.902449448438895048000000000000000000000e+91	
1.301597703883958190000000000000000000000e+92	
-1.092218589866026917000000000000000000000e+92	
6.058705780517357886000000000000000000000e+91	
-1.787945715698249319000000000000000000000e+92	
-8.951030685861726243000000000000000000000e+90	
1.557417066825668889000000000000000000000e+92	
-8.363992269243162182000000000000000000000e+91	
8.108998492545479698000000000000000000000e+91	
-1.582916444495437138000000000000000000000e+92	
6.475414919367843656000000000000000000000e+90	
1.660941971736487600000000000000000000000e+92	
-7.328743220134975074000000000000000000000e+91	
9.555379096563168666000000000000000000000e+91	
-1.438278384093668241000000000000000000000e+92	
2.504849043966674348000000000000000000000e+91	
1.887744971233591519000000000000000000000e+92	
-5.060713225163935888000000000000000000000e+91	
1.131565257921519023000000000000000000000e+92	
-1.262251035828466085000000000000000000000e+92	
3.757618708317755050000000000000000000000e+91	
-2.018054422918209603000000000000000000000e+92	
-3.796653773210462942000000000000000000000e+91	
1.207245516256546379000000000000000000000e+92	
-1.186570777493438729000000000000000000000e+92	
5.220789857585835928000000000000000000000e+91	
-1.871737307991401515000000000000000000000e+92	
-1.627465594847513907000000000000000000000e+91	
1.494730900814887546000000000000000000000e+92	
-8.990853929350975616000000000000000000000e+91	
7.587585194217286020000000000000000000000e+91	
-1.635057774328256506000000000000000000000e+92	
2.315240771440233655000000000000000000000e+90	
1.629874573398009554000000000000000000000e+92	
-7.639417203519755539000000000000000000000e+91	
9.022264534588422656000000000000000000000e+91	
-1.491589840291142842000000000000000000000e+92	
1.749404604894158199000000000000000000000e+91	
1.789978604256527406000000000000000000000e+92	
-6.038376894934577010000000000000000000000e+91	
1.044521739073097043800000000000000000000e+92	
-1.349294554676888064000000000000000000000e+92	
2.994358636967788306000000000000000000000e+91	
1.896682983483621168000000000000000000000e+92	
-4.971333102663639398000000000000000000000e+91	
1.188720078264916609000000000000000000000e+92	
-1.205096215485068499000000000000000000000e+92	
4.811095033203250505000000000000000000000e+91	
-1.912706790429660057000000000000000000000e+92	
-2.261489166935520691000000000000000000000e+91	
1.408906832952843094000000000000000000000e+92	
-9.849094607971420140000000000000000000000e+91	
6.505238994677181836000000000000000000000e+91	
-1.743292394282266924000000000000000000000e+92	
-1.074816113235508104000000000000000000000e+91	
1.476852302733644566000000000000000000000e+92	
-9.169639910163405420000000000000000000000e+91	
7.967739992697200174000000000000000000000e+91	
-1.597042294480265090000000000000000000000e+92	
1.170341488141548036000000000000000000000e+91	
1.779594772915510718000000000000000000000e+92	
-6.142215208344743890000000000000000000000e+91	
1.048703025597606360700000000000000000000e+92	
-1.345113268152378747000000000000000000000e+92	
3.181750194980356749000000000000000000000e+91	
1.929972763580236126000000000000000000000e+92	
-4.638435301697489822000000000000000000000e+91	
1.191182379273594056000000000000000000000e+92	
-1.202633914476391052000000000000000000000e+92	
4.527596670818274439000000000000000000000e+91	
-1.941056626668157664000000000000000000000e+92	
-2.852955559736018686000000000000000000000e+91	
1.318978717205525819000000000000000000000e+92	
-1.074837576544459289000000000000000000000e+92	
5.969284150864764843000000000000000000000e+91	
-1.796887878663508623000000000000000000000e+92	
-1.247625459159778810000000000000000000000e+91	
1.495867845351388098000000000000000000000e+92	
-8.979484483985970090000000000000000000000e+91	
7.389768366830978451000000000000000000000e+91	
-1.654839457066887262000000000000000000000e+92	
-1.753749177413561704000000000000000000000e+90	
1.568286862503804934000000000000000000000e+92	
-8.255294312461801740000000000000000000000e+91	
8.849321764593136073000000000000000000000e+91	
-1.508884117290671500000000000000000000000e+92	
2.019175739729801360000000000000000000000e+91	
1.861205075781895063000000000000000000000e+92	
-5.326112179680900442000000000000000000000e+91	
1.127041835098808404000000000000000000000e+92	
-1.266774458651176704000000000000000000000e+92	
3.932439637506499225000000000000000000000e+91	
-2.000572329999335185000000000000000000000e+92	
-3.401887200950981791000000000000000000000e+91	
1.268705791805231569000000000000000000000e+92	
-1.125110501944753539000000000000000000000e+92	
5.369489187764521996000000000000000000000e+91	
-1.856867374973532908000000000000000000000e+92	
-1.944437824888661902000000000000000000000e+91	
1.416489696758444655000000000000000000000e+92	
-9.773265969915404524000000000000000000000e+91	
6.802200289792125733000000000000000000000e+91	
-1.713596264770772534000000000000000000000e+92	
-5.568322116435272830000000000000000000000e+90	
1.550741953959218812000000000000000000000e+92	
-8.430743397907662954000000000000000000000e+91	
8.238288258982363962000000000000000000000e+91	
-1.569987467851748711000000000000000000000e+92	
9.727745902527404606000000000000000000000e+90	
1.713049863289165985000000000000000000000e+92	
-6.807664304608191230000000000000000000000e+91	
9.661433538124506248000000000000000000000e+91	
-1.427672939937534483000000000000000000000e+92	
2.196085555839960852000000000000000000000e+91	
1.815407473600811920000000000000000000000e+92	
-5.784088201491731880000000000000000000000e+91	
1.110617896085021827000000000000000000000e+92	
-1.283198397664963280000000000000000000000e+92	
4.061790695806302579000000000000000000000e+91	
2.044053009515880758000000000000000000000e+92	
-3.497632842341043490000000000000000000000e+91	
1.288486863797318722000000000000000000000e+92	
-1.105329429952666385000000000000000000000e+92	
5.332967389483099302000000000000000000000e+91	
-1.860519554801675177000000000000000000000e+92	
-2.215175521645890754000000000000000000000e+91	
1.366005993404002995000000000000000000000e+92	
-1.027810300345982112600000000000000000000e+92	
6.793293122399903180000000000000000000000e+91	
-1.714486981509994790000000000000000000000e+92	
-7.005632116178440626000000000000000000000e+89	
1.648963180249818757000000000000000000000e+92	
-7.448531135001663509000000000000000000000e+91	
9.114829017283724540000000000000000000000e+91	
-1.482333392021612654000000000000000000000e+92	
1.743696433244619812000000000000000000000e+91	
1.779585412369722469000000000000000000000e+92	
-6.142308813802626383000000000000000000000e+91	
1.054922299736661202600000000000000000000e+92	
-1.338893994013323905000000000000000000000e+92	
3.306198285316068306000000000000000000000e+91	
1.948640009260661243000000000000000000000e+92	
-4.451762844893238646000000000000000000000e+91	
1.196660571052967000000000000000000000000e+92	
-1.197155722697018108000000000000000000000e+92	
4.450553687263312003000000000000000000000e+91	
-1.948760925023653907000000000000000000000e+92	
-3.061757839643584681000000000000000000000e+91	
1.284929116814168972000000000000000000000e+92	
-1.108887176935816136000000000000000000000e+92	
5.907852087134279552000000000000000000000e+91	
-1.803031085036557152000000000000000000000e+92	
-1.030132463817782621400000000000000000000e+91	
1.545495769593440529000000000000000000000e+92	
-8.483205241565445785000000000000000000000e+91	
8.005594071809635919000000000000000000000e+91	
-1.593256886569021516000000000000000000000e+92	
5.599377553817923240000000000000000000000e+90	
1.653760880150050658000000000000000000000e+92	
-7.400554135999344496000000000000000000000e+91	
9.450254476492150779000000000000000000000e+91	
-1.448790846100770030000000000000000000000e+92	
2.366427298843720711000000000000000000000e+91	
1.870574741306482846000000000000000000000e+92	
-5.232415524435022618000000000000000000000e+91	
1.111068628845296494000000000000000000000e+92	
-1.282747664904688614000000000000000000000e+92	
3.519404980478688227000000000000000000000e+91	
1.935152350790627345000000000000000000000e+92	
-4.586639429593577630000000000000000000000e+91	
1.256829908316398553000000000000000000000e+92	
-1.136986385433586555000000000000000000000e+92	
5.788450450152204326000000000000000000000e+91	
-1.814971248734764675000000000000000000000e+92	
-9.880240711515977859000000000000000000000e+90	
1.565849573992309478000000000000000000000e+92	
-8.279667197576756298000000000000000000000e+91	
8.370481428796771906000000000000000000000e+91	
-1.556768150870307917000000000000000000000e+92	
1.086094127025106361000000000000000000000e+91	
1.722495392941962105000000000000000000000e+92	
-6.713209008080230029000000000000000000000e+91	
9.795669754109816195000000000000000000000e+91	
-1.414249318339003488000000000000000000000e+92	
2.370082893603731708000000000000000000000e+91	
1.836781340772414252000000000000000000000e+92	
-5.570349529775708555000000000000000000000e+91	
1.123555461389821290000000000000000000000e+92	
-1.270260832360163817000000000000000000000e+92	
4.106845314936139008000000000000000000000e+91	
2.040130564422590248000000000000000000000e+92	
-3.536857293273948593000000000000000000000e+91	
1.276140705994889868000000000000000000000e+92	
-1.117675587755095240000000000000000000000e+92	
5.125310606465122074000000000000000000000e+91	
-1.881285233103472900000000000000000000000e+92	
-2.506985608423132923000000000000000000000e+91	
1.328413842388505634000000000000000000000e+92	
-1.065402451361479473000000000000000000000e+92	
6.595820508397179518000000000000000000000e+91	
-1.734234242910267156000000000000000000000e+92	
-8.916884726482489104000000000000000000000e+89	
1.664879060023925867000000000000000000000e+92	
-7.289372337260592404000000000000000000000e+91	
9.452170418988341909000000000000000000000e+91	
-1.448599251851150917000000000000000000000e+92	
2.259131763185235463000000000000000000000e+91	
1.848929475027733354000000000000000000000e+92	
-5.448868187222517530000000000000000000000e+91	
1.086514929796291708000000000000000000000e+92	
-1.307301363953693400000000000000000000000e+92	
3.244798136616697988000000000000000000000e+91	
1.904786127779954289000000000000000000000e+92	
-4.890301659700308188000000000000000000000e+91	
1.232651444127346609000000000000000000000e+92	
-1.161164849622638499000000000000000000000e+92	
5.608512602000587763000000000000000000000e+91	
-1.832965033549926331000000000000000000000e+92	
-1.106145904716200906000000000000000000000e+91	
1.560215915711140667000000000000000000000e+92	
-8.336003780388444404000000000000000000000e+91	
8.375899348214069373000000000000000000000e+91	
-1.556226358928578170000000000000000000000e+92	
1.153235815450006936000000000000000000000e+91	
1.735378866892567012000000000000000000000e+92	
-6.584374268574180954000000000000000000000e+91	
9.793815961199969507000000000000000000000e+91	
-1.414434697629988157000000000000000000000e+92	
2.237605607739961506000000000000000000000e+91	
1.810477763600036939000000000000000000000e+92	
-5.833385301499481689000000000000000000000e+91	
1.124907668938826486000000000000000000000e+92	
-1.268908624811158622000000000000000000000e+92	
4.396787603730951850000000000000000000000e+91	
-1.954137533376889923000000000000000000000e+92	
-2.452091318944577750000000000000000000000e+91	
1.412206012409063296000000000000000000000e+92	
-9.816102813409218117000000000000000000000e+91	
6.761713460324451426000000000000000000000e+91	
-1.717644947717539965000000000000000000000e+92	
-5.949701966111502397000000000000000000000e+90	
1.547162923018056620000000000000000000000e+92	
-8.466533707319284877000000000000000000000e+91	
8.197579576435485362000000000000000000000e+91	
-1.574058336106436571000000000000000000000e+92	
9.271499822860782118000000000000000000000e+90	
1.707996054600253394000000000000000000000e+92	
-6.858202391497317140000000000000000000000e+91	
9.621358308523783719000000000000000000000e+91	
-1.431680462897606736000000000000000000000e+92	
2.166467976501463008000000000000000000000e+91	
1.813490960249704509000000000000000000000e+92	
-5.803253335002805988000000000000000000000e+91	
1.106492697986015074000000000000000000000e+92	
-1.287323595763970034000000000000000000000e+92	
3.998462859247933203000000000000000000000e+91	
-1.993970007825191787000000000000000000000e+92	
-3.064484510384434699000000000000000000000e+91	
1.329570502064660283000000000000000000000e+92	
-1.064245791685324825000000000000000000000e+92	
5.721502926809904048000000000000000000000e+91	
-1.821666001068994703000000000000000000000e+92	
-1.848929731255176217000000000000000000000e+91	
1.400402707038185464000000000000000000000e+92	
-9.934135867117996432000000000000000000000e+91	
7.183928134237416074000000000000000000000e+91	
-1.675423480326243500000000000000000000000e+92	
3.672233410769323190000000000000000000000e+90	
1.697353290160200168000000000000000000000e+92	
-6.964630035897849394000000000000000000000e+91	
9.645328351269158454000000000000000000000e+91	
-1.429283458623069262000000000000000000000e+92	
2.320770811675075704000000000000000000000e+91	
1.841948036767722965000000000000000000000e+92	
-5.518682569822621427000000000000000000000e+91	
1.107352554846394380000000000000000000000e+92	
-1.286463738903590727000000000000000000000e+92	
3.731226573724988014000000000000000000000e+91	
-2.020693636377486306000000000000000000000e+92	
-3.607418375935365672000000000000000000000e+91	
1.247721078084955459000000000000000000000e+92	
-1.146095215665029649000000000000000000000e+92	
5.169055623946085138000000000000000000000e+91	
-1.876910731355376594000000000000000000000e+92	
-2.135462500154235589000000000000000000000e+91	
1.398327649837176895000000000000000000000e+92	
-9.954886439128082127000000000000000000000e+91	
6.600929613866146071000000000000000000000e+91	
-1.733723332363370500000000000000000000000e+92	
-7.777433150095397048000000000000000000000e+90	
1.526687778319258967000000000000000000000e+92	
-8.671285154307261402000000000000000000000e+91	
8.039600478121524800000000000000000000000e+91	
-1.589856245937832628000000000000000000000e+92	
8.159199555587142828000000000000000000000e+90	
1.701545632535861345000000000000000000000e+92	
-6.922706612141237622000000000000000000000e+91	
9.458090208465067321000000000000000000000e+91	
-1.448007272903478376000000000000000000000e+92	
1.904485148621138928000000000000000000000e+91	
1.777426117392713586000000000000000000000e+92	
-6.163901763572715216000000000000000000000e+91	
1.091349696670824228000000000000000000000e+92	
-1.302466597079160879000000000000000000000e+92	
4.056147140265425691000000000000000000000e+91	
2.062183189522858714000000000000000000000e+92	
-3.316331042271263933000000000000000000000e+91	
1.325302275698757459000000000000000000000e+92	
-1.068514018051227648000000000000000000000e+92	
5.887880837077388574000000000000000000000e+91	
-1.805028210042246250000000000000000000000e+92	
-1.473595689558099623000000000000000000000e+91	
1.458821325279019194000000000000000000000e+92	
-9.349949684709659133000000000000000000000e+91	
7.325489209091435098000000000000000000000e+91	
-1.661267372840841598000000000000000000000e+92	
6.637958859799382466000000000000000000000e+89	
1.623050449238510620000000000000000000000e+92	
-7.707658445114744878000000000000000000000e+91	
8.749111491714414372000000000000000000000e+91	
-1.518905144578543670000000000000000000000e+92	
1.271441738726959592000000000000000000000e+91	
1.721711528033955921000000000000000000000e+92	
-6.721047657160291862000000000000000000000e+91	
1.019653715800184980000000000000000000000e+92	
-1.374162577949800128000000000000000000000e+92	
3.179452950664545912000000000000000000000e+91	
1.958548281937593348000000000000000000000e+92	
-4.352680118123917598000000000000000000000e+91	
1.205709824996394734000000000000000000000e+92	
-1.188106468753590374000000000000000000000e+92	
4.532460314421359564000000000000000000000e+91	
-1.940570262307849151000000000000000000000e+92	
-2.988432851830511034000000000000000000000e+91	
1.291403878741454386000000000000000000000e+92	
-1.102412415008530721000000000000000000000e+92	
5.990658273288167026000000000000000000000e+91	
-1.794750466421168405000000000000000000000e+92	
-9.292766979483947567000000000000000000000e+90	
1.557385405882638058000000000000000000000e+92	
-8.364308878673470493000000000000000000000e+91	
8.142522053501688233000000000000000000000e+91	
-1.579564088399816284000000000000000000000e+92	
7.148883821195819208000000000000000000000e+90	
1.671057310399563828000000000000000000000e+92	
-7.227589833504212794000000000000000000000e+91	
9.584876715590729333000000000000000000000e+91	
-1.435328622190912174000000000000000000000e+92	
2.462726556152433006000000000000000000000e+91	
1.876374276069406109000000000000000000000e+92	
-5.174420176805789987000000000000000000000e+91	
1.113039678902153142000000000000000000000e+92	
-1.280776614847831966000000000000000000000e+92	
3.500849687118556194000000000000000000000e+91	
-2.043731325038129488000000000000000000000e+92	
-4.124900435589665876000000000000000000000e+91	
1.167276643111988740000000000000000000000e+92	
-1.226539650637996368000000000000000000000e+92	
4.972779395649512391000000000000000000000e+91	
-1.896538354185033868000000000000000000000e+92	
-1.723873272650829988000000000000000000000e+91	
1.500242866666894290000000000000000000000e+92	
-8.935734270830908178000000000000000000000e+91	
7.794156778799054344000000000000000000000e+91	
-1.614400615870079673000000000000000000000e+92	
5.894722150550681925000000000000000000000e+90	
1.680799508999856479000000000000000000000e+92	
-7.130167847501286289000000000000000000000e+91	
9.210741759781516324000000000000000000000e+91	
-1.472742117771833475000000000000000000000e+92	
1.617269337191987287000000000000000000000e+91	
1.744719784045129790000000000000000000000e+92	
-6.490965097048553174000000000000000000000e+91	
1.067117409183642490000000000000000000000e+92	
-1.326698884566342617000000000000000000000e+92	
3.898522551408094362000000000000000000000e+91	
2.054886344078414010000000000000000000000e+92	
-3.389299496715710973000000000000000000000e+91	
1.326466830633190709000000000000000000000e+92	
-1.067349463116794399000000000000000000000e+92	
5.984098280553439717000000000000000000000e+91	
-1.795406465694641136000000000000000000000e+92	
-1.292848440650771019000000000000000000000e+91	
1.485344823937454364000000000000000000000e+92	
-9.084714698125307436000000000000000000000e+91	
7.411628423842430612000000000000000000000e+91	
-1.652653451365742046000000000000000000000e+92	
-2.648783830266480551000000000000000000000e+89	
1.595871950965729035000000000000000000000e+92	
-7.979443427842560729000000000000000000000e+91	
8.856202255730530875000000000000000000000e+91	
-1.508196068176932020000000000000000000000e+92	
1.757219695263725089000000000000000000000e+91	
1.808139196901103787000000000000000000000e+92	
-5.856770968488813204000000000000000000000e+91	
1.047119054251638588300000000000000000000e+92	
-1.346697239498346519000000000000000000000e+92	
2.864776467498605608000000000000000000000e+91	
1.868176975897212931000000000000000000000e+92	
-5.256393178527721766000000000000000000000e+91	
1.193144656651720064000000000000000000000e+92	
-1.200671637098265044000000000000000000000e+92	
5.184482791912018034000000000000000000000e+91	
-1.875368014558783304000000000000000000000e+92	
-1.559123236717190751000000000000000000000e+91	
1.512024870944478385000000000000000000000e+92	
-8.817914228055067228000000000000000000000e+91	
7.865070183959078760000000000000000000000e+91	
-1.607309275354077232000000000000000000000e+92	
6.135023265179610662000000000000000000000e+90	
1.678516524006549237000000000000000000000e+92	
-7.152997697434358704000000000000000000000e+91	
9.287077352654314360000000000000000000000e+91	
-1.465108558484553672000000000000000000000e+92	
1.792721021432340737000000000000000000000e+91	
1.772171628918150836000000000000000000000e+92	
-6.216446648318342720000000000000000000000e+91	
1.073574156993296918000000000000000000000e+92	
-1.320242136756688189000000000000000000000e+92	
3.753243544688646518000000000000000000000e+91	
2.019384238306715461000000000000000000000e+92	
-3.744320554432696462000000000000000000000e+91	
1.270000957946249838000000000000000000000e+92	
-1.123815335803735269000000000000000000000e+92	
5.209906214429253038000000000000000000000e+91	
-1.872825672307059804000000000000000000000e+92	
-2.276469568053711949000000000000000000000e+91	
1.366050227677309258000000000000000000000e+92	
-1.027766066072675849900000000000000000000e+92	
6.663128357922436166000000000000000000000e+91	
-1.727503457957741491000000000000000000000e+92	
-3.307631939105038917000000000000000000000e+90	
1.609844778806961499000000000000000000000e+92	
-7.839715149430236085000000000000000000000e+91	
8.593232795434927144000000000000000000000e+91	
-1.534493014206492393000000000000000000000e+92	
1.091752905919541169000000000000000000000e+91	
1.701362816054020431000000000000000000000e+92	
-6.924534776959646766000000000000000000000e+91	
1.004367089794009402200000000000000000000e+92	
-1.389449203955975705000000000000000000000e+92	
3.077182357973309805000000000000000000000e+91	
1.953378271422556368000000000000000000000e+92	
-4.404380223274287397000000000000000000000e+91	
1.205594346505597828000000000000000000000e+92	
-1.188221947244387280000000000000000000000e+92	
4.581825694982280970000000000000000000000e+91	
-1.935633724251757011000000000000000000000e+92	
-2.888572448055495352000000000000000000000e+91	
1.306436908466134790000000000000000000000e+92	
-1.087379385283850318000000000000000000000e+92	
6.034014223998297100000000000000000000000e+91	
-1.790414871350155398000000000000000000000e+92	
-9.928418560974237982000000000000000000000e+90	
1.540342100300103275000000000000000000000e+92	
-8.534741934498818324000000000000000000000e+91	
7.865274284701370342000000000000000000000e+91	
-1.607288865279848073000000000000000000000e+92	
3.308790585773369324000000000000000000000e+90	
1.621985535748937763000000000000000000000e+92	
-7.718307580010473444000000000000000000000e+91	
9.320567759314431013000000000000000000000e+91	
-1.461759517818542006000000000000000000000e+92	
2.424713713763119555000000000000000000000e+91	
1.895191341192413117000000000000000000000e+92	
-4.986249525575719907000000000000000000000e+91	
1.154463836965085971000000000000000000000e+92	
-1.239352456784899136000000000000000000000e+92	
4.141049688946587508000000000000000000000e+91	
-1.979711324855326357000000000000000000000e+92	
-3.258854464771787761000000000000000000000e+91	
1.276454597468258970000000000000000000000e+92	
-1.117361696281726138000000000000000000000e+92	
5.585535913978629630000000000000000000000e+91	
-1.835262702352122144000000000000000000000e+92	
-1.589901385265791325000000000000000000000e+91	
1.465785419875827614000000000000000000000e+92	
-9.280308738741574934000000000000000000000e+91	
7.001656562267094516000000000000000000000e+91	
-1.693650637523275656000000000000000000000e+92	
-6.507308319189518146000000000000000000000e+90	
1.512031201982253261000000000000000000000e+92	
-8.817850917677318466000000000000000000000e+91	
8.472001197029776478000000000000000000000e+91	
-1.546616174047007460000000000000000000000e+92	
1.826999023824897401000000000000000000000e+91	
1.860492575345679028000000000000000000000e+92	
-5.333237184043060796000000000000000000000e+91	
1.144825296390812211000000000000000000000e+92	
-1.248990997359172897000000000000000000000e+92	
4.295141819280523172000000000000000000000e+91	
-1.964302111821932790000000000000000000000e+92	
-2.854409452941660003000000000000000000000e+91	
1.341921927546499257000000000000000000000e+92	
-1.051894366203485850200000000000000000000e+92	
5.758499457519876496000000000000000000000e+91	
-1.817966347997997458000000000000000000000e+92	
-1.898407867576442940000000000000000000000e+91	
1.386811730267841338000000000000000000000e+92	
-1.007004563482143770100000000000000000000e+92	
7.231052178806402533000000000000000000000e+91	
-1.670711075869344854000000000000000000000e+92	
5.972901079010973703000000000000000000000e+90	
1.738645134599665570000000000000000000000e+92	
-6.551711591503195372000000000000000000000e+91	
1.024100747385960346000000000000000000000e+92	
-1.369715546364024762000000000000000000000e+92	
3.099119658374072205000000000000000000000e+91	
1.938040802966244325000000000000000000000e+92	
-4.557754907837407829000000000000000000000e+91	
1.172734404264215874000000000000000000000e+92	
-1.221081889485769234000000000000000000000e+92	
4.078088738410863663000000000000000000000e+91	
-1.986007419908898741000000000000000000000e+92	
-3.567359778489861474000000000000000000000e+91	
1.221061849728181605000000000000000000000e+92	
-1.172754444021803503000000000000000000000e+92	
5.551558513922672059000000000000000000000e+91	
-1.838660442357717902000000000000000000000e+92	
-1.104187470338530861000000000000000000000e+91	
1.566300079508482784000000000000000000000e+92	
-8.275162142415023234000000000000000000000e+91	
8.495594885514457948000000000000000000000e+91	
-1.544256805198539313000000000000000000000e+92	
1.331755962392364146000000000000000000000e+91	
1.759110415040153646000000000000000000000e+92	
-6.347058787098314620000000000000000000000e+91	
9.916110899022703434000000000000000000000e+91	
-1.402205203847714764000000000000000000000e+92	
2.244937243919523378000000000000000000000e+91	
1.799720318405922844000000000000000000000e+92	
-5.940959753440622638000000000000000000000e+91	
1.138473702547243160000000000000000000000e+92	
-1.255342591202741948000000000000000000000e+92	
4.775561677741747581000000000000000000000e+91	
-1.916260125975810350000000000000000000000e+92	
-1.830324496863109880000000000000000000000e+91	
1.498669876459956227000000000000000000000e+92	
-8.951464172900288804000000000000000000000e+91	
7.869103049800407759000000000000000000000e+91	
-1.606905988769944332000000000000000000000e+92	
7.550495325242282316000000000000000000000e+90	
1.706415834979065053000000000000000000000e+92	
-6.874004587709200543000000000000000000000e+91	
9.438900963410914638000000000000000000000e+91	
-1.449926197408893644000000000000000000000e+92	
1.817438421373053286000000000000000000000e+91	
1.761939073496253609000000000000000000000e+92	
-6.318772202537314990000000000000000000000e+91	
1.090231989193205186000000000000000000000e+92	
-1.303584304556779921000000000000000000000e+92	
4.188591918130899659000000000000000000000e+91	
2.089782704977796286000000000000000000000e+92	
-3.040335887721888218000000000000000000000e+91	
1.367249684783436712000000000000000000000e+92	
-1.026566608966548395700000000000000000000e+92	
6.450762459388686070000000000000000000000e+91	
-1.748740047811116501000000000000000000000e+92	
-7.673779050793318242000000000000000000000e+90	
1.543769586565759399000000000000000000000e+92	
-8.500467071842257087000000000000000000000e+91	
7.870742357247029865000000000000000000000e+91	
-1.606742058025282121000000000000000000000e+92	
3.075546772212145776000000000000000000000e+90	
1.616775285130591602000000000000000000000e+92	
-7.770410086193935052000000000000000000000e+91	
9.329417107198565058000000000000000000000e+91	
-1.460874583030128602000000000000000000000e+92	
2.494484581945533176000000000000000000000e+91	
1.908257548173164718000000000000000000000e+92	
-4.855587455768203897000000000000000000000e+91	
1.173616133749892201000000000000000000000e+92	
-1.220200160000092906000000000000000000000e+92	
4.393403266331757773000000000000000000000e+91	
-1.954475967116809330000000000000000000000e+92	
-2.945700551279339223000000000000000000000e+91	
1.313846996591859793000000000000000000000e+92	
-1.079969297158125315000000000000000000000e+92	
5.830393521107868264000000000000000000000e+91	
-1.810776941639198281000000000000000000000e+92	
-1.474045930072179362000000000000000000000e+91	
1.464477170222112519000000000000000000000e+92	
-9.293391235278725885000000000000000000000e+91	
7.261366582136547699000000000000000000000e+91	
-1.667679635536330338000000000000000000000e+92	
-1.183640556684191710000000000000000000000e+90	
1.592519985999200434000000000000000000000e+92	
-8.012963077507846731000000000000000000000e+91	
8.699271475509836268000000000000000000000e+91	
-1.523889146199001481000000000000000000000e+92	
1.476939202221712083000000000000000000000e+91	
1.767782315031617046000000000000000000000e+92	
-6.260339787183680617000000000000000000000e+91	
1.011671310515171282700000000000000000000e+92	
-1.382144983234813825000000000000000000000e+92	
2.559365980269060026000000000000000000000e+91	
1.842540180284125659000000000000000000000e+92	
-5.512761134658594484000000000000000000000e+91	
1.157167226622381420000000000000000000000e+92	
-1.236649067127603688000000000000000000000e+92	
4.721353609454079087000000000000000000000e+91	
-1.921680932804577199000000000000000000000e+92	
-2.125555864952699232000000000000000000000e+91	
1.445056404622046505000000000000000000000e+92	
-9.487598891279386022000000000000000000000e+91	
7.092184870949216468000000000000000000000e+91	
-1.684597806655063461000000000000000000000e+92	
-2.625322766469360830000000000000000000000e+90	
1.580603268081603928000000000000000000000e+92	
-8.132130256683811796000000000000000000000e+91	
8.527373975695447778000000000000000000000e+91	
-1.541078896180440330000000000000000000000e+92	
1.252337623946548649000000000000000000000e+91	
1.740054372269799477000000000000000000000e+92	
-6.537619214801856308000000000000000000000e+91	
9.951250231604376427000000000000000000000e+91	
-1.398691270589547465000000000000000000000e+92	
2.505664013304737832000000000000000000000e+91	
1.848340512266608276000000000000000000000e+92	
-5.454757814833768312000000000000000000000e+91	
1.139327909393361372000000000000000000000e+92	
-1.254488384356623736000000000000000000000e+92	
4.306681591948503496000000000000000000000e+91	
-1.963148134555134758000000000000000000000e+92	
-2.776389139323055393000000000000000000000e+91	
1.356368704481598758000000000000000000000e+92	
-1.037447589268386350000000000000000000000e+92	
5.969381613850477816000000000000000000000e+91	
-1.796878132364937326000000000000000000000e+92	
-1.621144376561767631000000000000000000000e+91	
1.421172909253068980000000000000000000000e+92	
-9.726433844969161281000000000000000000000e+91	
7.433837439917520115000000000000000000000e+91	
-1.650432549758233096000000000000000000000e+92	
6.593189250863898720000000000000000000000e+90	
1.730779376919250008000000000000000000000e+92	
-6.630369168307350998000000000000000000000e+91	
1.002173351814079445500000000000000000000e+92	
-1.391642941935905662000000000000000000000e+92	
2.739299303971156444000000000000000000000e+91	
1.888011122197907067000000000000000000000e+92	
-5.058051715520780407000000000000000000000e+91	
1.144446562747117801000000000000000000000e+92	
-1.249369731002867306000000000000000000000e+92	
4.012520513639901277000000000000000000000e+91	
-1.992564242385994980000000000000000000000e+92	
-3.415725961124487692000000000000000000000e+91	
1.257934626234174089000000000000000000000e+92	
-1.135881667515811018000000000000000000000e+92	
5.460515702895192466000000000000000000000e+91	
-1.847764723460465861000000000000000000000e+92	
-1.654772044486082367000000000000000000000e+91	
1.465310315691171027000000000000000000000e+92	
-9.285059780588140803000000000000000000000e+91	
7.026612768594125036000000000000000000000e+91	
-1.691155016890572604000000000000000000000e+92	
-5.960821617563430296000000000000000000000e+90	
1.520463837684039721000000000000000000000e+92	
-8.733524560659453866000000000000000000000e+91	
8.493429183355956542000000000000000000000e+91	
-1.544473375414389453000000000000000000000e+92	
1.785559941947171556000000000000000000000e+91	
1.850065089028469790000000000000000000000e+92	
-5.437512047215153180000000000000000000000e+91	
1.128117359078071558000000000000000000000e+92	
-1.265698934671913550000000000000000000000e+92	
4.065289191974123100000000000000000000000e+91	
-1.987287374552572798000000000000000000000e+92	
-3.147004094205718334000000000000000000000e+91	
1.306391384491734640000000000000000000000e+92	
-1.087424909258250468000000000000000000000e+92	
5.487797223854836174000000000000000000000e+91	
-1.845036571364501490000000000000000000000e+92	
-2.084549008637685228000000000000000000000e+91	
1.376649517089609752000000000000000000000e+92	
-1.017166776660375356100000000000000000000e+92	
6.950762745199183160000000000000000000000e+91	
-1.698740019230066792000000000000000000000e+92	
1.384222894149935635000000000000000000000e+90	
1.674909401532659040000000000000000000000e+92	
-7.189068922173260672000000000000000000000e+91	
9.425249459471438703000000000000000000000e+91	
-1.451291347802841237000000000000000000000e+92	
2.105049744526598041000000000000000000000e+91	
1.820811495642940718000000000000000000000e+92	
-5.730047981070443890000000000000000000000e+91	
1.085323050292026413000000000000000000000e+92	
-1.308493243457958695000000000000000000000e+92	
3.502006337876053570000000000000000000000e+91	
1.957406253954636484000000000000000000000e+92	
-4.364100397953486235000000000000000000000e+91	
1.228293756226977295000000000000000000000e+92	
-1.165522537523007813000000000000000000000e+92	
4.995441142425928767000000000000000000000e+91	
-1.894272179507392231000000000000000000000e+92	
-2.288428525801025224000000000000000000000e+91	
1.385094865252870257000000000000000000000e+92	
-1.008721428497114850800000000000000000000e+92	
6.425119050925999098000000000000000000000e+91	
-1.751304388657385198000000000000000000000e+92	
-9.970149551027535840000000000000000000000e+90	
1.500416669512082457000000000000000000000e+92	
-8.933996242379026502000000000000000000000e+91	
7.869141988009247676000000000000000000000e+91	
-1.606902094949060340000000000000000000000e+92	
7.376681522672418716000000000000000000000e+90	
1.702936532059774544000000000000000000000e+92	
-6.908797616902105635000000000000000000000e+91	
9.386704950497454848000000000000000000000e+91	
-1.455145798700239623000000000000000000000e+92	
1.747848085642001477000000000000000000000e+91	
1.753241473300660442000000000000000000000e+92	
-6.405748204493246660000000000000000000000e+91	
1.085224143042148673000000000000000000000e+92	
-1.308592150707836434000000000000000000000e+92	
4.175392634351435676000000000000000000000e+91	
2.092148859015386342000000000000000000000e+92	
-3.016674347345987658000000000000000000000e+91	
1.373300086792387668000000000000000000000e+92	
-1.020516206957597440000000000000000000000e+92	
6.548090623879488192000000000000000000000e+91	
-1.739007231362036288000000000000000000000e+92	
-6.332439223746621878000000000000000000000e+90	
1.560861734950905842000000000000000000000e+92	
-8.329545587990792659000000000000000000000e+91	
7.963607537485736934000000000000000000000e+91	
-1.597455540001411414000000000000000000000e+92	
3.224023999486252299000000000000000000000e+90	
1.610462194329104662000000000000000000000e+92	
-7.833540994208804457000000000000000000000e+91	
9.431339126856019395000000000000000000000e+91	
-1.450682381064383168000000000000000000000e+92	
2.761377387763627055000000000000000000000e+91	
1.951435697307787480000000000000000000000e+92	
-4.423805964421976280000000000000000000000e+91	
1.233274945459961129000000000000000000000e+92	
-1.160541348290023979000000000000000000000e+92	
5.154715990251731462000000000000000000000e+91	
-1.878344694724811962000000000000000000000e+92	
-2.019745198657073446000000000000000000000e+91	
1.422898600992401818000000000000000000000e+92	
-9.709176927575832895000000000000000000000e+91	
6.571302624511848795000000000000000000000e+91	
-1.736686031298800228000000000000000000000e+92	
-1.082569779185934046000000000000000000000e+91	
1.468698880208508944000000000000000000000e+92	
-9.251174135414761636000000000000000000000e+91	
8.042402271626192031000000000000000000000e+91	
-1.589576066587365904000000000000000000000e+92	
1.401122537295153743000000000000000000000e+91	
1.818276985326327794000000000000000000000e+92	
-5.755393084236573132000000000000000000000e+91	
1.102981579843517403000000000000000000000e+92	
-1.290834713906467704000000000000000000000e+92	
3.880421537833968902000000000000000000000e+91	
-2.005774139966588217000000000000000000000e+92	
-3.265414700134960385000000000000000000000e+91	
1.301192721367237354000000000000000000000e+92	
-1.092623572382747754000000000000000000000e+92	
5.354918733195482046000000000000000000000e+91	
-1.858324420430436903000000000000000000000e+92	
-2.298279101445405368000000000000000000000e+91	
1.347195371317127696000000000000000000000e+92	
-1.046620922432857411900000000000000000000e+92	
6.827579016766625262000000000000000000000e+91	
-1.711058392073322581000000000000000000000e+92	
1.865110110668642499000000000000000000000e+90	
1.696836995029576269000000000000000000000e+92	
-6.969792987204088389000000000000000000000e+91	
9.815627413410372205000000000000000000000e+91	
-1.412253552408947887000000000000000000000e+92	
2.666444565486230096000000000000000000000e+91	
1.894044153483804394000000000000000000000e+92	
-4.997721402661807134000000000000000000000e+91	
1.128008977457646797000000000000000000000e+92	
-1.265807316292338310000000000000000000000e+92	
3.623550323993265338000000000000000000000e+91	
-2.031461261350658574000000000000000000000e+92	
-4.029178714174967921000000000000000000000e+91	
1.174152266360950516000000000000000000000e+92	
-1.219664027389034591000000000000000000000e+92	
5.098489805989787104000000000000000000000e+91	
-1.883967313151006397000000000000000000000e+92	
-1.541237028714869548000000000000000000000e+91	
1.524196241405164174000000000000000000000e+92	
-8.696200523448209332000000000000000000000e+91	
8.090559713578545378000000000000000000000e+91	
-1.584760322392130570000000000000000000000e+92	
9.427160352733864094000000000000000000000e+90	
1.721805150778271518000000000000000000000e+92	
-6.720111429717135899000000000000000000000e+91	
9.559037584548854985000000000000000000000e+91	
-1.437912535295099609000000000000000000000e+92	
1.903835305195084626000000000000000000000e+91	
1.767206467264629118000000000000000000000e+92	
-6.266098264853559901000000000000000000000e+91	
1.102626543968889147000000000000000000000e+92	
-1.291189749781095961000000000000000000000e+92	
4.383773606382220054000000000000000000000e+91	
2.116420942659722720000000000000000000000e+92	
-2.773953510902623878000000000000000000000e+91	
1.401004447893831683000000000000000000000e+92	
-9.928118458561534244000000000000000000000e+91	
6.859439928128560914000000000000000000000e+91	
-1.707872300937129016000000000000000000000e+92	
-2.876059977265650021000000000000000000000e+90	
1.598852683021716099000000000000000000000e+92	
-7.949636107282690084000000000000000000000e+91	
8.330309865599649822000000000000000000000e+91	
-1.560785307190020125000000000000000000000e+92	
6.759041482416665831000000000000000000000e+90	
1.644492968126547754000000000000000000000e+92	
-7.493233256234373530000000000000000000000e+91	
9.799100642531947735000000000000000000000e+91	
-1.413906229496790334000000000000000000000e+92	
3.156579018282518118000000000000000000000e+91	
1.993698506238075432000000000000000000000e+92	
-4.001177875119096753000000000000000000000e+91	
1.278279035342368722000000000000000000000e+92	
-1.115537258407616386000000000000000000000e+92	
5.632156056127007022000000000000000000000e+91	
-1.830600688137284405000000000000000000000e+92	
-1.514919601411177990000000000000000000000e+91	
1.476118350964599550000000000000000000000e+92	
-9.176979427853855571000000000000000000000e+91	
7.102936842931065372000000000000000000000e+91	
-1.683522609456878570000000000000000000000e+92	
-5.514985617425647762000000000000000000000e+90	
1.521749729874001564000000000000000000000e+92	
-8.720665638759835438000000000000000000000e+91	
8.573385958259917239000000000000000000000e+91	
-1.536477697923993384000000000000000000000e+92	
1.932581177420972430000000000000000000000e+91	
1.871470321051217566000000000000000000000e+92	
-5.223459726987675416000000000000000000000e+91	
1.156222363655577240000000000000000000000e+92	
-1.237593930094407867000000000000000000000e+92	
4.413303620692459052000000000000000000000e+91	
-1.952485931680739202000000000000000000000e+92	
-2.732058608554867043000000000000000000000e+91	
1.354575707807523808000000000000000000000e+92	
-1.039240585942461299300000000000000000000e+92	
5.889222134639684510000000000000000000000e+91	
-1.804894080286016656000000000000000000000e+92	
-1.763502398623963249000000000000000000000e+91	
1.400720348182315206000000000000000000000e+92	
-9.930959455676699012000000000000000000000e+91	
7.361106322889758382000000000000000000000e+91	
-1.657705661461009269000000000000000000000e+92	
7.183167118752273874000000000000000000000e+90	
1.749845490257672373000000000000000000000e+92	
-6.439708034923127342000000000000000000000e+91	
1.034399247352489758200000000000000000000e+92	
-1.359417046397495349000000000000000000000e+92	
3.193090589369110542000000000000000000000e+91	
1.946536937799809715000000000000000000000e+92	
-4.472793559501753922000000000000000000000e+91	
1.180330029209674414000000000000000000000e+92	
-1.213486264540310694000000000000000000000e+92	
4.145044370531275815000000000000000000000e+91	
-1.979311856696857526000000000000000000000e+92	
-3.509400284387047956000000000000000000000e+91	
1.225958633045438782000000000000000000000e+92	
-1.167857660704546325000000000000000000000e+92	
5.619482646459318100000000000000000000000e+91	
-1.831868029104053298000000000000000000000e+92	
-1.017316472375804032300000000000000000000e+91	
1.576880922923060592000000000000000000000e+92	
-8.169353708269245152000000000000000000000e+91	
8.620331331292885592000000000000000000000e+91	
-1.531783160620696548000000000000000000000e+92	
1.475410999943340078000000000000000000000e+91	
1.775366836455291214000000000000000000000e+92	
-6.184494572946938936000000000000000000000e+91	
1.009757487928795564400000000000000000000e+92	
-1.384058805821189543000000000000000000000e+92	
2.445291584495435471000000000000000000000e+91	
1.821643848382353687000000000000000000000e+92	
-5.721724453676314204000000000000000000000e+91	
1.156373309274150018000000000000000000000e+92	
-1.237442984475835090000000000000000000000e+92	
4.914338538282054424000000000000000000000e+91	
-1.902382439921779665000000000000000000000e+92	
-1.731746827251265457000000000000000000000e+91	
1.504509724912202648000000000000000000000e+92	
-8.893065688377824597000000000000000000000e+91	
7.887342345116318530000000000000000000000e+91	
-1.605082059238353254000000000000000000000e+92	
7.331496245650983544000000000000000000000e+90	
1.700213921454164628000000000000000000000e+92	
-6.936023722958204796000000000000000000000e+91	
9.336782566915802985000000000000000000000e+91	
-1.460138037058404809000000000000000000000e+92	
1.675240719739140446000000000000000000000e+91	
1.743713367436562051000000000000000000000e+92	
-6.501029263134230562000000000000000000000e+91	
1.080505620221630743000000000000000000000e+92	
-1.313310673528354365000000000000000000000e+92	
4.176279300840515828000000000000000000000e+91	
2.097042322750770249000000000000000000000e+92	
-2.967739709992148588000000000000000000000e+91	
1.382995956421909885000000000000000000000e+92	
-1.010820337328075222100000000000000000000e+92	
6.693049479092902264000000000000000000000e+91	
-1.724511345840694881000000000000000000000e+92	
-4.403087963719682403000000000000000000000e+90	
1.584950487006046218000000000000000000000e+92	
-8.088658067439388892000000000000000000000e+91	
8.204961935420163930000000000000000000000e+91	
-1.573320100207968715000000000000000000000e+92	
5.642234429162796868000000000000000000000e+90	
1.634690939905776275000000000000000000000e+92	
-7.591253538442088328000000000000000000000e+91	
9.672313190612741232000000000000000000000e+91	
-1.426584974688710984000000000000000000000e+92	
3.001038713143144880000000000000000000000e+91	
1.975270621338768128000000000000000000000e+92	
-4.185456724112169799000000000000000000000e+91	
1.256978726282207228000000000000000000000e+92	
-1.136837567467777880000000000000000000000e+92	
5.390443019044248104000000000000000000000e+91	
-1.854771991845560297000000000000000000000e+92	
-1.785328296961914188000000000000000000000e+91	
1.446209343652976653000000000000000000000e+92	
-9.476069500970084548000000000000000000000e+91	
6.806866018662555283000000000000000000000e+91	
-1.713129691883729579000000000000000000000e+92	
-8.445516397459963236000000000000000000000e+90	
1.492746046516680181000000000000000000000e+92	
-9.010702472333049269000000000000000000000e+91	
8.277359155568733329000000000000000000000e+91	
-1.566080378193111775000000000000000000000e+92	
1.630567386625998602000000000000000000000e+91	
1.840670541114404356000000000000000000000e+92	
-5.531457526355807511000000000000000000000e+91	
1.124824480666228888000000000000000000000e+92	
-1.268991813083756220000000000000000000000e+92	
4.093346736839361677000000000000000000000e+91	
-1.984481620066048940000000000000000000000e+92	
-3.057990571283189160000000000000000000000e+91	
1.321385301007548163000000000000000000000e+92	
-1.072430992742436945000000000000000000000e+92	
5.551348933492417800000000000000000000000e+91	
-1.838681400400743328000000000000000000000e+92	
-2.107341762273947176000000000000000000000e+91	
1.365740092483685109000000000000000000000e+92	
-1.028076201266299998500000000000000000000e+92	
7.024390840867991725000000000000000000000e+91	
-1.691377209663185935000000000000000000000e+92	
3.946817918034427972000000000000000000000e+90	
1.718789403468167323000000000000000000000e+92	
-6.750268902818177844000000000000000000000e+91	
1.004649915127304241900000000000000000000e+92	
-1.389166378622680866000000000000000000000e+92	
2.908658309465005904000000000000000000000e+91	
1.919399164038277107000000000000000000000e+92	
-4.744171297117080008000000000000000000000e+91	
1.154497059994610244000000000000000000000e+92	
-1.239319233755374864000000000000000000000e+92	
3.899756230254481061000000000000000000000e+91	
-2.003840670724537002000000000000000000000e+92	
-3.741653363149188900000000000000000000000e+91	
1.204036182607775394000000000000000000000e+92	
-1.189780111142209714000000000000000000000e+92	
5.372991098325294888000000000000000000000e+91	
-1.856517183917455619000000000000000000000e+92	
-1.291061494340130000000000000000000000000e+91	
1.546782429660974781000000000000000000000e+92	
-8.470338640890103266000000000000000000000e+91	
8.292120044439310834000000000000000000000e+91	
-1.564604289306054024000000000000000000000e+92	
1.119986908534267052000000000000000000000e+91	
1.737104501152232295000000000000000000000e+92	
-6.567117925977528122000000000000000000000e+91	
9.704202580896105521000000000000000000000e+91	
-1.423396035660374556000000000000000000000e+92	
2.041175690145286532000000000000000000000e+91	
1.780158434025583479000000000000000000000e+92	
-6.136578597244016289000000000000000000000e+91	
1.117215560863809472000000000000000000000e+92	
-1.276600732886175636000000000000000000000e+92	
4.546026129601253743000000000000000000000e+91	
2.134281616107079741000000000000000000000e+92	
-2.595346776429053664000000000000000000000e+91	
1.420499728570364435000000000000000000000e+92	
-9.733165651796206729000000000000000000000e+91	
7.070730672273366426000000000000000000000e+91	
-1.686743226522648465000000000000000000000e+92	
-5.998544706608435306000000000000000000000e+89	
1.623246906057599585000000000000000000000e+92	
-7.705693876923855226000000000000000000000e+91	
8.590565652883964844000000000000000000000e+91	
-1.534759728461588623000000000000000000000e+92	
9.524653737210285105000000000000000000000e+90	
1.673778823024988491000000000000000000000e+92	
-7.200374707249966164000000000000000000000e+91	
1.005708650850269182100000000000000000000e+92	
-1.388107642899715926000000000000000000000e+92	
3.379709556247713208000000000000000000000e+91	
2.012527761871149303000000000000000000000e+92	
-3.812885318788358048000000000000000000000e+91	
1.293626226585832768000000000000000000000e+92	
-1.100190067164152340000000000000000000000e+92	
5.750824653775480360000000000000000000000e+91	
-1.818733828372437072000000000000000000000e+92	
-1.431036998063089130000000000000000000000e+91	
1.481029743055964150000000000000000000000e+92	
-9.127865506940209571000000000000000000000e+91	
7.167478542625294462000000000000000000000e+91	
-1.677068439487455661000000000000000000000e+92	
-4.715367611750070674000000000000000000000e+90	
1.531287152609469091000000000000000000000e+92	
-8.625291411405160166000000000000000000000e+91	
8.636025811654080642000000000000000000000e+91	
-1.530213712584577043000000000000000000000e+92	
1.962502947695377299000000000000000000000e+91	
1.871192318040015483000000000000000000000e+92	
-5.226239757099696249000000000000000000000e+91	
1.152675808068726487000000000000000000000e+92	
-1.241140485681258621000000000000000000000e+92	
4.345168805598048238000000000000000000000e+91	
-1.959299413190180284000000000000000000000e+92	
-2.832846424439926634000000000000000000000e+91	
1.341233251174348777000000000000000000000e+92	
-1.052583042575636330800000000000000000000e+92	
5.763265220403281670000000000000000000000e+91	
-1.817489771709656941000000000000000000000e+92	
-1.881995377174297248000000000000000000000e+91	
1.389617072439914663000000000000000000000e+92	
-1.004199221310070444900000000000000000000e+92	
7.234440786873623722000000000000000000000e+91	
-1.670372215062622735000000000000000000000e+92	
5.760261771960051124000000000000000000000e+90	
1.734054714529163431000000000000000000000e+92	
-6.597615792208216766000000000000000000000e+91	
1.017047526582127116400000000000000000000e+92	
-1.376768767167857991000000000000000000000e+92	
3.003971699566309127000000000000000000000e+91	
1.926065657054944251000000000000000000000e+92	
-4.677506366950408562000000000000000000000e+91	
1.158300132759143997000000000000000000000e+92	
-1.235516160990841110000000000000000000000e+92	
3.909167005696329903000000000000000000000e+91	
-2.002899593180352117000000000000000000000e+92	
-3.760848296684901618000000000000000000000e+91	
1.199257541970201457000000000000000000000e+92	
-1.194558751779783650000000000000000000000e+92	
5.385755854807105407000000000000000000000e+91	
-1.855240708269274567000000000000000000000e+92	
-1.217775709359011304000000000000000000000e+91	
1.560160099072882646000000000000000000000e+92	
-8.336561946771024611000000000000000000000e+91	
8.486357543324437714000000000000000000000e+91	
-1.545180539417541336000000000000000000000e+92	
1.374655122795506996000000000000000000000e+91	
1.768611386674425747000000000000000000000e+92	
-6.252049070755593604000000000000000000000e+91	
1.006320523756423306100000000000000000000e+92	
-1.387495769993561802000000000000000000000e+92	
2.444090283825480964000000000000000000000e+91	
1.824838901739518998000000000000000000000e+92	
-5.689773920104661092000000000000000000000e+91	
1.152550613525591128000000000000000000000e+92	
-1.241265680224393979000000000000000000000e+92	
4.805969014810124564000000000000000000000e+91	
-1.913219392268972651000000000000000000000e+92	
-1.910224009019711011000000000000000000000e+91	
1.479654729937445861000000000000000000000e+92	
-9.141615638125392464000000000000000000000e+91	
7.568754500343230832000000000000000000000e+91	
-1.636940843715662024000000000000000000000e+92	
3.445587403649607530000000000000000000000e+90	
1.654358012916641977000000000000000000000e+92	
-7.394582808333431306000000000000000000000e+91	
8.987939703078269459000000000000000000000e+91	
-1.495022323442158162000000000000000000000e+92	
1.436059475219152540000000000000000000000e+91	
1.730755947411678836000000000000000000000e+92	
-6.630603463383062716000000000000000000000e+91	
1.044377735727801185400000000000000000000e+92	
-1.349438558022183922000000000000000000000e+92	
3.583411123131464990000000000000000000000e+91	
2.014608097155959353000000000000000000000e+92	
-3.792081965940257548000000000000000000000e+91	
1.277425842720516934000000000000000000000e+92	
-1.116390451029468174000000000000000000000e+92	
5.406104600856472918000000000000000000000e+91	
-1.853205833664337816000000000000000000000e+92	
-1.958382333288962343000000000000000000000e+91	
1.410041769973198101000000000000000000000e+92	
-9.837745237767870064000000000000000000000e+91	
6.844716844437571110000000000000000000000e+91	
-1.709344609306227996000000000000000000000e+92	
-4.073730828655735752000000000000000000000e+90	
1.576376802063723695000000000000000000000e+92	
-8.174394916862614122000000000000000000000e+91	
8.268161180300537988000000000000000000000e+91	
-1.567000175719931309000000000000000000000e+92	
7.762846614160379928000000000000000000000e+90	
1.670775850738016796000000000000000000000e+92	
-7.230404430119683110000000000000000000000e+91	
9.717907328858479637000000000000000000000e+91	
-1.422025560864137144000000000000000000000e+92	
2.731534773529593439000000000000000000000e+91	
1.916826101005203062000000000000000000000e+92	
-4.769901927447820453000000000000000000000e+91	
1.167055753186018074000000000000000000000e+92	
-1.226760540563967034000000000000000000000e+92	
4.176585418549484176000000000000000000000e+91	
-1.976157751895036690000000000000000000000e+92	
-3.313657186859861246000000000000000000000e+91	
1.261944975943345409000000000000000000000e+92	
-1.131871317806639699000000000000000000000e+92	
5.631655864408782416000000000000000000000e+91	
-1.830650707309106866000000000000000000000e+92	
-1.352660431266643277000000000000000000000e+91	
1.508612104157523845000000000000000000000e+92	
-8.852041895924612627000000000000000000000e+91	
7.590471776878088126000000000000000000000e+91	
-1.634769116062176295000000000000000000000e+92	
9.855285474637395061000000000000000000000e+89	
1.602998431856601589000000000000000000000e+92	
-7.908178618933835183000000000000000000000e+91	
9.041136632103643354000000000000000000000e+91	
-1.489702630539620772000000000000000000000e+92	
2.055767069428486143000000000000000000000e+91	
1.849349579944760454000000000000000000000e+92	
-5.444667138052246533000000000000000000000e+91	
1.099679431584379398000000000000000000000e+92	
-1.294136862165605709000000000000000000000e+92	
3.503823698460787822000000000000000000000e+91	
1.943420399042390146000000000000000000000e+92	
-4.503958947075949618000000000000000000000e+91	
1.244299026550583304000000000000000000000e+92	
-1.149517267199401804000000000000000000000e+92	
5.455255841875903545000000000000000000000e+91	
-1.848290709562394753000000000000000000000e+92	
-1.529001012001770625000000000000000000000e+91	
1.490983987305559783000000000000000000000e+92	
-9.028323064444253244000000000000000000000e+91	
7.414249991006392410000000000000000000000e+91	
-1.652391294649345866000000000000000000000e+92	
-7.760957803020151828000000000000000000000e+89	
1.585388120934644450000000000000000000000e+92	
-8.084281728153406571000000000000000000000e+91	
8.865145457421136410000000000000000000000e+91	
-1.507301748007871466000000000000000000000e+92	
1.879887773576838752000000000000000000000e+91	
1.831772832674833823000000000000000000000e+92	
-5.620434610751512846000000000000000000000e+91	
1.082113861064613642000000000000000000000e+92	
-1.311702432685371465000000000000000000000e+92	
3.328279705141664164000000000000000000000e+91	
1.925877165338791405000000000000000000000e+92	
-4.679391284111937026000000000000000000000e+91	
1.226755824603973875000000000000000000000e+92	
-1.167060469146011233000000000000000000000e+92	
5.279824139821663542000000000000000000000e+91	
-1.865833879767818753000000000000000000000e+92	
-1.704432396802122804000000000000000000000e+91	
1.473440880535124228000000000000000000000e+92	
-9.203754132148608798000000000000000000000e+91	
7.238819240240232022000000000000000000000e+91	
-1.669934369725961905000000000000000000000e+92	
-2.530400120159016200000000000000000000000e+90	
1.567845109198354797000000000000000000000e+92	
-8.259711845516303104000000000000000000000e+91	
8.689951199421093376000000000000000000000e+91	
-1.524821173807875770000000000000000000000e+92	
1.704929257560056225000000000000000000000e+91	
1.814300543539364322000000000000000000000e+92	
-5.795157502106207852000000000000000000000e+91	
1.064665122669074701000000000000000000000e+92	
-1.329151171080910407000000000000000000000e+92	
3.154027711381148933000000000000000000000e+91	
1.908475493267618055000000000000000000000e+92	
-4.853408004823670524000000000000000000000e+91	
1.209327841661418683000000000000000000000e+92	
-1.184488452088566425000000000000000000000e+92	
5.105281332623001198000000000000000000000e+91	
-1.883288160487684988000000000000000000000e+92	
-1.879238050898349571000000000000000000000e+91	
1.455934043516786693000000000000000000000e+92	
-9.378822502331984143000000000000000000000e+91	
7.063488284715014052000000000000000000000e+91	
-1.687467465278483702000000000000000000000e+92	
-4.286334222027140457000000000000000000000e+90	
1.550259535775035174000000000000000000000e+92	
-8.435567579749499340000000000000000000000e+91	
8.514887528264470012000000000000000000000e+91	
-1.542327540923538106000000000000000000000e+92	
1.530657255295793338000000000000000000000e+91	
1.796952470803370338000000000000000000000e+92	
-5.968638229466147700000000000000000000000e+91	
1.047396138044316061200000000000000000000e+92	
-1.346420155705669046000000000000000000000e+92	
2.982128352649933198000000000000000000000e+91	
1.891364566806122079000000000000000000000e+92	
-5.024517269438630282000000000000000000000e+91	
1.192072837067300052000000000000000000000e+92	
-1.201743456682685056000000000000000000000e+92	
4.931291222385919614000000000000000000000e+91	
-1.900687171511393146000000000000000000000e+92	
-2.054667508757834532000000000000000000000e+91	
1.438247234600280480000000000000000000000e+92	
-9.555690591497046271000000000000000000000e+91	
6.885182280204717651000000000000000000000e+91	
-1.705298065729513342000000000000000000000e+92	
-6.083766264542172426000000000000000000000e+90	
1.532141566900553907000000000000000000000e+92	
-8.616747268494312005000000000000000000000e+91	
8.336991077683689443000000000000000000000e+91	
-1.560117185981616163000000000000000000000e+92	
1.356042408917443724000000000000000000000e+91	
1.779818983270934800000000000000000000000e+92	
-6.139973104790503078000000000000000000000e+91	
1.030590484383713926700000000000000000000e+92	
-1.363225809366271181000000000000000000000e+92	
2.817348523238939560000000000000000000000e+91	
1.875214091513390872000000000000000000000e+92	
-5.186022022365942358000000000000000000000e+91	
1.175251277865216045000000000000000000000e+92	
-1.218565015884769063000000000000000000000e+92	
4.756368131039443520000000000000000000000e+91	
-1.918179480646040756000000000000000000000e+92	
-2.236294761324151689000000000000000000000e+91	
1.419414426866116954000000000000000000000e+92	
-9.744018668838681531000000000000000000000e+91	
6.690156712871854741000000000000000000000e+91	
-1.724800622462799634000000000000000000000e+92	
-8.100963506538393116000000000000000000000e+90	
1.511300511940484386000000000000000000000e+92	
-8.825157818095007211000000000000000000000e+91	
8.143016309917197520000000000000000000000e+91	
-1.579514662758265356000000000000000000000e+92	
1.176496238762747406000000000000000000000e+91	
1.763306507951939247000000000000000000000e+92	
-6.305097857980458604000000000000000000000e+91	
1.015519433053844518000000000000000000000e+92	
-1.378296860696140590000000000000000000000e+92	
2.681045076329819816000000000000000000000e+91	
1.863023736468269976000000000000000000000e+92	
-5.307925572817151316000000000000000000000e+91	
1.160030986592391874000000000000000000000e+92	
-1.233785307157593233000000000000000000000e+92	
4.573880935048253181000000000000000000000e+91	
-1.936428200245159790000000000000000000000e+92	
-2.449051169068550015000000000000000000000e+91	
1.395113371317270630000000000000000000000e+92	
-9.987029224327144778000000000000000000000e+91	
6.416907066151591876000000000000000000000e+91	
-1.752125587134825920000000000000000000000e+92	
-1.113570039586774172000000000000000000000e+91	
1.477932242978894967000000000000000000000e+92	
-9.158840507710901404000000000000000000000e+91	
7.873692215308026962000000000000000000000e+91	
-1.606447072219182411000000000000000000000e+92	
9.714987099660391202000000000000000000000e+90	
1.749236210328078068000000000000000000000e+92	
-6.445800834219070398000000000000000000000e+91	
1.007875390953552502400000000000000000000e+92	
-1.385940902796432605000000000000000000000e+92	
2.668835229164224303000000000000000000000e+91	
1.868222612587217089000000000000000000000e+92	
-5.255936811627680190000000000000000000000e+91	
1.151641306925853958000000000000000000000e+92	
-1.242174986824131150000000000000000000000e+92	
4.354166206381710947000000000000000000000e+91	
-1.958399673111814013000000000000000000000e+92	
-2.804516237537764629000000000000000000000e+91	
1.345998586346085410000000000000000000000e+92	
-1.047817707403899697200000000000000000000e+92	
5.790143960135415864000000000000000000000e+91	
-1.814801897736443521000000000000000000000e+92	
-1.875880910573926163000000000000000000000e+91	
1.388153125157590373000000000000000000000e+92	
-1.005663168592394734600000000000000000000e+92	
7.263727079912940052000000000000000000000e+91	
-1.667443585758691102000000000000000000000e+92	
6.492163756628080312000000000000000000000e+90	
1.745761939963007376000000000000000000000e+92	
-6.480543537869777310000000000000000000000e+91	
1.033140773734932667400000000000000000000e+92	
-1.360675520015052440000000000000000000000e+92	
3.208742560470356233000000000000000000000e+91	
1.950924400387885687000000000000000000000e+92	
-4.428918933620994202000000000000000000000e+91	
1.187538352725319276000000000000000000000e+92	
-1.206277941024665831000000000000000000000e+92	
4.245322176449580324000000000000000000000e+91	
-1.969284076105027075000000000000000000000e+92	
-3.380941939234208034000000000000000000000e+91	
1.241621119029748147000000000000000000000e+92	
-1.152195174720236960000000000000000000000e+92	
5.716308619415818057000000000000000000000e+91	
-1.822185431808403302000000000000000000000e+92	
-9.802596263311114528000000000000000000000e+90	
1.574612669352769921000000000000000000000e+92	
-8.192036243972151862000000000000000000000e+91	
8.537939144203379613000000000000000000000e+91	
-1.540022379329647146000000000000000000000e+92	
1.333338877032391167000000000000000000000e+91	
1.755194600659720600000000000000000000000e+92	
-6.386216930902645072000000000000000000000e+91	
9.953511376076893204000000000000000000000e+91	
-1.398465156142295787000000000000000000000e+92	
2.358858241079109938000000000000000000000e+91	
1.818760661953259877000000000000000000000e+92	
-5.750556317967252304000000000000000000000e+91	
1.141308120621007215000000000000000000000e+92	
-1.252508173128977893000000000000000000000e+92	
4.641927255400999978000000000000000000000e+91	
-1.929623568209885110000000000000000000000e+92	
-2.125856910762628028000000000000000000000e+91	
1.452934893054314131000000000000000000000e+92	
-9.408814006956709761000000000000000000000e+91	
7.250016326891167298000000000000000000000e+91	
-1.668814661060868378000000000000000000000e+92	
-2.569358801157898182000000000000000000000e+89	
1.612183928279664974000000000000000000000e+92	
-7.816323654703201337000000000000000000000e+91	
8.675694093724309243000000000000000000000e+91	
-1.526246884377554183000000000000000000000e+92	
1.233254610637708973000000000000000000000e+91	
1.721414088918359953000000000000000000000e+92	
-6.724022048316251542000000000000000000000e+91	
1.011907241863512736900000000000000000000e+92	
-1.381909051886472371000000000000000000000e+92	
3.027534934527686578000000000000000000000e+91	
1.935914857946029951000000000000000000000e+92	
-4.579014358039551569000000000000000000000e+91	
1.175638482082082262000000000000000000000e+92	
-1.218177811667902845000000000000000000000e+92	
4.157404712171134838000000000000000000000e+91	
-1.978075822532871624000000000000000000000e+92	
-3.437793629489173266000000000000000000000e+91	
1.239040981363353756000000000000000000000e+92	
-1.154775312386631351000000000000000000000e+92	
5.624853492700990112000000000000000000000e+91	
-1.831330944479886096000000000000000000000e+92	
-1.137335829345723642000000000000000000000e+91	
1.552346207170373395000000000000000000000e+92	
-8.414700865796117122000000000000000000000e+91	
8.249718744807909022000000000000000000000e+91	
-1.568844419269194205000000000000000000000e+92	
9.795953250587763090000000000000000000000e+90	
1.713271191080239488000000000000000000000e+92	
-6.805451026697456200000000000000000000000e+91	
9.673391144271135662000000000000000000000e+91	
-1.426477179322871541000000000000000000000e+92	
2.217782640785010402000000000000000000000e+91	
1.818550645272753152000000000000000000000e+92	
-5.752656484772319560000000000000000000000e+91	
1.111697418388827828000000000000000000000e+92	
-1.282118875361157279000000000000000000000e+92	
4.051959695279455345000000000000000000000e+91	
-1.988620324222039573000000000000000000000e+92	
-3.009538763784551359000000000000000000000e+91	
1.335209895673885339000000000000000000000e+92	
-1.058606398076099768200000000000000000000e+92	
5.779344331677382018000000000000000000000e+91	
-1.815881860582246906000000000000000000000e+92	
-1.789641577970938870000000000000000000000e+91	
1.406476125208289012000000000000000000000e+92	
-9.873401685416960957000000000000000000000e+91	
7.241521281570505688000000000000000000000e+91	
-1.669664165592934539000000000000000000000e+92	
4.216770172334454711000000000000000000000e+90	
1.702484866899534994000000000000000000000e+92	
-6.913314268504501140000000000000000000000e+91	
9.693507771535192123000000000000000000000e+91	
-1.424465516596465895000000000000000000000e+92	
2.365815445672468866000000000000000000000e+91	
1.846139177548787094000000000000000000000e+92	
-5.476771162011980138000000000000000000000e+91	
1.112200894926286395000000000000000000000e+92	
-1.281615398823698713000000000000000000000e+92	
3.786278696843525344000000000000000000000e+91	
-2.015188424065632573000000000000000000000e+92	
-3.545800799538174736000000000000000000000e+91	
1.254539054311133756000000000000000000000e+92	
-1.139277239438851352000000000000000000000e+92	
5.223260818524979691000000000000000000000e+91	
-1.871490211897487138000000000000000000000e+92	
-2.095224918567206250000000000000000000000e+91	
1.400955341819682941000000000000000000000e+92	
-9.928609519303021662000000000000000000000e+91	
6.656705603971286771000000000000000000000e+91	
-1.728145733352856430000000000000000000000e+92	
-6.924829353589137664000000000000000000000e+90	
1.538160787896022484000000000000000000000e+92	
-8.556555058539626241000000000000000000000e+91	
8.091831183204537401000000000000000000000e+91	
-1.584633175429531368000000000000000000000e+92	
8.056823738854217662000000000000000000000e+90	
1.694278154537790518000000000000000000000e+92	
-6.995381392121945890000000000000000000000e+91	
9.517602523244298073000000000000000000000e+91	
-1.442056041425555300000000000000000000000e+92	
2.096118772912252736000000000000000000000e+91	
1.809795035522127681000000000000000000000e+92	
-5.840212582278574264000000000000000000000e+91	
1.095737939180803592000000000000000000000e+92	
-1.298078354569181516000000000000000000000e+92	
3.820362059957013812000000000000000000000e+91	
2.010651849099748695000000000000000000000e+92	
-3.831644446502364124000000000000000000000e+91	
1.245832014105317606000000000000000000000e+92	
-1.147984279644667502000000000000000000000e+92	
4.813928052427422819000000000000000000000e+91	
-1.912423488507242826000000000000000000000e+92	
-2.826659669133109247000000000000000000000e+91	
1.295617698291790215000000000000000000000e+92	
-1.098198595458194892000000000000000000000e+92	
6.285833631552882747000000000000000000000e+91	
-1.765232930594696833000000000000000000000e+92	
-3.811901053463341816000000000000000000000e+90	
1.637472602001228196000000000000000000000e+92	
-7.563436917487569120000000000000000000000e+91	
9.196053580157240478000000000000000000000e+91	
-1.474210935734261060000000000000000000000e+92	
2.020953733738743799000000000000000000000e+91	
1.826904660264936049000000000000000000000e+92	
-5.669116334850490587000000000000000000000e+91	
1.060726651843260900000000000000000000000e+92	
-1.333089641906724208000000000000000000000e+92	
2.949299454724937860000000000000000000000e+91	
1.871476541376612131000000000000000000000e+92	
-5.223397523733729764000000000000000000000e+91	
1.207340645942658789000000000000000000000e+92	
-1.186475647807326319000000000000000000000e+92	
5.435352694954508696000000000000000000000e+91	
-1.850281024254534238000000000000000000000e+92	
-1.199397524536362335000000000000000000000e+91	
1.558877605674326419000000000000000000000e+92	
-8.349386880756586888000000000000000000000e+91	
8.442345019315184718000000000000000000000e+91	
-1.549581791818466636000000000000000000000e+92	
1.299470529818905554000000000000000000000e+91	
1.757977271813232459000000000000000000000e+92	
-6.358390219367526485000000000000000000000e+91	
9.925723038928501878000000000000000000000e+91	
-1.401243989857134920000000000000000000000e+92	
2.275482533060836364000000000000000000000e+91	
1.804867120468372447000000000000000000000e+92	
-5.889491732816126602000000000000000000000e+91	
1.139187253668675343000000000000000000000e+92	
-1.254629040081309764000000000000000000000e+92	
4.738386742404098416000000000000000000000e+91	
-1.919977619509575266000000000000000000000e+92	
-1.911787826874494336000000000000000000000e+91	
1.486096908081816455000000000000000000000e+92	
-9.077193856681686527000000000000000000000e+91	
7.699129042183679177000000000000000000000e+91	
-1.623903389531617190000000000000000000000e+92	
5.408532200432567078000000000000000000000e+90	
1.680576174045839777000000000000000000000e+92	
-7.132401197041453302000000000000000000000e+91	
9.136326054287669946000000000000000000000e+91	
-1.480183688321218113000000000000000000000e+92	
1.470707198571875791000000000000000000000e+91	
1.722852517365470276000000000000000000000e+92	
-6.709637763845148316000000000000000000000e+91	
1.060534979359937431000000000000000000000e+92	
-1.333281314390047676000000000000000000000e+92	
3.985470554033824520000000000000000000000e+91	
2.078850771443232759000000000000000000000e+92	
-3.149655223067523488000000000000000000000e+91	
1.365693285899982080000000000000000000000e+92	
-1.028123007850003028100000000000000000000e+92	
6.528907158057115968000000000000000000000e+91	
-1.740925577944273511000000000000000000000e+92	
-5.955711546953504898000000000000000000000e+90	
1.570311805517882518000000000000000000000e+92	
-8.235044882321025898000000000000000000000e+91	
8.067446246908939362000000000000000000000e+91	
-1.587071669059091171000000000000000000000e+92	
4.355744659023665076000000000000000000000e+90	
1.622712272086520322000000000000000000000e+92	
-7.711040216634647852000000000000000000000e+91	
9.533939369003746323000000000000000000000e+91	
-1.440422356849610475000000000000000000000e+92	
2.844086998338717148000000000000000000000e+91	
1.957718585100529167000000000000000000000e+92	
-4.360977086494559410000000000000000000000e+91	
1.237570749387793832000000000000000000000e+92	
-1.156245544362191275000000000000000000000e+92	
5.177813079955635302000000000000000000000e+91	
-1.876034985754421578000000000000000000000e+92	
-2.016499174374405490000000000000000000000e+91	
1.421239084801961592000000000000000000000e+92	
-9.725772089480235151000000000000000000000e+91	
6.596704888808547772000000000000000000000e+91	
-1.734145804869130330000000000000000000000e+92	
-1.015190989450835894100000000000000000000e+91	
1.479632322689751993000000000000000000000e+92	
-9.141839710602331148000000000000000000000e+91	
8.062829976020704131000000000000000000000e+91	
-1.587533296147914694000000000000000000000e+92	
1.332687767275236999000000000000000000000e+91	
1.802551683281261083000000000000000000000e+92	
-5.912646104687240250000000000000000000000e+91	
1.078378872952859813000000000000000000000e+92	
-1.315437420797125295000000000000000000000e+92	
3.545664600448419691000000000000000000000e+91	
-2.039249833705143138000000000000000000000e+92	
-3.688857348009490912000000000000000000000e+91	
1.249984299132284965000000000000000000000e+92	
-1.143831994617700142000000000000000000000e+92	
4.971489373218413238000000000000000000000e+91	
-1.896667356428143784000000000000000000000e+92	
-2.553117626420090380000000000000000000000e+91	
1.334564202769326922000000000000000000000e+92	
-1.059252090980658185300000000000000000000e+92	
6.429532486593644328000000000000000000000e+91	
-1.750863045090620675000000000000000000000e+92	
-4.831351301446194948000000000000000000000e+90	
1.602725936440082445000000000000000000000e+92	
-7.910903573099026630000000000000000000000e+91	
8.603187481919095682000000000000000000000e+91	
-1.533497545558075539000000000000000000000e+92	
1.182810320251277787000000000000000000000e+91	
1.718574794051108564000000000000000000000e+92	
-6.752414996988765430000000000000000000000e+91	
1.004406700255638906500000000000000000000e+92	
-1.389409593494346201000000000000000000000e+92	
2.905940248562396147000000000000000000000e+91	
1.919098780958346978000000000000000000000e+92	
-4.747175127916381297000000000000000000000e+91	
1.154168114146855605000000000000000000000e+92	
-1.239648179603129503000000000000000000000e+92	
3.896181286246358078000000000000000000000e+91	
-2.004198165125349300000000000000000000000e+92	
-3.745513650610954451000000000000000000000e+91	
1.203621633716856561000000000000000000000e+92	
-1.190194660033128546000000000000000000000e+92	
5.369454557053033210000000000000000000000e+91	
-1.856870838044681786000000000000000000000e+92	
-1.293989391029042353000000000000000000000e+91	
1.546550474160143534000000000000000000000e+92	
-8.472658195898415738000000000000000000000e+91	
8.290408528359589836000000000000000000000e+91	
-1.564775440914026124000000000000000000000e+92	
1.118883128781797787000000000000000000000e+91	
1.737054866564636198000000000000000000000e+92	
-6.567614271853489100000000000000000000000e+91	
9.702421846584009662000000000000000000000e+91	
-1.423574109091584141000000000000000000000e+92	
2.038111206595696342000000000000000000000e+91	
1.779723674634928969000000000000000000000e+92	
-6.140926191150561388000000000000000000000e+91	
1.117052836255587402000000000000000000000e+92	
-1.276763457494397706000000000000000000000e+92	
4.547117877514101409000000000000000000000e+91	
-1.939104505998574967000000000000000000000e+92	
-2.072996350033729354000000000000000000000e+91	
1.472980593932841831000000000000000000000e+92	
-9.208356998171432768000000000000000000000e+91	
7.597996329747287463000000000000000000000e+91	
-1.634016660775256361000000000000000000000e+92	
4.697359914855188882000000000000000000000e+90	
1.676464505804234438000000000000000000000e+92	
-7.173517879457506696000000000000000000000e+91	
9.125194987710357326000000000000000000000e+91	
-1.481296794978949375000000000000000000000e+92	
1.489546824960695236000000000000000000000e+91	
1.727732057756367516000000000000000000000e+92	
-6.660842359936175914000000000000000000000e+91	
1.059070641742205895400000000000000000000e+92	
-1.334745652007779212000000000000000000000e+92	
3.907419969202305036000000000000000000000e+91	
2.064708147666659849000000000000000000000e+92	
-3.291081460833252582000000000000000000000e+91	
1.345216250831561793000000000000000000000e+92	
-1.048600042918423314900000000000000000000e+92	
6.260824218773726656000000000000000000000e+91	
-1.767733871872612442000000000000000000000e+92	
-9.269351739472743483000000000000000000000e+90	
1.530850444890819052000000000000000000000e+92	
-8.629658488591660557000000000000000000000e+91	
7.677484602829226258000000000000000000000e+91	
-1.626067833467062482000000000000000000000e+92	
5.026246888222968223000000000000000000000e+89	
1.584645805692546342000000000000000000000e+92	
-8.091704880574387650000000000000000000000e+91	
9.143956275735128641000000000000000000000e+91	
-1.479420666176472244000000000000000000000e+92	
2.444790113222558880000000000000000000000e+91	
1.916857980921500271000000000000000000000e+92	
-4.769583128284848362000000000000000000000e+91	
1.195779692828015332000000000000000000000e+92	
-1.198036600921969775000000000000000000000e+92	
4.750602621111362864000000000000000000000e+91	
-1.918756031638848821000000000000000000000e+92	
-2.453004898208639337000000000000000000000e+91	
1.376659448514861335000000000000000000000e+92	
-1.017156845235123772200000000000000000000e+92	
6.171164410332938632000000000000000000000e+91	
-1.776699852716691244000000000000000000000e+92	
-1.420485664230544625000000000000000000000e+91	
1.441126428013104980000000000000000000000e+92	
-9.526898657368801277000000000000000000000e+91	
7.635480472333653394000000000000000000000e+91	
-1.630268246516619768000000000000000000000e+92	
8.630687533120018863000000000000000000000e+90	
1.751364934474335940000000000000000000000e+92	
-6.424513592756491680000000000000000000000e+91	
1.022969379305445774800000000000000000000e+92	
-1.370846914444539333000000000000000000000e+92	
2.949363230806725320000000000000000000000e+91	
1.909227775381692246000000000000000000000e+92	
-4.845885183682928614000000000000000000000e+91	
1.165189792991180113000000000000000000000e+92	
-1.228626500758804994000000000000000000000e+92	
4.215220942756370280000000000000000000000e+91	
-1.972294199474348080000000000000000000000e+92	
-3.217755050431637891000000000000000000000e+91	
1.277259000833955151000000000000000000000e+92	
-1.116557292916029956000000000000000000000e+92	
5.663499462284358798000000000000000000000e+91	
-1.827466347521549228000000000000000000000e+92	
-1.442053118995670278000000000000000000000e+91	
1.487555240362559529000000000000000000000e+92	
-9.062610533874255786000000000000000000000e+91	
7.258787494064851718000000000000000000000e+91	
-1.667937544343499936000000000000000000000e+92	
-3.541867975854599286000000000000000000000e+90	
1.545624954206348458000000000000000000000e+92	
-8.481913395436366500000000000000000000000e+91	
8.724146828366951810000000000000000000000e+91	
-1.521401610913289927000000000000000000000e+92	
1.995394464776321254000000000000000000000e+91	
1.868961268378748851000000000000000000000e+92	
-5.248550253712362570000000000000000000000e+91	
1.144927304264044123000000000000000000000e+92	
-1.248888989485940985000000000000000000000e+92	
4.212536684704467716000000000000000000000e+91	
-1.972562625279538336000000000000000000000e+92	
-3.020598183258119114000000000000000000000e+91	
1.316948854626437263000000000000000000000e+92	
-1.076867439123547845000000000000000000000e+92	
5.637299077547463686000000000000000000000e+91	
-1.830086385995238739000000000000000000000e+92	
-1.891141863724542812000000000000000000000e+91	
1.400378575678424420000000000000000000000e+92	
-9.934377180715606873000000000000000000000e+91	
7.094895717071781982000000000000000000000e+91	
-1.684326722042806909000000000000000000000e+92	
1.894440088079959935000000000000000000000e+90	
1.670705082070330885000000000000000000000e+92	
-7.231112116796542228000000000000000000000e+91	
9.290187666234024390000000000000000000000e+91	
-1.464797527126582669000000000000000000000e+92	
1.877015645027527599000000000000000000000e+91	
1.788715481998294316000000000000000000000e+92	
-6.051008117516907914000000000000000000000e+91	
1.072929292820016074000000000000000000000e+92	
-1.320887000929969033000000000000000000000e+92	
3.574993273116229851000000000000000000000e+91	
1.984387598177792890000000000000000000000e+92	
-4.094286955721922174000000000000000000000e+91	
1.217841250602861692000000000000000000000e+92	
-1.175975043147123415000000000000000000000e+92	
4.516763883893392922000000000000000000000e+91	
-1.942139905360645815000000000000000000000e+92	
-3.141071783157185919000000000000000000000e+91	
1.262452550714922115000000000000000000000e+92	
-1.131363743035062992000000000000000000000e+92	
5.991100072999362366000000000000000000000e+91	
-1.794706286450048871000000000000000000000e+92	
-6.390241195398220902000000000000000000000e+90	
1.615377318646727570000000000000000000000e+92	
-7.784389751032575374000000000000000000000e+91	
9.011963572688197548000000000000000000000e+91	
-1.492619936481165353000000000000000000000e+92	
1.873708206907619039000000000000000000000e+91	
1.815862722014803997000000000000000000000e+92	
-5.779535717351811102000000000000000000000e+91	
1.050919206822655203400000000000000000000e+92	
-1.342897086927329904000000000000000000000e+92	
2.863563793140024210000000000000000000000e+91	
1.864136240018573821000000000000000000000e+92	
-5.296800537314112862000000000000000000000e+91	
1.197401206176066453000000000000000000000e+92	
-1.196415087573918655000000000000000000000e+92	
5.309979848275512374000000000000000000000e+91	
-1.862818308922433870000000000000000000000e+92	
-1.350735891593341563000000000000000000000e+91	
1.541148509150923387000000000000000000000e+92	
-8.526677845990617202000000000000000000000e+91	
8.239114371674069872000000000000000000000e+91	
-1.569904856582578120000000000000000000000e+92	
1.070313109112914909000000000000000000000e+91	
1.732470142727909912000000000000000000000e+92	
-6.613461510220751951000000000000000000000e+91	
9.650876239129731948000000000000000000000e+91	
-1.428728669837011913000000000000000000000e+92	
1.980870065948674327000000000000000000000e+91	
1.773430290699245337000000000000000000000e+92	
-6.203860030507397706000000000000000000000e+91	
1.111972257304401952000000000000000000000e+92	
-1.281844036445583156000000000000000000000e+92	
4.508434102108498927000000000000000000000e+91	
2.132005775578892521000000000000000000000e+92	
-2.618105181710925863000000000000000000000e+91	
1.419706512041793556000000000000000000000e+92	
-9.741097817081915519000000000000000000000e+91	
7.077617368442993767000000000000000000000e+91	
-1.686054556905685731000000000000000000000e+92	
-3.828726430988863136000000000000000000000e+89	
1.626897135872022221000000000000000000000e+92	
-7.669191578779628865000000000000000000000e+91	
8.641864698886099072000000000000000000000e+91	
-1.529629823861375200000000000000000000000e+92	
1.018553803717527496500000000000000000000e+91	
1.681865868404195859000000000000000000000e+92	
-7.119504253457892484000000000000000000000e+91	
1.010657579350086437000000000000000000000e+92	
-1.383158714399898671000000000000000000000e+92	
3.397833289846230648000000000000000000000e+91	
2.011205141053232950000000000000000000000e+92	
-3.826111526967521575000000000000000000000e+91	
1.289170171775505290000000000000000000000e+92	
-1.104646121974479817000000000000000000000e+92	
5.674945359837124197000000000000000000000e+91	
-1.826321757766272688000000000000000000000e+92	
-1.538219451508166336000000000000000000000e+91	
1.467182739617938418000000000000000000000e+92	
-9.266335541320466899000000000000000000000e+91	
7.095385693698940775000000000000000000000e+91	
-1.684277724380091030000000000000000000000e+92	
-4.772854584289865048000000000000000000000e+90	
1.537343396317139584000000000000000000000e+92	
-8.564728974328455240000000000000000000000e+91	
8.556221973644843460000000000000000000000e+91	
-1.538194096385500762000000000000000000000e+92	
1.742402690362154405000000000000000000000e+91	
1.835159632473994023000000000000000000000e+92	
-5.586566612759910846000000000000000000000e+91	
1.102627441294939532000000000000000000000e+92	
-1.291188852455045576000000000000000000000e+92	
3.704598077301502556000000000000000000000e+91	
-2.023356486019834852000000000000000000000e+92	
-3.613434496489251365000000000000000000000e+91	
1.249179677805148130000000000000000000000e+92	
-1.144636615944836978000000000000000000000e+92	
5.140037113943076708000000000000000000000e+91	
-1.879812582355677437000000000000000000000e+92	
-2.208063816807161106000000000000000000000e+91	
1.386711406482427677000000000000000000000e+92	
-1.007104887267557430900000000000000000000e+92	
6.577079586285680732000000000000000000000e+91	
-1.736108335121417034000000000000000000000e+92	
-7.093268775261743242000000000000000000000e+90	
1.542751476769988241000000000000000000000e+92	
-8.510648169799968665000000000000000000000e+91	
8.004923561921647556000000000000000000000e+91	
-1.593323937557820352000000000000000000000e+92	
5.860263400723543384000000000000000000000e+90	
1.659044316363243408000000000000000000000e+92	
-7.347719773867416992000000000000000000000e+91	
9.446435533374662109000000000000000000000e+91	
-1.449172740412518897000000000000000000000e+92	
2.305983244997206666000000000000000000000e+91	
1.858870642897817684000000000000000000000e+92	
-5.349456508521674238000000000000000000000e+91	
1.093707654059054570000000000000000000000e+92	
-1.300108639690930538000000000000000000000e+92	
3.289254621287332850000000000000000000000e+91	
1.906486067582224851000000000000000000000e+92	
-4.873302261677602562000000000000000000000e+91	
1.240157780023426576000000000000000000000e+92	
-1.153658513726558531000000000000000000000e+92	
5.741611025341310710000000000000000000000e+91	
-1.819655191215854036000000000000000000000e+92	
-9.150412991728372151000000000000000000000e+90	
1.585124107705384642000000000000000000000e+92	
-8.086921860446004658000000000000000000000e+91	
8.682929729118596847000000000000000000000e+91	
-1.525523320838125423000000000000000000000e+92	
1.518185818239062902000000000000000000000e+91	
1.777662946887397138000000000000000000000e+92	
-6.161533468625879695000000000000000000000e+91	
1.010073213027990919500000000000000000000e+92	
-1.383743080721994188000000000000000000000e+92	
2.428654837896514585000000000000000000000e+91	
1.818001759046709227000000000000000000000e+92	
-5.758145347032758802000000000000000000000e+91	
1.156921568640368840000000000000000000000e+92	
-1.236894725109616268000000000000000000000e+92	
4.961703764950667842000000000000000000000e+91	
-1.897645917254918323000000000000000000000e+92	
-1.642519811210061871000000000000000000000e+91	
1.517616522127518188000000000000000000000e+92	
-8.761997716224669194000000000000000000000e+91	
8.060230450488831336000000000000000000000e+91	
-1.587793248701101974000000000000000000000e+92	
9.478370506272595423000000000000000000000e+90	
1.725860515912146211000000000000000000000e+92	
-6.679557778378388965000000000000000000000e+91	
9.635006238193856726000000000000000000000e+91	
-1.430315669930599435000000000000000000000e+92	
2.015201336243428040000000000000000000000e+91	
1.781881046496640652000000000000000000000e+92	
-6.119352472533444555000000000000000000000e+91	
1.109796567024344997000000000000000000000e+92	
-1.284019726725640111000000000000000000000e+92	
4.380465622923699243000000000000000000000e+91	
-1.955769731457615183000000000000000000000e+92	
-2.333691341565611140000000000000000000000e+91	
1.437511501288810506000000000000000000000e+92	
-9.563047924611746016000000000000000000000e+91	
7.149356247139725578000000000000000000000e+91	
-1.678880669036012550000000000000000000000e+92	
-7.280649182836888460000000000000000000000e+89	
1.612824690621436392000000000000000000000e+92	
-7.809916031285487156000000000000000000000e+91	
8.568867646054111956000000000000000000000e+91	
-1.536929529144573912000000000000000000000e+92	
1.013250444819867685100000000000000000000e+91	
1.688101533011333796000000000000000000000e+92	
-7.057147607386513120000000000000000000000e+91	
1.002571014008169744000000000000000000000e+92	
-1.391245279741815364000000000000000000000e+92	
3.173816614049579545000000000000000000000e+91	
1.974495495399893745000000000000000000000e+92	
-4.193207983500913623000000000000000000000e+91	
1.238159668667099964000000000000000000000e+92	
-1.155656625082885143000000000000000000000e+92	
5.021902924951469786000000000000000000000e+91	
-1.891626001254838129000000000000000000000e+92	
-2.334128154865740591000000000000000000000e+91	
1.373312352427780751000000000000000000000e+92	
-1.020503941322204356600000000000000000000e+92	
6.460037992298705098000000000000000000000e+91	
-1.747812494520114598000000000000000000000e+92	
-8.094279598969920614000000000000000000000e+90	
1.534434576619969456000000000000000000000e+92	
-8.593817171300156514000000000000000000000e+91	
7.886046006526806417000000000000000000000e+91	
-1.605211693097304466000000000000000000000e+92	
4.314580017769177400000000000000000000000e+90	
1.640020180458641350000000000000000000000e+92	
-7.537961132913437571000000000000000000000e+91	
9.331918785896389377000000000000000000000e+91	
-1.460624415160346170000000000000000000000e+92	
2.267153423393049390000000000000000000000e+91	
1.862552586630945153000000000000000000000e+92	
-5.312637071190399546000000000000000000000e+91	
1.104950758866419073000000000000000000000e+92	
-1.288865534883566035000000000000000000000e+92	
3.477259650646575588000000000000000000000e+91	
-2.046090328685327549000000000000000000000e+92	
-4.091219824119664982000000000000000000000e+91	
1.176368918877996098000000000000000000000e+92	
-1.217447374871989010000000000000000000000e+92	
4.942480855450164294000000000000000000000e+91	
-1.899568208204968678000000000000000000000e+92	
-1.875332782784522077000000000000000000000e+91	
1.472986848450272554000000000000000000000e+92	
-9.208294452997125538000000000000000000000e+91	
7.400556192493814434000000000000000000000e+91	
-1.653760674500603664000000000000000000000e+92	
7.489146251091806115000000000000000000000e+89	
1.617249437913715776000000000000000000000e+92	
-7.765668558362693321000000000000000000000e+91	
8.831910282322931520000000000000000000000e+91	
-1.510625265517691956000000000000000000000e+92	
1.494979357147949069000000000000000000000e+91	
1.758132168540361052000000000000000000000e+92	
-6.356841252096240554000000000000000000000e+91	
1.026266044733868929000000000000000000000e+92	
-1.367550249016116179000000000000000000000e+92	
2.947641470614214535000000000000000000000e+91	
1.905588484245128586000000000000000000000e+92	
-4.882278095048565212000000000000000000000e+91	
1.168890269239683928000000000000000000000e+92	
-1.224926024510301180000000000000000000000e+92	
4.325586851440201143000000000000000000000e+91	
-1.961257608605964993000000000000000000000e+92	
-3.034064505022259135000000000000000000000e+91	
1.302956869917080981000000000000000000000e+92	
-1.090859423832904126000000000000000000000e+92	
5.765086827316812199000000000000000000000e+91	
-1.817307611018303888000000000000000000000e+92	
-1.495779746517563962000000000000000000000e+91	
1.466658907830755273000000000000000000000e+92	
-9.271573859192298347000000000000000000000e+91	
7.191019751459016288000000000000000000000e+91	
-1.674714318604083479000000000000000000000e+92	
-2.808292259606728100000000000000000000000e+90	
1.567066219440767564000000000000000000000e+92	
-8.267500743092175439000000000000000000000e+91	
8.639861104126945975000000000000000000000e+91	
-1.529830183337290510000000000000000000000e+92	
1.612559016487616188000000000000000000000e+91	
1.800837609000601317000000000000000000000e+92	
-5.929786847493837909000000000000000000000e+91	
1.046978380797938353700000000000000000000e+92	
-1.346837912952046754000000000000000000000e+92	
2.934943239871058814000000000000000000000e+91	
1.882347441843113135000000000000000000000e+92	
-5.114688519068719724000000000000000000000e+91	
1.192161808368095442000000000000000000000e+92	
-1.201654485381889665000000000000000000000e+92	
5.023196579931647256000000000000000000000e+91	
-1.891496635756820382000000000000000000000e+92	
-1.871791802221250686000000000000000000000e+91	
1.465627312852546204000000000000000000000e+92	
-9.281889808974389036000000000000000000000e+91	
7.249862888239571236000000000000000000000e+91	
-1.668830004926027984000000000000000000000e+92	
-1.528614208613385569000000000000000000000e+90	
1.586772026671076004000000000000000000000e+92	
-8.070442670789091039000000000000000000000e+91	
8.690489468068884858000000000000000000000e+91	
-1.524767346943096622000000000000000000000e+92	
1.516830545405281695000000000000000000000e+91	
1.776636362096957271000000000000000000000e+92	
-6.171799316530278366000000000000000000000e+91	
1.010221446360427134400000000000000000000e+92	
-1.383594847389557973000000000000000000000e+92	
2.441879505759247262000000000000000000000e+91	
1.820497874908752144000000000000000000000e+92	
-5.733184188412329635000000000000000000000e+91	
1.156931403969696959000000000000000000000e+92	
-1.236884889780288149000000000000000000000e+92	
4.936951686332065394000000000000000000000e+91	
-1.900121125116778568000000000000000000000e+92	
-1.692109954483138768000000000000000000000e+91	
1.510174937445026175000000000000000000000e+92	
-8.836413563049589325000000000000000000000e+91	
7.961001255062972334000000000000000000000e+91	
-1.597716168243687874000000000000000000000e+92	
8.238068554027076733000000000000000000000e+90	
1.710978630675486482000000000000000000000e+92	
-6.828376630744986256000000000000000000000e+91	
9.461411065199316918000000000000000000000e+91	
-1.447675187230053416000000000000000000000e+92	
1.816842172995566785000000000000000000000e+91	
1.759569963570341417000000000000000000000e+92	
-6.342463301796436908000000000000000000000e+91	
1.092751908142895256000000000000000000000e+92	
-1.301064385607089852000000000000000000000e+92	
4.262657065266026405000000000000000000000e+91	
2.102073383554233787000000000000000000000e+92	
-2.917429101957513207000000000000000000000e+91	
1.384422096532179284000000000000000000000e+92	
-1.009394197217805824000000000000000000000e+92	
6.671279613789732650000000000000000000000e+91	
-1.726688332371011842000000000000000000000e+92	
-4.980919964833534780000000000000000000000e+90	
1.575572625781453745000000000000000000000e+92	
-8.182436679685313626000000000000000000000e+91	
8.085222489448767966000000000000000000000e+91	
-1.585294044805108311000000000000000000000e+92	
4.185360830879442598000000000000000000000e+90	
1.617528703881122386000000000000000000000e+92	
-7.762875898688627216000000000000000000000e+91	
9.555789054735078302000000000000000000000e+91	
-1.438237388276477277000000000000000000000e+92	
2.939585381027495122000000000000000000000e+91	
1.974629627807353726000000000000000000000e+92	
-4.191866659426313817000000000000000000000e+91	
1.261839333098848203000000000000000000000e+92	
-1.131976960651136905000000000000000000000e+92	
5.494037711003035497000000000000000000000e+91	
-1.844412522649681558000000000000000000000e+92	
-1.626772347272940656000000000000000000000e+91	
1.467558329150593391000000000000000000000e+92	
-9.262579645993917165000000000000000000000e+91	
7.043576087477492164000000000000000000000e+91	
-1.689458685002235891000000000000000000000e+92	
-5.846329130428180444000000000000000000000e+90	
1.521057629955872461000000000000000000000e+92	
-8.727586637941126469000000000000000000000e+91	
8.511018594072589293000000000000000000000e+91	
-1.542714434342726178000000000000000000000e+92	
1.814795042092821608000000000000000000000e+91	
1.854152588417583607000000000000000000000e+92	
-5.396637053324015008000000000000000000000e+91	
1.133368268561813863000000000000000000000e+92	
-1.260448025188171244000000000000000000000e+92	
4.129426597841517910000000000000000000000e+91	
-1.980873633965833316000000000000000000000e+92	
-3.071244164343216376000000000000000000000e+91	
1.315129051462012095000000000000000000000e+92	
-1.078687242287973013000000000000000000000e+92	
5.550480273780258794000000000000000000000e+91	
-1.838768266371959228000000000000000000000e+92	
-2.046547289272538939000000000000000000000e+91	
1.377982784280209887000000000000000000000e+92	
-1.015833509469775220800000000000000000000e+92	
7.016266081327583744000000000000000000000e+91	
-1.692189685617226733000000000000000000000e+92	
2.560703261110725894000000000000000000000e+90	
1.691886080185690106000000000000000000000e+92	
-7.019302135642950016000000000000000000000e+91	
9.647109058017375901000000000000000000000e+91	
-1.429105387948247518000000000000000000000e+92	
2.378976230177971958000000000000000000000e+91	
1.853408241717801391000000000000000000000e+92	
-5.404080520321837170000000000000000000000e+91	
1.106866310468769553000000000000000000000e+92	
-1.286949983281215554000000000000000000000e+92	
3.606959090291883158000000000000000000000e+91	
-2.033120384720796792000000000000000000000e+92	
-3.851031474993301098000000000000000000000e+91	
1.211431146062539054000000000000000000000e+92	
-1.182385147687446054000000000000000000000e+92	
5.059001738608187051000000000000000000000e+91	
-1.887916119889166402000000000000000000000e+92	
-1.992796783613114190000000000000000000000e+91	
1.437853604640769133000000000000000000000e+92	
-9.559626891092159748000000000000000000000e+91	
6.815471705900729763000000000000000000000e+91	
-1.712269123159912131000000000000000000000e+92	
-7.438287417347511894000000000000000000000e+90	
1.512025473019026760000000000000000000000e+92	
-8.817908207309583476000000000000000000000e+91	
8.275111760814163518000000000000000000000e+91	
-1.566305117668568756000000000000000000000e+92	
1.433375398028553230000000000000000000000e+91	
1.801466584633229598000000000000000000000e+92	
-5.923497091167555094000000000000000000000e+91	
1.066145463498227866000000000000000000000e+92	
-1.327670830251757242000000000000000000000e+92	
3.311902879378615668000000000000000000000e+91	
1.938563065818530465000000000000000000000e+92	
-4.552532279314546426000000000000000000000e+91	
1.209122343261976768000000000000000000000e+92	
-1.184693950488008339000000000000000000000e+92	
4.800446397955945018000000000000000000000e+91	
-1.913771653954390606000000000000000000000e+92	
-2.486702252434939227000000000000000000000e+91	
1.364939757557438476000000000000000000000e+92	
-1.028876536192546631100000000000000000000e+92	
6.230773124969535402000000000000000000000e+91	
-1.770738981253031567000000000000000000000e+92	
-1.184159315832319060000000000000000000000e+91	
1.482422031563171964000000000000000000000e+92	
-9.113942621868131441000000000000000000000e+91	
7.674210526879386164000000000000000000000e+91	
-1.626395241062046491000000000000000000000e+92	
5.277590670878129928000000000000000000000e+90	
1.680448606524853273000000000000000000000e+92	
-7.133676872251318346000000000000000000000e+91	
9.146862975148688834000000000000000000000e+91	
-1.479129996235116224000000000000000000000e+92	
1.493050836756206569000000000000000000000e+91	
1.726266965334043421000000000000000000000e+92	
-6.675493284159416866000000000000000000000e+91	
1.061448294894285376000000000000000000000e+92	
-1.332367998855699732000000000000000000000e+92	
3.969604832363434824000000000000000000000e+91	
2.074765555688180931000000000000000000000e+92	
-3.190507380618041762000000000000000000000e+91	
1.359110670051136676000000000000000000000e+92	
-1.034705623698848431700000000000000000000e+92	
6.438119427384457091000000000000000000000e+91	
-1.750004351011539398000000000000000000000e+92	
-7.113080349838766873000000000000000000000e+90	
1.556244444166045585000000000000000000000e+92	
-8.375718495839395229000000000000000000000e+91	
7.901848310367517821000000000000000000000e+91	
-1.603631462713233326000000000000000000000e+92	
2.450646103685275935000000000000000000000e+90	
1.601171334419649128000000000000000000000e+92	
-7.926449593303359796000000000000000000000e+91	
9.371496644177626002000000000000000000000e+91	
-1.456666629332222507000000000000000000000e+92	
2.734584565563132202000000000000000000000e+91	
1.952059736360660164000000000000000000000e+92	
-4.417565573893249432000000000000000000000e+91	
1.237200661829439948000000000000000000000e+92	
-1.156615631920545160000000000000000000000e+92	
5.226973495730869908000000000000000000000e+91	
-1.871118944176898117000000000000000000000e+92	
-1.914503774597942688000000000000000000000e+91	
1.436719493753208661000000000000000000000e+92	
-9.570967999967764468000000000000000000000e+91	
6.714541087140068294000000000000000000000e+91	
-1.722362185035978278000000000000000000000e+92	
-9.343042845747132342000000000000000000000e+90	
