1.809045596560403500000000000000000000000e+92	
-5.847706971895816073000000000000000000000e+91	
1.097554932418984826000000000000000000000e+92	
-1.296261361331000282000000000000000000000e+92	
3.864183542033655182000000000000000000000e+91	
-2.007397939546619589000000000000000000000e+92	
-3.243643143035850617000000000000000000000e+91	
1.307168940754395676000000000000000000000e+92	
-1.086647352995589431000000000000000000000e+92	
5.452652657126534773000000000000000000000e+91	
-1.848551028037331630000000000000000000000e+92	
-2.162592344758636404000000000000000000000e+91	
1.364557441471459896000000000000000000000e+92	
-1.029258852278525211500000000000000000000e+92	
6.920714414678955478000000000000000000000e+91	
-1.701744852282089560000000000000000000000e+92	
1.992011602845286895000000000000000000000e+90	
1.690065488582103919000000000000000000000e+92	
-7.037508051678811888000000000000000000000e+91	
9.667547150321410920000000000000000000000e+91	
-1.427061578717844016000000000000000000000e+92	
2.438039098946971087000000000000000000000e+91	
1.863175084010812319000000000000000000000e+92	
-5.306412097391727888000000000000000000000e+91	
1.108452780497116536000000000000000000000e+92	
-1.285363513252868572000000000000000000000e+92	
3.541060778999607638000000000000000000000e+91	
1.942096979280592779000000000000000000000e+92	
-4.517193144693923286000000000000000000000e+91	
1.253654849965203295000000000000000000000e+92	
-1.140161443784781813000000000000000000000e+92	
5.655553360641875335000000000000000000000e+91	
-1.828260957685797574000000000000000000000e+92	
-1.222017329310814619000000000000000000000e+91	
1.532345662541320465000000000000000000000e+92	
-8.614706312086646425000000000000000000000e+91	
7.934446745195614024000000000000000000000e+91	
-1.600371619230423705000000000000000000000e+92	
5.491141365657451692000000000000000000000e+90	
1.658707886932123044000000000000000000000e+92	
-7.351084068178620632000000000000000000000e+91	
9.372103445374290197000000000000000000000e+91	
-1.456605949212556088000000000000000000000e+92	
2.160718681686665127000000000000000000000e+91	
1.837254469115964781000000000000000000000e+92	
-5.565618246340203265000000000000000000000e+91	
1.078734947135270368000000000000000000000e+92	
-1.315081346614714740000000000000000000000e+92	
3.205929158241144614000000000000000000000e+91	
1.904790377303276567000000000000000000000e+92	
-4.890259164467085405000000000000000000000e+91	
1.224423765275232028000000000000000000000e+92	
-1.169392528474753080000000000000000000000e+92	
5.443957497374079734000000000000000000000e+91	
-1.849420544012577134000000000000000000000e+92	
-1.352938378187339263000000000000000000000e+91	
1.527317024167823878000000000000000000000e+92	
-8.664992695821612298000000000000000000000e+91	
7.964754897333485024000000000000000000000e+91	
-1.597340804016636605000000000000000000000e+92	
6.599767152787662036000000000000000000000e+90	
1.677845578527281477000000000000000000000e+92	
-7.159707152227036303000000000000000000000e+91	
9.392890104235974122000000000000000000000e+91	
-1.454527283326387695000000000000000000000e+92	
2.010999980720153610000000000000000000000e+91	
1.805240548537602302000000000000000000000e+92	
-5.885757452123828058000000000000000000000e+91	
1.082817525838955931000000000000000000000e+92	
-1.310998767911029177000000000000000000000e+92	
3.607540297479000190000000000000000000000e+91	
1.981012071325346725000000000000000000000e+92	
-4.128042224246383829000000000000000000000e+91	
1.224254676582593139000000000000000000000e+92	
-1.169561617167391969000000000000000000000e+92	
4.678738955555600345000000000000000000000e+91	
-1.925942398194425073000000000000000000000e+92	
-2.881304591842360268000000000000000000000e+91	
1.298203615013693320000000000000000000000e+92	
-1.095612678736291787000000000000000000000e+92	
6.141347384925392734000000000000000000000e+91	
-1.779681555257445834000000000000000000000e+92	
-6.959369904092119114000000000000000000000e+90	
1.588980322973516159000000000000000000000e+92	
-8.048359707764689486000000000000000000000e+91	
8.541039575718033182000000000000000000000e+91	
-1.539712336178181789000000000000000000000e+92	
1.195933164041609021000000000000000000000e+91	
1.727410407447142557000000000000000000000e+92	
-6.664058863028425510000000000000000000000e+91	
9.973144107509709222000000000000000000000e+91	
-1.396501882999014185000000000000000000000e+92	
2.675817592537473744000000000000000000000e+91	
1.880174462115995619000000000000000000000e+92	
-5.136418316339894885000000000000000000000e+91	
1.139769443700033527000000000000000000000e+92	
-1.254046850049951580000000000000000000000e+92	
3.997329009501980333000000000000000000000e+91	
-1.994083392799787074000000000000000000000e+92	
-3.399353495119503180000000000000000000000e+91	
1.262726699012105462000000000000000000000e+92	
-1.131089594737879646000000000000000000000e+92	
5.441629847441243846000000000000000000000e+91	
-1.849653309005860723000000000000000000000e+92	
-1.740431235694348444000000000000000000000e+91	
1.450070386088187130000000000000000000000e+92	
-9.437459076617979779000000000000000000000e+91	
6.858724089463343085000000000000000000000e+91	
-1.707943884803650799000000000000000000000e+92	
-7.794525154223278009000000000000000000000e+90	
1.500579405336863917000000000000000000000e+92	
-8.932368884131211908000000000000000000000e+91	
8.327588938094319534000000000000000000000e+91	
-1.561057399940553154000000000000000000000e+92	
1.652707349831801155000000000000000000000e+91	
1.840076953442596643000000000000000000000e+92	
-5.537393403073884650000000000000000000000e+91	
1.121424706245915202000000000000000000000e+92	
-1.272391587504069906000000000000000000000e+92	
4.031301090636348781000000000000000000000e+91	
-1.990686184686350230000000000000000000000e+92	
-3.148070160951065608000000000000000000000e+91	
1.309575342853103930000000000000000000000e+92	
-1.084240950896881177000000000000000000000e+92	
5.449980280685733288000000000000000000000e+91	
-1.848818265681411779000000000000000000000e+92	
-2.191987812785776914000000000000000000000e+91	
1.358946915432077248000000000000000000000e+92	
-1.034869378317907859500000000000000000000e+92	
6.921190741347597023000000000000000000000e+91	
-1.701697219615225405000000000000000000000e+92	
2.562309151870734148000000000000000000000e+90	
1.701420992414266564000000000000000000000e+92	
-6.923953013357185437000000000000000000000e+91	
9.837599341254055876000000000000000000000e+91	
-1.410056359624579520000000000000000000000e+92	
2.664560325682370450000000000000000000000e+91	
1.891471299983083841000000000000000000000e+92	
-5.023449937669012662000000000000000000000e+91	
1.124770475144219377000000000000000000000e+92	
-1.269045818605765730000000000000000000000e+92	
3.584512125451092136000000000000000000000e+91	
-2.035365081204875894000000000000000000000e+92	
-4.074866777054506636000000000000000000000e+91	
1.168918804581532615000000000000000000000e+92	
-1.224897489168452493000000000000000000000e+92	
5.060286879232776056000000000000000000000e+91	
-1.887787605826707502000000000000000000000e+92	
-1.565315297320955819000000000000000000000e+91	
1.523200177421027875000000000000000000000e+92	
-8.706161163289572325000000000000000000000e+91	
8.094709676614000290000000000000000000000e+91	
-1.584345326088585078000000000000000000000e+92	
9.609695787943102030000000000000000000000e+90	
1.725040161289258119000000000000000000000e+92	
-6.687761324607269883000000000000000000000e+91	
9.605477235844210466000000000000000000000e+91	
-1.433268570165564061000000000000000000000e+92	
1.964357490763822522000000000000000000000e+91	
1.774666238406589589000000000000000000000e+92	
-6.191500553433955186000000000000000000000e+91	
1.107098507252600514000000000000000000000e+92	
-1.286717786497384594000000000000000000000e+92	
4.398630029991630129000000000000000000000e+91	
2.114921750293372662000000000000000000000e+92	
-2.788945434566124456000000000000000000000e+91	
1.396521906256038331000000000000000000000e+92	
-9.972943874939467767000000000000000000000e+91	
6.784795866202042012000000000000000000000e+91	
-1.715336707129780906000000000000000000000e+92	
-3.920538654247841530000000000000000000000e+90	
1.585428998913886096000000000000000000000e+92	
-8.083872948360990118000000000000000000000e+91	
8.199465806698631478000000000000000000000e+91	
-1.573869713080121960000000000000000000000e+92	
5.484511830398094556000000000000000000000e+90	
1.632086612212496146000000000000000000000e+92	
-7.617296815374889618000000000000000000000e+91	
9.668033892916412186000000000000000000000e+91	
-1.427012904458343889000000000000000000000e+92	
3.018512563453692077000000000000000000000e+91	
1.979192238586586784000000000000000000000e+92	
-4.146240551633983233000000000000000000000e+91	
1.263073493701632251000000000000000000000e+92	
-1.130742800048352857000000000000000000000e+92	
5.473111379887984256000000000000000000000e+91	
-1.846505155761186682000000000000000000000e+92	
-1.680950059152961183000000000000000000000e+91	
1.458817074699929252000000000000000000000e+92	
-9.349992190500558554000000000000000000000e+91	
6.922945250247100467000000000000000000000e+91	
-1.701521768725275061000000000000000000000e+92	
-7.384655113254625334000000000000000000000e+90	
1.502355846366804505000000000000000000000e+92	
-8.914604473831806022000000000000000000000e+91	
8.394457990167592736000000000000000000000e+91	
-1.554370494733225834000000000000000000000e+92	
1.768656605884570984000000000000000000000e+91	
1.856577456882577165000000000000000000000e+92	
-5.372388368674079428000000000000000000000e+91	
1.142828346172937335000000000000000000000e+92	
-1.250987947577047772000000000000000000000e+92	
4.294344453450167434000000000000000000000e+91	
-1.964381848404968364000000000000000000000e+92	
-2.836044223776712272000000000000000000000e+91	
1.345673756302057070000000000000000000000e+92	
-1.048142537447928037900000000000000000000e+92	
5.815161271607480718000000000000000000000e+91	
-1.812300166589237036000000000000000000000e+92	
-1.822612054071724760000000000000000000000e+91	
1.396303759322667205000000000000000000000e+92	
-9.975125344273179025000000000000000000000e+91	
7.285385673931318318000000000000000000000e+91	
-1.665277726356853276000000000000000000000e+92	
6.110570063399965622000000000000000000000e+90	
1.735967183643459728000000000000000000000e+92	
-6.578491101065253800000000000000000000000e+91	
1.017370173493440153800000000000000000000e+92	
-1.376446120256544954000000000000000000000e+92	
2.991307858681272236000000000000000000000e+91	
1.923211032776034448000000000000000000000e+92	
-4.706052609739506598000000000000000000000e+91	
1.158445497878648519000000000000000000000e+92	
-1.235370795871336588000000000000000000000e+92	
3.940605620897134167000000000000000000000e+91	
-1.999755731660271691000000000000000000000e+92	
-3.699439640026549692000000000000000000000e+91	
1.208393920269616448000000000000000000000e+92	
-1.185422373480368660000000000000000000000e+92	
5.413624841167882606000000000000000000000e+91	
-1.852453809633196847000000000000000000000e+92	
-1.253369920321903206000000000000000000000e+91	
1.550257516602601385000000000000000000000e+92	
-8.435587771473837228000000000000000000000e+91	
8.323931672747330878000000000000000000000e+91	
-1.561423126475252020000000000000000000000e+92	
1.148860758499417833000000000000000000000e+91	
1.739698254518200792000000000000000000000e+92	
-6.541180392317843160000000000000000000000e+91	
9.736317071829028490000000000000000000000e+91	
-1.420184586567082258000000000000000000000e+92	
2.079464064279296109000000000000000000000e+91	
1.784604352504865360000000000000000000000e+92	
-6.092119412451197470000000000000000000000e+91	
1.120350018217018978000000000000000000000e+92	
-1.273466275532966130000000000000000000000e+92	
4.564262618591113166000000000000000000000e+91	
-1.937390031890873791000000000000000000000e+92	
-2.071670810868175769000000000000000000000e+91	
1.471532014928842390000000000000000000000e+92	
-9.222842788211427176000000000000000000000e+91	
7.567707079289659110000000000000000000000e+91	
-1.637045585821019197000000000000000000000e+92	
4.236511454821313902000000000000000000000e+90	
1.670277247745097860000000000000000000000e+92	
-7.235390460048872478000000000000000000000e+91	
9.047542529576651279000000000000000000000e+91	
-1.489062040792319980000000000000000000000e+92	
1.396122342420080724000000000000000000000e+91	
1.716813191984334044000000000000000000000e+92	
-6.770031017656510638000000000000000000000e+91	
1.051501490124462529800000000000000000000e+92	
-1.342314803625522578000000000000000000000e+92	
3.865208924122220516000000000000000000000e+91	
2.063833424053466095000000000000000000000e+92	
-3.299828696965190128000000000000000000000e+91	
1.347686242727483250000000000000000000000e+92	
-1.046130051022501857500000000000000000000e+92	
6.318954647255192288000000000000000000000e+91	
-1.761920829024465879000000000000000000000e+92	
-8.353908732285015970000000000000000000000e+90	
1.543344599285916427000000000000000000000e+92	
-8.504716944640686810000000000000000000000e+91	
7.767936697350181018000000000000000000000e+91	
-1.617022624014967006000000000000000000000e+92	
1.062422782583029365000000000000000000000e+90	
1.586798273689968576000000000000000000000e+92	
-8.070180200600165319000000000000000000000e+91	
9.238343535156020714000000000000000000000e+91	
-1.469981940234383036000000000000000000000e+92	
2.612003690737444192000000000000000000000e+91	
1.940858346151730345000000000000000000000e+92	
-4.529579475982547629000000000000000000000e+91	
1.227055443010042514000000000000000000000e+92	
-1.166760850739942594000000000000000000000e+92	
5.136077765208300762000000000000000000000e+91	
-1.880208517229155031000000000000000000000e+92	
-1.994848301057166236000000000000000000000e+91	
1.429739636414269971000000000000000000000e+92	
-9.640766573357151366000000000000000000000e+91	
6.655283218440259967000000000000000000000e+91	
-1.728287971905959111000000000000000000000e+92	
-9.830266943532470704000000000000000000000e+90	
1.480208663287292075000000000000000000000e+92	
-9.136076304626930328000000000000000000000e+91	
8.124438051952679900000000000000000000000e+91	
-1.581372488554717118000000000000000000000e+92	
1.450112721075065868000000000000000000000e+91	
1.819873088622280285000000000000000000000e+92	
-5.739432051277048227000000000000000000000e+91	
1.101276411811598826000000000000000000000e+92	
-1.292539881938386282000000000000000000000e+92	
3.830373573597321573000000000000000000000e+91	
-2.010778936390252950000000000000000000000e+92	
-3.348442527104183251000000000000000000000e+91	
1.289593593698316234000000000000000000000e+92	
-1.104222700051668874000000000000000000000e+92	
5.249258333574964687000000000000000000000e+91	
-1.868890460392488639000000000000000000000e+92	
-2.393613765341112086000000000000000000000e+91	
1.338693964621518732000000000000000000000e+92	
-1.055122329128466375500000000000000000000e+92	
6.720845818347882771000000000000000000000e+91	
-1.721731711915196830000000000000000000000e+92	
5.806949009577206530000000000000000000000e+89	
1.681823091030338088000000000000000000000e+92	
-7.119932027196470193000000000000000000000e+91	
9.643801652551189671000000000000000000000e+91	
-1.429436128494866140000000000000000000000e+92	
2.472942876540848019000000000000000000000e+91	
1.872527470521584192000000000000000000000e+92	
-5.212888232284009158000000000000000000000e+91	
1.105391175935633038000000000000000000000e+92	
-1.288425117814352070000000000000000000000e+92	
3.386366603086656740000000000000000000000e+91	
1.914225923627318741000000000000000000000e+92	
-4.795903701226663665000000000000000000000e+91	
1.252057676378598354000000000000000000000e+92	
-1.141758617371386753000000000000000000000e+92	
5.902189688816676866000000000000000000000e+91	
-1.803597324868317421000000000000000000000e+92	
-7.129036286476515028000000000000000000000e+90	
1.609491707205320364000000000000000000000e+92	
-7.843245865446647432000000000000000000000e+91	
8.968123376309525834000000000000000000000e+91	
-1.497003956119032524000000000000000000000e+92	
1.844876455626882601000000000000000000000e+91	
1.814479644474681880000000000000000000000e+92	
-5.793366492753032270000000000000000000000e+91	
1.051035480320360983100000000000000000000e+92	
-1.342780813429624124000000000000000000000e+92	
2.879712576709461482000000000000000000000e+91	
1.867248977427515120000000000000000000000e+92	
-5.265673163224699876000000000000000000000e+91	
1.197340948770479397000000000000000000000e+92	
-1.196475344979505710000000000000000000000e+92	
5.277663117044825104000000000000000000000e+91	
-1.866049982045502597000000000000000000000e+92	
-1.414750996887034400000000000000000000000e+91	
1.531578738740959893000000000000000000000e+92	
-8.622375550090252144000000000000000000000e+91	
8.111749836174725266000000000000000000000e+91	
-1.582641310132512581000000000000000000000e+92	
9.112975017731584616000000000000000000000e+90	
1.713405049981521360000000000000000000000e+92	
-6.804112437684637473000000000000000000000e+91	
9.527408511820070362000000000000000000000e+91	
-1.441075442567978071000000000000000000000e+92	
1.924552103884210421000000000000000000000e+91	
1.774510129190364332000000000000000000000e+92	
-6.193061645596207752000000000000000000000e+91	
1.098851831000291813000000000000000000000e+92	
-1.294964462749693295000000000000000000000e+92	
4.235297861246986035000000000000000000000e+91	
2.090506017206863726000000000000000000000e+92	
-3.033102765431213813000000000000000000000e+91	
1.364027679364777338000000000000000000000e+92	
-1.029788614385207770000000000000000000000e+92	
6.379108863296604272000000000000000000000e+91	
-1.755905407420324680000000000000000000000e+92	
-8.784454182766075658000000000000000000000e+90	
1.528723405038878701000000000000000000000e+92	
-8.650928887111064064000000000000000000000e+91	
7.803824081809962516000000000000000000000e+91	
-1.613433885568988856000000000000000000000e+92	
3.241383646941640631000000000000000000000e+90	
1.626779694545866168000000000000000000000e+92	
-7.670365992041189400000000000000000000000e+91	
9.252761524989127705000000000000000000000e+91	
-1.468540141251072337000000000000000000000e+92	
2.241217261096287053000000000000000000000e+91	
1.865278431620119876000000000000000000000e+92	
-5.285378621298652316000000000000000000000e+91	
1.112993417750389340000000000000000000000e+92	
-1.280822875999595768000000000000000000000e+92	
3.610827918368555593000000000000000000000e+91	
-2.032733501913129548000000000000000000000e+92	
-3.904536324412766459000000000000000000000e+91	
1.200346148673618177000000000000000000000e+92	
-1.193470145076366931000000000000000000000e+92	
5.069617785931145116000000000000000000000e+91	
-1.886854515156870596000000000000000000000e+92	
-1.860775164793976718000000000000000000000e+91	
1.463190281709088822000000000000000000000e+92	
-9.306260120408962855000000000000000000000e+91	
7.190123238884773192000000000000000000000e+91	
-1.674803969861507788000000000000000000000e+92	
-2.479528059591389240000000000000000000000e+90	
1.573729473928714296000000000000000000000e+92	
-8.200868198212708121000000000000000000000e+91	
8.634990988868731790000000000000000000000e+91	
-1.530317194863111928000000000000000000000e+92	
1.536221825656477371000000000000000000000e+91	
1.786060739045742104000000000000000000000e+92	
-6.077555547042430038000000000000000000000e+91	
1.025061914886832695900000000000000000000e+92	
-1.368754378863152412000000000000000000000e+92	
2.644418152660867550000000000000000000000e+91	
1.846162441690226469000000000000000000000e+92	
-5.476538520597586388000000000000000000000e+91	
1.171114748749649318000000000000000000000e+92	
-1.222701545000335790000000000000000000000e+92	
4.964030052450383079000000000000000000000e+91	
-1.897413288504946800000000000000000000000e+92	
-1.779729560147910303000000000000000000000e+91	
1.489948887847876174000000000000000000000e+92	
-9.038674059021089338000000000000000000000e+91	
7.644156921853495536000000000000000000000e+91	
-1.629400601564635554000000000000000000000e+92	
3.924357096305407342000000000000000000000e+90	
1.656394534471595308000000000000000000000e+92	
-7.374217592783897996000000000000000000000e+91	
9.066479992494249054000000000000000000000e+91	
-1.487168294500560202000000000000000000000e+92	
1.572745886646093559000000000000000000000e+91	
1.750236307010760351000000000000000000000e+92	
-6.435799867392247568000000000000000000000e+91	
1.051536840604276857700000000000000000000e+92	
-1.342279453145708250000000000000000000000e+92	
3.531850943575745860000000000000000000000e+91	
1.997143085207253180000000000000000000000e+92	
-3.966732085427319277000000000000000000000e+91	
1.247657962567465245000000000000000000000e+92	
-1.146158331182519863000000000000000000000e+92	
4.985458344684319938000000000000000000000e+91	
-1.895270459281553114000000000000000000000e+92	
-2.501934847171834837000000000000000000000e+91	
1.343402009461356605000000000000000000000e+92	
-1.050414284288628502400000000000000000000e+92	
6.439102848273048365000000000000000000000e+91	
-1.749906008922680271000000000000000000000e+92	
-5.523332536563270091000000000000000000000e+90	
1.587933195622924100000000000000000000000e+92	
-8.058830981270610081000000000000000000000e+91	
8.376569970110029654000000000000000000000e+91	
-1.556159296738982142000000000000000000000e+92	
8.775418663279981440000000000000000000000e+90	
1.680186768650744032000000000000000000000e+92	
-7.136295250992410751000000000000000000000e+91	
9.827011639002562470000000000000000000000e+91	
-1.411115129849728860000000000000000000000e+92	
2.855626752098051936000000000000000000000e+91	
1.930733319816632518000000000000000000000e+92	
-4.630829739333525898000000000000000000000e+91	
1.182460247435380560000000000000000000000e+92	
-1.211356046314604548000000000000000000000e+92	
4.345595663966132126000000000000000000000e+91	
-1.959256727353371895000000000000000000000e+92	
-3.129689086268142862000000000000000000000e+91	
1.281836827115878634000000000000000000000e+92	
-1.111979466634106473000000000000000000000e+92	
5.798677813232898515000000000000000000000e+91	
-1.813948512426695256000000000000000000000e+92	
-1.217519171454491934000000000000000000000e+91	
1.518939747836474957000000000000000000000e+92	
-8.748765459135101506000000000000000000000e+91	
7.661899248738296516000000000000000000000e+91	
-1.627626368876155456000000000000000000000e+92	
1.381472118785583080000000000000000000000e+90	
1.603776140328331279000000000000000000000e+92	
-7.900401534216538290000000000000000000000e+91	
9.116214309584743574000000000000000000000e+91	
-1.482194862791510750000000000000000000000e+92	
2.198111846341858499000000000000000000000e+91	
1.870307419913026410000000000000000000000e+92	
-5.235088738369586976000000000000000000000e+91	
1.127357287829302003000000000000000000000e+92	
-1.266459005920683105000000000000000000000e+92	
3.847768980325809991000000000000000000000e+91	
-2.009039395717404108000000000000000000000e+92	
-3.574339334859313994000000000000000000000e+91	
1.242686799342238511000000000000000000000e+92	
-1.151129494407746597000000000000000000000e+92	
5.295263887405630400000000000000000000000e+91	
-1.864289905009422068000000000000000000000e+92	
-1.832791049564244840000000000000000000000e+91	
1.446232331606288181000000000000000000000e+92	
-9.475839621436969265000000000000000000000e+91	
6.823078442630482785000000000000000000000e+91	
-1.711508449486936829000000000000000000000e+92	
-8.123646253394658908000000000000000000000e+90	
1.497561411997418556000000000000000000000e+92	
-8.962548817525665516000000000000000000000e+91	
8.291669635600210488000000000000000000000e+91	
-1.564649330189964059000000000000000000000e+92	
1.611051534536682609000000000000000000000e+91	
1.835338006120700036000000000000000000000e+92	
-5.584782876292850710000000000000000000000e+91	
1.116112678477271413000000000000000000000e+92	
-1.277703615272713695000000000000000000000e+92	
3.972452860518743451000000000000000000000e+91	
-1.996571007698110762000000000000000000000e+92	
-3.212643492882893146000000000000000000000e+91	
1.302545784398326748000000000000000000000e+92	
-1.091270509351658360000000000000000000000e+92	
5.391885194498848618000000000000000000000e+91	
-1.854627774300100246000000000000000000000e+92	
-2.237888472405789961000000000000000000000e+91	
1.355575685249535193000000000000000000000e+92	
-1.038240608500449914500000000000000000000e+92	
6.861738794551769335000000000000000000000e+91	
-1.707642414294808174000000000000000000000e+92	
1.710521332108738636000000000000000000000e+90	
1.690331711040110629000000000000000000000e+92	
-7.034845827098744788000000000000000000000e+91	
9.701005292790306962000000000000000000000e+91	
-1.423715764470954411000000000000000000000e+92	
2.502277833170924408000000000000000000000e+91	
1.872675484758068547000000000000000000000e+92	
-5.211408089919165608000000000000000000000e+91	
1.111431820024409394000000000000000000000e+92	
-1.282384473725575714000000000000000000000e+92	
3.505670016781606610000000000000000000000e+91	
1.932043031165403930000000000000000000000e+92	
-4.617732625845811780000000000000000000000e+91	
1.257397004425870439000000000000000000000e+92	
-1.136419289324114669000000000000000000000e+92	
5.830867272260066018000000000000000000000e+91	
-1.810729566523978506000000000000000000000e+92	
-9.088796752589014515000000000000000000000e+90	
1.577434943147327762000000000000000000000e+92	
-8.163813506026573458000000000000000000000e+91	
8.523026146973531480000000000000000000000e+91	
-1.541513679052631960000000000000000000000e+92	
1.275311611889438009000000000000000000000e+91	
1.745082593011989774000000000000000000000e+92	
-6.487337007379953330000000000000000000000e+91	
9.943692699702202798000000000000000000000e+91	
-1.399447023779764828000000000000000000000e+92	
2.440295527048803322000000000000000000000e+91	
1.836025445270134872000000000000000000000e+92	
-5.577908484798502352000000000000000000000e+91	
1.139253565131277840000000000000000000000e+92	
-1.254562728618707268000000000000000000000e+92	
4.428284458547679693000000000000000000000e+91	
-1.950987847895217138000000000000000000000e+92	
-2.532500851310766121000000000000000000000e+91	
1.392979989673638674000000000000000000000e+92	
-1.000836304076346433800000000000000000000e+92	
6.457658202460802815000000000000000000000e+91	
-1.748050473503904826000000000000000000000e+92	
-1.010764848207966535300000000000000000000e+91	
1.494415079393819859000000000000000000000e+92	
-8.994012143561652485000000000000000000000e+91	
7.907085128064683576000000000000000000000e+91	
-1.603107780943516750000000000000000000000e+92	
8.735215825095253228000000000000000000000e+90	
1.726308031423748594000000000000000000000e+92	
-6.675082623262365138000000000000000000000e+91	
9.718232804995008593000000000000000000000e+91	
-1.421993013250484248000000000000000000000e+92	
2.177140122695408742000000000000000000000e+91	
1.805942229853952400000000000000000000000e+92	
-5.878740638960327071000000000000000000000e+91	
1.117181620826897548000000000000000000000e+92	
-1.276634672923087560000000000000000000000e+92	
4.287637857112835803000000000000000000000e+91	
-1.965052508038701527000000000000000000000e+92	
-2.593114460803954778000000000000000000000e+91	
1.394917944934945170000000000000000000000e+92	
-9.988983488150399376000000000000000000000e+91	
6.556991107166733319000000000000000000000e+91	
-1.738117183033311776000000000000000000000e+92	
-8.315183816103902522000000000000000000000e+90	
1.520327105202848924000000000000000000000e+92	
-8.734891885471361832000000000000000000000e+91	
7.996878899480203322000000000000000000000e+91	
-1.594128403801964775000000000000000000000e+92	
7.940731355742574504000000000000000000000e+90	
1.701447387533778564000000000000000000000e+92	
-6.923689062162065430000000000000000000000e+91	
9.412969433837540545000000000000000000000e+91	
-1.452519350366231053000000000000000000000e+92	
1.815248015605608983000000000000000000000e+91	
1.764092963781042819000000000000000000000e+92	
-6.297233299689422882000000000000000000000e+91	
1.087362917977887292000000000000000000000e+92	
-1.306453375772097816000000000000000000000e+92	
4.109696588633857002000000000000000000000e+91	
2.076875208815374123000000000000000000000e+92	
-3.169410849346109848000000000000000000000e+91	
1.349326722686531197000000000000000000000e+92	
-1.044489571063453910800000000000000000000e+92	
6.221403139429001326000000000000000000000e+91	
-1.771675979807084975000000000000000000000e+92	
-1.046841976097406241700000000000000000000e+91	
1.510815197909758620000000000000000000000e+92	
-8.830010958402264872000000000000000000000e+91	
7.647589217653308216000000000000000000000e+91	
-1.629057371984654286000000000000000000000e+92	
1.907393373549244830000000000000000000000e+90	
1.615722239027833416000000000000000000000e+92	
-7.780940547221516914000000000000000000000e+91	
9.094049709073746869000000000000000000000e+91	
-1.484411322842610421000000000000000000000e+92	
2.034392140805913508000000000000000000000e+91	
1.839786983597359224000000000000000000000e+92	
-5.540293101526258840000000000000000000000e+91	
1.082695426986043551000000000000000000000e+92	
-1.311120866763941557000000000000000000000e+92	
3.259806503920187069000000000000000000000e+91	
1.911604656289732318000000000000000000000e+92	
-4.822116374602527894000000000000000000000e+91	
1.228210928506795694000000000000000000000e+92	
-1.165605365243189413000000000000000000000e+92	
5.451573037118290500000000000000000000000e+91	
-1.848658990038156058000000000000000000000e+92	
-1.375563873534406183000000000000000000000e+91	
1.522031876122641549000000000000000000000e+92	
-8.717844176273435584000000000000000000000e+91	
7.881692474273536977000000000000000000000e+91	
-1.605647046322631410000000000000000000000e+92	
5.467183846211609040000000000000000000000e+90	
1.663501657454558124000000000000000000000e+92	
-7.303146362954269838000000000000000000000e+91	
9.313493496132578737000000000000000000000e+91	
-1.462466944136727234000000000000000000000e+92	
1.995614103305539869000000000000000000000e+91	
1.810099848257676612000000000000000000000e+92	
-5.837164454923084950000000000000000000000e+91	
1.074135213422467610000000000000000000000e+92	
-1.319681080327517498000000000000000000000e+92	
3.385368444178796502000000000000000000000e+91	
1.945266748950932212000000000000000000000e+92	
-4.485495447990528951000000000000000000000e+91	
1.217177019618423737000000000000000000000e+92	
-1.176639274131561371000000000000000000000e+92	
4.894496370303895849000000000000000000000e+91	
-1.904366656719595523000000000000000000000e+92	
-2.379155791414425621000000000000000000000e+91	
1.377043380850091937000000000000000000000e+92	
-1.016772912899893170700000000000000000000e+92	
6.323107859748858439000000000000000000000e+91	
-1.761505507775099264000000000000000000000e+92	
-1.120511795391500865000000000000000000000e+91	
1.485919489843414756000000000000000000000e+92	
-9.078968039065703514000000000000000000000e+91	
7.769797030399195286000000000000000000000e+91	
-1.616836590710065579000000000000000000000e+92	
6.839273267295391202000000000000000000000e+90	
1.702120593142865524000000000000000000000e+92	
-6.916957006071195838000000000000000000000e+91	
9.424104313288159184000000000000000000000e+91	
-1.451405862421169189000000000000000000000e+92	
1.830783527272982612000000000000000000000e+91	
1.766086359164202318000000000000000000000e+92	
-6.277299345857827900000000000000000000000e+91	
1.088423112609849564000000000000000000000e+92	
-1.305393181140135544000000000000000000000e+92	
4.110971171680271341000000000000000000000e+91	
-1.982719176581957974000000000000000000000e+92	
-2.658917950002526264000000000000000000000e+91	
1.399418398335245606000000000000000000000e+92	
-9.943978954147395012000000000000000000000e+91	
6.712748518796738212000000000000000000000e+91	
-1.722541441870311286000000000000000000000e+92	
-5.650632104837962854000000000000000000000e+90	
1.558036889195178149000000000000000000000e+92	
-8.357794045548069583000000000000000000000e+91	
8.139398041117317864000000000000000000000e+91	
-1.579876489638253321000000000000000000000e+92	
7.021303211675634746000000000000000000000e+90	
1.668818578903081235000000000000000000000e+92	
-7.249977148469038725000000000000000000000e+91	
9.582890767825234679000000000000000000000e+91	
-1.435527216967461640000000000000000000000e+92	
2.481131822484681164000000000000000000000e+91	
1.880252909307533220000000000000000000000e+92	
-5.135633844424518876000000000000000000000e+91	
1.118955404445346734000000000000000000000e+92	
-1.274860889304638374000000000000000000000e+92	
3.580367727650636216000000000000000000000e+91	
-2.035779520984921486000000000000000000000e+92	
-4.025031742862631910000000000000000000000e+91	
1.179297564817950590000000000000000000000e+92	
-1.214518728932034518000000000000000000000e+92	
5.049795110022673011000000000000000000000e+91	
-1.888836782747717806000000000000000000000e+92	
-1.690029564952783716000000000000000000000e+91	
1.499312185300534934000000000000000000000e+92	
-8.945041084494501734000000000000000000000e+91	
7.741720918394747110000000000000000000000e+91	
-1.619644201910510396000000000000000000000e+92	
4.939287718437515005000000000000000000000e+90	
1.666936551723202709000000000000000000000e+92	
-7.268797420267823982000000000000000000000e+91	
9.163450024832387769000000000000000000000e+91	
-1.477471291266746331000000000000000000000e+92	
1.661269984168158930000000000000000000000e+91	
1.758244543608259653000000000000000000000e+92	
-6.355717501417254546000000000000000000000e+91	
1.061320171629773328000000000000000000000e+92	
-1.332496122120211780000000000000000000000e+92	
3.647426364038979805000000000000000000000e+91	
2.010473955306877871000000000000000000000e+92	
-3.833423384431072370000000000000000000000e+91	
1.262761278192288766000000000000000000000e+92	
-1.131055015557696342000000000000000000000e+92	
5.154207135295576435000000000000000000000e+91	
-1.878395580220427464000000000000000000000e+92	
-2.315479238696649134000000000000000000000e+91	
1.363817370884127826000000000000000000000e+92	
-1.029998922865857281500000000000000000000e+92	
6.605540163282905290000000000000000000000e+91	
-1.733262277421694579000000000000000000000e+92	
-4.235934676802540561000000000000000000000e+90	
1.597039297401427423000000000000000000000e+92	
-7.967769963485576846000000000000000000000e+91	
8.429970971210112579000000000000000000000e+91	
-1.550819196628973850000000000000000000000e+92	
8.933015929171970018000000000000000000000e+90	
1.678000487143244146000000000000000000000e+92	
-7.158158066067409617000000000000000000000e+91	
9.884770725705090935000000000000000000000e+91	
-1.405339221179476014000000000000000000000e+92	
2.992968115328997912000000000000000000000e+91	
1.952421723239678798000000000000000000000e+92	
-4.413945705103063097000000000000000000000e+91	
1.212098959376527450000000000000000000000e+92	
-1.181717334373457658000000000000000000000e+92	
4.721446302440678773000000000000000000000e+91	
-1.921671663505917230000000000000000000000e+92	
-2.674414475157660460000000000000000000000e+91	
1.335302732815903549000000000000000000000e+92	
-1.058513560934081558500000000000000000000e+92	
6.164674115498540042000000000000000000000e+91	
-1.777348882200131103000000000000000000000e+92	
-1.020101685917428446700000000000000000000e+91	
1.521832004340603233000000000000000000000e+92	
-8.719842894093818750000000000000000000000e+91	
7.581112991480161612000000000000000000000e+91	
-1.635704994601968946000000000000000000000e+92	
-5.229326914120901868000000000000000000000e+89	
1.573772126986777608000000000000000000000e+92	
-8.200441667632074992000000000000000000000e+91	
9.048442424055434991000000000000000000000e+91	
-1.488972051344441608000000000000000000000e+92	
2.362492616292955189000000000000000000000e+91	
1.909949208968255607000000000000000000000e+92	
-4.838670847817295010000000000000000000000e+91	
1.190191241206526895000000000000000000000e+92	
-1.203625052543458212000000000000000000000e+92	
4.707914737406151490000000000000000000000e+91	
-1.923024820009369959000000000000000000000e+92	
-2.482502716941991293000000000000000000000e+91	
1.375028016711775896000000000000000000000e+92	
-1.018788277038209211200000000000000000000e+92	
6.126981713876647988000000000000000000000e+91	
-1.781118122362320309000000000000000000000e+92	
-1.492522869920345046000000000000000000000e+91	
1.431138642749741832000000000000000000000e+92	
-9.626776510002432751000000000000000000000e+91	
7.594635605641864697000000000000000000000e+91	
-1.634352733185798638000000000000000000000e+92	
8.812274937514316266000000000000000000000e+90	
1.759078232812427086000000000000000000000e+92	
-6.347380609375580212000000000000000000000e+91	
1.036577166980073012000000000000000000000e+92	
-1.357239126769912096000000000000000000000e+92	
3.144356665948564550000000000000000000000e+91	
1.934615742698360980000000000000000000000e+92	
-4.592005510516241280000000000000000000000e+91	
1.178085843246123526000000000000000000000e+92	
-1.215730450503861581000000000000000000000e+92	
4.219324442925481146000000000000000000000e+91	
-1.971883849457436993000000000000000000000e+92	
-3.338446415345048425000000000000000000000e+91	
1.252716588471769082000000000000000000000e+92	
-1.141099705278216026000000000000000000000e+92	
5.682284814586891043000000000000000000000e+91	
-1.825587812291296003000000000000000000000e+92	
-1.159189779292212501000000000000000000000e+91	
1.542236230764410616000000000000000000000e+92	
-8.515800629855744913000000000000000000000e+91	
8.069412604717568803000000000000000000000e+91	
-1.586875033278228227000000000000000000000e+92	
7.201222273930899819000000000000000000000e+90	
1.679411125439943274000000000000000000000e+92	
-7.144051683100418334000000000000000000000e+91	
9.502645442672445178000000000000000000000e+91	
-1.443551749482740590000000000000000000000e+92	
2.214808358000499708000000000000000000000e+91	
1.835022009434027256000000000000000000000e+92	
-5.587942843159578516000000000000000000000e+91	
1.092671330471781252000000000000000000000e+92	
-1.301144963278203855000000000000000000000e+92	
3.506900954680798498000000000000000000000e+91	
1.951040310548290616000000000000000000000e+92	
-4.427759832016944913000000000000000000000e+91	
1.236439358436721126000000000000000000000e+92	
-1.157376935313263981000000000000000000000e+92	
5.221940401408265566000000000000000000000e+91	
-1.871622253609158551000000000000000000000e+92	
-1.916958213268581069000000000000000000000e+91	
1.436731787119977177000000000000000000000e+92	
-9.570845066300079309000000000000000000000e+91	
6.717240110471103210000000000000000000000e+91	
-1.722092282702874787000000000000000000000e+92	
-9.290304536169550325000000000000000000000e+90	
1.484812618407372253000000000000000000000e+92	
-9.090036753426128548000000000000000000000e+91	
8.187248315376934928000000000000000000000e+91	
-1.575091462212291615000000000000000000000e+92	
1.529685350480914675000000000000000000000e+91	
1.829505753952203636000000000000000000000e+92	
-5.643105397977814714000000000000000000000e+91	
1.112583645737199539000000000000000000000e+92	
-1.281232648012785568000000000000000000000e+92	
3.960183265023004982000000000000000000000e+91	
-1.997797967247684609000000000000000000000e+92	
-3.201903813148465396000000000000000000000e+91	
1.305919534797467303000000000000000000000e+92	
-1.087896758952517804000000000000000000000e+92	
5.385952198307033363000000000000000000000e+91	
-1.855221073919281771000000000000000000000e+92	
-2.283472226054052893000000000000000000000e+91	
1.347054207429209963000000000000000000000e+92	
-1.046762086320775144600000000000000000000e+92	
6.860480383408011714000000000000000000000e+91	
-1.707768255409183936000000000000000000000e+92	
2.537083067541128618000000000000000000000e+90	
1.706984610705258170000000000000000000000e+92	
-6.868316830447269378000000000000000000000e+91	
9.951365371754650408000000000000000000000e+91	
-1.398679756574520067000000000000000000000e+92	
2.836427274425813322000000000000000000000e+91	
1.914465195186650286000000000000000000000e+92	
-4.793510985633348220000000000000000000000e+91	
1.151851086566887167000000000000000000000e+92	
-1.241965207183097941000000000000000000000e+92	
3.896165063601975188000000000000000000000e+91	
-2.004199787389787589000000000000000000000e+92	
-3.722387343124527578000000000000000000000e+91	
1.208247365749595138000000000000000000000e+92	
-1.185568928000389970000000000000000000000e+92	
5.366714660516977096000000000000000000000e+91	
-1.857144827698287398000000000000000000000e+92	
-1.345702120096080694000000000000000000000e+91	
1.536484355220057399000000000000000000000e+92	
-8.573319385299277090000000000000000000000e+91	
8.140823238692808608000000000000000000000e+91	
-1.579733969880704247000000000000000000000e+92	
9.203980867937909704000000000000000000000e+90	
1.712318820716463331000000000000000000000e+92	
-6.814974730335217764000000000000000000000e+91	
9.558793360450735592000000000000000000000e+91	
-1.437936957704911548000000000000000000000e+92	
1.998163068758288523000000000000000000000e+91	
1.786091735844677563000000000000000000000e+92	
-6.077245579053075444000000000000000000000e+91	
1.101489115762705870000000000000000000000e+92	
-1.292327177987279238000000000000000000000e+92	
4.172272002953600450000000000000000000000e+91	
2.075268009870650862000000000000000000000e+92	
-3.185482838793342457000000000000000000000e+91	
1.339858697392402567000000000000000000000e+92	
-1.053957596357582540300000000000000000000e+92	
6.048153743787728722000000000000000000000e+91	
-1.789000919371212235000000000000000000000e+92	
-1.298621413113752293000000000000000000000e+91	
1.477788158257161686000000000000000000000e+92	
-9.160281354928234221000000000000000000000e+91	
7.483815785943152984000000000000000000000e+91	
-1.645434715155669809000000000000000000000e+92	
1.933800102982486656000000000000000000000e+90	
1.632619434894963716000000000000000000000e+92	
-7.611968588550213918000000000000000000000e+91	
8.910911444526615924000000000000000000000e+91	
-1.502725149297323515000000000000000000000e+92	
1.499318886926969826000000000000000000000e+91	
1.751103673944120949000000000000000000000e+92	
-6.427126198058641582000000000000000000000e+91	
1.035034218705434829400000000000000000000e+92	
-1.358782075044550278000000000000000000000e+92	
3.193211281090039860000000000000000000000e+91	
1.945926414789349281000000000000000000000e+92	
-4.478898789606358266000000000000000000000e+91	
1.179097223860682928000000000000000000000e+92	
-1.214719069889302180000000000000000000000e+92	
4.126496590554284819000000000000000000000e+91	
-1.981166634694556626000000000000000000000e+92	
-3.534164695494113957000000000000000000000e+91	
1.222860838203379342000000000000000000000e+92	
-1.170955455546605766000000000000000000000e+92	
5.601691523235444812000000000000000000000e+91	
-1.833647141426440626000000000000000000000e+92	
-1.021927333059982692200000000000000000000e+91	
1.577737207169511550000000000000000000000e+92	
-8.160790865804735578000000000000000000000e+91	
8.642061320779473110000000000000000000000e+91	
-1.529610161672037797000000000000000000000e+92	
1.510301583588167373000000000000000000000e+91	
1.780171299275328628000000000000000000000e+92	
-6.136449944746564790000000000000000000000e+91	
1.015876700570072234500000000000000000000e+92	
-1.377939593179912873000000000000000000000e+92	
2.519624666035331914000000000000000000000e+91	
1.830390598066158801000000000000000000000e+92	
-5.634256956838263066000000000000000000000e+91	
1.162329612674636098000000000000000000000e+92	
-1.231486681075349010000000000000000000000e+92	
4.946010996603695960000000000000000000000e+91	
-1.899215194089615512000000000000000000000e+92	
-1.727951064374053235000000000000000000000e+91	
1.502103018988584857000000000000000000000e+92	
-8.917132747614002508000000000000000000000e+91	
7.835426330193477922000000000000000000000e+91	
-1.610273660730637315000000000000000000000e+92	
6.533985134814526582000000000000000000000e+90	
1.689456685992561941000000000000000000000e+92	
-7.043596077574231668000000000000000000000e+91	
9.249289145327563533000000000000000000000e+91	
-1.468887379217228754000000000000000000000e+92	
1.607816238542173798000000000000000000000e+91	
1.738976814589642755000000000000000000000e+92	
-6.548394791603423528000000000000000000000e+91	
1.071531878823389821000000000000000000000e+92	
-1.322284414926595286000000000000000000000e+92	
4.044191088463899011000000000000000000000e+91	
2.079600529336151650000000000000000000000e+92	
-3.142157644138334572000000000000000000000e+91	
1.361323297443881968000000000000000000000e+92	
-1.032492996306103139300000000000000000000e+92	
6.434035289330071436000000000000000000000e+91	
-1.750412764816977964000000000000000000000e+92	
-7.415895409445301006000000000000000000000e+90	
1.550597860537749123000000000000000000000e+92	
-8.432184332122359846000000000000000000000e+91	
7.849033992488906550000000000000000000000e+91	
-1.608912894501094453000000000000000000000e+92	
1.958999936514814003000000000000000000000e+90	
1.596619661230261312000000000000000000000e+92	
-7.971966325197237958000000000000000000000e+91	
9.318323993435930499000000000000000000000e+91	
-1.461983894406392058000000000000000000000e+92	
2.673759806077184393000000000000000000000e+91	
1.945212430358380163000000000000000000000e+92	
-4.486038633916049449000000000000000000000e+91	
1.229588906404692033000000000000000000000e+92	
-1.164227387345293075000000000000000000000e+92	
5.143215251676598496000000000000000000000e+91	
-1.879494768582325258000000000000000000000e+92	
-2.005898905934447528000000000000000000000e+91	
1.426816671954551706000000000000000000000e+92	
-9.669996217954334013000000000000000000000e+91	
6.607883581244147673000000000000000000000e+91	
-1.733027935625570340000000000000000000000e+92	
-1.048587281529779795600000000000000000000e+91	
1.471837413383426647000000000000000000000e+92	
-9.219788803665584605000000000000000000000e+91	
8.079239725347716332000000000000000000000e+91	
-1.585892321215213474000000000000000000000e+92	
1.443409399643998465000000000000000000000e+91	
1.823050341224475464000000000000000000000e+92	
-5.707659525255096441000000000000000000000e+91	
1.108299334340427262000000000000000000000e+92	
-1.285516959409557846000000000000000000000e+92	
3.939040359494677418000000000000000000000e+91	
-1.999912257800517366000000000000000000000e+92	
-3.201357309730321609000000000000000000000e+91	
1.308142046622091782000000000000000000000e+92	
-1.085674247127893326000000000000000000000e+92	
5.429845142634896189000000000000000000000e+91	
-1.850831779486495489000000000000000000000e+92	
-2.217922239021848175000000000000000000000e+91	
1.355773832601791078000000000000000000000e+92	
-1.038042461148194029100000000000000000000e+92	
6.901765282237542591000000000000000000000e+91	
-1.703639765526230848000000000000000000000e+92	
2.491047012849812772000000000000000000000e+90	
1.701937683451139651000000000000000000000e+92	
-6.918786102988454565000000000000000000000e+91	
9.855053258002667965000000000000000000000e+91	
-1.408310967949718311000000000000000000000e+92	
2.694295133964602582000000000000000000000e+91	
1.895672258784359026000000000000000000000e+92	
-4.981440349656260818000000000000000000000e+91	
1.128480706988339468000000000000000000000e+92	
-1.265335586761645640000000000000000000000e+92	
3.616709616510327156000000000000000000000e+91	
-2.032145332098952392000000000000000000000e+92	
-4.047571672403052538000000000000000000000e+91	
1.171158320381839212000000000000000000000e+92	
-1.222657973368145896000000000000000000000e+92	
5.093017931751306217000000000000000000000e+91	
-1.884514500574854486000000000000000000000e+92	
-1.522253494127857644000000000000000000000e+91	
1.528538918679696290000000000000000000000e+92	
-8.652773750702888178000000000000000000000e+91	
8.158417559871949062000000000000000000000e+91	
-1.577974537762790201000000000000000000000e+92	
1.034992796558574752500000000000000000000e+91	
1.733473503155430568000000000000000000000e+92	
-6.603427905945545400000000000000000000000e+91	
9.700115724349381484000000000000000000000e+91	
-1.423804721315046959000000000000000000000e+92	
2.069295920611983832000000000000000000000e+91	
1.786189562930888048000000000000000000000e+92	
-6.076267308190970598000000000000000000000e+91	
1.116428373873094160000000000000000000000e+92	
-1.277387919876890948000000000000000000000e+92	
4.470005033290125154000000000000000000000e+91	
-1.946815790420972592000000000000000000000e+92	
-2.220942145832165147000000000000000000000e+91	
1.451106244322796027000000000000000000000e+92	
-9.427100494271890809000000000000000000000e+91	
7.308490367073813714000000000000000000000e+91	
-1.662967257042603736000000000000000000000e+92	
1.095027784333562085000000000000000000000e+90	
1.633371979327985892000000000000000000000e+92	
-7.604443144219992151000000000000000000000e+91	
8.725059673478763524000000000000000000000e+91	
-1.521310326402108755000000000000000000000e+92	
1.120186138095975877000000000000000000000e+91	
1.693871920252766581000000000000000000000e+92	
-6.999443734972185262000000000000000000000e+91	
1.018748866402469682400000000000000000000e+92	
-1.375067427347515425000000000000000000000e+92	
3.439617994928295673000000000000000000000e+91	
2.011472742299691569000000000000000000000e+92	
-3.823435514502935390000000000000000000000e+91	
1.285528850073544994000000000000000000000e+92	
-1.108287443676440114000000000000000000000e+92	
5.599462366780451389000000000000000000000e+91	
-1.833870057071939969000000000000000000000e+92	
-1.652752776836137305000000000000000000000e+91	
1.451826317266934736000000000000000000000e+92	
-9.419899764830503716000000000000000000000e+91	
7.024600393296129252000000000000000000000e+91	
-1.691356254420372182000000000000000000000e+92	
-4.653330321212479850000000000000000000000e+90	
1.546808294029513910000000000000000000000e+92	
-8.470079997204711976000000000000000000000e+91	
8.475794524963658119000000000000000000000e+91	
-1.546236841253619296000000000000000000000e+92	
1.486985945759029036000000000000000000000e+91	
1.792127737073613736000000000000000000000e+92	
-6.016885566763713714000000000000000000000e+91	
1.042114029272602928200000000000000000000e+92	
-1.351702264477382179000000000000000000000e+92	
2.924735790721105770000000000000000000000e+91	
1.885168390699577827000000000000000000000e+92	
-5.086479030504072810000000000000000000000e+91	
1.186851652760711517000000000000000000000e+92	
-1.206964640989273591000000000000000000000e+92	
4.888824445100281720000000000000000000000e+91	
-1.904933849239956936000000000000000000000e+92	
-2.087394070067745667000000000000000000000e+91	
1.435948115327769030000000000000000000000e+92	
-9.578681784222160772000000000000000000000e+91	
6.871921611085858888000000000000000000000e+91	
-1.706624132641399219000000000000000000000e+92	
-6.119116145341674884000000000000000000000e+90	
1.532760152180713956000000000000000000000e+92	
-8.610561415692711518000000000000000000000e+91	
8.322603650681094750000000000000000000000e+91	
-1.561555928681875632000000000000000000000e+92	
1.321091940767601191000000000000000000000e+91	
1.774268655697374802000000000000000000000e+92	
-6.195476380526103054000000000000000000000e+91	
1.022985898898435694100000000000000000000e+92	
-1.370830394851549414000000000000000000000e+92	
2.720770312647173416000000000000000000000e+91	
1.863504056709351078000000000000000000000e+92	
-5.303122370406340291000000000000000000000e+91	
1.167898595356792831000000000000000000000e+92	
-1.225917698393192276000000000000000000000e+92	
4.726393143776217968000000000000000000000e+91	
-1.921176979372363311000000000000000000000e+92	
-2.222739585109536366000000000000000000000e+91	
1.425120794479707790000000000000000000000e+92	
-9.686954992702773176000000000000000000000e+91	
6.790707236153759183000000000000000000000e+91	
-1.714745570134609189000000000000000000000e+92	
-6.660806222253402122000000000000000000000e+90	
1.530046442175105027000000000000000000000e+92	
-8.637698515748800806000000000000000000000e+91	
8.238315746263238068000000000000000000000e+91	
-1.569984719123661301000000000000000000000e+92	
1.179681674097603970000000000000000000000e+91	
1.754418235600652554000000000000000000000e+92	
-6.393980581493325532000000000000000000000e+91	
9.974289267527150180000000000000000000000e+91	
-1.396387366997270090000000000000000000000e+92	
2.408163470366583402000000000000000000000e+91	
1.826542498952255035000000000000000000000e+92	
-5.672737947977300727000000000000000000000e+91	
1.143047363747061595000000000000000000000e+92	
-1.250768930002923513000000000000000000000e+92	
4.598923819970371846000000000000000000000e+91	
-1.933923911752947923000000000000000000000e+92	
-2.229226155812073722000000000000000000000e+91	
1.436564391798880217000000000000000000000e+92	
-9.572519019511048905000000000000000000000e+91	
7.026005573994862417000000000000000000000e+91	
-1.691215736350498866000000000000000000000e+92	
-3.099800690304641754000000000000000000000e+90	
1.577730707093844675000000000000000000000e+92	
-8.160855866561404327000000000000000000000e+91	
8.459079354697201185000000000000000000000e+91	
-1.547908358280264989000000000000000000000e+92	
1.144493684046594980000000000000000000000e+91	
1.725317014631509596000000000000000000000e+92	
-6.684992791184755120000000000000000000000e+91	
9.887702338155043068000000000000000000000e+91	
-1.405046059934480801000000000000000000000e+92	
2.525900085453744634000000000000000000000e+91	
1.858738346383957261000000000000000000000e+92	
-5.350779473660278466000000000000000000000e+91	
1.131995615996535989000000000000000000000e+92	
-1.261820677753449118000000000000000000000e+92	
4.056145619957158635000000000000000000000e+91	
-1.988201731754269244000000000000000000000e+92	
-3.204049956131604787000000000000000000000e+91	
1.295898953250521847000000000000000000000e+92	
-1.097917340499463261000000000000000000000e+92	
5.484303706824890936000000000000000000000e+91	
-1.845385923067496014000000000000000000000e+92	
-1.986662209116580337000000000000000000000e+91	
1.396571183325880427000000000000000000000e+92	
-9.972451104241046809000000000000000000000e+91	
6.935342263820836137000000000000000000000e+91	
-1.700282067367901494000000000000000000000e+92	
-9.152851772971858392000000000000000000000e+89	
1.630471964723034599000000000000000000000e+92	
-7.633443290269505088000000000000000000000e+91	
8.766558242105088892000000000000000000000e+91	
-1.517160469539476218000000000000000000000e+92	
1.232148336464619317000000000000000000000e+91	
1.712110996316574071000000000000000000000e+92	
-6.817052974334110364000000000000000000000e+91	
1.022063825983066001600000000000000000000e+92	
-1.371752467766919106000000000000000000000e+92	
3.323600698410112698000000000000000000000e+91	
1.984961746969951426000000000000000000000e+92	
-4.088545467800336819000000000000000000000e+91	
1.244116008925913087000000000000000000000e+92	
-1.149700284824072020000000000000000000000e+92	
5.036389658799270630000000000000000000000e+91	
-1.890177327870058045000000000000000000000e+92	
-2.364695656556004100000000000000000000000e+91	
1.365752420908747482000000000000000000000e+92	
-1.028063872841237626000000000000000000000e+92	
6.479807726983901137000000000000000000000e+91	
-1.745835521051594994000000000000000000000e+92	
-6.943366374324283480000000000000000000000e+90	
1.555471123796781791000000000000000000000e+92	
-8.383451699532033166000000000000000000000e+91	
7.894570476693891977000000000000000000000e+91	
-1.604359246080595910000000000000000000000e+92	
2.382419200909603288000000000000000000000e+90	
1.600534557080481637000000000000000000000e+92	
-7.932817366695034710000000000000000000000e+91	
9.364175056235994690000000000000000000000e+91	
-1.457398788126385639000000000000000000000e+92	
2.726309637754243636000000000000000000000e+91	
1.951136957037692174000000000000000000000e+92	
-4.426793367122929337000000000000000000000e+91	
1.236182643385427381000000000000000000000e+92	
-1.157633650364557726000000000000000000000e+92	
5.215841394054642420000000000000000000000e+91	
-1.872232154344520866000000000000000000000e+92	
-1.926587319771805239000000000000000000000e+91	
1.435416042236329438000000000000000000000e+92	
-9.584002515136556697000000000000000000000e+91	
6.700556075243400398000000000000000000000e+91	
-1.723760686225645068000000000000000000000e+92	
-9.492393201677296869000000000000000000000e+90	
1.482439424039459251000000000000000000000e+92	
-9.113768697105258564000000000000000000000e+91	
8.171001620152603404000000000000000000000e+91	
-1.576716131734724767000000000000000000000e+92	
1.520920178544964407000000000000000000000e+91	
1.829377016756194515000000000000000000000e+92	
-5.644392769937905924000000000000000000000e+91	
1.113202316392820974000000000000000000000e+92	
-1.280613977357164134000000000000000000000e+92	
3.973840330488022433000000000000000000000e+91	
-1.996432260701182864000000000000000000000e+92	
-3.180780106531013904000000000000000000000e+91	
1.308778197983839077000000000000000000000e+92	
-1.085038095766146031000000000000000000000e+92	
5.421998041360141844000000000000000000000e+91	
-1.851616489613970923000000000000000000000e+92	
-2.239970884020068989000000000000000000000e+91	
1.352149520494589194000000000000000000000e+92	
-1.041666773255395913500000000000000000000e+92	
6.895600172283427906000000000000000000000e+91	
-1.704256276521642317000000000000000000000e+92	
2.730026335940146977000000000000000000000e+90	
1.707332284767834078000000000000000000000e+92	
-6.864840089821510292000000000000000000000e+91	
9.939032398068087708000000000000000000000e+91	
-1.399913053943176337000000000000000000000e+92	
2.808292454411164729000000000000000000000e+91	
1.910072314959236160000000000000000000000e+92	
-4.837439787907489470000000000000000000000e+91	
1.145879594129013943000000000000000000000e+92	
-1.247936699620971164000000000000000000000e+92	
3.820671873361810280000000000000000000000e+91	
-2.011749106413804080000000000000000000000e+92	
-3.813650946892773582000000000000000000000e+91	
1.197544748862512890000000000000000000000e+92	
-1.196271544887472218000000000000000000000e+92	
5.293179311344075852000000000000000000000e+91	
-1.864498362615577522000000000000000000000e+92	
-1.385763316870431566000000000000000000000e+91	
1.535823984882018051000000000000000000000e+92	
-8.579923088679670562000000000000000000000e+91	
8.167660377992429466000000000000000000000e+91	
-1.577050255950742161000000000000000000000e+92	
9.806594263460021118000000000000000000000e+90	
1.721685711282440751000000000000000000000e+92	
-6.721305824675443564000000000000000000000e+91	
9.581660547376140653000000000000000000000e+91	
-1.435650239012371042000000000000000000000e+92	
1.950263772678184842000000000000000000000e+91	
1.774228679755433645000000000000000000000e+92	
-6.195876139945514623000000000000000000000e+91	
1.104605617768375462000000000000000000000e+92	
-1.289210675981609646000000000000000000000e+92	
4.353158055536474255000000000000000000000e+91	
2.108321267249294718000000000000000000000e+92	
-2.854950265006903897000000000000000000000e+91	
1.387869159467329111000000000000000000000e+92	
-1.005947134282655996600000000000000000000e+92	
6.677755974322509832000000000000000000000e+91	
-1.726040696317734124000000000000000000000e+92	
-5.195959729257828216000000000000000000000e+90	
1.570625586930698269000000000000000000000e+92	
-8.231907068192868385000000000000000000000e+91	
8.094983186019317724000000000000000000000e+91	
-1.584317975148053335000000000000000000000e+92	
4.874983873384385788000000000000000000000e+90	
1.630342148801344863000000000000000000000e+92	
-7.634741449486402446000000000000000000000e+91	
9.558569022459739906000000000000000000000e+91	
-1.437959391504011117000000000000000000000e+92	
2.817073252151679151000000000000000000000e+91	
1.949855440642738432000000000000000000000e+92	
-4.439608531072466758000000000000000000000e+91	
1.224548403937064888000000000000000000000e+92	
-1.169267889812920220000000000000000000000e+92	
4.996023291196133035000000000000000000000e+91	
-1.894213964630371804000000000000000000000e+92	
-2.249829634486909419000000000000000000000e+91	
1.392754536668172327000000000000000000000e+92	
-1.001061757081812780500000000000000000000e+92	
6.421226139940884897000000000000000000000e+91	
-1.751693679755896618000000000000000000000e+92	
-1.081357434138994940000000000000000000000e+91	
1.483941468518533588000000000000000000000e+92	
-9.098748252314515199000000000000000000000e+91	
7.874722614084860780000000000000000000000e+91	
-1.606344032341499030000000000000000000000e+92	
9.134966453019454935000000000000000000000e+90	
1.737535695372634676000000000000000000000e+92	
-6.562805983773504320000000000000000000000e+91	
9.902775039020583489000000000000000000000e+91	
-1.403538789847926759000000000000000000000e+92	
2.433911987005133794000000000000000000000e+91	
1.838838784677907327000000000000000000000e+92	
-5.549775090720777806000000000000000000000e+91	
1.134760876181031524000000000000000000000e+92	
-1.259055417568953584000000000000000000000e+92	
4.310333645208672303000000000000000000000e+91	
-1.962782929229117877000000000000000000000e+92	
-2.723439246837750123000000000000000000000e+91	
1.366591024258393232000000000000000000000e+92	
-1.027225269491591875800000000000000000000e+92	
6.120853595168316892000000000000000000000e+91	
-1.781730934233153418000000000000000000000e+92	
-1.420448121223103700000000000000000000000e+91	
1.446162512455870278000000000000000000000e+92	
-9.476537812941148291000000000000000000000e+91	
7.579311880230769735000000000000000000000e+91	
-1.635885105726908134000000000000000000000e+92	
7.004237409387528729000000000000000000000e+90	
1.724458090197543244000000000000000000000e+92	
-6.693582035524418636000000000000000000000e+91	
9.854254883396198789000000000000000000000e+91	
-1.408390805410365229000000000000000000000e+92	
2.467606791404243592000000000000000000000e+91	
1.850425669547122710000000000000000000000e+92	
-5.433906242028623972000000000000000000000e+91	
1.128947796379543561000000000000000000000e+92	
-1.264868497370441546000000000000000000000e+92	
4.078289794491566341000000000000000000000e+91	
2.029031230050963139000000000000000000000e+92	
-3.647850636990219688000000000000000000000e+91	
1.270211569141129141000000000000000000000e+92	
-1.123604724608855967000000000000000000000e+92	
5.117695482702857132000000000000000000000e+91	
-1.882046745479699394000000000000000000000e+92	
-2.462950205008184627000000000000000000000e+91	
1.337979864967790974000000000000000000000e+92	
-1.055836428782194134000000000000000000000e+92	
6.582136786720685717000000000000000000000e+91	
-1.735602615077916536000000000000000000000e+92	
-2.121420994592971233000000000000000000000e+90	
1.641658220739661583000000000000000000000e+92	
-7.521580730103235245000000000000000000000e+91	
9.110781248299256438000000000000000000000e+91	
-1.482738168920059464000000000000000000000e+92	
1.808616150396825010000000000000000000000e+91	
1.792970700409556916000000000000000000000e+92	
-6.008455933404281922000000000000000000000e+91	
1.053706374931298813300000000000000000000e+92	
-1.340109918818686294000000000000000000000e+92	
3.148099574331305292000000000000000000000e+91	
1.918243454804826898000000000000000000000e+92	
-4.755728389451582098000000000000000000000e+91	
1.197163879605043710000000000000000000000e+92	
-1.196652414144941398000000000000000000000e+92	
4.764431624224175421000000000000000000000e+91	
-1.917373131327567566000000000000000000000e+92	
-2.439188753350973907000000000000000000000e+91	
1.378039777815027147000000000000000000000e+92	
-1.015776515934957961000000000000000000000e+92	
6.184976281372264999000000000000000000000e+91	
-1.775318665612758608000000000000000000000e+92	
-1.406665219422566959000000000000000000000e+91	
1.442509329444079528000000000000000000000e+92	
-9.513069643059055800000000000000000000000e+91	
7.649272712015883334000000000000000000000e+91	
-1.628889022548396774000000000000000000000e+92	
8.768242366682639004000000000000000000000e+90	
1.752736809006608536000000000000000000000e+92	
-6.410794847433765712000000000000000000000e+91	
1.024337581862698697800000000000000000000e+92	
-1.369478711887286410000000000000000000000e+92	
2.963008554903287175000000000000000000000e+91	
1.910588639470266242000000000000000000000e+92	
-4.832276542797188660000000000000000000000e+91	
1.166556582773956755000000000000000000000e+92	
-1.227259710976028352000000000000000000000e+92	
4.228948068035898077000000000000000000000e+91	
-1.970921486946395300000000000000000000000e+92	
-3.203968727175937151000000000000000000000e+91	
1.278643550011050183000000000000000000000e+92	
-1.115172743738934925000000000000000000000e+92	
5.677201112392545107000000000000000000000e+91	
-1.826096182510730597000000000000000000000e+92	
-1.428495238964897820000000000000000000000e+91	
1.488896658512868061000000000000000000000e+92	
-9.049196352371170463000000000000000000000e+91	
7.272058048554367661000000000000000000000e+91	
-1.666610488894548342000000000000000000000e+92	
-3.410597986309900982000000000000000000000e+90	
1.546923305692586312000000000000000000000e+92	
-8.468929880573987951000000000000000000000e+91	
8.737416385782100218000000000000000000000e+91	
-1.520074655171775086000000000000000000000e+92	
2.008949922390096343000000000000000000000e+91	
1.870345389931659738000000000000000000000e+92	
-5.234709038183253692000000000000000000000e+91	
1.146339987387239786000000000000000000000e+92	
-1.247476306362745321000000000000000000000e+92	
4.226948989497561096000000000000000000000e+91	
-1.971121394800228998000000000000000000000e+92	
-3.005900546974859716000000000000000000000e+91	
1.318447137203752996000000000000000000000e+92	
-1.075369156546232111000000000000000000000e+92	
5.651658369198854902000000000000000000000e+91	
-1.828650456830099617000000000000000000000e+92	
-1.877405795882120102000000000000000000000e+91	
1.401689891097606122000000000000000000000e+92	
-9.921264026523789859000000000000000000000e+91	
7.109308996948921173000000000000000000000e+91	
-1.682885394055092990000000000000000000000e+92	
2.051567673398888456000000000000000000000e+90	
1.672406241118139307000000000000000000000e+92	
-7.214100526318458010000000000000000000000e+91	
9.308497442271587582000000000000000000000e+91	
-1.462966549522826349000000000000000000000e+92	
1.896622960559545165000000000000000000000e+91	
1.790805902926591329000000000000000000000e+92	
-6.030103908233937786000000000000000000000e+91	
1.074742530719948859000000000000000000000e+92	
-1.319073763030036249000000000000000000000e+92	
3.590355201282330721000000000000000000000e+91	
1.985646883787471286000000000000000000000e+92	
-4.081694099625138214000000000000000000000e+91	
1.218823766813382170000000000000000000000e+92	
-1.174992526936602938000000000000000000000e+92	
4.523822729398934162000000000000000000000e+91	
-1.941434020810091691000000000000000000000e+92	
-3.136777877544873044000000000000000000000e+91	
1.262605584888959325000000000000000000000e+92	
-1.131210708861025783000000000000000000000e+92	
5.998474813109793605000000000000000000000e+91	
-1.793968812439005747000000000000000000000e+92	
-6.258078896276499096000000000000000000000e+90	
1.617282799906036437000000000000000000000e+92	
-7.765334938439486705000000000000000000000e+91	
9.036854062288159880000000000000000000000e+91	
-1.490130887521169120000000000000000000000e+92	
1.904431469286473032000000000000000000000e+91	
1.819518035252314654000000000000000000000e+92	
-5.742982584976704541000000000000000000000e+91	
1.055157216925988838800000000000000000000e+92	
-1.338659076823996269000000000000000000000e+92	
2.911767962937471774000000000000000000000e+91	
1.869538774029636758000000000000000000000e+92	
-5.242775197203483491000000000000000000000e+91	
1.201564957489815476000000000000000000000e+92	
-1.192251336260169631000000000000000000000e+92	
5.339235699461280128000000000000000000000e+91	
-1.859892723803857095000000000000000000000e+92	
-1.333855540406008150000000000000000000000e+91	
1.541599610158481234000000000000000000000e+92	
-8.522166835915038732000000000000000000000e+91	
8.231262196459492508000000000000000000000e+91	
-1.570690074104035857000000000000000000000e+92	
1.050103901366228988600000000000000000000e+91	
1.729214133669632276000000000000000000000e+92	
-6.646021600803528316000000000000000000000e+91	
9.644488977458621968000000000000000000000e+91	
-1.429367396004122911000000000000000000000e+92	
2.000642607817535824000000000000000000000e+91	
1.778022223351190180000000000000000000000e+92	
-6.157940703987949272000000000000000000000e+91	
1.111026511782768756000000000000000000000e+92	
-1.282789781967216352000000000000000000000e+92	
4.443627424392253918000000000000000000000e+91	
2.119992940109328443000000000000000000000e+92	
-2.738233536406566646000000000000000000000e+91	
1.402164262055490952000000000000000000000e+92	
-9.916520316944941559000000000000000000000e+91	
6.846928241522891910000000000000000000000e+91	
-1.709123469597695916000000000000000000000e+92	
-3.242155138716204210000000000000000000000e+90	
1.592783147724423981000000000000000000000e+92	
-8.010331460255611262000000000000000000000e+91	
8.260842861068519614000000000000000000000e+91	
-1.567732007643133146000000000000000000000e+92	
5.976698575200230438000000000000000000000e+90	
1.635793246754851361000000000000000000000e+92	
-7.580230469951337462000000000000000000000e+91	
9.730759140464524792000000000000000000000e+91	
-1.420740379703532628000000000000000000000e+92	
3.106883943519438582000000000000000000000e+91	
1.990592713519733893000000000000000000000e+92	
-4.032235802302512147000000000000000000000e+91	
1.277036029871347655000000000000000000000e+92	
-1.116780263878637453000000000000000000000e+92	
5.638344603399465917000000000000000000000e+91	
-1.829981833410038516000000000000000000000e+92	
-1.490121718032967574000000000000000000000e+91	
1.480458146786436382000000000000000000000e+92	
-9.133581469635487252000000000000000000000e+91	
7.164925619333041293000000000000000000000e+91	
-1.677323731816680978000000000000000000000e+92	
-4.709282192067953866000000000000000000000e+90	
1.531663995996421074000000000000000000000e+92	
-8.621522977535640340000000000000000000000e+91	
8.633104250554000414000000000000000000000e+91	
-1.530505868694585066000000000000000000000e+92	
1.952894721020140463000000000000000000000e+91	
1.869563161588726924000000000000000000000e+92	
-5.242531321612581830000000000000000000000e+91	
1.150378650441813073000000000000000000000e+92	
-1.243437643308172034000000000000000000000e+92	
4.315520541998788869000000000000000000000e+91	
-1.962264239550106221000000000000000000000e+92	
-2.869168052597654227000000000000000000000e+91	
1.336934084014531634000000000000000000000e+92	
-1.056882209735453473400000000000000000000e+92	
5.734442334106135651000000000000000000000e+91	
-1.820372060339371542000000000000000000000e+92	
-1.896656529517275151000000000000000000000e+91	
1.389566425817270356000000000000000000000e+92	
-1.004249867932714752100000000000000000000e+92	
7.203990036024542583000000000000000000000e+91	
-1.673417290147530849000000000000000000000e+92	
5.156460440276891982000000000000000000000e+90	
1.725025252469108755000000000000000000000e+92	
-6.687910412808763528000000000000000000000e+91	
1.005028104526279767300000000000000000000e+92	
-1.388788189223705340000000000000000000000e+92	
2.853892759115192509000000000000000000000e+91	
1.908070778286563673000000000000000000000e+92	
-4.857455154634214347000000000000000000000e+91	
1.146284772813483440000000000000000000000e+92	
-1.247531520936501668000000000000000000000e+92	
3.848778836332847434000000000000000000000e+91	
-2.008938410116700364000000000000000000000e+92	
-3.761500779279683300000000000000000000000e+91	
1.205162889535380177000000000000000000000e+92	
-1.188653404214604931000000000000000000000e+92	
5.318418680067098220000000000000000000000e+91	
-1.861974425743275286000000000000000000000e+92	
-1.411440633945926038000000000000000000000e+91	
1.528167118553632182000000000000000000000e+92	
-8.656491751963529258000000000000000000000e+91	
8.040225695479671413000000000000000000000e+91	
-1.589793724202017966000000000000000000000e+92	
8.023840389793803810000000000000000000000e+90	
1.698776632238081900000000000000000000000e+92	
-6.950396615119032076000000000000000000000e+91	
9.460381238155314448000000000000000000000e+91	
-1.447778169934453663000000000000000000000e+92	
1.936742290387705975000000000000000000000e+91	
1.783646951460381048000000000000000000000e+92	
-6.101693422896040598000000000000000000000e+91	
1.091225812916850207000000000000000000000e+92	
-1.302590480833134901000000000000000000000e+92	
3.991492700120829215000000000000000000000e+91	
2.049379341237652828000000000000000000000e+92	
-3.444369525123322794000000000000000000000e+91	
1.306163177561910718000000000000000000000e+92	
-1.087653116188074390000000000000000000000e+92	
5.633168885685048151000000000000000000000e+91	
-1.830499405181480292000000000000000000000e+92	
-1.791597098172500095000000000000000000000e+91	
1.420695388407264644000000000000000000000e+92	
-9.731209053427204630000000000000000000000e+91	
7.078569357898902446000000000000000000000e+91	
-1.685959357960094863000000000000000000000e+92	
-4.626760150887366206000000000000000000000e+89	
1.625206314019684855000000000000000000000e+92	
-7.686099797303002522000000000000000000000e+91	
8.616033042156538478000000000000000000000e+91	
-1.532212989534331260000000000000000000000e+92	
9.838031496887898664000000000000000000000e+90	
1.677499347141096206000000000000000000000e+92	
-7.163169466088889015000000000000000000000e+91	
1.008182866171691173900000000000000000000e+92	
-1.385633427578293934000000000000000000000e+92	
3.391994823991449912000000000000000000000e+91	
2.012511220037434370000000000000000000000e+92	
-3.813050737125507372000000000000000000000e+91	
1.292365235774465850000000000000000000000e+92	
-1.101451057975519257000000000000000000000e+92	
5.725776449105954972000000000000000000000e+91	
-1.821238648839389610000000000000000000000e+92	
-1.468517309149966728000000000000000000000e+91	
1.476039120011327007000000000000000000000e+92	
-9.177771737386581009000000000000000000000e+91	
7.143927272201172834000000000000000000000e+91	
-1.679423566529867824000000000000000000000e+92	
-4.687461875893446410000000000000000000000e+90	
1.534199083420509460000000000000000000000e+92	
-8.596172103294756473000000000000000000000e+91	
8.609406064854299022000000000000000000000e+91	
-1.532875687264555205000000000000000000000e+92	
1.880171885512935993000000000000000000000e+91	
1.857390852855751079000000000000000000000e+92	
-5.364254408942340288000000000000000000000e+91	
1.133308755110867574000000000000000000000e+92	
-1.260507538639117534000000000000000000000e+92	
4.095870096416447500000000000000000000000e+91	
-1.984229284108340358000000000000000000000e+92	
-3.137745628876071860000000000000000000000e+91	
1.305186048262365080000000000000000000000e+92	
-1.088630245487620028000000000000000000000e+92	
5.520846381837722334000000000000000000000e+91	
-1.841731655566212874000000000000000000000e+92	
-2.006419776445968688000000000000000000000e+91	
1.388968204239958459000000000000000000000e+92	
-1.004848089510026648500000000000000000000e+92	
6.978461769567100210000000000000000000000e+91	
-1.695970116793275087000000000000000000000e+92	
7.068098786506078801000000000000000000000e+89	
1.658595988542674932000000000000000000000e+92	
-7.352203052073101755000000000000000000000e+91	
9.166769975151625308000000000000000000000e+91	
-1.477139296234822577000000000000000000000e+92	
1.751272356090510179000000000000000000000e+91	
1.775908709056625744000000000000000000000e+92	
-6.179075846933593632000000000000000000000e+91	
1.060631534369253525000000000000000000000e+92	
-1.333184759380731582000000000000000000000e+92	
3.457103300316933216000000000000000000000e+91	
1.973107108874691902000000000000000000000e+92	
-4.207091848752932056000000000000000000000e+91	
1.207069016208591568000000000000000000000e+92	
-1.186747277541393540000000000000000000000e+92	
4.414121559618460914000000000000000000000e+91	
-1.952404137788139016000000000000000000000e+92	
-3.238636615926074660000000000000000000000e+91	
1.253203563898283208000000000000000000000e+92	
-1.140612729851701900000000000000000000000e+92	
5.887998558227860478000000000000000000000e+91	
-1.805016437927199060000000000000000000000e+92	
-7.527319998426267988000000000000000000000e+90	
1.602946421907875827000000000000000000000e+92	
-7.908698718421092803000000000000000000000e+91	
8.877058794032643161000000000000000000000e+91	
-1.506110414346720792000000000000000000000e+92	
1.728212890178100464000000000000000000000e+91	
1.800254663591333254000000000000000000000e+92	
-5.935616301586518530000000000000000000000e+91	
1.034253148443244499500000000000000000000e+92	
-1.359563145306740608000000000000000000000e+92	
2.686328475110611793000000000000000000000e+91	
1.845355761062473678000000000000000000000e+92	
-5.484605326875114298000000000000000000000e+91	
1.180882074731651012000000000000000000000e+92	
-1.212934219018334095000000000000000000000e+92	
5.167390754951944394000000000000000000000e+91	
-1.877077218254790668000000000000000000000e+92	
-1.470734012191830371000000000000000000000e+91	
1.531406670083827686000000000000000000000e+92	
-8.624096236661574221000000000000000000000e+91	
8.164264473728281014000000000000000000000e+91	
-1.577389846377157006000000000000000000000e+92	
1.018020472282315063900000000000000000000e+91	
1.729495482554332909000000000000000000000e+92	
-6.643208111956521986000000000000000000000e+91	
9.637538987349840608000000000000000000000e+91	
-1.430062395015001047000000000000000000000e+92	
1.983933997721131567000000000000000000000e+91	
1.775375985997788088000000000000000000000e+92	
-6.184403077521970201000000000000000000000e+91	
1.110447301192010109000000000000000000000e+92	
-1.283368992557974998000000000000000000000e+92	
4.458495299186450870000000000000000000000e+91	
2.123544697478409176000000000000000000000e+92	
-2.702715962715759316000000000000000000000e+91	
1.407779961645407319000000000000000000000e+92	
-9.860363321045777885000000000000000000000e+91	
6.923714388056535262000000000000000000000e+91	
-1.701444854944331581000000000000000000000e+92	
-2.268104831655499073000000000000000000000e+90	
1.604584513076997907000000000000000000000e+92	
-7.892317806729872006000000000000000000000e+91	
8.384152682641383652000000000000000000000e+91	
-1.555401025485846742000000000000000000000e+92	
7.262732114082136970000000000000000000000e+90	
1.649182671933195734000000000000000000000e+92	
-7.446336218167893733000000000000000000000e+91	
9.853279698103421361000000000000000000000e+91	
-1.408488323939642972000000000000000000000e+92	
3.218036467334051906000000000000000000000e+91	
2.000571728269097193000000000000000000000e+92	
-3.932445654808879149000000000000000000000e+91	
1.285879372457386933000000000000000000000e+92	
-1.107936921292598175000000000000000000000e+92	
5.715426959500208440000000000000000000000e+91	
-1.822273597799964264000000000000000000000e+92	
-1.424384782631040197000000000000000000000e+91	
1.485897862881695740000000000000000000000e+92	
-9.079184308682893677000000000000000000000e+91	
7.207988649275821043000000000000000000000e+91	
-1.673017428822403003000000000000000000000e+92	
-4.391936796428639780000000000000000000000e+90	
1.533705164697309719000000000000000000000e+92	
-8.601111290526753883000000000000000000000e+91	
8.677442494597184503000000000000000000000e+91	
-1.526072044290266657000000000000000000000e+92	
2.021147614622901888000000000000000000000e+91	
1.878778725750085183000000000000000000000e+92	
-5.150375679998999244000000000000000000000e+91	
1.161983299841679262000000000000000000000e+92	
-1.231832993908305845000000000000000000000e+92	
4.455445998676858510000000000000000000000e+91	
-1.948271693882299256000000000000000000000e+92	
-2.705375517028724994000000000000000000000e+91	
1.355698857673072770000000000000000000000e+92	
-1.038117436076912337200000000000000000000e+92	
5.885009730183284671000000000000000000000e+91	
-1.805315320731656640000000000000000000000e+92	
-1.783151020260438394000000000000000000000e+91	
1.397212632511338042000000000000000000000e+92	
-9.966036612386470658000000000000000000000e+91	
7.358716320620247991000000000000000000000e+91	
-1.657944661687960308000000000000000000000e+92	
7.485975967048502078000000000000000000000e+90	
1.756139041526008591000000000000000000000e+92	
-6.376772522239765168000000000000000000000e+91	
1.043956636290830697800000000000000000000e+92	
-1.349859657459154410000000000000000000000e+92	
3.321286612386544293000000000000000000000e+91	
1.962617129966718367000000000000000000000e+92	
-4.311991637832667402000000000000000000000e+91	
1.199669188551474224000000000000000000000e+92	
-1.194147105198510884000000000000000000000e+92	
4.371009416871048050000000000000000000000e+91	
-1.956715352062880303000000000000000000000e+92	
-3.250877995881059092000000000000000000000e+91	
1.255064965843860936000000000000000000000e+92	
-1.138751327906124171000000000000000000000e+92	
5.841311294159478635000000000000000000000e+91	
-1.809685164334037244000000000000000000000e+92	
-8.646880490952749660000000000000000000000e+90	
1.585227186680836362000000000000000000000e+92	
-8.085891070691487453000000000000000000000e+91	
8.634662604745693564000000000000000000000e+91	
-1.530350033275415751000000000000000000000e+92	
1.420645313718506700000000000000000000000e+91	
1.762984010597576640000000000000000000000e+92	
-6.308322831524084678000000000000000000000e+91	
1.005121273660990015000000000000000000000e+92	
-1.388695020088995092000000000000000000000e+92	
2.476357005332365979000000000000000000000e+91	
1.832489293497763805000000000000000000000e+92	
-5.613270002522213026000000000000000000000e+91	
1.150832083739044460000000000000000000000e+92	
-1.242984210010940647000000000000000000000e+92	
4.695141127593559822000000000000000000000e+91	
-1.924302180990629125000000000000000000000e+92	
-2.114647882694863390000000000000000000000e+91	
1.449857401894047303000000000000000000000e+92	
-9.439588918559378044000000000000000000000e+91	
7.177278369668966545000000000000000000000e+91	
-1.676088456783088453000000000000000000000e+92	
-1.403737072007179528000000000000000000000e+90	
1.596523787490005099000000000000000000000e+92	
-7.972925062599800090000000000000000000000e+91	
8.607990473933576042000000000000000000000e+91	
-1.533017246356627504000000000000000000000e+92	
1.254404537394670875000000000000000000000e+91	
1.732410014294768843000000000000000000000e+92	
-6.614062794552162642000000000000000000000e+91	
1.004100271117463805300000000000000000000e+92	
-1.389716022632521302000000000000000000000e+92	
2.761529841784177445000000000000000000000e+91	
1.890530163080561781000000000000000000000e+92	
-5.032861306694233262000000000000000000000e+91	
1.146336031296371823000000000000000000000e+92	
-1.247480262453613285000000000000000000000e+92	
4.025122608976611597000000000000000000000e+91	
-1.991304032852323948000000000000000000000e+92	
-3.409413324324703878000000000000000000000e+91	
1.257937257066498928000000000000000000000e+92	
-1.135879036683486179000000000000000000000e+92	
5.473841027401363652000000000000000000000e+91	
-1.846432191009848742000000000000000000000e+92	
-1.628154322287851592000000000000000000000e+91	
1.469300666160495341000000000000000000000e+92	
-9.245156275894897663000000000000000000000e+91	
7.079795443877499259000000000000000000000e+91	
-1.685836749362235182000000000000000000000e+92	
-5.296269244971857296000000000000000000000e+90	
1.528435957074987861000000000000000000000e+92	
-8.653803366749972469000000000000000000000e+91	
8.544978076124525426000000000000000000000e+91	
-1.539318486137532565000000000000000000000e+92	
1.808950554019267789000000000000000000000e+91	
1.849589723512724873000000000000000000000e+92	
-5.442265702372602344000000000000000000000e+91	
1.124828967488659784000000000000000000000e+92	
-1.268987326261325323000000000000000000000e+92	
4.004289014865634061000000000000000000000e+91	
-1.993387392263421702000000000000000000000e+92	
-3.236106539973395891000000000000000000000e+91	
1.294672311608203108000000000000000000000e+92	
-1.099143982141782000000000000000000000000e+92	
5.430186710567137380000000000000000000000e+91	
-1.850797622693271370000000000000000000000e+92	
-2.082608957526890092000000000000000000000e+91	
1.382795615001268046000000000000000000000e+92	
-1.011020678748717061300000000000000000000e+92	
6.886221268935311258000000000000000000000e+91	
-1.705194166856453982000000000000000000000e+92	
-5.205893487656787790000000000000000000000e+89	
1.643273571915268060000000000000000000000e+92	
-7.505427218347170476000000000000000000000e+91	
8.983076736368625298000000000000000000000e+91	
-1.495508620113122578000000000000000000000e+92	
1.537125208271968678000000000000000000000e+91	
1.751450118963917958000000000000000000000e+92	
-6.423661747860671494000000000000000000000e+91	
1.042645396330285351500000000000000000000e+92	
-1.351170897419699756000000000000000000000e+92	
3.341934229161064270000000000000000000000e+91	
1.968056213155181426000000000000000000000e+92	
-4.257600805948036813000000000000000000000e+91	
1.208480913960106580000000000000000000000e+92	
-1.185335379789878527000000000000000000000e+92	
4.492836308607935196000000000000000000000e+91	
-1.944532662889191588000000000000000000000e+92	
-3.095358242691603540000000000000000000000e+91	
1.273984550523160673000000000000000000000e+92	
-1.119831743226824434000000000000000000000e+92	
5.959008541256019252000000000000000000000e+91	
-1.797915439624383182000000000000000000000e+92	
-8.184538191511827707000000000000000000000e+90	
1.582707864443573178000000000000000000000e+92	
-8.111084293064119298000000000000000000000e+91	
8.538077477192589888000000000000000000000e+91	
-1.540008546030726119000000000000000000000e+92	
1.252703810430523013000000000000000000000e+91	
1.739057773871663722000000000000000000000e+92	
-6.547585198783213856000000000000000000000e+91	
9.963155923327938505000000000000000000000e+91	
-1.397500701417191257000000000000000000000e+92	
2.539430495906574445000000000000000000000e+91	
1.853902151673656908000000000000000000000e+92	
-5.399141420763282000000000000000000000000e+91	
1.140259588840706816000000000000000000000e+92	
-1.253556704909278291000000000000000000000e+92	
4.269721828640382844000000000000000000000e+91	
-1.966844110885946823000000000000000000000e+92	
-2.859602430064459982000000000000000000000e+91	
1.343424324552814184000000000000000000000e+92	
-1.050391969197170923500000000000000000000e+92	
5.793730313447270752000000000000000000000e+91	
-1.814443262405258032000000000000000000000e+92	
-1.842980182099313534000000000000000000000e+91	
1.394373176639547298000000000000000000000e+92	
-9.994431171104378091000000000000000000000e+91	
7.263858523898540630000000000000000000000e+91	
-1.667430441360131044000000000000000000000e+92	
5.873096385864520405000000000000000000000e+90	
1.733370535589094633000000000000000000000e+92	
-6.604457581608904746000000000000000000000e+91	
1.014551724598141084200000000000000000000e+92	
-1.379264569151844023000000000000000000000e+92	
2.960906465150095522000000000000000000000e+91	
1.919949313293279754000000000000000000000e+92	
-4.738669804567053532000000000000000000000e+91	
1.155656940288355328000000000000000000000e+92	
-1.238159353461629780000000000000000000000e+92	
3.917449309144889422000000000000000000000e+91	
-2.002071362835496165000000000000000000000e+92	
-3.717869041230146793000000000000000000000e+91	
1.207023435961049642000000000000000000000e+92	
-1.186792857788935466000000000000000000000e+92	
5.389943430044421338000000000000000000000e+91	
-1.854821950745542974000000000000000000000e+92	
-1.287022934467441922000000000000000000000e+91	
1.545895551140319421000000000000000000000e+92	
-8.479207426096656868000000000000000000000e+91	
8.270350337722314738000000000000000000000e+91	
-1.566781259977753634000000000000000000000e+92	
1.085322700678825172000000000000000000000e+91	
1.732349271970522167000000000000000000000e+92	
-6.614670217794629409000000000000000000000e+91	
9.683979808347713537000000000000000000000e+91	
-1.425418312915213754000000000000000000000e+92	
2.048268835846477063000000000000000000000e+91	
1.783597980995626684000000000000000000000e+92	
-6.102183127543584240000000000000000000000e+91	
1.114874523100126500000000000000000000000e+92	
-1.278941770649858608000000000000000000000e+92	
4.464838672730527778000000000000000000000e+91	
2.120388037875258706000000000000000000000e+92	
-2.734282558747264018000000000000000000000e+91	
1.400834191741453191000000000000000000000e+92	
-9.929821020085319163000000000000000000000e+91	
6.816384443187220091000000000000000000000e+91	
-1.712177849431263098000000000000000000000e+92	
-3.719938260709777430000000000000000000000e+90	
1.586282722824215318000000000000000000000e+92	
-8.075335709257697894000000000000000000000e+91	
8.232368612583117541000000000000000000000e+91	
-1.570579432491673354000000000000000000000e+92	
6.057074297497970949000000000000000000000e+90	
1.640246368973945130000000000000000000000e+92	
-7.535699247760399775000000000000000000000e+91	
9.698026126020869281000000000000000000000e+91	
-1.424013681147898180000000000000000000000e+92	
2.996925144356498902000000000000000000000e+91	
1.971878098409414870000000000000000000000e+92	
-4.219381953405702380000000000000000000000e+91	
1.250606520932231496000000000000000000000e+92	
-1.143209772817753611000000000000000000000e+92	
5.296938970255375890000000000000000000000e+91	
-1.864122396724447518000000000000000000000e+92	
-1.908599519502661332000000000000000000000e+91	
1.430906985439818228000000000000000000000e+92	
-9.629093083101668795000000000000000000000e+91	
6.716991404443395705000000000000000000000e+91	
-1.722117153305645537000000000000000000000e+92	
-8.713087132546516833000000000000000000000e+90	
1.496378952080703692000000000000000000000e+92	
-8.974373416692814151000000000000000000000e+91	
8.180177274102717096000000000000000000000e+91	
-1.575798566339713398000000000000000000000e+92	
1.399941012135361582000000000000000000000e+91	
1.804270095464334807000000000000000000000e+92	
-5.895461982856503002000000000000000000000e+91	
1.075092864611547726000000000000000000000e+92	
-1.318723429138437382000000000000000000000e+92	
3.462785217176207436000000000000000000000e+91	
1.959789076170630444000000000000000000000e+92	
-4.340272175793546635000000000000000000000e+91	
1.217334952525608071000000000000000000000e+92	
-1.176481341224377036000000000000000000000e+92	
4.752503243202080672000000000000000000000e+91	
-1.918565969429777040000000000000000000000e+92	
-2.664649923315167757000000000000000000000e+91	
1.334151008761694914000000000000000000000e+92	
-1.059665284988290193000000000000000000000e+92	
6.198195131295461820000000000000000000000e+91	
-1.773996780620438926000000000000000000000e+92	
-9.415648278671564513000000000000000000000e+90	
1.534185034077876097000000000000000000000e+92	
-8.596312596721090106000000000000000000000e+91	
7.690912092677657875000000000000000000000e+91	
-1.624725084482219320000000000000000000000e+92	
4.378146945394062836000000000000000000000e+89	
1.582007847603261359000000000000000000000e+92	
-8.118084461467237488000000000000000000000e+91	
9.159708735860741864000000000000000000000e+91	
-1.477845420163910921000000000000000000000e+92	
2.502653646610480360000000000000000000000e+91	
1.926853345854405520000000000000000000000e+92	
-4.669629478955795878000000000000000000000e+91	
1.209981974665894673000000000000000000000e+92	
-1.183834319084090434000000000000000000000e+92	
4.934673672073092324000000000000000000000e+91	
-1.900348926542675875000000000000000000000e+92	
-2.226906540711372284000000000000000000000e+91	
1.403469923354823557000000000000000000000e+92	
-9.903463703951615507000000000000000000000e+91	
6.361962444892067862000000000000000000000e+91	
-1.757620049260778321000000000000000000000e+92	
-1.306955870457065789000000000000000000000e+91	
1.444756428702692570000000000000000000000e+92	
-9.490598650472925371000000000000000000000e+91	
7.835115128268355746000000000000000000000e+91	
-1.610304780923149533000000000000000000000e+92	
1.225956771905633559000000000000000000000e+91	
1.803970948006962231000000000000000000000e+92	
-5.898453457430228766000000000000000000000e+91	
1.091884483962054268000000000000000000000e+92	
-1.301931809787930840000000000000000000000e+92	
3.801524023533158274000000000000000000000e+91	
-2.013663891396669280000000000000000000000e+92	
-3.312254731839462731000000000000000000000e+91	
1.299712871059038936000000000000000000000e+92	
-1.094103422690946172000000000000000000000e+92	
5.372145812702011315000000000000000000000e+91	
-1.856601712479783976000000000000000000000e+92	
-2.249042377448550740000000000000000000000e+91	
1.355318415149215723000000000000000000000e+92	
-1.038497878600769384500000000000000000000e+92	
6.841015583174488290000000000000000000000e+91	
-1.709714735432536279000000000000000000000e+92	
1.321874443823445739000000000000000000000e+90	
1.684631997254877347000000000000000000000e+92	
-7.091842964951077608000000000000000000000e+91	
9.625884729848453835000000000000000000000e+91	
-1.431227820765139724000000000000000000000e+92	
2.409042864582921963000000000000000000000e+91	
1.861541448830121278000000000000000000000e+92	
-5.322748449198638298000000000000000000000e+91	
1.104143084560072556000000000000000000000e+92	
-1.289673209189912551000000000000000000000e+92	
3.471216529955781677000000000000000000000e+91	
1.932439156535097758000000000000000000000e+92	
-4.613771372148873499000000000000000000000e+91	
1.249665759503791411000000000000000000000e+92	
-1.144150534246193697000000000000000000000e+92	
5.672321567418739399000000000000000000000e+91	
-1.826584137008111168000000000000000000000e+92	
-1.148618208552889249000000000000000000000e+91	
1.545345847677520855000000000000000000000e+92	
-8.484704460724642522000000000000000000000e+91	
8.121023157810676034000000000000000000000e+91	
-1.581713977968917504000000000000000000000e+92	
7.922369551018162680000000000000000000000e+90	
1.688671995245826233000000000000000000000e+92	
-7.051442985041588748000000000000000000000e+91	
9.551773228363091086000000000000000000000e+91	
-1.438638970913675999000000000000000000000e+92	
2.220476870368822705000000000000000000000e+91	
1.831245096166307542000000000000000000000e+92	
-5.625711975836775657000000000000000000000e+91	
1.098088967070881400000000000000000000000e+92	
-1.295727326679103708000000000000000000000e+92	
3.652977061034712048000000000000000000000e+91	
1.974833321666687596000000000000000000000e+92	
-4.189829720832975116000000000000000000000e+91	
1.240768102083453213000000000000000000000e+92	
-1.153048191666531895000000000000000000000e+92	
5.070682030532114984000000000000000000000e+91	
-1.886748090696773609000000000000000000000e+92	
-2.262665572322786652000000000000000000000e+91	
1.382725829494915582000000000000000000000e+92	
-1.011090464255069526000000000000000000000e+92	
6.506081661132592444000000000000000000000e+91	
-1.743208127636725863000000000000000000000e+92	
-8.114514595122979012000000000000000000000e+90	
1.529427901961259400000000000000000000000e+92	
-8.643883917887257080000000000000000000000e+91	
7.937684727329346728000000000000000000000e+91	
-1.600047821017050435000000000000000000000e+92	
5.847515744425738986000000000000000000000e+90	
1.665509963877837553000000000000000000000e+92	
-7.283063298721475546000000000000000000000e+91	
9.371523897899585974000000000000000000000e+91	
-1.456663903960026510000000000000000000000e+92	
2.091572957442388892000000000000000000000e+91	
1.823486691331762281000000000000000000000e+92	
-5.703296024182228266000000000000000000000e+91	
1.079484041088205525000000000000000000000e+92	
-1.314332252661779583000000000000000000000e+92	
3.358516569359498931000000000000000000000e+91	
1.934551544591213343000000000000000000000e+92	
-4.592647491587717642000000000000000000000e+91	
1.223464176642475847000000000000000000000e+92	
-1.170352117107509261000000000000000000000e+92	
5.127306939120470122000000000000000000000e+91	
-1.881085599837938096000000000000000000000e+92	
-1.976490797173174912000000000000000000000e+91	
1.434286869710480288000000000000000000000e+92	
-9.595294240395048199000000000000000000000e+91	
6.727856886305722420000000000000000000000e+91	
-1.721030605119412866000000000000000000000e+92	
-8.833651790435696176000000000000000000000e+90	
1.492882251487995685000000000000000000000e+92	
-9.009340422619894225000000000000000000000e+91	
8.193725841158556062000000000000000000000e+91	
-1.574443709634129501000000000000000000000e+92	
1.461981007540270125000000000000000000000e+91	
1.815320824577947368000000000000000000000e+92	
-5.784954691720377396000000000000000000000e+91	
1.090987911237499817000000000000000000000e+92	
-1.302828382512485291000000000000000000000e+92	
3.670154749955346212000000000000000000000e+91	
-2.026800818754450486000000000000000000000e+92	
-3.565966635457584422000000000000000000000e+91	
1.262113506290785354000000000000000000000e+92	
-1.131702787459199753000000000000000000000e+92	
5.095999916237827551000000000000000000000e+91	
-1.884216302126202352000000000000000000000e+92	
-2.425390213695558184000000000000000000000e+91	
1.347658470919075398000000000000000000000e+92	
-1.046157822830909709700000000000000000000e+92	
6.553496553802788472000000000000000000000e+91	
-1.738466638369706260000000000000000000000e+92	
-3.661462041928608998000000000000000000000e+90	
1.613727662039773852000000000000000000000e+92	
-7.800886317102112560000000000000000000000e+91	
8.706236537536146173000000000000000000000e+91	
-1.523192639996370490000000000000000000000e+92	
1.278894643336759802000000000000000000000e+91	
1.727487099718745372000000000000000000000e+92	
-6.663291940312397352000000000000000000000e+91	
1.014779681386899993600000000000000000000e+92	
-1.379036612363085114000000000000000000000e+92	
3.024269545201190668000000000000000000000e+91	
1.932390932585609552000000000000000000000e+92	
-4.614253611643755550000000000000000000000e+91	
1.168918761529856096000000000000000000000e+92	
-1.224897532220129012000000000000000000000e+92	
4.058265459171395670000000000000000000000e+91	
-1.987989747832845541000000000000000000000e+92	
-3.568859033440937218000000000000000000000e+91	
1.222743414734401968000000000000000000000e+92	
-1.171072879015583139000000000000000000000e+92	
5.529605366934154690000000000000000000000e+91	
-1.840855757056569638000000000000000000000e+92	
-1.164890120399521011000000000000000000000e+91	
1.556356792632762361000000000000000000000e+92	
-8.374595011172227464000000000000000000000e+91	
8.357451072840082342000000000000000000000e+91	
-1.558071186465976873000000000000000000000e+92	
1.154920470987428981000000000000000000000e+91	
1.737559623586498461000000000000000000000e+92	
-6.562566701634866464000000000000000000000e+91	
9.773023069946987678000000000000000000000e+91	
-1.416513986755286340000000000000000000000e+92	
2.174233459166931502000000000000000000000e+91	
1.799884742042856129000000000000000000000e+92	
-5.939315517071289790000000000000000000000e+91	
1.123332308015838026000000000000000000000e+92	
-1.270483985734147082000000000000000000000e+92	
4.471165722858291576000000000000000000000e+91	
-1.946699721464155950000000000000000000000e+92	
-2.287626327110398900000000000000000000000e+91	
1.437656715530448103000000000000000000000e+92	
-9.561595782195370048000000000000000000000e+91	
7.106217719902898066000000000000000000000e+91	
-1.683194521759695301000000000000000000000e+92	
-1.605134973821837782000000000000000000000e+90	
1.599599360263587275000000000000000000000e+92	
-7.942169334863978323000000000000000000000e+91	
8.531032644886279066000000000000000000000e+91	
-1.540713029261357201000000000000000000000e+92	
1.069786757122839573000000000000000000000e+91	
1.703187599033213646000000000000000000000e+92	
-6.906286947167714620000000000000000000000e+91	
9.976819381693328707000000000000000000000e+91	
-1.396134355580652237000000000000000000000e+92	
2.925273846884073884000000000000000000000e+91	
1.929685953841325765000000000000000000000e+92	
-4.641303399086593423000000000000000000000e+91	
1.173404793357366706000000000000000000000e+92	
-1.220411500392618402000000000000000000000e+92	
4.175000095827178848000000000000000000000e+91	
-1.976316284167267223000000000000000000000e+92	
-3.380285847931536831000000000000000000000e+91	
1.248781012998131189000000000000000000000e+92	
-1.145035280751853919000000000000000000000e+92	
5.637727774081824520000000000000000000000e+91	
-1.830043516341802656000000000000000000000e+92	
-1.208945517054011644000000000000000000000e+91	
1.536741045984930474000000000000000000000e+92	
-8.570752477650546330000000000000000000000e+91	
8.009267232825919266000000000000000000000e+91	
-1.592889570467393181000000000000000000000e+92	
6.547859160538071491000000000000000000000e+90	
1.672358658697543764000000000000000000000e+92	
-7.214576350524413432000000000000000000000e+91	
9.443192096868712779000000000000000000000e+91	
-1.449497084063113830000000000000000000000e+92	
2.166420823977808895000000000000000000000e+91	
1.831289286500147179000000000000000000000e+92	
-5.625270072498379286000000000000000000000e+91	
1.086603775880204681000000000000000000000e+92	
-1.307212517869780426000000000000000000000e+92	
3.422888711891187325000000000000000000000e+91	
1.940306577973981944000000000000000000000e+92	
-4.535097157760031636000000000000000000000e+91	
1.230654639385153395000000000000000000000e+92	
-1.163161654364831712000000000000000000000e+92	
5.213558716477987662000000000000000000000e+91	
-1.872460422102186341000000000000000000000e+92	
-1.875899009998092426000000000000000000000e+91	
1.445779335753767478000000000000000000000e+92	
-9.480369579962176300000000000000000000000e+91	
6.857107286988246847000000000000000000000e+91	
-1.708105565051160423000000000000000000000e+92	
-7.397961675696596253000000000000000000000e+90	
1.508670301123507796000000000000000000000e+92	
-8.851459926264773116000000000000000000000e+91	
8.321116786805669895000000000000000000000e+91	
-1.561704615069418118000000000000000000000e+92	
1.558897576144100108000000000000000000000e+91	
1.821966560345329266000000000000000000000e+92	
-5.718497334046558412000000000000000000000e+91	
1.094589241768440036000000000000000000000e+92	
-1.299227051981545072000000000000000000000e+92	
3.675739153922001722000000000000000000000e+91	
1.982882591050475670000000000000000000000e+92	
-4.109337026995094378000000000000000000000e+91	
1.236593312827333754000000000000000000000e+92	
-1.157222980922651354000000000000000000000e+92	
4.906754386763909498000000000000000000000e+91	
-1.903140855073594158000000000000000000000e+92	
-2.548712162381653265000000000000000000000e+91	
1.341915353325534220000000000000000000000e+92	
-1.051900940424450887800000000000000000000e+92	
6.356747487967864746000000000000000000000e+91	
-1.758141544953198633000000000000000000000e+92	
-7.021438259127963824000000000000000000000e+90	
1.566209974230198994000000000000000000000e+92	
-8.276063195197861132000000000000000000000e+91	
8.091949668085662306000000000000000000000e+91	
-1.584621326941418877000000000000000000000e+92	
5.255670130816463690000000000000000000000e+90	
1.638257180222401636000000000000000000000e+92	
-7.555591135275834716000000000000000000000e+91	
9.550702191996386123000000000000000000000e+91	
-1.438746074550346495000000000000000000000e+92	
2.722232582637066741000000000000000000000e+91	
1.931678318193237356000000000000000000000e+92	
-4.621379755567477518000000000000000000000e+91	
1.197682552242501400000000000000000000000e+92	
-1.196133741507483708000000000000000000000e+92	
4.640520722799278755000000000000000000000e+91	
-1.929764221470057232000000000000000000000e+92	
-2.692133034855222613000000000000000000000e+91	
1.339848433231277237000000000000000000000e+92	
-1.053967860518707870500000000000000000000e+92	
6.076418671782181296000000000000000000000e+91	
-1.786174426571766978000000000000000000000e+92	
-1.242003033136848554000000000000000000000e+91	
1.486283930393359891000000000000000000000e+92	
-9.075323633566252166000000000000000000000e+91	
7.508705624126872210000000000000000000000e+91	
-1.642945731337297886000000000000000000000e+92	
1.582318591492602996000000000000000000000e+90	
1.623103808743628854000000000000000000000e+92	
-7.707124850063562531000000000000000000000e+91	
8.942833728492770533000000000000000000000e+91	
-1.499532920900708054000000000000000000000e+92	
1.658256473484576007000000000000000000000e+91	
1.779692641717615260000000000000000000000e+92	
-6.141236520323698478000000000000000000000e+91	
1.036727271776475497600000000000000000000e+92	
-1.357089021973509610000000000000000000000e+92	
2.941316517057292250000000000000000000000e+91	
1.893867787478501150000000000000000000000e+92	
-4.999485062714839580000000000000000000000e+91	
1.180643036427832274000000000000000000000e+92	
-1.213173257322152834000000000000000000000e+92	
4.677732343020149440000000000000000000000e+91	
-1.926043059447970164000000000000000000000e+92	
-2.447417955455679446000000000000000000000e+91	
1.385059960312072502000000000000000000000e+92	
-1.008756333437912605200000000000000000000e+92	
6.214256477812228374000000000000000000000e+91	
-1.772390645968762270000000000000000000000e+92	
-1.418286286140144758000000000000000000000e+91	
1.437259131980343638000000000000000000000e+92	
-9.565571617696414701000000000000000000000e+91	
7.683327190998132510000000000000000000000e+91	
-1.625483574650171857000000000000000000000e+92	
9.973920929185102823000000000000000000000e+90	
1.773440626867043364000000000000000000000e+92	
-6.203756668829417437000000000000000000000e+91	
1.053684128609857846600000000000000000000e+92	
-1.340132165140127261000000000000000000000e+92	
3.342858299171641168000000000000000000000e+91	
1.957207742510301172000000000000000000000e+92	
-4.366085512396839352000000000000000000000e+91	
1.194846886375664090000000000000000000000e+92	
-1.198969407374321017000000000000000000000e+92	
4.328654326185176207000000000000000000000e+91	
-1.960950861131467487000000000000000000000e+92	
-3.287368075774489183000000000000000000000e+91	
1.252002167051116295000000000000000000000e+92	
-1.141814126698868813000000000000000000000e+92	
5.798323043917167913000000000000000000000e+91	
-1.813983989358268316000000000000000000000e+92	
-9.200304103490697875000000000000000000000e+90	
1.578458154278515076000000000000000000000e+92	
-8.153581394714700316000000000000000000000e+91	
8.554630463135351708000000000000000000000e+91	
-1.538353247436449937000000000000000000000e+92	
1.328277496645070556000000000000000000000e+91	
1.752514275250653031000000000000000000000e+92	
-6.413020184993320770000000000000000000000e+91	
9.972740313900830098000000000000000000000e+91	
-1.396542262359902098000000000000000000000e+92	
2.424096462082360564000000000000000000000e+91	
1.829883122638080838000000000000000000000e+92	
-5.639331711119042700000000000000000000000e+91	
1.142686928329995333000000000000000000000e+92	
-1.251129365419989774000000000000000000000e+92	
4.558327293746681683000000000000000000000e+91	
-1.937983564375316939000000000000000000000e+92	
-2.306796444279431444000000000000000000000e+91	
1.425111826792516597000000000000000000000e+92	
-9.687044669574685102000000000000000000000e+91	
6.874542953824936824000000000000000000000e+91	
-1.706361998367491425000000000000000000000e+92	
-4.983612769695510483000000000000000000000e+90	
1.555202564841904244000000000000000000000e+92	
-8.386137289080808638000000000000000000000e+91	
8.312165979367856444000000000000000000000e+91	
-1.562599695813199463000000000000000000000e+92	
1.075909354661134928000000000000000000000e+91	
1.726287588103701204000000000000000000000e+92	
-6.675287056462839037000000000000000000000e+91	
9.731768324057894304000000000000000000000e+91	
-1.420639461344195677000000000000000000000e+92	
2.204408756091147232000000000000000000000e+91	
1.810041721174062505000000000000000000000e+92	
-5.837745725759226024000000000000000000000e+91	
1.118371719691757255000000000000000000000e+92	
-1.275444574058227852000000000000000000000e+92	
4.270459400315583936000000000000000000000e+91	
2.078026400871075759000000000000000000000e+92	
-3.157898928789093489000000000000000000000e+91	
1.335560253364604579000000000000000000000e+92	
-1.058256040385380528900000000000000000000e+92	
5.934636072816434338000000000000000000000e+91	
-1.800352686468341674000000000000000000000e+92	
-1.482637212667327668000000000000000000000e+91	
1.452340273907760334000000000000000000000e+92	
-9.414760198422247735000000000000000000000e+91	
7.378748250065968274000000000000000000000e+91	
-1.655941468743388280000000000000000000000e+92	
2.376494248553669283000000000000000000000e+90	
1.651972639376369266000000000000000000000e+92	
-7.418436543736158418000000000000000000000e+91	
8.867450611903786766000000000000000000000e+91	
-1.507071232559606431000000000000000000000e+92	
1.218983120568623918000000000000000000000e+91	
1.699394392435193888000000000000000000000e+92	
-6.944219013147912192000000000000000000000e+91	
1.033481828885757336400000000000000000000e+92	
-1.360334464864227771000000000000000000000e+92	
3.679006685134101414000000000000000000000e+91	
2.044612936375187770000000000000000000000e+92	
-3.492033573747973380000000000000000000000e+91	
1.327865790001635768000000000000000000000e+92	
-1.065950503748349340000000000000000000000e+92	
6.114753455353309093000000000000000000000e+91	
-1.782340948214654198000000000000000000000e+92	
-1.045585745427464048100000000000000000000e+91	
1.521726042322424154000000000000000000000e+92	
-8.720902514275609530000000000000000000000e+91	
7.545763411655942165000000000000000000000e+91	
-1.639239952584390891000000000000000000000e+92	
-1.219157436023445832000000000000000000000e+90	
1.563384295728253854000000000000000000000e+92	
-8.304319980217312538000000000000000000000e+91	
9.017174158498950970000000000000000000000e+91	
-1.492098877900090011000000000000000000000e+92	
2.403798262089776243000000000000000000000e+91	
1.921333552914079023000000000000000000000e+92	
-4.724827408359060848000000000000000000000e+91	
1.208825754546763290000000000000000000000e+92	
-1.184990539203221817000000000000000000000e+92	
4.966725483001025618000000000000000000000e+91	
-1.897143745449882546000000000000000000000e+92	
-2.151262422949502035000000000000000000000e+91	
1.415391396366075661000000000000000000000e+92	
-9.784248973839094468000000000000000000000e+91	
6.524726103668596090000000000000000000000e+91	
-1.741343683383125499000000000000000000000e+92	
-1.100664955911907061000000000000000000000e+91	
1.469736079523124109000000000000000000000e+92	
-9.240802142268609984000000000000000000000e+91	
7.992536516409266388000000000000000000000e+91	
-1.594562642109058469000000000000000000000e+92	
1.291049012097120580000000000000000000000e+91	
1.801251852154683767000000000000000000000e+92	
-5.925644415953013406000000000000000000000e+91	
1.079941660875117706000000000000000000000e+92	
-1.313874632874867402000000000000000000000e+92	
3.589904423828835034000000000000000000000e+91	
-2.034825851367101604000000000000000000000e+92	
-3.616019819711819690000000000000000000000e+91	
1.260126399238360550000000000000000000000e+92	
-1.133689894511624557000000000000000000000e+92	
5.012303821460706755000000000000000000000e+91	
-1.892585911603914432000000000000000000000e+92	
-2.572879569072222717000000000000000000000e+91	
1.326533384106012687000000000000000000000e+92	
-1.067282909643972421000000000000000000000e+92	
6.477421275435503861000000000000000000000e+91	
-1.746074166206434722000000000000000000000e+92	
-3.071131653223036025000000000000000000000e+90	
1.633135073746000048000000000000000000000e+92	
-7.606812200039850597000000000000000000000e+91	
9.035284527206679321000000000000000000000e+91	
-1.490287841029317176000000000000000000000e+92	
1.742849333478174830000000000000000000000e+91	
1.787366524909176907000000000000000000000e+92	
-6.064497688408082002000000000000000000000e+91	
1.046052368502862780900000000000000000000e+92	
-1.347763925247122327000000000000000000000e+92	
3.051071402112920862000000000000000000000e+91	
1.906492846416550979000000000000000000000e+92	
-4.873234473334341284000000000000000000000e+91	
1.189761322024567750000000000000000000000e+92	
-1.204054971725417358000000000000000000000e+92	
4.733864917652754972000000000000000000000e+91	
-1.920429801984709610000000000000000000000e+92	
-2.426318218764756067000000000000000000000e+91	
1.383668393658201644000000000000000000000e+92	
-1.010147900091783463400000000000000000000e+92	
6.165342834079243085000000000000000000000e+91	
-1.777282010342060799000000000000000000000e+92	
-1.502180489704421607000000000000000000000e+91	
1.425373396510278758000000000000000000000e+92	
-9.684428972397063496000000000000000000000e+91	
7.638596436398557024000000000000000000000e+91	
-1.629956650110129405000000000000000000000e+92	
1.026751048005075542600000000000000000000e+91	
1.783781806138736705000000000000000000000e+92	
-6.100344876112484029000000000000000000000e+91	
1.071426906274014587000000000000000000000e+92	
-1.322389387475970521000000000000000000000e+92	
3.594265224373005069000000000000000000000e+91	
1.989742668183110977000000000000000000000e+92	
-4.040736255668741308000000000000000000000e+91	
1.226622489545196191000000000000000000000e+92	
-1.167193804204788916000000000000000000000e+92	
4.638820911750594393000000000000000000000e+91	
-1.929934202574925668000000000000000000000e+92	
-2.984787159316739725000000000000000000000e+91	
1.281502069300377848000000000000000000000e+92	
-1.112314224449607260000000000000000000000e+92	
6.108964211833512688000000000000000000000e+91	
-1.782919872566633839000000000000000000000e+92	
-5.937548815996126702000000000000000000000e+90	
1.612648365165125188000000000000000000000e+92	
-7.811679285848599198000000000000000000000e+91	
8.912151375273837532000000000000000000000e+91	
-1.502601156222601354000000000000000000000e+92	
1.701409439081962895000000000000000000000e+91	
1.791387795613621572000000000000000000000e+92	
-6.024284981363635354000000000000000000000e+91	
1.032794189035761952000000000000000000000e+92	
-1.361022104714223156000000000000000000000e+92	
2.745781099969522391000000000000000000000e+91	
1.858701560599623525000000000000000000000e+92	
-5.351147331503615830000000000000000000000e+91	
1.178553663094856298000000000000000000000e+92	
-1.215262630655128810000000000000000000000e+92	
4.987442532331545358000000000000000000000e+91	
-1.895072040516830572000000000000000000000e+92	
-1.807268374398499476000000000000000000000e+91	
1.482102412691002752000000000000000000000e+92	
-9.117138810589823562000000000000000000000e+91	
7.514791577160957615000000000000000000000e+91	
-1.642337136033889346000000000000000000000e+92	
2.121951033955455624000000000000000000000e+90	
1.633285479591314839000000000000000000000e+92	
-7.605308141586702684000000000000000000000e+91	
8.943276691223296832000000000000000000000e+91	
-1.499488624627655424000000000000000000000e+92	
1.557376140908135528000000000000000000000e+91	
1.759477321462456603000000000000000000000e+92	
-6.343389722875285050000000000000000000000e+91	
1.037964004689300251700000000000000000000e+92	
-1.355852289060684856000000000000000000000e+92	
3.168097617924739567000000000000000000000e+91	
1.937976604058200729000000000000000000000e+92	
-4.558396896917843785000000000000000000000e+91	
1.179354618581382447000000000000000000000e+92	
-1.214461675168602661000000000000000000000e+92	
4.211101747668759352000000000000000000000e+91	
-1.972706118983109172000000000000000000000e+92	
-3.367569152756114913000000000000000000000e+91	
1.247715350642828843000000000000000000000e+92	
-1.146100943107156264000000000000000000000e+92	
5.676532978213135625000000000000000000000e+91	
-1.826162995928671545000000000000000000000e+92	
-1.120703100792626970000000000000000000000e+91	
1.550506548493687371000000000000000000000e+92	
-8.433097452562977364000000000000000000000e+91	
8.196310275680049826000000000000000000000e+91	
-1.574185266181980125000000000000000000000e+92	
8.911923978530496233000000000000000000000e+90	
1.700933194113043629000000000000000000000e+92	
-6.928830996369414788000000000000000000000e+91	
9.624173260282444032000000000000000000000e+91	
-1.431398967721740704000000000000000000000e+92	
2.242689934404625570000000000000000000000e+91	
1.828450203424844480000000000000000000000e+92	
-5.653660903251406273000000000000000000000e+91	
1.105909870270104433000000000000000000000e+92	
-1.287906423479880675000000000000000000000e+92	
3.837291221045799571000000000000000000000e+91	
2.003869969960129241000000000000000000000e+92	
-3.899463237898558669000000000000000000000e+91	
1.247329685688282507000000000000000000000e+92	
-1.146486608061702601000000000000000000000e+92	
4.911659070832869496000000000000000000000e+91	
-1.902650386666698158000000000000000000000e+92	
-2.646215532295687594000000000000000000000e+91	
1.321929307453948933000000000000000000000e+92	
-1.071886986296036175000000000000000000000e+92	
6.373698190435404079000000000000000000000e+91	
-1.756446474706444700000000000000000000000e+92	
-4.684898621748216504000000000000000000000e+90	
1.611234912109574675000000000000000000000e+92	
-7.825813816404104326000000000000000000000e+91	
8.758686669392126532000000000000000000000e+91	
-1.517947626810772454000000000000000000000e+92	
1.408683898002605900000000000000000000000e+91	
1.748196088547942864000000000000000000000e+92	
-6.456202052020422431000000000000000000000e+91	
1.019107401506596206500000000000000000000e+92	
-1.374708892243388901000000000000000000000e+92	
2.903815583587142044000000000000000000000e+91	
1.903980568514303305000000000000000000000e+92	
-4.898357252356818027000000000000000000000e+91	
1.161414557857307029000000000000000000000e+92	
-1.232401735892678079000000000000000000000e+92	
4.192180983224857408000000000000000000000e+91	
-1.974598195427499367000000000000000000000e+92	
-3.226089940038191293000000000000000000000e+91	
1.277895287041955454000000000000000000000e+92	
-1.115921006708029653000000000000000000000e+92	
5.638759894770311652000000000000000000000e+91	
-1.829940304272953942000000000000000000000e+92	
-1.497879637429017655000000000000000000000e+91	
1.478865440524446388000000000000000000000e+92	
-9.149508532255387192000000000000000000000e+91	
7.140833479008045676000000000000000000000e+91	
-1.679732945849180540000000000000000000000e+92	
-5.031813737414082030000000000000000000000e+90	
1.527622985269319089000000000000000000000e+92	
-8.661933084806660189000000000000000000000e+91	
8.610005081103599570000000000000000000000e+91	
-1.532815785639625151000000000000000000000e+92	
1.947097874295666995000000000000000000000e+91	
1.870712848108148258000000000000000000000e+92	
-5.231034456418368494000000000000000000000e+91	
1.153256847500911368000000000000000000000e+92	
-1.240559446249073740000000000000000000000e+92	
4.361579015747805458000000000000000000000e+91	
-1.957658392175204562000000000000000000000e+92	
-2.805841673648271949000000000000000000000e+91	
1.344992653061631354000000000000000000000e+92	
-1.048823640688353753900000000000000000000e+92	
5.778406409953323980000000000000000000000e+91	
-1.815975652754652710000000000000000000000e+92	
-1.889295842899003164000000000000000000000e+91	
1.386643977188676342000000000000000000000e+92	
-1.007172316561308765300000000000000000000e+92	
7.252202770082906682000000000000000000000e+91	
-1.668596016741694439000000000000000000000e+92	
6.412574604266436390000000000000000000000e+90	
1.745322410460603982000000000000000000000e+92	
-6.484938832893811252000000000000000000000e+91	
1.033057428903872381500000000000000000000e+92	
-1.360758864846112726000000000000000000000e+92	
3.211469186257113181000000000000000000000e+91	
1.951552893202907018000000000000000000000e+92	
-4.422634005470780901000000000000000000000e+91	
1.188522498691468967000000000000000000000e+92	
-1.205293795058516141000000000000000000000e+92	
4.258718397651484575000000000000000000000e+91	
-1.967944453984836650000000000000000000000e+92	
-3.363992725581910434000000000000000000000e+91	
1.243671162819057489000000000000000000000e+92	
-1.150145130930927618000000000000000000000e+92	
5.729268619167794412000000000000000000000e+91	
-1.820889431833205666000000000000000000000e+92	
-9.748363120877081989000000000000000000000e+90	
1.574401707302750904000000000000000000000e+92	
-8.194145864472342037000000000000000000000e+91	
8.528300337857940624000000000000000000000e+91	
-1.540986259964191045000000000000000000000e+92	
1.316174631874342149000000000000000000000e+91	
1.752726006779440625000000000000000000000e+92	
-6.410902869705444822000000000000000000000e+91	
9.944771251162254534000000000000000000000e+91	
-1.399339168633759654000000000000000000000e+92	
2.366055994336030966000000000000000000000e+91	
1.821073431919383364000000000000000000000e+92	
-5.727428618306017436000000000000000000000e+91	
1.140247710116908694000000000000000000000e+92	
-1.253568583633076414000000000000000000000e+92	
4.597608132887626418000000000000000000000e+91	
-1.934055480461222466000000000000000000000e+92	
-2.203874271873032696000000000000000000000e+91	
1.441765010136076836000000000000000000000e+92	
-9.520512836139082713000000000000000000000e+91	
7.104652791815734047000000000000000000000e+91	
-1.683351014568411703000000000000000000000e+92	
-2.047050751431595589000000000000000000000e+90	
1.590919658910799094000000000000000000000e+92	
-8.028966348391860131000000000000000000000e+91	
8.534486651825143610000000000000000000000e+91	
-1.540367628567470746000000000000000000000e+92	
1.163446869510239509000000000000000000000e+91	
1.721569731550262336000000000000000000000e+92	
-6.722465621997227711000000000000000000000e+91	
9.969652174784770043000000000000000000000e+91	
-1.396851076271508103000000000000000000000e+92	
2.727213156720865944000000000000000000000e+91	
1.890800036651707535000000000000000000000e+92	
-5.030162570982775727000000000000000000000e+91	
1.138774738098258881000000000000000000000e+92	
-1.255041555651726227000000000000000000000e+92	
3.871236982490814467000000000000000000000e+91	
-2.006692595500903661000000000000000000000e+92	
-3.641532691522951269000000000000000000000e+91	
1.226905839716047302000000000000000000000e+92	
-1.166910454033937806000000000000000000000e+92	
5.329370384750552106000000000000000000000e+91	
-1.860879255274929897000000000000000000000e+92	
-1.606863969054308868000000000000000000000e+91	
1.487997551682847988000000000000000000000e+92	
-9.058187420671371193000000000000000000000e+91	
7.432360348251193149000000000000000000000e+91	
-1.650580258924865793000000000000000000000e+92	
-1.154838277902674832000000000000000000000e+89	
1.596786937902049731000000000000000000000e+92	
-7.970293558479353766000000000000000000000e+91	
8.877587956194210655000000000000000000000e+91	
-1.506057498130564042000000000000000000000e+92	
1.790835137449901271000000000000000000000e+91	
1.812723106657221855000000000000000000000e+92	
-5.810931870927632528000000000000000000000e+91	
1.052924721213405545800000000000000000000e+92	
-1.340891572536579562000000000000000000000e+92	
2.935044628881722400000000000000000000000e+91	
1.876424333485560867000000000000000000000e+92	
-5.173919602644242404000000000000000000000e+91	
1.198798776181271788000000000000000000000e+92	
-1.195017517568713319000000000000000000000e+92	
5.215104512327896130000000000000000000000e+91	
-1.872305842517195494000000000000000000000e+92	
-1.554408091895375762000000000000000000000e+91	
1.509907017153855203000000000000000000000e+92	
-8.839092765961299050000000000000000000000e+91	
7.818010849774452543000000000000000000000e+91	
-1.612015208772539853000000000000000000000e+92	
5.405750760914190598000000000000000000000e+90	
1.668638294702353813000000000000000000000e+92	
-7.251779990476312948000000000000000000000e+91	
9.243125920210966336000000000000000000000e+91	
-1.469503701728888474000000000000000000000e+92	
1.803573162039055664000000000000000000000e+91	
1.778734472886987682000000000000000000000e+92	
-6.150818208629974254000000000000000000000e+91	
1.068539944218000171000000000000000000000e+92	
-1.325276349531984936000000000000000000000e+92	
3.586988564300462893000000000000000000000e+91	
1.991173223612707950000000000000000000000e+92	
-4.026430701372771581000000000000000000000e+91	
1.230210192334535585000000000000000000000e+92	
-1.163606101415449523000000000000000000000e+92	
4.696258677815658220000000000000000000000e+91	
-1.924190425968419286000000000000000000000e+92	
-2.905799385163084380000000000000000000000e+91	
1.291554775050296548000000000000000000000e+92	
-1.102261518699688559000000000000000000000e+92	
6.163788267308287075000000000000000000000e+91	
-1.777437467019156400000000000000000000000e+92	
-5.846110832411302590000000000000000000000e+90	
1.608996992648215385000000000000000000000e+92	
-7.848193011017697228000000000000000000000e+91	
8.830002848852100559000000000000000000000e+91	
-1.510816008864775052000000000000000000000e+92	
1.573648822374385944000000000000000000000e+91	
1.774052794880707982000000000000000000000e+92	
-6.197634988692771257000000000000000000000e+91	
1.025127231147815959100000000000000000000e+92	
-1.368689062602169148000000000000000000000e+92	
2.765743834812814206000000000000000000000e+91	
1.870356256378049861000000000000000000000e+92	
-5.234600373719352462000000000000000000000e+91	
1.169759755265339130000000000000000000000e+92	
-1.224056538484645977000000000000000000000e+92	
4.695119184053176024000000000000000000000e+91	
-1.924304375344667505000000000000000000000e+92	
-2.303874277209531774000000000000000000000e+91	
1.412023733439637509000000000000000000000e+92	
-9.817925603103475983000000000000000000000e+91	
6.609925509179420834000000000000000000000e+91	
-1.732823742832043024000000000000000000000e+92	
-8.966486763892534230000000000000000000000e+90	
1.502013481744474289000000000000000000000e+92	
-8.918028120055108186000000000000000000000e+91	
8.063637227369071168000000000000000000000e+91	
-1.587452571013077991000000000000000000000e+92	
1.110601661482394451000000000000000000000e+91	
1.758064829670402401000000000000000000000e+92	
-6.357514640795827070000000000000000000000e+91	
1.011624863472502299800000000000000000000e+92	
-1.382191430277482808000000000000000000000e+92	
2.655563763393397696000000000000000000000e+91	
1.861821373383475316000000000000000000000e+92	
-5.319949203665097918000000000000000000000e+91	
1.155983202675300100000000000000000000000e+92	
-1.237833091074685008000000000000000000000e+92	
4.504963048294910850000000000000000000000e+91	
-1.943319988920494022000000000000000000000e+92	
-2.546394949711114304000000000000000000000e+91	
1.382537818529029015000000000000000000000e+92	
-1.011278475220956092600000000000000000000e+92	
6.262753930638358361000000000000000000000e+91	
-1.767540900686149272000000000000000000000e+92	
-1.296106650158606092000000000000000000000e+91	
1.456841646969740522000000000000000000000e+92	
-9.369746467802445851000000000000000000000e+91	
7.723087435838567986000000000000000000000e+91	
-1.621507550166128309000000000000000000000e+92	
8.811651011685069748000000000000000000000e+90	
1.746226967013999908000000000000000000000e+92	
-6.475893267359851998000000000000000000000e+91	
1.010887267196387487700000000000000000000e+92	
-1.382929026553597620000000000000000000000e+92	
2.759135221994206956000000000000000000000e+91	
1.883267739884898007000000000000000000000e+92	
-5.105485538650871009000000000000000000000e+91	
1.153940836046234856000000000000000000000e+92	
-1.239875457703750252000000000000000000000e+92	
4.249768946538431957000000000000000000000e+91	
-1.968839399096141912000000000000000000000e+92	
-3.036242649269649786000000000000000000000e+91	
1.310099366744713583000000000000000000000e+92	
-1.083716927005271525000000000000000000000e+92	
5.680704319333860316000000000000000000000e+91	
-1.825745861816599076000000000000000000000e+92	
-1.735892190410699356000000000000000000000e+91	
1.427082420026400496000000000000000000000e+92	
-9.667338737235846113000000000000000000000e+91	
7.125079216847892979000000000000000000000e+91	
-1.681308372065195810000000000000000000000e+92	
-1.710956006334386488000000000000000000000e+89	
1.626387799957810853000000000000000000000e+92	
-7.674284937921742547000000000000000000000e+91	
8.610513350615142468000000000000000000000e+91	
-1.532764958688470861000000000000000000000e+92	
9.609575340709110008000000000000000000000e+90	
1.673483055426946333000000000000000000000e+92	
-7.203332383230387746000000000000000000000e+91	
1.007835553875463394000000000000000000000e+92	
-1.385980739874521714000000000000000000000e+92	
3.425193235882730396000000000000000000000e+91	
2.019496389688060508000000000000000000000e+92	
-3.743199040619245993000000000000000000000e+91	
1.303013909770986960000000000000000000000e+92	
-1.090802383978998147000000000000000000000e+92	
5.868880000452123624000000000000000000000e+91	
-1.806928293704772745000000000000000000000e+92	
-1.288815169427318262000000000000000000000e+91	
1.497667371427692493000000000000000000000e+92	
-8.961489223222926143000000000000000000000e+91	
7.307818102567231662000000000000000000000e+91	
-1.663034483493261941000000000000000000000e+92	
-3.572209673718541034000000000000000000000e+90	
1.540117650494702991000000000000000000000e+92	
-8.536986432552821164000000000000000000000e+91	
8.779238949181874562000000000000000000000e+91	
-1.515892398831797651000000000000000000000e+92	
2.160596917881328132000000000000000000000e+91	
1.896487067082623596000000000000000000000e+92	
-4.973292266673615112000000000000000000000e+91	
1.183453179252795884000000000000000000000e+92	
-1.210363114497189224000000000000000000000e+92	
4.707741453613584447000000000000000000000e+91	
-1.923042148388626663000000000000000000000e+92	
-2.415502111910339944000000000000000000000e+91	
1.388442123069855844000000000000000000000e+92	
-1.005374170680129264000000000000000000000e+92	
6.249982940975391570000000000000000000000e+91	
-1.768817999652445951000000000000000000000e+92	
-1.380655935366809717000000000000000000000e+91	
1.441212461068356572000000000000000000000e+92	
-9.526038326816285359000000000000000000000e+91	
7.718781412068450832000000000000000000000e+91	
-1.621938152543140024000000000000000000000e+92	
1.028769274200330064200000000000000000000e+91	
1.776170843917478717000000000000000000000e+92	
-6.176454498325063906000000000000000000000e+91	
1.056007047382672733200000000000000000000e+92	
-1.337809246367312374000000000000000000000e+92	
3.362016531115577052000000000000000000000e+91	
1.958716672724595431000000000000000000000e+92	
-4.350996210253896764000000000000000000000e+91	
1.197214585182572843000000000000000000000e+92	
-1.196601708567412265000000000000000000000e+92	
4.360914726366461017000000000000000000000e+91	
-1.957724821113339006000000000000000000000e+92	
-3.246528535168007479000000000000000000000e+91	
1.256943608198171444000000000000000000000e+92	
-1.136872685551813664000000000000000000000e+92	
5.829530249906763452000000000000000000000e+91	
-1.810863268759308762000000000000000000000e+92	
-9.070213487022760764000000000000000000000e+90	
1.577940151671787517000000000000000000000e+92	
-8.158761420781975906000000000000000000000e+91	
8.531270401475543846000000000000000000000e+91	
-1.540689253602430723000000000000000000000e+92	
1.286746447009315431000000000000000000000e+91	
1.746544975800871306000000000000000000000e+92	
-6.472713179491138016000000000000000000000e+91	
9.951550332109443128000000000000000000000e+91	
-1.398661260539040795000000000000000000000e+92	
2.441390331291443721000000000000000000000e+91	
1.835458979442056034000000000000000000000e+92	
-5.583573143079290736000000000000000000000e+91	
1.140117862168412367000000000000000000000e+92	
-1.253698431581572741000000000000000000000e+92	
4.451227937126451841000000000000000000000e+91	
-1.948693500037339924000000000000000000000e+92	
-2.495263981425665415000000000000000000000e+91	
1.398132304456857190000000000000000000000e+92	
-9.956839892931279175000000000000000000000e+91	
6.523460518420913824000000000000000000000e+91	
-1.741470241907893725000000000000000000000e+92	
-9.306904704007541556000000000000000000000e+90	
1.503849013084824749000000000000000000000e+92	
-8.899672806651603587000000000000000000000e+91	
7.971119013321532566000000000000000000000e+91	
-1.596704392417831851000000000000000000000e+92	
9.072650981577372290000000000000000000000e+90	
1.726654853481578351000000000000000000000e+92	
-6.671614402684067562000000000000000000000e+91	
9.691440797540000133000000000000000000000e+91	
-1.424672213995985094000000000000000000000e+92	
2.120102946745328163000000000000000000000e+91	
1.797215500613795646000000000000000000000e+92	
-5.966007931361894617000000000000000000000e+91	
1.114861994503042360000000000000000000000e+92	
-1.278954299246942748000000000000000000000e+92	
4.328480736955269310000000000000000000000e+91	
2.093135759176305768000000000000000000000e+92	
-3.006805345736793392000000000000000000000e+91	
1.359972204405970564000000000000000000000e+92	
-1.033844089344014544000000000000000000000e+92	
6.271735214591700187000000000000000000000e+91	
-1.766642772290815089000000000000000000000e+92	
-1.052604712490186238800000000000000000000e+91	
1.504632234772544116000000000000000000000e+92	
-8.891840589774409914000000000000000000000e+91	
7.704455353949808429000000000000000000000e+91	
-1.623370758355004265000000000000000000000e+92	
3.662421702698037944000000000000000000000e+90	
1.645130287815908809000000000000000000000e+92	
-7.486860059340762984000000000000000000000e+91	
9.136876557521600633000000000000000000000e+91	
-1.480128637997825044000000000000000000000e+92	
1.826090390642926790000000000000000000000e+91	
1.793856446579303697000000000000000000000e+92	
-5.999598471706814107000000000000000000000e+91	
1.056413850746362012100000000000000000000e+92	
-1.337402443003623095000000000000000000000e+92	
3.193382562774989421000000000000000000000e+91	
1.924591670513682750000000000000000000000e+92	
-4.692246232363023578000000000000000000000e+91	
1.199653408274482397000000000000000000000e+92	
-1.194162885475502711000000000000000000000e+92	
4.750759243963611630000000000000000000000e+91	
-1.918740369353623945000000000000000000000e+92	
-2.491409606684193504000000000000000000000e+91	
1.368964763607450936000000000000000000000e+92	
-1.024851530142534171700000000000000000000e+92	
6.175859190731690541000000000000000000000e+91	
-1.776230374676816054000000000000000000000e+92	
-1.334189884761291917000000000000000000000e+91	
1.457912044848889074000000000000000000000e+92	
-9.359042489010960340000000000000000000000e+91	
7.630565120052234684000000000000000000000e+91	
-1.630759781744761639000000000000000000000e+92	
6.854678631974559978000000000000000000000e+90	
1.716344885681094485000000000000000000000e+92	
-6.774714080688906224000000000000000000000e+91	
9.706979604549873558000000000000000000000e+91	
-1.423118333294997752000000000000000000000e+92	
2.254221196227376195000000000000000000000e+91	
1.822479368493320719000000000000000000000e+92	
-5.713369252566643888000000000000000000000e+91	
1.115018192343584073000000000000000000000e+92	
-1.278798101406401035000000000000000000000e+92	
4.079090967736065312000000000000000000000e+91	
-1.985907196976378576000000000000000000000e+92	
-2.988480934357464499000000000000000000000e+91	
1.336708636569286778000000000000000000000e+92	
-1.057107657180698329200000000000000000000e+92	
5.788264341210551390000000000000000000000e+91	
-1.814989859628929969000000000000000000000e+92	
-1.786785948309866292000000000000000000000e+91	
1.406155551991787308000000000000000000000e+92	
-9.876607417581977997000000000000000000000e+91	
7.251142994753672164000000000000000000000e+91	
-1.668701994274617891000000000000000000000e+92	
4.441197919595092100000000000000000000000e+90	
1.706010612463604118000000000000000000000e+92	
-6.878056812863809894000000000000000000000e+91	
9.741573530637677062000000000000000000000e+91	
-1.419658940686217401000000000000000000000e+92	
2.426683133957757477000000000000000000000e+91	
1.853505502184925381000000000000000000000e+92	
-5.403107915650597268000000000000000000000e+91	
1.116850321471289821000000000000000000000e+92	
-1.276965972278695286000000000000000000000e+92	
3.805617502506579422000000000000000000000e+91	
-2.013254543499327165000000000000000000000e+92	
-3.553603939266749433000000000000000000000e+91	
1.251045896566079463000000000000000000000e+92	
-1.142770397183905644000000000000000000000e+92	
5.245767945860737130000000000000000000000e+91	
-1.869239499163911394000000000000000000000e+92	
-2.015307671833524100000000000000000000000e+91	
1.414685221316608565000000000000000000000e+92	
-9.791310724333765430000000000000000000000e+91	
6.672425660917745400000000000000000000000e+91	
-1.726573727658210568000000000000000000000e+92	
-7.982811106237529473000000000000000000000e+90	
1.515435194718380562000000000000000000000e+92	
-8.783810990316045454000000000000000000000e+91	
8.121831795695806870000000000000000000000e+91	
-1.581633114180404420000000000000000000000e+92	
1.092811502370455972000000000000000000000e+91	
1.748691122529831520000000000000000000000e+92	
-6.451251712201535876000000000000000000000e+91	
9.946602447351072094000000000000000000000e+91	
-1.399156049014877898000000000000000000000e+92	
2.410046237566716192000000000000000000000e+91	
1.829686262827021209000000000000000000000e+92	
-5.641300309229638988000000000000000000000e+91	
1.139934403651967550000000000000000000000e+92	
-1.253881890098017557000000000000000000000e+92	
4.505258117015405171000000000000000000000e+91	
-1.943290482048444590000000000000000000000e+92	
-2.385396838572714389000000000000000000000e+91	
1.414699936213232489000000000000000000000e+92	
-9.791163575367526187000000000000000000000e+91	
6.744918236271585684000000000000000000000e+91	
-1.719324470122826539000000000000000000000e+92	
-6.534791128646148118000000000000000000000e+90	
1.537142738128395947000000000000000000000e+92	
-8.566735556215891605000000000000000000000e+91	
8.185716374143609230000000000000000000000e+91	
-1.575244656335624185000000000000000000000e+92	
1.003581463307427552200000000000000000000e+91	
1.724464276892472442000000000000000000000e+92	
-6.693520168575126658000000000000000000000e+91	
9.599119503811298616000000000000000000000e+91	
-1.433904343368855246000000000000000000000e+92	
1.957401168713101151000000000000000000000e+91	
1.773910776989628957000000000000000000000e+92	
-6.199055167603561503000000000000000000000e+91	
1.106470636189453669000000000000000000000e+92	
-1.287345657560531439000000000000000000000e+92	
4.393626587922318589000000000000000000000e+91	
2.114548869476659343000000000000000000000e+92	
-2.792674242733257645000000000000000000000e+91	
1.396276425395130178000000000000000000000e+92	
-9.975398683548549292000000000000000000000e+91	
6.783614423122572332000000000000000000000e+91	
-1.715454851437727874000000000000000000000e+92	
-3.919625766875396796000000000000000000000e+90	
1.585565337629529612000000000000000000000e+92	
-8.082509561204554954000000000000000000000e+91	
8.198136165903200126000000000000000000000e+91	
-1.574002677159665095000000000000000000000e+92	
5.444298545255560411000000000000000000000e+90	
1.631415444545793616000000000000000000000e+92	
-7.624008492041914920000000000000000000000e+91	
9.667022835556293939000000000000000000000e+91	
-1.427114010194355714000000000000000000000e+92	
3.023199288386358976000000000000000000000e+91	
1.980230405748907987000000000000000000000e+92	
-4.135858880010771207000000000000000000000e+91	
1.264680872113903547000000000000000000000e+92	
-1.129135421636081561000000000000000000000e+92	
5.494874443729634761000000000000000000000e+91	
-1.844328849377021632000000000000000000000e+92	
-1.653500546963153356000000000000000000000e+91	
1.462130387757555717000000000000000000000e+92	
-9.316859059924293909000000000000000000000e+91	
6.961759170656506398000000000000000000000e+91	
-1.697640376684334468000000000000000000000e+92	
-6.939736282285522067000000000000000000000e+90	
1.507372548371380098000000000000000000000e+92	
-8.864437453786050095000000000000000000000e+91	
8.432551326445398546000000000000000000000e+91	
-1.550561161105445253000000000000000000000e+92	
1.794682267076922158000000000000000000000e+91	
1.857973856062483006000000000000000000000e+92	
-5.358424376875021011000000000000000000000e+91	
1.143019178683845811000000000000000000000e+92	
-1.250797115066139296000000000000000000000e+92	
4.284203111585251481000000000000000000000e+91	
-1.965395982591459960000000000000000000000e+92	
-2.858229235885522919000000000000000000000e+91	
1.342251487441359238000000000000000000000e+92	
-1.051564806308625869100000000000000000000e+92	
5.768906897265164916000000000000000000000e+91	
-1.816925604023468616000000000000000000000e+92	
-1.880892126367948112000000000000000000000e+91	
1.389273780777803851000000000000000000000e+92	
-1.004542512972181256700000000000000000000e+92	
7.240608994607651378000000000000000000000e+91	
-1.669755394289219970000000000000000000000e+92	
5.917907311156438570000000000000000000000e+90	
1.736590326960530633000000000000000000000e+92	
-6.572259667894544747000000000000000000000e+91	
1.020541818711415285800000000000000000000e+92	
-1.373274475038569822000000000000000000000e+92	
3.048496646799150028000000000000000000000e+91	
1.931475877505738711000000000000000000000e+92	
-4.623404162442463969000000000000000000000e+91	
1.164667602308284372000000000000000000000e+92	
-1.229148691441700736000000000000000000000e+92	
3.982409428251575254000000000000000000000e+91	
-1.995575350924827582000000000000000000000e+92	
-3.678042908614583382000000000000000000000e+91	
1.208493901410830471000000000000000000000e+92	
-1.185322392339154637000000000000000000000e+92	
5.457774039305389932000000000000000000000e+91	
-1.848038889819446114000000000000000000000e+92	
-1.166092809515277438000000000000000000000e+91	
1.563295872613244764000000000000000000000e+92	
-8.305204211367403436000000000000000000000e+91	
8.497400229465882770000000000000000000000e+91	
-1.544076270803396831000000000000000000000e+92	
1.365392869818712215000000000000000000000e+91	
1.765655677976167154000000000000000000000e+92	
-6.281606157738179540000000000000000000000e+91	
1.001336341665931237100000000000000000000e+92	
-1.392479952084053870000000000000000000000e+92	
2.373973824055199434000000000000000000000e+91	
1.815800800879254015000000000000000000000e+92	
-5.780154928707310928000000000000000000000e+91	
1.147811768243224191000000000000000000000e+92	
-1.246004525506760917000000000000000000000e+92	
4.801551721758879479000000000000000000000e+91	
-1.913661121574097160000000000000000000000e+92	
-1.871691527656989297000000000000000000000e+91	
1.487800818043549372000000000000000000000e+92	
-9.060154757064357352000000000000000000000e+91	
7.693122417024432536000000000000000000000e+91	
-1.624504052047541854000000000000000000000e+92	
5.118123392203942545000000000000000000000e+90	
1.675369806737706479000000000000000000000e+92	
-7.184464870122786286000000000000000000000e+91	
9.107092625616526546000000000000000000000e+91	
-1.483107031188332453000000000000000000000e+92	
1.464292652435586400000000000000000000000e+91	
1.724491815383237216000000000000000000000e+92	
-6.693244783667478918000000000000000000000e+91	
1.057347017486136449900000000000000000000e+92	
-1.336469276263848658000000000000000000000e+92	
3.905342360093646459000000000000000000000e+91	
2.066015495704765508000000000000000000000e+92	
-3.278007980452195999000000000000000000000e+91	
1.348037953797845955000000000000000000000e+92	
-1.045778339952139152800000000000000000000e+92	
6.304177261262943743000000000000000000000e+91	
-1.763398567623690733000000000000000000000e+92	
-8.684536513364466426000000000000000000000e+90	
1.538210692268464736000000000000000000000e+92	
-8.556056014815203720000000000000000000000e+91	
7.718998688788341633000000000000000000000e+91	
-1.621916424871150944000000000000000000000e+92	
5.970413637831797335000000000000000000000e+89	
1.582384326736540554000000000000000000000e+92	
-8.114319670134445532000000000000000000000e+91	
9.189189063170152598000000000000000000000e+91	
-1.474897387432969848000000000000000000000e+92	
2.557836712104746672000000000000000000000e+91	
1.934940647080045644000000000000000000000e+92	
-4.588756466699394639000000000000000000000e+91	
1.220636992062064078000000000000000000000e+92	
-1.173179301687921030000000000000000000000e+92	
5.066888229045948680000000000000000000000e+91	
-1.887127470845390240000000000000000000000e+92	
-2.069040373061942312000000000000000000000e+91	
1.421820424589602826000000000000000000000e+92	
-9.719958691603822819000000000000000000000e+91	
6.571093542313231928000000000000000000000e+91	
-1.736706939518661915000000000000000000000e+92	
-1.072211441237474827000000000000000000000e+91	
1.470790930111689640000000000000000000000e+92	
-9.230253636382954681000000000000000000000e+91	
8.040949768184772942000000000000000000000e+91	
-1.589721316931507813000000000000000000000e+92	
1.377308165701299892000000000000000000000e+91	
1.813660474229658492000000000000000000000e+92	
-5.801558195203266156000000000000000000000e+91	
1.096131107133680916000000000000000000000e+92	
-1.297685186616304192000000000000000000000e+92	
3.789588312309418416000000000000000000000e+91	
2.004105658794381068000000000000000000000e+92	
-3.897106349556040393000000000000000000000e+91	
1.236974648854944320000000000000000000000e+92	
-1.156841644895040788000000000000000000000e+92	
4.702254152444934810000000000000000000000e+91	
-1.923590878505491627000000000000000000000e+92	
-2.961422320347206862000000000000000000000e+91	
1.279833707099802151000000000000000000000e+92	
-1.113982586650182956000000000000000000000e+92	
6.177027665838301594000000000000000000000e+91	
-1.776113527166154948000000000000000000000e+92	
-4.409865274670812852000000000000000000000e+90	
1.636391475101829647000000000000000000000e+92	
-7.574248186481554606000000000000000000000e+91	
9.234203085961292838000000000000000000000e+91	
-1.470395985153855824000000000000000000000e+92	
2.108039648144420334000000000000000000000e+91	
1.840504457158650749000000000000000000000e+92	
-5.533118365913343584000000000000000000000e+91	
1.076768931509949838000000000000000000000e+92	
-1.317047362240035269000000000000000000000e+92	
3.134134923673614868000000000000000000000e+91	
1.892400140559800651000000000000000000000e+92	
-5.014161531901844567000000000000000000000e+91	
1.223073977937798278000000000000000000000e+92	
-1.170742315812186829000000000000000000000e+92	
5.540809173309005124000000000000000000000e+91	
-1.839735376419084595000000000000000000000e+92	
-1.145792070350080273000000000000000000000e+91	
1.559055629134152602000000000000000000000e+92	
-8.347606646158325058000000000000000000000e+91	
8.392325826063504840000000000000000000000e+91	
-1.554583711143634624000000000000000000000e+92	
1.197677687619653086000000000000000000000e+91	
1.742623199305853938000000000000000000000e+92	
-6.511930944441311698000000000000000000000e+91	
9.806923097559869108000000000000000000000e+91	
-1.413123983993998197000000000000000000000e+92	
2.191406086031267656000000000000000000000e+91	
1.799930097123148528000000000000000000000e+92	
-5.938861966268365800000000000000000000000e+91	
1.126914608592979109000000000000000000000e+92	
-1.266901685157005999000000000000000000000e+92	
4.542340581362712338000000000000000000000e+91	
-1.939582235613713874000000000000000000000e+92	
-2.181117209348371177000000000000000000000e+91	
1.451839294760440683000000000000000000000e+92	
-9.419769989895444248000000000000000000000e+91	
7.283342610772362054000000000000000000000e+91	
-1.665482032672748902000000000000000000000e+92	
5.189292483545372305000000000000000000000e+89	
1.624366399772295762000000000000000000000e+92	
-7.694498939776893450000000000000000000000e+91	
8.703766359754082642000000000000000000000e+91	
-1.523439657774576843000000000000000000000e+92	
1.167621085337011983000000000000000000000e+91	
1.705484820689853201000000000000000000000e+92	
-6.883314730601319062000000000000000000000e+91	
1.015813527802269645700000000000000000000e+92	
-1.378002765947715462000000000000000000000e+92	
3.264854620440736874000000000000000000000e+91	
1.979462642587901689000000000000000000000e+92	
-4.143536511620834182000000000000000000000e+91	
1.238992221082828477000000000000000000000e+92	
-1.154824072667156630000000000000000000000e+92	
4.988903077928873276000000000000000000000e+91	
-1.894925985957097780000000000000000000000e+92	
-2.408432806765602373000000000000000000000e+91	
1.361753462356812720000000000000000000000e+92	
-1.032062831393172387300000000000000000000e+92	
6.431943892574557036000000000000000000000e+91	
-1.750621904492529404000000000000000000000e+92	
-7.500708019723955983000000000000000000000e+90	
1.549111066010636100000000000000000000000e+92	
-8.447052277393490071000000000000000000000e+91	
7.847697452841470410000000000000000000000e+91	
-1.609046548465838066000000000000000000000e+92	
2.080881254841658420000000000000000000000e+90	
1.599190268482320060000000000000000000000e+92	
-7.946260252676650476000000000000000000000e+91	
9.315397507199164523000000000000000000000e+91	
-1.462276543030068655000000000000000000000e+92	
2.642215010582859333000000000000000000000e+91	
1.939197544124019904000000000000000000000e+92	
-4.546187496259652036000000000000000000000e+91	
1.220715037017433772000000000000000000000e+92	
-1.173101256732551336000000000000000000000e+92	
5.025900954510878078000000000000000000000e+91	
-1.891226198298897300000000000000000000000e+92	
-2.151774585238401644000000000000000000000e+91	
1.409374387218081823000000000000000000000e+92	
-9.844419065319032849000000000000000000000e+91	
6.443039571798710631000000000000000000000e+91	
-1.749512336570114044000000000000000000000e+92	
-1.203857220134236039000000000000000000000e+91	
1.457267350136492494000000000000000000000e+92	
-9.365489436134926139000000000000000000000e+91	
7.913491178384065628000000000000000000000e+91	
-1.602467175911578545000000000000000000000e+92	
1.257622915385629510000000000000000000000e+91	
1.802468896292593435000000000000000000000e+92	
-5.913473974573916728000000000000000000000e+91	
1.085716089629640161000000000000000000000e+92	
-1.308100204120344947000000000000000000000e+92	
3.693199876908770816000000000000000000000e+91	
-2.024496306059108026000000000000000000000e+92	
-3.467195870441170655000000000000000000000e+91	
1.279559377978276675000000000000000000000e+92	
-1.114256915771708432000000000000000000000e+92	
5.124040277914094272000000000000000000000e+91	
-1.881412265958575680000000000000000000000e+92	
-2.543695339531166856000000000000000000000e+91	
1.321200692726614713000000000000000000000e+92	
-1.072615601023370395000000000000000000000e+92	
6.598722834594963055000000000000000000000e+91	
-1.733944010290488802000000000000000000000e+92	
-1.127004016073023546000000000000000000000e+89	
1.680164856492314312000000000000000000000e+92	
-7.136514372576707956000000000000000000000e+91	
9.679950236500109131000000000000000000000e+91	
-1.425821270099974194000000000000000000000e+92	
2.561796147338349642000000000000000000000e+91	
1.886680643344139276000000000000000000000e+92	
-5.071356504058458322000000000000000000000e+91	
1.123745255560488050000000000000000000000e+92	
-1.270071038189497057000000000000000000000e+92	
3.611895560801742698000000000000000000000e+91	
-2.032626737669810838000000000000000000000e+92	
-4.009866440554084886000000000000000000000e+91	
1.179178656274866200000000000000000000000e+92	
-1.214637637475118908000000000000000000000e+92	
5.083206177368885142000000000000000000000e+91	
-1.885495676013096593000000000000000000000e+92	
-1.622035564208135405000000000000000000000e+91	
1.509568157633934624000000000000000000000e+92	
-8.842481361160504835000000000000000000000e+91	
7.878829162074270322000000000000000000000e+91	
-1.605933377542558075000000000000000000000e+92	
6.655683421859742346000000000000000000000e+90	
1.687551922911087137000000000000000000000e+92	
-7.062643708388979708000000000000000000000e+91	
9.296309339473717411000000000000000000000e+91	
-1.464185359802613366000000000000000000000e+92	
1.720871377826425245000000000000000000000e+91	
1.756882536685918920000000000000000000000e+92	
-6.369337570640661876000000000000000000000e+91	
1.075450378657970970000000000000000000000e+92	
-1.318365915092014138000000000000000000000e+92	
3.943573474080752316000000000000000000000e+91	
2.055565464149480740000000000000000000000e+92	
-3.382508296005043671000000000000000000000e+91	
1.323321882570859788000000000000000000000e+92	
-1.070494411179125320000000000000000000000e+92	
5.914427149748264628000000000000000000000e+91	
-1.802373578775158645000000000000000000000e+92	
-1.400722199956892147000000000000000000000e+91	
1.470739086378192406000000000000000000000e+92	
-9.230772073717927011000000000000000000000e+91	
7.346547381525071228000000000000000000000e+91	
-1.659161555597477985000000000000000000000e+92	
-1.063284665068649587000000000000000000000e+89	
1.605547025602834267000000000000000000000e+92	
-7.882692681471508408000000000000000000000e+91	
8.781683419408509009000000000000000000000e+91	
-1.515647951809134207000000000000000000000e+92	
1.511516511588751684000000000000000000000e+91	
1.766458963090435530000000000000000000000e+92	
-6.273573306595495776000000000000000000000e+91	
1.020464369891074066100000000000000000000e+92	
-1.373351923858911041000000000000000000000e+92	
2.748410341086922245000000000000000000000e+91	
1.871550960966157240000000000000000000000e+92	
-5.222653327838278680000000000000000000000e+91	
1.164758400099213884000000000000000000000e+92	
-1.229057893650771223000000000000000000000e+92	
4.583175870637962400000000000000000000000e+91	
-1.935498706686188868000000000000000000000e+92	
-2.477716531936316288000000000000000000000e+91	
1.388452694346207455000000000000000000000e+92	
-1.005363599403777652600000000000000000000e+92	
6.312377771810948616000000000000000000000e+91	
-1.762578516568890246000000000000000000000e+92	
-1.256002985741632768000000000000000000000e+91	
1.459900469524327764000000000000000000000e+92	
-9.339158242256573430000000000000000000000e+91	
7.773764820844572978000000000000000000000e+91	
-1.616439811665527810000000000000000000000e+92	
9.519216479087665417000000000000000000000e+90	
1.755309538586418077000000000000000000000e+92	
-6.385067551635670303000000000000000000000e+91	
1.021975756889471384700000000000000000000e+92	
-1.371840536860513723000000000000000000000e+92	
2.890069317325027995000000000000000000000e+91	
1.898365071474123414000000000000000000000e+92	
-4.954512222758616938000000000000000000000e+91	
1.164778411864633927000000000000000000000e+92	
-1.229037881885351180000000000000000000000e+92	
4.315568346442931690000000000000000000000e+91	
-1.962259459105691938000000000000000000000e+92	
-3.012998418766134596000000000000000000000e+91	
1.308170390688314366000000000000000000000e+92	
-1.085645903061670741000000000000000000000e+92	
5.751423415510184999000000000000000000000e+91	
-1.818673952198966608000000000000000000000e+92	
-1.575209031995202295000000000000000000000e+91	
1.452142664871030638000000000000000000000e+92	
-9.416736288789544691000000000000000000000e+91	
7.185114893499250898000000000000000000000e+91	
-1.675304804400060018000000000000000000000e+92	
-1.475458162789980528000000000000000000000e+90	
1.594306460222509960000000000000000000000e+92	
-7.995098335274751470000000000000000000000e+91	
8.617582831260287464000000000000000000000e+91	
-1.532058010623956361000000000000000000000e+92	
1.295746715994877162000000000000000000000e+91	
1.739717634196070357000000000000000000000e+92	
-6.540986595539147507000000000000000000000e+91	
1.004684542832930840700000000000000000000e+92	
-1.389131750917054267000000000000000000000e+92	
2.700172537013108728000000000000000000000e+91	
1.877677774738947986000000000000000000000e+92	
-5.161385190110371220000000000000000000000e+91	
1.147710407230395345000000000000000000000e+92	
-1.246105886519589762000000000000000000000e+92	
4.181063209061986754000000000000000000000e+91	
-1.975709972843786432000000000000000000000e+92	
-3.111346650269556374000000000000000000000e+91	
1.301949458713289075000000000000000000000e+92	
-1.091866835036696032000000000000000000000e+92	
5.612844242380126522000000000000000000000e+91	
-1.832531869511972455000000000000000000000e+92	
-1.790120051695416774000000000000000000000e+91	
1.423022177033481453000000000000000000000e+92	
-9.707941167165036549000000000000000000000e+91	
7.055706228649968894000000000000000000000e+91	
-1.688245670884988218000000000000000000000e+92	
-1.152387883523009025000000000000000000000e+90	
1.613700684225012170000000000000000000000e+92	
-7.801156095249729379000000000000000000000e+91	
8.469315966719835360000000000000000000000e+91	
-1.546884697078001572000000000000000000000e+92	
8.054410533085763078000000000000000000000e+90	
1.656500210279217676000000000000000000000e+92	
-7.373160834707674321000000000000000000000e+91	
9.939033774999391114000000000000000000000e+91	
-1.399912916250045996000000000000000000000e+92	
3.316362977656277616000000000000000000000e+91	
2.011660996954536563000000000000000000000e+92	
-3.821552967954485444000000000000000000000e+91	
1.298224633418019788000000000000000000000e+92	
-1.095591660331965320000000000000000000000e+92	
5.851433241190547674000000000000000000000e+91	
-1.808672969630930340000000000000000000000e+92	
-1.275831076413862862000000000000000000000e+91	
1.502007351511300601000000000000000000000e+92	
-8.918089422386845064000000000000000000000e+91	
7.381618474310434046000000000000000000000e+91	
-1.655654446318941703000000000000000000000e+92	
-2.530351541038764718000000000000000000000e+90	
1.553573263788683760000000000000000000000e+92	
-8.402430299613013472000000000000000000000e+91	
8.849363687152864418000000000000000000000e+91	
-1.508879925034698666000000000000000000000e+92	
2.166322326307951212000000000000000000000e+91	
1.890622879917501313000000000000000000000e+92	
-5.031934138324837948000000000000000000000e+91	
1.171155467431542987000000000000000000000e+92	
-1.222660826318442120000000000000000000000e+92	
4.520461106414239821000000000000000000000e+91	
-1.941770183108561126000000000000000000000e+92	
-2.667053686456115737000000000000000000000e+91	
1.356863041452054438000000000000000000000e+92	
-1.036953252297930669400000000000000000000e+92	
5.939439202485968836000000000000000000000e+91	
-1.799872373501388224000000000000000000000e+92	
-1.685955207468750081000000000000000000000e+91	
1.411206719496755655000000000000000000000e+92	
-9.826095742532294528000000000000000000000e+91	
7.408039141083774334000000000000000000000e+91	
-1.653012379641607674000000000000000000000e+92	
7.073474654543805200000000000000000000000e+90	
1.742961240752861172000000000000000000000e+92	
-6.508550529971239356000000000000000000000e+91	
1.021730553149633731400000000000000000000e+92	
-1.372085740600351376000000000000000000000e+92	
3.008587987673262248000000000000000000000e+91	
1.922307988962160587000000000000000000000e+92	
-4.715083047878245210000000000000000000000e+91	
1.163109807604700350000000000000000000000e+92	
-1.230706486145284758000000000000000000000e+92	
4.042894546636331873000000000000000000000e+91	
-1.989526839086351920000000000000000000000e+92	
-3.541532578940415468000000000000000000000e+91	
1.229743671977947496000000000000000000000e+92	
-1.164072621772037611000000000000000000000e+92	
5.509230030771554670000000000000000000000e+91	
-1.842893290672829640000000000000000000000e+92	
-1.275598386993840533000000000000000000000e+91	
1.536257168508373476000000000000000000000e+92	
-8.575591252416116316000000000000000000000e+91	
8.066211790355739490000000000000000000000e+91	
-1.587195114714411158000000000000000000000e+92	
7.734830583098373399000000000000000000000e+90	
1.690400558169057268000000000000000000000e+92	
-7.034157355809278394000000000000000000000e+91	
9.492792078268738910000000000000000000000e+91	
-1.444537085923111217000000000000000000000e+92	
2.085266896460829643000000000000000000000e+91	
1.810105010056522723000000000000000000000e+92	
-5.837112836934623848000000000000000000000e+91	
1.093095958337047298000000000000000000000e+92	
-1.300720335412937810000000000000000000000e+92	
3.764437388666509083000000000000000000000e+91	
2.002110364047141845000000000000000000000e+92	
-3.917059297028432628000000000000000000000e+91	
1.234342978760136119000000000000000000000e+92	
-1.159473314989848988000000000000000000000e+92	
4.669576865055748506000000000000000000000e+91	
-1.926858607244410257000000000000000000000e+92	
-3.000457028719042059000000000000000000000e+91	
1.275294810552664724000000000000000000000e+92	
-1.118521483197320384000000000000000000000e+92	
6.145142655627134098000000000000000000000e+91	
-1.779302028187271698000000000000000000000e+92	
-4.593743029004619244000000000000000000000e+90	
1.635901749322485042000000000000000000000e+92	
-7.579145444275000658000000000000000000000e+91	
9.242789632012829351000000000000000000000e+91	
-1.469537330548702172000000000000000000000e+92	
2.130103287587223128000000000000000000000e+91	
1.844057859730644888000000000000000000000e+92	
-5.497584340193402201000000000000000000000e+91	
1.081668702332035737000000000000000000000e+92	
-1.312147591417949370000000000000000000000e+92	
3.196589613955418485000000000000000000000e+91	
1.899990638083538262000000000000000000000e+92	
-4.938256556664468461000000000000000000000e+91	
1.227808764278864004000000000000000000000e+92	
-1.166007529471121104000000000000000000000e+92	
5.559614136845242402000000000000000000000e+91	
-1.837854880065460868000000000000000000000e+92	
-1.155515801808790975000000000000000000000e+91	
1.555231806269802097000000000000000000000e+92	
-8.385844874801830107000000000000000000000e+91	
8.325587290979578158000000000000000000000e+91	
-1.561257564652027292000000000000000000000e+92	
1.102453029777393482000000000000000000000e+91	
1.730253538908127744000000000000000000000e+92	
-6.635627548418573640000000000000000000000e+91	
9.743627139860425268000000000000000000000e+91	
-1.419453579763942581000000000000000000000e+92	
2.188480715158640134000000000000000000000e+91	
1.805671614269429231000000000000000000000e+92	
-5.881446794805558767000000000000000000000e+91	
1.119883032057348268000000000000000000000e+92	
-1.273933261692636840000000000000000000000e+92	
4.344357446749442674000000000000000000000e+91	
2.091291772256497341000000000000000000000e+92	
-3.025245214934877664000000000000000000000e+91	
1.354698267412246973000000000000000000000e+92	
-1.039118026337738134600000000000000000000e+92	
6.184713413669120086000000000000000000000e+91	
-1.775344952383073099000000000000000000000e+92	
-1.173891883139369461000000000000000000000e+91	
1.489078686011756462000000000000000000000e+92	
-9.047376077382286450000000000000000000000e+91	
7.621583650375126610000000000000000000000e+91	
-1.631657928712472446000000000000000000000e+92	
3.559980883096981071000000000000000000000e+90	
1.651365027339180384000000000000000000000e+92	
-7.424512664108047238000000000000000000000e+91	
9.045568882263781805000000000000000000000e+91	
-1.489259405523606927000000000000000000000e+92	
1.581204114060828885000000000000000000000e+91	
1.754017601899669033000000000000000000000e+92	
-6.397986918503160748000000000000000000000e+91	
1.049102894730811604700000000000000000000e+92	
-1.344713399019173503000000000000000000000e+92	
3.445390008463397393000000000000000000000e+91	
1.982287935643506099000000000000000000000e+92	
-4.115283581064790089000000000000000000000e+91	
1.226596846997879955000000000000000000000e+92	
-1.167219446752105152000000000000000000000e+92	
4.712818414018668911000000000000000000000e+91	
-1.922534452348118216000000000000000000000e+92	
-2.836572683089216982000000000000000000000e+91	
1.303741520779966252000000000000000000000e+92	
-1.090074772970018855000000000000000000000e+92	
6.174127184151741220000000000000000000000e+91	
-1.776403575334810986000000000000000000000e+92	
-6.857452026981697848000000000000000000000e+90	
1.587741824725474145000000000000000000000e+92	
-8.060744690245109626000000000000000000000e+91	
8.506089058775557978000000000000000000000e+91	
-1.543207387872429310000000000000000000000e+92	
1.138428342774819378000000000000000000000e+91	
1.719405617342919192000000000000000000000e+92	
-6.744106764070659152000000000000000000000e+91	
9.940895179868129714000000000000000000000e+91	
-1.399726775763172136000000000000000000000e+92	
2.691343850291171400000000000000000000000e+91	
1.886502228814207066000000000000000000000e+92	
-5.073140649357780412000000000000000000000e+91	
1.135986622232877687000000000000000000000e+92	
-1.257829671517107420000000000000000000000e+92	
3.858445230308811474000000000000000000000e+91	
-2.007971770719103960000000000000000000000e+92	
-3.639242546743428875000000000000000000000e+91	
1.228642293312847324000000000000000000000e+92	
-1.165174000437137783000000000000000000000e+92	
5.314820857506117623000000000000000000000e+91	
-1.862334207999373345000000000000000000000e+92	
-1.653311676912592820000000000000000000000e+91	
1.480164550305068289000000000000000000000e+92	
-9.136517434449168186000000000000000000000e+91	
7.322163895347893192000000000000000000000e+91	
-1.661599904215195788000000000000000000000e+92	
-1.535954159102090080000000000000000000000e+90	
1.579398761666659223000000000000000000000e+92	
-8.144175320833258842000000000000000000000e+91	
8.771288644656359875000000000000000000000e+91	
-1.516687429284349120000000000000000000000e+92	
1.752084643124922198000000000000000000000e+91	
1.815599577259529168000000000000000000000e+92	
-5.782167164904559391000000000000000000000e+91	
1.062549351837037869000000000000000000000e+92	
-1.331266941912947239000000000000000000000e+92	
3.098738951918205788000000000000000000000e+91	
1.899535210799254034000000000000000000000e+92	
-4.942810829507310732000000000000000000000e+91	
1.207616619404685716000000000000000000000e+92	
-1.186199674345299392000000000000000000000e+92	
5.160423735473948344000000000000000000000e+91	
-1.877773920202590273000000000000000000000e+92	
-1.751876981422720696000000000000000000000e+91	
1.475888423037011379000000000000000000000e+92	
-9.179278707129737287000000000000000000000e+91	
7.335178882632447854000000000000000000000e+91	
-1.660298405486740322000000000000000000000e+92	
-8.483192670381050483000000000000000000000e+89	
1.591847186356583459000000000000000000000e+92	
-8.019691073934016482000000000000000000000e+91	
8.777724919079907428000000000000000000000e+91	
-1.516043801841994365000000000000000000000e+92	
1.640531693736295493000000000000000000000e+91	
1.792651231882069111000000000000000000000e+92	
-6.011650618679159964000000000000000000000e+91	
1.027813825041324822600000000000000000000e+92	
-1.366002468708660285000000000000000000000e+92	
2.633570530773764920000000000000000000000e+91	
1.841242916546233042000000000000000000000e+92	
-5.525733772037520653000000000000000000000e+91	
1.174314495042666789000000000000000000000e+92	
-1.219501798707318318000000000000000000000e+92	
5.077179822758859719000000000000000000000e+91	
-1.886098311474099136000000000000000000000e+92	
-1.585467869343685602000000000000000000000e+91	
1.517482212299543227000000000000000000000e+92	
-8.763340814504418802000000000000000000000e+91	
8.000521373388551094000000000000000000000e+91	
-1.593764156411129998000000000000000000000e+92	
8.297910415691632706000000000000000000000e+90	
1.708225125051258894000000000000000000000e+92	
-6.855911686987262142000000000000000000000e+91	
9.412831967832329277000000000000000000000e+91	
-1.452533096966752180000000000000000000000e+92	
1.747229507443516260000000000000000000000e+91	
1.750506386969389874000000000000000000000e+92	
-6.433099067805952332000000000000000000000e+91	
1.088148096971335428000000000000000000000e+92	
-1.305668196778649679000000000000000000000e+92	
4.261194413032096974000000000000000000000e+91	
2.106382445902346506000000000000000000000e+92	
-2.874338478476386011000000000000000000000e+91	
1.393184269179151487000000000000000000000e+92	
-1.000632024570833620500000000000000000000e+92	
6.803410281556232255000000000000000000000e+91	
-1.713475265594361882000000000000000000000e+92	
-3.214745380827347062000000000000000000000e+90	
1.597680836721029020000000000000000000000e+92	
-7.961354570289560872000000000000000000000e+91	
8.340730456563922152000000000000000000000e+91	
-1.559743248093592892000000000000000000000e+92	
7.084527752849035776000000000000000000000e+90	
1.649959533197875118000000000000000000000e+92	
-7.438567605521099892000000000000000000000e+91	
9.806902885898932728000000000000000000000e+91	
-1.413126005160091835000000000000000000000e+92	
3.117541176707590325000000000000000000000e+91	
1.985113044666147874000000000000000000000e+92	
-4.087032490838372335000000000000000000000e+91	
1.265014226275659601000000000000000000000e+92	
-1.128802067474325507000000000000000000000e+92	
5.452737778113383316000000000000000000000e+91	
-1.848542515938646776000000000000000000000e+92	
-1.741084790759550998000000000000000000000e+91	
1.448829467339094315000000000000000000000e+92	
-9.449868264108907927000000000000000000000e+91	
6.871201278892720960000000000000000000000e+91	
-1.706696165860713012000000000000000000000e+92	
-7.421013342187295368000000000000000000000e+90	
1.506800684736406615000000000000000000000e+92	
-8.870156090135784923000000000000000000000e+91	
8.337121829428800288000000000000000000000e+91	
-1.560104110807105079000000000000000000000e+92	
1.609586555591585278000000000000000000000e+91	
1.830502125864990301000000000000000000000e+92	
-5.633141678849948066000000000000000000000e+91	
1.106589749614518269000000000000000000000e+92	
-1.287226544135466839000000000000000000000e+92	
3.830376411748000736000000000000000000000e+91	
-2.010778652575185034000000000000000000000e+92	
-3.401543787478183660000000000000000000000e+91	
1.278975700627930845000000000000000000000e+92	
-1.114840593122054262000000000000000000000e+92	
5.255511107184170773000000000000000000000e+91	
-1.868265183031568030000000000000000000000e+92	
-2.274985241047080266000000000000000000000e+91	
1.361788799541212621000000000000000000000e+92	
-1.032027494208772486200000000000000000000e+92	
6.713864409803501872000000000000000000000e+91	
-1.722429852769634920000000000000000000000e+92	
-1.867232662334935160000000000000000000000e+90	
1.633574515721685699000000000000000000000e+92	
-7.602417780282994083000000000000000000000e+91	
8.923741194835546561000000000000000000000e+91	
-1.501442174266430452000000000000000000000e+92	
1.515425947454050260000000000000000000000e+91	
1.753041947917498944000000000000000000000e+92	
-6.407743458324861640000000000000000000000e+91	
1.036276892532975141500000000000000000000e+92	
-1.357539401217009966000000000000000000000e+92	
3.198685479684350180000000000000000000000e+91	
1.945778926686117307000000000000000000000e+92	
-4.480373670638678009000000000000000000000e+91	
1.178255173628039226000000000000000000000e+92	
-1.215561120121945881000000000000000000000e+92	
4.111133923545135751000000000000000000000e+91	
-1.982702901395471532000000000000000000000e+92	
-3.556466072294811862000000000000000000000e+91	
1.219937174861332473000000000000000000000e+92	
-1.173879118888652634000000000000000000000e+92	
5.587166201591507981000000000000000000000e+91	
-1.835099673590834310000000000000000000000e+92	
-1.021748664272153767600000000000000000000e+91	
1.579224741321354191000000000000000000000e+92	
-8.145915524286309169000000000000000000000e+91	
8.671626020969111520000000000000000000000e+91	
-1.526653691653073956000000000000000000000e+92	
1.554548332029600048000000000000000000000e+91	
1.786063448266526557000000000000000000000e+92	
-6.077528454834585510000000000000000000000e+91	
1.023235593393834113000000000000000000000e+92	
-1.370580700356150994000000000000000000000e+92	
2.607873733088217306000000000000000000000e+91	
1.840680789065210943000000000000000000000e+92	
-5.531355046847741642000000000000000000000e+91	
1.169506045209466033000000000000000000000e+92	
-1.224310248540519075000000000000000000000e+92	
4.986653233480056528000000000000000000000e+91	
-1.895150970401979455000000000000000000000e+92	
-1.718415427511301034000000000000000000000e+91	
1.499947470748522870000000000000000000000e+92	
-8.938688230014622374000000000000000000000e+91	
7.782795201575449314000000000000000000000e+91	
-1.615536773592440176000000000000000000000e+92	
