-1.265806678246757988000000000000000000000e+92	
3.678442186125183369000000000000000000000e+91	
-2.025972075137466771000000000000000000000e+92	
-3.919428685098629484000000000000000000000e+91	
1.190610355849223667000000000000000000000e+92	
-1.203205937900761441000000000000000000000e+92	
5.146851278942656946000000000000000000000e+91	
-1.879131165855719413000000000000000000000e+92	
-1.609037139038899883000000000000000000000e+91	
1.505805853031924726000000000000000000000e+92	
-8.880104407180603814000000000000000000000e+91	
7.790609837536215014000000000000000000000e+91	
-1.614755309996363606000000000000000000000e+92	
5.267779192637612498000000000000000000000e+90	
1.668618287540696104000000000000000000000e+92	
-7.251980062092890041000000000000000000000e+91	
9.214160784298897006000000000000000000000e+91	
-1.472400215320095407000000000000000000000e+92	
1.745857277275016451000000000000000000000e+91	
1.770089240357305889000000000000000000000e+92	
-6.237270533926792183000000000000000000000e+91	
1.065985709890695953000000000000000000000e+92	
-1.327830583859289154000000000000000000000e+92	
3.622325890120241613000000000000000000000e+91	
2.000791893319449687000000000000000000000e+92	
-3.930244004305354202000000000000000000000e+91	
1.245910770889348445000000000000000000000e+92	
-1.147905522860636663000000000000000000000e+92	
4.914053284148324972000000000000000000000e+91	
-1.902410965335152610000000000000000000000e+92	
-2.627246210678789920000000000000000000000e+91	
1.325482925556172203000000000000000000000e+92	
-1.068333368193812905000000000000000000000e+92	
6.374138414372364214000000000000000000000e+91	
-1.756402452312748686000000000000000000000e+92	
-5.031281291987280176000000000000000000000e+90	
1.604264982054305886000000000000000000000e+92	
-7.895513116956792216000000000000000000000e+91	
8.653943784054737168000000000000000000000e+91	
-1.528421915344511391000000000000000000000e+92	
1.268914867940920800000000000000000000000e+91	
1.730718314207450408000000000000000000000e+92	
-6.630979795425346998000000000000000000000e+91	
1.009059465738700170300000000000000000000e+92	
-1.384756828011284937000000000000000000000e+92	
2.877597635727050880000000000000000000000e+91	
1.908781218959643542000000000000000000000e+92	
-4.850350747903415654000000000000000000000e+91	
1.150506170512458910000000000000000000000e+92	
-1.243310123237526197000000000000000000000e+92	
3.926084910682301682000000000000000000000e+91	
1.977050182808286821000000000000000000000e+92	
-4.167661109416982866000000000000000000000e+91	
1.296069462520566298000000000000000000000e+92	
-1.097746831229418809000000000000000000000e+92	
6.154276443449141512000000000000000000000e+91	
-1.778388649405070956000000000000000000000e+92	
-6.487544037930549206000000000000000000000e+90	
1.597122229756901773000000000000000000000e+92	
-7.966940639930833342000000000000000000000e+91	
8.656678086378563426000000000000000000000e+91	
-1.528148485112128765000000000000000000000e+92	
1.345774087617243000000000000000000000000e+91	
1.745813038952583278000000000000000000000e+92	
-6.480032547974018295000000000000000000000e+91	
1.008460134696686262200000000000000000000e+92	
-1.385356159053298845000000000000000000000e+92	
2.714741871682668568000000000000000000000e+91	
1.876817203730506879000000000000000000000e+92	
-5.169990900194782286000000000000000000000e+91	
1.151753796589040526000000000000000000000e+92	
-1.242062497160944582000000000000000000000e+92	
4.270512300892299232000000000000000000000e+91	
-1.966765063660755184000000000000000000000e+92	
-2.972906753476588431000000000000000000000e+91	
1.320690090774705001000000000000000000000e+92	
-1.073126202975280106000000000000000000000e+92	
5.696406895016818020000000000000000000000e+91	
-1.824175604248303306000000000000000000000e+92	
-1.810349387396298014000000000000000000000e+91	
1.410625210021697698000000000000000000000e+92	
-9.831910837282874091000000000000000000000e+91	
7.151371724903146750000000000000000000000e+91	
-1.678679121259670433000000000000000000000e+92	
1.999525689427521316000000000000000000000e+90	
1.667161480965564660000000000000000000000e+92	
-7.266548127844204470000000000000000000000e+91	
9.208829949133230009000000000000000000000e+91	
-1.472933298836662107000000000000000000000e+92	
1.749759075623654228000000000000000000000e+91	
1.771402224065247020000000000000000000000e+92	
-6.224140696847380877000000000000000000000e+91	
1.065344684206663961000000000000000000000e+92	
-1.328471609543321147000000000000000000000e+92	
3.596385263833886663000000000000000000000e+91	
1.996245765709623799000000000000000000000e+92	
-3.975705280403613082000000000000000000000e+91	
1.239413549778031058000000000000000000000e+92	
-1.154402743971954050000000000000000000000e+92	
4.829579847982482684000000000000000000000e+91	
-1.910858308951736839000000000000000000000e+92	
-2.731211166767390842000000000000000000000e+91	
1.313138247985034974000000000000000000000e+92	
-1.080678045764950134000000000000000000000e+92	
6.292072872449033915000000000000000000000e+91	
-1.764609006505081716000000000000000000000e+92	
-5.438330314376533024000000000000000000000e+90	
1.604328497413391707000000000000000000000e+92	
-7.894877963365934005000000000000000000000e+91	
8.695898419864677958000000000000000000000e+91	
-1.524226451763517312000000000000000000000e+92	
1.352168422598069007000000000000000000000e+91	
1.743171506244070386000000000000000000000e+92	
-6.506447875059147218000000000000000000000e+91	
1.012763216506174069000000000000000000000e+92	
-1.381053077243811039000000000000000000000e+92	
2.827184273853871376000000000000000000000e+91	
1.894999147964886787000000000000000000000e+92	
-4.988171457850983204000000000000000000000e+91	
1.155234156285192704000000000000000000000e+92	
-1.238582137464792404000000000000000000000e+92	
4.158373217509881499000000000000000000000e+91	
-1.977978971998996958000000000000000000000e+92	
-3.231915388576481178000000000000000000000e+91	
1.280109581316238915000000000000000000000e+92	
-1.113706712433746192000000000000000000000e+92	
5.601704410393244012000000000000000000000e+91	
-1.833645852710660706000000000000000000000e+92	
-1.594104087780633924000000000000000000000e+91	
1.463329043540178905000000000000000000000e+92	
-9.304872502098062027000000000000000000000e+91	
7.020200790636830012000000000000000000000e+91	
-1.691796214686302106000000000000000000000e+92	
-5.891000652782983652000000000000000000000e+90	
1.522500788195549871000000000000000000000e+92	
-8.713155055544352369000000000000000000000e+91	
8.485449472185506678000000000000000000000e+91	
-1.545271346531434440000000000000000000000e+92	
1.749245122980568459000000000000000000000e+91	
1.843601506499000846000000000000000000000e+92	
-5.502147872509842614000000000000000000000e+91	
1.118823085360815503000000000000000000000e+92	
-1.274993208389169605000000000000000000000e+92	
3.944053630359554780000000000000000000000e+91	
-1.999410930714029630000000000000000000000e+92	
-3.296518399837294694000000000000000000000e+91	
1.288613486868639502000000000000000000000e+92	
-1.105202806881345606000000000000000000000e+92	
5.370053310096835220000000000000000000000e+91	
-1.856810962740301586000000000000000000000e+92	
-2.142287737434482303000000000000000000000e+91	
1.376873176441782838000000000000000000000e+92	
-1.016943117308202270100000000000000000000e+92	
6.826115439917208180000000000000000000000e+91	
-1.711204749758264290000000000000000000000e+92	
-1.130457686519903078000000000000000000000e+90	
1.637086831906755026000000000000000000000e+92	
-7.567294618432300815000000000000000000000e+91	
8.920329208203202774000000000000000000000e+91	
-1.501783372929664830000000000000000000000e+92	
1.473497990037569506000000000000000000000e+91	
1.744999471912914648000000000000000000000e+92	
-6.488168218370704598000000000000000000000e+91	
1.036389456915121092900000000000000000000e+92	
-1.357426836834864015000000000000000000000e+92	
3.281320942370794414000000000000000000000e+91	
1.962189398360812998000000000000000000000e+92	
-4.316268953891721095000000000000000000000e+91	
1.202808516247118477000000000000000000000e+92	
-1.191007777502866630000000000000000000000e+92	
4.438055534740825182000000000000000000000e+91	
-1.950010740275902589000000000000000000000e+92	
-3.148196780365450468000000000000000000000e+91	
1.268894823716279609000000000000000000000e+92	
-1.124921470033705498000000000000000000000e+92	
5.904073041206140752000000000000000000000e+91	
-1.803408989629371032000000000000000000000e+92	
-8.774255414844907312000000000000000000000e+90	
1.576407270851647280000000000000000000000e+92	
-8.174090228983378279000000000000000000000e+91	
8.471039335385193378000000000000000000000e+91	
-1.546712360211465770000000000000000000000e+92	
1.181635469433644105000000000000000000000e+91	
1.731548120423025322000000000000000000000e+92	
-6.622681733269597852000000000000000000000e+91	
9.896682490904464698000000000000000000000e+91	
-1.404148044659538638000000000000000000000e+92	
2.481575874106596626000000000000000000000e+91	
1.848978141625639155000000000000000000000e+92	
-5.448381521243459525000000000000000000000e+91	
1.133519771392535385000000000000000000000e+92	
-1.260296522357449723000000000000000000000e+92	
4.184174616844144862000000000000000000000e+91	
2.045633225287146556000000000000000000000e+92	
-3.481830684628385510000000000000000000000e+91	
1.279414207466218937000000000000000000000e+92	
-1.114402086283766171000000000000000000000e+92	
5.135765121052527279000000000000000000000e+91	
-1.880239781644732380000000000000000000000e+92	
-2.518800505676253887000000000000000000000e+91	
1.325006519755848519000000000000000000000e+92	
-1.068809773994136589000000000000000000000e+92	
6.608881863889032401000000000000000000000e+91	
-1.732928107361081868000000000000000000000e+92	
-2.899636731369486905000000000000000000000e+89	
1.675605075896448052000000000000000000000e+92	
-7.182112178535370551000000000000000000000e+91	
9.606494822470633587000000000000000000000e+91	
-1.433166811502921749000000000000000000000e+92	
2.460496989069934183000000000000000000000e+91	
1.873767738786632588000000000000000000000e+92	
-5.200485549633525198000000000000000000000e+91	
1.108050747275930230000000000000000000000e+92	
-1.285765546474054877000000000000000000000e+92	
3.427148283829078098000000000000000000000e+91	
1.919721982445724460000000000000000000000e+92	
-4.740943113042606474000000000000000000000e+91	
1.254546704067927644000000000000000000000e+92	
-1.139269589682057463000000000000000000000e+92	
5.897024619442010500000000000000000000000e+91	
-1.804113831805784058000000000000000000000e+92	
-7.481090867150861344000000000000000000000e+90	
1.602968617542429466000000000000000000000e+92	
-7.908476762075556418000000000000000000000e+91	
8.872881983810233077000000000000000000000e+91	
-1.506528095368961800000000000000000000000e+92	
1.719639502511813156000000000000000000000e+91	
1.798957885883776975000000000000000000000e+92	
-5.948584078662081324000000000000000000000e+91	
1.032517150489329385800000000000000000000e+92	
-1.361299143260655722000000000000000000000e+92	
2.664578478965191976000000000000000000000e+91	
1.842741978264253890000000000000000000000e+92	
-5.510743154857312176000000000000000000000e+91	
1.179200084472130638000000000000000000000e+92	
-1.214616209277854470000000000000000000000e+92	
5.159884140513200264000000000000000000000e+91	
-1.877827879698665081000000000000000000000e+92	
-1.468931973396858078000000000000000000000e+91	
1.532517276025087607000000000000000000000e+92	
-8.612990177248975008000000000000000000000e+91	
8.184669923447922088000000000000000000000e+91	
-1.575349301405192899000000000000000000000e+92	
1.047720684302768151800000000000000000000e+91	
1.733394517416157032000000000000000000000e+92	
-6.604217763338280760000000000000000000000e+91	
9.685814849164911516000000000000000000000e+91	
-1.425234808833493956000000000000000000000e+92	
2.041490751632989888000000000000000000000e+91	
1.782059288718626576000000000000000000000e+92	
-6.117570050313585316000000000000000000000e+91	
1.115159149547901189000000000000000000000e+92	
-1.278657144202083919000000000000000000000e+92	
4.485909050387574331000000000000000000000e+91	
-1.945225388711227674000000000000000000000e+92	
-2.176456099820587096000000000000000000000e+91	
1.458411629380093585000000000000000000000e+92	
-9.354046643698915227000000000000000000000e+91	
7.410097804934465651000000000000000000000e+91	
-1.652806513256538542000000000000000000000e+92	
2.396495933834331449000000000000000000000e+90	
1.649239178219306794000000000000000000000e+92	
-7.445771155306783140000000000000000000000e+91	
8.823171253235344467000000000000000000000e+91	
-1.511499168426450661000000000000000000000e+92	
1.157767447655756771000000000000000000000e+91	
1.691580036585128561000000000000000000000e+92	
-7.022362571648565468000000000000000000000e+91	
1.029259190366689988900000000000000000000e+92	
-1.364557103383295119000000000000000000000e+92	
3.672679598436202610000000000000000000000e+91	
2.047568370962527279000000000000000000000e+92	
-3.462479227874578282000000000000000000000e+91	
1.334407582143085253000000000000000000000e+92	
-1.059408711606899854000000000000000000000e+92	
6.216017104165575842000000000000000000000e+91	
-1.772214583333427524000000000000000000000e+92	
-9.084942084783044864000000000000000000000e+90	
1.539016201792743460000000000000000000000e+92	
-8.548000919572416481000000000000000000000e+91	
7.754457242603920344000000000000000000000e+91	
-1.618370569489593073000000000000000000000e+92	
1.225525109503580751000000000000000000000e+90	
1.591406783166467816000000000000000000000e+92	
-8.024095105835172916000000000000000000000e+91	
9.221376240040794408000000000000000000000e+91	
-1.471678669745905667000000000000000000000e+92	
2.532015384880148944000000000000000000000e+91	
1.926560550843971365000000000000000000000e+92	
-4.672557429060137428000000000000000000000e+91	
1.206461817771569208000000000000000000000e+92	
-1.187354475978415900000000000000000000000e+92	
4.867214545828739646000000000000000000000e+91	
-1.907094839167111143000000000000000000000e+92	
-2.326607170712318208000000000000000000000e+91	
1.390277314534586834000000000000000000000e+92	
-1.003538979215398273000000000000000000000e+92	
6.286467396480273068000000000000000000000e+91	
-1.765169554101957801000000000000000000000e+92	
-1.326047962984340096000000000000000000000e+91	
1.448484708045457538000000000000000000000e+92	
-9.453315857045275690000000000000000000000e+91	
7.753083679305523110000000000000000000000e+91	
-1.618507925819432797000000000000000000000e+92	
1.024670459397471820400000000000000000000e+91	
1.771922765331036480000000000000000000000e+92	
-6.218935284189486270000000000000000000000e+91	
1.047922681836817951600000000000000000000e+92	
-1.345893611913167156000000000000000000000e+92	
3.242829098024165095000000000000000000000e+91	
1.942965459898148358000000000000000000000e+92	
-4.508508338518367492000000000000000000000e+91	
1.189592396071891442000000000000000000000e+92	
-1.204223897678093665000000000000000000000e+92	
4.365942616891560911000000000000000000000e+91	
-1.957222032060829016000000000000000000000e+92	
-3.160291298403334889000000000000000000000e+91	
1.273684224971701281000000000000000000000e+92	
-1.120132068778283826000000000000000000000e+92	
5.824993653116863658000000000000000000000e+91	
-1.811316928438298742000000000000000000000e+92	
-1.083415139656393293000000000000000000000e+91	
1.543123605937490618000000000000000000000e+92	
-8.506926878124944897000000000000000000000e+91	
8.011418762954678060000000000000000000000e+91	
-1.592674417454517302000000000000000000000e+92	
5.952940699782871102000000000000000000000e+90	
1.660248204261319096000000000000000000000e+92	
-7.335680894886660114000000000000000000000e+91	
9.452595671967738493000000000000000000000e+91	
-1.448556726553211258000000000000000000000e+92	
2.306267568861838920000000000000000000000e+91	
1.858311786231759686000000000000000000000e+92	
-5.355045075182254218000000000000000000000e+91	
1.092561800615270172000000000000000000000e+92	
-1.301254493134714936000000000000000000000e+92	
3.271929040365616033000000000000000000000e+91	
1.904167096825621377000000000000000000000e+92	
-4.896491969243637308000000000000000000000e+91	
1.239082522085706943000000000000000000000e+92	
-1.154733771664278165000000000000000000000e+92	
5.743289384595913226000000000000000000000e+91	
-1.819487355290393785000000000000000000000e+92	
-9.009381877631366158000000000000000000000e+90	
1.587776275722076335000000000000000000000e+92	
-8.060400180279087724000000000000000000000e+91	
8.721863797722124454000000000000000000000e+91	
-1.521629913977772662000000000000000000000e+92	
1.569526098034328684000000000000000000000e+91	
1.784036978569032781000000000000000000000e+92	
-6.097793151809523270000000000000000000000e+91	
1.017686631301939656000000000000000000000e+92	
-1.376129662448045452000000000000000000000e+92	
2.517176718532320979000000000000000000000e+91	
1.828092100404204539000000000000000000000e+92	
-5.657241933457805688000000000000000000000e+91	
1.164378928315232283000000000000000000000e+92	
-1.229437365434752825000000000000000000000e+92	
5.009960648372487230000000000000000000000e+91	
-1.892820228912736384000000000000000000000e+92	
-1.620566544136738563000000000000000000000e+91	
1.517182796246038848000000000000000000000e+92	
-8.766334975039462599000000000000000000000e+91	
8.029615749731594482000000000000000000000e+91	
-1.590854718776825659000000000000000000000e+92	
8.909579853617972614000000000000000000000e+90	
1.717547480027378226000000000000000000000e+92	
-6.762688137226068818000000000000000000000e+91	
9.525637650184978902000000000000000000000e+91	
-1.441252528731487217000000000000000000000e+92	
1.879607576992637352000000000000000000000e+91	
1.765700458589448418000000000000000000000e+92	
-6.281158351605366896000000000000000000000e+91	
1.099183104052897108000000000000000000000e+92	
-1.294633189697087999000000000000000000000e+92	
4.329974536783772532000000000000000000000e+91	
-1.960818840071607854000000000000000000000e+92	
-2.328566576125601036000000000000000000000e+91	
1.443582795169484608000000000000000000000e+92	
-9.502334985805004999000000000000000000000e+91	
7.265629694874546173000000000000000000000e+91	
-1.667253324262530490000000000000000000000e+92	
9.899981416357094245000000000000000000000e+89	
1.635555843355331320000000000000000000000e+92	
-7.582604503946537870000000000000000000000e+91	
8.678448539030149485000000000000000000000e+91	
-1.525971439846970159000000000000000000000e+92	
1.005159294167576388500000000000000000000e+91	
1.675531069740858896000000000000000000000e+92	
-7.182852240091262116000000000000000000000e+91	
1.014899237129118680300000000000000000000e+92	
-1.378917056620866427000000000000000000000e+92	
3.545961796452220584000000000000000000000e+91	
2.036583923654100461000000000000000000000e+92	
-3.572323700958846469000000000000000000000e+91	
1.325109627993543778000000000000000000000e+92	
-1.068706665756441330000000000000000000000e+92	
6.139894101127215088000000000000000000000e+91	
-1.779826883637263599000000000000000000000e+92	
-9.677690620144165787000000000000000000000e+90	
1.534772692911367855000000000000000000000e+92	
-8.590436008386172529000000000000000000000e+91	
7.728853537905461981000000000000000000000e+91	
-1.620930939959438910000000000000000000000e+92	
1.137718139308977236000000000000000000000e+90	
1.592210177005659926000000000000000000000e+92	
-8.016061167443251819000000000000000000000e+91	
9.193827119212533416000000000000000000000e+91	
-1.474433581828731766000000000000000000000e+92	
2.468900913371114788000000000000000000000e+91	
1.916694338597635039000000000000000000000e+92	
-4.771219551523500685000000000000000000000e+91	
1.193042609521586455000000000000000000000e+92	
-1.200773684228398652000000000000000000000e+92	
4.697510185406104596000000000000000000000e+91	
-1.924065275209374648000000000000000000000e+92	
-2.531806135743914915000000000000000000000e+91	
1.366209724022372191000000000000000000000e+92	
-1.027606569727612916300000000000000000000e+92	
6.121169284160079534000000000000000000000e+91	
-1.781699365333977154000000000000000000000e+92	
-1.416005795595720151000000000000000000000e+91	
1.447019203312793241000000000000000000000e+92	
-9.467970904371918669000000000000000000000e+91	
7.579141470555094536000000000000000000000e+91	
-1.635902146694475654000000000000000000000e+92	
6.915203612992839066000000000000000000000e+90	
1.722694889848929162000000000000000000000e+92	
-6.711214039010559458000000000000000000000e+91	
9.827898600017578374000000000000000000000e+91	
-1.411026433748227270000000000000000000000e+92	
2.432530569925497542000000000000000000000e+91	
1.846046487552393636000000000000000000000e+92	
-5.477698061975914718000000000000000000000e+91	
1.126418348498766169000000000000000000000e+92	
-1.267397945251218939000000000000000000000e+92	
4.071483451294003290000000000000000000000e+91	
-1.986667948620584779000000000000000000000e+92	
-3.117637007882679166000000000000000000000e+91	
1.311644222587592520000000000000000000000e+92	
-1.082172071162392588000000000000000000000e+92	
5.491255870098444992000000000000000000000e+91	
-1.844690706740140608000000000000000000000e+92	
-2.130135676686797845000000000000000000000e+91	
1.367188759682325511000000000000000000000e+92	
-1.026627534067659596200000000000000000000e+92	
6.959988980169232170000000000000000000000e+91	
-1.697817395733061890000000000000000000000e+92	
2.514306586945087393000000000000000000000e+90	
1.696583286989899635000000000000000000000e+92	
-6.972330067600854729000000000000000000000e+91	
9.745667176024203260000000000000000000000e+91	
-1.419249576147564782000000000000000000000e+92	
2.529094725438443066000000000000000000000e+91	
1.873573562975752509000000000000000000000e+92	
-5.202427307742325984000000000000000000000e+91	
1.116102008329948600000000000000000000000e+92	
-1.277714285420036508000000000000000000000e+92	
3.590074228141852401000000000000000000000e+91	
-2.034808870935799868000000000000000000000e+92	
-3.977103811768995044000000000000000000000e+91	
1.187910598830392528000000000000000000000e+92	
-1.205905694919592580000000000000000000000e+92	
5.054990158371105154000000000000000000000e+91	
-1.888317277912874592000000000000000000000e+92	
-1.765729529499443210000000000000000000000e+91	
1.483656713439899286000000000000000000000e+92	
-9.101595803100858214000000000000000000000e+91	
7.504351684528568620000000000000000000000e+91	
-1.643381125297128246000000000000000000000e+92	
1.757852414920702099000000000000000000000e+90	
1.627048788915358772000000000000000000000e+92	
-7.667675048346263351000000000000000000000e+91	
8.935907337861532345000000000000000000000e+91	
-1.500225559963831873000000000000000000000e+92	
1.604976970437999812000000000000000000000e+91	
1.769731687016130251000000000000000000000e+92	
-6.240846067338548562000000000000000000000e+91	
1.036581106659622217900000000000000000000e+92	
-1.357235187090362890000000000000000000000e+92	
3.037953916697018610000000000000000000000e+91	
1.913336550450354271000000000000000000000e+92	
-4.804797432996308362000000000000000000000e+91	
1.179342518868614757000000000000000000000e+92	
-1.214473774881370351000000000000000000000e+92	
4.457137724118982564000000000000000000000e+91	
-1.948102521338086851000000000000000000000e+92	
-2.875498707104046860000000000000000000000e+91	
1.321513597787261477000000000000000000000e+92	
-1.072302695962723631000000000000000000000e+92	
5.893280885833725057000000000000000000000e+91	
-1.804488205166612602000000000000000000000e+92	
-1.424930355386738163000000000000000000000e+91	
1.468012234064128816000000000000000000000e+92	
-9.258040596858562915000000000000000000000e+91	
7.325789989540589566000000000000000000000e+91	
-1.661237294795926151000000000000000000000e+92	
-2.488234785870850757000000000000000000000e+89	
1.604772540682971635000000000000000000000e+92	
-7.890437530670134724000000000000000000000e+91	
8.760188086115417107000000000000000000000e+91	
-1.517797485138443397000000000000000000000e+92	
1.476277537373053104000000000000000000000e+91	
1.761561385553228123000000000000000000000e+92	
-6.322549081967569844000000000000000000000e+91	
1.018479486700052612200000000000000000000e+92	
-1.375336807049932495000000000000000000000e+92	
2.757673957099463133000000000000000000000e+91	
1.875387118527173624000000000000000000000e+92	
-5.184291752228114833000000000000000000000e+91	
1.162433562224938753000000000000000000000e+92	
-1.231382731525046354000000000000000000000e+92	
4.498348198826870302000000000000000000000e+91	
-1.943981473867298077000000000000000000000e+92	
-2.624092850790305532000000000000000000000e+91	
1.367663260833909124000000000000000000000e+92	
-1.026153032916075983400000000000000000000e+92	
6.042996035948935518000000000000000000000e+91	
-1.789516690155091556000000000000000000000e+92	
-1.586841522049077393000000000000000000000e+91	
1.420673994355522393000000000000000000000e+92	
-9.731422993944627150000000000000000000000e+91	
7.511979274736594570000000000000000000000e+91	
-1.642618366276325651000000000000000000000e+92	
8.205503720941043430000000000000000000000e+90	
1.755207347737226407000000000000000000000e+92	
-6.386089460127587004000000000000000000000e+91	
1.034902015705508259100000000000000000000e+92	
-1.358914278044476848000000000000000000000e+92	
3.149551563751269533000000000000000000000e+91	
1.937328781331489970000000000000000000000e+92	
-4.564875124184951376000000000000000000000e+91	
1.176154658367710438000000000000000000000e+92	
-1.217661635382274669000000000000000000000e+92	
4.153593471826478892000000000000000000000e+91	
-1.978456946567337218000000000000000000000e+92	
-3.450573407460857726000000000000000000000e+91	
1.236866596138636516000000000000000000000e+92	
-1.156949697611348592000000000000000000000e+92	
5.622102918091476226000000000000000000000e+91	
-1.831606001940837485000000000000000000000e+92	
-1.121102578658467127000000000000000000000e+91	
1.555866970005099585000000000000000000000e+92	
-8.379493237448855224000000000000000000000e+91	
8.303891307880198280000000000000000000000e+91	
-1.563427162961965280000000000000000000000e+92	
1.052723384620551322000000000000000000000e+91	
1.722478603331522593000000000000000000000e+92	
-6.713376904184625150000000000000000000000e+91	
9.725259752997971852000000000000000000000e+91	
-1.421290318450187922000000000000000000000e+92	
2.229465744711618698000000000000000000000e+91	
1.815702405088185158000000000000000000000e+92	
-5.781138886617999492000000000000000000000e+91	
1.117350238042675022000000000000000000000e+92	
-1.276466055707310085000000000000000000000e+92	
4.193456183172698116000000000000000000000e+91	
-1.974470675432715296000000000000000000000e+92	
-2.783116270511066887000000000000000000000e+91	
1.366340519046239711000000000000000000000e+92	
-1.027475774703745396700000000000000000000e+92	
6.175492061954704746000000000000000000000e+91	
-1.776267087554514633000000000000000000000e+92	
-1.308694574012694317000000000000000000000e+91	
1.463046532786215475000000000000000000000e+92	
-9.307697609637696330000000000000000000000e+91	
7.627154678326983074000000000000000000000e+91	
-1.631100825917286800000000000000000000000e+92	
6.273293503286628609000000000000000000000e+90	
1.705060950919217111000000000000000000000e+92	
-6.887553428307679968000000000000000000000e+91	
9.539466645019997372000000000000000000000e+91	
-1.439869629247985370000000000000000000000e+92	
2.032061834077346546000000000000000000000e+91	
1.794801511591279166000000000000000000000e+92	
-5.990147821587059418000000000000000000000e+91	
1.098932627502183660000000000000000000000e+92	
-1.294883666247801447000000000000000000000e+92	
4.034100548834641855000000000000000000000e+91	
2.050195811372780116000000000000000000000e+92	
-3.436204823772049910000000000000000000000e+91	
1.303537047084993518000000000000000000000e+92	
-1.090279246664991590000000000000000000000e+92	
5.572498707506876868000000000000000000000e+91	
-1.836566422999297421000000000000000000000e+92	
-1.886659025574613185000000000000000000000e+91	
1.407751732310949021000000000000000000000e+92	
-9.860645614390360868000000000000000000000e+91	
7.022028621544945882000000000000000000000e+91	
-1.691613431595490520000000000000000000000e+92	
-2.994879115135525486000000000000000000000e+89	
1.634120523742245742000000000000000000000e+92	
-7.596957700077393658000000000000000000000e+91	
8.777962184452213792000000000000000000000e+91	
-1.516020075304763728000000000000000000000e+92	
1.218483113292871091000000000000000000000e+91	
1.708238805058918402000000000000000000000e+92	
-6.855774886910667054000000000000000000000e+91	
1.023497727221417245800000000000000000000e+92	
-1.370318566528567862000000000000000000000e+92	
3.390974229044955887000000000000000000000e+91	
1.996999912501871797000000000000000000000e+92	
-3.968163812481133106000000000000000000000e+91	
1.261452348883094791000000000000000000000e+92	
-1.132363944866890316000000000000000000000e+92	
5.262708435320643238000000000000000000000e+91	
-1.867545450217920784000000000000000000000e+92	
-2.085447857265974895000000000000000000000e+91	
1.398967469008087816000000000000000000000e+92	
-9.948488247418972910000000000000000000000e+91	
6.699592027838499563000000000000000000000e+91	
-1.723857090966135151000000000000000000000e+92	
-5.868625956976674574000000000000000000000e+90	
1.554993091377162133000000000000000000000e+92	
-8.388232023728229743000000000000000000000e+91	
8.127276490231885292000000000000000000000e+91	
-1.581088644726796578000000000000000000000e+92	
7.083160820825252354000000000000000000000e+90	
1.671266975078832029000000000000000000000e+92	
-7.225493186711530783000000000000000000000e+91	
9.568630932022154035000000000000000000000e+91	
-1.436953200547769704000000000000000000000e+92	
2.428147470657814126000000000000000000000e+91	
1.871083949716568921000000000000000000000e+92	
-5.227323440334161866000000000000000000000e+91	
1.105917846681103482000000000000000000000e+92	
-1.287898447068881626000000000000000000000e+92	
3.411325421039150115000000000000000000000e+91	
-2.052683751646070096000000000000000000000e+92	
-4.232721535260915504000000000000000000000e+91	
1.154665760359997458000000000000000000000e+92	
-1.239150533389987650000000000000000000000e+92	
4.885529228466174607000000000000000000000e+91	
-1.905263370903367647000000000000000000000e+92	
-1.772284118197895373000000000000000000000e+91	
1.499283781368210073000000000000000000000e+92	
-8.945325123817750350000000000000000000000e+91	
7.823366598915837172000000000000000000000e+91	
-1.611479633858401390000000000000000000000e+92	
6.574633984335494614000000000000000000000e+90	
1.691474833640669869000000000000000000000e+92	
-7.023414601093152384000000000000000000000e+91	
9.237692861804750818000000000000000000000e+91	
-1.470047007569510026000000000000000000000e+92	
1.564458009780356279000000000000000000000e+91	
1.731466377878999121000000000000000000000e+92	
-6.623499158709859862000000000000000000000e+91	
1.070747627363631122000000000000000000000e+92	
-1.323068666386353986000000000000000000000e+92	
4.103576952323403814000000000000000000000e+91	
2.092258607828530846000000000000000000000e+92	
-3.015576859214542620000000000000000000000e+91	
1.380697523968475919000000000000000000000e+92	
-1.013118769781509188900000000000000000000e+92	
6.694905610798401925000000000000000000000e+91	
-1.724325732670144915000000000000000000000e+92	
-4.136245707194786661000000000000000000000e+90	
1.590100483351941544000000000000000000000e+92	
-8.037158103980435641000000000000000000000e+91	
8.281265286694306420000000000000000000000e+91	
-1.565689765080554466000000000000000000000e+92	
6.653178381605231772000000000000000000000e+90	
1.647278250057015987000000000000000000000e+92	
-7.465380436929691206000000000000000000000e+91	
9.745595950465334085000000000000000000000e+91	
-1.419256698703451699000000000000000000000e+92	
3.021757303850559950000000000000000000000e+91	
1.972088679443933320000000000000000000000e+92	
-4.217276143060517875000000000000000000000e+91	
1.248545598068864241000000000000000000000e+92	
-1.145270695681120867000000000000000000000e+92	
5.253626007184154393000000000000000000000e+91	
-1.868453693031569668000000000000000000000e+92	
-1.974604918096021249000000000000000000000e+91	
1.422038331357498455000000000000000000000e+92	
-9.717779623924866523000000000000000000000e+91	
6.676407562572520818000000000000000000000e+91	
-1.726175537492733026000000000000000000000e+92	
-8.638137953329892401000000000000000000000e+90	
1.501933927127520372000000000000000000000e+92	
-8.918823666224647354000000000000000000000e+91	
8.133989654668170542000000000000000000000e+91	
-1.580417328283168053000000000000000000000e+92	
1.252066654201476390000000000000000000000e+91	
1.779319046441587531000000000000000000000e+92	
-6.144972473083975766000000000000000000000e+91	
1.039983260461510199300000000000000000000e+92	
-1.353833033288474908000000000000000000000e+92	
3.010154180251068770000000000000000000000e+91	
1.904377526004453288000000000000000000000e+92	
-4.894387677455318192000000000000000000000e+91	
1.183467673917224493000000000000000000000e+92	
-1.210348619832760615000000000000000000000e+92	
4.629165953814405392000000000000000000000e+91	
-1.930899698368544568000000000000000000000e+92	
-2.572758881529080664000000000000000000000e+91	
1.364852234838721781000000000000000000000e+92	
-1.028964058911263326400000000000000000000e+92	
6.049693435042875210000000000000000000000e+91	
-1.788846950245697586000000000000000000000e+92	
-1.545353786557107632000000000000000000000e+91	
1.428300070141836148000000000000000000000e+92	
-9.655162236081489591000000000000000000000e+91	
7.514573091900171808000000000000000000000e+91	
-1.642358984559967927000000000000000000000e+92	
7.495139102154181426000000000000000000000e+90	
1.740744337986328945000000000000000000000e+92	
-6.530719557636561627000000000000000000000e+91	
1.013083304909155079300000000000000000000e+92	
-1.380732988840830028000000000000000000000e+92	
2.857844052281743242000000000000000000000e+91	
1.900809648706984824000000000000000000000e+92	
-4.930066450430002836000000000000000000000e+91	
1.155230643292832845000000000000000000000e+92	
-1.238585650457152262000000000000000000000e+92	
4.100226884710410288000000000000000000000e+91	
-1.983793605278944079000000000000000000000e+92	
-3.348144004182869471000000000000000000000e+91	
1.262681382042545316000000000000000000000e+92	
-1.131134911707439792000000000000000000000e+92	
5.550472308071381514000000000000000000000e+91	
-1.838769062942846956000000000000000000000e+92	
-1.522347537643963048000000000000000000000e+91	
1.482797443051660975000000000000000000000e+92	
-9.110188506983241327000000000000000000000e+91	
7.243909684576814245000000000000000000000e+91	
-1.669425325292303683000000000000000000000e+92	
-3.363807172679286190000000000000000000000e+90	
1.550672324647016148000000000000000000000e+92	
-8.431439691029689594000000000000000000000e+91	
8.705442438782037268000000000000000000000e+91	
-1.523272049871781381000000000000000000000e+92	
1.907546408903076058000000000000000000000e+91	
1.853265537219561485000000000000000000000e+92	
-5.405507565304236222000000000000000000000e+91	
1.122324086877461370000000000000000000000e+92	
-1.271492206872523738000000000000000000000e+92	
3.917464024892849788000000000000000000000e+91	
-2.002069891260700129000000000000000000000e+92	
-3.384676969795349884000000000000000000000e+91	
1.273643797512223717000000000000000000000e+92	
-1.120172496237761391000000000000000000000e+92	
5.350745743064170756000000000000000000000e+91	
-1.858741719443568032000000000000000000000e+92	
-2.031270868492518947000000000000000000000e+91	
1.401000821107149292000000000000000000000e+92	
-9.928154726428358154000000000000000000000e+91	
6.791495732636358292000000000000000000000e+91	
-1.714666720486349278000000000000000000000e+92	
-4.234243252616738498000000000000000000000e+90	
1.578486814940266113000000000000000000000e+92	
-8.153294788097189950000000000000000000000e+91	
8.210637221069210528000000000000000000000e+91	
-1.572752571643064055000000000000000000000e+92	
6.401757428573733808000000000000000000000e+90	
1.649310373869050081000000000000000000000e+92	
-7.445059198809350262000000000000000000000e+91	
9.669709766500521699000000000000000000000e+91	
-1.426845317099932938000000000000000000000e+92	
2.849711577127527481000000000000000000000e+91	
1.945272938045701671000000000000000000000e+92	
-4.485433557042834362000000000000000000000e+91	
1.212123471112983789000000000000000000000e+92	
-1.181692822637001318000000000000000000000e+92	
4.793388689927389358000000000000000000000e+91	
-1.914477424757246172000000000000000000000e+92	
-2.530810498964674104000000000000000000000e+91	
1.356825722939993336000000000000000000000e+92	
-1.036990570809991771200000000000000000000e+92	
6.228085492874063734000000000000000000000e+91	
-1.771007744462578734000000000000000000000e+92	
-1.108433277230960024000000000000000000000e+91	
1.497832100097838793000000000000000000000e+92	
-8.959841936521463144000000000000000000000e+91	
7.662297839428961580000000000000000000000e+91	
-1.627586509807088950000000000000000000000e+92	
3.499156263345015676000000000000000000000e+90	
1.646079444956948463000000000000000000000e+92	
-7.477368487930366446000000000000000000000e+91	
9.091735778908996690000000000000000000000e+91	
-1.484642715859085438000000000000000000000e+92	
1.726344450763560398000000000000000000000e+91	
1.778424053987218920000000000000000000000e+92	
-6.153922397627661878000000000000000000000e+91	
1.052548519402376051700000000000000000000e+92	
-1.341267774347609056000000000000000000000e+92	
3.270342296287897515000000000000000000000e+91	
1.943843194872277995000000000000000000000e+92	
-4.499730988777071130000000000000000000000e+91	
1.194432612861417485000000000000000000000e+92	
-1.199383680888567622000000000000000000000e+92	
4.453949882948480546000000000000000000000e+91	
-1.948421305455137053000000000000000000000e+92	
-3.032698644363058974000000000000000000000e+91	
1.290400059137146340000000000000000000000e+92	
-1.103416234612838768000000000000000000000e+92	
5.908223368378458549000000000000000000000e+91	
-1.802993956912139253000000000000000000000e+92	
-1.084072282220794983000000000000000000000e+91	
1.534673380676451011000000000000000000000e+92	
-8.591429130735340968000000000000000000000e+91	
7.843113127301761553000000000000000000000e+91	
-1.609504981019808952000000000000000000000e+92	
3.432267575201360897000000000000000000000e+90	
1.626669473883124935000000000000000000000e+92	
-7.671468198668601722000000000000000000000e+91	
9.294375057457255850000000000000000000000e+91	
-1.464378788004259522000000000000000000000e+92	
2.325525274416114223000000000000000000000e+91	
1.877976556270843328000000000000000000000e+92	
-5.158397374791417800000000000000000000000e+91	
1.129956742010852191000000000000000000000e+92	
-1.263859551739132917000000000000000000000e+92	
3.823091930549574540000000000000000000000e+91	
-2.011507100695027654000000000000000000000e+92	
-3.649662758612599122000000000000000000000e+91	
1.230092340075674263000000000000000000000e+92	
-1.163723953674310845000000000000000000000e+92	
5.276580793466111350000000000000000000000e+91	
-1.866158214403373972000000000000000000000e+92	
-1.744266025361528328000000000000000000000e+91	
1.465800310438974583000000000000000000000e+92	
-9.280159833110105247000000000000000000000e+91	
7.125859667615973928000000000000000000000e+91	
-1.681230326988387715000000000000000000000e+92	
-4.025352646215093132000000000000000000000e+90	
1.549243834202459270000000000000000000000e+92	
-8.445724595475258380000000000000000000000e+91	
8.581443893420000387000000000000000000000e+91	
-1.535671904407985069000000000000000000000e+92	
1.673888823560427857000000000000000000000e+91	
1.818939332063509147000000000000000000000e+92	
-5.748769616864759608000000000000000000000e+91	
1.077042889759934935000000000000000000000e+92	
-1.316773403990050172000000000000000000000e+92	
3.355156653559901308000000000000000000000e+91	
1.936319665089544447000000000000000000000e+92	
-4.574966286604406602000000000000000000000e+91	
1.220778555747792086000000000000000000000e+92	
-1.173037738002193021000000000000000000000e+92	
5.055935481076054458000000000000000000000e+91	
-1.888222745642379662000000000000000000000e+92	
-2.092355350513325904000000000000000000000e+91	
1.418253319124552867000000000000000000000e+92	
-9.755629746254322407000000000000000000000e+91	
6.523072559684197926000000000000000000000e+91	
-1.741509037781565315000000000000000000000e+92	
-1.132576205684730787000000000000000000000e+91	
1.463520689795298158000000000000000000000e+92	
-9.302956039546869498000000000000000000000e+91	
7.994446298456134928000000000000000000000e+91	
-1.594371663904371615000000000000000000000e+92	
1.356990591044866369000000000000000000000e+91	
1.814246003083805804000000000000000000000e+92	
-5.795702906661793033000000000000000000000e+91	
1.099332619768743206000000000000000000000e+92	
-1.294483673981241902000000000000000000000e+92	
3.847750257562753263000000000000000000000e+91	
2.012535233967250523000000000000000000000e+92	
-3.812810597827345848000000000000000000000e+91	
1.246860389802066947000000000000000000000e+92	
-1.146955903947918161000000000000000000000e+92	
4.815665972791907978000000000000000000000e+91	
-1.912249696470794310000000000000000000000e+92	
-2.833463332384741722000000000000000000000e+91	
1.294083598692046170000000000000000000000e+92	
-1.099732695057938938000000000000000000000e+92	
6.288574486655688940000000000000000000000e+91	
-1.764958845084416214000000000000000000000e+92	
-3.603763978966178696000000000000000000000e+90	
1.641360358553396117000000000000000000000e+92	
-7.524559351965889903000000000000000000000e+91	
9.252986013952098600000000000000000000000e+91	
-1.468517692354775248000000000000000000000e+92	
2.095932050481928150000000000000000000000e+91	
1.836206182148772650000000000000000000000e+92	
-5.576101116012124571000000000000000000000e+91	
1.069384677813067228000000000000000000000e+92	
-1.324431615936917879000000000000000000000e+92	
3.029447957754040145000000000000000000000e+91	
1.878848536100385069000000000000000000000e+92	
-5.149677576496000388000000000000000000000e+91	
1.216062695228141528000000000000000000000e+92	
-1.177753598521843580000000000000000000000e+92	
5.536067014640886456000000000000000000000e+91	
-1.840209592285896462000000000000000000000e+92	
-1.085196093460265269000000000000000000000e+91	
1.571645788710931314000000000000000000000e+92	
-8.221705050390537931000000000000000000000e+91	
8.583500540211808604000000000000000000000e+91	
-1.535466239728804247000000000000000000000e+92	
1.454093035825464934000000000000000000000e+91	
1.774785550716525014000000000000000000000e+92	
-6.190307430334600936000000000000000000000e+91	
1.010725941223963277200000000000000000000e+92	
-1.383090352526021830000000000000000000000e+92	
2.470465795235764454000000000000000000000e+91	
1.825709466364013266000000000000000000000e+92	
-5.681068273859718412000000000000000000000e+91	
1.157158155363852510000000000000000000000e+92	
-1.236658138386132597000000000000000000000e+92	
4.889395607601680010000000000000000000000e+91	
-1.904876732989817107000000000000000000000e+92	
-1.789464830292455966000000000000000000000e+91	
1.495462048481506177000000000000000000000e+92	
-8.983542452684789302000000000000000000000e+91	
7.764123122521103956000000000000000000000e+91	
-1.617403981497874712000000000000000000000e+92	
5.772042385457020716000000000000000000000e+90	
1.681348395185270696000000000000000000000e+92	
-7.124678985647144119000000000000000000000e+91	
9.178657715024194559000000000000000000000e+91	
-1.475950522247565652000000000000000000000e+92	
1.547631084645395688000000000000000000000e+91	
1.734002406963183142000000000000000000000e+92	
-6.598138867868019656000000000000000000000e+91	
1.064355314351787783000000000000000000000e+92	
-1.329460979398197324000000000000000000000e+92	
3.950414834719880540000000000000000000000e+91	
2.068022938455877422000000000000000000000e+92	
-3.257933552941076853000000000000000000000e+91	
1.347546835909519420000000000000000000000e+92	
-1.046269457840465687100000000000000000000e+92	
6.274292910514679244000000000000000000000e+91	
-1.766387002698517183000000000000000000000e+92	
-9.232987456085813271000000000000000000000e+90	
1.530231350704458069000000000000000000000e+92	
-8.635849430455270386000000000000000000000e+91	
7.692092315895879736000000000000000000000e+91	
-1.624607062160397134000000000000000000000e+92	
8.565848606028741601000000000000000000000e+89	
1.590263203254733220000000000000000000000e+92	
-8.035530904952518878000000000000000000000e+91	
9.156097671815366830000000000000000000000e+91	
-1.478206526568448424000000000000000000000e+92	
2.412920843353958554000000000000000000000e+91	
1.909272177608467486000000000000000000000e+92	
-4.845441161415176215000000000000000000000e+91	
1.183797202367495271000000000000000000000e+92	
-1.210019091382489836000000000000000000000e+92	
4.586832725923298437000000000000000000000e+91	
-1.935133021157655264000000000000000000000e+92	
-2.660697913976965146000000000000000000000e+91	
1.351500020791862959000000000000000000000e+92	
-1.042316272958122148500000000000000000000e+92	
6.012784732679285322000000000000000000000e+91	
-1.792537820482056575000000000000000000000e+92	
-1.485697132203692716000000000000000000000e+91	
1.443917465502933871000000000000000000000e+92	
-9.498988282470512366000000000000000000000e+91	
7.466349161582418125000000000000000000000e+91	
-1.647181377591743295000000000000000000000e+92	
4.969938181946862899000000000000000000000e+90	
1.695072879774147365000000000000000000000e+92	
-6.987434139758377424000000000000000000000e+91	
9.470025597871868653000000000000000000000e+91	
-1.446813733962798242000000000000000000000e+92	
1.993045302393923411000000000000000000000e+91	
1.793940795839529204000000000000000000000e+92	
-5.998754979104559040000000000000000000000e+91	
1.091639812516839012000000000000000000000e+92	
-1.302176481233146095000000000000000000000e+92	
3.896883417125872702000000000000000000000e+91	
2.030048399471375630000000000000000000000e+92	
-3.637678942786094774000000000000000000000e+91	
1.276967134315800164000000000000000000000e+92	
-1.116849159434184943000000000000000000000e+92	
5.242606533849710624000000000000000000000e+91	
-1.869555640365014045000000000000000000000e+92	
-2.280712298391161262000000000000000000000e+91	
1.361933488204051756000000000000000000000e+92	
-1.031882805545933351100000000000000000000e+92	
6.700132497671255618000000000000000000000e+91	
-1.723803043982859546000000000000000000000e+92	
-2.156264231284344407000000000000000000000e+90	
1.629167830579778310000000000000000000000e+92	
-7.646484631702067981000000000000000000000e+91	
8.864518195373387302000000000000000000000e+91	
-1.507364474212646377000000000000000000000e+92	
1.441054342674220786000000000000000000000e+91	
1.744090680804912221000000000000000000000e+92	
-6.497256129450728869000000000000000000000e+91	
1.030540864814729574800000000000000000000e+92	
-1.363275428935255533000000000000000000000e+92	
3.173461595237204540000000000000000000000e+91	
1.946468578190452711000000000000000000000e+92	
-4.473477155595323964000000000000000000000e+91	
1.182155266552875228000000000000000000000e+92	
-1.211661027197109880000000000000000000000e+92	
4.182223289668370361000000000000000000000e+91	
-1.975593964783148072000000000000000000000e+92	
-3.453304238675428907000000000000000000000e+91	
1.233459008829756904000000000000000000000e+92	
-1.160357284920228203000000000000000000000e+92	
5.654385039308458556000000000000000000000e+91	
-1.828377789819139252000000000000000000000e+92	
-1.022495487366435010100000000000000000000e+91	
1.572356875362245271000000000000000000000e+92	
-8.214594183877398364000000000000000000000e+91	
8.535049332362366156000000000000000000000e+91	
-1.540311360513748492000000000000000000000e+92	
1.350107405063458678000000000000000000000e+91	
1.758836309117946560000000000000000000000e+92	
-6.349799846320385480000000000000000000000e+91	
9.948311826840549712000000000000000000000e+91	
-1.398985111065930136000000000000000000000e+92	
2.312062769278799480000000000000000000000e+91	
1.809923592611563201000000000000000000000e+92	
-5.838927011384219066000000000000000000000e+91	
1.141278418392995618000000000000000000000e+92	
-1.252537875356989490000000000000000000000e+92	
4.729660072835972344000000000000000000000e+91	
-1.920850286466387873000000000000000000000e+92	
-1.950138063220848628000000000000000000000e+91	
1.479301002038606919000000000000000000000e+92	
-9.145152917113781884000000000000000000000e+91	
7.601575893021363918000000000000000000000e+91	
-1.633658704447848716000000000000000000000e+92	
4.137207101729386409000000000000000000000e+90	
1.664906459057263448000000000000000000000e+92	
-7.289098346927216596000000000000000000000e+91	
9.016439840052469972000000000000000000000e+91	
-1.492172309744738110000000000000000000000e+92	
1.387613600373380201000000000000000000000e+91	
1.718220588099613961000000000000000000000e+92	
-6.755957056503711462000000000000000000000e+91	
1.048129501504998393600000000000000000000e+92	
-1.345686792244986714000000000000000000000e+92	
3.783718976034450856000000000000000000000e+91	
2.050909800417082074000000000000000000000e+92	
-3.429064933329030335000000000000000000000e+91	
1.329990366442061882000000000000000000000e+92	
-1.063825927307923225000000000000000000000e+92	
6.094297107870832472000000000000000000000e+91	
-1.784386582962901860000000000000000000000e+92	
-1.107723451002373526000000000000000000000e+91	
1.511346210302271187000000000000000000000e+92	
-8.824700834477139202000000000000000000000e+91	
7.512860445676117968000000000000000000000e+91	
-1.642530249182373311000000000000000000000e+92	
-8.395863768868051672000000000000000000000e+89	
1.574262487032035107000000000000000000000e+92	
-8.195538067179500004000000000000000000000e+91	
8.975975875759735832000000000000000000000e+91	
-1.496218706174011524000000000000000000000e+92	
2.212694423873330470000000000000000000000e+91	
1.887240073860084337000000000000000000000e+92	
-5.065762198899007708000000000000000000000e+91	
1.159756636863033612000000000000000000000e+92	
-1.234059656886951496000000000000000000000e+92	
4.326352448783420516000000000000000000000e+91	
-1.961181048871643056000000000000000000000e+92	
-2.941242822721002974000000000000000000000e+91	
1.321440065308958886000000000000000000000e+92	
-1.072376228441026222000000000000000000000e+92	
5.755017107348962524000000000000000000000e+91	
-1.818314583015088855000000000000000000000e+92	
-1.700654144103346227000000000000000000000e+91	
1.426700695110062704000000000000000000000e+92	
-9.671155986399224036000000000000000000000e+91	
7.203890603426200874000000000000000000000e+91	
-1.673427233407365020000000000000000000000e+92	
1.442893406531535265000000000000000000000e+90	
1.650782331329419031000000000000000000000e+92	
-7.430339624205660766000000000000000000000e+91	
8.936963996646913729000000000000000000000e+91	
-1.500119894085293735000000000000000000000e+92	
1.369872452179003112000000000000000000000e+91	
1.722616870464887030000000000000000000000e+92	
-6.711994232850980781000000000000000000000e+91	
1.039466063408423773800000000000000000000e+92	
-1.354350230341561334000000000000000000000e+92	
3.566552384461303893000000000000000000000e+91	
2.016146416365592324000000000000000000000e+92	
-3.776698773843927841000000000000000000000e+91	
1.282186750430030468000000000000000000000e+92	
-1.111629543319954640000000000000000000000e+92	
5.485923525168196999000000000000000000000e+91	
-1.845223941233165408000000000000000000000e+92	
-1.846369591561384285000000000000000000000e+91	
1.424460823705218874000000000000000000000e+92	
-9.693554700447662333000000000000000000000e+91	
6.920639188499017528000000000000000000000e+91	
-1.701752374900083355000000000000000000000e+92	
-3.996849571878465848000000000000000000000e+90	
1.570325588589809974000000000000000000000e+92	
-8.234907051601751338000000000000000000000e+91	
8.352011796355710125000000000000000000000e+91	
-1.558615114114414095000000000000000000000e+92	
1.004426183586676458200000000000000000000e+91	
1.708011912674220027000000000000000000000e+92	
-6.858043810757650807000000000000000000000e+91	
9.784662973501429208000000000000000000000e+91	
-1.415349996399842187000000000000000000000e+92	
2.492837533179803702000000000000000000000e+91	
1.862426289874569713000000000000000000000e+92	
-5.313900038754153948000000000000000000000e+91	
1.120881999494000290000000000000000000000e+92	
-1.272934294255984817000000000000000000000e+92	
3.797067517584212711000000000000000000000e+91	
-2.014109541991563836000000000000000000000e+92	
-3.610996369927738841000000000000000000000e+91	
1.240424839656904837000000000000000000000e+92	
-1.153391454093080271000000000000000000000e+92	
5.242977864630283831000000000000000000000e+91	
-1.869518507286956724000000000000000000000e+92	
-1.914728734239507807000000000000000000000e+91	
1.435074872616222622000000000000000000000e+92	
-9.587414211337624855000000000000000000000e+91	
6.681881696835033252000000000000000000000e+91	
-1.725628124066481782000000000000000000000e+92	
-9.831687850393709682000000000000000000000e+90	
1.477521728102354183000000000000000000000e+92	
-9.162945656476309248000000000000000000000e+91	
8.154147825067821360000000000000000000000e+91	
-1.578401511243202972000000000000000000000e+92	
1.536373461551468964000000000000000000000e+91	
1.834151445047033274000000000000000000000e+92	
-5.596648487029518338000000000000000000000e+91	
1.121204237655067489000000000000000000000e+92	
-1.272612056094917618000000000000000000000e+92	
4.086118410634374548000000000000000000000e+91	
-1.985204452686547653000000000000000000000e+92	
-3.036259213057336702000000000000000000000e+91	
1.326452964043248823000000000000000000000e+92	
-1.067363329706736284000000000000000000000e+92	
5.630956430853437232000000000000000000000e+91	
-1.830720650664641384000000000000000000000e+92	
-1.998817795867095880000000000000000000000e+91	
1.379482696949675014000000000000000000000e+92	
-1.014333596800310093500000000000000000000e+92	
7.100487761449573410000000000000000000000e+91	
-1.683767517605027767000000000000000000000e+92	
4.094801098311213779000000000000000000000e+90	
1.714142425649028855000000000000000000000e+92	
-6.796738681009562528000000000000000000000e+91	
9.938791768015418214000000000000000000000e+91	
-1.399937116948443286000000000000000000000e+92	
2.739743797119496578000000000000000000000e+91	
1.896390045976083158000000000000000000000e+92	
-4.974262477739019494000000000000000000000e+91	
1.135182179403009943000000000000000000000e+92	
-1.258634114346975164000000000000000000000e+92	
3.743531414017583817000000000000000000000e+91	
-2.019463152348226726000000000000000000000e+92	
-3.860972565584172054000000000000000000000e+91	
1.195792987071257293000000000000000000000e+92	
-1.198023306678727814000000000000000000000e+92	
5.212633413483781268000000000000000000000e+91	
-1.872552952401606981000000000000000000000e+92	
-1.529306127539047350000000000000000000000e+91	
1.515173147687224886000000000000000000000e+92	
-8.786431460627602210000000000000000000000e+91	
7.898217780691547744000000000000000000000e+91	
-1.603994515680830333000000000000000000000e+92	
6.483139240236517401000000000000000000000e+90	
1.682164001022495809000000000000000000000e+92	
-7.116522927274892988000000000000000000000e+91	
9.319984417146606695000000000000000000000e+91	
-1.461817852035324438000000000000000000000e+92	
1.822062155789352356000000000000000000000e+91	
1.774749326805150223000000000000000000000e+92	
-6.190669669448348848000000000000000000000e+91	
1.076902394867315076000000000000000000000e+92	
-1.316913898882670032000000000000000000000e+92	
3.794027588103889143000000000000000000000e+91	
2.024212435782121730000000000000000000000e+92	
-3.696038579678633776000000000000000000000e+91	
1.275578575407709948000000000000000000000e+92	
-1.118237718342275159000000000000000000000e+92	
5.273172859283149687000000000000000000000e+91	
-1.866499007821670139000000000000000000000e+92	
-2.205716180725650156000000000000000000000e+91	
1.373873868066537233000000000000000000000e+92	
-1.019942425683447874800000000000000000000e+92	
6.725428570177046460000000000000000000000e+91	
-1.721273436732280462000000000000000000000e+92	
-2.843912423656477344000000000000000000000e+90	
1.612889940588566502000000000000000000000e+92	
-7.809263531614186059000000000000000000000e+91	
8.607772002558117302000000000000000000000e+91	
-1.533039093494173377000000000000000000000e+92	
1.090387621442775760000000000000000000000e+91	
1.699636629961531414000000000000000000000e+92	
-6.941796637884536938000000000000000000000e+91	
1.006006233705418411500000000000000000000e+92	
-1.387810060044566696000000000000000000000e+92	
3.127210348965792249000000000000000000000e+91	
1.961743051727086620000000000000000000000e+92	
-4.320732420228984872000000000000000000000e+91	
1.217319434865940469000000000000000000000e+92	
-1.176496858884044638000000000000000000000e+92	
4.732662935975854216000000000000000000000e+91	
-1.920550000152399686000000000000000000000e+92	
-2.704165564517166964000000000000000000000e+91	
1.328232890421747685000000000000000000000e+92	
-1.065583403328237423000000000000000000000e+92	
6.180697208139063049000000000000000000000e+91	
-1.775746572936078803000000000000000000000e+92	
-9.174002351929352169000000000000000000000e+90	
1.540765671519497162000000000000000000000e+92	
-8.530506222304879451000000000000000000000e+91	
7.798339525065914922000000000000000000000e+91	
-1.613982341243393615000000000000000000000e+92	
1.928092463578532139000000000000000000000e+90	
1.601068589430421055000000000000000000000e+92	
-7.927477043195640524000000000000000000000e+91	
9.262095288892296855000000000000000000000e+91	
-1.467606764860755422000000000000000000000e+92	
2.516863239077510779000000000000000000000e+91	
1.919460997327214305000000000000000000000e+92	
-4.743552964227708026000000000000000000000e+91	
1.193780704463460282000000000000000000000e+92	
-1.200035589286524826000000000000000000000e+92	
4.684615592454634906000000000000000000000e+91	
-1.925354734504521617000000000000000000000e+92	
-2.564966180582959075000000000000000000000e+91	
1.360868182895803070000000000000000000000e+92	
-1.032948110854182037500000000000000000000e+92	
6.110677162787393557000000000000000000000e+91	
-1.782748577471245752000000000000000000000e+92	
-1.383595988610559465000000000000000000000e+91	
1.454548241756671658000000000000000000000e+92	
-9.392680519933134493000000000000000000000e+91	
7.563614272294351055000000000000000000000e+91	
-1.637454866520550002000000000000000000000e+92	
5.852207773169532635000000000000000000000e+90	
1.702992210327023202000000000000000000000e+92	
-6.908240834229619061000000000000000000000e+91	
9.540189745564768607000000000000000000000e+91	
-1.439797319193508247000000000000000000000e+92	
2.054184785771216723000000000000000000000e+91	
1.799152726874096102000000000000000000000e+92	
-5.946635668758890061000000000000000000000e+91	
1.098752980461845987000000000000000000000e+92	
-1.295063313288139121000000000000000000000e+92	
3.987018003838245209000000000000000000000e+91	
2.040961203155518678000000000000000000000e+92	
-3.528550905944664292000000000000000000000e+91	
1.289778337770176241000000000000000000000e+92	
-1.104037955979808867000000000000000000000e+92	
5.389693118373240511000000000000000000000e+91	
-1.854846981912661056000000000000000000000e+92	
-2.114660606908604584000000000000000000000e+91	
1.380434224216085012000000000000000000000e+92	
-1.013382069533900095400000000000000000000e+92	
6.844788722508785784000000000000000000000e+91	
-1.709337421499106529000000000000000000000e+92	
-1.113012521168263830000000000000000000000e+90	
1.635569249444645569000000000000000000000e+92	
-7.582470443053395386000000000000000000000e+91	
8.888241463133196498000000000000000000000e+91	
-1.504992147436665458000000000000000000000e+92	
1.424506741035285756000000000000000000000e+91	
1.738410837852258830000000000000000000000e+92	
-6.554054558977262780000000000000000000000e+91	
1.033383949831250710300000000000000000000e+92	
-1.360432343918734397000000000000000000000e+92	
3.287079309234154709000000000000000000000e+91	
1.966344796498221751000000000000000000000e+92	
-4.274714972517633562000000000000000000000e+91	
1.210541694403467828000000000000000000000e+92	
-1.183274599346517279000000000000000000000e+92	
4.551147311038027627000000000000000000000e+91	
-1.938701562646182345000000000000000000000e+92	
-2.999362805929040984000000000000000000000e+91	
1.287350662200070000000000000000000000000e+92	
-1.106465631549915108000000000000000000000e+92	
6.012805759272503895000000000000000000000e+91	
-1.792535717822734718000000000000000000000e+92	
-8.444807542041244158000000000000000000000e+90	
1.572126728221640306000000000000000000000e+92	
-8.216895655283448016000000000000000000000e+91	
8.352521393939624103000000000000000000000e+91	
-1.558564154356022697000000000000000000000e+92	
9.874426925162059143000000000000000000000e+90	
1.704565125276262974000000000000000000000e+92	
-6.892511684737221334000000000000000000000e+91	
9.787230684455434261000000000000000000000e+91	
-1.415093225304441681000000000000000000000e+92	
2.532422397652832902000000000000000000000e+91	
1.870084649449592413000000000000000000000e+92	
-5.237316443003926944000000000000000000000e+91	
1.120702761289393992000000000000000000000e+92	
-1.273113532460591116000000000000000000000e+92	
3.716938162934836925000000000000000000000e+91	
-2.022122477456501415000000000000000000000e+92	
-3.769423711399070556000000000000000000000e+91	
1.216756203465515144000000000000000000000e+92	
-1.177060090284469963000000000000000000000e+92	
5.172171610860936490000000000000000000000e+91	
-1.876599132663891459000000000000000000000e+92	
-1.819737433036994561000000000000000000000e+91	
1.461145507024795750000000000000000000000e+92	
-9.326707867251893577000000000000000000000e+91	
7.108220612778943355000000000000000000000e+91	
-1.682994232472090772000000000000000000000e+92	
-3.912797272191580949000000000000000000000e+90	
1.553257409176092463000000000000000000000e+92	
-8.405588845738926446000000000000000000000e+91	
8.560427952267889541000000000000000000000e+91	
-1.537773498523196154000000000000000000000e+92	
1.591751624741519142000000000000000000000e+91	
1.804616528222540136000000000000000000000e+92	
-5.891997655274449711000000000000000000000e+91	
1.056614042253680397600000000000000000000e+92	
-1.337202251496304710000000000000000000000e+92	
3.089838129651859996000000000000000000000e+91	
1.903687845082624075000000000000000000000e+92	
-4.901284486673610324000000000000000000000e+91	
1.201095528278180761000000000000000000000e+92	
-1.192720765471804346000000000000000000000e+92	
4.988528689794407362000000000000000000000e+91	
-1.894963424770544371000000000000000000000e+92	
-2.030403068268436470000000000000000000000e+91	
1.437378016918374038000000000000000000000e+92	
-9.564382768316110692000000000000000000000e+91	
6.843549887521282694000000000000000000000e+91	
-1.709461304997856838000000000000000000000e+92	
-6.829328417203988515000000000000000000000e+90	
1.521395201627982804000000000000000000000e+92	
-8.724210921220023035000000000000000000000e+91	
8.299289694982814830000000000000000000000e+91	
-1.563887324251703625000000000000000000000e+92	
1.388068577812606667000000000000000000000e+91	
1.789990885204998466000000000000000000000e+92	
-6.038254085449866414000000000000000000000e+91	
1.047728202974232617100000000000000000000e+92	
-1.346088090775752490000000000000000000000e+92	
3.058349209088801806000000000000000000000e+91	
1.906273045156102822000000000000000000000e+92	
-4.875432485938822856000000000000000000000e+91	
1.191546475553205531000000000000000000000e+92	
-1.202269818196779576000000000000000000000e+92	
4.771756022817514739000000000000000000000e+91	
-1.916640691468233634000000000000000000000e+92	
-2.368397516768362516000000000000000000000e+91	
1.391462426732656430000000000000000000000e+92	
-1.002353867017328677500000000000000000000e+92	
6.263292830449253622000000000000000000000e+91	
-1.767487010705059745000000000000000000000e+92	
-1.384230785873312757000000000000000000000e+91	
1.439167342318648548000000000000000000000e+92	
-9.546489514313365596000000000000000000000e+91	
7.734060558608311524000000000000000000000e+91	
-1.620410237889153955000000000000000000000e+92	
1.079760972943802436000000000000000000000e+91	
1.784839491713798423000000000000000000000e+92	
-6.089768020361866842000000000000000000000e+91	
1.068243396687080426000000000000000000000e+92	
-1.325572897062904681000000000000000000000e+92	
3.520039283942322408000000000000000000000e+91	
1.978083099339339861000000000000000000000e+92	
-4.157331944106452464000000000000000000000e+91	
1.210728054506246635000000000000000000000e+92	
-1.183088239243738472000000000000000000000e+92	
4.437548974970709375000000000000000000000e+91	
-1.950061396252914170000000000000000000000e+92	
-3.228365617414243280000000000000000000000e+91	
1.252915676817801682000000000000000000000e+92	
-1.140900616932183426000000000000000000000e+92	
5.912942794742448648000000000000000000000e+91	
-1.802522014275740243000000000000000000000e+92	
-6.999785026705909160000000000000000000000e+90	
1.611001313713731944000000000000000000000e+92	
-7.828149800362531638000000000000000000000e+91	
8.985389300094413022000000000000000000000e+91	
-1.495277363740543805000000000000000000000e+92	
1.864311158243940832000000000000000000000e+91	
1.816639884686486197000000000000000000000e+92	
-5.771764090634989106000000000000000000000e+91	
1.053412382602860553200000000000000000000e+92	
-1.340403911147124554000000000000000000000e+92	
2.905647141984258926000000000000000000000e+91	
1.870058880427920619000000000000000000000e+92	
-5.237574133220644890000000000000000000000e+91	
1.199689159569429375000000000000000000000e+92	
-1.194127134180555733000000000000000000000e+92	
5.296530600712751044000000000000000000000e+91	
-1.864163233678710003000000000000000000000e+92	
-1.400495840991188331000000000000000000000e+91	
1.532543251093994196000000000000000000000e+92	
-8.612730426559909113000000000000000000000e+91	
8.116787221603792340000000000000000000000e+91	
-1.582137571589605874000000000000000000000e+92	
9.117294422233942902000000000000000000000e+90	
1.712987928726784501000000000000000000000e+92	
-6.808283650232006062000000000000000000000e+91	
9.532981130482174936000000000000000000000e+91	
-1.440518180701767614000000000000000000000e+92	
1.939863704565671866000000000000000000000e+91	
1.777014702782763196000000000000000000000e+92	
-6.168015909672219112000000000000000000000e+91	
1.099293721278446912000000000000000000000e+92	
-1.294522572471538196000000000000000000000e+92	
4.219100196194804776000000000000000000000e+91	
2.086825619938271693000000000000000000000e+92	
-3.069906738117134145000000000000000000000e+91	
1.358287676842193654000000000000000000000e+92	
-1.035528616907791453800000000000000000000e+92	
6.301123035521050318000000000000000000000e+91	
-1.763703990197880076000000000000000000000e+92	
-9.770068037127723659000000000000000000000e+90	
1.516810734708256326000000000000000000000e+92	
-8.770055590417287818000000000000000000000e+91	
7.728364983962815610000000000000000000000e+91	
-1.620979795353703546000000000000000000000e+92	
2.923251403491153215000000000000000000000e+90	
1.627960787347402040000000000000000000000e+92	
-7.658555064025830682000000000000000000000e+91	
9.172267387475081957000000000000000000000e+91	
-1.476589555002476912000000000000000000000e+92	
2.068463995302934392000000000000000000000e+91	
1.838781783651715612000000000000000000000e+92	
-5.550345100982694952000000000000000000000e+91	
1.077280037546766790000000000000000000000e+92	
-1.316536256203218318000000000000000000000e+92	
3.161572662679918184000000000000000000000e+91	
1.897375471197553020000000000000000000000e+92	
-4.964408225524320875000000000000000000000e+91	
1.223321627220721417000000000000000000000e+92	
-1.170494666529263690000000000000000000000e+92	
5.496032380733235270000000000000000000000e+91	
-1.844213055676661581000000000000000000000e+92	
-1.237798631896763225000000000000000000000e+91	
1.545134346555464823000000000000000000000e+92	
-8.486819471945202848000000000000000000000e+91	
8.205930229069613614000000000000000000000e+91	
-1.573223270843023746000000000000000000000e+92	
9.641228007601970412000000000000000000000e+90	
1.714554128598906448000000000000000000000e+92	
-6.792621651510786590000000000000000000000e+91	
9.626329095867069949000000000000000000000e+91	
-1.431183384163278113000000000000000000000e+92	
2.110858974817524357000000000000000000000e+91	
1.801875096039044375000000000000000000000e+92	
-5.919411977109407328000000000000000000000e+91	
1.107702083508433039000000000000000000000e+92	
-1.286114210241552068000000000000000000000e+92	
4.138745384676913910000000000000000000000e+91	
-1.979941755282293717000000000000000000000e+92	
-2.796077110111933260000000000000000000000e+91	
1.369217353215023578000000000000000000000e+92	
-1.024598940534961529300000000000000000000e+92	
6.245968817665373464000000000000000000000e+91	
-1.769219411983447761000000000000000000000e+92	
-1.196530161209873949000000000000000000000e+91	
1.478429665115650382000000000000000000000e+92	
-9.153866286343347259000000000000000000000e+91	
7.692630098586409240000000000000000000000e+91	
-1.624553283891344184000000000000000000000e+92	
6.044928394326347073000000000000000000000e+90	
1.693950501713676660000000000000000000000e+92	
-6.998657920363084481000000000000000000000e+91	
9.340138099928805658000000000000000000000e+91	
-1.459802483757104542000000000000000000000e+92	
1.744553142212349552000000000000000000000e+91	
1.757237016168524563000000000000000000000e+92	
-6.365792775814605449000000000000000000000e+91	
1.080064459823305720000000000000000000000e+92	
-1.313751833926679387000000000000000000000e+92	
4.032289103899463200000000000000000000000e+91	
-1.990587383360038788000000000000000000000e+92	
-2.732697998490096788000000000000000000000e+91	
1.392530351458143292000000000000000000000e+92	
-1.001285942291841816000000000000000000000e+92	
6.648765191379669623000000000000000000000e+91	
-1.728939774612018145000000000000000000000e+92	
-6.241518336960049310000000000000000000000e+90	
1.552617253700822268000000000000000000000e+92	
-8.411990400491628399000000000000000000000e+91	
8.074924912633950061000000000000000000000e+91	
-1.586323802486590102000000000000000000000e+92	
6.273855335626837830000000000000000000000e+90	
1.660317445417744274000000000000000000000e+92	
-7.334988483322408332000000000000000000000e+91	
9.519713461645577995000000000000000000000e+91	
-1.441844947585427308000000000000000000000e+92	
2.439777678887799465000000000000000000000e+91	
1.878298725137799812000000000000000000000e+92	
-5.155175686121852952000000000000000000000e+91	
1.119181364937745745000000000000000000000e+92	
-1.274634928812239363000000000000000000000e+92	
3.604417929320047540000000000000000000000e+91	
-2.033374500817980354000000000000000000000e+92	
-3.979201788924065387000000000000000000000e+91	
1.186057451530790352000000000000000000000e+92	
-1.207758842219194756000000000000000000000e+92	
5.071249577836855077000000000000000000000e+91	
-1.886691335966299600000000000000000000000e+92	
-1.714696531875518278000000000000000000000e+91	
1.492235640449426287000000000000000000000e+92	
-9.015806533005588209000000000000000000000e+91	
7.624879930020836198000000000000000000000e+91	
-1.631328300747901488000000000000000000000e+92	
3.310351739151888875000000000000000000000e+90	
1.646044222864531327000000000000000000000e+92	
-7.477720708854537806000000000000000000000e+91	
9.052186604898981691000000000000000000000e+91	
-1.488597633260086938000000000000000000000e+92	
1.647617830725380203000000000000000000000e+91	
1.766635597115548454000000000000000000000e+92	
-6.271806966344366532000000000000000000000e+91	
1.049060022406184604600000000000000000000e+92	
-1.344756271343800503000000000000000000000e+92	
3.318415618860960673000000000000000000000e+91	
1.956942227816778042000000000000000000000e+92	
-4.368740659332070659000000000000000000000e+91	
1.189972464773816703000000000000000000000e+92	
-1.203843828976168405000000000000000000000e+92	
4.233843978124684852000000000000000000000e+91	
-1.970431895937516622000000000000000000000e+92	
-3.428221630250794462000000000000000000000e+91	
1.233314782383589958000000000000000000000e+92	
-1.160501511366395149000000000000000000000e+92	
5.709059454114494182000000000000000000000e+91	
-1.822910348338535689000000000000000000000e+92	
-9.117323207516607788000000000000000000000e+90	
1.589039275848558433000000000000000000000e+92	
-8.047770179014266746000000000000000000000e+91	
8.757906275805158000000000000000000000000e+91	
-1.518025666169469308000000000000000000000e+92	
1.628969401301976163000000000000000000000e+91	
1.792320226830762683000000000000000000000e+92	
-6.014960669192224247000000000000000000000e+91	
1.028307633494714355000000000000000000000e+92	
-1.365508660255270753000000000000000000000e+92	
2.646752645524185052000000000000000000000e+91	
1.843385120764167934000000000000000000000e+92	
-5.504311729858171734000000000000000000000e+91	
1.174710611880824378000000000000000000000e+92	
-1.219105681869160730000000000000000000000e+92	
5.063688807055652332000000000000000000000e+91	
-1.887447413044419874000000000000000000000e+92	
-1.616402383743280759000000000000000000000e+91	
1.512645279096540721000000000000000000000e+92	
-8.811710146534443866000000000000000000000e+91	
7.934725900473775872000000000000000000000e+91	
-1.600343703702607520000000000000000000000e+92	
7.465781001971700992000000000000000000000e+90	
1.698162950879493069000000000000000000000e+92	
-6.956533428704920386000000000000000000000e+91	
9.349175106283517374000000000000000000000e+91	
-1.458898783121633370000000000000000000000e+92	
1.720519129836478303000000000000000000000e+91	
1.751528158895677677000000000000000000000e+92	
-6.422881348543074306000000000000000000000e+91	
1.081356162179477254000000000000000000000e+92	
-1.312460131570507854000000000000000000000e+92	
4.115176884226939300000000000000000000000e+91	
2.083974761627415896000000000000000000000e+92	
-3.098415321225692118000000000000000000000e+91	
1.362974538269766827000000000000000000000e+92	
-1.030841755480218280300000000000000000000e+92	
6.423331334384255876000000000000000000000e+91	
-1.751483160311559520000000000000000000000e+92	
-7.794963143900021718000000000000000000000e+90	
1.544088255139660908000000000000000000000e+92	
-8.497280386103242000000000000000000000000e+91	
7.841546029607603360000000000000000000000e+91	
-1.609661690789224772000000000000000000000e+92	
2.459914521832844692000000000000000000000e+90	
1.607383883682902334000000000000000000000e+92	
-7.864324100670827732000000000000000000000e+91	
9.304069476462636115000000000000000000000e+91	
-1.463409346103721496000000000000000000000e+92	
2.537669211675744764000000000000000000000e+91	
1.919425826563522943000000000000000000000e+92	
-4.743904671864621649000000000000000000000e+91	
1.191630818625670267000000000000000000000e+92	
-1.202185475124314841000000000000000000000e+92	
4.641980107589720952000000000000000000000e+91	
-1.929618282991013012000000000000000000000e+92	
-2.628727772918494270000000000000000000000e+91	
1.352380464293328911000000000000000000000e+92	
-1.041435829456656196900000000000000000000e+92	
6.070585541064684654000000000000000000000e+91	
-1.786757739643516642000000000000000000000e+92	
-1.378924334360232158000000000000000000000e+91	
1.459489507055326812000000000000000000000e+92	
-9.343267866946582954000000000000000000000e+91	
7.518308416010117600000000000000000000000e+91	
-1.641985452148973348000000000000000000000e+92	
4.452435501050499286000000000000000000000e+90	
1.679532062001453401000000000000000000000e+92	
-7.142842317485317068000000000000000000000e+91	
9.211011097701600442000000000000000000000e+91	
-1.472715183979825063000000000000000000000e+92	
1.630476041301018273000000000000000000000e+91	
1.747333547223993620000000000000000000000e+92	
-6.464827465259914880000000000000000000000e+91	
1.066992043925600620000000000000000000000e+92	
-1.326824249824384487000000000000000000000e+92	
3.869891246216240574000000000000000000000e+91	
2.049286810795438832000000000000000000000e+92	
-3.445294829545462759000000000000000000000e+91	
1.318132256405708491000000000000000000000e+92	
-1.075684037344276616000000000000000000000e+92	
5.873415740249043512000000000000000000000e+91	
-1.806474719725080756000000000000000000000e+92	
-1.430854174343209483000000000000000000000e+91	
1.468813291016500254000000000000000000000e+92	
-9.250030027334848536000000000000000000000e+91	
7.304310842074882604000000000000000000000e+91	
-1.663385209542496847000000000000000000000e+92	
-7.583653623406932760000000000000000000000e+89	
1.596731084632065733000000000000000000000e+92	
-7.970852091179193742000000000000000000000e+91	
8.742206881609175650000000000000000000000e+91	
-1.519595605589067543000000000000000000000e+92	
1.520698617804640936000000000000000000000e+91	
1.772240616529978252000000000000000000000e+92	
-6.215756772200068550000000000000000000000e+91	
1.015949364272812244000000000000000000000e+92	
-1.377866929477172864000000000000000000000e+92	
2.600344937473057622000000000000000000000e+91	
1.846458007626120779000000000000000000000e+92	
-5.473582861238643288000000000000000000000e+91	
1.161460715558455051000000000000000000000e+92	
-1.232355578191530056000000000000000000000e+92	
4.768043245209169490000000000000000000000e+91	
-1.917011969229068159000000000000000000000e+92	
-2.075113351419273184000000000000000000000e+91	
1.450475756984615484000000000000000000000e+92	
-9.433405367653696236000000000000000000000e+91	
7.150127537910587236000000000000000000000e+91	
-1.678803539958926384000000000000000000000e+92	
-2.008423321774439963000000000000000000000e+90	
1.587146803789465873000000000000000000000e+92	
-8.066694899605192342000000000000000000000e+91	
8.584797494215009797000000000000000000000e+91	
-1.535336544328484128000000000000000000000e+92	
1.301753291140359337000000000000000000000e+91	
1.744195552381504278000000000000000000000e+92	
-6.496207413684808300000000000000000000000e+91	
1.000953878885782155300000000000000000000e+92	
-1.392862414864202952000000000000000000000e+92	
2.580820927678093510000000000000000000000e+91	
1.857542199932277448000000000000000000000e+92	
-5.362740938177076598000000000000000000000e+91	
1.144950378738988796000000000000000000000e+92	
-1.248865915010996312000000000000000000000e+92	
4.327131914818014532000000000000000000000e+91	
-1.961103102268183654000000000000000000000e+92	
-2.791695383291406171000000000000000000000e+91	
1.351264202889832360000000000000000000000e+92	
-1.042552090860152747300000000000000000000e+92	
5.882615612016108175000000000000000000000e+91	
-1.805554732548374290000000000000000000000e+92	
-1.743613587131767725000000000000000000000e+91	
1.405357444155900804000000000000000000000e+92	
-9.884588495940843033000000000000000000000e+91	
7.351390413007875306000000000000000000000e+91	
-1.658677252449197577000000000000000000000e+92	
6.525418449992747889000000000000000000000e+90	
1.737664897743916184000000000000000000000e+92	
-6.561513960060689236000000000000000000000e+91	
1.016618337497389009900000000000000000000e+92	
-1.377197956252596098000000000000000000000e+92	
2.959306188375428765000000000000000000000e+91	
1.917563753166203275000000000000000000000e+92	
-4.762525405837818328000000000000000000000e+91	
1.157982825085750627000000000000000000000e+92	
-1.235833468664234480000000000000000000000e+92	
3.987799159023740685000000000000000000000e+91	
-1.995036377847611039000000000000000000000e+92	
-3.600451625117228470000000000000000000000e+91	
1.223469591794982037000000000000000000000e+92	
-1.170346701955003071000000000000000000000e+92	
5.454658942122602745000000000000000000000e+91	
-1.848350399537724833000000000000000000000e+92	
-1.322003828264499852000000000000000000000e+91	
1.532432782741238132000000000000000000000e+92	
-8.613835110087469752000000000000000000000e+91	
8.036125454527112474000000000000000000000e+91	
-1.590203748297273860000000000000000000000e+92	
7.515501845887658366000000000000000000000e+90	
1.689022211236228695000000000000000000000e+92	
-7.047940825137564128000000000000000000000e+91	
9.461786708230272041000000000000000000000e+91	
-1.447637622926957904000000000000000000000e+92	
2.037048196495976305000000000000000000000e+91	
1.803562663719238653000000000000000000000e+92	
-5.902536300307464549000000000000000000000e+91	
1.090202189232628839000000000000000000000e+92	
-1.303614104517356268000000000000000000000e+92	
3.771967312160410695000000000000000000000e+91	
-2.016619562533944038000000000000000000000e+92	
-3.354538870107562049000000000000000000000e+91	
1.294212347945627099000000000000000000000e+92	
-1.099603945804358009000000000000000000000e+92	
5.304425819578963798000000000000000000000e+91	
-1.863373711792088728000000000000000000000e+92	
-2.329470804834114195000000000000000000000e+91	
1.346005361442138912000000000000000000000e+92	
-1.047810932307846195000000000000000000000e+92	
6.774882579520673072000000000000000000000e+91	
-1.716328035797917800000000000000000000000e+92	
9.303853834498984140000000000000000000000e+89	
1.683414173501395444000000000000000000000e+92	
-7.104021202485896638000000000000000000000e+91	
9.640663738385484317000000000000000000000e+91	
-1.429749919911436676000000000000000000000e+92	
2.450765703441016657000000000000000000000e+91	
1.868406774840618141000000000000000000000e+92	
-5.254095189093669670000000000000000000000e+91	
1.105301884864744882000000000000000000000e+92	
-1.288514408885240226000000000000000000000e+92	
3.425767675479760788000000000000000000000e+91	
-2.051239526202009029000000000000000000000e+92	
-4.197687661102759818000000000000000000000e+91	
1.160227284969155256000000000000000000000e+92	
-1.233589008780829851000000000000000000000e+92	
4.897528537228278398000000000000000000000e+91	
-1.904063440027157268000000000000000000000e+92	
-1.803879040521842654000000000000000000000e+91	
1.491767035571302675000000000000000000000e+92	
-9.020492581786824326000000000000000000000e+91	
7.704648289945449354000000000000000000000e+91	
-1.623351464755440172000000000000000000000e+92	
4.952159123139016268000000000000000000000e+90	
1.670899333620347865000000000000000000000e+92	
-7.229169601296372426000000000000000000000e+91	
9.121912734334147600000000000000000000000e+91	
-1.481625020316570348000000000000000000000e+92	
1.538607977453968503000000000000000000000e+91	
1.737869908630377586000000000000000000000e+92	
-6.559463851196075213000000000000000000000e+91	
1.058126817777031635200000000000000000000e+92	
-1.335689475972953472000000000000000000000e+92	
3.787220131075541220000000000000000000000e+91	
2.041617516253530348000000000000000000000e+92	
-3.521987774964547596000000000000000000000e+91	
1.311060481321760734000000000000000000000e+92	
-1.082755812428224374000000000000000000000e+92	
5.808670210327805178000000000000000000000e+91	
-1.812949272717204590000000000000000000000e+92	
-1.489630455527690012000000000000000000000e+91	
1.463532290701496416000000000000000000000e+92	
-9.302840030484886913000000000000000000000e+91	
7.238950073218695426000000000000000000000e+91	
-1.669921286428115565000000000000000000000e+92	
-1.537418246856409244000000000000000000000e+90	
1.587686728127597496000000000000000000000e+92	
-8.061295656223876116000000000000000000000e+91	
8.678410629842436622000000000000000000000e+91	
-1.525975230765741445000000000000000000000e+92	
1.483536417808613273000000000000000000000e+91	
1.771186476216705332000000000000000000000e+92	
-6.226298175332797752000000000000000000000e+91	
1.009264878557222399800000000000000000000e+92	
-1.384551415192762708000000000000000000000e+92	
2.477224646704726046000000000000000000000e+91	
1.828521235834632630000000000000000000000e+92	
-5.652950579153524778000000000000000000000e+91	
1.155447560487215003000000000000000000000e+92	
-1.238368733262770105000000000000000000000e+92	
4.827088521709588429000000000000000000000e+91	
-1.911107441579026265000000000000000000000e+92	
-1.896950558164096441000000000000000000000e+91	
1.480197859891492793000000000000000000000e+92	
-9.136184338584923149000000000000000000000e+91	
7.566347551354004246000000000000000000000e+91	
-1.637181538614584683000000000000000000000e+92	
3.343174436891911166000000000000000000000e+90	
1.652550838370593898000000000000000000000e+92	
-7.412654553793912099000000000000000000000e+91	
8.986458041111206906000000000000000000000e+91	
-1.495170489638864417000000000000000000000e+92	
1.451159640396732712000000000000000000000e+91	
1.733923321419915856000000000000000000000e+92	
-6.598929723300692520000000000000000000000e+91	
1.044034614094810131000000000000000000000e+92	
-1.349781679655174976000000000000000000000e+92	
3.544892420992358568000000000000000000000e+91	
2.007249224551981732000000000000000000000e+92	
-3.865670691980033752000000000000000000000e+91	
1.266561713048302130000000000000000000000e+92	
-1.127254580701682977000000000000000000000e+92	
5.262428177984356390000000000000000000000e+91	
-1.867573475951549468000000000000000000000e+92	
-2.137076446460231185000000000000000000000e+91	
1.388672332343511950000000000000000000000e+92	
-1.005143961406473157400000000000000000000e+92	
6.705355447575075174000000000000000000000e+91	
-1.723280748992477590000000000000000000000e+92	
-4.724384934169751998000000000000000000000e+90	
1.577296162168395213000000000000000000000e+92	
-8.165201315815898944000000000000000000000e+91	
8.120243622221328522000000000000000000000e+91	
-1.581791931527852255000000000000000000000e+92	
4.713341333608628282000000000000000000000e+90	
1.624585315958677077000000000000000000000e+92	
-7.692309777913080309000000000000000000000e+91	
9.588670764261302284000000000000000000000e+91	
-1.434949217323854879000000000000000000000e+92	
2.934801433618849022000000000000000000000e+91	
1.970386541871105836000000000000000000000e+92	
-4.234297518788792718000000000000000000000e+91	
1.253833429532443531000000000000000000000e+92	
-1.139982864217541577000000000000000000000e+92	
5.376369225365553998000000000000000000000e+91	
-1.856179371213429708000000000000000000000e+92	
-1.782031565875206762000000000000000000000e+91	
1.448275204763267927000000000000000000000e+92	
-9.455410889867171804000000000000000000000e+91	
6.813191516716828448000000000000000000000e+91	
-1.712497142078302263000000000000000000000e+92	
-8.525521216128934198000000000000000000000e+90	
1.490514113295628753000000000000000000000e+92	
-9.033021804543563548000000000000000000000e+91	
8.285362181461564476000000000000000000000e+91	
-1.565280075603828660000000000000000000000e+92	
1.668877680163814667000000000000000000000e+91	
1.847530788937851578000000000000000000000e+92	
-5.462855048121335296000000000000000000000e+91	
1.134712439415138883000000000000000000000e+92	
-1.259103854334846225000000000000000000000e+92	
4.222488365643615402000000000000000000000e+91	
-1.971567457185623567000000000000000000000e+92	
-2.898601961604420958000000000000000000000e+91	
1.340347354768321668000000000000000000000e+92	
-1.053468938981663439900000000000000000000e+92	
5.771186353574935230000000000000000000000e+91	
-1.816697658392491585000000000000000000000e+92	
-1.857302497683194276000000000000000000000e+91	
1.393762700345320449000000000000000000000e+92	
-1.000053593404664658400000000000000000000e+92	
7.240377336057550498000000000000000000000e+91	
-1.669778560144230058000000000000000000000e+92	
5.464606735322414890000000000000000000000e+90	
1.727549725700533726000000000000000000000e+92	
-6.662665680494513812000000000000000000000e+91	
1.006995865234468800000000000000000000000e+92	
-1.386820428515516308000000000000000000000e+92	
2.868006011543163107000000000000000000000e+91	
1.908925944983929822000000000000000000000e+92	
-4.848903487660552860000000000000000000000e+91	
1.148315368551783122000000000000000000000e+92	
-1.245500925198201986000000000000000000000e+92	
3.880833234394445091000000000000000000000e+91	
-2.005732970310540598000000000000000000000e+92	
-3.717703787358986170000000000000000000000e+91	
1.210716263722386536000000000000000000000e+92	
-1.183100030027598571000000000000000000000e+92	
5.349047847826047460000000000000000000000e+91	
-1.858911508967380362000000000000000000000e+92	
-1.405703646095859907000000000000000000000e+91	
1.526252838151155229000000000000000000000e+92	
-8.675634555988298788000000000000000000000e+91	
7.996215481448978091000000000000000000000e+91	
-1.594194745605087298000000000000000000000e+92	
7.335187906496312116000000000000000000000e+90	
1.689405840929988623000000000000000000000e+92	
-7.044104528199964850000000000000000000000e+91	
9.419355606468190626000000000000000000000e+91	
-1.451880733103166045000000000000000000000e+92	
1.948372721824332396000000000000000000000e+91	
1.790072980394210211000000000000000000000e+92	
-6.037433133557748966000000000000000000000e+91	
1.086509060258078481000000000000000000000e+92	
-1.307307233491906627000000000000000000000e+92	
3.832952811632504457000000000000000000000e+91	
2.022393658841531641000000000000000000000e+92	
-3.714226349084534662000000000000000000000e+91	
1.268051341502879209000000000000000000000e+92	
-1.125764952247105899000000000000000000000e+92	
5.140844359739189908000000000000000000000e+91	
-1.879731857776066117000000000000000000000e+92	
-2.395072445756826510000000000000000000000e+91	
1.349238303102413996000000000000000000000e+92	
-1.044577990647571111800000000000000000000e+92	
6.599990211074066560000000000000000000000e+91	
-1.733817272642578452000000000000000000000e+92	
-2.889724875608258785000000000000000000000e+90	
1.624511512791580307000000000000000000000e+92	
-7.693047809584048002000000000000000000000e+91	
8.844724575064142932000000000000000000000e+91	
-1.509343836243570814000000000000000000000e+92	
1.448016957593435088000000000000000000000e+91	
1.747461234248262559000000000000000000000e+92	
-6.463550595017225482000000000000000000000e+91	
1.028249271446920003200000000000000000000e+92	
-1.365567022303065104000000000000000000000e+92	
3.093952372123585518000000000000000000000e+91	
1.932861143400784881000000000000000000000e+92	
-4.609551503492002263000000000000000000000e+91	
1.169382266869225450000000000000000000000e+92	
-1.224434026880759657000000000000000000000e+92	
4.062833491178014324000000000000000000000e+91	
-1.987532944632183675000000000000000000000e+92	
-3.564357989467013193000000000000000000000e+91	
1.223186823662303055000000000000000000000e+92	
-1.170629470087682053000000000000000000000e+92	
5.534175123917718267000000000000000000000e+91	
-1.840398781358213281000000000000000000000e+92	
-1.160184763228842722000000000000000000000e+91	
1.556840881620158437000000000000000000000e+92	
-8.369754121298266707000000000000000000000e+91	
8.362427427967075924000000000000000000000e+91	
-1.557573550953277515000000000000000000000e+92	
1.160032223950773873000000000000000000000e+91	
1.738084331928155005000000000000000000000e+92	
-6.557319618218301022000000000000000000000e+91	
9.777976780274024266000000000000000000000e+91	
-1.416018615722582681000000000000000000000e+92	
2.178893942406754031000000000000000000000e+91	
1.800321482251081633000000000000000000000e+92	
-5.934948114989034747000000000000000000000e+91	
1.123830462203613481000000000000000000000e+92	
-1.269985831546371626000000000000000000000e+92	
4.476761098894001262000000000000000000000e+91	
-1.946140183860584981000000000000000000000e+92	
-2.281417422402165284000000000000000000000e+91	
1.438338928335183080000000000000000000000e+92	
-9.554773654148020272000000000000000000000e+91	
7.113652766107910192000000000000000000000e+91	
-1.682451017139194088000000000000000000000e+92	
-1.524658380490815260000000000000000000000e+90	
1.600465357021929344000000000000000000000e+92	
-7.933509367280557632000000000000000000000e+91	
8.538385566755999979000000000000000000000e+91	
-1.539977737074385110000000000000000000000e+92	
1.075833283753297278000000000000000000000e+91	
1.703661677187405916000000000000000000000e+92	
-6.901546165625791918000000000000000000000e+91	
9.984316142310837518000000000000000000000e+91	
-1.395384679518901356000000000000000000000e+92	
2.935525215015387738000000000000000000000e+91	
1.930986414317917248000000000000000000000e+92	
-4.628298794320678594000000000000000000000e+91	
1.174980440477722868000000000000000000000e+92	
-1.218835853272262239000000000000000000000e+92	
4.193507063953332694000000000000000000000e+91	
-1.974465587354651838000000000000000000000e+92	
-3.359029751716281514000000000000000000000e+91	
1.251181398613340594000000000000000000000e+92	
-1.142634895136644514000000000000000000000e+92	
5.655886238613994600000000000000000000000e+91	
-1.828227669888585648000000000000000000000e+92	
-1.196629535079136696000000000000000000000e+91	
1.537388686688177360000000000000000000000e+92	
-8.564276070618077481000000000000000000000e+91	
8.009906971083840470000000000000000000000e+91	
-1.592825596641601060000000000000000000000e+92	
6.495918902587293860000000000000000000000e+90	
1.671256170040332931000000000000000000000e+92	
-7.225601237096521769000000000000000000000e+91	
9.444517561225938935000000000000000000000e+91	
-1.449364537627391214000000000000000000000e+92	
2.180090492893573124000000000000000000000e+91	
1.833890059516382255000000000000000000000e+92	
-5.599262342336028522000000000000000000000e+91	
1.086590861921248691000000000000000000000e+92	
-1.307225431828736416000000000000000000000e+92	
3.396635710025697966000000000000000000000e+91	
1.935070191660097876000000000000000000000e+92	
-4.587461020898872320000000000000000000000e+91	
1.230949200374377242000000000000000000000e+92	
-1.162867093375607866000000000000000000000e+92	
5.271786273662804063000000000000000000000e+91	
-1.866637666383704701000000000000000000000e+92	
-1.762417017560520411000000000000000000000e+91	
1.462650228688003305000000000000000000000e+92	
-9.311660650619818027000000000000000000000e+91	
7.081015668572457724000000000000000000000e+91	
-1.685714726892739335000000000000000000000e+92	
-4.607158047282968840000000000000000000000e+90	
1.542092789802031327000000000000000000000e+92	
-8.517235039479537802000000000000000000000e+91	
8.538229963848654303000000000000000000000e+91	
-1.539993297365119677000000000000000000000e+92	
1.658957326160625219000000000000000000000e+91	
1.820273018015372674000000000000000000000e+92	
-5.735432757346124332000000000000000000000e+91	
1.081202004578811603000000000000000000000e+92	
-1.312614289171173505000000000000000000000e+92	
3.424988029171809430000000000000000000000e+91	
1.946125419968132664000000000000000000000e+92	
-4.476908737818524436000000000000000000000e+91	
1.224599697400865590000000000000000000000e+92	
-1.169216596349119517000000000000000000000e+92	
5.034330548838921375000000000000000000000e+91	
-1.890383238866092970000000000000000000000e+92	
-2.173746862853324230000000000000000000000e+91	
1.404138485265276202000000000000000000000e+92	
-9.896778084847089058000000000000000000000e+91	
6.455035864483313290000000000000000000000e+91	
-1.748312707301653779000000000000000000000e+92	
-1.127537642797499236000000000000000000000e+91	
1.471328435173236488000000000000000000000e+92	
-9.224878585767486193000000000000000000000e+91	
7.917900946473018649000000000000000000000e+91	
-1.602026199102683243000000000000000000000e+92	
1.125899384076103741000000000000000000000e+91	
1.775689988136458752000000000000000000000e+92	
-6.181263056135263554000000000000000000000e+91	
1.045337397991332511800000000000000000000e+92	
-1.348478895758652596000000000000000000000e+92	
3.153482807434279576000000000000000000000e+91	
1.927684645489716307000000000000000000000e+92	
-4.661316482602688006000000000000000000000e+91	
1.187757866455326804000000000000000000000e+92	
-1.206058427294658304000000000000000000000e+92	
4.481993250827684294000000000000000000000e+91	
-1.945616968667216678000000000000000000000e+92	
-2.909911618879510682000000000000000000000e+91	
1.312148412360073446000000000000000000000e+92	
-1.081667881389911661000000000000000000000e+92	
5.925078334438081518000000000000000000000e+91	
-1.801308460306176956000000000000000000000e+92	
-1.267746035972776726000000000000000000000e+91	
1.496263112986865041000000000000000000000e+92	
-8.975531807631200670000000000000000000000e+91	
7.342787506955115606000000000000000000000e+91	
-1.659537543054473547000000000000000000000e+92	
-2.732639658717808209000000000000000000000e+90	
1.553409672401427129000000000000000000000e+92	
-8.404066213485579788000000000000000000000e+91	
8.808395745873908475000000000000000000000e+91	
-1.512976719162594260000000000000000000000e+92	
2.086041931902408840000000000000000000000e+91	
1.878665551618120327000000000000000000000e+92	
-5.151507421318647806000000000000000000000e+91	
1.155270805753503022000000000000000000000e+92	
-1.238545487996482085000000000000000000000e+92	
4.322360700917138510000000000000000000000e+91	
-1.961580223658271256000000000000000000000e+92	
-2.904388345326988715000000000000000000000e+91	
1.329208102789672907000000000000000000000e+92	
-1.064608190960312200000000000000000000000e+92	
5.746223458523508992000000000000000000000e+91	
-1.819193947897634208000000000000000000000e+92	
-1.795878781232525852000000000000000000000e+91	
1.408539433957929336000000000000000000000e+92	
-9.852768597920557719000000000000000000000e+91	
7.205281065868653594000000000000000000000e+91	
-1.673288187163119748000000000000000000000e+92	
3.285918023396043212000000000000000000000e+90	
1.687494674482979704000000000000000000000e+92	
-7.063216192670054040000000000000000000000e+91	
9.486817413939224127000000000000000000000e+91	
-1.445134552356062695000000000000000000000e+92	
2.102364916415410090000000000000000000000e+91	
1.814120932227407589000000000000000000000e+92	
-5.796953615225775186000000000000000000000e+91	
1.092227749911922308000000000000000000000e+92	
-1.301588543838062799000000000000000000000e+92	
3.706938305195801566000000000000000000000e+91	
1.991481185242520756000000000000000000000e+92	
-4.023351085074643511000000000000000000000e+91	
1.233589885966121184000000000000000000000e+92	
-1.160226407783863924000000000000000000000e+92	
4.760757647131089028000000000000000000000e+91	
-1.917740529036876205000000000000000000000e+92	
-2.810613662258373169000000000000000000000e+91	
1.304140495519072918000000000000000000000e+92	
-1.089675798230912189000000000000000000000e+92	
6.224588681675000732000000000000000000000e+91	
-1.771357425582485034000000000000000000000e+92	
-5.888350825319449420000000000000000000000e+90	
1.602075387408451304000000000000000000000e+92	
-7.917409063415338038000000000000000000000e+91	
8.695827087793529161000000000000000000000e+91	
-1.524233584970632192000000000000000000000e+92	
1.374545681004000106000000000000000000000e+91	
1.747652973938521464000000000000000000000e+92	
-6.461633198114636436000000000000000000000e+91	
1.012491890470083649600000000000000000000e+92	
-1.381324403279901458000000000000000000000e+92	
2.776966729307031273000000000000000000000e+91	
1.885229329226416740000000000000000000000e+92	
-5.085869645235683678000000000000000000000e+91	
1.155522284542993977000000000000000000000e+92	
-1.238294009206991130000000000000000000000e+92	
4.261783914896641618000000000000000000000e+91	
-1.967637902260320946000000000000000000000e+92	
-3.028025306624109687000000000000000000000e+91	
1.310541527433567894000000000000000000000e+92	
-1.083274766316417214000000000000000000000e+92	
5.693150039135235194000000000000000000000e+91	
-1.824501289836461588000000000000000000000e+92	
-1.715426351038352586000000000000000000000e+91	
1.429930616785282654000000000000000000000e+92	
-9.638856769647024540000000000000000000000e+91	
7.136564250631768136000000000000000000000e+91	
-1.680159868686808294000000000000000000000e+92	
-2.261300125937494785000000000000000000000e+89	
1.624139453801751760000000000000000000000e+92	
-7.696768399482333470000000000000000000000e+91	
8.571058319097754642000000000000000000000e+91	
-1.536710461840209643000000000000000000000e+92	
9.045393787989900016000000000000000000000e+90	
1.666145771724188110000000000000000000000e+92	
-7.276705220257969977000000000000000000000e+91	
1.004095013143439466200000000000000000000e+92	
-1.389721280606545641000000000000000000000e+92	
3.423737358441650565000000000000000000000e+91	
2.022943965839865873000000000000000000000e+92	
-3.708723279101192348000000000000000000000e+91	
1.310052861617076793000000000000000000000e+92	
-1.083763432132908315000000000000000000000e+92	
5.975165402738877268000000000000000000000e+91	
-1.796299753476097381000000000000000000000e+92	
-1.146651747536822468000000000000000000000e+91	
1.515469730043949684000000000000000000000e+92	
-8.783465637060354235000000000000000000000e+91	
7.521684006556231738000000000000000000000e+91	
-1.641647893094361934000000000000000000000e+92	
-1.075305831204731870000000000000000000000e+90	
1.568667354077392171000000000000000000000e+92	
-8.251489396725929370000000000000000000000e+91	
8.988600239074780312000000000000000000000e+91	
-1.494956269842507076000000000000000000000e+92	
2.293860352142175416000000000000000000000e+91	
1.902207412090017879000000000000000000000e+92	
-4.916088816599672288000000000000000000000e+91	
1.181571311101275100000000000000000000000e+92	
-1.212244982648710007000000000000000000000e+92	
4.612938474268964492000000000000000000000e+91	
-1.932522446323088658000000000000000000000e+92	
-2.586251574153269573000000000000000000000e+91	
1.363776308166914727000000000000000000000e+92	
-1.030039985583070380400000000000000000000e+92	
6.033165971563115224000000000000000000000e+91	
-1.790499696593673585000000000000000000000e+92	
-1.567646576153317587000000000000000000000e+91	
1.425494545492231850000000000000000000000e+92	
-9.683217482577532573000000000000000000000e+91	
7.498746446128758276000000000000000000000e+91	
-1.643941649137109280000000000000000000000e+92	
7.459097793889749794000000000000000000000e+90	
1.741605568123086178000000000000000000000e+92	
-6.522107256268989302000000000000000000000e+91	
1.015165570292936526400000000000000000000e+92	
-1.378650723457048581000000000000000000000e+92	
2.890870981891708548000000000000000000000e+91	
1.905332161877805269000000000000000000000e+92	
-4.884841318721798384000000000000000000000e+91	
1.157166466364764791000000000000000000000e+92	
-1.236649827385220317000000000000000000000e+92	
4.093731087562089518000000000000000000000e+91	
-1.984443184993776156000000000000000000000e+92	
-3.380480962484124622000000000000000000000e+91	
1.256864856128262641000000000000000000000e+92	
-1.136951437621722466000000000000000000000e+92	
5.547026572728954010000000000000000000000e+91	
-1.839113636477089707000000000000000000000e+92	
-1.471100981325808250000000000000000000000e+91	
1.493388605990808498000000000000000000000e+92	
-9.004276877591766092000000000000000000000e+91	
7.404459182000164033000000000000000000000e+91	
-1.653370375549968704000000000000000000000e+92	
-1.212205433150819705000000000000000000000e+90	
1.577646691898245929000000000000000000000e+92	
-8.161696018517391788000000000000000000000e+91	
8.859348218480105520000000000000000000000e+91	
-1.507881471901974556000000000000000000000e+92	
1.945671944565160440000000000000000000000e+91	
1.845505828391002194000000000000000000000e+92	
-5.483104653589829134000000000000000000000e+91	
1.102997874795399680000000000000000000000e+92	
-1.290818418954585427000000000000000000000e+92	
3.608594434288474544000000000000000000000e+91	
1.961052540377760625000000000000000000000e+92	
-4.327637533722244829000000000000000000000e+91	
1.246770480459942428000000000000000000000e+92	
-1.147045813290042680000000000000000000000e+92	
5.328438956554528778000000000000000000000e+91	
-1.860972398094532230000000000000000000000e+92	
-1.807273909441918332000000000000000000000e+91	
1.448018633826260171000000000000000000000e+92	
-9.457976599237249364000000000000000000000e+91	
6.833291156114889814000000000000000000000e+91	
-1.710487178138496126000000000000000000000e+92	
-8.097984132587884503000000000000000000000e+90	
1.497053763606792968000000000000000000000e+92	
-8.967625301431921391000000000000000000000e+91	
8.302768513202220975000000000000000000000e+91	
-1.563539442429763010000000000000000000000e+92	
1.638317723691920774000000000000000000000e+91	
1.839680551596663407000000000000000000000e+92	
-5.541357421533217004000000000000000000000e+91	
1.122070346319211748000000000000000000000e+92	
-1.271745947430773360000000000000000000000e+92	
4.048172724655510946000000000000000000000e+91	
-1.988999021284434013000000000000000000000e+92	
-3.120788476970949799000000000000000000000e+91	
1.313343998172644132000000000000000000000e+92	
-1.080472295577340975000000000000000000000e+92	
5.465603985093833440000000000000000000000e+91	
-1.847255895240601764000000000000000000000e+92	
-2.198415977197662098000000000000000000000e+91	
1.356100009559184796000000000000000000000e+92	
-1.037716284190800312000000000000000000000e+92	
6.939388714015565208000000000000000000000e+91	
-1.699877422348428587000000000000000000000e+92	
3.210726945775320627000000000000000000000e+90	
1.712567229713937332000000000000000000000e+92	
-6.812490640360477758000000000000000000000e+91	
9.995659106293200263000000000000000000000e+91	
-1.394250383120665081000000000000000000000e+92	
2.869194292746801886000000000000000000000e+91	
1.916589799044433530000000000000000000000e+92	
-4.772264947055515781000000000000000000000e+91	
1.152824165812309919000000000000000000000e+92	
-1.240992127937675189000000000000000000000e+92	
3.894386340698704802000000000000000000000e+91	
-2.004377659680114627000000000000000000000e+92	
-3.735669853471208803000000000000000000000e+91	
1.205769308476935357000000000000000000000e+92	
-1.188046985273049751000000000000000000000e+92	
5.366292242124028639000000000000000000000e+91	
-1.857187069537582244000000000000000000000e+92	
-1.321778506422141633000000000000000000000e+91	
1.541310108170749922000000000000000000000e+92	
-8.525061855792351858000000000000000000000e+91	
8.213402573828685917000000000000000000000e+91	
-1.572476036367116516000000000000000000000e+92	
1.017287123381431350300000000000000000000e+91	
1.724437484705071409000000000000000000000e+92	
-6.693788090449136989000000000000000000000e+91	
9.628413775457312513000000000000000000000e+91	
-1.430974916204253856000000000000000000000e+92	
2.016242921730141787000000000000000000000e+91	
1.782748229945711905000000000000000000000e+92	
-6.110680638042732024000000000000000000000e+91	
1.109048362791439154000000000000000000000e+92	
-1.284767930958545954000000000000000000000e+92	
4.356837743037669914000000000000000000000e+91	
2.104616487611025476000000000000000000000e+92	
-2.891998061389596318000000000000000000000e+91	
1.380093658316013504000000000000000000000e+92	
-1.013722635433971604100000000000000000000e+92	
6.559314006345216944000000000000000000000e+91	
-1.737884893115463413000000000000000000000e+92	
-6.787046487829810535000000000000000000000e+90	
1.550650072407705506000000000000000000000e+92	
-8.431662213422796010000000000000000000000e+91	
7.981487066325098659000000000000000000000e+91	
-1.595667587117475242000000000000000000000e+92	
4.602183648486710029000000000000000000000e+90	
1.636231465576092410000000000000000000000e+92	
-7.575848281738926974000000000000000000000e+91	
9.435078963549850204000000000000000000000e+91	
-1.450308397395000087000000000000000000000e+92	
2.511290732826224590000000000000000000000e+91	
1.901057014775674487000000000000000000000e+92	
-4.927592789743106206000000000000000000000e+91	
1.157538871727624783000000000000000000000e+92	
-1.236277422022360325000000000000000000000e+92	
4.143907536472920914000000000000000000000e+91	
-1.979425540102693016000000000000000000000e+92	
-3.283875236148002745000000000000000000000e+91	
1.271166045869210713000000000000000000000e+92	
-1.122650247880774395000000000000000000000e+92	
5.591671004891291370000000000000000000000e+91	
-1.834649193260855970000000000000000000000e+92	
-1.524775060099958087000000000000000000000e+91	
1.478194240014512431000000000000000000000e+92	
-9.156220537354726767000000000000000000000e+91	
7.154294846845215414000000000000000000000e+91	
-1.678386809065463566000000000000000000000e+92	
-4.695566726039372556000000000000000000000e+90	
1.533000785249116043000000000000000000000e+92	
-8.608155085008690642000000000000000000000e+91	
8.621075231753149332000000000000000000000e+91	
-1.531708770574670174000000000000000000000e+92	
1.915481430114059194000000000000000000000e+91	
1.863284668580839235000000000000000000000e+92	
-5.305316251691458724000000000000000000000e+91	
1.141564256181189471000000000000000000000e+92	
-1.252252037568795637000000000000000000000e+92	
4.202030207226749853000000000000000000000e+91	
-1.973613273027310122000000000000000000000e+92	
-3.007992165454676713000000000000000000000e+91	
1.320519555700649942000000000000000000000e+92	
-1.073296738049335165000000000000000000000e+92	
5.624086604863525067000000000000000000000e+91	
-1.831407633263632601000000000000000000000e+92	
-1.953249474187514985000000000000000000000e+91	
1.389280734207323482000000000000000000000e+92	
-1.004535559542661626000000000000000000000e+92	
7.087455635869343324000000000000000000000e+91	
-1.685070730163050775000000000000000000000e+92	
2.854907334293351960000000000000000000000e+90	
1.690653284910729360000000000000000000000e+92	
-7.031630088392557472000000000000000000000e+91	
9.593053522010431356000000000000000000000e+91	
-1.434510941548941972000000000000000000000e+92	
2.283213877384279205000000000000000000000e+91	
1.839663400373335601000000000000000000000e+92	
-5.541528933766495063000000000000000000000e+91	
1.101958901865103292000000000000000000000e+92	
-1.291857391884881815000000000000000000000e+92	
3.646215350614530654000000000000000000000e+91	
1.969613307238487034000000000000000000000e+92	
-4.242029865114980734000000000000000000000e+91	
1.245167860407435979000000000000000000000e+92	
-1.148648433342549129000000000000000000000e+92	
5.210829466791514025000000000000000000000e+91	
-1.872733347070833705000000000000000000000e+92	
-2.026416133720486525000000000000000000000e+91	
1.415956190903142701000000000000000000000e+92	
-9.778601028468424062000000000000000000000e+91	
6.634729681113893618000000000000000000000e+91	
-1.730343325638595746000000000000000000000e+92	
-8.863576808198787270000000000000000000000e+90	
1.501591985938819510000000000000000000000e+92	
-8.922243078111655974000000000000000000000e+91	
8.090116044251811390000000000000000000000e+91	
-1.584804689324803969000000000000000000000e+92	
1.167758978003899258000000000000000000000e+91	
1.766846884516579275000000000000000000000e+92	
-6.269694092334058328000000000000000000000e+91	
1.023471715502679428400000000000000000000e+92	
-1.370344578247305679000000000000000000000e+92	
2.804665003029368788000000000000000000000e+91	
1.879793244788980225000000000000000000000e+92	
-5.140230489610048823000000000000000000000e+91	
1.167453558536640070000000000000000000000e+92	
-1.226362735213345038000000000000000000000e+92	
4.554683807409842708000000000000000000000e+91	
-1.938347913009000837000000000000000000000e+92	
-2.561624650253971140000000000000000000000e+91	
1.374523034883582548000000000000000000000e+92	
-1.019293258866402559500000000000000000000e+92	
6.117720265931984140000000000000000000000e+91	
-1.782044267156786694000000000000000000000e+92	
-1.505993851535672925000000000000000000000e+91	
1.429370800716039129000000000000000000000e+92	
-9.644454930339459785000000000000000000000e+91	
7.585882074102744769000000000000000000000e+91	
-1.635228086339710631000000000000000000000e+92	
8.813944093813002281000000000000000000000e+90	
1.759986525150465724000000000000000000000e+92	
-6.338297685995193832000000000000000000000e+91	
1.038376616372252291000000000000000000000e+92	
-1.355439677377732817000000000000000000000e+92	
3.171258295410905942000000000000000000000e+91	
1.938196175919279842000000000000000000000e+92	
-4.556201178307052656000000000000000000000e+91	
1.179778036417636398000000000000000000000e+92	
-1.214038257332348710000000000000000000000e+92	
4.217373371307459012000000000000000000000e+91	
-1.972078956619239206000000000000000000000e+92	
-3.359261097811969563000000000000000000000e+91	
1.248749697921178694000000000000000000000e+92	
-1.145066595828806414000000000000000000000e+92	
5.682556473814540212000000000000000000000e+91	
-1.825560646368531086000000000000000000000e+92	
-1.118997432460185662000000000000000000000e+91	
1.550245547484354031000000000000000000000e+92	
-8.435707462656310762000000000000000000000e+91	
8.189386734934717985000000000000000000000e+91	
-1.574877620256513309000000000000000000000e+92	
8.799574731606188232000000000000000000000e+90	
1.699378777812745899000000000000000000000e+92	
-6.944375159372392088000000000000000000000e+91	
9.617766470770669048000000000000000000000e+91	
-1.432039646672918203000000000000000000000e+92	
2.245415971008356208000000000000000000000e+91	
1.829635635185507128000000000000000000000e+92	
-5.641806585644779798000000000000000000000e+91	
1.105162568875844890000000000000000000000e+92	
-1.288653724874140218000000000000000000000e+92	
3.810500494142716939000000000000000000000e+91	
1.999260087353959204000000000000000000000e+92	
-3.945562063960259038000000000000000000000e+91	
1.246810746320494948000000000000000000000e+92	
-1.147005547429490159000000000000000000000e+92	
4.947358750235497060000000000000000000000e+91	
-1.899080418726435402000000000000000000000e+92	
-2.569647128983705974000000000000000000000e+91	
1.333670986271679993000000000000000000000e+92	
-1.060145307478305114000000000000000000000e+92	
6.404539805742883702000000000000000000000e+91	
-1.753362313175696737000000000000000000000e+92	
-5.241803340695993380000000000000000000000e+90	
1.597016962622393818000000000000000000000e+92	
-7.967993311275912894000000000000000000000e+91	
8.530061194336836512000000000000000000000e+91	
-1.540810174316301456000000000000000000000e+92	
1.093655464136385782000000000000000000000e+91	
1.708057249276447589000000000000000000000e+92	
-6.857590444735375182000000000000000000000e+91	
9.972925747625919949000000000000000000000e+91	
-1.396523718987393113000000000000000000000e+92	
2.868816248729440844000000000000000000000e+91	
1.918786413555876161000000000000000000000e+92	
-4.750298801941089466000000000000000000000e+91	
1.157254087238798812000000000000000000000e+92	
-1.236562206511186296000000000000000000000e+92	
3.961007509666794493000000000000000000000e+91	
-1.997715542783305658000000000000000000000e+92	
-3.646737838715878932000000000000000000000e+91	
1.216892484192450554000000000000000000000e+92	
-1.176923809557534553000000000000000000000e+92	
5.430197774010548710000000000000000000000e+91	
-1.850796516348930237000000000000000000000e+92	
-1.305175647070346947000000000000000000000e+91	
1.538242480953703869000000000000000000000e+92	
-8.555738127962812384000000000000000000000e+91	
8.135470699432839928000000000000000000000e+91	
-1.580269223806701115000000000000000000000e+92	
8.921231643472993518000000000000000000000e+90	
1.707200230926144958000000000000000000000e+92	
-6.866160628238401495000000000000000000000e+91	
9.556145824102430732000000000000000000000e+91	
-1.438201711339742034000000000000000000000e+92	
2.044029737989872684000000000000000000000e+91	
1.795527408930491235000000000000000000000e+92	
-5.982888848194938722000000000000000000000e+91	
1.100653744631164933000000000000000000000e+92	
-1.293162549118820174000000000000000000000e+92	
4.061258965134659292000000000000000000000e+91	
2.053905882461543402000000000000000000000e+92	
-3.399104112884417051000000000000000000000e+91	
1.308240852836625614000000000000000000000e+92	
-1.085575440913359493000000000000000000000e+92	
5.629469166155398978000000000000000000000e+91	
-1.830869377134445210000000000000000000000e+92	
-1.819761108829169713000000000000000000000e+91	
1.415433775737657240000000000000000000000e+92	
-9.783825180123278673000000000000000000000e+91	
7.077753883384209166000000000000000000000e+91	
-1.686040905411564191000000000000000000000e+92	
4.691796646135154668000000000000000000000e+88	
1.635477164433951112000000000000000000000e+92	
-7.583391293160339950000000000000000000000e+91	
8.770464898428056646000000000000000000000e+91	
-1.516769803907179443000000000000000000000e+92	
1.189932617047223931000000000000000000000e+91	
1.703279482162485932000000000000000000000e+92	
-6.905368115874991754000000000000000000000e+91	
1.022996789370705022300000000000000000000e+92	
-1.370819504379280085000000000000000000000e+92	
3.430526513052509570000000000000000000000e+91	
2.005409089464064414000000000000000000000e+92	
-3.884072042859206940000000000000000000000e+91	
1.274313257820366900000000000000000000000e+92	
-1.119503035929618207000000000000000000000e+92	
5.435812689611810351000000000000000000000e+91	
-1.850235024788804072000000000000000000000e+92	
-1.867870581862958980000000000000000000000e+91	
1.425170285380940012000000000000000000000e+92	
-9.686460083690450957000000000000000000000e+91	
6.867228760236124428000000000000000000000e+91	
-1.707093417726372665000000000000000000000e+92	
-5.135703190639579919000000000000000000000e+90	
1.552892568683017691000000000000000000000e+92	
-8.409237250669674168000000000000000000000e+91	
8.305790809624423512000000000000000000000e+91	
-1.563237212787542756000000000000000000000e+92	
1.086250653374363704000000000000000000000e+91	
1.728992532896041125000000000000000000000e+92	
-6.648237608539439824000000000000000000000e+91	
9.723434351542948074000000000000000000000e+91	
-1.421472858595690300000000000000000000000e+92	
2.160708972323494982000000000000000000000e+91	
1.802136921714238167000000000000000000000e+92	
-5.916793720357469405000000000000000000000e+91	
1.117955674180839340000000000000000000000e+92	
-1.275860619569145767000000000000000000000e+92	
4.341149215585574197000000000000000000000e+91	
2.092576684379765719000000000000000000000e+92	
-3.012396093702193887000000000000000000000e+91	
1.357588115652599499000000000000000000000e+92	
-1.036228178097385608300000000000000000000e+92	
6.229653269994745110000000000000000000000e+91	
-1.770850966750510597000000000000000000000e+92	
-1.112918636165385822000000000000000000000e+91	
1.496778551843918627000000000000000000000e+92	
-8.970377419060664810000000000000000000000e+91	
7.664575909769337752000000000000000000000e+91	
-1.627358702773051332000000000000000000000e+92	
3.650008726630020747000000000000000000000e+90	
1.648868049816823055000000000000000000000e+92	
-7.449482439331620528000000000000000000000e+91	
9.092503472785789892000000000000000000000e+91	
-1.484565946471406118000000000000000000000e+92	
1.700007285847756760000000000000000000000e+91	
1.773081200537665052000000000000000000000e+92	
-6.207350932123200560000000000000000000000e+91	
1.052944188385687729400000000000000000000e+92	
-1.340872105364297378000000000000000000000e+92	
3.331655651676791877000000000000000000000e+91	
1.955707342510734664000000000000000000000e+92	
-4.381089512392504438000000000000000000000e+91	
1.194152705037245385000000000000000000000e+92	
-1.199663588712739723000000000000000000000e+92	
4.329770687122557722000000000000000000000e+91	
-1.960839225037729335000000000000000000000e+92	
-3.278197550808657400000000000000000000000e+91	
1.253724235120811915000000000000000000000e+92	
-1.140092058629173193000000000000000000000e+92	
5.798489987235046941000000000000000000000e+91	
-1.813967295026480414000000000000000000000e+92	
-9.369087173159352501000000000000000000000e+90	
1.575066646840413702000000000000000000000e+92	
-8.187496469095714050000000000000000000000e+91	
8.503687099989122139000000000000000000000e+91	
-1.543447583751072894000000000000000000000e+92	
1.260314319163009908000000000000000000000e+91	
1.744016823090058018000000000000000000000e+92	
-6.497994706599270899000000000000000000000e+91	
9.923868736498007007000000000000000000000e+91	
-1.401429420100184407000000000000000000000e+92	
2.411309861613292093000000000000000000000e+91	
1.832211164451783908000000000000000000000e+92	
-5.616051292982011992000000000000000000000e+91	
1.137381667747414978000000000000000000000e+92	
-1.256434626002570130000000000000000000000e+92	
4.428979652438879671000000000000000000000e+91	
-1.950918328506097140000000000000000000000e+92	
-2.512401151494036838000000000000000000000e+91	
1.396929444548271965000000000000000000000e+92	
-9.968868492017131427000000000000000000000e+91	
6.516537947946787500000000000000000000000e+91	
-1.742162498955306358000000000000000000000e+92	
-9.325095533686934257000000000000000000000e+90	
1.504177199554558260000000000000000000000e+92	
-8.896390941954268480000000000000000000000e+91	
7.963605135643563791000000000000000000000e+91	
-1.597455780185628728000000000000000000000e+92	
8.889608507967967081000000000000000000000e+90	
1.723745928779038167000000000000000000000e+92	
-6.700703649709469404000000000000000000000e+91	
9.651571918196168869000000000000000000000e+91	
-1.428659101930368221000000000000000000000e+92	
2.069459799757943776000000000000000000000e+91	
1.791074295351206547000000000000000000000e+92	
-6.027419983987785609000000000000000000000e+91	
1.111007286764767913000000000000000000000e+92	
-1.282809006985217194000000000000000000000e+92	
4.312787255655926162000000000000000000000e+91	
-1.962537568184392491000000000000000000000e+92	
-2.481115566806540516000000000000000000000e+91	
1.414798461661212319000000000000000000000e+92	
-9.790178320887727889000000000000000000000e+91	
6.842559347015886496000000000000000000000e+91	
-1.709560359048396458000000000000000000000e+92	
-4.592302483539505409000000000000000000000e+90	
1.566223592100190442000000000000000000000e+92	
-8.275927016497946661000000000000000000000e+91	
8.271855856097110146000000000000000000000e+91	
-1.566630708140274093000000000000000000000e+92	
8.851537446767042617000000000000000000000e+90	
1.692174965619896434000000000000000000000e+92	
-7.016413281300886731000000000000000000000e+91	
9.709218813613500214000000000000000000000e+91	
-1.422894412388635086000000000000000000000e+92	
2.500277414698156298000000000000000000000e+91	
1.871454557295968174000000000000000000000e+92	
-5.223617364540169332000000000000000000000e+91	
1.112372274812662560000000000000000000000e+92	
-1.281444018937322548000000000000000000000e+92	
3.536677630666233541000000000000000000000e+91	
-2.040148530683361754000000000000000000000e+92	
-4.046591659464452308000000000000000000000e+91	
1.179353489848419407000000000000000000000e+92	
-1.214462803901565700000000000000000000000e+92	
5.003559369516626544000000000000000000000e+91	
-1.893460356798322453000000000000000000000e+92	
-1.783037007913893332000000000000000000000e+91	
1.485336598435498338000000000000000000000e+92	
-9.084796953144867696000000000000000000000e+91	
7.555239889236844938000000000000000000000e+91	
-1.638292304826300614000000000000000000000e+92	
2.607458357816956662000000000000000000000e+90	
1.638950391629663769000000000000000000000e+92	
-7.548659021203213388000000000000000000000e+91	
8.982716875745731745000000000000000000000e+91	
-1.495544606175411933000000000000000000000e+92	
1.579615953901129453000000000000000000000e+91	
1.759982121615753266000000000000000000000e+92	
-6.338341721342318416000000000000000000000e+91	
1.042105140486403032100000000000000000000e+92	
-1.351711153263582076000000000000000000000e+92	
3.245854235465691593000000000000000000000e+91	
1.949384982983097134000000000000000000000e+92	
-4.444313107668879734000000000000000000000e+91	
1.183062415530222779000000000000000000000e+92	
-1.210753878219762329000000000000000000000e+92	
4.171212220706176505000000000000000000000e+91	
-1.976695071679367457000000000000000000000e+92	
-3.484387871932383596000000000000000000000e+91	
1.228344388021285786000000000000000000000e+92	
-1.165471905728699322000000000000000000000e+92	
5.645751201035215800000000000000000000000e+91	
-1.829241173646463528000000000000000000000e+92	
-9.886381128617143397000000000000000000000e+90	
1.579989619440079464000000000000000000000e+92	
-8.138266743099056436000000000000000000000e+91	
8.653825703433924892000000000000000000000e+91	
-1.528433723406592618000000000000000000000e+92	
1.511311580966530793000000000000000000000e+91	
1.779197395696579751000000000000000000000e+92	
-6.146188980534053563000000000000000000000e+91	
1.013828428619404343500000000000000000000e+92	
-1.379987865130580764000000000000000000000e+92	
2.488403609593882418000000000000000000000e+91	
1.826195193140886500000000000000000000000e+92	
-5.676211006090986072000000000000000000000e+91	
1.160410484243376427000000000000000000000e+92	
-1.233405809506608680000000000000000000000e+92	
4.949571148938241700000000000000000000000e+91	
-1.898859178856160938000000000000000000000e+92	
-1.701650798047623125000000000000000000000e+91	
1.507005925318382567000000000000000000000e+92	
-8.868103684316025404000000000000000000000e+91	
7.907172879074783184000000000000000000000e+91	
-1.603099005842506789000000000000000000000e+92	
7.478512421871778149000000000000000000000e+90	
1.701171446832336171000000000000000000000e+92	
-6.926448469176489362000000000000000000000e+91	
9.341234008082881339000000000000000000000e+91	
-1.459692892941696974000000000000000000000e+92	
1.674570898247645513000000000000000000000e+91	
1.743134513890258110000000000000000000000e+92	
-6.506817798597269971000000000000000000000e+91	
1.081010437436249978000000000000000000000e+92	
-1.312805856313735130000000000000000000000e+92	
4.192158787516537550000000000000000000000e+91	
2.099712863831811340000000000000000000000e+92	
-2.941034299181737672000000000000000000000e+91	
1.386748551145107780000000000000000000000e+92	
-1.007067742604877327400000000000000000000e+92	
6.741390577714927068000000000000000000000e+91	
-1.719677235978492401000000000000000000000e+92	
-3.811579287114668505000000000000000000000e+90	
1.591946012708649218000000000000000000000e+92	
-8.018702810413358892000000000000000000000e+91	
8.285716204816067146000000000000000000000e+91	
-1.565244673268378393000000000000000000000e+92	
6.557713503623559048000000000000000000000e+90	
1.644924557290893822000000000000000000000e+92	
-7.488917364590912852000000000000000000000e+91	
9.751688253283351469000000000000000000000e+91	
-1.418647468421649961000000000000000000000e+92	
3.057464091636692118000000000000000000000e+91	
1.978619332902081719000000000000000000000e+92	
-4.151969608479033882000000000000000000000e+91	
1.258034753122742332000000000000000000000e+92	
-1.135781540627242776000000000000000000000e+92	
5.378087850173252380000000000000000000000e+91	
-1.856007508732659870000000000000000000000e+92	
-1.820587498836184456000000000000000000000e+91	
1.440394160024975915000000000000000000000e+92	
-9.534221337250091923000000000000000000000e+91	
6.797223134545882982000000000000000000000e+91	
-1.714093980295396809000000000000000000000e+92	
-8.057097130382177966000000000000000000000e+90	
1.501476307337451699000000000000000000000e+92	
-8.923399864125334090000000000000000000000e+91	
8.262022987717490924000000000000000000000e+91	
-1.567613994978236015000000000000000000000e+92	
1.512643522719907005000000000000000000000e+91	
1.818624490576633458000000000000000000000e+92	
-5.751918031733516491000000000000000000000e+91	
1.092529868898797961000000000000000000000e+92	
-1.301286424851187147000000000000000000000e+92	
3.667966010647896082000000000000000000000e+91	
-2.027019692685195499000000000000000000000e+92	
-3.585754927595292832000000000000000000000e+91	
1.258375597666894505000000000000000000000e+92	
-1.135440696083090603000000000000000000000e+92	
5.095885458423685896000000000000000000000e+91	
-1.884227747907616518000000000000000000000e+92	
-2.388258588487032119000000000000000000000e+91	
1.355094388124930317000000000000000000000e+92	
-1.038721905625054790200000000000000000000e+92	
6.548998676085625250000000000000000000000e+91	
-1.738916426141422582000000000000000000000e+92	
-4.494618870787690109000000000000000000000e+90	
1.597518235741927688000000000000000000000e+92	
-7.962980580080574202000000000000000000000e+91	
8.465402900020272728000000000000000000000e+91	
-1.547276003747957835000000000000000000000e+92	
9.593608173272787086000000000000000000000e+90	
1.687667614922654073000000000000000000000e+92	
-7.061486788273310342000000000000000000000e+91	
9.916550287864458561000000000000000000000e+91	
-1.402161264963539252000000000000000000000e+92	
2.959888256364816222000000000000000000000e+91	
1.942631023074829732000000000000000000000e+92	
-4.511852706751553758000000000000000000000e+91	
1.195828771180778894000000000000000000000e+92	
-1.197987522569206214000000000000000000000e+92	
4.493981786493561273000000000000000000000e+91	
-1.944418115100628980000000000000000000000e+92	
-2.966609394822999687000000000000000000000e+91	
1.299613421900692453000000000000000000000e+92	
-1.094202871849292654000000000000000000000e+92	
5.945134550729176220000000000000000000000e+91	
-1.799302838677067486000000000000000000000e+92	
-1.102356062727221562000000000000000000000e+91	
1.527328253215142008000000000000000000000e+92	
-8.664880405348431000000000000000000000000e+91	
7.714521813662176129000000000000000000000e+91	
-1.622364112383767495000000000000000000000e+92	
1.595228462707220661000000000000000000000e+90	
1.602790565773196925000000000000000000000e+92	
-7.910257279767881825000000000000000000000e+91	
9.172443445119203908000000000000000000000e+91	
-1.476571949238064717000000000000000000000e+92	
2.320392974651031618000000000000000000000e+91	
1.889137444827050810000000000000000000000e+92	
-5.046788489229342972000000000000000000000e+91	
1.152785939267999334000000000000000000000e+92	
-1.241030354481985774000000000000000000000e+92	
4.168008920726345638000000000000000000000e+91	
-1.977015401677350544000000000000000000000e+92	
-3.188178791335360134000000000000000000000e+91	
1.287891633351450440000000000000000000000e+92	
-1.105924660398534667000000000000000000000e+92	
5.607313712022028658000000000000000000000e+91	
-1.833084922547782242000000000000000000000e+92	
-1.660670067683699075000000000000000000000e+91	
1.449458509327357777000000000000000000000e+92	
-9.443577844226273306000000000000000000000e+91	
7.034296998512785333000000000000000000000e+91	
-1.690386593898706574000000000000000000000e+92	
-4.222783517948536704000000000000000000000e+90	
1.554447909449459356000000000000000000000e+92	
-8.393683843005257518000000000000000000000e+91	
8.481552070487282540000000000000000000000e+91	
-1.545661086701256854000000000000000000000e+92	
1.422140037161072584000000000000000000000e+91	
1.778586314507556190000000000000000000000e+92	
-6.152299792424289170000000000000000000000e+91	
1.021519286957521985700000000000000000000e+92	
-1.372297006792463122000000000000000000000e+92	
2.648290272174572352000000000000000000000e+91	
1.850477537767884597000000000000000000000e+92	
-5.433387559821005109000000000000000000000e+91	
1.167114385697633575000000000000000000000e+92	
-1.226701908052351532000000000000000000000e+92	
4.840913213988081056000000000000000000000e+91	
-1.909724972351177002000000000000000000000e+92	
-1.985918243792925912000000000000000000000e+91	
1.461026969182555673000000000000000000000e+92	
-9.327893245674294348000000000000000000000e+91	
7.271948553791963194000000000000000000000e+91	
-1.666621438370788788000000000000000000000e+92	
-6.272053880389454514000000000000000000000e+89	
1.602588249638986655000000000000000000000e+92	
-7.912280441109984524000000000000000000000e+91	
8.704535786362732516000000000000000000000e+91	
-1.523362715113711856000000000000000000000e+92	
1.386832674148712364000000000000000000000e+91	
1.749239324630378726000000000000000000000e+92	
-6.445769691196063820000000000000000000000e+91	
1.013319472405720944400000000000000000000e+92	
-1.380496821344264163000000000000000000000e+92	
2.777658637248258880000000000000000000000e+91	
1.884540506305803602000000000000000000000e+92	
-5.092757874441815059000000000000000000000e+91	
1.156438007402782002000000000000000000000e+92	
-1.237378286347203106000000000000000000000e+92	
4.286978615992377758000000000000000000000e+91	
-1.965118432150747332000000000000000000000e+92	
-2.986801114362645472000000000000000000000e+91	
1.316266098040279130000000000000000000000e+92	
-1.077550195709705978000000000000000000000e+92	
5.716424224267287296000000000000000000000e+91	
-1.822173871323256378000000000000000000000e+92	
-1.726106780312508443000000000000000000000e+91	
1.425468802228747970000000000000000000000e+92	
-9.683474915212371378000000000000000000000e+91	
7.163803249582325028000000000000000000000e+91	
-1.677435968791752605000000000000000000000e+92	
7.644738122689465684000000000000000000000e+89	
1.641224056085640539000000000000000000000e+92	
-7.525922376643445686000000000000000000000e+91	
8.813654256894395772000000000000000000000e+91	
-1.512450868060545530000000000000000000000e+92	
1.218849523937885464000000000000000000000e+91	
1.704744637987805986000000000000000000000e+92	
-6.890716557621791213000000000000000000000e+91	
1.027477877727836940900000000000000000000e+92	
-1.366338416022148167000000000000000000000e+92	
3.505481712619737781000000000000000000000e+91	
2.015917540835122390000000000000000000000e+92	
-3.778987529148627176000000000000000000000e+91	
1.287833141167098676000000000000000000000e+92	
-1.105983152582886432000000000000000000000e+92	
5.601110855911470823000000000000000000000e+91	
-1.833705208158838025000000000000000000000e+92	
-1.672488062196843898000000000000000000000e+91	
1.447715475483088641000000000000000000000e+92	
-9.461008182668964667000000000000000000000e+91	
7.028763363707127307000000000000000000000e+91	
-1.690939957379272377000000000000000000000e+92	
-4.159212035686748448000000000000000000000e+90	
1.556272110809391036000000000000000000000e+92	
-8.375441829405940716000000000000000000000e+91	
8.474626443918259314000000000000000000000e+91	
-1.546353649358159176000000000000000000000e+92	
1.390059295545426785000000000000000000000e+91	
1.772863980730165940000000000000000000000e+92	
-6.209523130198191682000000000000000000000e+91	
1.013283944830118392400000000000000000000e+92	
-1.380532348919866715000000000000000000000e+92	
2.540819273831378257000000000000000000000e+91	
1.837219930247342417000000000000000000000e+92	
-5.565963635026426908000000000000000000000e+91	
1.159185761472730848000000000000000000000e+92	
-1.234630532277254260000000000000000000000e+92	
4.814890284066593752000000000000000000000e+91	
-1.912327265343325732000000000000000000000e+92	
-1.958704368817267821000000000000000000000e+91	
1.469069387745985441000000000000000000000e+92	
-9.247469060039996666000000000000000000000e+91	
7.405556569031723812000000000000000000000e+91	
-1.653260636846812726000000000000000000000e+92	
1.240448381669247806000000000000000000000e+90	
1.626577878038953000000000000000000000000e+92	
-7.672384157110321078000000000000000000000e+91	
8.831707452427260748000000000000000000000e+91	
-1.510645548507259033000000000000000000000e+92	
1.401335821679985305000000000000000000000e+91	
1.739428394678482550000000000000000000000e+92	
-6.543878990715025571000000000000000000000e+91	
1.027345513506006395700000000000000000000e+92	
-1.366470780243978712000000000000000000000e+92	
3.156170129866202767000000000000000000000e+91	
1.946204906742211727000000000000000000000e+92	
-4.476113870077733806000000000000000000000e+91	
1.183356340873869831000000000000000000000e+92	
-1.210459952876115277000000000000000000000e+92	
4.208874201004020290000000000000000000000e+91	
-1.972928873649583079000000000000000000000e+92	
-3.412020445152946416000000000000000000000e+91	
1.239049948169399282000000000000000000000e+92	
-1.154766345580585826000000000000000000000e+92	
5.679277841311200848000000000000000000000e+91	
-1.825888509618865023000000000000000000000e+92	
-1.028603840801518943400000000000000000000e+91	
1.568647467302340902000000000000000000000e+92	
-8.251688264476442053000000000000000000000e+91	
8.466984945195081800000000000000000000000e+91	
-1.547117799230476928000000000000000000000e+92	
1.251088124249320705000000000000000000000e+91	
1.745840432196935306000000000000000000000e+92	
-6.479758615530498018000000000000000000000e+91	
9.883982359808016275000000000000000000000e+91	
-1.405418057769183480000000000000000000000e+92	
2.313329942839659922000000000000000000000e+91	
1.816606709494032248000000000000000000000e+92	
-5.772095842559528596000000000000000000000e+91	
1.134082123682869636000000000000000000000e+92	
-1.259734170067115472000000000000000000000e+92	
4.518972083157868886000000000000000000000e+91	
-1.941919085434198219000000000000000000000e+92	
-2.299482056502262916000000000000000000000e+91	
1.430507902811641709000000000000000000000e+92	
-9.633083909383433983000000000000000000000e+91	
6.975126872037175258000000000000000000000e+91	
-1.696303606546267582000000000000000000000e+92	
-3.511774035763690790000000000000000000000e+90	
1.574578628570042947000000000000000000000e+92	
-8.192376651799421608000000000000000000000e+91	
8.407129829925472868000000000000000000000e+91	
-1.553103310757437821000000000000000000000e+92	
1.072125586465069694000000000000000000000e+91	
1.716039363758803664000000000000000000000e+92	
-6.777769299911814438000000000000000000000e+91	
9.838225963148406549000000000000000000000e+91	
-1.409993697435144453000000000000000000000e+92	
2.519702295089364738000000000000000000000e+91	
1.862444271976356435000000000000000000000e+92	
-5.313720217736286724000000000000000000000e+91	
1.126545294030694014000000000000000000000e+92	
-1.267270999719291093000000000000000000000e+92	
3.910125492403391340000000000000000000000e+91	
-2.002803744509645974000000000000000000000e+92	
-3.441541446571215041000000000000000000000e+91	
1.263007220152298574000000000000000000000e+92	
-1.130809073597686534000000000000000000000e+92	
5.349245923349592668000000000000000000000e+91	
-1.858891701415025841000000000000000000000e+92	
-1.927956922721002848000000000000000000000e+91	
1.421808375990300231000000000000000000000e+92	
-9.720079177596848764000000000000000000000e+91	
6.777662170278085921000000000000000000000e+91	
-1.716050076722176516000000000000000000000e+92	
-6.590565618116870636000000000000000000000e+90	
1.532754762069801282000000000000000000000e+92	
-8.610615316801838250000000000000000000000e+91	
8.222926288768429880000000000000000000000e+91	
-1.571523664873142120000000000000000000000e+92	
1.121840697430476237000000000000000000000e+91	
1.744391098691718580000000000000000000000e+92	
-6.494251950582665279000000000000000000000e+91	
9.831608622251610559000000000000000000000e+91	
-1.410655431524824052000000000000000000000e+92	
2.223094654631985776000000000000000000000e+91	
1.803798909855239143000000000000000000000e+92	
-5.900173838947459646000000000000000000000e+91	
1.129297412379396170000000000000000000000e+92	
-1.264518881370588938000000000000000000000e+92	
4.551315925156755196000000000000000000000e+91	
-1.938684701234309588000000000000000000000e+92	
-2.186987167918288253000000000000000000000e+91	
1.449768507469808717000000000000000000000e+92	
-9.440477862801763902000000000000000000000e+91	
7.247804207880410440000000000000000000000e+91	
-1.669035872961944064000000000000000000000e+92	
1.531372633686440374000000000000000000000e+88	
1.617848667321406615000000000000000000000e+92	
-7.759676264285784923000000000000000000000e+91	
8.670020441996377081000000000000000000000e+91	
-1.526814249550347400000000000000000000000e+92	
1.165290931934432877000000000000000000000e+91	
1.708391818323973365000000000000000000000e+92	
-6.854244754260117428000000000000000000000e+91	
1.012073746819125460500000000000000000000e+92	
-1.381742546930859647000000000000000000000e+92	
3.161022103307238363000000000000000000000e+91	
1.962439226385175985000000000000000000000e+92	
-4.313770673648091222000000000000000000000e+91	
1.215331944986147961000000000000000000000e+92	
-1.178484348763837147000000000000000000000e+92	
4.685964747530823386000000000000000000000e+91	
-1.925219818996902769000000000000000000000e+92	
-2.777673693524311216000000000000000000000e+91	
1.318202417708979960000000000000000000000e+92	
-1.075613876041005148000000000000000000000e+92	
6.137217303443398670000000000000000000000e+91	
-1.780094563405645241000000000000000000000e+92	
-9.040835973355419489000000000000000000000e+90	
1.547774162980045154000000000000000000000e+92	
-8.460421307699399538000000000000000000000e+91	
7.925164464681492175000000000000000000000e+91	
-1.601299847281835890000000000000000000000e+92	
3.763459733055060949000000000000000000000e+90	
1.625090618495890268000000000000000000000e+92	
-7.687256752540948400000000000000000000000e+91	
9.382074696586105304000000000000000000000e+91	
-1.455608824091374577000000000000000000000e+92	
2.516661603814680854000000000000000000000e+91	
1.907428710527648289000000000000000000000e+92	
-4.863875832223368186000000000000000000000e+91	
1.169742272436430188000000000000000000000e+92	
-1.224074021313554919000000000000000000000e+92	
4.324229570617082492000000000000000000000e+91	
-1.961393336688276858000000000000000000000e+92	
-3.045294183016375638000000000000000000000e+91	
1.300847153717893650000000000000000000000e+92	
-1.092969140032091458000000000000000000000e+92	
5.764893280837396974000000000000000000000e+91	
-1.817326965666245410000000000000000000000e+92	
-1.475080080538879271000000000000000000000e+91	
1.470817155886725190000000000000000000000e+92	
-9.229991378632599179000000000000000000000e+91	
7.188367497362402085000000000000000000000e+91	
-1.674979544013744899000000000000000000000e+92	
-3.276942005147271056000000000000000000000e+90	
1.557960650263929337000000000000000000000e+92	
-8.358556434860557706000000000000000000000e+91	
8.642415919270729804000000000000000000000e+91	
-1.529574701822912127000000000000000000000e+92	
1.708677751617447394000000000000000000000e+91	
1.819801218138058279000000000000000000000e+92	
-5.740150756119268288000000000000000000000e+91	
1.075289071503064501000000000000000000000e+92	
-1.318527222246920607000000000000000000000e+92	
3.311474445192715329000000000000000000000e+91	
1.929338342776708561000000000000000000000e+92	
-4.644779509732765462000000000000000000000e+91	
1.219334796977261566000000000000000000000e+92	
-1.174481496772723542000000000000000000000e+92	
5.096845970128417126000000000000000000000e+91	
-1.884131696737143395000000000000000000000e+92	
-1.996124329653617649000000000000000000000e+91	
1.433405721267049197000000000000000000000e+92	
-9.604105724829359104000000000000000000000e+91	
6.729862064133734442000000000000000000000e+91	
-1.720830087336611663000000000000000000000e+92	
-8.705487220567172397000000000000000000000e+90	
1.495244487060116463000000000000000000000e+92	
-8.985718066898686442000000000000000000000e+91	
8.194455911989133552000000000000000000000e+91	
-1.574370702551071752000000000000000000000e+92	
1.439830186231099536000000000000000000000e+91	
1.810818791941162547000000000000000000000e+92	
-5.829975018088225606000000000000000000000e+91	
1.084200066236256505000000000000000000000e+92	
-1.309616227513728602000000000000000000000e+92	
3.579429552048259799000000000000000000000e+91	
1.974009468868620631000000000000000000000e+92	
-4.198068248813644770000000000000000000000e+91	
1.226128908781363660000000000000000000000e+92	
-1.167687384968621447000000000000000000000e+92	
4.786205446958986388000000000000000000000e+91	
-1.915195749054086469000000000000000000000e+92	
-2.685158086177045007000000000000000000000e+91	
1.326681853688501744000000000000000000000e+92	
-1.067134440061483363000000000000000000000e+92	
6.238232033425922118000000000000000000000e+91	
-1.769993090407392896000000000000000000000e+92	
-7.868565695201117604000000000000000000000e+90	
1.561117288711173535000000000000000000000e+92	
-8.326990050388115722000000000000000000000e+91	
8.074791887166924836000000000000000000000e+91	
-1.586337105033292624000000000000000000000e+92	
5.421615006567424228000000000000000000000e+90	
1.643290176087895100000000000000000000000e+92	
-7.505261176620900080000000000000000000000e+91	
9.529595165163856735000000000000000000000e+91	
-1.440856777233599434000000000000000000000e+92	
2.629724122197677705000000000000000000000e+91	
1.915290882207370960000000000000000000000e+92	
-4.785254115426141480000000000000000000000e+91	
1.174162077965043458000000000000000000000e+92	
-1.219654215784941649000000000000000000000e+92	
4.334021095936732792000000000000000000000e+91	
-1.960414184156311828000000000000000000000e+92	
-3.069892064644408182000000000000000000000e+91	
1.294950136310044370000000000000000000000e+92	
-1.098866157439940737000000000000000000000e+92	
5.778718970097087927000000000000000000000e+91	
-1.815944396740276315000000000000000000000e+92	
-1.388494756091234504000000000000000000000e+91	
1.486748030838220438000000000000000000000e+92	
-9.070682629117646694000000000000000000000e+91	
7.193611302655356416000000000000000000000e+91	
-1.674455163484449466000000000000000000000e+92	
-4.764386662965904709000000000000000000000e+90	
1.527695040077204111000000000000000000000e+92	
-8.661212536727809967000000000000000000000e+91	
8.665775876026575427000000000000000000000e+91	
-1.527238706147327565000000000000000000000e+92	
2.057891519332772936000000000000000000000e+91	
1.887291759313719524000000000000000000000e+92	
-5.065245344362655831000000000000000000000e+91	
1.175332568461558779000000000000000000000e+92	
-1.218483725288426328000000000000000000000e+92	
4.637276967058102899000000000000000000000e+91	
-1.930088597044174818000000000000000000000e+92	
-2.475230322866979152000000000000000000000e+91	
1.383542395224312740000000000000000000000e+92	
-1.010273898525672367500000000000000000000e+92	
6.211711254582618815000000000000000000000e+91	
-1.772645168291723226000000000000000000000e+92	
-1.408207367477706945000000000000000000000e+91	
1.439528809773019969000000000000000000000e+92	
-9.542874839769651388000000000000000000000e+91	
7.679299636152027538000000000000000000000e+91	
-1.625886330134782354000000000000000000000e+92	
9.666535051368916655000000000000000000000e+90	
1.767696994117175440000000000000000000000e+92	
-6.261192996328096676000000000000000000000e+91	
1.045272050548568719200000000000000000000e+92	
-1.348544243201416388000000000000000000000e+92	
3.232066345435070507000000000000000000000e+91	
1.943462757162428135000000000000000000000e+92	
-4.503535365875569724000000000000000000000e+91	
1.186760049123656132000000000000000000000e+92	
-1.207056244626328976000000000000000000000e+92	
4.304339275847986653000000000000000000000e+91	
-1.963382366165186442000000000000000000000e+92	
-3.255157948690840811000000000000000000000e+91	
1.260872884426034090000000000000000000000e+92	
-1.132943409323951017000000000000000000000e+92	
5.767388203456590732000000000000000000000e+91	
-1.817077473404326034000000000000000000000e+92	
-1.070547723052797401000000000000000000000e+91	
1.551454127017276702000000000000000000000e+92	
-8.423621667327084054000000000000000000000e+91	
8.165126713331441882000000000000000000000e+91	
-1.577303622416840920000000000000000000000e+92	
8.193697227641349496000000000000000000000e+90	
1.689689037807517405000000000000000000000e+92	
-7.041272559424677030000000000000000000000e+91	
9.597814649583195634000000000000000000000e+91	
-1.434034828791665544000000000000000000000e+92	
2.302371435356066692000000000000000000000e+91	
1.843018082746569534000000000000000000000e+92	
-5.507982110034155730000000000000000000000e+91	
1.102264937901900063000000000000000000000e+92	
-1.291551355848085044000000000000000000000e+92	
3.618804419746375987000000000000000000000e+91	
1.963826601485816199000000000000000000000e+92	
-4.299896922641689090000000000000000000000e+91	
1.245832107214887824000000000000000000000e+92	
-1.147984186535097284000000000000000000000e+92	
5.281949356159714656000000000000000000000e+91	
-1.865621358134013642000000000000000000000e+92	
-1.890850911388866390000000000000000000000e+91	
1.435954039196552812000000000000000000000e+92	
-9.578622545534322956000000000000000000000e+91	
6.698168966493680130000000000000000000000e+91	
-1.723999397100617095000000000000000000000e+92	
-9.593896418453461744000000000000000000000e+90	
1.480648456928944020000000000000000000000e+92	
-9.131678368210410880000000000000000000000e+91	
8.169531399667098284000000000000000000000e+91	
-1.576863153783275279000000000000000000000e+92	
1.535881227295452465000000000000000000000e+91	
1.832515430823637539000000000000000000000e+92	
-5.613008629263475683000000000000000000000e+91	
1.117982222328411941000000000000000000000e+92	
-1.275834071421573166000000000000000000000e+92	
4.038046139350513550000000000000000000000e+91	
2.031944618658562790000000000000000000000e+92	
-3.618716750914223171000000000000000000000e+91	
1.266649381993456735000000000000000000000e+92	
-1.127166911756528372000000000000000000000e+92	
5.017350080522648304000000000000000000000e+91	
-1.892081285697720277000000000000000000000e+92	
-2.627986927080909175000000000000000000000e+91	
1.315010280249336142000000000000000000000e+92	
-1.078806013500648966000000000000000000000e+92	
6.489540343497241156000000000000000000000e+91	
-1.744862259400260992000000000000000000000e+92	
-1.677073686673327024000000000000000000000e+90	
1.659797991621413068000000000000000000000e+92	
-7.340183021285720398000000000000000000000e+91	
9.429073773091411098000000000000000000000e+91	
-1.450908916440843998000000000000000000000e+92	
2.263735363034754057000000000000000000000e+91	
1.852158481035557855000000000000000000000e+92	
-5.416578127144272523000000000000000000000e+91	
1.084509356416323896000000000000000000000e+92	
-1.309306937333661212000000000000000000000e+92	
3.172422659750195986000000000000000000000e+91	
1.892319209571266366000000000000000000000e+92	
-5.014970841787187416000000000000000000000e+91	
1.231264337499960502000000000000000000000e+92	
-1.162551956250024606000000000000000000000e+92	
5.705384510895750124000000000000000000000e+91	
-1.823277842660410095000000000000000000000e+92	
-8.985861338542834136000000000000000000000e+90	
1.592035170416586529000000000000000000000e+92	
-8.017811233333985782000000000000000000000e+91	
8.804669613101263316000000000000000000000e+91	
-1.513349332439858776000000000000000000000e+92	
1.692528767210901172000000000000000000000e+91	
1.800354930398836588000000000000000000000e+92	
-5.934613633511485192000000000000000000000e+91	
1.038020268571861155000000000000000000000e+92	
-1.355796025178123952000000000000000000000e+92	
2.760649960863150551000000000000000000000e+91	
1.856451114118069766000000000000000000000e+92	
-5.373651796319153416000000000000000000000e+91	
1.184212770384693756000000000000000000000e+92	
-1.209603523365291352000000000000000000000e+92	
5.123089779649119146000000000000000000000e+91	
-1.881507315785073193000000000000000000000e+92	
-1.592604296366597732000000000000000000000e+91	
1.511466571153147509000000000000000000000e+92	
-8.823497225968375986000000000000000000000e+91	
7.887371363817517011000000000000000000000e+91	
-1.605079157368233406000000000000000000000e+92	
6.636738070933898737000000000000000000000e+90	
1.686319315120932260000000000000000000000e+92	
-7.074969786290528478000000000000000000000e+91	
9.306068346659124101000000000000000000000e+91	
-1.463209459084072698000000000000000000000e+92	
1.752704479065180367000000000000000000000e+91	
1.762272157658757086000000000000000000000e+92	
-6.315441360912280215000000000000000000000e+91	
1.076165168672582952000000000000000000000e+92	
-1.317651125077402155000000000000000000000e+92	
3.903996329768550184000000000000000000000e+91	
2.046937570626991746000000000000000000000e+92	
-3.468787231229933618000000000000000000000e+91	
1.310026134154410627000000000000000000000e+92	
-1.083790159595574480000000000000000000000e+92	
5.734814347050487554000000000000000000000e+91	
-1.820334859044936352000000000000000000000e+92	
-1.626967102342665161000000000000000000000e+91	
1.443453706899817283000000000000000000000e+92	
-9.503625868501678244000000000000000000000e+91	
7.172664982829075914000000000000000000000e+91	
-1.676549795467077516000000000000000000000e+92	
-8.559310412645613207000000000000000000000e+89	
1.607938290941782559000000000000000000000e+92	
-7.858780028082025486000000000000000000000e+91	
8.596393096667231141000000000000000000000e+91	
-1.534176984083261994000000000000000000000e+92	
1.117127326281682714000000000000000000000e+91	
1.706120564478250110000000000000000000000e+92	
-6.876957292717349974000000000000000000000e+91	
1.004421250918456953600000000000000000000e+92	
-1.389395042831528154000000000000000000000e+92	
3.030711504454922092000000000000000000000e+91	
1.944032279252974712000000000000000000000e+92	
-4.497840144970103953000000000000000000000e+91	
1.191551786012444478000000000000000000000e+92	
-1.202264507737540630000000000000000000000e+92	
4.394457780118809536000000000000000000000e+91	
-1.954370515738104154000000000000000000000e+92	
-3.122859311179260294000000000000000000000e+91	
1.278318662332258020000000000000000000000e+92	
-1.115497631417727088000000000000000000000e+92	
5.852420929056932968000000000000000000000e+91	
-1.808574200844291811000000000000000000000e+92	
-1.074895546953244001000000000000000000000e+91	
1.542085737858445584000000000000000000000e+92	
-8.517305558915395239000000000000000000000e+91	
7.982151213731024003000000000000000000000e+91	
-1.595601172376882707000000000000000000000e+92	
5.471470527012253180000000000000000000000e+90	
1.653546495298425648000000000000000000000e+92	
-7.402697984515594597000000000000000000000e+91	
9.425589550162778027000000000000000000000e+91	
-1.451257338733707305000000000000000000000e+92	
2.319252502714331178000000000000000000000e+91	
1.863607394957065807000000000000000000000e+92	
-5.302088987929193004000000000000000000000e+91	
1.101852535445416159000000000000000000000e+92	
-1.291963758304568949000000000000000000000e+92	
3.404767767263084988000000000000000000000e+91	
1.921442120119215890000000000000000000000e+92	
-4.723741736307692177000000000000000000000e+91	
1.247890769126905192000000000000000000000e+92	
-1.145925524623079916000000000000000000000e+92	
5.746746228894976182000000000000000000000e+91	
-1.819141670860487489000000000000000000000e+92	
-9.820648541358742914000000000000000000000e+90	
1.571209467465784393000000000000000000000e+92	
-8.226068262842007148000000000000000000000e+91	
8.471696372501575012000000000000000000000e+91	
-1.546646656499827606000000000000000000000e+92	
1.234901382750063776000000000000000000000e+91	
1.742132981200804609000000000000000000000e+92	
-6.516833125491804987000000000000000000000e+91	
9.891146986679793251000000000000000000000e+91	
-1.404701595082005782000000000000000000000e+92	
2.364711690154835183000000000000000000000e+91	
1.826164395726605418000000000000000000000e+92	
-5.676518980233796895000000000000000000000e+91	
1.134277219266688006000000000000000000000e+92	
-1.259539074483297102000000000000000000000e+92	
4.427343727098490632000000000000000000000e+91	
-1.951081921040136044000000000000000000000e+92	
-2.484643153057827715000000000000000000000e+91	
1.402643173928894605000000000000000000000e+92	
-9.911731198210905028000000000000000000000e+91	
6.603039915996536310000000000000000000000e+91	
-1.733512302150331477000000000000000000000e+92	
-8.166575249254582301000000000000000000000e+90	
1.518695947780511138000000000000000000000e+92	
-8.751203459694739697000000000000000000000e+91	
8.046536200897467651000000000000000000000e+91	
-1.589162673660238342000000000000000000000e+92	
9.096664820532369623000000000000000000000e+90	
1.719597045263827450000000000000000000000e+92	
-6.742192484861576576000000000000000000000e+91	
9.547919568812862328000000000000000000000e+91	
-1.439024336868698875000000000000000000000e+92	
1.903674872916883237000000000000000000000e+91	
1.768285637059046774000000000000000000000e+92	
-6.255306566909383338000000000000000000000e+91	
1.101387279183769056000000000000000000000e+92	
-1.292429014566216051000000000000000000000e+92	
4.348208150835797358000000000000000000000e+91	
-1.958995478666405372000000000000000000000e+92	
-2.314139204143343285000000000000000000000e+91	
1.444645097585109724000000000000000000000e+92	
-9.491711961648753835000000000000000000000e+91	
7.272450264505835732000000000000000000000e+91	
-1.666571267299401534000000000000000000000e+92	
1.020198216287175947000000000000000000000e+90	
1.635477977026936674000000000000000000000e+92	
-7.583383167230484332000000000000000000000e+91	
8.685707209214446214000000000000000000000e+91	
-1.525245572828540486000000000000000000000e+92	
1.020451297898816758200000000000000000000e+91	
1.677863203675609865000000000000000000000e+92	
-7.159530900743752423000000000000000000000e+91	
1.015529579387923223500000000000000000000e+92	
-1.378286714362061884000000000000000000000e+92	
3.535255771548380704000000000000000000000e+91	
2.033813222919797131000000000000000000000e+92	
-3.600030708301879762000000000000000000000e+91	
1.320639675099311755000000000000000000000e+92	
-1.073176618650673353000000000000000000000e+92	
6.078210507214836393000000000000000000000e+91	
-1.785995243028501468000000000000000000000e+92	
-1.046428268476224810500000000000000000000e+91	
1.525210055831657759000000000000000000000e+92	
-8.686062379183273490000000000000000000000e+91	
7.616268446782797234000000000000000000000e+91	
-1.632189449071705384000000000000000000000e+92	
-1.576355770990810828000000000000000000000e+89	
1.577562455350484727000000000000000000000e+92	
-8.162538383995003803000000000000000000000e+91	
9.083388740649845706000000000000000000000e+91	
-1.485477419685000537000000000000000000000e+92	
2.394483437431708268000000000000000000000e+91	
1.912852888622028675000000000000000000000e+92	
-4.809634051279564322000000000000000000000e+91	
1.192799665412462412000000000000000000000e+92	
-1.201016628337522696000000000000000000000e+92	
4.731047894378139885000000000000000000000e+91	
-1.920711504312171119000000000000000000000e+92	
-2.462319176397628472000000000000000000000e+91	
1.376751555916333457000000000000000000000e+92	
-1.017064737833651650200000000000000000000e+92	
6.150430827747010070000000000000000000000e+91	
-1.778773210975284100000000000000000000000e+92	
-1.462863126593875916000000000000000000000e+91	
1.434725370945029037000000000000000000000e+92	
-9.590909228049560709000000000000000000000e+91	
7.617322160731265378000000000000000000000e+91	
-1.632084077676858570000000000000000000000e+92	
8.907398815994507191000000000000000000000e+90	
1.758712710508847756000000000000000000000e+92	
-6.351035832411373518000000000000000000000e+91	
1.034895538897581148300000000000000000000e+92	
-1.358920754852403959000000000000000000000e+92	
3.114385877167943718000000000000000000000e+91	
1.930303867682106706000000000000000000000e+92	
-4.635124260678784010000000000000000000000e+91	
1.176561300797178583000000000000000000000e+92	
-1.217254992952806525000000000000000000000e+92	
4.231938472455111335000000000000000000000e+91	
-1.970622446504473974000000000000000000000e+92	
-3.297986796546877132000000000000000000000e+91	
1.259545723493390082000000000000000000000e+92	
-1.134270570256595026000000000000000000000e+92	
5.691604627614430984000000000000000000000e+91	
-1.824655830988542009000000000000000000000e+92	
-1.208812155223779579000000000000000000000e+91	
1.531382707637732545000000000000000000000e+92	
-8.624335861122525628000000000000000000000e+91	
7.901993837141072816000000000000000000000e+91	
-1.603616910035877826000000000000000000000e+92	
4.938492279412364474000000000000000000000e+90	
1.650901331292271917000000000000000000000e+92	
-7.429149624577131907000000000000000000000e+91	
9.342379087984033391000000000000000000000e+91	
-1.459578384951581768000000000000000000000e+92	
2.179311465451107762000000000000000000000e+91	
1.843943057019804715000000000000000000000e+92	
-5.498732367301803928000000000000000000000e+91	
1.076520785189661968000000000000000000000e+92	
-1.317295508560323140000000000000000000000e+92	
3.094804346401419022000000000000000000000e+91	
1.884784005287051427000000000000000000000e+92	
-5.090322884629336807000000000000000000000e+91	
1.223259851595290532000000000000000000000e+92	
-1.170556442154694575000000000000000000000e+92	
5.620649171107575713000000000000000000000e+91	
-1.831751376639227536000000000000000000000e+92	
-9.880096200831518858000000000000000000000e+90	
1.582624240463538191000000000000000000000e+92	
-8.111920532864469168000000000000000000000e+91	
8.705876832247121620000000000000000000000e+91	
-1.523228610525272946000000000000000000000e+92	
1.589054835850499714000000000000000000000e+91	
1.789539655177912990000000000000000000000e+92	
-6.042766385720721172000000000000000000000e+91	
1.026737344115857483600000000000000000000e+92	
-1.367078949634127624000000000000000000000e+92	
2.643146551291531504000000000000000000000e+91	
1.844233589277846957000000000000000000000e+92	
-5.495827044721381504000000000000000000000e+91	
1.173000069773858061000000000000000000000e+92	
-1.220816223976127046000000000000000000000e+92	
5.021006015148956060000000000000000000000e+91	
-1.891715692235089502000000000000000000000e+92	
-1.684649817455574068000000000000000000000e+91	
1.503265343814413274000000000000000000000e+92	
-8.905509499355718341000000000000000000000e+91	
7.815387344908450976000000000000000000000e+91	
-1.612277559259140010000000000000000000000e+92	
6.017130519242131022000000000000000000000e+90	
1.681125067152537387000000000000000000000e+92	
-7.126912265974477202000000000000000000000e+91	
9.233001722307861164000000000000000000000e+91	
-1.470516121519198991000000000000000000000e+92	
1.658524222851198890000000000000000000000e+91	
1.750743819608357755000000000000000000000e+92	
-6.430724741416273528000000000000000000000e+91	
1.069116848697940352000000000000000000000e+92	
-1.324699445052044756000000000000000000000e+92	
3.878291015176549117000000000000000000000e+91	
2.048842599232501354000000000000000000000e+92	
-3.449736945174837534000000000000000000000e+91	
1.316404495482925144000000000000000000000e+92	
-1.077411798267059963000000000000000000000e+92	
5.843309025233393082000000000000000000000e+91	
-1.809485391226645799000000000000000000000e+92	
-1.473783610515046167000000000000000000000e+91	
1.463238713429119144000000000000000000000e+92	
-9.305775803208659641000000000000000000000e+91	
7.275753853916983810000000000000000000000e+91	
-1.666240908358286727000000000000000000000e+92	
-7.721826765763398763000000000000000000000e+89	
1.599309084738378390000000000000000000000e+92	
-7.945072090116067176000000000000000000000e+91	
8.710490079998278360000000000000000000000e+91	
-1.522767285750157272000000000000000000000e+92	
1.431513627821542238000000000000000000000e+91	
1.757578158700588399000000000000000000000e+92	
-6.362381350493967088000000000000000000000e+91	
1.013458316300718531900000000000000000000e+92	
-1.380357977449266576000000000000000000000e+92	
2.697087983149009942000000000000000000000e+91	
1.868291610430328429000000000000000000000e+92	
-5.255246833196566782000000000000000000000e+91	
1.157541258864101564000000000000000000000e+92	
-1.236275034885883543000000000000000000000e+92	
4.471446247940140040000000000000000000000e+91	
-1.946671668955971104000000000000000000000e+92	
-2.628984678137089872000000000000000000000e+91	
1.369373995080458742000000000000000000000e+92	
-1.024442298669526365100000000000000000000e+92	
6.082091599950364695000000000000000000000e+91	
-1.785607133754948638000000000000000000000e+92	
-1.525768679339457305000000000000000000000e+91	
1.428977912759118006000000000000000000000e+92	
-9.648383809908671011000000000000000000000e+91	
7.548435572172733124000000000000000000000e+91	
-1.638972736532711795000000000000000000000e+92	
8.104469657286792777000000000000000000000e+90	
1.749543353846620243000000000000000000000e+92	
-6.442729399033648648000000000000000000000e+91	
1.024586684533772487800000000000000000000e+92	
-1.369229609216212620000000000000000000000e+92	
2.999908027426107226000000000000000000000e+91	
1.917717718906530695000000000000000000000e+92	
-4.760985748434544130000000000000000000000e+91	
1.166400388944546515000000000000000000000e+92	
-1.227415904805438592000000000000000000000e+92	
4.154569653537294030000000000000000000000e+91	
-1.978359328396255704000000000000000000000e+92	
-3.351127379470455927000000000000000000000e+91	
1.256653283039396207000000000000000000000e+92	
-1.137163010710588900000000000000000000000e+92	
5.611488648751040392000000000000000000000e+91	
-1.832667428874881068000000000000000000000e+92	
-1.340094232017326612000000000000000000000e+91	
1.513140436536814388000000000000000000000e+92	
-8.806758572131707194000000000000000000000e+91	
7.668455942958307112000000000000000000000e+91	
-1.626970699454154396000000000000000000000e+92	
2.092215889607790483000000000000000000000e+90	
1.617332135486060366000000000000000000000e+92	
-7.764841582639247416000000000000000000000e+91	
9.115168934162436144000000000000000000000e+91	
-1.482299400333741493000000000000000000000e+92	
2.060529127979501796000000000000000000000e+91	
1.842902208805393712000000000000000000000e+92	
-5.509140849445913954000000000000000000000e+91	
1.086311929091216502000000000000000000000e+92	
-1.307504364658768606000000000000000000000e+92	
3.300981799250071493000000000000000000000e+91	
-2.063718113824977958000000000000000000000e+92	
-4.257392260803279005000000000000000000000e+91	
1.160761713767068757000000000000000000000e+92	
-1.233054579982916350000000000000000000000e+92	
4.765251347533605152000000000000000000000e+91	
-1.917291158996624592000000000000000000000e+92	
-2.073709218125395228000000000000000000000e+91	
1.451035564588037385000000000000000000000e+92	
-9.427807291619477229000000000000000000000e+91	
7.159917469495288734000000000000000000000e+91	
-1.677824546800456234000000000000000000000e+92	
-1.868626311933940512000000000000000000000e+90	
1.588963542316513811000000000000000000000e+92	
-8.048527514334712963000000000000000000000e+91	
8.594081122950397328000000000000000000000e+91	
-1.534408181454945375000000000000000000000e+92	
1.302157584499379102000000000000000000000e+91	
1.743348490075615205000000000000000000000e+92	
-6.504678036743699026000000000000000000000e+91	
1.001985492934667815300000000000000000000e+92	
-1.391830800815317292000000000000000000000e+92	
2.609914482149203213000000000000000000000e+91	
1.862328362286362369000000000000000000000e+92	
-5.314879314636227386000000000000000000000e+91	
1.145759606326549594000000000000000000000e+92	
-1.248056687423435514000000000000000000000e+92	
4.295474634948361138000000000000000000000e+91	
-1.964268830255148994000000000000000000000e+92	
-2.863082436836151730000000000000000000000e+91	
1.340154497390376271000000000000000000000e+92	
-1.053661796359608836600000000000000000000e+92	
5.731828317957014402000000000000000000000e+91	
-1.820633461954283667000000000000000000000e+92	
-1.934071367705216976000000000000000000000e+91	
1.382346591719117077000000000000000000000e+92	
-1.011469702030868030400000000000000000000e+92	
7.205475330334156682000000000000000000000e+91	
-1.673268760716569439000000000000000000000e+92	
5.907783036627929924000000000000000000000e+90	
1.739899509793548239000000000000000000000e+92	
-6.539167839564368686000000000000000000000e+91	
1.027259729864065956700000000000000000000e+92	
-1.366556563885919151000000000000000000000e+92	
3.149746077381996907000000000000000000000e+91	
1.945006156899908622000000000000000000000e+92	
-4.488101368500764857000000000000000000000e+91	
1.181601523312421221000000000000000000000e+92	
-1.212214770437563887000000000000000000000e+92	
4.185768115567532100000000000000000000000e+91	
-1.975239482193231898000000000000000000000e+92	
-3.440681674419209053000000000000000000000e+91	
1.235628587321363544000000000000000000000e+92	
-1.158187706428621563000000000000000000000e+92	
5.656856706597737344000000000000000000000e+91	
-1.828130623090211373000000000000000000000e+92	
-1.039238370481442568500000000000000000000e+91	
1.568762088256435594000000000000000000000e+92	
-8.250542054935495136000000000000000000000e+91	
8.479906031063449810000000000000000000000e+91	
-1.545825690643640127000000000000000000000e+92	
1.275778226469435740000000000000000000000e+91	
1.749485758348185456000000000000000000000e+92	
-6.443305354017996519000000000000000000000e+91	
9.895500902744165248000000000000000000000e+91	
-1.404266203475568583000000000000000000000e+92	
2.299926176403620961000000000000000000000e+91	
1.812775342216060200000000000000000000000e+92	
-5.810409515339249079000000000000000000000e+91	
1.135525741146134705000000000000000000000e+92	
-1.258290552603850403000000000000000000000e+92	
4.586131853307402764000000000000000000000e+91	
-1.935203108419244831000000000000000000000e+92	
-2.179624929666616626000000000000000000000e+91	
1.447760728586562340000000000000000000000e+92	
-9.460555651634227670000000000000000000000e+91	
7.200300047979111654000000000000000000000e+91	
-1.673786288952073942000000000000000000000e+92	
-7.338550911730313410000000000000000000000e+89	
1.607617071203975211000000000000000000000e+92	
-7.861992225460098966000000000000000000000e+91	
8.625806595189241178000000000000000000000e+91	
-1.531235634231060990000000000000000000000e+92	
1.179150283948572793000000000000000000000e+91	
1.715582183291958396000000000000000000000e+92	
-6.782341104580267116000000000000000000000e+91	
1.006974847036498888500000000000000000000e+92	
-1.386841446713486219000000000000000000000e+92	
2.987201617676674082000000000000000000000e+91	
1.932780141968151327000000000000000000000e+92	
-4.610361517818337803000000000000000000000e+91	
1.173401934599409980000000000000000000000e+92	
-1.220414359150575127000000000000000000000e+92	
4.144016452401934960000000000000000000000e+91	
-1.979414648509791612000000000000000000000e+92	
-3.442209141870865424000000000000000000000e+91	
1.239496258319276023000000000000000000000e+92	
-1.154320035430709084000000000000000000000e+92	
5.610427261509661480000000000000000000000e+91	
-1.832773567599018960000000000000000000000e+92	
-1.170731616051862792000000000000000000000e+91	
1.547110617001793073000000000000000000000e+92	
-8.467056767481920343000000000000000000000e+91	
8.178412163979350208000000000000000000000e+91	
-1.575975077352050087000000000000000000000e+92	
8.893474962284540438000000000000000000000e+90	
1.702353226041772976000000000000000000000e+92	
-6.914630677082121320000000000000000000000e+91	
9.604409942332261497000000000000000000000e+91	
-1.433375299516758958000000000000000000000e+92	
2.188979881822357810000000000000000000000e+91	
1.819686214122760127000000000000000000000e+92	
-5.741300796272249806000000000000000000000e+91	
1.104335729785362142000000000000000000000e+92	
-1.289480563964622966000000000000000000000e+92	
3.893412522816211768000000000000000000000e+91	
2.016664794424127512000000000000000000000e+92	
-3.771514993258575959000000000000000000000e+91	
1.250553501505075354000000000000000000000e+92	
-1.143262792244909754000000000000000000000e+92	
4.848234774347802234000000000000000000000e+91	
-1.908992816315204884000000000000000000000e+92	
-2.805254675319509645000000000000000000000e+91	
1.296468666939813219000000000000000000000e+92	
-1.097347626810171888000000000000000000000e+92	
6.321612531384371258000000000000000000000e+91	
-1.761655040611547982000000000000000000000e+92	
-3.181555631704060594000000000000000000000e+90	
1.646500264027967944000000000000000000000e+92	
-7.473160297220171634000000000000000000000e+91	
9.313558721013630614000000000000000000000e+91	
-1.462460421648622046000000000000000000000e+92	
2.165673844428782544000000000000000000000e+91	
1.844096813916147560000000000000000000000e+92	
-5.497194798338375472000000000000000000000e+91	
1.078191305864383182000000000000000000000e+92	
-1.315624987885601926000000000000000000000e+92	
3.126669642488928686000000000000000000000e+91	
1.889485789361145490000000000000000000000e+92	
-5.043305043888396172000000000000000000000e+91	
1.224749697479677256000000000000000000000e+92	
-1.169066596270307851000000000000000000000e+92	
5.603444232833434990000000000000000000000e+91	
-1.833471870466641609000000000000000000000e+92	
-1.037301978651342731100000000000000000000e+91	
1.574487859464595708000000000000000000000e+92	
-8.193284342853894001000000000000000000000e+91	
8.592457531762074156000000000000000000000e+91	
