-7.020288932962508794000000000000000000000e+91	
9.739624109551659839000000000000000000000e+91	
-1.419853882794819124000000000000000000000e+92	
2.564946597715591898000000000000000000000e+91	
1.881346159102635412000000000000000000000e+92	
-5.124701346473496950000000000000000000000e+91	
1.115005445620338373000000000000000000000e+92	
-1.278810848129646734000000000000000000000e+92	
3.490461151620033394000000000000000000000e+91	
1.925430167911310350000000000000000000000e+92	
-4.683861258386747580000000000000000000000e+91	
1.261565396212256354000000000000000000000e+92	
-1.132250897537728754000000000000000000000e+92	
5.980310085704214449000000000000000000000e+91	
-1.795785285179563663000000000000000000000e+92	
-6.517315943566999374000000000000000000000e+90	
1.613914917840028125000000000000000000000e+92	
-7.799013759099569829000000000000000000000e+91	
8.995423985167793029000000000000000000000e+91	
-1.494273895233205805000000000000000000000e+92	
1.855253993255830013000000000000000000000e+91	
1.813825933321246286000000000000000000000e+92	
-5.799903604287388214000000000000000000000e+91	
1.048691146038057701800000000000000000000e+92	
-1.345125147711927406000000000000000000000e+92	
2.839371416283075502000000000000000000000e+91	
1.861525920574351433000000000000000000000e+92	
-5.322903731756336749000000000000000000000e+91	
1.195198649478811604000000000000000000000e+92	
-1.198617644271173504000000000000000000000e+92	
5.292029879469139336000000000000000000000e+91	
-1.864613305803071174000000000000000000000e+92	
-1.364612290527129447000000000000000000000e+91	
1.540168023516386418000000000000000000000e+92	
-8.536482702335986898000000000000000000000e+91	
8.233379031641862345000000000000000000000e+91	
-1.570478390585798873000000000000000000000e+92	
1.068645260127029468000000000000000000000e+91	
1.732709904508060214000000000000000000000e+92	
-6.611063892419248938000000000000000000000e+91	
9.651211835761685746000000000000000000000e+91	
-1.428695110173816533000000000000000000000e+92	
1.979144667612422535000000000000000000000e+91	
1.773051753937862702000000000000000000000e+92	
-6.207645398121224054000000000000000000000e+91	
1.112030028027193795000000000000000000000e+92	
-1.281786265722791312000000000000000000000e+92	
4.513372712816718085000000000000000000000e+91	
2.132935509969661622000000000000000000000e+92	
-2.608807837803234854000000000000000000000e+91	
1.421071902832435210000000000000000000000e+92	
-9.727443909175498973000000000000000000000e+91	
7.095625672226927870000000000000000000000e+91	
-1.684253726527292321000000000000000000000e+92	
-1.592673169063347511000000000000000000000e+89	
1.629568195421106049000000000000000000000e+92	
-7.642480983288790586000000000000000000000e+91	
8.672923192362714257000000000000000000000e+91	
-1.526523974513713682000000000000000000000e+92	
1.053958031371503763800000000000000000000e+91	
1.685840648314174654000000000000000000000e+92	
-7.079756454358104530000000000000000000000e+91	
1.013708095227699411100000000000000000000e+92	
-1.380108198522285696000000000000000000000e+92	
3.419100408062300649000000000000000000000e+91	
2.012408508566277784000000000000000000000e+92	
-3.814077851837073234000000000000000000000e+91	
1.289450654498630651000000000000000000000e+92	
-1.104365639251354457000000000000000000000e+92	
5.668525932068736492000000000000000000000e+91	
-1.826963700543111458000000000000000000000e+92	
-1.553858543662383557000000000000000000000e+91	
1.464697322796855105000000000000000000000e+92	
-9.291189709531300026000000000000000000000e+91	
7.090060003902677643000000000000000000000e+91	
-1.684810293359717343000000000000000000000e+92	
-4.630923885037163234000000000000000000000e+90	
1.540713607896185032000000000000000000000e+92	
-8.531026858538000752000000000000000000000e+91	
8.548606258200509970000000000000000000000e+91	
-1.538955667929934111000000000000000000000e+92	
1.693489706233267699000000000000000000000e+91	
1.826140662424342102000000000000000000000e+92	
-5.676756313256430054000000000000000000000e+91	
1.089482853817393934000000000000000000000e+92	
-1.304333439932591174000000000000000000000e+92	
3.531916560112675390000000000000000000000e+91	
-2.040624637738717568000000000000000000000e+92	
-3.827331134443936770000000000000000000000e+91	
1.223670553076548990000000000000000000000e+92	
-1.170145740673436118000000000000000000000e+92	
4.972439119152524444000000000000000000000e+91	
-1.896572381834732663000000000000000000000e+92	
-2.288212101668427969000000000000000000000e+91	
1.387437196899587263000000000000000000000e+92	
-1.006379096850397844500000000000000000000e+92	
6.399415410219634674000000000000000000000e+91	
-1.753874752728021640000000000000000000000e+92	
-1.071821104082630687000000000000000000000e+91	
1.488028247460002386000000000000000000000e+92	
-9.057880462899827211000000000000000000000e+91	
7.849251986290071354000000000000000000000e+91	
-1.608891095120977972000000000000000000000e+92	
8.217206147855132853000000000000000000000e+90	
1.721730851854585737000000000000000000000e+92	
-6.720854418953993704000000000000000000000e+91	
9.678487180811557111000000000000000000000e+91	
-1.425967575668829396000000000000000000000e+92	
2.143417670989188529000000000000000000000e+91	
1.803172002177211744000000000000000000000e+92	
-5.906442915727733641000000000000000000000e+91	
1.113141529183356098000000000000000000000e+92	
-1.280674764566629009000000000000000000000e+92	
4.234544620712265616000000000000000000000e+91	
-1.970361831678758546000000000000000000000e+92	
-2.658893700611932624000000000000000000000e+91	
1.387072051954826164000000000000000000000e+92	
-1.006744241795158943300000000000000000000e+92	
6.465858797644548682000000000000000000000e+91	
-1.747230413985530239000000000000000000000e+92	
-9.353177637217722488000000000000000000000e+90	
1.508681090132085279000000000000000000000e+92	
-8.851352036178998289000000000000000000000e+91	
7.907360277874855850000000000000000000000e+91	
-1.603080265962499522000000000000000000000e+92	
7.314826351422474520000000000000000000000e+90	
1.697879809482286023000000000000000000000e+92	
-6.959364842676990850000000000000000000000e+91	
9.320402278159262733000000000000000000000e+91	
-1.461776065934058834000000000000000000000e+92	
1.665817797764080053000000000000000000000e+91	
1.743466465671527640000000000000000000000e+92	
-6.503498280784574676000000000000000000000e+91	
1.078787917075433839000000000000000000000e+92	
-1.315028376674551269000000000000000000000e+92	
4.144401575270398778000000000000000000000e+91	
2.092385212389013286000000000000000000000e+92	
-3.014310813609718221000000000000000000000e+91	
1.376870239497380561000000000000000000000e+92	
-1.016946054252604546500000000000000000000e+92	
6.617113553000457179000000000000000000000e+91	
-1.732104938449939390000000000000000000000e+92	
-5.309161741683384526000000000000000000000e+90	
1.574423334206786354000000000000000000000e+92	
-8.193929595431987535000000000000000000000e+91	
8.085033555105309896000000000000000000000e+91	
-1.585312938239454118000000000000000000000e+92	
4.296455045212231029000000000000000000000e+90	
1.619768919319445420000000000000000000000e+92	
-7.740473744305396881000000000000000000000e+91	
9.554270646546366590000000000000000000000e+91	
-1.438389229095348449000000000000000000000e+92	
2.914158314758317430000000000000000000000e+91	
1.969697245229088767000000000000000000000e+92	
-4.241190485208963404000000000000000000000e+91	
1.254518463833781666000000000000000000000e+92	
-1.139297829916203441000000000000000000000e+92	
5.396956038211228094000000000000000000000e+91	
-1.854120689928862298000000000000000000000e+92	
-1.747715119394654717000000000000000000000e+91	
1.453079129495285133000000000000000000000e+92	
-9.407371642546999746000000000000000000000e+91	
6.874946735481820182000000000000000000000e+91	
-1.706321620201803089000000000000000000000e+92	
-7.770877573991066270000000000000000000000e+90	
1.499430782001991544000000000000000000000e+92	
-8.943855117479935633000000000000000000000e+91	
8.345420677030859534000000000000000000000e+91	
-1.559274226046899154000000000000000000000e+92	
1.699842470445629117000000000000000000000e+91	
1.847719345337038218000000000000000000000e+92	
-5.460969484129468891000000000000000000000e+91	
1.131994520364511540000000000000000000000e+92	
-1.261821773385473567000000000000000000000e+92	
4.166258885228863998000000000000000000000e+91	
-1.977190405227098708000000000000000000000e+92	
-2.983867274536548201000000000000000000000e+91	
1.328918685242983690000000000000000000000e+92	
-1.064897608507001418000000000000000000000e+92	
5.627892719005031136000000000000000000000e+91	
-1.831027021849481994000000000000000000000e+92	
-2.029588635752708657000000000000000000000e+91	
1.373636279051675183000000000000000000000e+92	
-1.020180014698309924400000000000000000000e+92	
7.100689093776111816000000000000000000000e+91	
-1.683747384372373926000000000000000000000e+92	
4.683177575338291790000000000000000000000e+90	
1.725886903816868215000000000000000000000e+92	
-6.679293899331168924000000000000000000000e+91	
1.011481451679164918000000000000000000000e+92	
-1.382334842070820190000000000000000000000e+92	
2.974315360631126184000000000000000000000e+91	
1.925699170015361409000000000000000000000e+92	
-4.681171237346236990000000000000000000000e+91	
1.160531499062047491000000000000000000000e+92	
-1.233284794687937616000000000000000000000e+92	
3.957446273473125892000000000000000000000e+91	
-1.998071666402672518000000000000000000000e+92	
-3.686616346403265505000000000000000000000e+91	
1.209274713667655541000000000000000000000e+92	
-1.184541580082329567000000000000000000000e+92	
5.430915599698922760000000000000000000000e+91	
-1.850724733780092832000000000000000000000e+92	
-1.227600558868038991000000000000000000000e+91	
1.553681891087584915000000000000000000000e+92	
-8.401344026624001922000000000000000000000e+91	
8.366645583566197000000000000000000000000e+91	
-1.557151735393365408000000000000000000000e+92	
1.200040619959259539000000000000000000000e+91	
1.745662414405260131000000000000000000000e+92	
-6.481538793447249768000000000000000000000e+91	
9.778867604641884333000000000000000000000e+91	
-1.415929533285796674000000000000000000000e+92	
2.104932036706033291000000000000000000000e+91	
1.785443743852788829000000000000000000000e+92	
-6.083725498971962784000000000000000000000e+91	
1.124800382935127723000000000000000000000e+92	
-1.269015910814857384000000000000000000000e+92	
4.644858028825760699000000000000000000000e+91	
-1.929330490867409038000000000000000000000e+92	
-1.955001599284847516000000000000000000000e+91	
1.486804520945451175000000000000000000000e+92	
-9.070117728045339330000000000000000000000e+91	
7.756470044207097240000000000000000000000e+91	
-1.618169289329275384000000000000000000000e+92	
6.484340802495787886000000000000000000000e+90	
1.696355745609271323000000000000000000000e+92	
-6.974605481407137844000000000000000000000e+91	
9.344311635038129474000000000000000000000e+91	
-1.459385130246172160000000000000000000000e+92	
1.728857666563499430000000000000000000000e+91	
1.753681556344320239000000000000000000000e+92	
-6.401347374056648684000000000000000000000e+91	
1.080715093424170352000000000000000000000e+92	
-1.313101200325814756000000000000000000000e+92	
4.080835441790191765000000000000000000000e+91	
2.077748931918841269000000000000000000000e+92	
-3.160673618311438384000000000000000000000e+91	
1.353958412427989996000000000000000000000e+92	
-1.039857881321995111600000000000000000000e+92	
6.305281001037186808000000000000000000000e+91	
-1.763288193646266427000000000000000000000e+92	
-9.254218431744612794000000000000000000000e+90	
1.526709569975929330000000000000000000000e+92	
-8.671067237740557775000000000000000000000e+91	
7.726935555004016184000000000000000000000e+91	
-1.621122738249583489000000000000000000000e+92	
1.905279044416914653000000000000000000000e+90	
1.607749278043408825000000000000000000000e+92	
-7.860670157065762822000000000000000000000e+91	
9.182652395878443208000000000000000000000e+91	
-1.475551054162140787000000000000000000000e+92	
2.291243350711839989000000000000000000000e+91	
1.882288583712441849000000000000000000000e+92	
-5.115277100375432584000000000000000000000e+91	
1.142005137207048034000000000000000000000e+92	
-1.251811156542937074000000000000000000000e+92	
4.020901058653668497000000000000000000000e+91	
-1.991726187884618258000000000000000000000e+92	
-3.374566936609302931000000000000000000000e+91	
1.265326745356767957000000000000000000000e+92	
-1.128489548393217150000000000000000000000e+92	
5.465027176529923292000000000000000000000e+91	
-1.847313576096992778000000000000000000000e+92	
-1.719635745467720859000000000000000000000e+91	
1.451889880709762479000000000000000000000e+92	
-9.419264130402226283000000000000000000000e+91	
6.882396088557985502000000000000000000000e+91	
-1.705576684894186557000000000000000000000e+92	
-7.503061892011338370000000000000000000000e+90	
1.504041198232056610000000000000000000000e+92	
-8.897750955179284970000000000000000000000e+91	
8.350584734952250148000000000000000000000e+91	
-1.558757820254760093000000000000000000000e+92	
1.664086798555538492000000000000000000000e+91	
1.840053841609682641000000000000000000000e+92	
-5.537624521403024669000000000000000000000e+91	
1.120241115528139058000000000000000000000e+92	
-1.273575178221846050000000000000000000000e+92	
4.007866169938594787000000000000000000000e+91	
-1.993029676756125629000000000000000000000e+92	
-3.183098322714371625000000000000000000000e+91	
1.304913779528385190000000000000000000000e+92	
-1.088902514221599918000000000000000000000e+92	
5.427941391146181735000000000000000000000e+91	
-1.851022154635366934000000000000000000000e+92	
-2.189462189669324612000000000000000000000e+91	
1.361654706512859861000000000000000000000e+92	
-1.032161587237125246900000000000000000000e+92	
6.896290514391119064000000000000000000000e+91	
-1.704187242310873201000000000000000000000e+92	
1.793784183068099778000000000000000000000e+90	
1.688543101230554454000000000000000000000e+92	
-7.052731925194306536000000000000000000000e+91	
9.656919856559829016000000000000000000000e+91	
-1.428124308094002206000000000000000000000e+92	
2.432006097370008441000000000000000000000e+91	
1.863030984428493387000000000000000000000e+92	
-5.307853093214917203000000000000000000000e+91	
1.107337412734405915000000000000000000000e+92	
-1.286478881015579192000000000000000000000e+92	
3.520199253256641203000000000000000000000e+91	
-2.041796368424320987000000000000000000000e+92	
-4.029216649627348796000000000000000000000e+91	
1.184474644783045835000000000000000000000e+92	
-1.209341648966939273000000000000000000000e+92	
4.983118929275422323000000000000000000000e+91	
-1.895504400822442875000000000000000000000e+92	
-1.875093778861360757000000000000000000000e+91	
1.468972852383618271000000000000000000000e+92	
-9.248434413663668365000000000000000000000e+91	
7.320057362544191905000000000000000000000e+91	
-1.661810557495565917000000000000000000000e+92	
-4.594615141593720700000000000000000000000e+89	
1.601133805654310961000000000000000000000e+92	
-7.926824880956741470000000000000000000000e+91	
8.756267548530187597000000000000000000000e+91	
-1.518189538896966348000000000000000000000e+92	
1.504807654805042652000000000000000000000e+91	
1.767657847833849014000000000000000000000e+92	
-6.261584459161360938000000000000000000000e+91	
1.017706042575080985600000000000000000000e+92	
-1.376110251174904122000000000000000000000e+92	
2.681274641099353002000000000000000000000e+91	
1.860884116681184264000000000000000000000e+92	
-5.329321770688008440000000000000000000000e+91	
1.162469293079969712000000000000000000000e+92	
-1.231347000670015396000000000000000000000e+92	
4.644020479810047805000000000000000000000e+91	
-1.929414245768980327000000000000000000000e+92	
-2.333177915943066478000000000000000000000e+91	
1.411271791447221003000000000000000000000e+92	
-9.825445023027641050000000000000000000000e+91	
6.624179466762449248000000000000000000000e+91	
-1.731398347073740183000000000000000000000e+92	
-8.606321772058463392000000000000000000000e+90	
1.507790302771440328000000000000000000000e+92	
-8.860259909785447798000000000000000000000e+91	
8.075310684754091776000000000000000000000e+91	
-1.586285225274575930000000000000000000000e+92	
1.076203305852647683000000000000000000000e+91	
1.750020105651294807000000000000000000000e+92	
-6.437961880986903006000000000000000000000e+91	
9.989775427015304405000000000000000000000e+91	
-1.394838751048454667000000000000000000000e+92	
2.483087493802650860000000000000000000000e+91	
1.839975729660120000000000000000000000000e+92	
-5.538405640898651075000000000000000000000e+91	
1.143894354305189661000000000000000000000e+92	
-1.249921939444795446000000000000000000000e+92	
4.481593961706759154000000000000000000000e+91	
-1.945656897579309192000000000000000000000e+92	
-2.472293171440842750000000000000000000000e+91	
1.399690232031738267000000000000000000000e+92	
-9.941260617182468409000000000000000000000e+91	
6.531651938461591962000000000000000000000e+91	
-1.740651099903825911000000000000000000000e+92	
-9.298832293710109884000000000000000000000e+90	
1.503191686773447490000000000000000000000e+92	
-8.906246069765376172000000000000000000000e+91	
7.980168449447570559000000000000000000000e+91	
-1.595799448805228052000000000000000000000e+92	
9.319294586107153939000000000000000000000e+90	
1.730682004855215148000000000000000000000e+92	
-6.631342888947699598000000000000000000000e+91	
9.747311697383608303000000000000000000000e+91	
-1.419085124011624277000000000000000000000e+92	
2.191565469385493996000000000000000000000e+91	
1.805920139212754810000000000000000000000e+92	
-5.878961545372302970000000000000000000000e+91	
1.120258050245759434000000000000000000000e+92	
-1.273558243504225673000000000000000000000e+92	
4.349371931568382317000000000000000000000e+91	
2.091919588111600311000000000000000000000e+92	
-3.018967056383847963000000000000000000000e+91	
1.355452387751598233000000000000000000000e+92	
-1.038363905998386875000000000000000000000e+92	
6.193517033328488643000000000000000000000e+91	
-1.774464590417136243000000000000000000000e+92	
-1.163826475477956653000000000000000000000e+91	
1.490211342782988625000000000000000000000e+92	
-9.036049509669964830000000000000000000000e+91	
7.630226897644274971000000000000000000000e+91	
-1.630793603985557610000000000000000000000e+92	
3.619593505376024802000000000000000000000e+90	
1.651693088531580190000000000000000000000e+92	
-7.421232052184049170000000000000000000000e+91	
9.054516124777363684000000000000000000000e+91	
-1.488364681272248739000000000000000000000e+92	
1.595815167064957642000000000000000000000e+91	
1.756044806379579863000000000000000000000e+92	
-6.377714873704052446000000000000000000000e+91	
1.049929753998506201900000000000000000000e+92	
-1.343886539751478906000000000000000000000e+92	
3.441661122748652004000000000000000000000e+91	
1.980715896308615937000000000000000000000e+92	
-4.131003974413691707000000000000000000000e+91	
1.223826253678182314000000000000000000000e+92	
-1.169990040071802794000000000000000000000e+92	
4.673132905789721784000000000000000000000e+91	
-1.926503003171012929000000000000000000000e+92	
-2.888231804502523056000000000000000000000e+91	
1.297378843208258462000000000000000000000e+92	
-1.096437450541726646000000000000000000000e+92	
6.135904384288088019000000000000000000000e+91	
-1.780225855321176306000000000000000000000e+92	
-6.985766694467582897000000000000000000000e+90	
1.588996547717475081000000000000000000000e+92	
-8.048197460325100268000000000000000000000e+91	
8.544002355206444891000000000000000000000e+91	
-1.539416058229340618000000000000000000000e+92	
1.201695081844480785000000000000000000000e+91	
1.728266373754802141000000000000000000000e+92	
-6.655499199951829666000000000000000000000e+91	
9.975773455532769163000000000000000000000e+91	
-1.396238948196708191000000000000000000000e+92	
2.672519576833281815000000000000000000000e+91	
1.879252219158600851000000000000000000000e+92	
-5.145640745913842564000000000000000000000e+91	
1.140101784452203876000000000000000000000e+92	
-1.253714509297781232000000000000000000000e+92	
4.013192010461385742000000000000000000000e+91	
-1.992497092703846533000000000000000000000e+92	
-3.370957141273084638000000000000000000000e+91	
1.266819045940952371000000000000000000000e+92	
-1.126997247809032737000000000000000000000e+92	
5.455996382474309578000000000000000000000e+91	
-1.848216655502554150000000000000000000000e+92	
-1.752608418388173244000000000000000000000e+91	
1.446199617041222943000000000000000000000e+92	
-9.476166767087621645000000000000000000000e+91	
6.876195243447617068000000000000000000000e+91	
-1.706196769405223401000000000000000000000e+92	
-7.058304753807185396000000000000000000000e+90	
1.513553903498499743000000000000000000000e+92	
-8.802623902514853647000000000000000000000e+91	
8.338428013567641662000000000000000000000e+91	
-1.559973492393220941000000000000000000000e+92	
1.544699694791484002000000000000000000000e+91	
1.817397429505160820000000000000000000000e+92	
-5.764188642448242879000000000000000000000e+91	
1.086872335549520287000000000000000000000e+92	
-1.306943958200464820000000000000000000000e+92	
3.567108003406764312000000000000000000000e+91	
1.968874832932876373000000000000000000000e+92	
-4.249414608171087350000000000000000000000e+91	
1.229257095475258562000000000000000000000e+92	
-1.164559198274726546000000000000000000000e+92	
4.900074418794595806000000000000000000000e+91	
-1.903808851870525527000000000000000000000e+92	
-2.488743110379713587000000000000000000000e+91	
1.354573843616373845000000000000000000000e+92	
-1.039242450133611262800000000000000000000e+92	
6.342232455306476500000000000000000000000e+91	
-1.759593048219337458000000000000000000000e+92	
-8.576885732628855486000000000000000000000e+90	
1.536559546619761720000000000000000000000e+92	
-8.572567471302233874000000000000000000000e+91	
7.760214408067414041000000000000000000000e+91	
-1.617794852943243704000000000000000000000e+92	
1.586183024724231258000000000000000000000e+90	
1.598042716562095106000000000000000000000e+92	
-7.957735771878900021000000000000000000000e+91	
9.223558553716114272000000000000000000000e+91	
-1.471460438378373680000000000000000000000e+92	
2.470052617104897023000000000000000000000e+91	
1.913952958214934925000000000000000000000e+92	
-4.798633355350501826000000000000000000000e+91	
1.187446099995866118000000000000000000000e+92	
-1.206370193754118990000000000000000000000e+92	
4.613008007774380590000000000000000000000e+91	
-1.932515492972547048000000000000000000000e+92	
-2.644831193765880582000000000000000000000e+91	
1.352056349672793127000000000000000000000e+92	
-1.041759944077191980300000000000000000000e+92	
6.040137960392088646000000000000000000000e+91	
-1.789802497710776243000000000000000000000e+92	
-1.436564809736268999000000000000000000000e+91	
1.451007523349928137000000000000000000000e+92	
-9.428087704000569705000000000000000000000e+91	
7.491102279415183398000000000000000000000e+91	
-1.644706065808466768000000000000000000000e+92	
4.756224414910930390000000000000000000000e+90	
1.688325588117285099000000000000000000000e+92	
-7.054907056327000087000000000000000000000e+91	
9.356474084685752907000000000000000000000e+91	
-1.458168885281409817000000000000000000000e+92	
1.833438124419726153000000000000000000000e+91	
1.773376803605000573000000000000000000000e+92	
-6.204394901449845342000000000000000000000e+91	
1.080842010486120923000000000000000000000e+92	
-1.312974283263864184000000000000000000000e+92	
3.886518695682169232000000000000000000000e+91	
2.038768399314712285000000000000000000000e+92	
-3.550478944352728228000000000000000000000e+91	
1.295438750665823216000000000000000000000e+92	
-1.098377543084161891000000000000000000000e+92	
5.524790331770758062000000000000000000000e+91	
-1.841337260572909301000000000000000000000e+92	
-1.901109372543212878000000000000000000000e+91	
1.409630845346156568000000000000000000000e+92	
-9.841854484038285395000000000000000000000e+91	
6.970470358870045414000000000000000000000e+91	
-1.696769257862980566000000000000000000000e+92	
-1.518214362322721342000000000000000000000e+90	
1.614905320313283113000000000000000000000e+92	
-7.789109734367019942000000000000000000000e+91	
8.515565736736196736000000000000000000000e+91	
-1.542259720076365434000000000000000000000e+92	
8.858772105264692415000000000000000000000e+90	
1.667960763375074906000000000000000000000e+92	
-7.258555303749102019000000000000000000000e+91	
9.981197715474620507000000000000000000000e+91	
-1.395696522202523057000000000000000000000e+92	
3.286121379488226478000000000000000000000e+91	
2.001399886663226554000000000000000000000e+92	
-3.924164070867585538000000000000000000000e+91	
1.280730174248737427000000000000000000000e+92	
-1.113086119501247680000000000000000000000e+92	
5.604191158759338766000000000000000000000e+91	
-1.833397177874051231000000000000000000000e+92	
-1.595334669457178539000000000000000000000e+91	
1.462834437367771263000000000000000000000e+92	
-9.309818563822138448000000000000000000000e+91	
7.023121686993834259000000000000000000000e+91	
-1.691504125050601682000000000000000000000e+92	
-5.783161259711866694000000000000000000000e+90	
1.524365095103018101000000000000000000000e+92	
-8.694511986469670065000000000000000000000e+91	
8.487441011365289039000000000000000000000e+91	
-1.545072192613456204000000000000000000000e+92	
1.734593419194112403000000000000000000000e+91	
1.840472840104183762000000000000000000000e+92	
-5.533434536458013452000000000000000000000e+91	
1.114031750818071624000000000000000000000e+92	
-1.279784542931913483000000000000000000000e+92	
3.879521878015256038000000000000000000000e+91	
-2.005864105948459504000000000000000000000e+92	
-3.377660288654026061000000000000000000000e+91	
1.278839110972573013000000000000000000000e+92	
-1.114977182777412095000000000000000000000e+92	
5.307563448573182597000000000000000000000e+91	
-1.863059948892666848000000000000000000000e+92	
-2.169541246247349730000000000000000000000e+91	
1.377669707232097209000000000000000000000e+92	
-1.016146586517887898800000000000000000000e+92	
6.759562787721472468000000000000000000000e+91	
-1.717860014977837861000000000000000000000e+92	
-2.540792957644460398000000000000000000000e+90	
1.615539098376445307000000000000000000000e+92	
-7.782771953735398002000000000000000000000e+91	
8.630445112988621011000000000000000000000e+91	
-1.530771782451123006000000000000000000000e+92	
1.109244164752926461000000000000000000000e+91	
1.701140817518731418000000000000000000000e+92	
-6.926754762312536898000000000000000000000e+91	
1.008315405800762827900000000000000000000e+92	
-1.385500887949222280000000000000000000000e+92	
3.158347909152603497000000000000000000000e+91	
1.965660991253670464000000000000000000000e+92	
-4.281553024963146441000000000000000000000e+91	
1.222041157684266016000000000000000000000e+92	
-1.171775136065719092000000000000000000000e+92	
4.787913996906664967000000000000000000000e+91	
-1.915024894059318611000000000000000000000e+92	
-2.640884669017901381000000000000000000000e+91	
1.335363563809585649000000000000000000000e+92	
-1.058452729940399458600000000000000000000e+92	
6.234928726020050392000000000000000000000e+91	
-1.770323421147980068000000000000000000000e+92	
-8.802354355257852530000000000000000000000e+90	
1.542776329020276465000000000000000000000e+92	
-8.510399647297086422000000000000000000000e+91	
7.801396364741867298000000000000000000000e+91	
-1.613676657275798378000000000000000000000e+92	
1.788248358046128889000000000000000000000e+90	
1.597966871440166457000000000000000000000e+92	
-7.958494223098186508000000000000000000000e+91	
9.267153629671096913000000000000000000000e+91	
-1.467100930782875416000000000000000000000e+92	
2.557979146916081424000000000000000000000e+91	
1.927176550348384618000000000000000000000e+92	
-4.666397434016004896000000000000000000000e+91	
1.205098426146329126000000000000000000000e+92	
-1.188717867603655981000000000000000000000e+92	
4.833796569070208924000000000000000000000e+91	
-1.910436636842964215000000000000000000000e+92	
-2.379799362088998244000000000000000000000e+91	
1.382981658033904286000000000000000000000e+92	
-1.010834635716080821900000000000000000000e+92	
6.255421747795624056000000000000000000000e+91	
-1.768274118970422702000000000000000000000e+92	
-1.315203553056348504000000000000000000000e+91	
1.453756070166588250000000000000000000000e+92	
-9.400602235833968579000000000000000000000e+91	
7.717149754872365583000000000000000000000e+91	
-1.622101318262748549000000000000000000000e+92	
9.001331063404322666000000000000000000000e+90	
1.750613096669439542000000000000000000000e+92	
-6.432031970805455655000000000000000000000e+91	
1.017761487131355311800000000000000000000e+92	
-1.376054806618629796000000000000000000000e+92	
2.852745941717376946000000000000000000000e+91	
1.895114426268618796000000000000000000000e+92	
-4.987018674813663116000000000000000000000e+91	
1.160513104458232552000000000000000000000e+92	
-1.233303189291752556000000000000000000000e+92	
4.262773700016031465000000000000000000000e+91	
-1.967538923748381961000000000000000000000e+92	
-3.075929590422875898000000000000000000000e+91	
1.300864125461780994000000000000000000000e+92	
-1.092952168288204114000000000000000000000e+92	
5.699892941297024714000000000000000000000e+91	
-1.823826999620282636000000000000000000000e+92	
-1.605218044025820404000000000000000000000e+91	
1.451292838832554570000000000000000000000e+92	
-9.425234549174305371000000000000000000000e+91	
7.131120988197358540000000000000000000000e+91	
-1.680704194930249254000000000000000000000e+92	
-2.470127247848390305000000000000000000000e+90	
1.579814732096044064000000000000000000000e+92	
-8.140015616539410430000000000000000000000e+91	
8.569013543676259076000000000000000000000e+91	
-1.536914939382359200000000000000000000000e+92	
1.343477472806607440000000000000000000000e+91	
1.754115921774612779000000000000000000000e+92	
-6.397003719753723286000000000000000000000e+91	
9.987007859739576469000000000000000000000e+91	
-1.395115507776027461000000000000000000000e+92	
2.436615958900960765000000000000000000000e+91	
1.830960354412680652000000000000000000000e+92	
-5.628559393373044560000000000000000000000e+91	
1.144132332424066826000000000000000000000e+92	
-1.249683961325918281000000000000000000000e+92	
4.576461225607378484000000000000000000000e+91	
2.113463744699532408000000000000000000000e+92	
-2.803525490504526991000000000000000000000e+91	
1.375832351193376810000000000000000000000e+92	
-1.017983942556608297700000000000000000000e+92	
6.385680530098043784000000000000000000000e+91	
-1.755248240740180729000000000000000000000e+92	
-9.832933254267098114000000000000000000000e+90	
1.507102201921078044000000000000000000000e+92	
-8.867140918289070633000000000000000000000e+91	
7.823500105245124812000000000000000000000e+91	
-1.611466283225472626000000000000000000000e+92	
5.795850488757698068000000000000000000000e+90	
1.675889695494312145000000000000000000000e+92	
-7.179265982556729628000000000000000000000e+91	
9.244662646958584205000000000000000000000e+91	
-1.469350029054126687000000000000000000000e+92	
1.734167930715320222000000000000000000000e+91	
1.764703284499623023000000000000000000000e+92	
-6.291130092503620846000000000000000000000e+91	
1.069528341357550808000000000000000000000e+92	
-1.324287952392434300000000000000000000000e+92	
3.746993643338558205000000000000000000000e+91	
2.022178371238069082000000000000000000000e+92	
-3.716379225119160259000000000000000000000e+91	
1.276212512356836878000000000000000000000e+92	
-1.117603781393148229000000000000000000000e+92	
5.306178965924419120000000000000000000000e+91	
-1.863198397157543196000000000000000000000e+92	
-2.146056608108254609000000000000000000000e+91	
1.382503845468966179000000000000000000000e+92	
-1.011312448281018928600000000000000000000e+92	
6.755253269692077314000000000000000000000e+91	
-1.718290966780777376000000000000000000000e+92	
-3.110135115391661604000000000000000000000e+90	
1.604585825985694647000000000000000000000e+92	
-7.892304677642904602000000000000000000000e+91	
8.468340057527149642000000000000000000000e+91	
-1.546982287997270143000000000000000000000e+92	
8.945929412890709270000000000000000000000e+90	
1.674423693425189254000000000000000000000e+92	
-7.193926003247958534000000000000000000000e+91	
9.927451841008400227000000000000000000000e+91	
-1.401071109649145085000000000000000000000e+92	
3.114059241556279912000000000000000000000e+91	
1.972367934741787002000000000000000000000e+92	
-4.214483590081981057000000000000000000000e+91	
1.239878369487004547000000000000000000000e+92	
-1.153937924262980560000000000000000000000e+92	
5.077533406329411812000000000000000000000e+91	
-1.886062953117043926000000000000000000000e+92	
-2.240073332383965046000000000000000000000e+91	
1.386558356530977239000000000000000000000e+92	
-1.007257937219007868400000000000000000000e+92	
6.511071222089147184000000000000000000000e+91	
-1.742709171541070389000000000000000000000e+92	
-8.397810178538122796000000000000000000000e+90	
1.523264692382263356000000000000000000000e+92	
-8.705516013677217513000000000000000000000e+91	
7.946588962095707659000000000000000000000e+91	
-1.599157397540414342000000000000000000000e+92	
6.641570361115246826000000000000000000000e+90	
1.680497124116614243000000000000000000000e+92	
-7.133191696333708645000000000000000000000e+91	
9.372118681292027974000000000000000000000e+91	
-1.456604425620782310000000000000000000000e+92	
1.942965212091390495000000000000000000000e+91	
1.793713089250320733000000000000000000000e+92	
-6.001032044996643744000000000000000000000e+91	
1.081299436928514427000000000000000000000e+92	
-1.312516856821470680000000000000000000000e+92	
3.692403298739167829000000000000000000000e+91	
1.999497781626492141000000000000000000000e+92	
-3.943185121234929667000000000000000000000e+91	
1.236318938205447499000000000000000000000e+92	
-1.157497355544537608000000000000000000000e+92	
4.735199042477487391000000000000000000000e+91	
-1.920296389502236368000000000000000000000e+92	
-2.888995092655084236000000000000000000000e+91	
1.291022698726535259000000000000000000000e+92	
-1.102793595023449849000000000000000000000e+92	
6.205281372883966891000000000000000000000e+91	
-1.773288156461588418000000000000000000000e+92	
-4.963274066028027569000000000000000000000e+90	
1.622502088802702381000000000000000000000e+92	
-7.713142049472827270000000000000000000000e+91	
9.011797820736175306000000000000000000000e+91	
-1.492636511676367577000000000000000000000e+92	
1.802164541613323137000000000000000000000e+91	
1.801574116399378047000000000000000000000e+92	
-5.922421773506070609000000000000000000000e+91	
1.042732350404116450700000000000000000000e+92	
-1.351083943345868657000000000000000000000e+92	
2.842682354488329452000000000000000000000e+91	
1.868143773574495022000000000000000000000e+92	
-5.256725201754900852000000000000000000000e+91	
1.188507616921192009000000000000000000000e+92	
-1.205308676828793098000000000000000000000e+92	
5.092096932340597284000000000000000000000e+91	
-1.884606600515925379000000000000000000000e+92	
-1.697501658145263017000000000000000000000e+91	
1.493590061517276158000000000000000000000e+92	
-9.002262322327089494000000000000000000000e+91	
7.634775294464677283000000000000000000000e+91	
-1.630338764303517379000000000000000000000e+92	
3.372835080372971467000000000000000000000e+90	
1.646304534745490257000000000000000000000e+92	
-7.475117590044948506000000000000000000000e+91	
9.062497854702900224000000000000000000000e+91	
-1.487566508279695085000000000000000000000e+92	
1.665633375435765204000000000000000000000e+91	
1.769207197659357795000000000000000000000e+92	
-6.246090960906273127000000000000000000000e+91	
1.049999083582096173000000000000000000000e+92	
-1.343817210167888935000000000000000000000e+92	
3.311488961562301011000000000000000000000e+91	
1.954618647238918645000000000000000000000e+92	
-4.391976465110664625000000000000000000000e+91	
1.191102301394011443000000000000000000000e+92	
-1.202713992355973664000000000000000000000e+92	
4.279659329765059707000000000000000000000e+91	
-1.965850360773479137000000000000000000000e+92	
-3.347906471160906288000000000000000000000e+91	
1.244794562093531400000000000000000000000e+92	
-1.149021731656453708000000000000000000000e+92	
5.750752674807033953000000000000000000000e+91	
-1.818741026269281712000000000000000000000e+92	
-9.431072946792408436000000000000000000000e+90	
1.578598595361859209000000000000000000000e+92	
-8.152176983881258985000000000000000000000e+91	
8.580503985582431412000000000000000000000e+91	
-1.535765895191741966000000000000000000000e+92	
1.378607953219171842000000000000000000000e+91	
1.759991797178138302000000000000000000000e+92	
-6.338244965718468058000000000000000000000e+91	
9.995700560664726953000000000000000000000e+91	
-1.394246237683512412000000000000000000000e+92	
2.395267522973751739000000000000000000000e+91	
1.821823887520495601000000000000000000000e+92	
-5.719924062294895067000000000000000000000e+91	
1.145589375748127433000000000000000000000e+92	
-1.248226918001857674000000000000000000000e+92	
4.696914040531293418000000000000000000000e+91	
-1.924124889696855766000000000000000000000e+92	
-2.058701950496265721000000000000000000000e+91	
1.460866601023778189000000000000000000000e+92	
-9.329496927262069187000000000000000000000e+91	
7.341489473320024933000000000000000000000e+91	
-1.659667346417982614000000000000000000000e+92	
7.792957546966149626000000000000000000000e+89	
1.623760641665917501000000000000000000000e+92	
-7.700556520840676068000000000000000000000e+91	
8.765613946106565410000000000000000000000e+91	
-1.517254899139328566000000000000000000000e+92	
1.297340044896946573000000000000000000000e+91	
1.725240476227539055000000000000000000000e+92	
-6.685758175224460528000000000000000000000e+91	
1.021191154377745234300000000000000000000e+92	
-1.372625139372239873000000000000000000000e+92	
3.174922151380123297000000000000000000000e+91	
1.956105674119924160000000000000000000000e+92	
-4.377106196300609472000000000000000000000e+91	
1.201278679413276943000000000000000000000e+92	
-1.192537614336708164000000000000000000000e+92	
4.468273377245952282000000000000000000000e+91	
-1.946988956025389879000000000000000000000e+92	
-3.072485378964962810000000000000000000000e+91	
1.281013055678360391000000000000000000000e+92	
-1.112803238071624717000000000000000000000e+92	
5.928895903575775294000000000000000000000e+91	
-1.800926703392407578000000000000000000000e+92	
-9.489141813761073768000000000000000000000e+90	
1.559632049748788007000000000000000000000e+92	
-8.341842440011971005000000000000000000000e+91	
8.207071460490127177000000000000000000000e+91	
-1.573109147700972390000000000000000000000e+92	
8.214998141007032206000000000000000000000e+90	
1.685922562805800712000000000000000000000e+92	
-7.078937309441843962000000000000000000000e+91	
9.644388718673423845000000000000000000000e+91	
-1.429377421882642723000000000000000000000e+92	
2.433142400613932063000000000000000000000e+91	
1.864510678681512775000000000000000000000e+92	
-5.293056150684723325000000000000000000000e+91	
1.105925133346165777000000000000000000000e+92	
-1.287891160403819330000000000000000000000e+92	
3.477171115380485401000000000000000000000e+91	
-2.046099182211936568000000000000000000000e+92	
-4.101135746241056289000000000000000000000e+91	
1.174395077057632150000000000000000000000e+92	
-1.219421216692352958000000000000000000000e+92	
4.943549046537510912000000000000000000000e+91	
-1.899461389096234016000000000000000000000e+92	
-1.853468337183684678000000000000000000000e+91	
1.477251883499280428000000000000000000000e+92	
-9.165644102507046793000000000000000000000e+91	
7.463982103399548807000000000000000000000e+91	
-1.647418083410030227000000000000000000000e+92	
1.590825945068473138000000000000000000000e+90	
1.627744039804336395000000000000000000000e+92	
-7.660722539456487128000000000000000000000e+91	
8.892806772257677085000000000000000000000e+91	
-1.504535616524217399000000000000000000000e+92	
1.511848240139213455000000000000000000000e+91	
1.755418487256948305000000000000000000000e+92	
-6.383978064930368023000000000000000000000e+91	
1.032865653849269259700000000000000000000e+92	
-1.360950639900715848000000000000000000000e+92	
3.106724116517777554000000000000000000000e+91	
1.930800771693236277000000000000000000000e+92	
-4.630155220567488302000000000000000000000e+91	
1.174385423888875581000000000000000000000e+92	
-1.219430869861109526000000000000000000000e+92	
4.183465195745206156000000000000000000000e+91	
-1.975469774175464492000000000000000000000e+92	
-3.373161285935956706000000000000000000000e+91	
1.249359482119687764000000000000000000000e+92	
-1.144456811630297344000000000000000000000e+92	
5.646339231546680785000000000000000000000e+91	
-1.829182370595317029000000000000000000000e+92	
-1.197508700130138525000000000000000000000e+91	
1.538167123014204056000000000000000000000e+92	
-8.556491707357810520000000000000000000000e+91	
8.026350551097124150000000000000000000000e+91	
-1.591181238640272693000000000000000000000e+92	
6.746903776125035484000000000000000000000e+90	
1.674631078782972537000000000000000000000e+92	
-7.191852149670125703000000000000000000000e+91	
9.459920355398177076000000000000000000000e+91	
-1.447824258210167400000000000000000000000e+92	
2.177156124169305228000000000000000000000e+91	
1.831763818935682208000000000000000000000e+92	
-5.620524748143028995000000000000000000000e+91	
1.088344878750430048000000000000000000000e+92	
-1.305471414999555059000000000000000000000e+92	
3.452959141628334229000000000000000000000e+91	
1.944578931033680186000000000000000000000e+92	
-4.492373627163049211000000000000000000000e+91	
1.232244403456372053000000000000000000000e+92	
-1.161571890293613054000000000000000000000e+92	
5.202643817684425482000000000000000000000e+91	
-1.873551911981542560000000000000000000000e+92	
-1.913613104562407945000000000000000000000e+91	
1.439329340429685845000000000000000000000e+92	
-9.544869533202992629000000000000000000000e+91	
6.765834805527736514000000000000000000000e+91	
-1.717232813197211456000000000000000000000e+92	
-8.578278534271912169000000000000000000000e+90	
1.494192543817235807000000000000000000000e+92	
-8.996237499327493004000000000000000000000e+91	
8.233116716540510062000000000000000000000e+91	
-1.570504622095934101000000000000000000000e+92	
1.527646752346998625000000000000000000000e+91	
1.824513578385701389000000000000000000000e+92	
-5.693027153642837184000000000000000000000e+91	
1.102805537407696930000000000000000000000e+92	
-1.291010756342288177000000000000000000000e+92	
3.814566672139710187000000000000000000000e+91	
-2.012359626536014089000000000000000000000e+92	
-3.395332109431765153000000000000000000000e+91	
1.281797914263206049000000000000000000000e+92	
-1.112018379486779058000000000000000000000e+92	
5.237130934009095557000000000000000000000e+91	
-1.870103200349075552000000000000000000000e+92	
-2.339944531285555695000000000000000000000e+91	
1.350637276903253085000000000000000000000e+92	
-1.043179016846732022700000000000000000000e+92	
6.700991018004007961000000000000000000000e+91	
-1.723717191949584312000000000000000000000e+92	
-1.010039143082919741800000000000000000000e+90	
1.652000818644227168000000000000000000000e+92	
-7.418154751057579394000000000000000000000e+91	
9.206498859355472094000000000000000000000e+91	
-1.473166407814437898000000000000000000000e+92	
1.896629229669406164000000000000000000000e+91	
1.801001938588116759000000000000000000000e+92	
-5.928143551618683490000000000000000000000e+91	
1.063355906953323325000000000000000000000e+92	
-1.330460386796661783000000000000000000000e+92	
3.260769779260368758000000000000000000000e+91	
1.931127158796840194000000000000000000000e+92	
-4.626891349531449132000000000000000000000e+91	
1.206610035530707884000000000000000000000e+92	
-1.187206258219277223000000000000000000000e+92	
4.824534810383894090000000000000000000000e+91	
-1.911362812711595699000000000000000000000e+92	
-2.413426841235507220000000000000000000000e+91	
1.377183550676452136000000000000000000000e+92	
-1.016632743073532971600000000000000000000e+92	
6.249040132318481798000000000000000000000e+91	
-1.768912280518136928000000000000000000000e+92	
-1.270011389819993995000000000000000000000e+91	
1.463430097701165629000000000000000000000e+92	
-9.303861960488194784000000000000000000000e+91	
7.704706911061627241000000000000000000000e+91	
-1.623345602643822384000000000000000000000e+92	
7.785614802854949665000000000000000000000e+90	
1.727548486826584388000000000000000000000e+92	
-6.662678069234007194000000000000000000000e+91	
9.837948583353707324000000000000000000000e+91	
-1.410021435414614375000000000000000000000e+92	
2.404113720053735610000000000000000000000e+91	
1.839360033614487777000000000000000000000e+92	
-5.544562601354973306000000000000000000000e+91	
1.127874716514107661000000000000000000000e+92	
-1.265941577235877447000000000000000000000e+92	
4.167434826784770666000000000000000000000e+91	
-1.977072811071508041000000000000000000000e+92	
-2.940338441082091159000000000000000000000e+91	
1.337504750011633760000000000000000000000e+92	
-1.056311543738351347200000000000000000000e+92	
5.756064113746749432000000000000000000000e+91	
-1.818209882375310164000000000000000000000e+92	
-1.859127550648146236000000000000000000000e+91	
1.394909251977101531000000000000000000000e+92	
-9.989070417728835769000000000000000000000e+91	
7.223710509815299612000000000000000000000e+91	
-1.671445242768455146000000000000000000000e+92	
5.016755052882816788000000000000000000000e+90	
1.720260774035039734000000000000000000000e+92	
-6.735555197149453739000000000000000000000e+91	
9.968978773905343669000000000000000000000e+91	
-1.396918416359450741000000000000000000000e+92	
2.738949750985284691000000000000000000000e+91	
1.893214077987153310000000000000000000000e+92	
-5.006022157628317980000000000000000000000e+91	
1.138561432814945098000000000000000000000e+92	
-1.255254860935040009000000000000000000000e+92	
3.842843538925695978000000000000000000000e+91	
-2.009531939857415510000000000000000000000e+92	
-3.696173456871667240000000000000000000000e+91	
1.218818337247254452000000000000000000000e+92	
-1.174997956502730656000000000000000000000e+92	
5.304104329131091844000000000000000000000e+91	
-1.863405860836875923000000000000000000000e+92	
-1.576548730393307318000000000000000000000e+91	
1.496584438875479214000000000000000000000e+92	
-8.972318548745058941000000000000000000000e+91	
7.573755206193656734000000000000000000000e+91	
-1.636440773130619434000000000000000000000e+92	
1.853448276895714406000000000000000000000e+90	
1.622023332227750691000000000000000000000e+92	
-7.717929615222344168000000000000000000000e+91	
9.012260449699527135000000000000000000000e+91	
-1.492590248780032394000000000000000000000e+92	
1.807874752437197070000000000000000000000e+91	
1.802669634512615189000000000000000000000e+92	
-5.911466592373699190000000000000000000000e+91	
1.042716790968779731500000000000000000000e+92	
-1.351099502781205376000000000000000000000e+92	
2.831421514123355650000000000000000000000e+91	
1.865907717609066808000000000000000000000e+92	
-5.279085761409183002000000000000000000000e+91	
1.188622778570838231000000000000000000000e+92	
-1.205193515179146877000000000000000000000e+92	
5.116749023737063404000000000000000000000e+91	
-1.882141391376278767000000000000000000000e+92	
-1.649360787276192960000000000000000000000e+91	
1.500751857590746392000000000000000000000e+92	
-8.930644361592387151000000000000000000000e+91	
7.729858661275582456000000000000000000000e+91	
-1.620830427622426862000000000000000000000e+92	
4.558206029496230917000000000000000000000e+90	
1.660502449830561403000000000000000000000e+92	
-7.333138439194237043000000000000000000000e+91	
9.154692701017750514000000000000000000000e+91	
-1.478347023648210056000000000000000000000e+92	
1.708068693255328328000000000000000000000e+91	
1.768477252962819440000000000000000000000e+92	
-6.253390407871656679000000000000000000000e+91	
1.059791768693435473000000000000000000000e+92	
-1.334024525056549635000000000000000000000e+92	
3.514589743024227703000000000000000000000e+91	
1.985440884253112610000000000000000000000e+92	
-4.083754094968724980000000000000000000000e+91	
1.225984645487619230000000000000000000000e+92	
-1.167831648262365877000000000000000000000e+92	
4.669063635653569297000000000000000000000e+91	
-1.926909930184628178000000000000000000000e+92	
-2.917941496105889878000000000000000000000e+91	
1.291845107942170621000000000000000000000e+92	
-1.101971185807814487000000000000000000000e+92	
6.134858278816771034000000000000000000000e+91	
-1.780330465868308004000000000000000000000e+92	
-6.453585467288913230000000000000000000000e+90	
1.599742082252790510000000000000000000000e+92	
-7.940742114971945981000000000000000000000e+91	
8.705667931080777922000000000000000000000e+91	
-1.523249500641907315000000000000000000000e+92	
1.417543909558996628000000000000000000000e+91	
1.755266885184813820000000000000000000000e+92	
-6.385494085651712874000000000000000000000e+91	
1.013084411345469579300000000000000000000e+92	
-1.380731882404515528000000000000000000000e+92	
2.712712977544125624000000000000000000000e+91	
1.871789550578670015000000000000000000000e+92	
-5.220267431713150925000000000000000000000e+91	
1.156939958304564464000000000000000000000e+92	
-1.236876335445420643000000000000000000000e+92	
4.424461235863122106000000000000000000000e+91	
-1.951370170163672897000000000000000000000e+92	
-2.716921306251328878000000000000000000000e+91	
1.356487208694988767000000000000000000000e+92	
-1.037329085054996340700000000000000000000e+92	
5.912312870509347513000000000000000000000e+91	
-1.802585006699050356000000000000000000000e+92	
-1.736437914350211264000000000000000000000e+91	
1.403823973689474426000000000000000000000e+92	
-9.899923200605106817000000000000000000000e+91	
7.383698246671442992000000000000000000000e+91	
-1.655446469082840808000000000000000000000e+92	
7.324685068379779077000000000000000000000e+90	
1.750417076910007694000000000000000000000e+92	
-6.433992168399774132000000000000000000000e+91	
1.034127660989800146500000000000000000000e+92	
-1.359688632760184961000000000000000000000e+92	
3.181947191791751938000000000000000000000e+91	
1.944580264058175547000000000000000000000e+92	
-4.492360296918095610000000000000000000000e+91	
1.177531440686562478000000000000000000000e+92	
-1.216284853063422630000000000000000000000e+92	
4.108643527423346556000000000000000000000e+91	
-1.982951941007650452000000000000000000000e+92	
-3.554211897519014876000000000000000000000e+91	
1.220636813306699340000000000000000000000e+92	
-1.173179480443285767000000000000000000000e+92	
5.584120764139576802000000000000000000000e+91	
-1.835404217336027427000000000000000000000e+92	
-1.034830926139226538100000000000000000000e+91	
1.576913332193469910000000000000000000000e+92	
-8.169029615565151978000000000000000000000e+91	
8.638485092796013812000000000000000000000e+91	
-1.529967784470383726000000000000000000000e+92	
1.511385556995156721000000000000000000000e+91	
1.780745484831899875000000000000000000000e+92	
-6.130708089180852327000000000000000000000e+91	
1.016916442534763057100000000000000000000e+92	
-1.376899851215222050000000000000000000000e+92	
2.534675332839545133000000000000000000000e+91	
1.832360757885227887000000000000000000000e+92	
-5.614555358647572208000000000000000000000e+91	
1.163313187675241457000000000000000000000e+92	
-1.230503106074743651000000000000000000000e+92	
4.945985808339133120000000000000000000000e+91	
-1.899217712916071796000000000000000000000e+92	
-1.737832283438720017000000000000000000000e+91	
1.500129784504930648000000000000000000000e+92	
-8.936865092450544596000000000000000000000e+91	
7.805847762172212448000000000000000000000e+91	
-1.613231517532763863000000000000000000000e+92	
6.139786224227606010000000000000000000000e+90	
1.684531054353814380000000000000000000000e+92	
-7.092852393961707272000000000000000000000e+91	
9.220908704707719167000000000000000000000e+91	
-1.471725423279213191000000000000000000000e+92	
1.600301284440786965000000000000000000000e+91	
1.740310829423470765000000000000000000000e+92	
-6.535054643265143430000000000000000000000e+91	
1.068452090699425672000000000000000000000e+92	
-1.325364203050559436000000000000000000000e+92	
3.969277143718210246000000000000000000000e+91	
2.067699724024984813000000000000000000000e+92	
-3.261165697250002948000000000000000000000e+91	
1.345015275717487491000000000000000000000e+92	
-1.048801018032497616200000000000000000000e+92	
6.226904841206628384000000000000000000000e+91	
-1.771125809629322269000000000000000000000e+92	
-9.927482975501819926000000000000000000000e+90	
1.521081345175685613000000000000000000000e+92	
-8.727349485742994944000000000000000000000e+91	
7.647364603932191608000000000000000000000e+91	
-1.629079833356765947000000000000000000000e+92	
8.767984033588250297000000000000000000000e+89	
1.595137918756171474000000000000000000000e+92	
-7.986783749938136334000000000000000000000e+91	
9.105928263978859896000000000000000000000e+91	
-1.483223467352099118000000000000000000000e+92	
2.263884100245364921000000000000000000000e+91	
1.884486690078381392000000000000000000000e+92	
-5.093296036716037158000000000000000000000e+91	
1.149134819477485915000000000000000000000e+92	
-1.244681474272499192000000000000000000000e+92	
4.141489097542418058000000000000000000000e+91	
-1.979667383995743302000000000000000000000e+92	
-3.204712212182608582000000000000000000000e+91	
1.287236434509400614000000000000000000000e+92	
-1.106579859240584493000000000000000000000e+92	
5.579654323158935454000000000000000000000e+91	
-1.835850861434091562000000000000000000000e+92	
-1.709426352517850304000000000000000000000e+91	
1.442474241171215603000000000000000000000e+92	
-9.513420525787695046000000000000000000000e+91	
7.009157842831348342000000000000000000000e+91	
-1.692900509466850273000000000000000000000e+92	
-4.027362290974256845000000000000000000000e+90	
1.560868025914162974000000000000000000000e+92	
-8.329482678358221336000000000000000000000e+91	
8.451188170588824352000000000000000000000e+91	
-1.548697476691102672000000000000000000000e+92	
1.297258134695745982000000000000000000000e+91	
1.756651027860076459000000000000000000000e+92	
-6.371652658899086489000000000000000000000e+91	
9.901416054238781526000000000000000000000e+91	
-1.403674688326106955000000000000000000000e+92	
2.240136499726394716000000000000000000000e+91	
1.800229161648256300000000000000000000000e+92	
-5.935871321017288072000000000000000000000e+91	
1.136889753480633273000000000000000000000e+92	
-1.256926540269351835000000000000000000000e+92	
4.738804679137665392000000000000000000000e+91	
-1.919935825836218568000000000000000000000e+92	
-1.887988593437010520000000000000000000000e+91	
1.490813797484330208000000000000000000000e+92	
-9.030024962656548993000000000000000000000e+91	
7.769655966471123114000000000000000000000e+91	
-1.616850697102872796000000000000000000000e+92	
6.347265500556952120000000000000000000000e+90	
1.692296985744368574000000000000000000000e+92	
-7.015193080056165338000000000000000000000e+91	
9.276857345275928405000000000000000000000e+91	
-1.466130559222392267000000000000000000000e+92	
1.634550056372628954000000000000000000000e+91	
1.741566799685400058000000000000000000000e+92	
-6.522494940645850492000000000000000000000e+91	
1.074294801877064120000000000000000000000e+92	
-1.319521491872920987000000000000000000000e+92	
4.073548837923448242000000000000000000000e+91	
2.082709070151582610000000000000000000000e+92	
-3.111072235984024972000000000000000000000e+91	
1.364604518148795029000000000000000000000e+92	
-1.029211775601190078900000000000000000000e+92	
6.468573435901984663000000000000000000000e+91	
-1.746958950159786641000000000000000000000e+92	
-7.053263137941974455000000000000000000000e+90	
1.554396605458934977000000000000000000000e+92	
-8.394196882910501302000000000000000000000e+91	
7.883322543349993423000000000000000000000e+91	
-1.605484039414985765000000000000000000000e+92	
2.264914869840517021000000000000000000000e+90	
1.599309288801280099000000000000000000000e+92	
-7.945070049487050086000000000000000000000e+91	
9.353001428586395774000000000000000000000e+91	
-1.458516150891345530000000000000000000000e+92	
2.716214528236166778000000000000000000000e+91	
1.950235244224672067000000000000000000000e+92	
-4.435810495253130402000000000000000000000e+91	
1.235388675063542884000000000000000000000e+92	
-1.158427618686442224000000000000000000000e+92	
5.208978619537618550000000000000000000000e+91	
-1.872918431796223252000000000000000000000e+92	
-1.932373721529691437000000000000000000000e+91	
1.434944985768858371000000000000000000000e+92	
-9.588713079811267369000000000000000000000e+91	
6.696920812242494128000000000000000000000e+91	
-1.724124212525735695000000000000000000000e+92	
-9.517998166377448179000000000000000000000e+90	
1.482290797557887127000000000000000000000e+92	
-9.115254961920979802000000000000000000000e+91	
8.167244766850031406000000000000000000000e+91	
-1.577091817064981967000000000000000000000e+92	
1.514893866754103830000000000000000000000e+91	
1.828547552671899363000000000000000000000e+92	
-5.652687410780857444000000000000000000000e+91	
1.112146132290728116000000000000000000000e+92	
-1.281670161459256991000000000000000000000e+92	
3.961012417601424833000000000000000000000e+91	
-1.997715051989842624000000000000000000000e+92	
-3.195872963532494645000000000000000000000e+91	
1.307042530591156851000000000000000000000e+92	
-1.086773763158828256000000000000000000000e+92	
5.402378677136547548000000000000000000000e+91	
-1.853578426036330353000000000000000000000e+92	
-2.261851812472545616000000000000000000000e+91	
1.349735383777200924000000000000000000000e+92	
-1.044080909972784183300000000000000000000e+92	
6.876273429003522724000000000000000000000e+91	
-1.706188950849632835000000000000000000000e+92	
2.584881181252676681000000000000000000000e+90	
1.706361816513037974000000000000000000000e+92	
-6.874544772369471336000000000000000000000e+91	
9.934135154742408722000000000000000000000e+91	
-1.400402778275744235000000000000000000000e+92	
2.808200257800518413000000000000000000000e+91	
1.910543360838017994000000000000000000000e+92	
-4.832729329119671136000000000000000000000e+91	
1.146830666534993655000000000000000000000e+92	
-1.246985627214991453000000000000000000000e+92	
3.834980473756583218000000000000000000000e+91	
-2.010318246374326786000000000000000000000e+92	
-3.794546857911126706000000000000000000000e+91	
1.199934467963384966000000000000000000000e+92	
-1.193881825786600141000000000000000000000e+92	
5.306904228015324027000000000000000000000e+91	
-1.863125870948452705000000000000000000000e+92	
-1.382205612124236511000000000000000000000e+91	
1.535163540153434054000000000000000000000e+92	
-8.586527535965510532000000000000000000000e+91	
8.150898836049439104000000000000000000000e+91	
-1.578726410145041197000000000000000000000e+92	
9.537458446038428242000000000000000000000e+90	
1.717979654362542841000000000000000000000e+92	
-6.758366393874422663000000000000000000000e+91	
9.566116420820185314000000000000000000000e+91	
-1.437204651667966576000000000000000000000e+92	
1.956225380726626523000000000000000000000e+91	
1.776974343749759563000000000000000000000e+92	
-6.168419500002255448000000000000000000000e+91	
1.102800195132322652000000000000000000000e+92	
-1.291016098617662456000000000000000000000e+92	
4.289615612160538576000000000000000000000e+91	
2.097420465011815637000000000000000000000e+92	
-2.963958287381694702000000000000000000000e+91	
1.372424062004999209000000000000000000000e+92	
-1.021392231744985898300000000000000000000e+92	
6.477884662940445424000000000000000000000e+91	
-1.746027827455940565000000000000000000000e+92	
-7.648650168318695593000000000000000000000e+90	
1.541561168586222416000000000000000000000e+92	
-8.522551251637626918000000000000000000000e+91	
7.900724317400274971000000000000000000000e+91	
-1.603743862009957610000000000000000000000e+92	
3.895768656867109466000000000000000000000e+90	
1.630178936934268285000000000000000000000e+92	
-7.636373568157168230000000000000000000000e+91	
9.353233913190108218000000000000000000000e+91	
-1.458492902430974286000000000000000000000e+92	
2.408136528682966338000000000000000000000e+91	
1.888611739470762712000000000000000000000e+92	
-5.052045542792223959000000000000000000000e+91	
1.142964801492121945000000000000000000000e+92	
-1.250851492257863163000000000000000000000e+92	
3.976889479136851349000000000000000000000e+91	
-1.996127345836299973000000000000000000000e+92	
-3.472160059412694979000000000000000000000e+91	
1.250211945328137959000000000000000000000e+92	
-1.143604348421847148000000000000000000000e+92	
5.427381067834248984000000000000000000000e+91	
-1.851078186966560209000000000000000000000e+92	
-1.643836448798641874000000000000000000000e+91	
1.470808705101694836000000000000000000000e+92	
-9.230075886482902712000000000000000000000e+91	
7.125623039701585376000000000000000000000e+91	
-1.681253989779826570000000000000000000000e+92	
-4.530674241526496256000000000000000000000e+90	
1.539163568133848133000000000000000000000e+92	
-8.546527256161369750000000000000000000000e+91	
8.587126977355378518000000000000000000000e+91	
-1.535103596014447256000000000000000000000e+92	
1.786004657601173517000000000000000000000e+91	
1.840788893663874290000000000000000000000e+92	
-5.530274000861108175000000000000000000000e+91	
1.109525135378398577000000000000000000000e+92	
-1.284291158371586531000000000000000000000e+92	
3.786253034491012056000000000000000000000e+91	
-2.015190990300883902000000000000000000000e+92	
-3.519107832384121894000000000000000000000e+91	
1.259878884277293232000000000000000000000e+92	
-1.133937409472691876000000000000000000000e+92	
5.220090615931102042000000000000000000000e+91	
-1.871807232156874903000000000000000000000e+92	
-2.154935471099875138000000000000000000000e+91	
1.389333065403155214000000000000000000000e+92	
-1.004483228346829893300000000000000000000e+92	
6.660194035048217105000000000000000000000e+91	
-1.727796890245163397000000000000000000000e+92	
-5.693428854355516484000000000000000000000e+90	
1.562434000098349633000000000000000000000e+92	
-8.313822936516354747000000000000000000000e+91	
8.081232846158318293000000000000000000000e+91	
-1.585693009134153278000000000000000000000e+92	
5.418796521578309305000000000000000000000e+90	
1.642590045061390502000000000000000000000e+92	
-7.512262486885946054000000000000000000000e+91	
9.536818662071985085000000000000000000000e+91	
-1.440134427542786599000000000000000000000e+92	
2.651165347051845688000000000000000000000e+91	
1.918856069916987552000000000000000000000e+92	
-4.749602238329975554000000000000000000000e+91	
1.179147623680591867000000000000000000000e+92	
-1.214668670069393241000000000000000000000e+92	
4.398073064488445552000000000000000000000e+91	
-1.954008987301140552000000000000000000000e+92	
-2.991650649841711511000000000000000000000e+91	
1.304192516252498157000000000000000000000e+92	
-1.089623777497486950000000000000000000000e+92	
5.841014591119657989000000000000000000000e+91	
-1.809714834638019309000000000000000000000e+92	
-1.356312319649234613000000000000000000000e+91	
1.486956454660308845000000000000000000000e+92	
-9.068598390896762624000000000000000000000e+91	
7.259367019206480946000000000000000000000e+91	
-1.667879591829337013000000000000000000000e+92	
-3.470431586537073602000000000000000000000e+90	
1.546995402803791397000000000000000000000e+92	
-8.468208909461937104000000000000000000000e+91	
8.723953027016439992000000000000000000000e+91	
-1.521420991048341108000000000000000000000e+92	
1.981309292829619973000000000000000000000e+91	
1.866164305453111992000000000000000000000e+92	
-5.276519882968731156000000000000000000000e+91	
1.140742586592040872000000000000000000000e+92	
-1.253073707157944235000000000000000000000e+92	
4.156818866927963844000000000000000000000e+91	
-1.978134407057188723000000000000000000000e+92	
-3.090179739120998911000000000000000000000e+91	
1.308605015184983764000000000000000000000e+92	
-1.085211278565001344000000000000000000000e+92	
5.583288037200975920000000000000000000000e+91	
-1.835487490029887516000000000000000000000e+92	
-1.915740195046739524000000000000000000000e+91	
1.400858549673094754000000000000000000000e+92	
-9.929577440768903541000000000000000000000e+91	
7.037495851773051846000000000000000000000e+91	
-1.690066708572679923000000000000000000000e+92	
6.987549299861373946000000000000000000000e+89	
1.652534459371288232000000000000000000000e+92	
-7.412818343786968752000000000000000000000e+91	
9.046374651994662063000000000000000000000e+91	
-1.489178828550518901000000000000000000000e+92	
1.571126752081489512000000000000000000000e+91	
1.751922094149030927000000000000000000000e+92	
-6.418941996009541806000000000000000000000e+91	
1.049311449057397499300000000000000000000e+92	
-1.344504844692587608000000000000000000000e+92	
3.470504705928641348000000000000000000000e+91	
1.987101174723337596000000000000000000000e+92	
-4.067151190266475112000000000000000000000e+91	
1.233710709894757277000000000000000000000e+92	
-1.160105583855227831000000000000000000000e+92	
4.806951831696151886000000000000000000000e+91	
-1.913121110580369919000000000000000000000e+92	
-2.719455920466739548000000000000000000000e+91	
1.317750387729860381000000000000000000000e+92	
-1.076065906020124726000000000000000000000e+92	
6.265428722570357352000000000000000000000e+91	
-1.767273421492949372000000000000000000000e+92	
-6.432065155803316302000000000000000000000e+90	
1.587121835076808534000000000000000000000e+92	
-8.066944586731765733000000000000000000000e+91	
8.451174834303446149000000000000000000000e+91	
-1.548698810319640493000000000000000000000e+92	
1.034824033865049016700000000000000000000e+91	
1.704178601156433137000000000000000000000e+92	
-6.896376925935519709000000000000000000000e+91	
9.891785439397931486000000000000000000000e+91	
-1.404637749810191959000000000000000000000e+92	
2.745343191605489350000000000000000000000e+91	
1.902207939718083025000000000000000000000e+92	
-4.916083540319020827000000000000000000000e+91	
1.136446550991337006000000000000000000000e+92	
-1.257369742758648101000000000000000000000e+92	
3.710662569773320950000000000000000000000e+91	
1.948029058003230650000000000000000000000e+92	
-4.457872357467544578000000000000000000000e+91	
1.282909444850949426000000000000000000000e+92	
-1.110906848899035681000000000000000000000e+92	
6.181208402499532166000000000000000000000e+91	
-1.775695453500031891000000000000000000000e+92	
-4.633692053202390593000000000000000000000e+90	
1.631498187840428129000000000000000000000e+92	
-7.623181059095569786000000000000000000000e+91	
9.158733231760908107000000000000000000000e+91	
-1.477942970573894297000000000000000000000e+92	
2.006046018956381953000000000000000000000e+91	
1.827654036743704211000000000000000000000e+92	
-5.661622570062808968000000000000000000000e+91	
1.061268772944559715000000000000000000000e+92	
-1.332547520805425393000000000000000000000e+92	
2.952649143406310364000000000000000000000e+91	
1.871604461104564386000000000000000000000e+92	
-5.222118326454207214000000000000000000000e+91	
1.207906416318415317000000000000000000000e+92	
-1.185909877431569790000000000000000000000e+92	
5.445386726148852070000000000000000000000e+91	
-1.849277621135099901000000000000000000000e+92	
-1.184989343862074972000000000000000000000e+91	
1.560755621002456224000000000000000000000e+92	
-8.330606727475288834000000000000000000000e+91	
8.465494969413922526000000000000000000000e+91	
-1.547266796808592855000000000000000000000e+92	
1.326988102028333224000000000000000000000e+91	
1.761165573882796614000000000000000000000e+92	
-6.326507198671884930000000000000000000000e+91	
9.961969335567631304000000000000000000000e+91	
-1.397619360193221977000000000000000000000e+92	
2.316089934181930491000000000000000000000e+91	
1.809363753990592165000000000000000000000e+92	
-5.844525397593929428000000000000000000000e+91	
1.142755669504069837000000000000000000000e+92	
-1.251060624245915271000000000000000000000e+92	
4.764793343329447196000000000000000000000e+91	
2.152496773361990993000000000000000000000e+92	
-2.413195203879941142000000000000000000000e+91	
1.435055143949578605000000000000000000000e+92	
-9.587611498004065024000000000000000000000e+91	
7.179705620661929680000000000000000000000e+91	
-1.675845731683792140000000000000000000000e+92	
1.242850020809965478000000000000000000000e+89	
1.626834020196530517000000000000000000000e+92	
-7.669822735534545906000000000000000000000e+91	
8.592716489746208886000000000000000000000e+91	
-1.534544644775364219000000000000000000000e+92	
9.209126875627660496000000000000000000000e+90	
1.667254879422606028000000000000000000000e+92	
-7.265614143273790792000000000000000000000e+91	
1.006320108790188900500000000000000000000e+92	
-1.387496184959796207000000000000000000000e+92	
3.457142640480850534000000000000000000000e+91	
2.027399371486195538000000000000000000000e+92	
-3.664169222637895690000000000000000000000e+91	
1.315622589867318658000000000000000000000e+92	
-1.078193703882666449000000000000000000000e+92	
6.042000365656690861000000000000000000000e+91	
-1.789616257184316022000000000000000000000e+92	
-1.068684647067465496000000000000000000000e+91	
1.524379099835505479000000000000000000000e+92	
-8.694371939144796289000000000000000000000e+91	
7.621898764569776583000000000000000000000e+91	
-1.631626417293007449000000000000000000000e+92	
3.799700398606467300000000000000000000000e+88	
1.580911381796046814000000000000000000000e+92	
-8.129049119539382937000000000000000000000e+91	
9.087371668495378456000000000000000000000e+91	
-1.485079126900447262000000000000000000000e+92	
2.368974713017969584000000000000000000000e+91	
1.907354318659017087000000000000000000000e+92	
-4.864619750909680202000000000000000000000e+91	
1.184354864901672713000000000000000000000e+92	
-1.209461428848312395000000000000000000000e+92	
4.617152246230407182000000000000000000000e+91	
-1.932101069126944389000000000000000000000e+92	
-2.605647812444272120000000000000000000000e+91	
1.359476858306531422000000000000000000000e+92	
-1.034339435443453685600000000000000000000e+92	
6.040152776711493912000000000000000000000e+91	
-1.789801016078835716000000000000000000000e+92	
-1.510703341333444156000000000000000000000e+91	
1.436182025771198930000000000000000000000e+92	
-9.576342679787861772000000000000000000000e+91	
7.499844347948782596000000000000000000000e+91	
-1.643831858955106848000000000000000000000e+92	
6.412834219868765898000000000000000000000e+90	
1.720575768015606530000000000000000000000e+92	
-6.732405257343785772000000000000000000000e+91	
9.835738647546237285000000000000000000000e+91	
-1.410242428995361379000000000000000000000e+92	
2.469387435392589976000000000000000000000e+91	
1.852632411819627671000000000000000000000e+92	
-5.411838819303574363000000000000000000000e+91	
1.126859790818304802000000000000000000000e+92	
-1.266956502931680306000000000000000000000e+92	
4.014483634114715191000000000000000000000e+91	
-1.992367930338513588000000000000000000000e+92	
-3.236020501552595074000000000000000000000e+91	
1.293670560438876794000000000000000000000e+92	
-1.100145733311108313000000000000000000000e+92	
5.441557285925025483000000000000000000000e+91	
-1.849660565157482559000000000000000000000e+92	
-2.049860939278043266000000000000000000000e+91	
1.388207097228955578000000000000000000000e+92	
-1.005609196521029529200000000000000000000e+92	
6.895060554828621984000000000000000000000e+91	
-1.704310238267122909000000000000000000000e+92	
-8.847265319455014196000000000000000000000e+89	
1.635109151758214813000000000000000000000e+92	
-7.587071419917702948000000000000000000000e+91	
8.856224561296331970000000000000000000000e+91	
-1.508193837620351911000000000000000000000e+92	
1.365087558246317116000000000000000000000e+91	
1.729730055201178712000000000000000000000e+92	
-6.640862385488063954000000000000000000000e+91	
1.030509079957271220300000000000000000000e+92	
-1.363307213792713887000000000000000000000e+92	
3.316360844112506734000000000000000000000e+91	
1.975073085370554404000000000000000000000e+92	
-4.187432083794307040000000000000000000000e+91	
1.225067232120234074000000000000000000000e+92	
-1.168749061629751034000000000000000000000e+92	
4.754346325614762454000000000000000000000e+91	
-1.918381661188508862000000000000000000000e+92	
-2.738248990620272476000000000000000000000e+91	
1.319250641571554976000000000000000000000e+92	
-1.074565652178430131000000000000000000000e+92	
6.208914682850912858000000000000000000000e+91	
-1.772924825464893822000000000000000000000e+92	
-7.712015419448716583000000000000000000000e+90	
1.567177791153701143000000000000000000000e+92	
-8.266385025962839648000000000000000000000e+91	
8.180324538280475620000000000000000000000e+91	
-1.575783839921937546000000000000000000000e+92	
6.925994194297123358000000000000000000000e+90	
1.662822259940985239000000000000000000000e+92	
-7.309940338089998688000000000000000000000e+91	
9.629700527875243230000000000000000000000e+91	
-1.430846240962460785000000000000000000000e+92	
2.634661394756861064000000000000000000000e+91	
1.906272536656568337000000000000000000000e+92	
-4.875437570934167707000000000000000000000e+91	
1.155636393458961542000000000000000000000e+92	
-1.238179900291023565000000000000000000000e+92	
4.053738176278687305000000000000000000000e+91	
-1.988442476122116377000000000000000000000e+92	
-3.445153767491245282000000000000000000000e+91	
1.247930814493785334000000000000000000000e+92	
-1.145885479256199774000000000000000000000e+92	
5.509992214650595810000000000000000000000e+91	
-1.842817072284925526000000000000000000000e+92	
-1.455855312173712813000000000000000000000e+91	
1.500138573820947729000000000000000000000e+92	
-8.936777199290373788000000000000000000000e+91	
7.524186864318051281000000000000000000000e+91	
-1.641397607318179980000000000000000000000e+92	
5.070915082841221749000000000000000000000e+89	
1.600057264569615118000000000000000000000e+92	
-7.937590291803699894000000000000000000000e+91	
8.972770703471826811000000000000000000000e+91	
-1.496539223402802426000000000000000000000e+92	
1.948466271309772142000000000000000000000e+91	
1.834727950846912611000000000000000000000e+92	
-5.590883429030724970000000000000000000000e+91	
1.081168189898955947000000000000000000000e+92	
-1.312648103851029161000000000000000000000e+92	
3.279834513076492086000000000000000000000e+91	
1.917135738422170228000000000000000000000e+92	
-4.766805553278148800000000000000000000000e+91	
1.226270292553535086000000000000000000000e+92	
-1.167546001196450022000000000000000000000e+92	
5.357486681056604757000000000000000000000e+91	
-1.858067625644324632000000000000000000000e+92	
-1.544293060302706172000000000000000000000e+91	
1.497698389107773782000000000000000000000e+92	
-8.961179046422113262000000000000000000000e+91	
7.563789049583694789000000000000000000000e+91	
-1.637437388791615629000000000000000000000e+92	
1.542835157515436834000000000000000000000e+90	
1.616808735338894576000000000000000000000e+92	
-7.770075584110905316000000000000000000000e+91	
9.004790465952070680000000000000000000000e+91	
-1.493337247154778040000000000000000000000e+92	
1.845058520035861452000000000000000000000e+91	
1.810851164134099319000000000000000000000e+92	
-5.829651296158857887000000000000000000000e+91	
1.043762128036538742300000000000000000000e+92	
-1.350054165713446365000000000000000000000e+92	
2.770548473789385945000000000000000000000e+91	
1.852691322159639491000000000000000000000e+92	
-5.411249715903456165000000000000000000000e+91	
1.190506162600746402000000000000000000000e+92	
-1.203310131149238706000000000000000000000e+92	
5.286505512103540454000000000000000000000e+91	
-1.865165742539631062000000000000000000000e+92	
-1.328756760170191128000000000000000000000e+91	
1.547889506980461564000000000000000000000e+92	
-8.459267867695235438000000000000000000000e+91	
8.351932587376394121000000000000000000000e+91	
-1.558623035012345696000000000000000000000e+92	
1.228516964008890650000000000000000000000e+91	
1.752826833440184335000000000000000000000e+92	
-6.409894603098007726000000000000000000000e+91	
9.893658158047746923000000000000000000000e+91	
-1.404450477945210415000000000000000000000e+92	
2.262847480617046759000000000000000000000e+91	
1.805545631107877435000000000000000000000e+92	
-5.882706626421076722000000000000000000000e+91	
1.135756414863692573000000000000000000000e+92	
-1.258059878886292534000000000000000000000e+92	
4.663005310814455753000000000000000000000e+91	
-1.927515762668539532000000000000000000000e+92	
-2.028221861276643453000000000000000000000e+91	
1.470350287415812638000000000000000000000e+92	
-9.234660063341724691000000000000000000000e+91	
7.500651083652738390000000000000000000000e+91	
-1.643751185384711269000000000000000000000e+92	
3.013839198658375315000000000000000000000e+90	
1.652532149870141658000000000000000000000e+92	
-7.412841438798434495000000000000000000000e+91	
8.916994207124198820000000000000000000000e+91	
-1.502116873037565226000000000000000000000e+92	
1.312453334327434956000000000000000000000e+91	
1.713131889578971852000000000000000000000e+92	
-6.806844041710132552000000000000000000000e+91	
1.037912526407658186400000000000000000000e+92	
-1.355903767342326921000000000000000000000e+92	
3.630291981070405178000000000000000000000e+91	
2.030443927429110140000000000000000000000e+92	
-3.633723663208749674000000000000000000000e+91	
1.304403869600515349000000000000000000000e+92	
-1.089412424149469759000000000000000000000e+92	
5.787251384610822966000000000000000000000e+91	
-1.815091155288902811000000000000000000000e+92	
-1.465924458098134736000000000000000000000e+91	
1.470413127042389272000000000000000000000e+92	
-9.234031667075958355000000000000000000000e+91	
7.212249285463658580000000000000000000000e+91	
-1.672591365203619250000000000000000000000e+92	
-2.759042317845969054000000000000000000000e+90	
1.565929076299809600000000000000000000000e+92	
-8.278872174501755081000000000000000000000e+91	
8.662980932242458185000000000000000000000e+91	
-1.527518200525739289000000000000000000000e+92	
1.670152938942255051000000000000000000000e+91	
1.810042695015637776000000000000000000000e+92	
-5.837735987343473314000000000000000000000e+91	
1.059627445772037318000000000000000000000e+92	
-1.334188847977947790000000000000000000000e+92	
3.095856539631632165000000000000000000000e+91	
1.901879323717006264000000000000000000000e+92	
-4.919369700329788430000000000000000000000e+91	
1.204388691028548592000000000000000000000e+92	
-1.189427602721436515000000000000000000000e+92	
5.072451769023700950000000000000000000000e+91	
-1.886571116847615013000000000000000000000e+92	
-1.895513914112272546000000000000000000000e+91	
1.455961003409724419000000000000000000000e+92	
-9.378552903402606885000000000000000000000e+91	
7.080295111645522901000000000000000000000e+91	
-1.685786782585432818000000000000000000000e+92	
-3.952975973153804739000000000000000000000e+90	
1.555245195464603858000000000000000000000e+92	
-8.385710982853812500000000000000000000000e+91	
8.529726360383955382000000000000000000000e+91	
-1.540843657711589569000000000000000000000e+92	
1.510495749849704826000000000000000000000e+91	
1.791438028355969635000000000000000000000e+92	
-6.023782653940154727000000000000000000000e+91	
1.038385144681026041400000000000000000000e+92	
-1.355431149068959066000000000000000000000e+92	
2.857070311062828146000000000000000000000e+91	
1.875365691106458701000000000000000000000e+92	
-5.184506026435264066000000000000000000000e+91	
1.183485305103860224000000000000000000000e+92	
-1.210330988646124884000000000000000000000e+92	
4.919492456249495396000000000000000000000e+91	
-1.901867048125035568000000000000000000000e+92	
-1.992426586904642810000000000000000000000e+91	
1.451871610868402745000000000000000000000e+92	
-9.419446828815823625000000000000000000000e+91	
7.095392054890029107000000000000000000000e+91	
-1.684277088260982197000000000000000000000e+92	
-3.242376502602406070000000000000000000000e+90	
1.567944705453214554000000000000000000000e+92	
-8.258715882967705541000000000000000000000e+91	
8.538216538500956960000000000000000000000e+91	
-1.539994639899889412000000000000000000000e+92	
1.400539982270016791000000000000000000000e+91	
1.768603751700525648000000000000000000000e+92	
-6.252125420494594592000000000000000000000e+91	
1.003718059866712412000000000000000000000e+92	
-1.390098233883272696000000000000000000000e+92	
2.392130269395769818000000000000000000000e+91	
1.817050653463169274000000000000000000000e+92	
-5.767656402868158338000000000000000000000e+91	
1.150256897684173548000000000000000000000e+92	
-1.243559396065811559000000000000000000000e+92	
4.837949836231815724000000000000000000000e+91	
-1.910021310126803535000000000000000000000e+92	
-1.823352538667130514000000000000000000000e+91	
1.493828210135465965000000000000000000000e+92	
-8.999880836145191428000000000000000000000e+91	
7.765325330242727270000000000000000000000e+91	
-1.617283760725712381000000000000000000000e+92	
5.959383080635972870000000000000000000000e+90	
1.684974115812545446000000000000000000000e+92	
-7.088421779374396620000000000000000000000e+91	
9.177794938082994792000000000000000000000e+91	
-1.476036799941685628000000000000000000000e+92	
1.509666797907098061000000000000000000000e+91	
1.726497673731966557000000000000000000000e+92	
-6.673186200180185510000000000000000000000e+91	
1.064705808892333709000000000000000000000e+92	
-1.329110484857651398000000000000000000000e+92	
4.032432964911212688000000000000000000000e+91	
2.084072162605951255000000000000000000000e+92	
-3.097441311440338524000000000000000000000e+91	
1.371439565787447441000000000000000000000e+92	
-1.022376727962537666500000000000000000000e+92	
6.591616231977573680000000000000000000000e+91	
-1.734654670552227740000000000000000000000e+92	
-5.276184166307525567000000000000000000000e+90	
1.577631184778526618000000000000000000000e+92	
-8.161851089714584900000000000000000000000e+91	
8.145878485753638763000000000000000000000e+91	
-1.579228445174621231000000000000000000000e+92	
5.192425439798094970000000000000000000000e+90	
1.631602403246729350000000000000000000000e+92	
-7.622138905032557572000000000000000000000e+91	
9.611649641559347304000000000000000000000e+91	
-1.432651329594050377000000000000000000000e+92	
2.910611801266546535000000000000000000000e+91	
1.963253075095234324000000000000000000000e+92	
-4.305632186547507836000000000000000000000e+91	
1.241987805472086855000000000000000000000e+92	
-1.151828488277898253000000000000000000000e+92	
5.210814862802138366000000000000000000000e+91	
-1.872734807469771271000000000000000000000e+92	
-1.994660611184216868000000000000000000000e+91	
1.422307174712739350000000000000000000000e+92	
-9.715091190372457576000000000000000000000e+91	
6.630976000071175656000000000000000000000e+91	
-1.730718693742867542000000000000000000000e+92	
-9.573414061200990824000000000000000000000e+90	
1.487773954805228758000000000000000000000e+92	
-9.060423389447563499000000000000000000000e+91	
8.094279877436411241000000000000000000000e+91	
-1.584388306006343984000000000000000000000e+92	
1.314196115625314036000000000000000000000e+91	
1.795710848239515082000000000000000000000e+92	
-5.981054455104700252000000000000000000000e+91	
1.066548852227250235000000000000000000000e+92	
-1.327267441522734873000000000000000000000e+92	
3.377497365919572250000000000000000000000e+91	
-2.056066557158027882000000000000000000000e+92	
-3.906866792602083185000000000000000000000e+91	
1.223201614152479355000000000000000000000e+92	
-1.170614679597505752000000000000000000000e+92	
4.809414915861609374000000000000000000000e+91	
-1.912874802163824170000000000000000000000e+92	
-2.609492320886067106000000000000000000000e+91	
1.339491449275972328000000000000000000000e+92	
-1.054324844474012780000000000000000000000e+92	
6.255236511416149813000000000000000000000e+91	
-1.768292642608370126000000000000000000000e+92	
-8.808882827735412160000000000000000000000e+90	
1.540616024174109244000000000000000000000e+92	
-8.532002695758758636000000000000000000000e+91	
7.758853541304830170000000000000000000000e+91	
-1.617930939619502090000000000000000000000e+92	
1.153526584419623525000000000000000000000e+90	
1.589527759897693445000000000000000000000e+92	
-8.042885338522916626000000000000000000000e+91	
9.227131388080914666000000000000000000000e+91	
-1.471103154941893641000000000000000000000e+92	
2.562303698204840582000000000000000000000e+91	
1.932041477768491640000000000000000000000e+92	
-4.617748159814934680000000000000000000000e+91	
1.214393619959356160000000000000000000000e+92	
-1.179422673790628947000000000000000000000e+92	
4.971029123124602218000000000000000000000e+91	
-1.896713381437524886000000000000000000000e+92	
-2.198308229142973415000000000000000000000e+91	
1.405554426611132237000000000000000000000e+92	
-9.882618671388528704000000000000000000000e+91	
6.387260383290024564000000000000000000000e+91	
-1.755090255420982651000000000000000000000e+92	
-1.277207242291671511000000000000000000000e+91	
1.448176138999519857000000000000000000000e+92	
-9.456401547504652507000000000000000000000e+91	
7.859855146359600426000000000000000000000e+91	
-1.607830779114025065000000000000000000000e+92	
1.241244411605575262000000000000000000000e+91	
1.804554944552172070000000000000000000000e+92	
-5.892613491978130379000000000000000000000e+91	
1.091524183262715269000000000000000000000e+92	
-1.302292110487269839000000000000000000000e+92	
3.788482743556702520000000000000000000000e+91	
-2.014968019394314856000000000000000000000e+92	
-3.334729587675330257000000000000000000000e+91	
1.296522497368115914000000000000000000000e+92	
-1.097293796381869193000000000000000000000e+92	
5.330817887169017616000000000000000000000e+91	
-1.860734505033083346000000000000000000000e+92	
-2.299789801490983314000000000000000000000e+91	
1.349302191672048793000000000000000000000e+92	
-1.044514102077936314300000000000000000000e+92	
6.800851981019697812000000000000000000000e+91	
-1.713731095648015326000000000000000000000e+92	
1.120125221708367895000000000000000000000e+90	
1.684612378256008334000000000000000000000e+92	
-7.092039154939767734000000000000000000000e+91	
9.645657329312772371000000000000000000000e+91	
-1.429250560818707870000000000000000000000e+92	
2.448774315678632725000000000000000000000e+91	
1.867509485815243420000000000000000000000e+92	
-5.263068079347416872000000000000000000000e+91	
1.105882778446183629000000000000000000000e+92	
-1.287933515303801479000000000000000000000e+92	
3.446351080924830984000000000000000000000e+91	
-2.049181185657502009000000000000000000000e+92	
-4.162337138803393773000000000000000000000e+91	
1.165238313972806023000000000000000000000e+92	
-1.228577979777179084000000000000000000000e+92	
4.916346215670738206000000000000000000000e+91	
-1.902181672182911287000000000000000000000e+92	
-1.816338400351240204000000000000000000000e+91	
1.487394952318362439000000000000000000000e+92	
-9.064213414316226690000000000000000000000e+91	
7.629681542541403951000000000000000000000e+91	
-1.630848139495844712000000000000000000000e+92	
3.890188001179545372000000000000000000000e+90	
1.657158140155959510000000000000000000000e+92	
-7.366581535940255970000000000000000000000e+91	
9.050722634200781633000000000000000000000e+91	
-1.488744030329906944000000000000000000000e+92	
1.533606755362729727000000000000000000000e+91	
1.743985380218765016000000000000000000000e+92	
-6.498309135312200912000000000000000000000e+91	
1.050238414589288099700000000000000000000e+92	
-1.343577879160697008000000000000000000000e+92	
3.568367044198975446000000000000000000000e+91	
2.005742267873795386000000000000000000000e+92	
-3.880740258761897213000000000000000000000e+91	
1.261202255591124370000000000000000000000e+92	
-1.132614038158860737000000000000000000000e+92	
5.170327768274864956000000000000000000000e+91	
-1.876783516922498612000000000000000000000e+92	
-2.267663528196843000000000000000000000000e+91	
1.371766872324512139000000000000000000000e+92	
-1.022049421425472968400000000000000000000e+92	
6.617908797050241696000000000000000000000e+91	
-1.732025414044960938000000000000000000000e+92	
-4.783178079176426466000000000000000000000e+90	
1.584860904977854604000000000000000000000e+92	
-8.089553887721305032000000000000000000000e+91	
8.241160836365292740000000000000000000000e+91	
-1.569700210113455834000000000000000000000e+92	
6.374986042436809158000000000000000000000e+90	
1.645724236911002797000000000000000000000e+92	
-7.480920568389823102000000000000000000000e+91	
9.704099697826043061000000000000000000000e+91	
-1.423406323967380802000000000000000000000e+92	
2.954317847555359642000000000000000000000e+91	
1.962751704558284429000000000000000000000e+92	
-4.310645891917006785000000000000000000000e+91	
1.236616884394004649000000000000000000000e+92	
-1.157199409355980458000000000000000000000e+92	
5.108434380790404320000000000000000000000e+91	
-1.882972855670944676000000000000000000000e+92	
-2.145688142307025790000000000000000000000e+91	
1.402342137695878820000000000000000000000e+92	
-9.914741560541062871000000000000000000000e+91	
6.534458935018609705000000000000000000000e+91	
-1.740370400248124137000000000000000000000e+92	
-9.507764921718725382000000000000000000000e+90	
1.498733514042941543000000000000000000000e+92	
-8.950827797070435644000000000000000000000e+91	
7.985760997538512934000000000000000000000e+91	
-1.595240193996133814000000000000000000000e+92	
9.876713119811838541000000000000000000000e+90	
1.741268624951249465000000000000000000000e+92	
-6.525476687987356426000000000000000000000e+91	
9.903277300664801428000000000000000000000e+91	
-1.403488563683504965000000000000000000000e+92	
2.397605542132972999000000000000000000000e+91	
1.831529101389502630000000000000000000000e+92	
-5.622871923604824775000000000000000000000e+91	
1.135244244467646600000000000000000000000e+92	
-1.258572049282338508000000000000000000000e+92	
4.393059060324118371000000000000000000000e+91	
-1.954510387717573270000000000000000000000e+92	
-2.562860863672623347000000000000000000000e+91	
1.390430284889081966000000000000000000000e+92	
-1.003386008860903142100000000000000000000e+92	
6.437021698991134142000000000000000000000e+91	
-1.750114123850871693000000000000000000000e+92	
-1.026543226237693957300000000000000000000e+91	
1.493322812361627324000000000000000000000e+92	
-9.004934813883577832000000000000000000000e+91	
7.885904684840793232000000000000000000000e+91	
-1.605225825265905784000000000000000000000e+92	
8.420884713459653254000000000000000000000e+90	
1.722139963755597767000000000000000000000e+92	
-6.716763299943873410000000000000000000000e+91	
9.666309662677964489000000000000000000000e+91	
-1.427185327482188659000000000000000000000e+92	
2.114979612087194440000000000000000000000e+91	
1.798702951444771758000000000000000000000e+92	
-5.951133423052133498000000000000000000000e+91	
1.112116793157656422000000000000000000000e+92	
-1.281699500592328686000000000000000000000e+92	
4.258723266280730492000000000000000000000e+91	
2.081931571792763342000000000000000000000e+92	
-3.118847219572217653000000000000000000000e+91	
1.344541681064526509000000000000000000000e+92	
-1.049274612685458598300000000000000000000e+92	
6.075187654707398330000000000000000000000e+91	
-1.786297528279245275000000000000000000000e+92	
-1.291373576202692203000000000000000000000e+91	
1.476535319236410408000000000000000000000e+92	
-9.172809745135746997000000000000000000000e+91	
7.513141914528435710000000000000000000000e+91	
-1.642502102297141537000000000000000000000e+92	
2.645398280340292218000000000000000000000e+90	
1.643916703655984677000000000000000000000e+92	
-7.498995900940004308000000000000000000000e+91	
8.935274533455705734000000000000000000000e+91	
-1.500288840404414534000000000000000000000e+92	
1.435116475310539022000000000000000000000e+91	
1.735831290346863496000000000000000000000e+92	
-6.579850034031216118000000000000000000000e+91	
1.038509589811869802200000000000000000000e+92	
-1.355306703938115305000000000000000000000e+92	
3.415349237670777330000000000000000000000e+91	
1.986869309490324193000000000000000000000e+92	
-4.069469842596609145000000000000000000000e+91	
1.238759896736825939000000000000000000000e+92	
-1.155056397013159168000000000000000000000e+92	
4.910227938777007272000000000000000000000e+91	
-1.902793499872284380000000000000000000000e+92	
-2.563421843736620259000000000000000000000e+91	
1.338626966774032744000000000000000000000e+92	
-1.055189326975952363100000000000000000000e+92	
6.362356381769899886000000000000000000000e+91	
-1.757580655572995119000000000000000000000e+92	
-6.580613293968878128000000000000000000000e+90	
1.574463669446221267000000000000000000000e+92	
-8.193526243037638406000000000000000000000e+91	
8.212921938349521209000000000000000000000e+91	
-1.572524099915032987000000000000000000000e+92	
6.849554734326001858000000000000000000000e+90	
1.658035733416491596000000000000000000000e+92	
-7.357805603334935119000000000000000000000e+91	
9.666990070854054185000000000000000000000e+91	
-1.427117286664579689000000000000000000000e+92	
2.757063367161458810000000000000000000000e+91	
1.927019741068866371000000000000000000000e+92	
-4.667965526811187365000000000000000000000e+91	
1.184886371380364559000000000000000000000e+92	
-1.208929922369620548000000000000000000000e+92	
4.431223375025997830000000000000000000000e+91	
-1.950693956247385324000000000000000000000e+92	
-2.982725443709328183000000000000000000000e+91	
1.302663732030430237000000000000000000000e+92	
-1.091152561719554871000000000000000000000e+92	
5.876971312039176226000000000000000000000e+91	
-1.806119162546067485000000000000000000000e+92	
-1.269136538353637642000000000000000000000e+91	
1.500793389820254108000000000000000000000e+92	
-8.930229039297309994000000000000000000000e+91	
7.350654075579960150000000000000000000000e+91	
-1.658750886191989093000000000000000000000e+92	
-3.028149661684000972000000000000000000000e+90	
1.546714677631182896000000000000000000000e+92	
-8.471016161188022118000000000000000000000e+91	
8.820655464929854128000000000000000000000e+91	
-1.511750747256999695000000000000000000000e+92	
2.177471897623685216000000000000000000000e+91	
1.895721632809286836000000000000000000000e+92	
-4.980946609406982720000000000000000000000e+91	
1.180236033477048440000000000000000000000e+92	
-1.213580260272936668000000000000000000000e+92	
4.651065082208363278000000000000000000000e+91	
-1.928709785529148780000000000000000000000e+92	
-2.496671201659177532000000000000000000000e+91	
1.377877161184102712000000000000000000000e+92	
-1.015939132565882395500000000000000000000e+92	
6.119864976177897983000000000000000000000e+91	
-1.781829796132195309000000000000000000000e+92	
-1.535230068998700289000000000000000000000e+91	
1.423310647926269077000000000000000000000e+92	
-9.705056458237160308000000000000000000000e+91	
7.591717183745935250000000000000000000000e+91	
-1.634644575375391582000000000000000000000e+92	
9.536330931964608326000000000000000000000e+90	
1.773847446257744404000000000000000000000e+92	
-6.199688474922407040000000000000000000000e+91	
1.058871287158496792200000000000000000000e+92	
-1.334945006591488315000000000000000000000e+92	
3.442509486033242259000000000000000000000e+91	
1.971948443497527078000000000000000000000e+92	
-4.218678502524580299000000000000000000000e+91	
1.206210917225964201000000000000000000000e+92	
-1.187605376524020907000000000000000000000e+92	
4.408544737915682870000000000000000000000e+91	
-1.952961819958416820000000000000000000000e+92	
-3.241210764582811580000000000000000000000e+91	
1.253246266903873280000000000000000000000e+92	
-1.140570026846111828000000000000000000000e+92	
5.882075864392102471000000000000000000000e+91	
-1.805608707310774860000000000000000000000e+92	
-7.650012575175270815000000000000000000000e+90	
1.601085155604457585000000000000000000000e+92	
-7.927311381455275226000000000000000000000e+91	
8.852105882547166910000000000000000000000e+91	
-1.508605705495268416000000000000000000000e+92	
1.696922885578225581000000000000000000000e+91	
1.796492269196564270000000000000000000000e+92	
-5.973240245534208377000000000000000000000e+91	
1.029857675333399682300000000000000000000e+92	
-1.363958618416585425000000000000000000000e+92	
2.636046107489716499000000000000000000000e+91	
1.839695075554174173000000000000000000000e+92	
-5.541212181958109350000000000000000000000e+91	
1.176566999316636435000000000000000000000e+92	
-1.217249294433348672000000000000000000000e+92	
5.137689405067777518000000000000000000000e+91	
-1.880047353243207356000000000000000000000e+92	
-1.486992651144169515000000000000000000000e+91	
1.531124408281467479000000000000000000000e+92	
-8.626918854685176288000000000000000000000e+91	
8.174871189959715574000000000000000000000e+91	
-1.576329174754013550000000000000000000000e+92	
1.042049839422831759800000000000000000000e+91	
1.733240016357305198000000000000000000000e+92	
-6.605762773926799094000000000000000000000e+91	
9.688393619573333848000000000000000000000e+91	
-1.424976931792651723000000000000000000000e+92	
2.048191250765729102000000000000000000000e+91	
1.783141306379204220000000000000000000000e+92	
-6.106749873707808879000000000000000000000e+91	
1.115368169357201073000000000000000000000e+92	
-1.278448124392784034000000000000000000000e+92	
4.479273614596167025000000000000000000000e+91	
-1.945888932290368405000000000000000000000e+92	
-2.191812827030214796000000000000000000000e+91	
1.456004261547817048000000000000000000000e+92	
-9.378120322021680590000000000000000000000e+91	
7.377311513643616302000000000000000000000e+91	
-1.656085142385623477000000000000000000000e+92	
1.981550251106012975000000000000000000000e+90	
1.644219327076646239000000000000000000000e+92	
-7.495969666733388688000000000000000000000e+91	
8.791454063553646032000000000000000000000e+91	
-1.514670887394620504000000000000000000000e+92	
1.144522382161994060000000000000000000000e+91	
1.692101823156580931000000000000000000000e+92	
-7.017144705934041766000000000000000000000e+91	
1.025874345237037430900000000000000000000e+92	
-1.367941948512947677000000000000000000000e+92	
3.599784272172947384000000000000000000000e+91	
2.036376094076392795000000000000000000000e+92	
-3.574401996735923126000000000000000000000e+91	
1.319314503266920412000000000000000000000e+92	
-1.074501790483064695000000000000000000000e+92	
6.026097708535355522000000000000000000000e+91	
-1.791206522896449555000000000000000000000e+92	
-1.137382807606605393000000000000000000000e+91	
1.512232360901511525000000000000000000000e+92	
-8.815839328484735828000000000000000000000e+91	
7.447688407970020898000000000000000000000e+91	
-1.649047452952983018000000000000000000000e+92	
-2.231273749895073486000000000000000000000e+90	
1.552949625919244203000000000000000000000e+92	
-8.408666678307409046000000000000000000000e+91	
8.919600544213086132000000000000000000000e+91	
-1.501856239328676494000000000000000000000e+92	
2.312994360863073742000000000000000000000e+91	
1.912929797190568968000000000000000000000e+92	
-4.808864965594161398000000000000000000000e+91	
1.201098296483325206000000000000000000000e+92	
-1.192717997266659902000000000000000000000e+92	
4.896210513252320865000000000000000000000e+91	
-1.904195242424753021000000000000000000000e+92	
-2.215021145852566464000000000000000000000e+91	
1.409690812523747376000000000000000000000e+92	
-9.841254812262377315000000000000000000000e+91	
6.474469789032576510000000000000000000000e+91	
-1.746369314846727456000000000000000000000e+92	
-1.144175105780677854000000000000000000000e+91	
1.466059345278138342000000000000000000000e+92	
-9.277569484718467659000000000000000000000e+91	
7.941553990323367178000000000000000000000e+91	
-1.599660894717648390000000000000000000000e+92	
1.225858376812994506000000000000000000000e+91	
1.793312684798157145000000000000000000000e+92	
-6.005036089518279628000000000000000000000e+91	
1.070583096430290108000000000000000000000e+92	
-1.323233197319695000000000000000000000000e+92	
3.482131872378460237000000000000000000000e+91	
1.968164968205810151000000000000000000000e+92	
-4.256513255441749562000000000000000000000e+91	
1.212072805068025474000000000000000000000e+92	
-1.181743488681959633000000000000000000000e+92	
4.563569245816754490000000000000000000000e+91	
-1.937459369168309659000000000000000000000e+92	
-2.989828605169630893000000000000000000000e+91	
1.288015452587275129000000000000000000000e+92	
-1.105800841162709978000000000000000000000e+92	
6.025550809615071149000000000000000000000e+91	
-1.791261212788477993000000000000000000000e+92	
-8.256415917439267244000000000000000000000e+90	
1.574619752395144241000000000000000000000e+92	
-8.191965413548408666000000000000000000000e+91	
8.383539683616060425000000000000000000000e+91	
-1.555462325388379065000000000000000000000e+92	
1.024546000309194652600000000000000000000e+91	
1.708883655035517093000000000000000000000e+92	
-6.849326387144680149000000000000000000000e+91	
9.817490993448154827000000000000000000000e+91	
-1.412067194405169625000000000000000000000e+92	
2.549764150395144584000000000000000000000e+91	
1.870527612013606214000000000000000000000e+92	
-5.232886817363788932000000000000000000000e+91	
1.123876753604333847000000000000000000000e+92	
-1.269939540145651260000000000000000000000e+92	
3.775974792140419783000000000000000000000e+91	
-2.016218814535943129000000000000000000000e+92	
-3.683103960826358678000000000000000000000e+91	
1.228115132866660872000000000000000000000e+92	
-1.165701160883324236000000000000000000000e+92	
5.227917630925089243000000000000000000000e+91	
-1.871024530657476183000000000000000000000e+92	
-1.821805900190760603000000000000000000000e+91	
1.455160088827943267000000000000000000000e+92	
-9.386562049220418402000000000000000000000e+91	
6.990609474079715262000000000000000000000e+91	
-1.694755346342013581000000000000000000000e+92	
-5.666190788769998565000000000000000000000e+90	
1.529953525661171410000000000000000000000e+92	
-8.638627680888136978000000000000000000000e+91	
8.449769548081607548000000000000000000000e+91	
-1.548839338941824353000000000000000000000e+92	
1.603412746729981034000000000000000000000e+91	
1.818008505591076189000000000000000000000e+92	
-5.758077881589089190000000000000000000000e+91	
1.082225800373648403000000000000000000000e+92	
-1.311590493376336704000000000000000000000e+92	
3.468092704463467629000000000000000000000e+91	
1.953720923561249212000000000000000000000e+92	
-4.400953701887358957000000000000000000000e+91	
1.225235297135478745000000000000000000000e+92	
-1.168580996614506363000000000000000000000e+92	
4.971122144793803672000000000000000000000e+91	
-1.896704079270604740000000000000000000000e+92	
-2.306485048333718503000000000000000000000e+91	
1.383915148846383494000000000000000000000e+92	
-1.009901144903601614000000000000000000000e+92	
6.400095797548554256000000000000000000000e+91	
-1.753806713995129682000000000000000000000e+92	
-1.035257715595258026200000000000000000000e+91	
1.495271100643502283000000000000000000000e+92	
-8.985451931064828246000000000000000000000e+91	
7.845708306172550151000000000000000000000e+91	
-1.609245463132730092000000000000000000000e+92	
7.422425316318150742000000000000000000000e+90	
1.706193382245606160000000000000000000000e+92	
-6.876229115043789476000000000000000000000e+91	
9.447253643078823937000000000000000000000e+91	
-1.449090929442102714000000000000000000000e+92	
1.836363044109129292000000000000000000000e+91	
1.764888203945213329000000000000000000000e+92	
-6.289280898047717785000000000000000000000e+91	
1.090941707437877400000000000000000000000e+92	
-1.302874586312107707000000000000000000000e+92	
4.173306123366061220000000000000000000000e+91	
2.086016941708646331000000000000000000000e+92	
-3.077993520413387770000000000000000000000e+91	
1.361247851095743807000000000000000000000e+92	
-1.032568442654241300900000000000000000000e+92	
6.368394546526655808000000000000000000000e+91	
-1.756976839097319527000000000000000000000e+92	
-8.720842712642795712000000000000000000000e+90	
1.531066216327652086000000000000000000000e+92	
-8.627500774223330212000000000000000000000e+91	
7.791114561703383880000000000000000000000e+91	
-1.614704837579646720000000000000000000000e+92	
2.753091961261429463000000000000000000000e+90	
1.618286610401174196000000000000000000000e+92	
-7.755296833488109114000000000000000000000e+91	
9.244320142533687342000000000000000000000e+91	
-1.469384279496616373000000000000000000000e+92	
2.309227271298826670000000000000000000000e+91	
1.879720767167260375000000000000000000000e+92	
-5.140955265827247324000000000000000000000e+91	
1.135073284979001134000000000000000000000e+92	
-1.258743008770983974000000000000000000000e+92	
3.907963897940762090000000000000000000000e+91	
-2.003019903955908899000000000000000000000e+92	
-3.531101028166972997000000000000000000000e+91	
1.245315812794975505000000000000000000000e+92	
-1.148500480955009603000000000000000000000e+92	
5.357373306517843304000000000000000000000e+91	
-1.858078963098200777000000000000000000000e+92	
-1.734880171968343419000000000000000000000e+91	
1.459601783491280637000000000000000000000e+92	
-9.342145102587044702000000000000000000000e+91	
6.992538794371813566000000000000000000000e+91	
-1.694562414312803751000000000000000000000e+92	
-6.071562402066887816000000000000000000000e+90	
1.521655274785667420000000000000000000000e+92	
-8.721610189643176874000000000000000000000e+91	
8.456694241635312858000000000000000000000e+91	
-1.548146869586453822000000000000000000000e+92	
1.700199898681412461000000000000000000000e+91	
1.836668994461650649000000000000000000000e+92	
-5.571472992883344589000000000000000000000e+91	
1.109863592980963634000000000000000000000e+92	
-1.283952700769021474000000000000000000000e+92	
3.834198990762571506000000000000000000000e+91	
-2.010396394673727957000000000000000000000e+92	
-3.426622672626483829000000000000000000000e+91	
1.273579104029347804000000000000000000000e+92	
-1.120237189720637304000000000000000000000e+92	
5.262730009785536016000000000000000000000e+91	
-1.867543292771431506000000000000000000000e+92	
-2.206611919591635664000000000000000000000e+91	
1.374738530114238065000000000000000000000e+92	
-1.019077763635747042500000000000000000000e+92	
6.713876179929209416000000000000000000000e+91	
-1.722428675757064166000000000000000000000e+92	
-3.161325909430264676000000000000000000000e+90	
1.607697914637130027000000000000000000000e+92	
-7.861183791128550807000000000000000000000e+91	
8.535682874499057948000000000000000000000e+91	
-1.540248006300079313000000000000000000000e+92	
9.981396622335384784000000000000000000000e+90	
1.688396954165513040000000000000000000000e+92	
-7.054193395844720674000000000000000000000e+91	
9.990442943043497182000000000000000000000e+91	
-1.394771999445635389000000000000000000000e+92	
3.100347029992073712000000000000000000000e+91	
1.963330199501639302000000000000000000000e+92	
-4.304860942483458050000000000000000000000e+91	
1.223177935539597330000000000000000000000e+92	
-1.170638358210387778000000000000000000000e+92	
4.833940214559529324000000000000000000000e+91	
-1.910422272294032175000000000000000000000e+92	
-2.560217260651329569000000000000000000000e+91	
1.346892699737426353000000000000000000000e+92	
-1.046923594012558754800000000000000000000e+92	
6.276815888707971550000000000000000000000e+91	
-1.766134704879187953000000000000000000000e+92	
-9.117159385303090960000000000000000000000e+90	
1.532295163422358708000000000000000000000e+92	
-8.615211303276263996000000000000000000000e+91	
7.693545621023278646000000000000000000000e+91	
-1.624461731647657243000000000000000000000e+92	
6.793651680243100132000000000000000000000e+89	
1.586574433181900949000000000000000000000e+92	
-8.072418605680841584000000000000000000000e+91	
9.159805798103717717000000000000000000000e+91	
-1.477835713939613336000000000000000000000e+92	
2.457204593426929152000000000000000000000e+91	
1.917756095676470183000000000000000000000e+92	
-4.760601980735149250000000000000000000000e+91	
1.196334645183396681000000000000000000000e+92	
-1.197481648566588427000000000000000000000e+92	
4.752722228477728100000000000000000000000e+91	
-1.918544070902212298000000000000000000000e+92	
-2.454313500071204699000000000000000000000e+91	
1.376185938016613507000000000000000000000e+92	
-1.017630355733371600800000000000000000000e+92	
6.173684633429014132000000000000000000000e+91	
-1.776447830407083694000000000000000000000e+92	
-1.410713723798384766000000000000000000000e+91	
1.442828432895377597000000000000000000000e+92	
-9.509878608546075104000000000000000000000e+91	
7.637143826741989500000000000000000000000e+91	
-1.630101911075786158000000000000000000000e+92	
8.493830558368114592000000000000000000000e+90	
1.748462223411206006000000000000000000000e+92	
-6.453540703387791019000000000000000000000e+91	
1.018533290419292888100000000000000000000e+92	
-1.375283003330692220000000000000000000000e+92	
2.889676194841178110000000000000000000000e+91	
1.901727219807581626000000000000000000000e+92	
-4.920890739424034820000000000000000000000e+91	
1.160940062030720514000000000000000000000e+92	
-1.232876231719264593000000000000000000000e+92	
4.205215700984047662000000000000000000000e+91	
-1.973294723651580341000000000000000000000e+92	
-3.195284394624509220000000000000000000000e+91	
1.282752039952071774000000000000000000000e+92	
-1.111064253797913333000000000000000000000e+92	
5.649685549888887338000000000000000000000e+91	
-1.828847738761096374000000000000000000000e+92	
-1.524577123147999036000000000000000000000e+91	
1.472435250251007451000000000000000000000e+92	
-9.213810434989776566000000000000000000000e+91	
7.065581462038410134000000000000000000000e+91	
-1.687258147546144094000000000000000000000e+92	
-5.893780554280689824000000000000000000000e+90	
1.517909395309567533000000000000000000000e+92	
-8.759068984404175749000000000000000000000e+91	
8.536142626937494066000000000000000000000e+91	
-1.540202031056235701000000000000000000000e+92	
1.896497283118802679000000000000000000000e+91	
1.867977817621589605000000000000000000000e+92	
-5.258384761283955026000000000000000000000e+91	
1.152845688553818404000000000000000000000e+92	
-1.240970605196166704000000000000000000000e+92	
4.380694576513382669000000000000000000000e+91	
-1.955746836098646841000000000000000000000e+92	
-2.763510522048735799000000000000000000000e+91	
1.351546171940000565000000000000000000000e+92	
-1.042270121809984542300000000000000000000e+92	
5.860082755203102527000000000000000000000e+91	
-1.807808018229674855000000000000000000000e+92	
-1.791486374115428406000000000000000000000e+91	
1.398037433526957474000000000000000000000e+92	
-9.957788602230276339000000000000000000000e+91	
7.331870249485397436000000000000000000000e+91	
-1.660629268801445364000000000000000000000e+92	
6.866749094698450157000000000000000000000e+90	
1.746440856842394972000000000000000000000e+92	
-6.473754369075901356000000000000000000000e+91	
1.030754280428253324900000000000000000000e+92	
-1.363062013321731783000000000000000000000e+92	
3.154238781099409552000000000000000000000e+91	
1.942411662616807814000000000000000000000e+92	
-4.514046311331772934000000000000000000000e+91	
1.175964779157848020000000000000000000000e+92	
-1.217851514592137088000000000000000000000e+92	
4.098993315602186867000000000000000000000e+91	
-1.983916962189766421000000000000000000000e+92	
-3.557848700043896991000000000000000000000e+91	
1.220874174715878678000000000000000000000e+92	
-1.172942119034106430000000000000000000000e+92	
5.573775832026970765000000000000000000000e+91	
-1.836438710547288031000000000000000000000e+92	
-1.057888074846535710900000000000000000000e+91	
1.573337028309234033000000000000000000000e+92	
-8.204792654407510743000000000000000000000e+91	
8.590022487129791036000000000000000000000e+91	
-1.534814045037006004000000000000000000000e+92	
1.450229704669342063000000000000000000000e+91	
1.773361206635251987000000000000000000000e+92	
-6.204550871147331204000000000000000000000e+91	
1.008264102761564543700000000000000000000e+92	
-1.385552190988420564000000000000000000000e+92	
2.435477630074993624000000000000000000000e+91	
1.821174187864745756000000000000000000000e+92	
-5.726421058852393520000000000000000000000e+91	
1.154821680402874652000000000000000000000e+92	
-1.238994613347110456000000000000000000000e+92	
4.888007950639698222000000000000000000000e+91	
2.165073556796104640000000000000000000000e+92	
-2.287427369538804674000000000000000000000e+91	
1.447887123020916982000000000000000000000e+92	
-9.459291707290681260000000000000000000000e+91	
7.310576097721289250000000000000000000000e+91	
-1.662758683977856182000000000000000000000e+92	
1.458483942192175524000000000000000000000e+90	
1.640430824416569950000000000000000000000e+92	
-7.533854693334151572000000000000000000000e+91	
8.728427096821342896000000000000000000000e+91	
-1.520973584067850818000000000000000000000e+92	
1.056365987629783692900000000000000000000e+91	
1.680774491533835329000000000000000000000e+92	
-7.130418022161497790000000000000000000000e+91	
1.019875900189935350700000000000000000000e+92	
-1.373940393560049757000000000000000000000e+92	
3.593062167310852074000000000000000000000e+91	
2.041027467456146810000000000000000000000e+92	
-3.527888262938382971000000000000000000000e+91	
1.329286811136874112000000000000000000000e+92	
-1.064529482613110996000000000000000000000e+92	
6.179003651564339612000000000000000000000e+91	
-1.775915928593551146000000000000000000000e+92	
-9.313204676422004812000000000000000000000e+90	
1.538151589169288724000000000000000000000e+92	
-8.556647045806963836000000000000000000000e+91	
7.759984192304513353000000000000000000000e+91	
-1.617817874519533772000000000000000000000e+92	
1.422454831039180289000000000000000000000e+90	
1.594791977629932672000000000000000000000e+92	
-7.990243161200524354000000000000000000000e+91	
9.225228507215576428000000000000000000000e+91	
-1.471293443028427465000000000000000000000e+92	
2.505882904465686732000000000000000000000e+91	
1.920950320287652036000000000000000000000e+92	
-4.728659734623330716000000000000000000000e+91	
1.197856096201786549000000000000000000000e+92	
-1.195960197548198558000000000000000000000e+92	
4.751217327587653025000000000000000000000e+91	
-1.918694560991219805000000000000000000000e+92	
-2.472529491324322338000000000000000000000e+91	
1.372694061511996384000000000000000000000e+92	
-1.021122232237988723900000000000000000000e+92	
6.174148526904702112000000000000000000000e+91	
-1.776401441059514896000000000000000000000e+92	
-1.374884780607295537000000000000000000000e+91	
1.449946072181714196000000000000000000000e+92	
-9.438702215682709114000000000000000000000e+91	
7.633444903521471062000000000000000000000e+91	
-1.630471803397838001000000000000000000000e+92	
7.708460795591110056000000000000000000000e+90	
1.733128444925927321000000000000000000000e+92	
-6.606878488240577866000000000000000000000e+91	
9.957231536711778896000000000000000000000e+91	
-1.398093140078807218000000000000000000000e+92	
2.586848452152232926000000000000000000000e+91	
1.863975526908271133000000000000000000000e+92	
-5.298407668417139744000000000000000000000e+91	
1.139040151074194589000000000000000000000e+92	
-1.254776142675790519000000000000000000000e+92	
4.144655521647268215000000000000000000000e+91	
-1.979350741585258286000000000000000000000e+92	
-3.097484493671561305000000000000000000000e+91	
1.308360157006570539000000000000000000000e+92	
-1.085456136743414569000000000000000000000e+92	
5.570569273201965044000000000000000000000e+91	
-1.836759366429788603000000000000000000000e+92	
-1.938724030122623392000000000000000000000e+91	
1.397534169917255385000000000000000000000e+92	
-9.962821238327297224000000000000000000000e+91	
7.026002355260154118000000000000000000000e+91	
-1.691216058223969696000000000000000000000e+92	
8.012147310881578289000000000000000000000e+89	
1.655731923141074858000000000000000000000e+92	
-7.380843706089102494000000000000000000000e+91	
9.100067133629042812000000000000000000000e+91	
-1.483809580387080826000000000000000000000e+92	
1.646526269382840276000000000000000000000e+91	
1.761631669156801312000000000000000000000e+92	
-6.321846245931837953000000000000000000000e+91	
1.054417983039163932700000000000000000000e+92	
-1.339398310710821175000000000000000000000e+92	
3.475562543334889994000000000000000000000e+91	
1.983008497867633734000000000000000000000e+92	
-4.108077958823513736000000000000000000000e+91	
1.225021860948055659000000000000000000000e+92	
-1.168794432801929449000000000000000000000e+92	
4.674124494983311388000000000000000000000e+91	
-1.926403844251653969000000000000000000000e+92	
-2.898199242144736678000000000000000000000e+91	
1.295286742155830020000000000000000000000e+92	
-1.098529551594155088000000000000000000000e+92	
6.138184428745575992000000000000000000000e+91	
-1.779997850875427508000000000000000000000e+92	
-6.731071164232798662000000000000000000000e+90	
1.593861299809470991000000000000000000000e+92	
-7.999549939405141162000000000000000000000e+91	
8.615816309096801488000000000000000000000e+91	
-1.532234662840304959000000000000000000000e+92	
1.296663939519715298000000000000000000000e+91	
1.740077597556031203000000000000000000000e+92	
-6.537386961939539048000000000000000000000e+91	
1.004476543194516783000000000000000000000e+92	
-1.389339750555468325000000000000000000000e+92	
2.692415737213641126000000000000000000000e+91	
1.876334696933640704000000000000000000000e+92	
-5.174815968163444032000000000000000000000e+91	
1.147569499594120153000000000000000000000e+92	
-1.246246794155864954000000000000000000000e+92	
4.191669851576865652000000000000000000000e+91	
-1.974649308592298542000000000000000000000e+92	
-3.088730268712279207000000000000000000000e+91	
1.305411473087329744000000000000000000000e+92	
-1.088404820662655364000000000000000000000e+92	
5.622023131296081464000000000000000000000e+91	
-1.831613980620376961000000000000000000000e+92	
-1.806369756313023708000000000000000000000e+91	
1.418855612717343115000000000000000000000e+92	
-9.749606810326419925000000000000000000000e+91	
7.067865489482098013000000000000000000000e+91	
-1.687029744801775306000000000000000000000e+92	
-4.928141044309094494000000000000000000000e+89	
1.625673556365096775000000000000000000000e+92	
-7.681427373848883322000000000000000000000e+91	
8.628387872809361250000000000000000000000e+91	
-1.530977506469048982000000000000000000000e+92	
1.003836564254360252200000000000000000000e+91	
1.680270164850604576000000000000000000000e+92	
-7.135461288993805313000000000000000000000e+91	
1.009326312498647098800000000000000000000e+92	
-1.384489981251338009000000000000000000000e+92	
3.387163672337292703000000000000000000000e+91	
2.010402352866771751000000000000000000000e+92	
-3.834139408832133562000000000000000000000e+91	
1.288631425682825060000000000000000000000e+92	
-1.105184868067160047000000000000000000000e+92	
5.672197005795907196000000000000000000000e+91	
-1.826596593170394388000000000000000000000e+92	
-1.538330012062066336000000000000000000000e+91	
1.467435331636817343000000000000000000000e+92	
-9.263809621131677643000000000000000000000e+91	
7.092330597439490630000000000000000000000e+91	
-1.684583234006036044000000000000000000000e+92	
-4.859187936450347085000000000000000000000e+90	
1.535922516510813443000000000000000000000e+92	
-8.578937772391716646000000000000000000000e+91	
8.553827511845953308000000000000000000000e+91	
-1.538433542565389777000000000000000000000e+92	
1.751816685214019694000000000000000000000e+91	
1.837281289955504308000000000000000000000e+92	
-5.565350037944807992000000000000000000000e+91	
1.105928769396485682000000000000000000000e+92	
-1.287887524353499426000000000000000000000e+92	
3.749402193677623759000000000000000000000e+91	
1.986277648718650067000000000000000000000e+92	
-4.075386450313350404000000000000000000000e+91	
1.248385169094335924000000000000000000000e+92	
-1.145431124655649184000000000000000000000e+92	
5.108599147267346297000000000000000000000e+91	
-1.882956379023250478000000000000000000000e+92	
-2.262982971403045806000000000000000000000e+91	
1.378872540813713935000000000000000000000e+92	
-1.014943752936271172400000000000000000000e+92	
6.548447559992795824000000000000000000000e+91	
-1.738971537750705525000000000000000000000e+92	
-6.882270356928554245000000000000000000000e+90	
1.549832172771474952000000000000000000000e+92	
-8.439841209785101556000000000000000000000e+91	
7.970477085661473206000000000000000000000e+91	
-1.596768585183837787000000000000000000000e+92	
4.463788087731882996000000000000000000000e+90	
1.634564693246187939000000000000000000000e+92	
-7.592516005037971688000000000000000000000e+91	
9.424416846454230592000000000000000000000e+91	
-1.451374609104562048000000000000000000000e+92	
2.506631233137770451000000000000000000000e+91	
1.901191027816662701000000000000000000000e+92	
-4.926252659333224062000000000000000000000e+91	
1.158272549196232933000000000000000000000e+92	
-1.235543744553752174000000000000000000000e+92	
4.157237971099007368000000000000000000000e+91	
-1.978092496640084371000000000000000000000e+92	
-3.264554124432895626000000000000000000000e+91	
1.273696926612971969000000000000000000000e+92	
-1.120119367137013139000000000000000000000e+92	
5.604278410247735262000000000000000000000e+91	
-1.833388452725211581000000000000000000000e+92	
-1.524862735747065894000000000000000000000e+91	
1.476916596142629440000000000000000000000e+92	
-9.168996976073556674000000000000000000000e+91	
7.128835959842254348000000000000000000000e+91	
-1.680932697765759673000000000000000000000e+92	
-5.076916962460995237000000000000000000000e+90	
1.527920300071362044000000000000000000000e+92	
-8.658959936786230636000000000000000000000e+91	
8.597142553169754118000000000000000000000e+91	
-1.534102038433009696000000000000000000000e+92	
1.918407551312051912000000000000000000000e+91	
1.866261824003053123000000000000000000000e+92	
-5.275544697469319849000000000000000000000e+91	
1.147224618895314139000000000000000000000e+92	
-1.246591674854670969000000000000000000000e+92	
4.285452553830963532000000000000000000000e+91	
-1.965271038366888754000000000000000000000e+92	
-2.897764446198059612000000000000000000000e+91	
1.334221530874723640000000000000000000000e+92	
-1.059594762875261467000000000000000000000e+92	
5.704241690820060660000000000000000000000e+91	
-1.823392124667979042000000000000000000000e+92	
-1.929930754307472918000000000000000000000e+91	
1.385931798150063282000000000000000000000e+92	
-1.007884495599921825100000000000000000000e+92	
7.174191848342136270000000000000000000000e+91	
-1.676397108915771480000000000000000000000e+92	
4.923926865625275139000000000000000000000e+90	
1.723354074029253470000000000000000000000e+92	
-6.704622197207316372000000000000000000000e+91	
1.004010757840119712700000000000000000000e+92	
-1.389805535909865395000000000000000000000e+92	
2.850254355881062212000000000000000000000e+91	
1.908360119096886437000000000000000000000e+92	
-4.854561746530986708000000000000000000000e+91	
1.145191885182023034000000000000000000000e+92	
-1.248624408567962073000000000000000000000e+92	
3.824034554504968261000000000000000000000e+91	
-2.011412838299488282000000000000000000000e+92	
-3.800053591139685712000000000000000000000e+91	
1.199927442552112834000000000000000000000e+92	
-1.193888851197872274000000000000000000000e+92	
5.295332917062925397000000000000000000000e+91	
-1.864283002043692568000000000000000000000e+92	
-1.405272256211748358000000000000000000000e+91	
1.531707914516777101000000000000000000000e+92	
-8.621083792332080065000000000000000000000e+91	
8.104858685412783106000000000000000000000e+91	
-1.583330425208706797000000000000000000000e+92	
8.962275148604028292000000000000000000000e+90	
1.711080574709425948000000000000000000000e+92	
-6.827357190405591593000000000000000000000e+91	
9.521489237659282985000000000000000000000e+91	
-1.441667369984056809000000000000000000000e+92	
1.935949685952445489000000000000000000000e+91	
1.777380711216080584000000000000000000000e+92	
-6.164355825339045241000000000000000000000e+91	
1.098056895742478584000000000000000000000e+92	
-1.295759398007506523000000000000000000000e+92	
4.190711577929292143000000000000000000000e+91	
2.082385519102861278000000000000000000000e+92	
-3.114307746471238295000000000000000000000e+91	
1.352247133882866593000000000000000000000e+92	
-1.041569159867118514200000000000000000000e+92	
6.224721149572194002000000000000000000000e+91	
-1.771344178792765707000000000000000000000e+92	
-1.069397185097492135000000000000000000000e+91	
1.505973642721980648000000000000000000000e+92	
-8.878426510280044590000000000000000000000e+91	
7.653947830802927256000000000000000000000e+91	
-1.628421510669692382000000000000000000000e+92	
2.518448561989524076000000000000000000000e+90	
1.627304756904987516000000000000000000000e+92	
-7.665115368449975911000000000000000000000e+91	
9.093956464113231367000000000000000000000e+91	
-1.484420647338661971000000000000000000000e+92	
1.918438160969226686000000000000000000000e+91	
1.816611278140672919000000000000000000000e+92	
-5.772050156093121886000000000000000000000e+91	
1.050535630715020250800000000000000000000e+92	
-1.343280663034964857000000000000000000000e+92	
2.848412343985136909000000000000000000000e+91	
1.861490089440482761000000000000000000000e+92	
-5.323262043095023464000000000000000000000e+91	
1.197151324082932746000000000000000000000e+92	
-1.196664969667052362000000000000000000000e+92	
5.331431786739377150000000000000000000000e+91	
-1.860673115076047393000000000000000000000e+92	
-1.305345113253728889000000000000000000000e+91	
1.548080279613709976000000000000000000000e+92	
-8.457360141362751320000000000000000000000e+91	
8.332347094931700832000000000000000000000e+91	
-1.560581584256815024000000000000000000000e+92	
1.187448949267879572000000000000000000000e+91	
1.746572848852207306000000000000000000000e+92	
-6.472434448977778012000000000000000000000e+91	
9.809657166866141094000000000000000000000e+91	
-1.412850577063370998000000000000000000000e+92	
2.157396024652525502000000000000000000000e+91	
1.792856506553491456000000000000000000000e+92	
-6.009597871964936514000000000000000000000e+91	
1.127620096727986146000000000000000000000e+92	
-1.266196197021998962000000000000000000000e+92	
4.627147535796982924000000000000000000000e+91	
2.140102502333128539000000000000000000000e+92	
-2.537137914168565688000000000000000000000e+91	
1.424030500686204239000000000000000000000e+92	
-9.697857930637808683000000000000000000000e+91	
7.083148649488003153000000000000000000000e+91	
-1.685501428801184792000000000000000000000e+92	
-7.044582230887476822000000000000000000000e+89	
1.619914171869293178000000000000000000000e+92	
-7.739021218806919296000000000000000000000e+91	
8.534382724511431032000000000000000000000e+91	
-1.540378021298842004000000000000000000000e+92	
8.734382333462959435000000000000000000000e+90	
1.663592824669950829000000000000000000000e+92	
-7.302234690800342790000000000000000000000e+91	
1.000366791657857554800000000000000000000e+92	
-1.393449502092127553000000000000000000000e+92	
3.374708248233672524000000000000000000000e+91	
2.016866949888896970000000000000000000000e+92	
-3.769493438610881374000000000000000000000e+91	
1.302802325050042382000000000000000000000e+92	
-1.091013968699942725000000000000000000000e+92	
5.890930671141000937000000000000000000000e+91	
-1.804723226635885014000000000000000000000e+92	
-1.242610007735616986000000000000000000000e+91	
1.504702134606135414000000000000000000000e+92	
-8.891141591438496937000000000000000000000e+91	
7.402296189516708421000000000000000000000e+91	
-1.653586674798314266000000000000000000000e+92	
-2.386244342055703664000000000000000000000e+90	
1.554387948135834979000000000000000000000e+92	
-8.394283456141501287000000000000000000000e+91	
8.870751099571832088000000000000000000000e+91	
-1.506741183792801899000000000000000000000e+92	
2.200943718270813983000000000000000000000e+91	
1.895407758455754390000000000000000000000e+92	
-4.984085352942307172000000000000000000000e+91	
1.177262427027110796000000000000000000000e+92	
-1.216553866722874311000000000000000000000e+92	
4.594744933372612484000000000000000000000e+91	
-1.934341800412723859000000000000000000000e+92	
-2.579562204791063068000000000000000000000e+91	
1.366932297786907378000000000000000000000e+92	
-1.026883995963077729200000000000000000000e+92	
6.012068435716195034000000000000000000000e+91	
-1.792609450178365604000000000000000000000e+92	
-1.641375338143736696000000000000000000000e+91	
1.412861165964991446000000000000000000000e+92	
-9.809551277849936615000000000000000000000e+91	
7.483871641585151246000000000000000000000e+91	
-1.645429129591469983000000000000000000000e+92	
8.424384960340710038000000000000000000000e+90	
1.762393247712996546000000000000000000000e+92	
-6.314230460369885622000000000000000000000e+91	
1.047082516373944682000000000000000000000e+92	
-1.346733777376040426000000000000000000000e+92	
3.321277720847665087000000000000000000000e+91	
1.959491027667898395000000000000000000000e+92	
-4.343252660820867122000000000000000000000e+91	
1.193419428425374561000000000000000000000e+92	
-1.200396865324610546000000000000000000000e+92	
4.277290782773464856000000000000000000000e+91	
-1.966087215472638622000000000000000000000e+92	
-3.375802125115470102000000000000000000000e+91	
1.239453556403451330000000000000000000000e+92	
-1.154362737346533777000000000000000000000e+92	
5.751391663190938840000000000000000000000e+91	
-1.818677127430891224000000000000000000000e+92	
-8.884461594749485566000000000000000000000e+90	
1.589464235056545703000000000000000000000e+92	
-8.043520586934394046000000000000000000000e+91	
8.743128772573890955000000000000000000000e+91	
-1.519503416492596012000000000000000000000e+92	
1.595174271930420812000000000000000000000e+91	
1.787039897725413685000000000000000000000e+92	
-6.067763960245714230000000000000000000000e+91	
1.021127434195991674000000000000000000000e+92	
-1.372688859553993434000000000000000000000e+92	
2.555961405643602354000000000000000000000e+91	
1.832408017120266119000000000000000000000e+92	
-5.614082766297189884000000000000000000000e+91	
1.167763582176194685000000000000000000000e+92	
-1.226052711573790423000000000000000000000e+92	
5.034499193025600762000000000000000000000e+91	
-1.890366374447425031000000000000000000000e+92	
-1.605331361152148689000000000000000000000e+91	
1.517776441375910208000000000000000000000e+92	
-8.760398523740748996000000000000000000000e+91	
8.026258097022883206000000000000000000000e+91	
-1.591190484047696787000000000000000000000e+92	
8.783108540210744254000000000000000000000e+90	
1.715354281337456076000000000000000000000e+92	
-6.784620124125290314000000000000000000000e+91	
9.494425428500011780000000000000000000000e+91	
-1.444373750899983930000000000000000000000e+92	
1.839119738995072801000000000000000000000e+91	
1.760724574775900032000000000000000000000e+92	
-6.330917189740850756000000000000000000000e+91	
1.096175256958983374000000000000000000000e+92	
-1.297641036791001734000000000000000000000e+92	
4.319566638757809672000000000000000000000e+91	
2.110030820920967589000000000000000000000e+92	
-2.837854728290175188000000000000000000000e+91	
1.394644885962561066000000000000000000000e+92	
-9.991714077874240414000000000000000000000e+91	
6.796149754804405295000000000000000000000e+91	
-1.714201318269544578000000000000000000000e+92	
-3.505908770727742675000000000000000000000e+90	
1.592584709291395244000000000000000000000e+92	
-8.012315844585898640000000000000000000000e+91	
8.267935118480099879000000000000000000000e+91	
-1.567022781901975120000000000000000000000e+92	
6.138342395220048661000000000000000000000e+90	
1.638316445923747932000000000000000000000e+92	
-7.554998478262371756000000000000000000000e+91	
9.736774117026339584000000000000000000000e+91	
-1.420138882047351149000000000000000000000e+92	
3.093691468641917037000000000000000000000e+91	
1.987353676780875154000000000000000000000e+92	
-4.064626169691099539000000000000000000000e+91	
1.271878159298492344000000000000000000000e+92	
-1.121938134451492763000000000000000000000e+92	
5.567587108747250629000000000000000000000e+91	
-1.837057582875260045000000000000000000000e+92	
-1.580048456944981769000000000000000000000e+91	
1.469549502460634460000000000000000000000e+92	
-9.242667912893506476000000000000000000000e+91	
7.036689006895103676000000000000000000000e+91	
-1.690147393060474740000000000000000000000e+92	
-6.183054704039098472000000000000000000000e+90	
1.515013159568568095000000000000000000000e+92	
-8.788031341814170124000000000000000000000e+91	
8.507293241459398760000000000000000000000e+91	
-1.543086969604045232000000000000000000000e+92	
1.867760813350122256000000000000000000000e+91	
1.865115456596213038000000000000000000000e+92	
-5.287008371537720696000000000000000000000e+91	
1.149994607863279678000000000000000000000e+92	
-1.243821685886705430000000000000000000000e+92	
4.352296516817792585000000000000000000000e+91	
-1.958586642068205849000000000000000000000e+92	
-2.791795890645177998000000000000000000000e+91	
1.348728898581998821000000000000000000000e+92	
-1.045087395167986286800000000000000000000e+92	
5.832022600584704175000000000000000000000e+91	
-1.810614033691514690000000000000000000000e+92	
-1.819434005799121904000000000000000000000e+91	
1.395253917052155459000000000000000000000e+92	
-9.985623766978296489000000000000000000000e+91	
7.303834684782358566000000000000000000000e+91	
-1.663432825271749251000000000000000000000e+92	
6.584390445443765393000000000000000000000e+90	
1.743597250295900068000000000000000000000e+92	
-6.502190434540850397000000000000000000000e+91	
1.027890663791144446000000000000000000000e+92	
-1.365925629958840662000000000000000000000e+92	
3.125402613405942552000000000000000000000e+91	
1.939508055668642967000000000000000000000e+92	
-4.543082380813421408000000000000000000000e+91	
1.173041191979331402000000000000000000000e+92	
-1.220775101770653706000000000000000000000e+92	
4.069557740948656964000000000000000000000e+91	
-1.986860519655119411000000000000000000000e+92	
-3.587483878180123296000000000000000000000e+91	
1.217890706487607949000000000000000000000e+92	
-1.175925587262377158000000000000000000000e+92	
5.544403436593501723000000000000000000000e+91	
-1.839375950090634935000000000000000000000e+92	
-1.086798413495995937000000000000000000000e+91	
1.570492177127614603000000000000000000000e+92	
-8.233241166223705047000000000000000000000e+91	
8.562035572310562871000000000000000000000e+91	
-1.537612736518928820000000000000000000000e+92	
1.422704157125156786000000000000000000000e+91	
1.770654765647579024000000000000000000000e+92	
-6.231615281024060840000000000000000000000e+91	
1.005603752591304493200000000000000000000e+92	
-1.388212541158680614000000000000000000000e+92	
2.409334807167410164000000000000000000000e+91	
1.818605950526992689000000000000000000000e+92	
-5.752103432229924182000000000000000000000e+91	
1.152159495302685153000000000000000000000e+92	
-1.241656798447299954000000000000000000000e+92	
4.860447089561113470000000000000000000000e+91	
-1.907771584793873761000000000000000000000e+92	
-1.797385735736181052000000000000000000000e+91	
1.496771672720447553000000000000000000000e+92	
-8.970446210295375548000000000000000000000e+91	
7.798226053187934735000000000000000000000e+91	
-1.613993688431191634000000000000000000000e+92	
6.323034031396093266000000000000000000000e+90	
1.688956890122614634000000000000000000000e+92	
-7.048594036273704732000000000000000000000e+91	
9.212493996412189000000000000000000000000e+91	
-1.472566894108766208000000000000000000000e+92	
1.539239723845576574000000000000000000000e+91	
1.728942608197796246000000000000000000000e+92	
-6.648736855521888612000000000000000000000e+91	
1.068231366905637449000000000000000000000e+92	
-1.325584926844347659000000000000000000000e+92	
4.078489402604582860000000000000000000000e+91	
2.089757354607522033000000000000000000000e+92	
-3.040589391424630743000000000000000000000e+91	
1.378203768764961716000000000000000000000e+92	
-1.015612524985023391100000000000000000000e+92	
6.670043001622989431000000000000000000000e+91	
-1.726811993587686164000000000000000000000e+92	
-4.384122743318022603000000000000000000000e+90	
1.587629199819210158000000000000000000000e+92	
-8.061870939307749491000000000000000000000e+91	
8.256627282392473051000000000000000000000e+91	
-1.568153565510737802000000000000000000000e+92	
6.407546276431880236000000000000000000000e+90	
1.644829404661487030000000000000000000000e+92	
-7.489868890884980780000000000000000000000e+91	
9.720982362484109768000000000000000000000e+91	
-1.421718057501574131000000000000000000000e+92	
2.997018644118563374000000000000000000000e+91	
1.969602312520073799000000000000000000000e+92	
-4.242139812299113087000000000000000000000e+91	
1.246046736415663912000000000000000000000e+92	
-1.147769557334321196000000000000000000000e+92	
5.228512505540982357000000000000000000000e+91	
-1.870965043195886872000000000000000000000e+92	
-1.999843242699082609000000000000000000000e+91	
1.419502022813239680000000000000000000000e+92	
-9.743142709367454274000000000000000000000e+91	
6.651342611692207348000000000000000000000e+91	
-1.728682032580764373000000000000000000000e+92	
-8.885807600229675372000000000000000000000e+90	
1.499487014447745631000000000000000000000e+92	
-8.943292793022394763000000000000000000000e+91	
8.108923427742776468000000000000000000000e+91	
-1.582923950975707461000000000000000000000e+92	
1.226403624305885582000000000000000000000e+91	
1.776693092855965383000000000000000000000e+92	
-6.171232008940197243000000000000000000000e+91	
1.037297685965999862200000000000000000000e+92	
-1.356518607783985245000000000000000000000e+92	
2.982702522911101841000000000000000000000e+91	
1.901572798688604818000000000000000000000e+92	
-4.922434950613802891000000000000000000000e+91	
1.180792733757514124000000000000000000000e+92	
-1.213023559992470984000000000000000000000e+92	
4.603713777869928220000000000000000000000e+91	
-1.933444915962992286000000000000000000000e+92	
-2.596914477408246971000000000000000000000e+91	
1.362566268730733503000000000000000000000e+92	
-1.031250025019251604700000000000000000000e+92	
6.024122978411000798000000000000000000000e+91	
-1.791403995908885028000000000000000000000e+92	
-1.573633689665576329000000000000000000000e+91	
1.425201270023730726000000000000000000000e+92	
-9.686150237262543815000000000000000000000e+91	
7.489355992216587832000000000000000000000e+91	
-1.644880694528326324000000000000000000000e+92	
7.300648400379992698000000000000000000000e+90	
1.739375946863003045000000000000000000000e+92	
-6.544403468869820624000000000000000000000e+91	
1.012291142766903423700000000000000000000e+92	
-1.381525150983081684000000000000000000000e+92	
2.855681852964424476000000000000000000000e+91	
1.901169084357934616000000000000000000000e+92	
-4.926472093920504912000000000000000000000e+91	
1.154371765290434491000000000000000000000e+92	
-1.239444528459550617000000000000000000000e+92	
4.079461031306540639000000000000000000000e+91	
-1.985870190619331044000000000000000000000e+92	
-3.381080870830470386000000000000000000000e+91	
1.258171199765435216000000000000000000000e+92	
-1.135645093984549891000000000000000000000e+92	
5.531166886462191800000000000000000000000e+91	
-1.840699605103765928000000000000000000000e+92	
-1.515869396127002674000000000000000000000e+91	
1.486022330351303939000000000000000000000e+92	
-9.077939633986811689000000000000000000000e+91	
7.301916463791928414000000000000000000000e+91	
-1.663624647370792266000000000000000000000e+92	
-2.526288507121970552000000000000000000000e+90	
1.561620738786798530000000000000000000000e+92	
-8.321955549631865774000000000000000000000e+91	
8.760341012023625085000000000000000000000e+91	
-1.517782192547622599000000000000000000000e+92	
1.907886579462842636000000000000000000000e+91	
1.847846429202859721000000000000000000000e+92	
-5.459698645471253868000000000000000000000e+91	
1.111454567632320151000000000000000000000e+92	
-1.282361726117664956000000000000000000000e+92	
3.754291845093504236000000000000000000000e+91	
-2.018387109240634684000000000000000000000e+92	
-3.602299025505368592000000000000000000000e+91	
1.246439314144631468000000000000000000000e+92	
-1.147376979605353640000000000000000000000e+92	
5.194201892122505656000000000000000000000e+91	
-1.874396104537734542000000000000000000000e+92	
-2.072371217808902605000000000000000000000e+91	
1.408429391087790252000000000000000000000e+92	
-9.853869026621948561000000000000000000000e+91	
6.621576144809427324000000000000000000000e+91	
-1.731658679269042375000000000000000000000e+92	
-8.374276676369518192000000000000000000000e+90	
1.512690252508093508000000000000000000000e+92	
-8.811260412418915996000000000000000000000e+91	
8.069673491808091246000000000000000000000e+91	
-1.586848944569175983000000000000000000000e+92	
1.015956613510381903100000000000000000000e+91	
1.738537204215864162000000000000000000000e+92	
-6.552790895341209458000000000000000000000e+91	
9.820391254507872656000000000000000000000e+91	
-1.411777168299197842000000000000000000000e+92	
2.259175313482439092000000000000000000000e+91	
1.812134424529669934000000000000000000000e+92	
-5.816818692203151741000000000000000000000e+91	
1.127620527043449687000000000000000000000e+92	
-1.266195766706535421000000000000000000000e+92	
4.434472900174849340000000000000000000000e+91	
-1.950369003732500174000000000000000000000e+92	
-2.403854560839334366000000000000000000000e+91	
1.418084309273551118000000000000000000000e+92	
-9.757319844764339895000000000000000000000e+91	
6.831037391000573776000000000000000000000e+91	
-1.710712554649927730000000000000000000000e+92	
-5.151105498001654713000000000000000000000e+90	
1.556201934984074670000000000000000000000e+92	
-8.376143587659104374000000000000000000000e+91	
8.265570067104374196000000000000000000000e+91	
-1.567259287039547688000000000000000000000e+92	
9.727519915356207174000000000000000000000e+90	
1.710318521585689698000000000000000000000e+92	
-6.834977721642954095000000000000000000000e+91	
9.691892078963910737000000000000000000000e+91	
-1.424627085853594034000000000000000000000e+92	
2.284287303315849460000000000000000000000e+91	
1.829999095319138190000000000000000000000e+92	
-5.638171984308469181000000000000000000000e+91	
1.112980050877919093000000000000000000000e+92	
-1.280836242872066014000000000000000000000e+92	
3.963178436588344714000000000000000000000e+91	
-1.997498450091150636000000000000000000000e+92	
-3.199877039244776390000000000000000000000e+91	
1.306025420615695466000000000000000000000e+92	
-1.087790873134289642000000000000000000000e+92	
5.386043622468305000000000000000000000000e+91	
-1.855211931503154608000000000000000000000e+92	
-2.284347754453126886000000000000000000000e+91	
1.346870007455373868000000000000000000000e+92	
-1.046946286294611239300000000000000000000e+92	
6.860685487097946658000000000000000000000e+91	
-1.707747745040190442000000000000000000000e+92	
2.559594950950793481000000000000000000000e+90	
1.707414236177432841000000000000000000000e+92	
-6.864020575725522665000000000000000000000e+91	
9.957705675093681427000000000000000000000e+91	
-1.398045726240616965000000000000000000000e+92	
2.844810609125147851000000000000000000000e+91	
1.915507730117540890000000000000000000000e+92	
-4.783085636324442172000000000000000000000e+91	
1.153097721334263157000000000000000000000e+92	
-1.240718572415721951000000000000000000000e+92	
3.910671393901616376000000000000000000000e+91	
-2.002749154359823470000000000000000000000e+92	
-3.705842045432478609000000000000000000000e+91	
1.210105690785218761000000000000000000000e+92	
-1.183710602964766347000000000000000000000e+92	
5.380961461598368736000000000000000000000e+91	
-1.855720147590148234000000000000000000000e+92	
-1.335789610178780473000000000000000000000e+91	
1.537042392799051802000000000000000000000e+92	
-8.567739009509333054000000000000000000000e+91	
8.142073636318652179000000000000000000000e+91	
-1.579608930118119890000000000000000000000e+92	
9.173206611458226678000000000000000000000e+90	
1.711578511206072750000000000000000000000e+92	
-6.822377825439123575000000000000000000000e+91	
9.560551423320515808000000000000000000000e+91	
-1.437761151417933527000000000000000000000e+92	
2.009077730389292802000000000000000000000e+91	
1.788098406189551984000000000000000000000e+92	
-6.057178875604331232000000000000000000000e+91	
1.101556918969054486000000000000000000000e+92	
-1.292259374780930622000000000000000000000e+92	
4.153571012747416501000000000000000000000e+91	
2.071460973054418534000000000000000000000e+92	
-3.223553206955665738000000000000000000000e+91	
1.334115686731943358000000000000000000000e+92	
-1.059700607018041749000000000000000000000e+92	
5.971373533457466297000000000000000000000e+91	
-1.796678940404238478000000000000000000000e+92	
-1.394742097247976201000000000000000000000e+91	
1.466243004976263890000000000000000000000e+92	
-9.275732887737212175000000000000000000000e+91	
7.409415320267628282000000000000000000000e+91	
-1.652874761723222280000000000000000000000e+92	
1.600101819658194360000000000000000000000e+90	
1.633383473833718871000000000000000000000e+92	
-7.604328199162662368000000000000000000000e+91	
8.831782304801212930000000000000000000000e+91	
-1.510638063269863815000000000000000000000e+92	
1.333463400481011866000000000000000000000e+91	
1.725849806717661124000000000000000000000e+92	
-6.679664870323239836000000000000000000000e+91	
1.028152675203119516500000000000000000000e+92	
-1.365663618546865591000000000000000000000e+92	
3.308027650186538603000000000000000000000e+91	
1.975762093349115670000000000000000000000e+92	
-4.180542004008694372000000000000000000000e+91	
1.227277809856784946000000000000000000000e+92	
-1.166538483893200161000000000000000000000e+92	
4.791660228198875566000000000000000000000e+91	
-1.914650270930097551000000000000000000000e+92	
-2.685734531410326533000000000000000000000e+91	
1.326021386672519838000000000000000000000e+92	
-1.067794907077465270000000000000000000000e+92	
6.244389288522113728000000000000000000000e+91	
-1.769377364897773735000000000000000000000e+92	
-7.679437403659639250000000000000000000000e+90	
1.564283494228657900000000000000000000000e+92	
-8.295327995213272080000000000000000000000e+91	
8.119196823484411543000000000000000000000e+91	
-1.581896611401543953000000000000000000000e+92	
5.993029763964581461000000000000000000000e+90	
1.650277343747655430000000000000000000000e+92	
-7.435389500023296781000000000000000000000e+91	
9.572441239514921021000000000000000000000e+91	
-1.436572169798493006000000000000000000000e+92	
2.645558044071647495000000000000000000000e+91	
1.914174403454650268000000000000000000000e+92	
-4.796418902953348392000000000000000000000e+91	
1.170347071910779712000000000000000000000e+92	
-1.223469221839205396000000000000000000000e+92	
4.268899192077545135000000000000000000000e+91	
-1.966926374542230594000000000000000000000e+92	
-3.161972388804787947000000000000000000000e+91	
1.283047603497403375000000000000000000000e+92	
-1.110768690252581733000000000000000000000e+92	
5.716857665253497767000000000000000000000e+91	
-1.822130527224635331000000000000000000000e+92	
-1.393220486340263748000000000000000000000e+91	
1.491986171819746277000000000000000000000e+92	
-9.018301219302388306000000000000000000000e+91	
7.298575741662509012000000000000000000000e+91	
-1.663958719583734206000000000000000000000e+92	
-3.189173669729897912000000000000000000000e+90	
1.548700240456004056000000000000000000000e+92	
-8.451160532939810519000000000000000000000e+91	
8.764413259809575159000000000000000000000e+91	
-1.517374967769027592000000000000000000000e+92	
2.045169730568988381000000000000000000000e+91	
1.874889205169043194000000000000000000000e+92	
-5.189270885809419135000000000000000000000e+91	
1.151805178276898012000000000000000000000e+92	
-1.242011115473087096000000000000000000000e+92	
4.290810069527829642000000000000000000000e+91	
-1.964735286797202143000000000000000000000e+92	
-2.932834878917964740000000000000000000000e+91	
1.326673704729485540000000000000000000000e+92	
-1.067142589020499568000000000000000000000e+92	
5.714350038105904054000000000000000000000e+91	
-1.822381289939394702000000000000000000000e+92	
-1.834278391974537170000000000000000000000e+91	
1.404047178638703664000000000000000000000e+92	
-9.897691151112814434000000000000000000000e+91	
7.174218701628665538000000000000000000000e+91	
-1.676394423587118554000000000000000000000e+92	
3.113827292834596111000000000000000000000e+90	
1.687158406862186869000000000000000000000e+92	
-7.066578868877982386000000000000000000000e+91	
9.497294243674975564000000000000000000000e+91	
-1.444086869382487551000000000000000000000e+92	
2.126674364619681400000000000000000000000e+91	
1.817934450489938169000000000000000000000e+92	
-5.758818432600469382000000000000000000000e+91	
1.093111221155243712000000000000000000000e+92	
-1.300705072594741395000000000000000000000e+92	
3.686487129334668376000000000000000000000e+91	
1.986508936291053829000000000000000000000e+92	
-4.073073574589312783000000000000000000000e+91	
1.234816838164380951000000000000000000000e+92	
-1.158999455585604157000000000000000000000e+92	
4.834988329188876206000000000000000000000e+91	
-1.910317460831097487000000000000000000000e+92	
-2.674452656193714982000000000000000000000e+91	
1.323946546454005073000000000000000000000e+92	
-1.069869747295980035000000000000000000000e+92	
6.291430562509167377000000000000000000000e+91	
-1.764673237499068370000000000000000000000e+92	
-6.531465269392589826000000000000000000000e+90	
1.582535437521006448000000000000000000000e+92	
-8.112808562289786600000000000000000000000e+91	
8.369404772743140341000000000000000000000e+91	
-1.556875816475671074000000000000000000000e+92	
9.171657556018721804000000000000000000000e+90	
1.688825737700471443000000000000000000000e+92	
-7.049905560495136644000000000000000000000e+91	
9.814349390826651999000000000000000000000e+91	
-1.412381354667319908000000000000000000000e+92	
2.743961860199930703000000000000000000000e+91	
1.909671493296445890000000000000000000000e+92	
-4.841448004535392172000000000000000000000e+91	
1.151508008174637087000000000000000000000e+92	
-1.242308285575348021000000000000000000000e+92	
3.937218365343209294000000000000000000000e+91	
-2.000094457215664178000000000000000000000e+92	
-3.636872094012373868000000000000000000000e+91	
1.221242872670372536000000000000000000000e+92	
-1.172573421079612572000000000000000000000e+92	
5.402479785523933631000000000000000000000e+91	
-1.853568315197591744000000000000000000000e+92	
-1.404080063996596253000000000000000000000e+91	
1.521236939135760632000000000000000000000e+92	
-8.725793546142244754000000000000000000000e+91	
7.894299689555711876000000000000000000000e+91	
-1.604386324794413920000000000000000000000e+92	
5.798719547057675752000000000000000000000e+90	
1.668870627417538186000000000000000000000e+92	
-7.249456663324469214000000000000000000000e+91	
9.323665567214120904000000000000000000000e+91	
-1.461449737028573017000000000000000000000e+92	
1.962290203157142090000000000000000000000e+91	
1.802420025773859634000000000000000000000e+92	
-5.913962679761254730000000000000000000000e+91	
1.075662962793700582000000000000000000000e+92	
-1.318153330956284526000000000000000000000e+92	
3.492675833330109262000000000000000000000e+91	
1.965195897379278317000000000000000000000e+92	
-4.286203963707067905000000000000000000000e+91	
1.217619588876568931000000000000000000000e+92	
-1.176196704873416177000000000000000000000e+92	
4.704153249594639600000000000000000000000e+91	
-1.923400968790521148000000000000000000000e+92	
-2.764170795266120640000000000000000000000e+91	
1.319084380341605904000000000000000000000e+92	
-1.074731913408379203000000000000000000000e+92	
6.155932741402365466000000000000000000000e+91	
-1.778223019609748561000000000000000000000e+92	
-8.754772725697299544000000000000000000000e+90	
1.551623391899817431000000000000000000000e+92	
-8.421929018501676762000000000000000000000e+91	
7.973537798385891648000000000000000000000e+91	
-1.596462513911395943000000000000000000000e+92	
4.345954340398442810000000000000000000000e+90	
1.631902685769371318000000000000000000000e+92	
-7.619136079806137891000000000000000000000e+91	
9.429220466093668757000000000000000000000e+91	
-1.450894247140618232000000000000000000000e+92	
2.542842908626945755000000000000000000000e+91	
1.907951437873046960000000000000000000000e+92	
-4.858648558769381471000000000000000000000e+91	
1.168170639460470797000000000000000000000e+92	
-1.225645654289514311000000000000000000000e+92	
4.287580060598844589000000000000000000000e+91	
-1.965058287690100649000000000000000000000e+92	
-3.102866455525482265000000000000000000000e+91	
1.292998691476215140000000000000000000000e+92	
-1.100817602273769968000000000000000000000e+92	
5.730755631059526134000000000000000000000e+91	
-1.820740730644032494000000000000000000000e+92	
-1.464892827733921382000000000000000000000e+91	
1.476266165518250135000000000000000000000e+92	
-9.175501282317349724000000000000000000000e+91	
7.149059178530146785000000000000000000000e+91	
-1.678910375896970429000000000000000000000e+92	
-4.607542540525031748000000000000000000000e+90	
1.535284137160662523000000000000000000000e+92	
-8.585321565893225844000000000000000000000e+91	
8.614194448975100004000000000000000000000e+91	
-1.532396848852475107000000000000000000000e+92	
1.878901133290916053000000000000000000000e+91	
1.856658165542914605000000000000000000000e+92	
-5.371581282070705024000000000000000000000e+91	
1.131970757100975948000000000000000000000e+92	
-1.261845536649009159000000000000000000000e+92	
4.076440021782831235000000000000000000000e+91	
-1.986172291571701984000000000000000000000e+92	
-3.163222787107728655000000000000000000000e+91	
1.302033925023217069000000000000000000000e+92	
-1.091782368726768039000000000000000000000e+92	
5.502154199113280983000000000000000000000e+91	
-1.843600873838657009000000000000000000000e+92	
-2.012289294107067146000000000000000000000e+91	
1.389662880837553177000000000000000000000e+92	
-1.004153412912431930600000000000000000000e+92	
6.958285661241236892000000000000000000000e+91	
-1.697987727625861418000000000000000000000e+92	
2.339550341598392071000000000000000000000e+89	
1.651157851631545595000000000000000000000e+92	
-7.426584421184395123000000000000000000000e+91	
9.065306206124844509000000000000000000000e+91	
-1.487285673137500657000000000000000000000e+92	
1.622739665184049428000000000000000000000e+91	
1.760349894910833455000000000000000000000e+92	
-6.334663988391516524000000000000000000000e+91	
1.050817417792467859400000000000000000000e+92	
-1.342998875957517248000000000000000000000e+92	
3.416380520734601529000000000000000000000e+91	
1.974773812007365137000000000000000000000e+92	
-4.190424817426199702000000000000000000000e+91	
1.214471844326623632000000000000000000000e+92	
-1.179344449423361475000000000000000000000e+92	
4.545482543810810164000000000000000000000e+91	
-1.939268039368904091000000000000000000000e+92	
-3.049971461356412420000000000000000000000e+91	
1.277797644549485797000000000000000000000e+92	
-1.116018649200499311000000000000000000000e+92	
6.012438175757007620000000000000000000000e+91	
-1.792572476174284346000000000000000000000e+92	
-7.497331040785066912000000000000000000000e+90	
1.591108283020311937000000000000000000000e+92	
-8.027080107296731708000000000000000000000e+91	
8.637357527564907284000000000000000000000e+91	
-1.530080540993494379000000000000000000000e+92	
1.367252123103295589000000000000000000000e+91	
1.752038671516881292000000000000000000000e+92	
-6.417776222331038157000000000000000000000e+91	
1.006050516054091065200000000000000000000e+92	
-1.387765777695894042000000000000000000000e+92	
2.604336148044265383000000000000000000000e+91	
1.857149972992350271000000000000000000000e+92	
-5.366663207576348364000000000000000000000e+91	
1.150363222901319852000000000000000000000e+92	
-1.243453070848665255000000000000000000000e+92	
4.439282177499795065000000000000000000000e+91	
2.079806972471927212000000000000000000000e+92	
-3.140093212780578954000000000000000000000e+91	
1.322246634479307695000000000000000000000e+92	
-1.071569659270677413000000000000000000000e+92	
5.650633098013335738000000000000000000000e+91	
-1.828752983948651534000000000000000000000e+92	
-1.917431891893468708000000000000000000000e+91	
1.393789139958986026000000000000000000000e+92	
-1.000027153790999081600000000000000000000e+92	
7.112875201801639936000000000000000000000e+91	
-1.682528773569821114000000000000000000000e+92	
2.912555941596941740000000000000000000000e+90	
1.689265278614774034000000000000000000000e+92	
-7.045510151352110732000000000000000000000e+91	
9.559538312005048399000000000000000000000e+91	
-1.437862462549480268000000000000000000000e+92	
2.230073292111632085000000000000000000000e+91	
1.832387781010890752000000000000000000000e+92	
-5.614285127390943558000000000000000000000e+91	
1.098842875058359163000000000000000000000e+92	
-1.294973418691625944000000000000000000000e+92	
3.656630307155295086000000000000000000000e+91	
1.974810256288722909000000000000000000000e+92	
-4.190060374612621988000000000000000000000e+91	
1.241566726831075693000000000000000000000e+92	
-1.152249566918909415000000000000000000000e+92	
5.086881089977819617000000000000000000000e+91	
-1.885128184752203146000000000000000000000e+92	
-2.238257788158884375000000000000000000000e+91	
1.385987071861406713000000000000000000000e+92	
-1.007829221888578394800000000000000000000e+92	
6.521292776643496040000000000000000000000e+91	
-1.741687016085635504000000000000000000000e+92	
-8.136329920863102858000000000000000000000e+90	
1.527471349471291791000000000000000000000e+92	
-8.663449442786933165000000000000000000000e+91	
7.954922313350946442000000000000000000000e+91	
-1.598324062414890463000000000000000000000e+92	
6.387739556657102824000000000000000000000e+90	
1.674588850859845114000000000000000000000e+92	
-7.192274428901399938000000000000000000000e+91	
9.384408958565265406000000000000000000000e+91	
-1.455375397893458567000000000000000000000e+92	
2.026592979163564876000000000000000000000e+91	
1.809206064700950908000000000000000000000e+92	
-5.846102290490341994000000000000000000000e+91	
1.081687220820835746000000000000000000000e+92	
-1.312129072929149362000000000000000000000e+92	
3.545304395739424062000000000000000000000e+91	
1.969697730759084882000000000000000000000e+92	
-4.241185629909002258000000000000000000000e+91	
1.223725335574695800000000000000000000000e+92	
-1.170090958175289308000000000000000000000e+92	
4.781241867600511695000000000000000000000e+91	
-1.915692106989933938000000000000000000000e+92	
-2.671059004421777156000000000000000000000e+91	
1.329997079288322369000000000000000000000e+92	
-1.063819214461662738000000000000000000000e+92	
6.231031619450558252000000000000000000000e+91	
-1.770713131804929282000000000000000000000e+92	
-8.343895712483979406000000000000000000000e+90	
1.552332736985689890000000000000000000000e+92	
-8.414835567642952172000000000000000000000e+91	
7.946653916622613470000000000000000000000e+91	
-1.599150902087723761000000000000000000000e+92	
3.737511290757051713000000000000000000000e+90	
1.622423903053457805000000000000000000000e+92	
-7.713923906965273022000000000000000000000e+91	
9.406369708996178102000000000000000000000e+91	
-1.453179322850367297000000000000000000000e+92	
2.591893420834551393000000000000000000000e+91	
1.920043037730350870000000000000000000000e+92	
-4.737732560196342372000000000000000000000e+91	
1.187445211441152758000000000000000000000e+92	
-1.206371082308832350000000000000000000000e+92	
4.552119754306946451000000000000000000000e+91	
-1.938604318319290462000000000000000000000e+92	
-2.766568517458314299000000000000000000000e+91	
1.333800738542761651000000000000000000000e+92	
-1.060015555207223457000000000000000000000e+92	
5.986493263638901718000000000000000000000e+91	
-1.795166967386094936000000000000000000000e+92	
-1.361362246990126822000000000000000000000e+91	
1.471406093262485670000000000000000000000e+92	
-9.224102004874994377000000000000000000000e+91	
7.422365590712902947000000000000000000000e+91	
-1.651579734678694813000000000000000000000e+92	
1.342990900857499733000000000000000000000e+90	
1.626948152464322877000000000000000000000e+92	
-7.668681412856622304000000000000000000000e+91	
8.849265256223928513000000000000000000000e+91	
-1.508889768127592256000000000000000000000e+92	
1.432741789803937568000000000000000000000e+91	
1.743953118745190818000000000000000000000e+92	
-6.498631750047942894000000000000000000000e+91	
1.028935944478071274800000000000000000000e+92	
-1.364880349271913833000000000000000000000e+92	
3.142746111669509271000000000000000000000e+91	
1.941931131706972287000000000000000000000e+92	
-4.518851620430128202000000000000000000000e+91	
1.176152651472840401000000000000000000000e+92	
-1.217663642277144707000000000000000000000e+92	
4.107552744573402287000000000000000000000e+91	
-1.983061019292644879000000000000000000000e+92	
-3.542611890022918195000000000000000000000e+91	
1.223065261511262914000000000000000000000e+92	
-1.170751032238722193000000000000000000000e+92	
5.581537844673418808000000000000000000000e+91	
-1.835662509282643227000000000000000000000e+92	
-1.064267876079134796000000000000000000000e+91	
1.571285570590475005000000000000000000000e+92	
-8.225307231595101022000000000000000000000e+91	
8.555380168408716906000000000000000000000e+91	
-1.538278276909113417000000000000000000000e+92	
1.401466675335482612000000000000000000000e+91	
1.767073535382752196000000000000000000000e+92	
-6.267427583672329118000000000000000000000e+91	
1.000565765582382376400000000000000000000e+92	
-1.393250528167602731000000000000000000000e+92	
2.344394619445090778000000000000000000000e+91	
1.810656624611436931000000000000000000000e+92	
-5.831596691385481769000000000000000000000e+91	
1.147299664530490826000000000000000000000e+92	
-1.246516629219494281000000000000000000000e+92	
4.842728357853212990000000000000000000000e+91	
-1.909543457964663808000000000000000000000e+92	
-1.784240259197753476000000000000000000000e+91	
1.501171105186954918000000000000000000000e+92	
-8.926451885630301897000000000000000000000e+91	
7.873053873504213047000000000000000000000e+91	
-1.606510906399563803000000000000000000000e+92	
7.379493742720818917000000000000000000000e+90	
1.702601768597642999000000000000000000000e+92	
-6.912145251523421086000000000000000000000e+91	
9.379730265214729808000000000000000000000e+91	
-1.455843267228512127000000000000000000000e+92	
1.737248154763849008000000000000000000000e+91	
1.751819136070068007000000000000000000000e+92	
-6.419971576799171006000000000000000000000e+91	
1.084570281218322998000000000000000000000e+92	
-1.309246012531662109000000000000000000000e+92	
4.176534945726924701000000000000000000000e+91	
2.093030800859248861000000000000000000000e+92	
-3.007854928907362470000000000000000000000e+91	
1.374949357277738823000000000000000000000e+92	
-1.018866936472246284700000000000000000000e+92	
6.572252796401046627000000000000000000000e+91	
-1.736591014109880445000000000000000000000e+92	
-6.014160990314268457000000000000000000000e+90	
1.564810700872712360000000000000000000000e+92	
-8.290055928772727476000000000000000000000e+91	
7.986834945126772872000000000000000000000e+91	
-1.595132799237307820000000000000000000000e+92	
3.293756492100468551000000000000000000000e+90	
1.609534912334254236000000000000000000000e+92	
-7.842813814157308720000000000000000000000e+91	
9.456448205407098414000000000000000000000e+91	
-1.448171473209275266000000000000000000000e+92	
2.820851254053778801000000000000000000000e+91	
1.960817852486206054000000000000000000000e+92	
-4.329984412637790538000000000000000000000e+91	
1.246090159814402902000000000000000000000e+92	
-1.147726133935582205000000000000000000000e+92	
5.317181640329577932000000000000000000000e+91	
-1.862098129717027314000000000000000000000e+92	
-1.822983118769837864000000000000000000000e+91	
1.446002745139513470000000000000000000000e+92	
-9.478135486104716381000000000000000000000e+91	
6.808684806168686608000000000000000000000e+91	
-1.712947813133116447000000000000000000000e+92	
-8.388500129249909162000000000000000000000e+90	
1.493704299893895790000000000000000000000e+92	
-9.001119938560893176000000000000000000000e+91	
8.278718510855476759000000000000000000000e+91	
-1.565944442664437432000000000000000000000e+92	
1.623707655837696250000000000000000000000e+91	
1.839163068465439236000000000000000000000e+92	
-5.546532252845458716000000000000000000000e+91	
1.122495917280934635000000000000000000000e+92	
-1.271320376469050473000000000000000000000e+92	
4.061854281926550436000000000000000000000e+91	
-1.987630865557330064000000000000000000000e+92	
-3.097685762986068216000000000000000000000e+91	
1.316595916381972421000000000000000000000e+92	
-1.077220377368012686000000000000000000000e+92	
5.495260512889379008000000000000000000000e+91	
-1.844290242461047207000000000000000000000e+92	
-2.171620679049261226000000000000000000000e+91	
1.358493558803469311000000000000000000000e+92	
-1.035322734946515797000000000000000000000e+92	
6.969342000932340314000000000000000000000e+91	
-1.696882093656751076000000000000000000000e+92	
3.570407811062725856000000000000000000000e+90	
1.716765218990856444000000000000000000000e+92	
-6.770510747591286638000000000000000000000e+91	
1.004364781342102712700000000000000000000e+92	
-1.389451512407882395000000000000000000000e+92	
2.923188823840414324000000000000000000000e+91	
1.922589535659910676000000000000000000000e+92	
-4.712267580900744318000000000000000000000e+91	
1.159423887192187409000000000000000000000e+92	
-1.234392406557797698000000000000000000000e+92	
3.966380416211080620000000000000000000000e+91	
-1.997178252128877046000000000000000000000e+92	
-3.657681900689634190000000000000000000000e+91	
1.214167193186098420000000000000000000000e+92	
-1.179649100563886688000000000000000000000e+92	
5.437483816624391820000000000000000000000e+91	
-1.850067912087545926000000000000000000000e+92	
-1.263367840700442037000000000000000000000e+91	
1.545873719929607202000000000000000000000e+92	
-8.479425738203779050000000000000000000000e+91	
8.246270500764173549000000000000000000000e+91	
-1.569189243673567753000000000000000000000e+92	
1.037393213979975265400000000000000000000e+91	
1.725172545246611010000000000000000000000e+92	
-6.686437485033740974000000000000000000000e+91	
9.662739356031620576000000000000000000000e+91	
-1.427542358146823050000000000000000000000e+92	
2.077530052889390190000000000000000000000e+91	
1.791571756330831095000000000000000000000e+92	
-6.022445374191540128000000000000000000000e+91	
1.112158976317828487000000000000000000000e+92	
-1.281657317432156621000000000000000000000e+92	
4.330843181036564442000000000000000000000e+91	
2.096309803401709696000000000000000000000e+92	
-2.975064903482754119000000000000000000000e+91	
1.366082586400557272000000000000000000000e+92	
-1.027733707349427836100000000000000000000e+92	
6.362187799024610464000000000000000000000e+91	
-1.757597513847524061000000000000000000000e+92	
-9.328179695024954682000000000000000000000e+90	
1.519542865060455892000000000000000000000e+92	
-8.742734286895292161000000000000000000000e+91	
7.791333580566321568000000000000000000000e+91	
-1.614682935693352951000000000000000000000e+92	
3.909232895275982020000000000000000000000e+90	
1.641381784354983020000000000000000000000e+92	
-7.524345093950020878000000000000000000000e+91	
9.230957763513959768000000000000000000000e+91	
-1.470720517398589131000000000000000000000e+92	
2.051672360967913690000000000000000000000e+91	
1.829558175676709342000000000000000000000e+92	
-5.642581180732757657000000000000000000000e+91	
1.064261624851771864000000000000000000000e+92	
-1.329554668898213243000000000000000000000e+92	
2.993459374047633888000000000000000000000e+91	
1.876773113777974875000000000000000000000e+92	
-5.170431799720102326000000000000000000000e+91	
1.210767163738557850000000000000000000000e+92	
-1.183049130011427257000000000000000000000e+92	
5.450926633516706446000000000000000000000e+91	
-1.848723630398314463000000000000000000000e+92	
-1.202505523344753641000000000000000000000e+91	
1.556699541796117780000000000000000000000e+92	
-8.371167519538673272000000000000000000000e+91	
8.401901033329282977000000000000000000000e+91	
-1.553626190417056810000000000000000000000e+92	
1.240372484774355297000000000000000000000e+91	
1.750202989755187824000000000000000000000e+92	
-6.436133039947972834000000000000000000000e+91	
9.829344721714807502000000000000000000000e+91	
-1.410881821578504357000000000000000000000e+92	
2.160477993498733243000000000000000000000e+91	
1.791504971244253290000000000000000000000e+92	
-6.023113225057318179000000000000000000000e+91	
1.129781632605422289000000000000000000000e+92	
-1.264034661144562818000000000000000000000e+92	
4.683876123017342275000000000000000000000e+91	
-1.925428681448250880000000000000000000000e+92	
-1.926772535579109791000000000000000000000e+91	
1.488549061202644862000000000000000000000e+92	
-9.052672325473402454000000000000000000000e+91	
7.763137152325116172000000000000000000000e+91	
-1.617502578517473490000000000000000000000e+92	
6.443282579227399828000000000000000000000e+90	
1.694868406466058870000000000000000000000e+92	
-6.989478872839262374000000000000000000000e+91	
9.318676033172120172000000000000000000000e+91	
-1.461948690432773090000000000000000000000e+92	
1.692465210268175545000000000000000000000e+91	
1.748967160605761180000000000000000000000e+92	
-6.448491331442239278000000000000000000000e+91	
1.078281589447117050000000000000000000000e+92	
-1.315534704302868058000000000000000000000e+92	
4.079297968373039962000000000000000000000e+91	
2.079873806651211730000000000000000000000e+92	
-3.139424870987733772000000000000000000000e+91	
1.358360775237828556000000000000000000000e+92	
-1.035455518512156551100000000000000000000e+92	
6.372068175587616517000000000000000000000e+91	
-1.756609476191223456000000000000000000000e+92	
-8.358824508539111526000000000000000000000e+90	
1.537937598680597435000000000000000000000e+92	
-8.558786950693876722000000000000000000000e+91	
7.790954922601789838000000000000000000000e+91	
-1.614720801489806124000000000000000000000e+92	
2.063103704915663372000000000000000000000e+90	
1.604506235088414796000000000000000000000e+92	
-7.893100586615703110000000000000000000000e+91	
9.252262555406756247000000000000000000000e+91	
-1.468590038209309483000000000000000000000e+92	
2.462843317012641688000000000000000000000e+91	
1.909642485316467058000000000000000000000e+92	
-4.841738084335180494000000000000000000000e+91	
1.179547870607726697000000000000000000000e+92	
-1.214268423142258410000000000000000000000e+92	
4.498166004101644401000000000000000000000e+91	
-1.943999693339820668000000000000000000000e+92	
-2.795515061010487495000000000000000000000e+91	
1.333405560324943138000000000000000000000e+92	
-1.060410733425041969000000000000000000000e+92	
5.929669104595608443000000000000000000000e+91	
-1.800849383290424263000000000000000000000e+92	
-1.471032470024086264000000000000000000000e+91	
1.455157094537960096000000000000000000000e+92	
-9.386591992120250117000000000000000000000e+91	
7.371837617264010146000000000000000000000e+91	
-1.656632532023584093000000000000000000000e+92	
1.956774105547890525000000000000000000000e+90	
1.644271044688175373000000000000000000000e+92	
-7.495452490618097344000000000000000000000e+91	
8.785634908465889594000000000000000000000e+91	
-1.515252802903396148000000000000000000000e+92	
1.132370049258592051000000000000000000000e+91	
1.690253587266483086000000000000000000000e+92	
-7.035627064835020214000000000000000000000e+91	
1.025367750890357017500000000000000000000e+92	
-1.368448542859628090000000000000000000000e+92	
3.608128067223643564000000000000000000000e+91	
2.038550780073833602000000000000000000000e+92	
-3.552655136761515051000000000000000000000e+91	
1.322828828729476544000000000000000000000e+92	
-1.070987465020508564000000000000000000000e+92	
6.074630690859091134000000000000000000000e+91	
-1.786353224664075994000000000000000000000e+92	
-1.075466761219747632000000000000000000000e+91	
1.519761605914632265000000000000000000000e+92	
-8.740546878353528422000000000000000000000e+91	
