327.00000000	
327.00904407	
326.96546405	
327.03245667	
326.86574766	
327.19369929	
326.47474839	
327.97171919	
324.77894872	
331.51185169	
317.23755987	
347.42503842	
283.51024317	
418.75934564	
415.85972331	
421.84972505	
409.02562906	
436.02038744	
378.73952988	
499.82605006	
243.40443580	
785.96640220	
774.26499049	
798.39333809	
746.68887038	
855.48183110	
624.58823445	
1112.63074943	
79.06884637	
2265.93296122	
2218.69605427	
2316.05337211	
2107.38309707	
2546.41129742	
1614.60797362	
3584.12578891	
-586.90657227	
8238.33464437	
8047.63567427	
8440.63507156	
7598.26097531	
9370.51871447	
5608.99872876	
13559.54197131	
-3278.10702588	
32347.64313001	
31577.76200916	
33164.32565822	
29763.57039222	
36918.33007789	
21732.70746706	
53829.78914726	
-14145.40110159	
129679.10297228	
126570.95517942	
132976.16526180	
119246.74045807	
148131.68398370	
86824.79144285	
216406.03234855	
-58021.11605673	
522622.29535986	
510074.12071796	
535933.12345626	
480504.89928205	
597118.72254141	
349611.50569350	
872754.81167881	
-235158.09831848	
2109006.19850596	
2058346.84533168	
2162744.50197263	
1938970.31061231	
2409762.27544958	
1410529.00486831	
3522557.07732336	
-950296.06761208	
8513536.80724540	
8309015.39336749	
8730488.50179933	
7827069.69340406	
9727746.03308018	
5693652.02213532	
14220309.43830755	
-3837446.03466030	
34369840.06353537	
33544148.30915916	
35245715.20088639	
31598442.07484766	
39271833.03615792	
22985430.18575428	
57409163.79058924	
-15493420.86143303	
138756641.54809740	
135423167.22668657	
142292715.69142577	
127567981.88446805	
158546917.47122392	
92795618.27331497	
231770763.87982726	
-62550806.05574507	
560185969.96512794	
546728101.43136227	
574461772.42055643	
515015227.28279507	
640083070.04526401	
374632595.57819259	
935701635.87574351	
-252530404.20865405	
2261576156.05700350	
2207244186.42473745	
2319210280.16707802	
2079213294.24787855	
2584135913.85663033	
1512461964.86042833	
3777604173.70377588	
-1019514103.34959078	
9130411267.99703789	
8911062794.10785866	
9363091166.27263641	
8394177781.47681427	
10432646233.69425964	
6106095092.47410965	
15250904124.98540497	
-4115972876.71992111	
36861202354.41915894	
35975650931.82476807	
37800575267.63076019	
33888888028.31795502	
42118572082.02405548	
24651463922.60307312	
61570793720.02376556	
-16616964671.66132355	
148815669421.26876830	
145240530245.84942630	
152608096169.91336060	
136815872325.60926820	
170040668888.54623410	
99522637898.24717712	
248572979777.03930660	
-67085841305.65740967	
600797102527.82031250	
586363587096.02758790	
616107849135.07360840	
552351644026.67749020	
686486453996.16760260	
401791778187.13842770	
1003536298907.59594730	
-270838275543.60546880	
2425531936483.58691400	
2367261095126.60351600	
2487344326599.10498000	
2229948425305.96484400	
2771476112660.97412100	
1622109669839.64965800	
4051466514333.75488300	
-1093425525872.29589800	
9792332805646.12890600	
9557082358968.91796900	
10041881156866.55078100	
9002725048219.80664000	
11188975106939.37695000	
6548764621337.55273400	
16356539307554.42774000	
-4414366386935.85742200	
39533506172878.92969000	
38583755467843.03125000	
40540980232374.96875000	
36345709784349.84375000	
45172016233420.01562000	
26438605766139.25000000	
66034453742780.50000000	
-17821634975487.89062000	
159604268091057.18750000	
155769944227035.43750000	
163671632093237.62500000	
146734529009665.90620000	
182368003424996.37500000	
106737669666524.15620000	
266593623453127.50000000	
-71949323039160.31250000	
644352724031126.00000000	
628872830816778.87500000	
660773444515491.37500000	
592395144613855.12500000	
736254244253633.87500000	
430920231826575.37500000	
1076289058782866.62500000	
-290473073478511.62500000	
2601374248525220.00000000	
2538878981451913.50000000	
2667667813861666.00000000	
2391611638589683.00000000	
2972398129066293.50000000	
1739706766860533.75000000	
4345183215757401.00000000	
-1172694930985291.00000000	
10502241596118600.00000000	
10249936341005852.00000000	
10769881302257080.00000000	
9655390125737304.00000000	
12000135424190922.00000000	
7023526423515930.00000000	
17542329381155638.00000000	
-4734392020193710.00000000	
42399542705468936.00000000	
41380938501684384.00000000	
43480054998605648.00000000	
38980642582575952.00000000	
48446824397701552.00000000	
28355309274822672.00000000	
70821713340188624.00000000	
-19113639198591184.00000000	
171175001563219520.00000000	
167062703055985056.00000000	
175537234777656992.00000000	
157372252841469376.00000000	
195589025561351904.00000000	
114475765532661328.00000000	
285920699096432384.00000000	
-77165389316232896.00000000	
691065971246642944.00000000	
674463841636563584.00000000	
708677134708652416.00000000	
635341654820995072.00000000	
789630020040163840.00000000	
462160393571336320.00000000	
1154316131538750208.00000000	
-311531323075540992.00000000	
2789964493960791552.00000000	
2722938545551410176.00000000	
2861064103550467072.00000000	
2564994851775491584.00000000	
3187886266926802944.00000000	
1865829229375813120.00000000	
4660193318431948800.00000000	
-1257711081576596480.00000000	
11263616212385923070.00000000	
10993019736771756030.00000000	
11550658831387738110.00000000	
10355371066435825664.00000000	
12870101937542365180.00000000	
7532706743412871168.00000000	
18814084956265529340.00000000	
-5077618356652359680.00000000	
45473356544338190340.00000000	
44380907211617378300.00000000	
46632202079481405440.00000000	
41806598500324122620.00000000	
51959044336425541630.00000000	
30410966871410806780.00000000	
75956031982956429310.00000000	
-20499309065078652930.00000000	
183584571457134788600.00000000	
179174146148181999600.00000000	
188263050837623111700.00000000	
168781173263052308500.00000000	
209768524092216279000.00000000	
122774845424956932100.00000000	
306648917978579730400.00000000	
-82759601574834274300.00000000	
741165760311488151600.00000000	
723360036216801591300.00000000	
760053669571068166200.00000000	
681401632037383307200.00000000	
846875346954346823700.00000000	
495665354306534047800.00000000	
1237999885493404959000.00000000	
-334116219775084396600.00000000	
2992226851624981627000.00000000	
2920341763832534794000.00000000	
3068480926332668084000.00000000	
2750947722229445558000.00000000	
3418996517150283792000.00000000	
2001095115285550858000.00000000	
4998040516773456904000.00000000	
-1348890596287504712000.00000000	
12080187740759540100000.00000000	
11789973997165150730000.00000000	
12388039913787967410000.00000000	
11106098099313333760000.00000000	
13803137883662993850000.00000000	
8078800799023107146000.00000000	
20178038221185430320000.00000000	
-5445727363902585438000.00000000	
48770010794050222820000.00000000	
47598362827030276340000.00000000	
50012868448564136640000.00000000	
44837426024078983040000.00000000	
55725887546155107090000.00000000	
32615652225498042340000.00000000	
81462570199103341330000.00000000	
-21985434996417222410000.00000000	
196893790385929002700000.00000000	
192163625157983907900000.00000000	
201911442638268996200000.00000000	
181017199243815242700000.00000000	
224975985096994729200000.00000000	
131675578660544801900000.00000000	
328879857927733574100000.00000000	
-88759374034342047120000.00000000	
794897603288362205000000.00000000	
775801028452347365300000.00000000	
815154817808442515800000.00000000	
730800791385261283000000.00000000	
908270753488524632200000.00000000	
531599303785638508100000.00000000	
1327750409620105105000000.00000000	
-358338439983203004400000.00000000	
3209152500315407992000000.00000000	
3132056003069805672000000.00000000	
3290934720261237202000000.00000000	
2950381504742960382000000.00000000	
3666861426507124558000000.00000000	
2146167289789575789000000.00000000	
5360380417805127762000000.00000000	
-1446680296775337648000000.00000000	
12955957758177583220000000.00000000	
12644704565467259900000000.00000000	
13286128102804087720000000.00000000	
11911250132924901540000000.00000000	
14803815568829426410000000.00000000	
8664484702974786710000000.00000000	
21640873175712259180000000.00000000	
-5840522945783113388000000.00000000	
52305660580226345580000000.00000000	
51049072363724795440000000.00000000	
53638620929590693260000000.00000000	
48087977605955294840000000.00000000	
59765813295178546750000000.00000000	
34980169311706147170000000.00000000	
87368312564469763050000000.00000000	
-23579299694792837290000000.00000000	
211167879658065493100000000.00000000	
206094794520846988300000000.00000000	
216549293591492739000000000.00000000	
194140292952020918900000000.00000000	
241285932145435620700000000.00000000	
141221582935625445000000000.00000000	
352722460798379461800000000.00000000	
-95194108345777388510000000.00000000	
852524810978887852900000000.00000000	
832043803381093145200000000.00000000	
874250600449441100000000000.00000000	
783781211519049707200000000.00000000	
974117105438747226000000000.00000000	
570138334927087490400000000.00000000	
1424007522863158908000000000.00000000	
-384316683745655251300000000.00000000	
3441804475716022486000000000.00000000	
3359118760638329717000000000.00000000	
3529515611480335296000000000.00000000	
3164273516791752750000000000.00000000	
3932695647321923740000000000.00000000	
2301756673422984594000000000.00000000	
5748988654085154840000000000.00000000	
-1551559397654782959000000000.00000000	
13895217941466169880000000000.00000000	
13561400015504093610000000000.00000000	
14249324444592007320000000000.00000000	
12774772783420244890000000000.00000000	
15877038775023728690000000000.00000000	
9292628576404778821000000000.00000000	
23209758385508142010000000000.00000000	
-6263939782650762318000000000.00000000	
56097632216796939840000000000.00000000	
54749945889250322080000000000.00000000	
57527227381234729710000000000.00000000	
51574182447248472800000000000.00000000	
64098619082121828980000000000.00000000	
37516105353828583540000000000.00000000	
93702199939266957550000000000.00000000	
-25288713832020876150000000000.00000000	
226476788891513436800000000000.00000000	
221035923389094575100000000000.00000000	
232248335915199698300000000000.00000000	
208214763596751741400000000000.00000000	
258778291497168319600000000000.00000000	
151459638071975432900000000000.00000000	
378293566336325414600000000000.00000000	
-102095337673760558340000000000.00000000	
914329783267622828900000000000.00000000	
892363976528822964600000000000.00000000	
937630614072910331000000000000.00000000	
840602520922050758300000000000.00000000	
1044737080285572480200000000000.00000000	
611471306750459486600000000000.00000000	
1527242929453200258000000000000.00000000	
-412178256433161378600000000000.00000000	
3691322879761773080000000000000.00000000	
3602642748728980780000000000000.00000000	
3785392756345723614000000000000.00000000	
3393671927841778773000000000000.00000000	
4217801889829576541000000000000.00000000	
2468625725894283230000000000000.00000000	
6165769585124514421000000000000.00000000	
-1664041854870557612000000000000.00000000	
14902571098533816040000000000000.00000000	
14544552577588615950000000000000.00000000	
15282349045271738160000000000000.00000000	
13700897709881270840000000000000.00000000	
17028066790725214390000000000000.00000000	
9966310613874922878000000000000.00000000	
24892382111376199960000000000000.00000000	
-6718052812206316076000000000000.00000000	
60164508112925934280000000000000.00000000	
58719119390029357260000000000000.00000000	
61697743767803766920000000000000.00000000	
55313124558863488680000000000000.00000000	
68745537652816527710000000000000.00000000	
40235887607569334380000000000000.00000000	
100495271291629026670000000000000.0000000	
-27122054325432301920000000000000.00000000	
242895538799104300800000000000000.0000000	
237060230182217484500000000000000.0000000	
249085502154219645500000000000000.0000000	
223309582572663484900000000000000.0000000	
277538783777200655600000000000000.0000000	
162439915259625731300000000000000.0000000	
405718484747290951200000000000000.0000000	
-109496881223551808200000000000000.0000000	
980615393011613235500000000000000.0000000	
957057144552281764400000000000000.0000000	
1005605449964549947800000000000000.000000	
901543170205641124100000000000000.0000000	
1120476748462406011000000000000000.000000	
655800769872677635600000000000000.0000000	
1637962530475290640000000000000000.000000	
-442059692596434400600000000000000.0000000	
3958930467663501604000000000000000.000000	
3863821347150919772000000000000000.000000	
4059820070829720542000000000000000.000000	
3639700895862630984000000000000000.000000	
4523577306055830942000000000000000.000000	
2647592182489202305000000000000000.000000	
6612765629626456528000000000000000.000000	
-1784678884318986347000000000000000.000000	
15982953724252569660000000000000000.00000	
15598980152520678560000000000000000.00000	
16390264201623889160000000000000000.00000	
14694163351402814790000000000000000.00000	
18262540183849162000000000000000000.00000	
10688832167944637350000000000000000.00000	
26696989985283859020000000000000000.00000	
-7205087397646537016000000000000000.000000	
64526217835385423980000000000000000.00000	
62976043646054752200000000000000000.00000	
66170607542252670040000000000000000.00000	
59323126480846728140000000000000000.00000	
73729341050547137260000000000000000.00000	
43152844259825669090000000000000000.00000	
107780815802874075100000000000000000.0000	
-29088305388637829400000000000000000.00000	
260504588824635952700000000000000000.0000	
254246241390909630500000000000000000.0000	
267143302185269393000000000000000000.0000	
239498721451640468400000000000000000.0000	
297659344046527024200000000000000000.0000	
174216222918844559600000000000000000.0000	
435131610774717313200000000000000000.0000	
-117435009970739278300000000000000000.0000	
1051706470257081024800000000000000000.000	
1026440333799125673300000000000000000.000	
1078508216157459126000000000000000000.000	
966901796645694905000000000000000000.0000	
1201707269260225935000000000000000000.000	
703343959099467169500000000000000000.0000	
1756708903017522564000000000000000000.000	
-474107425048372493900000000000000000.0000	
4245938639972281225000000000000000000.000	
4143934451442927242000000000000000000.000	
4354142375287626347000000000000000000.000	
3903566076219961752000000000000000000.000	
4851520336506372914000000000000000000.000	
2839533061350790384000000000000000000.000	
7092167274279614837000000000000000000.000	
-1914061663059404548000000000000000000.000	
17141660191557793090000000000000000000.00	
16729849921521200870000000000000000000.00	
17578499208676757280000000000000000000.00	
15759437167535701280000000000000000000.00	
19586508443128921480000000000000000000.00	
11463733927319949430000000000000000000.00	
28632425417759147100000000000000000000.00	
-7727430232968932992000000000000000000.000	
69204135772615991060000000000000000000.00	
67541579548674176210000000000000000000.00	
70967737799120147110000000000000000000.00	
63623839071274836900000000000000000000.00	
79074452209555900540000000000000000000.00	
46281269742945271060000000000000000000.00	
115594535999831532300000000000000000000.0	
-31197102558314372440000000000000000000.00	
279390231431220785100000000000000000000.0	
272678176393054603700000000000000000000.0	
286510227553367876200000000000000000000.0	
256861514477579987000000000000000000000.0	
319238572326292572000000000000000000000.0	
186846270386181238000000000000000000000.0	
466677082295955285600000000000000000000.0	
-125948624405769800700000000000000000000.0	
1127951394056411241000000000000000000000	
1100853553883188867000000000000000000000	
1156696169815076319000000000000000000000	
1036998687642920149700000000000000000000	
1288826709679233314000000000000000000000	
754333857976054086300000000000000000000.0	
1884063959048918677000000000000000000000	
-508478502452379548800000000000000000000.0	
4553753869046763980000000000000000000000	
4444354744951659758000000000000000000000	
4669801984697532135000000000000000000000	
4186560529942650740000000000000000000000	
5203238053216239258000000000000000000000	
3045388961272581935000000000000000000000	
7606323808152959260000000000000000000000	
-2052824226354812570000000000000000000000	
1.838436869631761065000000000000000000000e+40	
1.794270366780354169000000000000000000000e+40	
1.885287696575625649000000000000000000000e+40	
1.690193949108366638000000000000000000000e+40	
2.100645962340106259000000000000000000000e+40	
1.229481326786129267000000000000000000000e+40	
3.070817293468141698000000000000000000000e+40	
-8287641038873262598000000000000000000000	
7.422118587908951394000000000000000000000e+40	
7.243810032858040658000000000000000000000e+40	
7.611264268820263184000000000000000000000e+40	
6.823633780452400734000000000000000000000e+40	
8.480706463868571696000000000000000000000e+40	
4.963649478403969737000000000000000000000e+40	
1.239747227136895459000000000000000000000e+41	
-3.345877991277339167000000000000000000000e+40	
2.996450149741470755000000000000000000000e+41	
2.924463601675143486000000000000000000000e+41	
3.072811851212119375000000000000000000000e+41	
2.754830473407732662000000000000000000000e+41	
3.423822167833595678000000000000000000000e+41	
2.003919507168372866000000000000000000000e+41	
5.005094866643080198000000000000000000000e+41	
-1.350794451642459731000000000000000000000e+41	
1.209723799686053584000000000000000000000e+42	
1.180661463888278310000000000000000000000e+42	
1.240552467955917856000000000000000000000e+42	
1.112177350278716264000000000000000000000e+42	
1.382261995140601132000000000000000000000e+42	
8.090203405138849678000000000000000000000e+41	
2.020651797056269751000000000000000000000e+42	
-5.453413589332518256000000000000000000000e+41	
4.883884591416035660000000000000000000000e+42	
4.766554425612776370000000000000000000000e+42	
5.008345776668521167000000000000000000000e+42	
4.490071060317882027000000000000000000000e+42	
5.580454035143504181000000000000000000000e+42	
3.266168671066331615000000000000000000000e+42	
8.157754835294919088000000000000000000000e+42	
-2.201646574736488338000000000000000000000e+42	
1.971716908310901510000000000000000000000e+43	
1.924348493386475500000000000000000000000e+43	
2.021964251137564889000000000000000000000e+43	
1.812726911013953235000000000000000000000e+43	
2.252935214006357114000000000000000000000e+43	
1.318614286147506758000000000000000000000e+43	
3.293440465582813394000000000000000000000e+43	
-8.888465106571975922000000000000000000000e+42	
7.960195401324754575000000000000000000000e+43	
7.768960119494931514000000000000000000000e+43	
8.163053461531908235000000000000000000000e+43	
7.318322605080388541000000000000000000000e+43	
9.095527078164210570000000000000000000000e+43	
5.323496153260849742000000000000000000000e+43	
1.329624427227128041000000000000000000000e+44	
-3.588442071371403241000000000000000000000e+43	
3.213681972304759760000000000000000000000e+44	
3.136476659281559362000000000000000000000e+44	
3.295579621565473650000000000000000000000e+44	
2.954545741370018773000000000000000000000e+44	
3.672036919450689144000000000000000000000e+44	
2.149196439891539358000000000000000000000e+44	
5.367946182583324716000000000000000000000e+44	
-1.448722174773104863000000000000000000000e+44	
1.297424409631678843000000000000000000000e+45	
1.266255159365848420000000000000000000000e+45	
1.330488045099659154000000000000000000000e+45	
1.192806194658289917000000000000000000000e+45	
1.482471001617904246000000000000000000000e+45	
8.676713956885453758000000000000000000000e+44	
2.167141760414472672000000000000000000000e+45	
-5.848766394819434080000000000000000000000e+44	
5.237948599813962796000000000000000000000e+45	
5.112112420399466754000000000000000000000e+45	
5.371432771854036734000000000000000000000e+45	
4.815585008866520471000000000000000000000e+45	
5.985016814500749823000000000000000000000e+45	
3.502954113092145550000000000000000000000e+45	
8.749162621954882874000000000000000000000e+45	
-2.361258006320431236000000000000000000000e+45	
2.114659268826447594000000000000000000000e+46	
2.063856814758452353000000000000000000000e+46	
2.168549362680402054000000000000000000000e+46	
1.944143070472850508000000000000000000000e+46	
2.416264886852011680000000000000000000000e+46	
1.414209063408364877000000000000000000000e+46	
3.532203014295302966000000000000000000000e+46	
-9.532846750984512699000000000000000000000e+45	
8.537280841954813502000000000000000000000e+46	
8.332181692303302927000000000000000000000e+46	
8.754845379472878070000000000000000000000e+46	
7.848874584309806122000000000000000000000e+46	
9.754919968292441525000000000000000000000e+46	
5.709430413465791510000000000000000000000e+46	
1.426017399983944749000000000000000000000e+47	
-3.848591171930886240000000000000000000000e+46	
3.446662318079139767000000000000000000000e+47	
3.363859898472656458000000000000000000000e+47	
3.534497251367117276000000000000000000000e+47	
3.168739645546835370000000000000000000000e+47	
3.938246344827140071000000000000000000000e+47	
2.305005425976087520000000000000000000000e+47	
5.757102909507243754000000000000000000000e+47	
-1.553749304438828669000000000000000000000e+47	
1.391482997313062777000000000000000000000e+48	
1.358054088883467594000000000000000000000e+48	
1.426943627035693311000000000000000000000e+48	
1.279280339289971520000000000000000000000e+48	
1.589944799440447024000000000000000000000e+48	
9.305744407092310688000000000000000000000e+47	
2.324251717477638768000000000000000000000e+48	
-6.272780851994079259000000000000000000000e+47	
5.617680971109537678000000000000000000000e+48	
5.482722122792651368000000000000000000000e+48	
5.760842263918036798000000000000000000000e+48	
5.164697544002365172000000000000000000000e+48	
6.418908935415219508000000000000000000000e+48	
3.756905645176917161000000000000000000000e+48	
9.383445338933734621000000000000000000000e+48	
-2.532440690704286681000000000000000000000e+48	
2.267964434643112781000000000000000000000e+49	
2.213478985986060393000000000000000000000e+49	
2.325761365828237163000000000000000000000e+49	
2.085086427250875008000000000000000000000e+49	
2.591435371570999528000000000000000000000e+49	
1.516734117047656314000000000000000000000e+49	
3.788274986166764280000000000000000000000e+49	
-1.022394373923607910000000000000000000000e+49	
9.156202894501646505000000000000000000000e+49	
8.936234796641930967000000000000000000000e+49	
9.389540075864382240000000000000000000000e+49	
8.417889667429804142000000000000000000000e+49	
1.046211646340308285000000000000000000000e+50	
6.123343514814157670000000000000000000000e+49	
1.529398515412201546000000000000000000000e+50	
-4.127600143480660913000000000000000000000e+49	
3.696532898165735321000000000000000000000e+50	
3.607727601946965172000000000000000000000e+50	
3.790735547147070312000000000000000000000e+50	
3.398461834814694034000000000000000000000e+50	
4.223754992873146082000000000000000000000e+50	
2.472110001283699847000000000000000000000e+50	
6.174472094782863936000000000000000000000e+50	
-1.666390521993836472000000000000000000000e+50	
1.492360493172027462000000000000000000000e+51	
1.456508109516225768000000000000000000000e+51	
1.530391890582734982000000000000000000000e+51	
1.372023547348118957000000000000000000000e+51	
1.705210059764321276000000000000000000000e+51	
9.980377294956383566000000000000000000000e+50	
2.492751579465017766000000000000000000000e+51	
-6.727534827172357684000000000000000000000e+50	
6.024942568983419339000000000000000000000e+51	
5.880199691189704383000000000000000000000e+51	
6.178482538894218783000000000000000000000e+51	
5.539119478092773131000000000000000000000e+51	
6.884256669309019744000000000000000000000e+51	
4.029267746902668037000000000000000000000e+51	
1.006371126395681687500000000000000000000e+52	
-2.716033501958822594000000000000000000000e+51	
2.432383671748965163000000000000000000000e+52	
2.373948224685974803000000000000000000000e+52	
2.494370671873162475000000000000000000000e+52	
2.236247668772856003000000000000000000000e+52	
2.779305084294200052000000000000000000000e+52	
1.626691867093507594000000000000000000000e+52	
4.062911251911730334000000000000000000000e+52	
-1.096514276517411065000000000000000000000e+52	
9.819994562353575875000000000000000000000e+52	
9.584079571198148331000000000000000000000e+52	
1.007024784732096627500000000000000000000e+53	
9.028156290670780223000000000000000000000e+52	
1.122058215234863142000000000000000000000e+53	
6.567263822321727660000000000000000000000e+52	
1.640274388637481635000000000000000000000e+53	
-4.426836258607787306000000000000000000000e+52	
3.964518193600411788000000000000000000000e+53	
3.869274833877551720000000000000000000000e+53	
4.065550194683688494000000000000000000000e+53	
3.644838053805798131000000000000000000000e+53	
4.529961987587147353000000000000000000000e+53	
2.651329055270700568000000000000000000000e+53	
6.622099039830339196000000000000000000000e+53	
-1.787197821333005605000000000000000000000e+53	
1.600551243444029065000000000000000000000e+54	
1.562099691353718321000000000000000000000e+54	
1.641339779923066413000000000000000000000e+54	
1.471490303307957291000000000000000000000e+54	
1.828831635503796162000000000000000000000e+54	
1.070391863264209260000000000000000000000e+54	
2.673467073380835070000000000000000000000e+54	
-7.215256824479913874000000000000000000000e+53	
6.461729163017767996000000000000000000000e+54	
6.306492948917794142000000000000000000000e+54	
6.626400226667238232000000000000000000000e+54	
5.940685651227884166000000000000000000000e+54	
7.383340434609215258000000000000000000000e+54	
4.321375118130134801000000000000000000000e+54	
1.079329401366760900000000000000000000000e+55	
-2.912936129497620307000000000000000000000e+54	
2.608722710205082231000000000000000000000e+55	
2.546050904106089142000000000000000000000e+55	
2.675203544145726080000000000000000000000e+55	
2.398367554809421449000000000000000000000e+55	
2.980794673224151674000000000000000000000e+55	
1.744621157213033832000000000000000000000e+55	
4.357457655842919775000000000000000000000e+55	
-1.176007604572574898000000000000000000000e+55	
1.053190873069872220000000000000000000000e+56	
1.027889075403122118000000000000000000000e+56	
1.080030447573693739000000000000000000000e+56	
9.682665041826589785000000000000000000000e+55	
1.203403386666640326000000000000000000000e+56	
7.043366750147661354000000000000000000000e+55	
1.759188362553658764000000000000000000000e+56	
-4.747765912227870053000000000000000000000e+55	
4.251931455875159620000000000000000000000e+56	
4.149783296277211911000000000000000000000e+56	
4.360287912442678482000000000000000000000e+56	
3.909075659575517515000000000000000000000e+56	
4.858367884408278164000000000000000000000e+56	
2.843540843923668218000000000000000000000e+56	
7.102177323041764156000000000000000000000e+56	
-1.916763213916869982000000000000000000000e+56	
1.716585432682644233000000000000000000000e+57	
1.675346281825945244000000000000000000000e+57	
1.760330990862774607000000000000000000000e+57	
1.578168040129066514000000000000000000000e+57	
1.961415329371037444000000000000000000000e+57	
1.147991410626536717000000000000000000000e+57	
2.867283788457310149000000000000000000000e+57	
-7.738336906549433312000000000000000000000e+56	
6.930181208887271241000000000000000000000e+57	
6.763690929466149118000000000000000000000e+57	
7.106790330402676906000000000000000000000e+57	
6.371363922782925488000000000000000000000e+57	
7.918605971849473026000000000000000000000e+57	
4.634659219643323260000000000000000000000e+57	
1.157576887988630533000000000000000000000e+58	
-3.124113486970346598000000000000000000000e+57	
2.797845692594385906000000000000000000000e+58	
2.730630406717032378000000000000000000000e+58	
2.869146147086266923000000000000000000000e+58	
2.572240547541422435000000000000000000000e+58	
3.196891530235830924000000000000000000000e+58	
1.871099895294648664000000000000000000000e+58	
4.673357611129224083000000000000000000000e+58	
-1.261263912044159178000000000000000000000e+58	
1.129543410716362130000000000000000000000e+59	
1.102407324025398459000000000000000000000e+59	
1.158328757515707978000000000000000000000e+59	
1.038462331551491496000000000000000000000e+59	
1.290645789476828955000000000000000000000e+59	
7.553985422127978017000000000000000000000e+58	
1.886723170453787946000000000000000000000e+59	
-5.091961807596066402000000000000000000000e+58	
4.560181142476289098000000000000000000000e+59	
4.450627609929669078000000000000000000000e+59	
4.676393051118886374000000000000000000000e+59	
4.192469538209021990000000000000000000000e+59	
5.210582023630236070000000000000000000000e+59	
3.049687293619103693000000000000000000000e+59	
7.617059549326999426000000000000000000000e+59	
-2.055721629900255155000000000000000000000e+59	
1.841031681908352882000000000000000000000e+60	
1.796802841434313642000000000000000000000e+60	
1.887948635191897316000000000000000000000e+60	
1.692579527901642855000000000000000000000e+60	
2.103610862588728836000000000000000000000e+60	
1.231216645139071219000000000000000000000e+60	
3.075151515950218934000000000000000000000e+60	
-8.299338406928899059000000000000000000000e+59	
7.432594337578817526000000000000000000000e+60	
7.254034113713323736000000000000000000000e+60	
7.622006983074553643000000000000000000000e+60	
6.833264814836477932000000000000000000000e+60	
8.492676328926219212000000000000000000000e+60	
4.970655287967477076000000000000000000000e+60	
1.241497035018780246000000000000000000000e+61	
-3.350600440783855579000000000000000000000e+60	
3.000679408718564686000000000000000000000e+61	
2.928591257174981080000000000000000000000e+61	
3.077148888859075714000000000000000000000e+61	
2.758718704790804845000000000000000000000e+61	
3.428654629551846312000000000000000000000e+61	
2.006747885463208522000000000000000000000e+61	
5.012159173185185150000000000000000000000e+61	
-1.352700994142828680000000000000000000000e+61	
1.211431231808709594000000000000000000000e+62	
1.182327876758677816000000000000000000000e+62	
1.242303412373294319000000000000000000000e+62	
1.113747103088779642000000000000000000000e+62	
1.384212951658973119000000000000000000000e+62	
8.101622105156489801000000000000000000000e+61	
2.023503791691640351000000000000000000000e+62	
-5.461110663278412920000000000000000000000e+61	
4.890777818974953358000000000000000000000e+62	
4.773282050664660591000000000000000000000e+62	
5.015414671620092732000000000000000000000e+62	
4.496408450359592557000000000000000000000e+62	
5.588330416910165516000000000000000000000e+62	
3.270778616996485618000000000000000000000e+62	
8.169268878961772138000000000000000000000e+62	
-2.204754029583060539000000000000000000000e+62	
1.974499835113591614000000000000000000000e+63	
1.927064563313850892000000000000000000000e+63	
2.024818098200931039000000000000000000000e+63	
1.815285435660850151000000000000000000000e+63	
2.256115058823510377000000000000000000000e+63	
1.320475408818745781000000000000000000000e+63	
3.298088903553860690000000000000000000000e+63	
-8.901010491599569358000000000000000000000e+62	
7.971430605041720799000000000000000000000e+63	
7.779925409316459446000000000000000000000e+63	
8.174574983802269402000000000000000000000e+63	
7.328651854701685664000000000000000000000e+63	
9.108364715242729758000000000000000000000e+63	
5.331009858735785236000000000000000000000e+63	
1.331501089865891907000000000000000000000e+64	
-3.593506881425077092000000000000000000000e+63	
3.218217837295493835000000000000000000000e+64	
3.140903554909593919000000000000000000000e+64	
3.300231078790693102000000000000000000000e+64	
2.958715855496835744000000000000000000000e+64	
3.677219717204527883000000000000000000000e+64	
2.152229865405930420000000000000000000000e+64	
5.375522625856657045000000000000000000000e+64	
-1.450766934724593651000000000000000000000e+64	
1.299255624421591169000000000000000000000e+65	
1.268042381155742059000000000000000000000e+65	
1.332365926668635672000000000000000000000e+65	
1.194489748882291296000000000000000000000e+65	
1.484563395443412308000000000000000000000e+65	
8.688960471447508206000000000000000000000e+64	
2.170200514368875445000000000000000000000e+65	
-5.857021478849968848000000000000000000000e+64	
5.245341561495229726000000000000000000000e+65	
5.119327773989550980000000000000000000000e+65	
5.379014136179990687000000000000000000000e+65	
4.822381836816437310000000000000000000000e+65	
5.993464205521899904000000000000000000000e+65	
3.507898263466261422000000000000000000000e+65	
8.761511392236721352000000000000000000000e+65	
-2.364590740429491464000000000000000000000e+65	
2.117643947779554994000000000000000000000e+66	
2.066769789954052044000000000000000000000e+66	
2.171610103357153725000000000000000000000e+66	
1.946887078923672816000000000000000000000e+66	
2.419675258943266830000000000000000000000e+66	
1.416205110757018359000000000000000000000e+66	
3.537188447244378135000000000000000000000e+66	
-9.546301631153807233000000000000000000000e+65	
8.549330557396632547000000000000000000000e+66	
8.343941926066306406000000000000000000000e+66	
8.767202170529973112000000000000000000000e+66	
7.859952667253345538000000000000000000000e+66	
9.768688287731810658000000000000000000000e+66	
5.717488835472839816000000000000000000000e+66	
1.428030113891684929000000000000000000000e+67	
-3.854023162436069370000000000000000000000e+66	
3.451527016913079878000000000000000000000e+67	
3.368607728058340696000000000000000000000e+67	
3.539485922455404318000000000000000000000e+67	
3.173212077899113110000000000000000000000e+67	
3.943804876714918300000000000000000000000e+67	
2.308258763893517208000000000000000000000e+67	
5.765228617576708060000000000000000000000e+67	
-1.555942302107862272000000000000000000000e+67	
1.393446968566921798000000000000000000000e+68	
1.359970877803564761000000000000000000000e+68	
1.428957648241692209000000000000000000000e+68	
1.281085945119755496000000000000000000000e+68	
1.592188884267464036000000000000000000000e+68	
9.318878749766006284000000000000000000000e+67	
2.327532220055582694000000000000000000000e+68	
-6.281634399826639382000000000000000000000e+67	
5.625609895833647242000000000000000000000e+68	
5.490460563479904702000000000000000000000e+68	
5.768973249798683680000000000000000000000e+68	
5.171987117450879133000000000000000000000e+68	
6.427968731801222259000000000000000000000e+68	
3.762208228611169885000000000000000000000e+68	
9.396689350497861637000000000000000000000e+68	
-2.536015036009328833000000000000000000000e+68	
2.271165492049470150000000000000000000000e+69	
2.216603141371248432000000000000000000000e+69	
2.329043999158718480000000000000000000000e+69	
2.088029366412040320000000000000000000000e+69	
2.595092983331820677000000000000000000000e+69	
1.518874870625916487000000000000000000000e+69	
3.793621845013668163000000000000000000000e+69	
-1.023837404966323426500000000000000000000e+69	
9.169126170829120122000000000000000000000e+69	
8.948847604913526586000000000000000000000e+69	
9.402792689681094520000000000000000000000e+69	
8.429770871409204856000000000000000000000e+69	
1.047688293631599909600000000000000000000e+70	
6.131986143336225791000000000000000000000e+69	
1.531557143814963788000000000000000000000e+70	
-4.133425933695077162000000000000000000000e+69	
3.701750270109883528000000000000000000000e+70	
3.612819632044105044000000000000000000000e+70	
3.796085878886626233000000000000000000000e+70	
3.403258502372833251000000000000000000000e+70	
4.229716498263697085000000000000000000000e+70	
2.475599194459815462000000000000000000000e+70	
6.183186887364094583000000000000000000000e+70	
-1.668742504079994170000000000000000000000e+70	
1.494466845254401368000000000000000000000e+71	
1.458563858715906783000000000000000000000e+71	
1.532551921058163326000000000000000000000e+71	
1.373960053084665480000000000000000000000e+71	
1.707616832643060717000000000000000000000e+71	
9.994463830075955708000000000000000000000e+70	
2.496269906641505204000000000000000000000e+71	
-6.737030225273028640000000000000000000000e+70	
6.033446312136908888000000000000000000000e+71	
5.888499140901064162000000000000000000000e+71	
6.187202991908915944000000000000000000000e+71	
5.546937519310409036000000000000000000000e+71	
6.893973268238917411000000000000000000000e+71	
4.034954748500448097000000000000000000000e+71	
1.007791541856569922400000000000000000000e+72	
-2.719866974399812219000000000000000000000e+71	
2.435816794265640471000000000000000000000e+72	
2.377298870062463145000000000000000000000e+72	
2.497891284274077415000000000000000000000e+72	
2.239403960403035934000000000000000000000e+72	
2.783227859708466474000000000000000000000e+72	
1.628987817580874837000000000000000000000e+72	
4.068645738729821852000000000000000000000e+72	
-1.098061922103210464000000000000000000000e+72	
9.833854729578503301000000000000000000000e+72	
9.597606762553535513000000000000000000000e+72	
1.008446122781462051300000000000000000000e+73	
9.040898839062933301000000000000000000000e+72	
1.123641914125989068000000000000000000000e+73	
6.576533010222962570000000000000000000000e+72	
1.642589509809590188000000000000000000000e+73	
-4.433084397589156346000000000000000000000e+72	
3.970113806182549493000000000000000000000e+73	
3.874736017781094233000000000000000000000e+73	
4.071288406166589707000000000000000000000e+73	
3.649982462452136267000000000000000000000e+73	
4.536355680605199784000000000000000000000e+73	
2.655071202360598938000000000000000000000e+73	
6.631445623424612271000000000000000000000e+73	
-1.789720313632854463000000000000000000000e+73	
1.602810298451181406000000000000000000000e+74	
1.564304474951793230000000000000000000000e+74	
1.643656404813061138000000000000000000000e+74	
1.473567198722133659000000000000000000000e+74	
1.831412890730924057000000000000000000000e+74	
1.071902639072369915000000000000000000000e+74	
2.677240466581038464000000000000000000000e+74	
-7.225440604677040470000000000000000000000e+73	
6.470849396862461166000000000000000000000e+74	
6.315394078783035182000000000000000000000e+74	
6.635752881056038091000000000000000000000e+74	
5.949070472220861631000000000000000000000e+74	
7.393761451897283948000000000000000000000e+74	
4.327474406821084512000000000000000000000e+74	
1.080852791822718248000000000000000000000e+75	
-2.917047514856785193000000000000000000000e+74	
2.612404721715131479000000000000000000000e+75	
2.549644459180921888000000000000000000000e+75	
2.678979388240898274000000000000000000000e+75	
2.401752666192699933000000000000000000000e+75	
2.985001835699862436000000000000000000000e+75	
1.747083555825346680000000000000000000000e+75	
4.363607872261333879000000000000000000000e+75	
-1.177667448878399474000000000000000000000e+75	
1.054677371003043309400000000000000000000e+76	
1.029339861794445746500000000000000000000e+76	
1.081554827502471842000000000000000000000e+76	
9.696331378993292264000000000000000000000e+75	
1.205101898012296089000000000000000000000e+76	
7.053307920722140046000000000000000000000e+75	
1.761671321656190006000000000000000000000e+76	
-4.754467018737722144000000000000000000000e+75	
4.257932730176659751000000000000000000000e+76	
4.155640396306031555000000000000000000000e+76	
4.366442123550649701000000000000000000000e+76	
3.914593019284133228000000000000000000000e+76	
4.865225097097261674000000000000000000000e+76	
2.847554283173346329000000000000000000000e+76	
7.112201500217642268000000000000000000000e+76	
-1.919468577805475561000000000000000000000e+76	
1.719008261025565580000000000000000000000e+77	
1.677710904278480557000000000000000000000e+77	
1.762815562697291254000000000000000000000e+77	
1.580395502965882164000000000000000000000e+77	
1.964183716287156060000000000000000000000e+77	
1.149611712228862492000000000000000000000e+77	
2.871330739047472170000000000000000000000e+77	
-7.749258974060295545000000000000000000000e+76	
6.939962626773455940000000000000000000000e+77	
6.773237359125054325000000000000000000000e+77	
7.116821018483678037000000000000000000000e+77	
6.380356613039535563000000000000000000000e+77	
7.929782475284527376000000000000000000000e+77	
4.641200684753826697000000000000000000000e+77	
1.159210718755173633000000000000000000000e+78	
-3.128522932931247185000000000000000000000e+77	
2.801794636651607272000000000000000000000e+78	
2.734484481566697887000000000000000000000e+78	
2.873195726252417871000000000000000000000e+78	
2.575871067284110823000000000000000000000e+78	
3.201403696808604700000000000000000000000e+78	
1.873740808920283723000000000000000000000e+78	
4.679953696043619294000000000000000000000e+78	
-1.263044089072223677000000000000000000000e+78	
1.131137674385342323000000000000000000000e+79	
1.103963287194619525000000000000000000000e+79	
1.159963649488271739000000000000000000000e+79	
1.039928041280829363300000000000000000000e+79	
1.292467436765605081000000000000000000000e+79	
7.564647291694232362000000000000000000000e+78	
1.889386135130971627000000000000000000000e+79	
-5.099148720145667887000000000000000000000e+78	
4.566617487507803542000000000000000000000e+79	
4.456909328574015363000000000000000000000e+79	
4.682993420323438882000000000000000000000e+79	
4.198386886585969184000000000000000000000e+79	
5.217936359493502934000000000000000000000e+79	
3.053991692731035161000000000000000000000e+79	
7.627810443173840384000000000000000000000e+79	
-2.058623122908001088000000000000000000000e+79	
1.843630156562872230000000000000000000000e+80	
1.799338890481441356000000000000000000000e+80	
1.890613329518339333000000000000000000000e+80	
1.694968473755877835000000000000000000000e+80	
2.106579947565986819000000000000000000000e+80	
1.232954412760374159000000000000000000000e+80	
3.079491855853945144000000000000000000000e+80	
-8.311052284920107522000000000000000000000e+79	
7.443084872963594810000000000000000000000e+80	
7.264272625072344714000000000000000000000e+80	
7.632764859843730684000000000000000000000e+80	
6.842909442684816102000000000000000000000e+80	
8.504663088527718954000000000000000000000e+80	
4.977670985692347542000000000000000000000e+80	
1.243249312619899246000000000000000000000e+81	
-3.355329555664535444000000000000000000000e+80	
3.004914636969392252000000000000000000000e+81	
2.932724738543059220000000000000000000000e+81	
3.081492047901069469000000000000000000000e+81	
2.762612424113390446000000000000000000000e+81	
3.433493911918108234000000000000000000000e+81	
2.009580255796436892000000000000000000000e+81	
5.019233450452619852000000000000000000000e+81	
-1.354610227581348360000000000000000000000e+81	
1.213141073840484441000000000000000000000e+82	
1.183996641642675789000000000000000000000e+82	
1.244056828114047390000000000000000000000e+82	
1.115319071484199576000000000000000000000e+82	
1.386166661802421326000000000000000000000e+82	
8.113056921790892822000000000000000000000e+81	
2.026359811698099991000000000000000000000e+82	
-5.468818601052510155000000000000000000000e+81	
4.897680775794462649000000000000000000000e+82	
4.780019171241931403000000000000000000000e+82	
5.022493543773271547000000000000000000000e+82	
4.502754785139978690000000000000000000000e+82	
5.596217915583978832000000000000000000000e+82	
3.275395069510785585000000000000000000000e+82	
8.180799173815824094000000000000000000000e+82	
-2.207865870363240874000000000000000000000e+82	
1.977286689803461812000000000000000000000e+83	
1.929784466765068555000000000000000000000e+83	
2.027675973249971068000000000000000000000e+83	
1.817847571468541511000000000000000000000e+83	
2.259299391747096149000000000000000000000e+83	
1.322339158321523807000000000000000000000e+83	
3.302743902437637016000000000000000000000e+83	
-8.913573583473158777000000000000000000000e+82	
7.982681666384718441000000000000000000000e+83	
7.790906175801311146000000000000000000000e+83	
8.186112767815283337000000000000000000000e+83	
7.338995683264472485000000000000000000000e+83	
9.121220471658749402000000000000000000000e+83	
5.338534169228151810000000000000000000000e+83	
1.333380401269655448000000000000000000000e+84	
-3.598578840068761330000000000000000000000e+83	
3.222760104310865381000000000000000000000e+84	
3.145336698760390734000000000000000000000e+84	
3.304889101190100355000000000000000000000e+84	
2.962891855419071592000000000000000000000e+84	
3.682409830078852191000000000000000000000e+84	
2.155267572367171390000000000000000000000e+84	
5.383109762697059916000000000000000000000e+84	
-1.452814580697521217000000000000000000000e+84	
1.301089423830364291000000000000000000000e+85	
1.269832125471759956000000000000000000000e+85	
1.334246458723043336000000000000000000000e+85	
1.196175679313619184000000000000000000000e+85	
1.486658742521907300000000000000000000000e+85	
8.701224271023130584000000000000000000000e+84	
2.173263585519280382000000000000000000000e+85	
-5.865288214296909070000000000000000000000e+84	
5.252744957773429698000000000000000000000e+85	
5.126553311496404679000000000000000000000e+85	
5.386606201018725913000000000000000000000e+85	
4.829188257966363286000000000000000000000e+85	
6.001923519385922202000000000000000000000e+85	
3.512849392128441598000000000000000000000e+85	
8.773877591858278901000000000000000000000e+85	
-2.367928178436523818000000000000000000000e+85	
2.120632839377508316000000000000000000000e+86	
2.069686876590157722000000000000000000000e+86	
2.174675164034025373000000000000000000000e+86	
1.949634960331432989000000000000000000000e+86	
2.423090444512500000000000000000000000000e+86	
1.418203975373027595000000000000000000000e+86	
3.542180916748719088000000000000000000000e+86	
-9.559775501851807713000000000000000000000e+85	
8.561397280085265736000000000000000000000e+86	
8.355718758494993120000000000000000000000e+86	
8.779576402247498640000000000000000000000e+86	
7.871046386059144819000000000000000000000e+86	
9.782476040095377160000000000000000000000e+86	
5.725558631322940734000000000000000000000e+86	
1.430045668590338660000000000000000000000e+87	
-3.859462819778074556000000000000000000000e+86	
3.456398581895345800000000000000000000000e+87	
3.373362258840393030000000000000000000000e+87	
3.544481634669321394000000000000000000000e+87	
3.177690822745741266000000000000000000000e+87	
3.949371254043025170000000000000000000000e+87	
2.311516693647244614000000000000000000000e+87	
5.773365794458279178000000000000000000000e+87	
-1.558138395024480981000000000000000000000e+87	
1.395413711815185311000000000000000000000e+88	
1.361890372123829937000000000000000000000e+88	
1.430974512083754352000000000000000000000e+88	
1.282894099423324063000000000000000000000e+88	
1.594436136447655762000000000000000000000e+88	
9.332031630554367801000000000000000000000e+87	
2.330817352810668107000000000000000000000e+88	
-6.290500443761357141000000000000000000000e+87	
5.633550011625346087000000000000000000000e+88	
5.498209926381172345000000000000000000000e+88	
5.777115711940706894000000000000000000000e+88	
5.179286979571806266000000000000000000000e+88	
6.437041315393226166000000000000000000000e+88	
3.767518296234180620000000000000000000000e+88	
9.409952054966051510000000000000000000000e+88	
-2.539594426228109083000000000000000000000e+88	
2.274371067502262512000000000000000000000e+89	
2.219731706261582202000000000000000000000e+89	
2.332331265673779322000000000000000000000e+89	
2.090976459305585058000000000000000000000e+89	
2.598755757530441177000000000000000000000e+89	
1.521018645713288299000000000000000000000e+89	
3.798976250540739862000000000000000000000e+89	
-1.025282472736348131000000000000000000000e+89	
9.182067687367449287000000000000000000000e+89	
8.961478215194191678000000000000000000000e+89	
9.416064008543202510000000000000000000000e+89	
8.441668844794474044000000000000000000000e+89	
1.049167025097001345000000000000000000000e+90	
6.140640970263947564000000000000000000000e+89	
1.533718818955731536000000000000000000000e+90	
-4.139259946564296466000000000000000000000e+89	
3.706975005973335484000000000000000000000e+90	
3.617918849150170008000000000000000000000e+90	
3.801443762208013052000000000000000000000e+90	
3.408061940058385231000000000000000000000e+90	
4.235686417860689771000000000000000000000e+90	
2.479093312363792806000000000000000000000e+90	
6.191913980204918922000000000000000000000e+90	
-1.671097805808002136000000000000000000000e+90	
1.496576170290768976000000000000000000000e+91	
2.652806371356651103000000000000000000000e+91	
2.031651022684506617000000000000000000000e+90	
5.385233445991679252000000000000000000000e+91	
-5.584959835827029613000000000000000000000e+91	
1.763057914304098614000000000000000000000e+92	
4.032793671087300162000000000000000000000e+92	
1.638977377337315054000000000000000000000e+92	
3.908774884996557622000000000000000000000e+92	
1.514958591246572515000000000000000000000e+92	
3.784817819050439353000000000000000000000e+92	
1.391001525300454246000000000000000000000e+92	
3.660922442532821843000000000000000000000e+92	
1.267106148782836735000000000000000000000e+92	
3.537088724742869610000000000000000000000e+92	
1.143272430992884502000000000000000000000e+92	
3.413316634995025360000000000000000000000e+92	
1.019500341245040251800000000000000000000e+92	
3.289606142619001880000000000000000000000e+92	
8.957898488690167724000000000000000000000e+91	
3.165957216959777409000000000000000000000e+92	
7.721409232097923012000000000000000000000e+91	
3.042369827377584634000000000000000000000e+92	
6.485535336275995258000000000000000000000e+91	
2.918843943247906059000000000000000000000e+92	
5.250276494979209516000000000000000000000e+91	
2.795379533961463010000000000000000000000e+92	
4.015632402114779024000000000000000000000e+91	
2.671976568924212153000000000000000000000e+92	
2.781602751742270455000000000000000000000e+91	
2.548635017557335369000000000000000000000e+92	
4.767317039282925683000000000000000000000e+92	
2.373500745532940575000000000000000000000e+92	
4.592269925929718586000000000000000000000e+92	
2.198453632179733478000000000000000000000e+92	
4.417309927871643865000000000000000000000e+92	
2.023493634121658757000000000000000000000e+92	
4.242437001754231582000000000000000000000e+92	
1.848620708004246475000000000000000000000e+92	
4.067651104244588498000000000000000000000e+92	
1.673834810494603391000000000000000000000e+92	
3.892952192031388228000000000000000000000e+92	
1.499135898281403121000000000000000000000e+92	
3.718340221824857928000000000000000000000e+92	
1.324523928074872820000000000000000000000e+92	
3.543815150356767870000000000000000000000e+92	
1.149998856606782762000000000000000000000e+92	
3.369376934380422182000000000000000000000e+92	
9.755606406304370748000000000000000000000e+91	
3.195025530670649006000000000000000000000e+92	
8.012092369206638990000000000000000000000e+91	
3.020760896023786022000000000000000000000e+92	
6.269446022738009138000000000000000000000e+91	
2.846582987257672918000000000000000000000e+92	
4.527666935076878104000000000000000000000e+91	
2.672491761211639820000000000000000000000e+92	
2.786754674616547129000000000000000000000e+91	
2.498487174746495996000000000000000000000e+92	
1.046708809965108882500000000000000000000e+91	
2.324569184744520591000000000000000000000e+92	
-6.924710900546451675000000000000000000000e+90	
2.150737748109450474000000000000000000000e+92	
-2.430785456405346338000000000000000000000e+91	
1.976992821766470103000000000000000000000e+92	
4.145296552647894564000000000000000000000e+92	
1.751480258897909456000000000000000000000e+92	
3.919896220098897418000000000000000000000e+92	
1.526079926348912310000000000000000000000e+92	
3.694608062016057320000000000000000000000e+92	
1.300791768266072212000000000000000000000e+92	
3.469432022573765154000000000000000000000e+92	
1.075615728823780047000000000000000000000e+92	
3.244368045974194962000000000000000000000e+92	
8.505517522242098549000000000000000000000e+91	
3.019416076447288885000000000000000000000e+92	
6.255997826973037771000000000000000000000e+91	
2.794576058250743846000000000000000000000e+92	
4.007597645007587389000000000000000000000e+91	
2.569847935669999110000000000000000000000e+92	
1.760316419200140030000000000000000000000e+91	
2.345231653018219776000000000000000000000e+92	
-4.858464073176533106000000000000000000000e+90	
2.120727154636284622000000000000000000000e+92	
-2.730891391137004850000000000000000000000e+91	
1.896334384892773658000000000000000000000e+92	
-4.974819088572114498000000000000000000000e+91	
1.672053288183951043000000000000000000000e+92	
-7.217630055660340644000000000000000000000e+91	
1.447883808933754380000000000000000000000e+92	
3.565788081579472540000000000000000000000e+92	
1.171971787829487432000000000000000000000e+92	
3.290013372977471480000000000000000000000e+92	
8.961970792274863726000000000000000000000e+91	
3.014375908541738553000000000000000000000e+92	
6.205596147917534456000000000000000000000e+91	
2.738875619970283560000000000000000000000e+92	
3.450593262202984528000000000000000000000e+91	
2.463512438995109966000000000000000000000e+92	
6.969614524512485892000000000000000000000e+90	
2.188286297382194345000000000000000000000e+92	
-2.055299963677907623000000000000000000000e+91	
1.913197126931472485000000000000000000000e+92	
-4.806191668185126226000000000000000000000e+91	
1.638244859476819125000000000000000000000e+92	
-7.555714342731659826000000000000000000000e+91	
1.363429426886036086000000000000000000000e+92	
-1.030386866863949021000000000000000000000e+92	
1.088750761060829404000000000000000000000e+92	
3.156170983922492075000000000000000000000e+92	
7.623546901725069674000000000000000000000e+91	
2.829937349817619166000000000000000000000e+92	
4.361210560676340586000000000000000000000e+91	
2.503866071656654437000000000000000000000e+92	
1.100497779066693297000000000000000000000e+91	
2.177957068640288791000000000000000000000e+92	
-2.158592251096963168000000000000000000000e+91	
1.852210260009423380000000000000000000000e+92	
-5.416060337405617278000000000000000000000e+91	
1.526625565045149923000000000000000000000e+92	
-8.671907287048351845000000000000000000000e+91	
1.201202903068732468000000000000000000000e+92	
-1.192613390681252640000000000000000000000e+92	
8.759421934415859682000000000000000000000e+91	
2.892805545550950640000000000000000000000e+92	
4.989892518009655322000000000000000000000e+91	
2.516040201215608225000000000000000000000e+92	
1.222239074656231173000000000000000000000e+91	
2.139462360824423694000000000000000000000e+92	
-2.543539329255614139000000000000000000000e+91	
1.763071931062739642000000000000000000000e+92	
-6.307443626872454651000000000000000000000e+91	
1.386868818662337953000000000000000000000e+92	
-1.006947475087647154300000000000000000000e+92	
1.010852930401417503800000000000000000000e+92	
-1.382963363348567604000000000000000000000e+92	
6.350241731045704306000000000000000000000e+91	
2.601344643628453588000000000000000000000e+92	
2.075283498784684805000000000000000000000e+91	
2.174061571267501630000000000000000000000e+92	
-2.197547224824834776000000000000000000000e+91	
1.746991143892464947000000000000000000000e+92	
-6.468251498575201606000000000000000000000e+91	
1.320133255676801749000000000000000000000e+92	
-1.073683038073183358000000000000000000000e+92	
8.934878008466362523000000000000000000000e+91	
-1.500328492903348855000000000000000000000e+92	
4.670546736807332029000000000000000000000e+91	
2.382795958496165286000000000000000000000e+92	
-1.102033525381982179000000000000000000000e+90	
1.904958872054023600000000000000000000000e+92	
-4.888574216959615078000000000000000000000e+91	
1.427359589697952700000000000000000000000e+92	
-9.664567040520324072000000000000000000000e+91	
9.499979930805389191000000000000000000000e+91	
-1.443818300669446188000000000000000000000e+92	
4.728739639132662338000000000000000000000e+91	
2.337949573952181359000000000000000000000e+92	
-5.586671979780374824000000000000000000000e+90	
1.809472027403599592000000000000000000000e+92	
-5.843442663463855152000000000000000000000e+91	
1.281257487062639564000000000000000000000e+92	
-1.112558806687345544000000000000000000000e+92	
7.533058220396049014000000000000000000000e+91	
-1.640510471710380206000000000000000000000e+92	
2.256169015099398088000000000000000000000e+91	
2.040152784699889526000000000000000000000e+92	
-3.536635090500955817000000000000000000000e+91	
1.461160663292204147000000000000000000000e+92	
-9.326556304577809608000000000000000000000e+91	
8.824566875646678724000000000000000000000e+91	
-1.511359606185317235000000000000000000000e+92	
3.040407141164821196000000000000000000000e+91	
2.067874789603907614000000000000000000000e+92	
-3.259415041460774936000000000000000000000e+91	
1.438206093145965892000000000000000000000e+92	
-9.556102006040192152000000000000000000000e+91	
8.088507624629656610000000000000000000000e+91	
-1.584965531287019447000000000000000000000e+92	
1.798086416028801143000000000000000000000e+91	
1.893041764676990765000000000000000000000e+92	
-5.007745290729943422000000000000000000000e+91	
1.212797298265581422000000000000000000000e+92	
-1.181018995484403686000000000000000000000e+92	
5.328913675564636747000000000000000000000e+91	
-1.860924926193521433000000000000000000000e+92	
-1.466761959286483868000000000000000000000e+91	
1.516056629401500154000000000000000000000e+92	
-8.777596643484849536000000000000000000000e+91	
7.853369976133978596000000000000000000000e+91	
-1.608479296136587248000000000000000000000e+92	
5.498102138728895363000000000000000000000e+90	
1.666950709729238890000000000000000000000e+92	
-7.268655840207462176000000000000000000000e+91	
9.281511962742008002000000000000000000000e+91	
-1.465665097475784307000000000000000000000e+92	
1.897193594773199776000000000000000000000e+91	
-2.204096934272665130000000000000000000000e+92	
-5.483449836422017082000000000000000000000e+91	
1.055920174011594602900000000000000000000e+92	
-1.337896119738390505000000000000000000000e+92	
3.342438332424340306000000000000000000000e+91	
-2.059572460507551077000000000000000000000e+92	
-3.870733525186181944000000000000000000000e+91	
1.233930627974283948000000000000000000000e+92	
-1.159885665775701159000000000000000000000e+92	
4.766024371822224655000000000000000000000e+91	
-1.917213856567762642000000000000000000000e+92	
-2.803488558273582766000000000000000000000e+91	
1.305038751361381471000000000000000000000e+92	
-1.088777542388603636000000000000000000000e+92	
6.229629588552263379000000000000000000000e+91	
-1.770853334894758770000000000000000000000e+92	
-5.877338655678301192000000000000000000000e+90	
1.601791736179191778000000000000000000000e+92	
-7.920245575707933294000000000000000000000e+91	
8.689054805924904794000000000000000000000e+91	
-1.524910813157494628000000000000000000000e+92	
1.363839588264754252000000000000000000000e+91	
-2.257432334923509682000000000000000000000e+92	
-5.957730106350963806000000000000000000000e+91	
1.014396580767560145800000000000000000000e+92	
-1.379419712982424962000000000000000000000e+92	
2.802850918050326404000000000000000000000e+91	
-2.113531201944952467000000000000000000000e+92	
-4.534610535777266382000000000000000000000e+91	
1.155120152785275867000000000000000000000e+92	
-1.238696140964709240000000000000000000000e+92	
4.241792391808613271000000000000000000000e+91	
-1.969637054569123780000000000000000000000e+92	
-3.063979087367462068000000000000000000000e+91	
1.305350717983712876000000000000000000000e+92	
-1.088465575766272232000000000000000000000e+92	
5.675064103800712664000000000000000000000e+91	
-1.826309883369913841000000000000000000000e+92	
-1.699706959405164923000000000000000000000e+91	
1.434881406263424089000000000000000000000e+92	
-9.589348874865610186000000000000000000000e+91	
7.114524076227316228000000000000000000000e+91	
-1.682363886127253485000000000000000000000e+92	
-1.161656376863268366000000000000000000000e+90	
1.607636502901090885000000000000000000000e+92	
-7.861797908488942229000000000000000000000e+91	
8.535085997333346049000000000000000000000e+91	
-1.540307694016650503000000000000000000000e+92	
9.975600166826249280000000000000000000000e+90	
1.688340711914339228000000000000000000000e+92	
-7.054755818356458796000000000000000000000e+91	
9.989844842609262604000000000000000000000e+91	
-1.394831809489058847000000000000000000000e+92	
3.099713269391086907000000000000000000000e+91	
-2.083844966810876417000000000000000000000e+92	
-3.786989307861377100000000000000000000000e+91	
1.274935730420825682000000000000000000000e+92	
-1.118880563329159425000000000000000000000e+92	
5.351224623719957674000000000000000000000e+91	
-1.858693831377989340000000000000000000000e+92	
-2.043226245057551828000000000000000000000e+91	
1.398562476541389516000000000000000000000e+92	
-9.952538172085955919000000000000000000000e+91	
6.793437382971608334000000000000000000000e+91	
-1.714472555452824274000000000000000000000e+92	
-3.951706800836755152000000000000000000000e+90	
1.583942069479332052000000000000000000000e+92	
-8.098742242706530561000000000000000000000e+91	
8.209479536408250288000000000000000000000e+91	
-1.572868340109160079000000000000000000000e+92	
5.833355533271208938000000000000000000000e+90	
1.638060875567535337000000000000000000000e+92	
-7.557554181824497708000000000000000000000e+91	
9.675107040378239021000000000000000000000e+91	
-1.426305589712161205000000000000000000000e+92	
2.972942436729206076000000000000000000000e+91	
1.969373518381250869000000000000000000000e+92	
-4.244427753687342386000000000000000000000e+91	
1.247995684545320169000000000000000000000e+92	
-1.145820609204664939000000000000000000000e+92	
5.269768571602378097000000000000000000000e+91	
-1.866839436589747298000000000000000000000e+92	
-1.936831424399130047000000000000000000000e+91	
1.427977697153562004000000000000000000000e+92	
-9.658385965964231040000000000000000000000e+91	
6.689982570165363349000000000000000000000e+91	
-1.724818036733448773000000000000000000000e+92	
-8.960346356453726422000000000000000000000e+90	
1.494134537417210823000000000000000000000e+92	
-8.996817563327742848000000000000000000000e+91	
8.152936174368515900000000000000000000000e+91	
-1.578522676313133518000000000000000000000e+92	
1.367905346590532553000000000000000000000e+91	
1.800587310938844825000000000000000000000e+92	
-5.932289828111402824000000000000000000000e+91	
1.070931100606358686000000000000000000000e+92	
-1.322885193143626422000000000000000000000e+92	
3.416380166053508813000000000000000000000e+91	
-2.052178277144634226000000000000000000000e+92	
-3.872921217804267764000000000000000000000e+91	
1.226102694808409016000000000000000000000e+92	
-1.167713598941576092000000000000000000000e+92	
4.848826364046628940000000000000000000000e+91	
-1.908933657345322214000000000000000000000e+92	
-2.559685407138768087000000000000000000000e+91	
1.345511169858181537000000000000000000000e+92	
-1.048305123891803570200000000000000000000e+92	
6.293371356444252482000000000000000000000e+91	
-1.764479158105559859000000000000000000000e+92	
-8.648048188149737696000000000000000000000e+90	
1.540020329889032991000000000000000000000e+92	
-8.537959638609521164000000000000000000000e+91	
7.730867160443409288000000000000000000000e+91	
-1.620729577705644179000000000000000000000e+92	
6.534780290973353417000000000000000000000e+89	
1.582326522665764803000000000000000000000e+92	
-8.114897710842203048000000000000000000000e+91	
9.201774143922179028000000000000000000000e+91	
-1.473638879357767205000000000000000000000e+92	
2.583578363456107291000000000000000000000e+91	
1.938829814515086250000000000000000000000e+92	
-4.549864792348988576000000000000000000000e+91	
1.225840507362832898000000000000000000000e+92	
-1.167975786387152209000000000000000000000e+92	
5.132060319626062982000000000000000000000e+91	
-1.880610261787378809000000000000000000000e+92	
-1.990737882738977587000000000000000000000e+91	
1.430963060138594728000000000000000000000e+92	
-9.628532336113903797000000000000000000000e+91	
6.675637231646247315000000000000000000000e+91	
-1.726252570585360376000000000000000000000e+92	
-9.545569461347894253000000000000000000000e+90	
1.483866807716463595000000000000000000000e+92	
-9.099494860335215124000000000000000000000e+91	
8.143809463341250866000000000000000000000e+91	
-1.579435347415860021000000000000000000000e+92	
1.452282664438065696000000000000000000000e+91	
1.818370792217534151000000000000000000000e+92	
-5.754455015324509568000000000000000000000e+91	
1.098055680301283738000000000000000000000e+92	
-1.295760613448701370000000000000000000000e+92	
3.780990459535027657000000000000000000000e+91	
-2.015717247796482342000000000000000000000e+92	
-3.414992892285176951000000000000000000000e+91	
1.281222686426993365000000000000000000000e+92	
-1.112593607322991742000000000000000000000e+92	
5.201962253763367826000000000000000000000e+91	
-1.873620068373648325000000000000000000000e+92	
-2.404514973821684688000000000000000000000e+91	
1.341241519651355907000000000000000000000e+92	
-1.052574774098629200500000000000000000000e+92	
6.669330113739103326000000000000000000000e+91	
-1.726883282376074775000000000000000000000e+92	
-7.039915335903853006000000000000000000000e+89	
1.661284762499499187000000000000000000000e+92	
-7.325315312504859204000000000000000000000e+91	
9.361542003322499728000000000000000000000e+91	
-1.457662093417735135000000000000000000000e+92	
2.113845122275436956000000000000000000000e+91	
1.828937708575708972000000000000000000000e+92	
-5.648785851742761352000000000000000000000e+91	
1.078107592283001826000000000000000000000e+92	
-1.315708701466983281000000000000000000000e+92	
3.276511398909536581000000000000000000000e+91	
-2.066165153859031450000000000000000000000e+92	
-4.224318345608918102000000000000000000000e+91	
1.169820673045251168000000000000000000000e+92	
-1.223995620704733940000000000000000000000e+92	
4.734041421897354368000000000000000000000e+91	
-1.920412151560249671000000000000000000000e+92	
-2.226658046492957098000000000000000000000e+91	
1.423572850030180565000000000000000000000e+92	
-9.702434437198045426000000000000000000000e+91	
6.763672562074566582000000000000000000000e+91	
-1.717449037542528449000000000000000000000e+92	
-7.046647752238750972000000000000000000000e+90	
1.525033653763584547000000000000000000000e+92	
-8.687826399864005606000000000000000000000e+91	
8.212676806359215602000000000000000000000e+91	
-1.572548613114063547000000000000000000000e+92	
1.178519491048107521000000000000000000000e+91	
1.756748474852015212000000000000000000000e+92	
-6.370678188979698960000000000000000000000e+91	
1.002204406037473081800000000000000000000e+92	
-1.391611887712512026000000000000000000000e+92	
2.480358494378172598000000000000000000000e+91	
1.836204808158439229000000000000000000000e+92	
-5.576114855915458788000000000000000000000e+91	
1.147528761833013410000000000000000000000e+92	
-1.246287531916971697000000000000000000000e+92	
4.591954473349031292000000000000000000000e+91	
-1.934620846415081978000000000000000000000e+92	
-2.287953059024539862000000000000000000000e+91	
1.425518521624960044000000000000000000000e+92	
-9.682977721250250633000000000000000000000e+91	
6.863840818974366594000000000000000000000e+91	
-1.707432211852548448000000000000000000000e+92	
-5.238251448994012288000000000000000000000e+90	
1.551180739384773601000000000000000000000e+92	
-8.426355543652115068000000000000000000000e+91	
8.303215615156408433000000000000000000000e+91	
-1.563494732234344264000000000000000000000e+92	
1.098211319790313523000000000000000000000e+91	
1.731641462223180378000000000000000000000e+92	
-6.621748315268047297000000000000000000000e+91	
9.719151871414551536000000000000000000000e+91	
-1.421901106608529954000000000000000000000e+92	
2.125670032913144884000000000000000000000e+91	
1.795558912494657663000000000000000000000e+92	
-5.982573812553274449000000000000000000000e+91	
1.117889983166367380000000000000000000000e+92	
-1.275926310583617728000000000000000000000e+92	
4.405583077787397511000000000000000000000e+91	
-1.953257985971245356000000000000000000000e+92	
-2.364362815086191731000000000000000000000e+91	
1.428868237533118478000000000000000000000e+92	
-9.649480562168666291000000000000000000000e+91	
7.007190196076983996000000000000000000000e+91	
-1.693097274142286708000000000000000000000e+92	
-2.706782196769532478000000000000000000000e+90	
1.587469722449624771000000000000000000000e+92	
-8.063465713003603368000000000000000000000e+91	
8.433449399666514618000000000000000000000e+91	
-1.550471353783333646000000000000000000000e+92	
9.959048435624983167000000000000000000000e+90	
1.698168361304389760000000000000000000000e+92	
-6.956479324455953479000000000000000000000e+91	
9.876578243807766935000000000000000000000e+91	
-1.406158469369208414000000000000000000000e+92	
2.775008856053002931000000000000000000000e+91	
1.909659558989275415000000000000000000000e+92	
-4.841567347607096928000000000000000000000e+91	
1.148380991023024514000000000000000000000e+92	
-1.245435302726960594000000000000000000000e+92	
3.874812868143956084000000000000000000000e+91	
-2.006335006935589499000000000000000000000e+92	
-3.730397421848682180000000000000000000000e+91	
1.208779905556505171000000000000000000000e+92	
-1.185036388193479936000000000000000000000e+92	
5.343820990483030797000000000000000000000e+91	
-1.859434194701682028000000000000000000000e+92	
-1.396800814514221193000000000000000000000e+91	
1.528555387012798254000000000000000000000e+92	
-8.652609067371868540000000000000000000000e+91	
8.033356598709897186000000000000000000000e+91	
-1.590480633878995389000000000000000000000e+92	
7.847685116625260022000000000000000000000e+90	
1.695940971266831069000000000000000000000e+92	
-6.978753224831540388000000000000000000000e+91	
9.454786174138132748000000000000000000000e+91	
-1.448337676336171833000000000000000000000e+92	
1.953897444379652325000000000000000000000e+91	
1.787636356455609944000000000000000000000e+92	
-6.061799372943751632000000000000000000000e+91	
1.090399308519349834000000000000000000000e+92	
-1.303416985230635274000000000000000000000e+92	
3.935092529444271212000000000000000000000e+91	
2.038928207029644605000000000000000000000e+92	
-3.548880867203405026000000000000000000000e+91	
1.290903320551174516000000000000000000000e+92	
-1.102912973198810592000000000000000000000e+92	
5.432507019010805297000000000000000000000e+91	
-1.850565591848904578000000000000000000000e+92	
-2.040298341863135948000000000000000000000e+91	
1.391023717101211706000000000000000000000e+92	
-1.002792576648773401700000000000000000000e+92	
6.883831900885497374000000000000000000000e+91	
-1.705433103661435370000000000000000000000e+92	
-1.390765542574469781000000000000000000000e+90	
1.626113196518833733000000000000000000000e+92	
-7.677030972311513747000000000000000000000e+91	
8.726928943608273342000000000000000000000e+91	
-1.521123399389157774000000000000000000000e+92	
1.196475451553345038000000000000000000000e+91	
1.708939152286073854000000000000000000000e+92	
-6.848771414639112536000000000000000000000e+91	
1.018059675368577812100000000000000000000e+92	
-1.375756618381407296000000000000000000000e+92	
3.275240268546425581000000000000000000000e+91	
1.979294225617669617000000000000000000000e+92	
-4.145220681323154905000000000000000000000e+91	
1.237617423007648348000000000000000000000e+92	
-1.156198870742336760000000000000000000000e+92	
4.963097289896739068000000000000000000000e+91	
-1.897506564760311201000000000000000000000e+92	
-2.446290401296789074000000000000000000000e+91	
1.356763122033276308000000000000000000000e+92	
-1.037053171716708799500000000000000000000e+92	
6.407591301881576979000000000000000000000e+91	
-1.753057163561827410000000000000000000000e+92	
-7.488852959372238432000000000000000000000e+90	
1.551782155338370132000000000000000000000e+92	
-8.420341384116149759000000000000000000000e+91	
7.850183301148537204000000000000000000000e+91	
-1.608797963635131387000000000000000000000e+92	
1.863609848434835472000000000000000000000e+90	
1.594597460525741075000000000000000000000e+92	
-7.992188332242440325000000000000000000000e+91	
9.320729684322494928000000000000000000000e+91	
-1.461743325317735615000000000000000000000e+92	
2.698781933821017757000000000000000000000e+91	
1.949975161271468239000000000000000000000e+92	
-4.438411324785168682000000000000000000000e+91	
1.236611030469610981000000000000000000000e+92	
-1.157205263280374127000000000000000000000e+92	
5.236019179574058942000000000000000000000e+91	
-1.870214375792579213000000000000000000000e+92	
-1.890523529462846411000000000000000000000e+91	
1.440610231151025411000000000000000000000e+92	
-9.532060625989596970000000000000000000000e+91	
6.768368161211359544000000000000000000000e+91	
-1.716979477628849153000000000000000000000e+92	
-8.655649354632011398000000000000000000000e+90	
1.492392302968188370000000000000000000000e+92	
-9.014239907817967373000000000000000000000e+91	
8.236855407170413695000000000000000000000e+91	
-1.570130753032943738000000000000000000000e+92	
1.553115722254383045000000000000000000000e+91	
1.829232421858366720000000000000000000000e+92	
-5.645838718916183877000000000000000000000e+91	
1.109695246454668432000000000000000000000e+92	
-1.284121047295316675000000000000000000000e+92	
3.905161614655609680000000000000000000000e+91	
-2.003300132284424140000000000000000000000e+92	
-3.283050113189903293000000000000000000000e+91	
1.295193739965362848000000000000000000000e+92	
-1.098622553784622260000000000000000000000e+92	
5.325051331519287666000000000000000000000e+91	
-1.861311160598056341000000000000000000000e+92	
-2.298039081730869779000000000000000000000e+91	
1.350228617078524953000000000000000000000e+92	
-1.043587676671460154600000000000000000000e+92	
6.794208475473881430000000000000000000000e+91	
-1.714395446202596965000000000000000000000e+92	
8.946917379265707458000000000000000000000e+89	
1.680768850418782200000000000000000000000e+92	
-7.130474433312029076000000000000000000000e+91	
9.591338029846761099000000000000000000000e+91	
-1.434682490765308998000000000000000000000e+92	
2.378578900083186948000000000000000000000e+91	
1.858903122745783311000000000000000000000e+92	
-5.349131710042017963000000000000000000000e+91	
1.100645021807019953000000000000000000000e+92	
-1.293171271942965155000000000000000000000e+92	
3.427642814369856004000000000000000000000e+91	
-2.051052012312999507000000000000000000000e+92	
-4.147392861644882640000000000000000000000e+91	
1.170096321281586623000000000000000000000e+92	
-1.223719972468398485000000000000000000000e+92	
4.893702530524031220000000000000000000000e+91	
-1.904446040697581986000000000000000000000e+92	
-1.910170397968175677000000000000000000000e+91	
1.470896464122053224000000000000000000000e+92	
-9.229198296279318836000000000000000000000e+91	
7.393579186724797104000000000000000000000e+91	
-1.654458375077505397000000000000000000000e+92	
8.183436331781636750000000000000000000000e+89	
1.619335025903201586000000000000000000000e+92	
-7.744812678467835216000000000000000000000e+91	
8.823304418804967537000000000000000000000e+91	
-1.511485851869488354000000000000000000000e+92	
1.456926412375386544000000000000000000000e+91	
1.751383631423778844000000000000000000000e+92	
-6.424326623262062638000000000000000000000e+91	
1.025753187933475393400000000000000000000e+92	
-1.368063105816509714000000000000000000000e+92	
3.004838672805056100000000000000000000000e+91	
1.917537679731390603000000000000000000000e+92	
-4.762786140185945045000000000000000000000e+91	
1.167644578084380296000000000000000000000e+92	
-1.226171715665604812000000000000000000000e+92	
4.181246740161008092000000000000000000000e+91	
-1.975691619733884298000000000000000000000e+92	
-3.310222182018304448000000000000000000000e+91	
1.262165905780329598000000000000000000000e+92	
-1.131650387969655509000000000000000000000e+92	
5.636455229190248488000000000000000000000e+91	
-1.830170770830960259000000000000000000000e+92	
-1.345272289065955043000000000000000000000e+91	
1.509609667284422922000000000000000000000e+92	
-8.842066264655621855000000000000000000000e+91	
7.603033609505637346000000000000000000000e+91	
-1.633512932799421373000000000000000000000e+92	
1.136996016635859516000000000000000000000e+90	
1.604771469334452790000000000000000000000e+92	
-7.890448244155323179000000000000000000000e+91	
9.053377303540595634000000000000000000000e+91	
-1.488478563395925544000000000000000000000e+92	
2.062520769571939069000000000000000000000e+91	
1.849476525898597041000000000000000000000e+92	
-5.443397678513880667000000000000000000000e+91	
1.099258226410650570000000000000000000000e+92	
-1.294558067339334538000000000000000000000e+92	
3.494132863418982092000000000000000000000e+91	
1.941903709869109037000000000000000000000e+92	
-4.519125838808760704000000000000000000000e+91	
1.243942870297428590000000000000000000000e+92	
-1.149873423452556518000000000000000000000e+92	
5.463293832948081716000000000000000000000e+91	
-1.847486910455176936000000000000000000000e+92	
-1.509369240049087160000000000000000000000e+91	
1.494105965603846383000000000000000000000e+92	
-8.997103281461387243000000000000000000000e+91	
7.457052018040588315000000000000000000000e+91	
-1.648111091945926276000000000000000000000e+92	
-2.323107105349114509000000000000000000000e+89	
1.591983043502546397000000000000000000000e+92	
-8.018332502474387103000000000000000000000e+91	
8.906527313638325158000000000000000000000e+91	
-1.503163562386152592000000000000000000000e+92	
1.896714486718565501000000000000000000000e+91	
1.831001211711629716000000000000000000000e+92	
-5.628150820383553920000000000000000000000e+91	
1.078889169246037512000000000000000000000e+92	
-1.314927124503947596000000000000000000000e+92	
3.271514286543605802000000000000000000000e+91	
1.917749993644338536000000000000000000000e+92	
-4.760663001056465712000000000000000000000e+91	
1.223824044254203002000000000000000000000e+92	
-1.169992249495782105000000000000000000000e+92	
5.302434393985909018000000000000000000000e+91	
-1.863572854351394206000000000000000000000e+92	
-1.629919927893190341000000000000000000000e+91	
1.486079765894877819000000000000000000000e+92	
-9.077365278551072888000000000000000000000e+91	
7.417058661325065312000000000000000000000e+91	
-1.652110427617478576000000000000000000000e+92	
-2.297582779667968819000000000000000000000e+89	
1.596031424782623804000000000000000000000e+92	
-7.977848689673613031000000000000000000000e+91	
8.861850932116770828000000000000000000000e+91	
-1.507631200538308025000000000000000000000e+92	
1.766920292353134703000000000000000000000e+91	
1.809514247029353934000000000000000000000e+92	
-5.843020467206311737000000000000000000000e+91	
1.048898893248545116800000000000000000000e+92	
-1.344917400501439991000000000000000000000e+92	
2.886620731650764334000000000000000000000e+91	
1.870765788380646217000000000000000000000e+92	
-5.230505053693388910000000000000000000000e+91	
1.194874479132762599000000000000000000000e+92	
-1.198941814617222509000000000000000000000e+92	
5.193195391614363948000000000000000000000e+91	
-1.874496754588548713000000000000000000000e+92	
-1.558991989334579006000000000000000000000e+91	
1.511180287516957182000000000000000000000e+92	
-8.826360062330279256000000000000000000000e+91	
7.848051536562586662000000000000000000000e+91	
-1.609011140093726441000000000000000000000e+92	
5.879151324124138260000000000000000000000e+90	
1.675101376353986722000000000000000000000e+92	
-7.187149173959983854000000000000000000000e+91	
9.271090102477112939000000000000000000000e+91	
-1.466707283502273814000000000000000000000e+92	
1.794888957854726283000000000000000000000e+91	
1.774203037695344178000000000000000000000e+92	
-6.196132560546409296000000000000000000000e+91	
1.071763915084195593000000000000000000000e+92	
-1.322052378665789514000000000000000000000e+92	
3.696743737389486654000000000000000000000e+91	
2.009896429669990512000000000000000000000e+92	
-3.839198640799945958000000000000000000000e+91	
1.256677231365721485000000000000000000000e+92	
-1.137139062384263623000000000000000000000e+92	
5.038328859310722650000000000000000000000e+91	
-1.889983407818912843000000000000000000000e+92	
-2.486367931861237383000000000000000000000e+91	
1.341230197540501283000000000000000000000e+92	
-1.052586096209483824800000000000000000000e+92	
6.496292422003432644000000000000000000000e+91	
-1.744187051549641843000000000000000000000e+92	
-4.162752567974381134000000000000000000000e+90	
1.609421912594951518000000000000000000000e+92	
-7.843943811550335896000000000000000000000e+91	
8.670247081958165506000000000000000000000e+91	
-1.526791585554168557000000000000000000000e+92	
1.249969709094335420000000000000000000000e+91	
1.725300706849647010000000000000000000000e+92	
-6.685155869003380974000000000000000000000e+91	
1.011102444300644709800000000000000000000e+92	
-1.382713849449340398000000000000000000000e+92	
2.972596151617264176000000000000000000000e+91	
1.925734232530856938000000000000000000000e+92	
-4.680820612191281699000000000000000000000e+91	
1.160773441985463158000000000000000000000e+92	
-1.233042851764521950000000000000000000000e+92	
3.961933477209505631000000000000000000000e+91	
-1.997622946029034544000000000000000000000e+92	
-3.680062397229252306000000000000000000000e+91	
1.210136680273574060000000000000000000000e+92	
-1.183679613476411048000000000000000000000e+92	
5.435153513560954226000000000000000000000e+91	
-1.850300942393889685000000000000000000000e+92	
-1.227742216546602748000000000000000000000e+91	
1.553229986122800758000000000000000000000e+92	
-8.405863076271843494000000000000000000000e+91	
8.357751320435695260000000000000000000000e+91	
-1.558041161706415582000000000000000000000e+92	
1.186773320748548155000000000000000000000e+91	
1.743898598508051080000000000000000000000e+92	
-6.499176952419340276000000000000000000000e+91	
9.769609416905679292000000000000000000000e+91	
-1.416855352059417178000000000000000000000e+92	
2.104049649764664513000000000000000000000e+91	
1.786192668401580162000000000000000000000e+92	
-6.076236253484049460000000000000000000000e+91	
1.123777235766307688000000000000000000000e+92	
-1.270039057983677420000000000000000000000e+92	
4.616914658990092190000000000000000000000e+91	
-1.932124827850975889000000000000000000000e+92	
-2.000648052628290156000000000000000000000e+91	
1.480470448285623465000000000000000000000e+92	
-9.133458454643616430000000000000000000000e+91	
7.675443850222344992000000000000000000000e+91	
-1.626271908727750608000000000000000000000e+92	
5.497312203643101360000000000000000000000e+90	
1.684718672741267771000000000000000000000e+92	
-7.090976210087173364000000000000000000000e+91	
9.210281830291038522000000000000000000000e+91	
-1.472788110720881255000000000000000000000e+92	
1.577177574101209058000000000000000000000e+91	
1.736749396724388719000000000000000000000e+92	
-6.570668970255963888000000000000000000000e+91	
1.067537914096837505000000000000000000000e+92	
-1.326278379653147603000000000000000000000e+92	
3.986594764118610646000000000000000000000e+91	
2.072076107909442146000000000000000000000e+92	
-3.217401858405429616000000000000000000000e+91	
1.352034965303478559000000000000000000000e+92	
-1.041781328446506548400000000000000000000e+92	
6.323521639203066408000000000000000000000e+91	
-1.761464129829678467000000000000000000000e+92	
-8.697247457492779530000000000000000000000e+90	
1.536023061557367424000000000000000000000e+92	
-8.577932321926176833000000000000000000000e+91	
7.740743265782713571000000000000000000000e+91	
-1.619741967171713750000000000000000000000e+92	
1.250478887727620202000000000000000000000e+90	
1.593276449725837201000000000000000000000e+92	
-8.005398440241479070000000000000000000000e+91	
9.205773038577266307000000000000000000000e+91	
-1.473238989892258477000000000000000000000e+92	
2.482129386295509400000000000000000000000e+91	
1.918145377417491706000000000000000000000e+92	
-4.756709163324934015000000000000000000000e+91	
1.194621776072077474000000000000000000000e+92	
-1.199194517677907634000000000000000000000e+92	
4.714582490567022985000000000000000000000e+91	
-1.922358044693282809000000000000000000000e+92	
-2.513453828259986734000000000000000000000e+91	
1.368172891301483916000000000000000000000e+92	
-1.025643402448501191100000000000000000000e+92	
6.138067924730594548000000000000000000000e+91	
-1.780009501276925653000000000000000000000e+92	
-1.401838827103931375000000000000000000000e+91	
1.448162868900596197000000000000000000000e+92	
-9.456534248493889102000000000000000000000e+91	
7.596338823553148174000000000000000000000e+91	
-1.634182411394670290000000000000000000000e+92	
7.144755445044543396000000000000000000000e+90	
1.725565904641542985000000000000000000000e+92	
-6.682503891084421224000000000000000000000e+91	
9.862360848604604733000000000000000000000e+91	
-1.407580208889524634000000000000000000000e+92	
2.472742056538672178000000000000000000000e+91	
1.850642273895317029000000000000000000000e+92	
-5.431740198546680790000000000000000000000e+91	
1.129792262816912991000000000000000000000e+92	
-1.264024030933072117000000000000000000000e+92	
4.093009955090166974000000000000000000000e+91	
-1.984515298240968410000000000000000000000e+92	
-3.108317065635608262000000000000000000000e+91	
1.311356168138536807000000000000000000000e+92	
-1.082460125611448300000000000000000000000e+92	
5.514189967442378086000000000000000000000e+91	
-1.842397297005747299000000000000000000000e+92	
-2.081399784621928674000000000000000000000e+91	
1.374641244288910828000000000000000000000e+92	
-1.019175049461074280100000000000000000000e+92	
6.979855485372814746000000000000000000000e+91	
-1.695830745212703633000000000000000000000e+92	
2.166660247268688306000000000000000000000e+90	
1.687646428491376969000000000000000000000e+92	
-7.061698652586081388000000000000000000000e+91	
9.601721814644363896000000000000000000000e+91	
-1.433644112285548718000000000000000000000e+92	
2.330599748763039558000000000000000000000e+91	
1.848271818536839646000000000000000000000e+92	
-5.455444752131454614000000000000000000000e+91	
1.102368886616203230000000000000000000000e+92	
-1.291447407133781878000000000000000000000e+92	
3.568371664956883936000000000000000000000e+91	
-2.036979127254296714000000000000000000000e+92	
-3.883235265648294691000000000000000000000e+91	
1.208848812772157992000000000000000000000e+92	
-1.184967480977827116000000000000000000000e+92	
5.019715035845946952000000000000000000000e+91	
-1.891844790165390412000000000000000000000e+92	
-2.045540155949406400000000000000000000000e+91	
1.431234270144720458000000000000000000000e+92	
-9.625820236052646499000000000000000000000e+91	
6.735835081933056548000000000000000000000e+91	
-1.720232785556679453000000000000000000000e+92	
-8.369019544238022469000000000000000000000e+90	
1.501375161573610369000000000000000000000e+92	
-8.924411321763747386000000000000000000000e+91	
8.197163891404811972000000000000000000000e+91	
-1.574099904609503910000000000000000000000e+92	
1.383968562640755639000000000000000000000e+91	
1.799378584101516053000000000000000000000e+92	
-5.944377096484690546000000000000000000000e+91	
1.066908726285375715000000000000000000000e+92	
-1.326907567464609393000000000000000000000e+92	
3.348033950621989242000000000000000000000e+91	
1.945024599004567238000000000000000000000e+92	
-4.487916947454178697000000000000000000000e+91	
1.209549172447197805000000000000000000000e+92	
-1.184267121302787302000000000000000000000e+92	
4.744397682572890350000000000000000000000e+91	
-1.919376525492696072000000000000000000000e+92	
-2.603037957226708164000000000000000000000e+91	
1.347280488426155330000000000000000000000e+92	
-1.046535805323829777700000000000000000000e+92	
6.181895288701209030000000000000000000000e+91	
-1.775626764879864204000000000000000000000e+92	
-1.105385856614921899000000000000000000000e+91	
1.503058154240760327000000000000000000000e+92	
-8.907581395092247804000000000000000000000e+91	
7.610375027252474808000000000000000000000e+91	
-1.632778791024737627000000000000000000000e+92	
1.938613092427757556000000000000000000000e+90	
1.620066045044956683000000000000000000000e+92	
-7.737502487050284242000000000000000000000e+91	
9.052138441364698929000000000000000000000e+91	
-1.488602449613515215000000000000000000000e+92	
1.907174020820698035000000000000000000000e+91	
1.818538731817757903000000000000000000000e+92	
-5.752775619322272047000000000000000000000e+91	
1.052924978759078526900000000000000000000e+92	
-1.340891314990906581000000000000000000000e+92	
2.876922469396359545000000000000000000000e+91	
1.864802536723158239000000000000000000000e+92	
-5.290137570268268686000000000000000000000e+91	
1.199483116293160430000000000000000000000e+92	
-1.194333177456824678000000000000000000000e+92	
5.344948038520766618000000000000000000000e+91	
-1.859321489897908446000000000000000000000e+92	
-1.301625653818456355000000000000000000000e+91	
1.547473033877341280000000000000000000000e+92	
-8.463432598726438276000000000000000000000e+91	
8.316487593889814654000000000000000000000e+91	
-1.562167534361003642000000000000000000000e+92	
1.161807275243358604000000000000000000000e+91	
1.743030950978649594000000000000000000000e+92	
-6.507853427713355141000000000000000000000e+91	
9.764465749268299071000000000000000000000e+91	
-1.417369718823155200000000000000000000000e+92	
2.102437031619641208000000000000000000000e+91	
1.786384335807383463000000000000000000000e+92	
-6.074319579426016444000000000000000000000e+91	
1.123222004808173608000000000000000000000e+92	
-1.270594288941811500000000000000000000000e+92	
4.603897082841322759000000000000000000000e+91	
-1.933426585465852832000000000000000000000e+92	
-2.021127180122408507000000000000000000000e+91	
1.477676751738989637000000000000000000000e+92	
-9.161395420109954702000000000000000000000e+91	
7.640052758308891422000000000000000000000e+91	
-1.629811017919095965000000000000000000000e+92	
5.068897116817449600000000000000000000000e+90	
1.679689850979281266000000000000000000000e+92	
-7.141264427707038420000000000000000000000e+91	
9.152550609720419681000000000000000000000e+91	
-1.478561232777943140000000000000000000000e+92	
1.512007054722031657000000000000000000000e+91	
1.729488785135491613000000000000000000000e+92	
-6.643275086144934948000000000000000000000e+91	
1.061860130593611720000000000000000000000e+92	
-1.331956163156373388000000000000000000000e+92	
3.945637332718864559000000000000000000000e+91	
2.069561617802321660000000000000000000000e+92	
-3.242546759476634472000000000000000000000e+91	
1.351100941290645152000000000000000000000e+92	
-1.042715352459339955500000000000000000000e+92	
6.329978194548267196000000000000000000000e+91	
-1.760818474295158388000000000000000000000e+92	
-8.474792564854861310000000000000000000000e+90	
1.539825718111355139000000000000000000000e+92	
-8.539905756386299688000000000000000000000e+91	
7.745332881177504986000000000000000000000e+91	
-1.619283005632234609000000000000000000000e+92	
9.621719451270168072000000000000000000000e+89	
1.587053012555226103000000000000000000000e+92	
-8.067632811947590044000000000000000000000e+91	
9.214289776338899265000000000000000000000e+91	
-1.472387316116095181000000000000000000000e+92	
2.561362022982629028000000000000000000000e+91	
1.933136711676841297000000000000000000000e+92	
-4.606795820731438109000000000000000000000e+91	
1.216677663371596136000000000000000000000e+92	
-1.177138630378388971000000000000000000000e+92	
5.005751735964934934000000000000000000000e+91	
-1.893241120153491614000000000000000000000e+92	
-2.151709350961316736000000000000000000000e+91	
1.411401349920059339000000000000000000000e+92	
-9.824149438299257684000000000000000000000e+91	
6.445391737511015080000000000000000000000e+91	
-1.749277119998883600000000000000000000000e+92	
-1.219413598787559553000000000000000000000e+91	
1.453921749085014518000000000000000000000e+92	
-9.398945446649705892000000000000000000000e+91	
7.917947869071094384000000000000000000000e+91	
-1.602021506842875669000000000000000000000e+92	
1.299973439347476295000000000000000000000e+91	
1.810491446162556842000000000000000000000e+92	
-5.833248475874282659000000000000000000000e+91	
1.097524252058207684000000000000000000000e+92	
-1.296292041691777423000000000000000000000e+92	
3.849118787009353527000000000000000000000e+91	
-2.008904415049049755000000000000000000000e+92	
-3.273458504920868168000000000000000000000e+91	
1.302713077969888089000000000000000000000e+92	
-1.091103215780097018000000000000000000000e+92	
5.393358100568733784000000000000000000000e+91	
-1.854480483693111729000000000000000000000e+92	
-2.236615496433341520000000000000000000000e+91	
1.355682999786911642000000000000000000000e+92	
-1.038133293963073465100000000000000000000e+92	
6.863233244946700152000000000000000000000e+91	
-1.707492969255315092000000000000000000000e+92	
1.729676789570678003000000000000000000000e+90	
1.690565354193300618000000000000000000000e+92	
-7.032509395566844896000000000000000000000e+91	
9.703762400646649583000000000000000000000e+91	
-1.423440053685320149000000000000000000000e+92	
2.505455407994685463000000000000000000000e+91	
1.873035268011903617000000000000000000000e+92	
-5.207810257380814902000000000000000000000e+91	
1.111702210505157076000000000000000000000e+92	
-1.282114083244828032000000000000000000000e+92	
3.507480438737171258000000000000000000000e+91	
-2.043068249876267982000000000000000000000e+92	
-4.098274204441687166000000000000000000000e+91	
1.171937819069282196000000000000000000000e+92	
-1.221878474680702911000000000000000000000e+92	
4.977047894757560644000000000000000000000e+91	
-1.896111504274229043000000000000000000000e+92	
-1.761926961134418302000000000000000000000e+91	
1.492207385297968114000000000000000000000e+92	
-9.016089084520169934000000000000000000000e+91	
7.671521891808009182000000000000000000000e+91	
-1.626664104569184189000000000000000000000e+92	
4.245782961892787955000000000000000000000e+90	
1.660086317021342721000000000000000000000e+92	
-7.337299767286423866000000000000000000000e+91	
9.093245778456065210000000000000000000000e+91	
-1.484491715904378587000000000000000000000e+92	
1.589364685414461905000000000000000000000e+91	
1.750883993151035531000000000000000000000e+92	
-6.429323005989495766000000000000000000000e+91	
1.054329232564506063100000000000000000000e+92	
-1.339487061185479044000000000000000000000e+92	
3.581211247869347988000000000000000000000e+91	
2.004221687286108328000000000000000000000e+92	
-3.895946064638767792000000000000000000000e+91	
1.256878070007099592000000000000000000000e+92	
-1.136938223742885516000000000000000000000e+92	
5.099063815107878684000000000000000000000e+91	
-1.883909912239197239000000000000000000000e+92	
-2.366935632997702724000000000000000000000e+91	
1.359040240556292148000000000000000000000e+92	
-1.034776053193692959800000000000000000000e+92	
6.550037269322476092000000000000000000000e+91	
-1.738812566817737498000000000000000000000e+92	
-4.868241045597676017000000000000000000000e+90	
1.589943844006375852000000000000000000000e+92	
-8.038724497436092559000000000000000000000e+91	
8.351296384122720488000000000000000000000e+91	
-1.558686655337713059000000000000000000000e+92	
8.069107947140561122000000000000000000000e+90	
1.668590170222262484000000000000000000000e+92	
-7.252261235277226234000000000000000000000e+91	
9.807110352135608722000000000000000000000e+91	
-1.413105258536424235000000000000000000000e+92	
2.931742354351487955000000000000000000000e+91	
1.947941790503531907000000000000000000000e+92	
-4.458745032464532010000000000000000000000e+91	
1.209260852511433736000000000000000000000e+92	
-1.184555441238551371000000000000000000000e+92	
4.709475321663145257000000000000000000000e+91	
-1.922868761583670582000000000000000000000e+92	
-2.669983534832563768000000000000000000000e+91	
1.337385202688033473000000000000000000000e+92	
-1.056431091061951634400000000000000000000e+92	
6.150788896455016683000000000000000000000e+91	
-1.778737404104483439000000000000000000000e+92	
-1.068679548720664584000000000000000000000e+91	
1.513506680225147589000000000000000000000e+92	
-8.803096135248375185000000000000000000000e+91	
7.571329547908633150000000000000000000000e+91	
-1.636683338959121793000000000000000000000e+92	
1.135652132476268437000000000000000000000e+89	
1.587476774902220960000000000000000000000e+92	
-8.063395188477641480000000000000000000000e+91	
9.030029650931455475000000000000000000000e+91	
-1.490813328656839560000000000000000000000e+92	
2.188697957939826157000000000000000000000e+91	
1.877039287464646552000000000000000000000e+92	
-5.167770062853385554000000000000000000000e+91	
1.141758593040848430000000000000000000000e+92	
-1.252057700709136678000000000000000000000e+92	
4.068438240726171523000000000000000000000e+91	
-1.986972469677367955000000000000000000000e+92	
-3.277052015493293027000000000000000000000e+91	
1.280073524142051838000000000000000000000e+92	
-1.113742769607933270000000000000000000000e+92	
5.506618274000750382000000000000000000000e+91	
-1.843154466349910069000000000000000000000e+92	
-1.783868646969405195000000000000000000000e+91	
1.434889457181010567000000000000000000000e+92	
-9.589268365689745404000000000000000000000e+91	
6.936385770963912208000000000000000000000e+91	
-1.700177716653593887000000000000000000000e+92	
-4.724340636406651447000000000000000000000e+90	
1.554205513197395398000000000000000000000e+92	
-8.396107805525897097000000000000000000000e+91	
8.378152402147242312000000000000000000000e+91	
-1.556001053535260876000000000000000000000e+92	
1.217814915349386546000000000000000000000e+91	
1.748066279713101551000000000000000000000e+92	
-6.457500140368835566000000000000000000000e+91	
9.809167497840071031000000000000000000000e+91	
-1.412899543965978004000000000000000000000e+92	
2.141490054006993356000000000000000000000e+91	
1.789725046546536236000000000000000000000e+92	
-6.040912472034488712000000000000000000000e+91	
1.127752633723852768000000000000000000000e+92	
-1.266063660026132340000000000000000000000e+92	
4.661096631924894670000000000000000000000e+91	
2.146758160985352055000000000000000000000e+92	
-2.470581327646330529000000000000000000000e+91	
1.433945285608370004000000000000000000000e+92	
-9.598710081416151034000000000000000000000e+91	
7.214871541790179796000000000000000000000e+91	
-1.672329139570967128000000000000000000000e+92	
9.383590152689680840000000000000000000000e+89	
1.639596607058333858000000000000000000000e+92	
-7.542196866916512498000000000000000000000e+91	
8.763733509041462598000000000000000000000e+91	
-1.517442942845838848000000000000000000000e+92	
1.135299263160875985000000000000000000000e+91	
1.693028334249948248000000000000000000000e+92	
-7.007879595000368591000000000000000000000e+91	
1.022888326870795563700000000000000000000e+92	
-1.370927966879189544000000000000000000000e+92	
3.530818265309998711000000000000000000000e+91	
2.025570857240572723000000000000000000000e+92	
-3.682454365094123846000000000000000000000e+91	
1.304602575483556527000000000000000000000e+92	
-1.089213718266428580000000000000000000000e+92	
5.839930963565451150000000000000000000000e+91	
-1.809823197393439992000000000000000000000e+92	
-1.362577587049429916000000000000000000000e+91	
1.485812021809171144000000000000000000000e+92	
-9.080042719408139640000000000000000000000e+91	
7.258894691387824750000000000000000000000e+91	
-1.667926824611202633000000000000000000000e+92	
-3.365489461900404931000000000000000000000e+90	
1.549140932309096990000000000000000000000e+92	
-8.446753614408881176000000000000000000000e+91	
8.722190659549136252000000000000000000000e+91	
-1.521597227795071482000000000000000000000e+92	
1.956340817522775194000000000000000000000e+91	
1.861348002031515547000000000000000000000e+92	
-5.324682917184695606000000000000000000000e+91	
1.133607981597822325000000000000000000000e+92	
-1.260208312152162783000000000000000000000e+92	
4.062301338697784654000000000000000000000e+91	
-1.987586159880206642000000000000000000000e+92	
-3.207857213942752896000000000000000000000e+91	
1.294522425639397078000000000000000000000e+92	
-1.099293868110588030000000000000000000000e+92	
5.491623690758814822000000000000000000000e+91	
-1.844653924674103625000000000000000000000e+92	
-1.958267458590457903000000000000000000000e+91	
1.401517086214640729000000000000000000000e+92	
-9.922992075353443786000000000000000000000e+91	
6.940172042273720774000000000000000000000e+91	
-1.699799089522613030000000000000000000000e+92	
-1.313057791749235810000000000000000000000e+90	
1.622035754537021359000000000000000000000e+92	
-7.717805392129637488000000000000000000000e+91	
8.637633488265230708000000000000000000000e+91	
-1.530052944923462037000000000000000000000e+92	
1.058683108037762015400000000000000000000e+91	
1.690312642650764481000000000000000000000e+92	
-7.035036510992206267000000000000000000000e+91	
1.009712940022722905300000000000000000000e+92	
-1.384103353727262202000000000000000000000e+92	
3.294519498865657601000000000000000000000e+91	
1.991491693661718581000000000000000000000e+92	
-4.023246000882665269000000000000000000000e+91	
1.260079325242927392000000000000000000000e+92	
-1.133736968507057715000000000000000000000e+92	
5.290309571387784093000000000000000000000e+91	
-1.864785336611206698000000000000000000000e+92	
-2.016535918019289866000000000000000000000e+91	
1.409987687345450872000000000000000000000e+92	
-9.838286064045342357000000000000000000000e+91	
6.722293989636184847000000000000000000000e+91	
-1.721586894786366623000000000000000000000e+92	
-6.516173094414879964000000000000000000000e+90	
1.539776304884928095000000000000000000000e+92	
-8.540399888650570130000000000000000000000e+91	
8.160240813754796396000000000000000000000e+91	
-1.577792212374505468000000000000000000000e+92	
9.263204597393813848000000000000000000000e+90	
1.711562209412008709000000000000000000000e+92	
-6.822540843379763990000000000000000000000e+91	
9.579773035460317266000000000000000000000e+91	
-1.435838990203953381000000000000000000000e+92	
2.047674325505175734000000000000000000000e+91	
1.793894599768417361000000000000000000000e+92	
-5.999216939815677464000000000000000000000e+91	
1.103248460091184106000000000000000000000e+92	
-1.290567833658801001000000000000000000000e+92	
4.129460326931025800000000000000000000000e+91	
2.064949336505366138000000000000000000000e+92	
-3.288669572446189690000000000000000000000e+91	
1.323505522935726156000000000000000000000e+92	
-1.070310770814258951000000000000000000000e+92	
5.824307020070125936000000000000000000000e+91	
-1.811385591742972514000000000000000000000e+92	
-1.582753099164956314000000000000000000000e+91	
1.443349493606565082000000000000000000000e+92	
-9.504668001434200261000000000000000000000e+91	
7.267365941732026136000000000000000000000e+91	
-1.667079699576782494000000000000000000000e+92	
1.048032983672065316000000000000000000000e+90	
1.636542713097043048000000000000000000000e+92	
-7.572735806529420593000000000000000000000e+91	
8.691708889338533158000000000000000000000e+91	
-1.524645404816131792000000000000000000000e+92	
1.021809609451114467500000000000000000000e+91	
1.677534929059119185000000000000000000000e+92	
-7.162813646908659224000000000000000000000e+91	
1.016183587040747252100000000000000000000e+92	
-1.377632706709237856000000000000000000000e+92	
3.551613782268141959000000000000000000000e+91	
2.036430328804047422000000000000000000000e+92	
-3.573859649459376857000000000000000000000e+91	
1.324237597432123113000000000000000000000e+92	
-1.069578696317861994000000000000000000000e+92	
6.123993013821850629000000000000000000000e+91	
-1.781416992367800045000000000000000000000e+92	
-9.908473573677945419000000000000000000000e+90	
1.531747499757694595000000000000000000000e+92	
-8.620687939922905124000000000000000000000e+91	
7.691431540272425314000000000000000000000e+91	
-1.624673139722742576000000000000000000000e+92	
6.918331851189083322000000000000000000000e+89	
1.587035034338612509000000000000000000000e+92	
-8.067812594113725987000000000000000000000e+91	
9.157299018008625160000000000000000000000e+91	
-1.478086391949122592000000000000000000000e+92	
2.447588561476329756000000000000000000000e+91	
1.916083921100365053000000000000000000000e+92	
-4.777323726496200542000000000000000000000e+91	
1.193952252854674352000000000000000000000e+92	
-1.199864040895310755000000000000000000000e+92	
4.721799662188720609000000000000000000000e+91	
-1.921636327531113047000000000000000000000e+92	
-2.492331176596629397000000000000000000000e+91	
1.371675012441152518000000000000000000000e+92	
-1.022141281308832589100000000000000000000e+92	
6.143638798746380690000000000000000000000e+91	
-1.779452413875347038000000000000000000000e+92	
-1.425703633987236364000000000000000000000e+91	
1.442834285041132116000000000000000000000e+92	
-9.509820087088529921000000000000000000000e+91	
7.605366537115826245000000000000000000000e+91	
-1.633279640038402483000000000000000000000e+92	
7.857857987819734899000000000000000000000e+90	
1.738922084539870430000000000000000000000e+92	
-6.548942092101146770000000000000000000000e+91	
1.005814321171026084000000000000000000000e+92	
-1.388001972578959024000000000000000000000e+92	
2.730714018601377186000000000000000000000e+91	
1.882655335021794665000000000000000000000e+92	
-5.111609587281904429000000000000000000000e+91	
1.148612178951470772000000000000000000000e+92	
-1.245204114798514335000000000000000000000e+92	
4.149343324538417584000000000000000000000e+91	
-1.978881961296143349000000000000000000000e+92	
-3.183783862738692659000000000000000000000e+91	
1.290636031041733051000000000000000000000e+92	
-1.103180262708252057000000000000000000000e+92	
5.585959237940424980000000000000000000000e+91	
-1.835220369955942610000000000000000000000e+92	
-1.730798707336633886000000000000000000000e+91	
1.437570656137634194000000000000000000000e+92	
-9.562456376123509136000000000000000000000e+91	
7.018711656135371759000000000000000000000e+91	
-1.691945128136447932000000000000000000000e+92	
-3.346219103369933890000000000000000000000e+90	
1.573532593968613296000000000000000000000e+92	
-8.202836997813718116000000000000000000000e+91	
8.453836986728277854000000000000000000000e+91	
-1.548432595077157322000000000000000000000e+92	
1.175971795665061077000000000000000000000e+91	
1.732135046292415914000000000000000000000e+92	
-6.616812474575691932000000000000000000000e+91	
9.878145323585397792000000000000000000000e+91	
-1.406001761391445328000000000000000000000e+92	
2.438644427064576108000000000000000000000e+91	
1.842246782973661483000000000000000000000e+92	
-5.515695107763236245000000000000000000000e+91	
1.131955655688107731000000000000000000000e+92	
-1.261860638061877377000000000000000000000e+92	
4.220180173575992307000000000000000000000e+91	
-1.971798276392385877000000000000000000000e+92	
-2.875663079379008146000000000000000000000e+91	
1.345164693954814367000000000000000000000e+92	
-1.048651599795170740800000000000000000000e+92	
5.844581696678888022000000000000000000000e+91	
-1.809358124082096305000000000000000000000e+92	
-1.758697755490797093000000000000000000000e+91	
1.406142859883026260000000000000000000000e+92	
-9.876734338669588476000000000000000000000e+91	
7.310706771410863002000000000000000000000e+91	
-1.662745616608898807000000000000000000000e+92	
5.633445602289567788000000000000000000000e+90	
1.723896219316898195000000000000000000000e+92	
-6.699200744330869130000000000000000000000e+91	
9.980031222861775733000000000000000000000e+91	
-1.395813171463807534000000000000000000000e+92	
2.724712788069754218000000000000000000000e+91	
1.889262699080759986000000000000000000000e+92	
-5.045535946692251220000000000000000000000e+91	
1.139962824233673047000000000000000000000e+92	
-1.253853469516312061000000000000000000000e+92	
3.910358517354969880000000000000000000000e+91	
-2.002780442014488120000000000000000000000e+92	
-3.575184039952242234000000000000000000000e+91	
1.236262061538105215000000000000000000000e+92	
-1.157554232211879892000000000000000000000e+92	
5.365234752940881249000000000000000000000e+91	
-1.857292818455896983000000000000000000000e+92	
-1.628668736537632456000000000000000000000e+91	
1.480053031373789224000000000000000000000e+92	
-9.137632623761958837000000000000000000000e+91	
7.295303395336634072000000000000000000000e+91	
-1.664285954216321700000000000000000000000e+92	
-2.061884140102568450000000000000000000000e+90	
1.571567492671101982000000000000000000000e+92	
-8.222488010788831252000000000000000000000e+91	
8.747492875007280508000000000000000000000e+91	
-1.519067006249257057000000000000000000000e+92	
1.782778662471737287000000000000000000000e+91	
1.824115246312977343000000000000000000000e+92	
-5.697010474370077644000000000000000000000e+91	
1.076508577577996282000000000000000000000e+92	
-1.317307716171988826000000000000000000000e+92	
3.292739685379266944000000000000000000000e+91	
1.924373424016368191000000000000000000000e+92	
-4.694428697336169169000000000000000000000e+91	
1.220916678741500777000000000000000000000e+92	
-1.172899615008484331000000000000000000000e+92	
5.178100211704695158000000000000000000000e+91	
-1.876006272579515592000000000000000000000e+92	
-1.849467229240690493000000000000000000000e+91	
1.454608462302942228000000000000000000000e+92	
-9.392078314470428801000000000000000000000e+91	
7.007227251746550708000000000000000000000e+91	
-1.693093568575330037000000000000000000000e+92	
-5.278782736916480591000000000000000000000e+90	
1.536038807939925264000000000000000000000e+92	
-8.577774858100598440000000000000000000000e+91	
8.463761212067122310000000000000000000000e+91	
-1.547440172543272876000000000000000000000e+92	
1.570566573198818655000000000000000000000e+91	
1.810042435454201973000000000000000000000e+92	
-5.837738582957831347000000000000000000000e+91	
1.069580607260877953000000000000000000000e+92	
-1.324235686489107154000000000000000000000e+92	
3.294872830060716314000000000000000000000e+91	
1.931724469282968274000000000000000000000e+92	
-4.620918244670168334000000000000000000000e+91	
1.213157575613870854000000000000000000000e+92	
-1.180658718136114254000000000000000000000e+92	
4.949482894814799958000000000000000000000e+91	
-1.898868004268505112000000000000000000000e+92	
-2.229035670839257903000000000000000000000e+91	
1.401564018022194833000000000000000000000e+92	
-9.922522757277902742000000000000000000000e+91	
6.366823762755280975000000000000000000000e+91	
-1.757133917474457010000000000000000000000e+92	
-1.278186085800586507000000000000000000000e+91	
1.450023064000488133000000000000000000000e+92	
-9.437932297494969750000000000000000000000e+91	
7.837156051155146512000000000000000000000e+91	
-1.610100688634470456000000000000000000000e+92	
1.177397459342857411000000000000000000000e+91	
1.794057511416031922000000000000000000000e+92	
-5.997587823339531852000000000000000000000e+91	
1.076916058993542718000000000000000000000e+92	
-1.316900234756442390000000000000000000000e+92	
3.601315047116869311000000000000000000000e+91	
1.985665860939480243000000000000000000000e+92	
-4.081504328105048646000000000000000000000e+91	
1.217766272525762557000000000000000000000e+92	
-1.176050021224222551000000000000000000000e+92	
4.502488429377159623000000000000000000000e+91	
-1.943567450812269145000000000000000000000e+92	
-3.168866180127651830000000000000000000000e+91	
1.258321889566558577000000000000000000000e+92	
-1.135494404183426531000000000000000000000e+92	
5.978434940174751366000000000000000000000e+91	
-1.795972799732509971000000000000000000000e+92	
-6.230620276443504570000000000000000000000e+90	
1.619834825623760687000000000000000000000e+92	
-7.739814681262244204000000000000000000000e+91	
9.085137380578357946000000000000000000000e+91	
-1.485302555692149313000000000000000000000e+92	
1.975466520249253959000000000000000000000e+91	
1.828895581335592708000000000000000000000e+92	
-5.649207124143924001000000000000000000000e+91	
1.066807672279508705000000000000000000000e+92	
-1.327008621470476402000000000000000000000e+92	
3.050990297639692185000000000000000000000e+91	
1.885731655025959632000000000000000000000e+92	
-5.080846387240254758000000000000000000000e+91	
1.212932334137502260000000000000000000000e+92	
-1.180883959612482848000000000000000000000e+92	
5.404678437428524364000000000000000000000e+91	
-1.853348450007132671000000000000000000000e+92	
-1.316619827923133598000000000000000000000e+91	
1.538504877966304235000000000000000000000e+92	
-8.553114157836808726000000000000000000000e+91	
8.152155819273223148000000000000000000000e+91	
-1.578600711822662793000000000000000000000e+92	
9.228624361219540374000000000000000000000e+90	
1.711678873867283920000000000000000000000e+92	
-6.821374198827011878000000000000000000000e+91	
9.571154383351574234000000000000000000000e+91	
-1.436700855414827684000000000000000000000e+92	
2.029275246561071301000000000000000000000e+91	
1.791077135930728125000000000000000000000e+92	
-6.027391578192569826000000000000000000000e+91	
1.102502864932685653000000000000000000000e+92	
-1.291313428817299454000000000000000000000e+92	
4.142712751116645852000000000000000000000e+91	
2.068344385912004527000000000000000000000e+92	
-3.254719078379805809000000000000000000000e+91	
1.328969349254348358000000000000000000000e+92	
-1.064846944495636749000000000000000000000e+92	
5.899622756741607776000000000000000000000e+91	
-1.803854018075824330000000000000000000000e+92	
-1.486770179518984336000000000000000000000e+91	
1.455013475329659288000000000000000000000e+92	
-9.388028184203258200000000000000000000000e+91	
7.340147764923094706000000000000000000000e+91	
-1.659801517257675637000000000000000000000e+92	
1.337489542256268677000000000000000000000e+90	
1.635055843534098932000000000000000000000e+92	
-7.587604502158861759000000000000000000000e+91	
8.757546631424066362000000000000000000000e+91	
-1.518061630607578471000000000000000000000e+92	
1.168313624264004891000000000000000000000e+91	
1.700247943313263728000000000000000000000e+92	
-6.935683504367213798000000000000000000000e+91	
1.021809105190332650000000000000000000000e+92	
-1.372007188559652458000000000000000000000e+92	
3.437079041668071792000000000000000000000e+91	
2.007906362197301282000000000000000000000e+92	
-3.859099315526838257000000000000000000000e+91	
1.278651633711482803000000000000000000000e+92	
-1.115164660038502305000000000000000000000e+92	
5.497598317525937448000000000000000000000e+91	
-1.844056461997391363000000000000000000000e+92	
-1.787692242961779140000000000000000000000e+91	
1.435026475023937796000000000000000000000e+92	
-9.587898187260473120000000000000000000000e+91	
6.926766404725327775000000000000000000000e+91	
-1.701139653277452330000000000000000000000e+92	
-4.930375054056347396000000000000000000000e+90	
1.551047308110225324000000000000000000000e+92	
-8.427689856397597834000000000000000000000e+91	
8.369838745764250976000000000000000000000e+91	
-1.556832419173560010000000000000000000000e+92	
1.232758073526628572000000000000000000000e+91	
1.751885119570296688000000000000000000000e+92	
-6.419311741796884198000000000000000000000e+91	
9.870589568401296780000000000000000000000e+91	
-1.406757336909855430000000000000000000000e+92	
2.226134233909284623000000000000000000000e+91	
1.800510519781486185000000000000000000000e+92	
-5.933057739684989229000000000000000000000e+91	
1.133613253193546119000000000000000000000e+92	
-1.260203040556438989000000000000000000000e+92	
4.670478798375962612000000000000000000000e+91	
-1.926768413912388846000000000000000000000e+92	
-1.991857654589064438000000000000000000000e+91	
1.476874342199390370000000000000000000000e+92	
-9.169419515505947372000000000000000000000e+91	
7.594753601814293369000000000000000000000e+91	
-1.634340933568555771000000000000000000000e+92	
4.243340446826421314000000000000000000000e+90	
1.667710487365128055000000000000000000000e+92	
-7.261058063848570530000000000000000000000e+91	
9.007574709704526255000000000000000000000e+91	
-1.493058822779532482000000000000000000000e+92	
1.341861423231244286000000000000000000000e+91	
1.709958501455172051000000000000000000000e+92	
-6.838577922948130564000000000000000000000e+91	
1.047678315584726323600000000000000000000e+92	
-1.346137978165258784000000000000000000000e+92	
3.857277251743076464000000000000000000000e+91	
2.066068756180593781000000000000000000000e+92	
-3.277475375693913268000000000000000000000e+91	
1.352948567033325032000000000000000000000e+92	
-1.040867726716660075400000000000000000000e+92	
6.401832747738248180000000000000000000000e+91	
-1.753633018976160290000000000000000000000e+92	
-7.222729721862619666000000000000000000000e+90	
1.557678864508845335000000000000000000000e+92	
-8.361374292411397723000000000000000000000e+91	
7.941489058883971034000000000000000000000e+91	
-1.599667387861588004000000000000000000000e+92	
3.099893146999026092000000000000000000000e+90	
1.610190942133453256000000000000000000000e+92	
-7.836253516165318519000000000000000000000e+91	
9.408108220894619251000000000000000000000e+91	
-1.453005471660523182000000000000000000000e+92	
2.717638309134412635000000000000000000000e+91	
1.945011992803606654000000000000000000000e+92	
-4.488043009463784540000000000000000000000e+91	
1.224802464432110831000000000000000000000e+92	
-1.169013829317874277000000000000000000000e+92	
5.049513610835641637000000000000000000000e+91	
-1.888864932666420944000000000000000000000e+92	
-2.145414956185920816000000000000000000000e+91	
1.408285906023549984000000000000000000000e+92	
-9.855303877264351231000000000000000000000e+91	
6.468650938708006804000000000000000000000e+91	
-1.746951199879184427000000000000000000000e+92	
-1.141767837339884592000000000000000000000e+91	
1.467122274611389076000000000000000000000e+92	
-9.266940191385960311000000000000000000000e+91	
7.934774835261995782000000000000000000000e+91	
-1.600338810223785529000000000000000000000e+92	
1.201679436980301369000000000000000000000e+91	
1.789155678268851118000000000000000000000e+92	
-6.046606154811339894000000000000000000000e+91	
1.064687842855095648000000000000000000000e+92	
-1.329128450894889460000000000000000000000e+92	
3.405805516861816273000000000000000000000e+91	
-2.053235742063803480000000000000000000000e+92	
-3.831663746691184741000000000000000000000e+91	
1.235409074432960133000000000000000000000e+92	
-1.158407219317024975000000000000000000000e+92	
4.832165735115860406000000000000000000000e+91	
-1.910599720238399067000000000000000000000e+92	
-2.686015854942981742000000000000000000000e+91	
1.321916601103120154000000000000000000000e+92	
-1.071899692646864954000000000000000000000e+92	
6.289640475262591984000000000000000000000e+91	
-1.764852246223725909000000000000000000000e+92	
-6.364364594373809089000000000000000000000e+90	
1.586055539053084818000000000000000000000e+92	
-8.077607546969002898000000000000000000000e+91	
8.423087533535267441000000000000000000000e+91	
-1.551507540396458364000000000000000000000e+92	
9.893210640974878405000000000000000000000e+90	
1.697887604001340748000000000000000000000e+92	
-6.959286897486443600000000000000000000000e+91	
9.865785696979831535000000000000000000000e+91	
-1.407237724052001954000000000000000000000e+92	
2.756235309291200302000000000000000000000e+91	
1.906984501508300293000000000000000000000e+92	
-4.868317922416848144000000000000000000000e+91	
1.144908627728179170000000000000000000000e+92	
-1.248907666021805938000000000000000000000e+92	
3.832120144990344257000000000000000000000e+91	
-2.010604279250950682000000000000000000000e+92	
-3.781055269248623952000000000000000000000e+91	
1.202918004790388307000000000000000000000e+92	
-1.190898288959596801000000000000000000000e+92	
5.302123262302297428000000000000000000000e+91	
-1.863603967519755365000000000000000000000e+92	
-1.421585684388843992000000000000000000000e+91	
1.527767344157610132000000000000000000000e+92	
-8.660489495923749756000000000000000000000e+91	
8.042372198686239766000000000000000000000e+91	
-1.589579073881361131000000000000000000000e+92	
8.106717315593560010000000000000000000000e+90	
1.700219214806258600000000000000000000000e+92	
-6.935970789437265081000000000000000000000e+91	
9.461802077055886463000000000000000000000e+91	
-1.447636086044396461000000000000000000000e+92	
1.925164614669010886000000000000000000000e+91	
1.781189979320677893000000000000000000000e+92	
-6.126263144293072146000000000000000000000e+91	
1.091520687642988487000000000000000000000e+92	
-1.302295606106996620000000000000000000000e+92	
4.021946220987490766000000000000000000000e+91	
-1.991621671651236031000000000000000000000e+92	
-2.867883881246024242000000000000000000000e+91	
1.366533676231073832000000000000000000000e+92	
-1.027282617518911275800000000000000000000e+92	
6.264079669003141792000000000000000000000e+91	
-1.767408326849670928000000000000000000000e+92	
-1.133494057674303067000000000000000000000e+91	
1.489223564904272337000000000000000000000e+92	
-9.045927288457127710000000000000000000000e+91	
7.705429178699102362000000000000000000000e+91	
-1.623273375880074871000000000000000000000e+92	
5.221993498363095668000000000000000000000e+90	
1.676216628233233383000000000000000000000e+92	
-7.175996655167517244000000000000000000000e+91	
9.119608734076543504000000000000000000000e+91	
-1.481855420342330757000000000000000000000e+92	
1.480854639894481105000000000000000000000e+91	
1.726552400678682840000000000000000000000e+92	
-6.672638930713022670000000000000000000000e+91	
1.058549323959878780500000000000000000000e+92	
-1.335266969790106327000000000000000000000e+92	
3.908786907990549414000000000000000000000e+91	
2.065502525735483041000000000000000000000e+92	
-3.283137680145020663000000000000000000000e+91	
1.346667985782201937000000000000000000000e+92	
-1.047148307967783170600000000000000000000e+92	
6.281911865645396402000000000000000000000e+91	
-1.765625107185445467000000000000000000000e+92	
-8.992804995351486386000000000000000000000e+90	
1.534272288266324977000000000000000000000e+92	
-8.595440054836601309000000000000000000000e+91	
7.697770929560369947000000000000000000000e+91	
-1.624039200793948113000000000000000000000e+92	
5.662362214918316902000000000000000000000e+89	
1.583890096683734202000000000000000000000e+92	
-8.099261970662509058000000000000000000000e+91	
9.165854135374779556000000000000000000000e+91	
-1.477230880212507152000000000000000000000e+92	
2.496128263812751522000000000000000000000e+91	
1.924934359927371206000000000000000000000e+92	
-4.688819338226139012000000000000000000000e+91	
1.206797171361692696000000000000000000000e+92	
-1.187019122388292412000000000000000000000e+92	
4.890173764823685099000000000000000000000e+91	
-1.904798917267616598000000000000000000000e+92	
-2.284052025738971761000000000000000000000e+91	
1.396491446403811116000000000000000000000e+92	
-9.973248473461739919000000000000000000000e+91	
6.307089371937669912000000000000000000000e+91	
-1.763107356556218116000000000000000000000e+92	
-1.346924667925539951000000000000000000000e+91	
1.442249234766780187000000000000000000000e+92	
-9.515670589832049203000000000000000000000e+91	
7.778561922386820140000000000000000000000e+91	
-1.615960101511303094000000000000000000000e+92	
1.137937966711339028000000000000000000000e+91	
1.792024073497515874000000000000000000000e+92	
-6.017922202524692340000000000000000000000e+91	
1.076794180624531312000000000000000000000e+92	
-1.317022113125453796000000000000000000000e+92	
3.619202345707266686000000000000000000000e+91	
-2.031896059179258439000000000000000000000e+92	
-3.525979418071349836000000000000000000000e+91	
1.275201664421562642000000000000000000000e+92	
-1.118614629328422465000000000000000000000e+92	
5.095661986669809980000000000000000000000e+91	
-1.884250095083004110000000000000000000000e+92	
-2.556882350426564967000000000000000000000e+91	
1.321400363651000827000000000000000000000e+92	
-1.072415930098984280000000000000000000000e+92	
6.568594909757878911000000000000000000000e+91	
-1.736956802774197216000000000000000000000e+92	
-7.350661168584992904000000000000000000000e+89	
1.670731932614649315000000000000000000000e+92	
-7.230843611353357922000000000000000000000e+91	
9.553544301955981114000000000000000000000e+91	
-1.438461863554386996000000000000000000000e+92	
2.403329480562302834000000000000000000000e+91	
1.867629499002445064000000000000000000000e+92	
-5.261867947475400433000000000000000000000e+91	
1.101491228319747932000000000000000000000e+92	
-1.292325065430237176000000000000000000000e+92	
3.357342399117697287000000000000000000000e+91	
-2.058082053838215379000000000000000000000e+92	
-4.296416559733647018000000000000000000000e+91	
1.147325540992598050000000000000000000000e+92	
-1.246490752757387057000000000000000000000e+92	
4.832762018006452816000000000000000000000e+91	
-1.910540091949339826000000000000000000000e+92	
-1.804426614808082171000000000000000000000e+91	
1.498130976666744734000000000000000000000e+92	
-8.956853170832403740000000000000000000000e+91	
7.832442742350900987000000000000000000000e+91	
-1.610572019514895009000000000000000000000e+92	
6.871334782781609264000000000000000000000e+90	
1.696500210372379326000000000000000000000e+92	
-6.973160833776057818000000000000000000000e+91	
9.308520072757833096000000000000000000000e+91	
-1.462964286474201798000000000000000000000e+92	
1.655848425630952616000000000000000000000e+91	
1.742660716589510806000000000000000000000e+92	
-6.511555771604743020000000000000000000000e+91	
1.077578786031627364000000000000000000000e+92	
-1.316237507718357744000000000000000000000e+92	
4.128278452716186164000000000000000000000e+91	
2.090369919572245808000000000000000000000e+92	
-3.034463741777392997000000000000000000000e+91	
1.374452166669677498000000000000000000000e+92	
-1.019364127080307609500000000000000000000e+92	
6.588907029120109982000000000000000000000e+91	
-1.734925590837974109000000000000000000000e+92	
-5.631464901435465140000000000000000000000e+90	
1.570798123650917332000000000000000000000e+92	
-8.230181700990677755000000000000000000000e+91	
8.044761661477922660000000000000000000000e+91	
-1.589340127602192842000000000000000000000e+92	
3.853558233438457030000000000000000000000e+90	
1.614938372399019284000000000000000000000e+92	
-7.788779213509658238000000000000000000000e+91	
9.514525913110270364000000000000000000000e+91	
-1.442363702438958071000000000000000000000e+92	
2.882970056688662438000000000000000000000e+91	
1.967433641130621607000000000000000000000e+92	
-4.263826526193635008000000000000000000000e+91	
1.253109655827588294000000000000000000000e+92	
-1.140706637922396813000000000000000000000e+92	
5.391411665027936702000000000000000000000e+91	
-1.854675127247191437000000000000000000000e+92	
-1.744720037626297298000000000000000000000e+91	
1.454232158186191526000000000000000000000e+92	
-9.395841355637935819000000000000000000000e+91	
6.895007979835640037000000000000000000000e+91	
-1.704315495766421104000000000000000000000e+92	
-7.484998011825463053000000000000000000000e+90	
1.503141824463009666000000000000000000000e+92	
-8.906744692869754420000000000000000000000e+91	
8.364451345523937904000000000000000000000e+91	
-1.557371159197591317000000000000000000000e+92	
1.700802380532337625000000000000000000000e+91	
1.846009159828357687000000000000000000000e+92	
-5.478071339216274202000000000000000000000e+91	
1.128479057214201306000000000000000000000e+92	
-1.265337236535783802000000000000000000000e+92	
4.113060461593268260000000000000000000000e+91	
-1.982510247590658282000000000000000000000e+92	
-3.055100510492020750000000000000000000000e+91	
1.319992777949813739000000000000000000000e+92	
-1.073823515800171369000000000000000000000e+92	
5.530310054299720872000000000000000000000e+91	
-1.840785288320013020000000000000000000000e+92	
-2.135490749848818737000000000000000000000e+91	
1.362214536735112526000000000000000000000e+92	
-1.031601757014872581900000000000000000000e+92	
7.004217132453563991000000000000000000000e+91	
-1.693394580504628708000000000000000000000e+92	
3.895824267110985114000000000000000000000e+90	
1.719786151089757528000000000000000000000e+92	
-6.740301426602275800000000000000000000000e+91	
1.007152597051685827200000000000000000000e+92	
-1.386663696698299280000000000000000000000e+92	
2.948736977188049179000000000000000000000e+91	
1.924911466576616331000000000000000000000e+92	
-4.689048271733687763000000000000000000000e+91	
1.161513049589889441000000000000000000000e+92	
-1.232303244160095667000000000000000000000e+92	
3.984945513411805835000000000000000000000e+91	
-1.995321742408804524000000000000000000000e+92	
-3.641442172427962803000000000000000000000e+91	
1.215558744844462396000000000000000000000e+92	
-1.178257548905522712000000000000000000000e+92	
5.456297560681098474000000000000000000000e+91	
-1.848186537681875260000000000000000000000e+92	
-1.239658306860295056000000000000000000000e+91	
1.548734008644319518000000000000000000000e+92	
-8.450822851056655900000000000000000000000e+91	
8.279764305954368993000000000000000000000e+91	
-1.565839863154548208000000000000000000000e+92	
1.075775503161279926000000000000000000000e+91	
1.729499379279791984000000000000000000000e+92	
-6.643169144701931235000000000000000000000e+91	
9.695612665604527620000000000000000000000e+91	
-1.424255027189532346000000000000000000000e+92	
2.100013504974491551000000000000000000000e+91	
1.792781632860213312000000000000000000000e+92	
-6.010346608897717961000000000000000000000e+91	
1.115564155567442310000000000000000000000e+92	
-1.278252138182542797000000000000000000000e+92	
4.386837075422358615000000000000000000000e+91	
2.104102311041706080000000000000000000000e+92	
-2.897139827082790270000000000000000000000e+91	
1.376067120797868721000000000000000000000e+92	
-1.017749172952116386900000000000000000000e+92	
6.483942501561628736000000000000000000000e+91	
-1.745422043593822234000000000000000000000e+92	
-7.891648119817634366000000000000000000000e+90	
1.536096936495517068000000000000000000000e+92	
-8.577193572544680396000000000000000000000e+91	
7.910346845683859543000000000000000000000e+91	
-1.602781609181599153000000000000000000000e+92	
4.634322606209347328000000000000000000000e+90	
1.643984566430422917000000000000000000000e+92	
-7.498317273195621902000000000000000000000e+91	
9.355283758876243787000000000000000000000e+91	
-1.458287917862360729000000000000000000000e+92	
2.274247611111138687000000000000000000000e+91	
1.861635736621013184000000000000000000000e+92	
-5.321805571289719237000000000000000000000e+91	
1.102408449416198425000000000000000000000e+92	
-1.291407844333786682000000000000000000000e+92	
3.435590051128168026000000000000000000000e+91	
1.927049405656353362000000000000000000000e+92	
-4.667668880936317455000000000000000000000e+91	
1.248148606015278158000000000000000000000e+92	
-1.145667687734706950000000000000000000000e+92	
5.695856733769369088000000000000000000000e+91	
-1.824230620373048199000000000000000000000e+92	
-1.086395604041657774000000000000000000000e+91	
1.555434926595848792000000000000000000000e+92	
-8.383813671541363155000000000000000000000e+91	
8.260562887759291103000000000000000000000e+91	
-1.567760004974055997000000000000000000000e+92	
9.704063914861259134000000000000000000000e+90	
1.710349987052092586000000000000000000000e+92	
-6.834663066978925217000000000000000000000e+91	
9.686578403528531494000000000000000000000e+91	
-1.425158453397131958000000000000000000000e+92	
2.273348098819181105000000000000000000000e+91	
1.828342901927756300000000000000000000000e+92	
-5.654733918222288075000000000000000000000e+91	
1.112515607868249149000000000000000000000e+92	
-1.281300685881735959000000000000000000000e+92	
3.970445579351989935000000000000000000000e+91	
-1.996771735814786114000000000000000000000e+92	
-3.180704251625910928000000000000000000000e+91	
1.309132671357608994000000000000000000000e+92	
-1.084683622392376113000000000000000000000e+92	
5.429009927581468932000000000000000000000e+91	
-1.850915300991838214000000000000000000000e+92	
-2.229493570804933915000000000000000000000e+91	
1.353543622052373789000000000000000000000e+92	
-1.040272671697611318500000000000000000000e+92	
6.902194750709097850000000000000000000000e+91	
-1.703596818679075323000000000000000000000e+92	
2.722544309520267384000000000000000000000e+90	
1.706523551823369666000000000000000000000e+92	
-6.872927419266154416000000000000000000000e+91	
9.923609594267178868000000000000000000000e+91	
-1.401455334323267221000000000000000000000e+92	
2.785537826882675511000000000000000000000e+91	
1.907064034714818110000000000000000000000e+92	
-4.867522590351669978000000000000000000000e+91	
1.142138861092625886000000000000000000000e+92	
-1.251677432657359221000000000000000000000e+92	
3.775943660259223300000000000000000000000e+91	
-2.016221927724062778000000000000000000000e+92	
-3.865696399367150350000000000000000000000e+91	
1.191608843833268195000000000000000000000e+92	
-1.202207449916716912000000000000000000000e+92	
5.249372586618311432000000000000000000000e+91	
-1.868879035088153964000000000000000000000e+92	
-1.414025455919685659000000000000000000000e+91	
1.534551455940915788000000000000000000000e+92	
-8.592648378090693199000000000000000000000e+91	
8.170464206031345062000000000000000000000e+91	
-1.576769873146850601000000000000000000000e+92	
9.989846434946117456000000000000000000000e+90	
1.725069599458862281000000000000000000000e+92	
-6.687466942911228264000000000000000000000e+91	
9.582633848312273560000000000000000000000e+91	
-1.435552908918757752000000000000000000000e+92	
1.918387848924408653000000000000000000000e+91	
1.767757799710890981000000000000000000000e+92	
-6.260584940390941270000000000000000000000e+91	
1.105089426453914347000000000000000000000e+92	
-1.288726867296070760000000000000000000000e+92	
4.427508418452900452000000000000000000000e+91	
-1.951065451904695062000000000000000000000e+92	
-2.192581182401418228000000000000000000000e+91	
1.461024572139833783000000000000000000000e+92	
-9.327917216101513243000000000000000000000e+91	
7.478460714005002370000000000000000000000e+91	
-1.645970222349484871000000000000000000000e+92	
3.502249656873155059000000000000000000000e+90	
1.664515860995060260000000000000000000000e+92	
-7.293004327549248480000000000000000000000e+91	
9.005733105093544798000000000000000000000e+91	
-1.493242983240630628000000000000000000000e+92	
1.370109495593370285000000000000000000000e+91	
1.715790778922648098000000000000000000000e+92	
-6.780255148273370094000000000000000000000e+91	
1.047140271333387694600000000000000000000e+92	
-1.346676022416597413000000000000000000000e+92	
3.788225295075429718000000000000000000000e+91	
2.052799577824033578000000000000000000000e+92	
-3.410167159259515291000000000000000000000e+91	
1.333318573135628225000000000000000000000e+92	
-1.060497720614356883000000000000000000000e+92	
6.141956309074623572000000000000000000000e+91	
-1.779620662842522750000000000000000000000e+92	
-1.045694270565862617800000000000000000000e+91	
1.518985411121736147000000000000000000000e+92	
-8.748308826282489602000000000000000000000e+91	
7.558764154089390090000000000000000000000e+91	
-1.637939878341046099000000000000000000000e+92	
-6.852805601460992946000000000000000000000e+89	
1.572759749074625813000000000000000000000e+92	
-8.210565446753592945000000000000000000000e+91	
9.025404143007274722000000000000000000000e+91	
-1.491275879449257635000000000000000000000e+92	
2.326546260448684609000000000000000000000e+91	
1.905064408297413309000000000000000000000e+92	
-4.887518854525717986000000000000000000000e+91	
1.184016917522766665000000000000000000000e+92	
-1.209799376227218443000000000000000000000e+92	
4.633282687978944426000000000000000000000e+91	
-1.930488024952090665000000000000000000000e+92	
-2.570017164613017525000000000000000000000e+91	
1.364988973235647626000000000000000000000e+92	
-1.028827320514337482100000000000000000000e+92	
6.053966447524113940000000000000000000000e+91	
-1.788419648997573714000000000000000000000e+92	
-1.538176591601361177000000000000000000000e+91	
1.429308063353078515000000000000000000000e+92	
-9.645082303969065923000000000000000000000e+91	
7.518498543472599954000000000000000000000e+91	
-1.641966439402725112000000000000000000000e+92	
7.472879441340492306000000000000000000000e+90	
1.739906905749002909000000000000000000000e+92	
-6.539093880009821986000000000000000000000e+91	
1.011631343026476728700000000000000000000e+92	
-1.382184950723508379000000000000000000000e+92	
2.837182195317017338000000000000000000000e+91	
1.898129544876073446000000000000000000000e+92	
-4.956867488739116615000000000000000000000e+91	
1.153852928428276235000000000000000000000e+92	
-1.239963365321708873000000000000000000000e+92	
4.099467144159115172000000000000000000000e+91	
-1.983869579334073590000000000000000000000e+92	
-3.335892814983503741000000000000000000000e+91	
1.265206946425593821000000000000000000000e+92	
-1.128609347324391287000000000000000000000e+92	
5.548182306648174146000000000000000000000e+91	
-1.838998063085167693000000000000000000000e+92	
-1.552169475742808836000000000000000000000e+91	
1.477063425749785728000000000000000000000e+92	
-9.167528680001993800000000000000000000000e+91	
7.159064971574965954000000000000000000000e+91	
-1.677909796592488512000000000000000000000e+92	
-4.487162821315842369000000000000000000000e+90	
1.536691051105384579000000000000000000000e+92	
-8.571252426446005288000000000000000000000e+91	
8.623947579748692678000000000000000000000e+91	
-1.531421535775115840000000000000000000000e+92	
1.884340403329012396000000000000000000000e+91	
1.856770921160091400000000000000000000000e+92	
-5.370453725898937079000000000000000000000e+91	
1.131652555911594467000000000000000000000e+92	
-1.262163737838390640000000000000000000000e+92	
4.068950586556280974000000000000000000000e+91	
-1.986921235094357010000000000000000000000e+92	
-3.175017502001532746000000000000000000000e+91	
1.300424139826976424000000000000000000000e+92	
-1.093392153923008684000000000000000000000e+92	
5.495181559679138828000000000000000000000e+91	
-1.844298137782071225000000000000000000000e+92	
-2.010141262336522097000000000000000000000e+91	
1.390789297228726324000000000000000000000e+92	
-1.003026996521258783100000000000000000000e+92	
6.950248990839730240000000000000000000000e+91	
-1.698791394666012084000000000000000000000e+92	
-3.932395896843239223000000000000000000000e+88	
1.646496898871292319000000000000000000000e+92	
-7.473193948786927886000000000000000000000e+91	
8.999424646076303650000000000000000000000e+91	
-1.493873829142354743000000000000000000000e+92	
1.537595663757651422000000000000000000000e+91	
1.749910209259907200000000000000000000000e+92	
-6.439060844900779072000000000000000000000e+91	
1.044464848427200007200000000000000000000e+92	
-1.349351445322785100000000000000000000000e+92	
3.393705649680697176000000000000000000000e+91	
1.976589374148339762000000000000000000000e+92	
-4.172269196016453456000000000000000000000e+91	
1.220368423712216182000000000000000000000e+92	
-1.173447870037768925000000000000000000000e+92	
4.645238200208067526000000000000000000000e+91	
-1.929292473729178355000000000000000000000e+92	
-2.909446242215092274000000000000000000000e+91	
1.295925093768552476000000000000000000000e+92	
-1.097891199981432632000000000000000000000e+92	
6.107261073063409774000000000000000000000e+91	
-1.783090186443644130000000000000000000000e+92	
-7.413187774895636490000000000000000000000e+90	
1.583313158882966543000000000000000000000e+92	
-8.105031348670185647000000000000000000000e+91	
8.473083699583033762000000000000000000000e+91	
-1.546507923791681731000000000000000000000e+92	
1.116698668476550920000000000000000000000e+91	
1.718359657248095787000000000000000000000e+92	
-6.754566365018893209000000000000000000000e+91	
9.906607260797791850000000000000000000000e+91	
-1.403155567670205922000000000000000000000e+92	
2.633239471683117779000000000000000000000e+91	
1.878311330267905024000000000000000000000e+92	
-5.155049634820800840000000000000000000000e+91	
1.132842754504081885000000000000000000000e+92	
-1.260973539245903223000000000000000000000e+92	
3.877451743753485660000000000000000000000e+91	
1.984980595234853166000000000000000000000e+92	
-4.088356985151319416000000000000000000000e+91	
1.276923389656534031000000000000000000000e+92	
-1.116892904093451076000000000000000000000e+92	
5.692185612825716052000000000000000000000e+91	
-1.824597732467413502000000000000000000000e+92	
-1.381340652537882269000000000000000000000e+91	
1.496827524753667824000000000000000000000e+92	
-8.969887689963172832000000000000000000000e+91	
7.383504784898155876000000000000000000000e+91	
-1.655465815260169520000000000000000000000e+92	
-1.974909824329063293000000000000000000000e+90	
1.564490796685648379000000000000000000000e+92	
-8.293254970643367282000000000000000000000e+91	
8.844932341632352922000000000000000000000e+91	
-1.509323059586749815000000000000000000000e+92	
2.048340844670223116000000000000000000000e+91	
1.867475369165568815000000000000000000000e+92	
-5.263409245844162926000000000000000000000e+91	
1.136664242302681142000000000000000000000e+92	
-1.257152051447303966000000000000000000000e+92	
4.062168165359305571000000000000000000000e+91	
-1.987599477214054550000000000000000000000e+92	
-3.238670891369726160000000000000000000000e+91	
1.288374534357454994000000000000000000000e+92	
-1.105441759392530113000000000000000000000e+92	
5.495101553634743434000000000000000000000e+91	
-1.844306138386510764000000000000000000000e+92	
-1.889865146908649862000000000000000000000e+91	
1.414846531183267341000000000000000000000e+92	
-9.789697625667177669000000000000000000000e+91	
6.936004113451689306000000000000000000000e+91	
-1.700215882404816177000000000000000000000e+92	
-2.728676759188472225000000000000000000000e+90	
1.594147005724506310000000000000000000000e+92	
-7.996692880254787980000000000000000000000e+91	
8.354238929742882610000000000000000000000e+91	
-1.558392400775696846000000000000000000000e+92	
7.707837221415983144000000000000000000000e+90	
1.661072445514476256000000000000000000000e+92	
-7.327438482355088520000000000000000000000e+91	
9.814647120503834276000000000000000000000e+91	
-1.412351581699601680000000000000000000000e+92	
3.021951974071578652000000000000000000000e+91	
1.965225923249909864000000000000000000000e+92	
-4.285903705000752435000000000000000000000e+91	
1.234804043718946601000000000000000000000e+92	
-1.159012250031038506000000000000000000000e+92	
5.047456715682941513000000000000000000000e+91	
-1.889070622181690956000000000000000000000e+92	
-2.249493741079309841000000000000000000000e+91	
1.387680915860112980000000000000000000000e+92	
-1.006135377889872127600000000000000000000e+92	
6.478603999595652366000000000000000000000e+91	
-1.745955893790419871000000000000000000000e+92	
-9.159193116288153947000000000000000000000e+90	
1.511285929244793401000000000000000000000e+92	
-8.825303645051917066000000000000000000000e+91	
7.919305259920762302000000000000000000000e+91	
-1.601885767757908877000000000000000000000e+92	
7.293312269182046534000000000000000000000e+90	
1.696255731164706032000000000000000000000e+92	
-6.975605625852790751000000000000000000000e+91	
9.333990190481102160000000000000000000000e+91	
-1.460417274701874892000000000000000000000e+92	
1.709219560805132803000000000000000000000e+91	
1.750786543308488624000000000000000000000e+92	
-6.430297504414964833000000000000000000000e+91	
1.079793990444474571000000000000000000000e+92	
-1.314022303305510537000000000000000000000e+92	
4.091353689041722118000000000000000000000e+91	
2.080772702486440436000000000000000000000e+92	
-3.130435912635446722000000000000000000000e+91	
1.358953147464274067000000000000000000000e+92	
-1.034863146285711041000000000000000000000e+92	
6.374928187233244349000000000000000000000e+91	
-1.756323475026660673000000000000000000000e+92	
-8.360846251172735825000000000000000000000e+90	
1.537611315058464995000000000000000000000e+92	
-8.562049786915201126000000000000000000000e+91	
7.794171473606328008000000000000000000000e+91	
-1.614399146389352307000000000000000000000e+92	
2.160030841402011832000000000000000000000e+90	
1.606122800419987904000000000000000000000e+92	
-7.876934933299972030000000000000000000000e+91	
9.254712575631473666000000000000000000000e+91	
-1.468345036186837741000000000000000000000e+92	
2.451584529973985208000000000000000000000e+91	
1.907146408129328165000000000000000000000e+92	
-4.866698856206569425000000000000000000000e+91	
1.175682276840849087000000000000000000000e+92	
-1.218134016909136020000000000000000000000e+92	
4.445821716277209232000000000000000000000e+91	
-1.949234122122264184000000000000000000000e+92	
-2.861540886740780252000000000000000000000e+91	
1.325435504847285225000000000000000000000e+92	
-1.068380788902699882000000000000000000000e+92	
5.879005602189043834000000000000000000000e+91	
-1.805915733531080724000000000000000000000e+92	
-1.492673370863843106000000000000000000000e+91	
1.455893820249514416000000000000000000000e+92	
-9.379224735004706915000000000000000000000e+91	
7.317826689094481274000000000000000000000e+91	
-1.662033624840536980000000000000000000000e+92	
8.031884304078283671000000000000000000000e+89	
1.626603477076213810000000000000000000000e+92	
-7.672128166737712976000000000000000000000e+91	
8.738916942146488278000000000000000000000e+91	
-1.519924599535336280000000000000000000000e+92	
1.215545116984249655000000000000000000000e+91	
1.711553933086742878000000000000000000000e+92	
-6.822623606632422296000000000000000000000e+91	
1.019173513192339440100000000000000000000e+92	
-1.374642780557645668000000000000000000000e+92	
3.271376686723428716000000000000000000000e+91	
1.977408418028412011000000000000000000000e+92	
-4.164078757215730969000000000000000000000e+91	
1.234232912238977060000000000000000000000e+92	
-1.159583381511008047000000000000000000000e+92	
4.914272608977610253000000000000000000000e+91	
-1.902389032852224082000000000000000000000e+92	
-2.510087200598507860000000000000000000000e+91	
1.348886975378824676000000000000000000000e+92	
-1.044929318371160432100000000000000000000e+92	
6.360594552241523618000000000000000000000e+91	
-1.757756838525832746000000000000000000000e+92	
-7.641331369465706002000000000000000000000e+90	
1.553430682059857830000000000000000000000e+92	
-8.403856116901272773000000000000000000000e+91	
7.898385884044500322000000000000000000000e+91	
-1.603977705345535075000000000000000000000e+92	
2.662650987368353526000000000000000000000e+90	
1.605756447331998019000000000000000000000e+92	
-7.880598464179870888000000000000000000000e+91	
9.365136252980554317000000000000000000000e+91	
-1.457302668451929676000000000000000000000e+92	
2.676038638032984470000000000000000000000e+91	
1.940989187079947110000000000000000000000e+92	
-4.528271066700379974000000000000000000000e+91	
1.220916751834141740000000000000000000000e+92	
-1.172899541915843367000000000000000000000e+92	
5.012026733844640786000000000000000000000e+91	
-1.892613620365521029000000000000000000000e+92	
-2.181532266116900263000000000000000000000e+91	
1.404811063577525108000000000000000000000e+92	
-9.890052301724599992000000000000000000000e+91	
6.431053417193771592000000000000000000000e+91	
-1.750710952030607948000000000000000000000e+92	
-1.182213038004521825000000000000000000000e+91	
1.462793128349680184000000000000000000000e+92	
-9.310231654003049233000000000000000000000e+91	
7.897563155476365944000000000000000000000e+91	
-1.604059978202348513000000000000000000000e+92	
1.170544514314562653000000000000000000000e+91	
1.786649559293689070000000000000000000000e+92	
-6.071667344562960380000000000000000000000e+91	
1.062788794901274111000000000000000000000e+92	
-1.331027498848710996000000000000000000000e+92	
3.392882726340585586000000000000000000000e+91	
1.958110003196864079000000000000000000000e+92	
-4.357062905531210284000000000000000000000e+91	
1.204422076815695477000000000000000000000e+92	
-1.189394216934289631000000000000000000000e+92	
4.511092365749729924000000000000000000000e+91	
-1.942707057175012115000000000000000000000e+92	
-3.018287041935619564000000000000000000000e+91	
1.287570257920425212000000000000000000000e+92	
-1.106246035829559895000000000000000000000e+92	
5.970317899227944789000000000000000000000e+91	
-1.796784503827190629000000000000000000000e+92	
-9.316301938040204838000000000000000000000e+90	
1.558947848968695905000000000000000000000e+92	
-8.348684447812892024000000000000000000000e+91	
8.176115464044944736000000000000000000000e+91	
-1.576204747345490634000000000000000000000e+92	
7.664418297646390354000000000000000000000e+90	
1.678007765061205858000000000000000000000e+92	
-7.158085286887792490000000000000000000000e+91	
9.616311076106693833000000000000000000000e+91	
-1.432185186139315724000000000000000000000e+92	
2.456109676870078602000000000000000000000e+91	
1.871909357848656327000000000000000000000e+92	
-5.219069359013287803000000000000000000000e+91	
1.104773423133779386000000000000000000000e+92	
-1.289042870616205722000000000000000000000e+92	
3.380192671987906096000000000000000000000e+91	
1.913608890030414353000000000000000000000e+92	
-4.802074037195707550000000000000000000000e+91	
1.251440714148516367000000000000000000000e+92	
-1.142375579601468740000000000000000000000e+92	
5.896020779828911934000000000000000000000e+91	
-1.804214215767093914000000000000000000000e+92	
-7.190718246773568827000000000000000000000e+90	
1.608874958862674770000000000000000000000e+92	
-7.849413348873103380000000000000000000000e+91	
8.961956605131671306000000000000000000000e+91	
-1.497620633236817977000000000000000000000e+92	
1.838710396343172541000000000000000000000e+91	
1.813863109700296126000000000000000000000e+92	
-5.799531840496889814000000000000000000000e+91	
1.050419016664549812000000000000000000000e+92	
-1.343397277085435296000000000000000000000e+92	
2.873548650983162611000000000000000000000e+91	
1.866632655902690296000000000000000000000e+92	
-5.271836378472948110000000000000000000000e+91	
1.196725307915319020000000000000000000000e+92	
-1.197090985834666087000000000000000000000e+92	
5.271513511802388494000000000000000000000e+91	
-1.866664942569746258000000000000000000000e+92	
-1.420893802206090594000000000000000000000e+91	
1.530965137862982408000000000000000000000e+92	
-8.628511558870026994000000000000000000000e+91	
8.105620620551811671000000000000000000000e+91	
-1.583254231694803940000000000000000000000e+92	
9.051750759263708094000000000000000000000e+90	
1.712793486036549846000000000000000000000e+92	
-6.810228077134352615000000000000000000000e+91	
9.521286761001802337000000000000000000000e+91	
-1.441687617649804874000000000000000000000e+92	
1.918424244738825057000000000000000000000e+91	
1.773896732747105060000000000000000000000e+92	
-6.199195610028800474000000000000000000000e+91	
1.098240553193105734000000000000000000000e+92	
-1.295575740556879374000000000000000000000e+92	
4.229206258992092958000000000000000000000e+91	
2.089898973509219017000000000000000000000e+92	
-3.039173202407660908000000000000000000000e+91	
1.363422751141649302000000000000000000000e+92	
-1.030393542608335805900000000000000000000e+92	
6.373080725282465470000000000000000000000e+91	
-1.756508221221738561000000000000000000000e+92	
-8.844524225964048732000000000000000000000e+90	
1.528124816924577652000000000000000000000e+92	
-8.656914768254074556000000000000000000000e+91	
7.797801584151817722000000000000000000000e+91	
-1.614036135334803335000000000000000000000e+92	
3.180792687437431706000000000000000000000e+90	
1.626170126942974768000000000000000000000e+92	
-7.676461668070103392000000000000000000000e+91	
9.246751454687902282000000000000000000000e+91	
-1.469141148281194879000000000000000000000e+92	
2.235292753919543389000000000000000000000e+91	
1.864694532956692868000000000000000000000e+92	
-5.291217607932922395000000000000000000000e+91	
1.112418066885128737000000000000000000000e+92	
-1.281398226864856371000000000000000000000e+92	
3.605159845157982448000000000000000000000e+91	
-2.033300309234186863000000000000000000000e+92	
-3.910119004699765297000000000000000000000e+91	
1.199796415687545387000000000000000000000e+92	
-1.194019878062439720000000000000000000000e+92	
5.063947304796428026000000000000000000000e+91	
-1.887421563270342305000000000000000000000e+92	
-1.866618711030881784000000000000000000000e+91	
1.462588629188070990000000000000000000000e+92	
-9.312276645619141175000000000000000000000e+91	
7.183933820787370108000000000000000000000e+91	
-1.675422911671248097000000000000000000000e+92	
-2.543150309005642505000000000000000000000e+90	
1.573075979350208378000000000000000000000e+92	
-8.207403143997767293000000000000000000000e+91	
8.628830253870925446000000000000000000000e+91	
-1.530933268362892563000000000000000000000e+92	
1.530435115213297690000000000000000000000e+91	
1.785519451842892764000000000000000000000e+92	
-6.082968419070923440000000000000000000000e+91	
1.024557992920721022700000000000000000000e+92	
-1.369258300829264085000000000000000000000e+92	
2.639752399412411026000000000000000000000e+91	
1.845733194420429584000000000000000000000e+92	
-5.480830993295555238000000000000000000000e+91	
1.170607110803091540000000000000000000000e+92	
-1.223209182946893568000000000000000000000e+92	
4.958170156342276541000000000000000000000e+91	
-1.897999278115757454000000000000000000000e+92	
-1.786372582967616906000000000000000000000e+91	
1.489206311868433069000000000000000000000e+92	
-9.046099818815520385000000000000000000000e+91	
7.635948814627252337000000000000000000000e+91	
-1.630221412287259874000000000000000000000e+92	
3.834456443215327702000000000000000000000e+90	
1.655417371047946415000000000000000000000e+92	
-7.383989227020386925000000000000000000000e+91	
9.058374982490998310000000000000000000000e+91	
-1.487978795500885277000000000000000000000e+92	
1.566306671451023544000000000000000000000e+91	
1.749758882070843820000000000000000000000e+92	
-6.440574116791412878000000000000000000000e+91	
1.050707827278490257900000000000000000000e+92	
-1.343108466471494850000000000000000000000e+92	
3.520046676201029811000000000000000000000e+91	
1.995611419945202798000000000000000000000e+92	
-3.982048738047823095000000000000000000000e+91	
1.245775233580906322000000000000000000000e+92	
-1.148041060169078786000000000000000000000e+92	
4.963122164704424854000000000000000000000e+91	
-1.897504077279542622000000000000000000000e+92	
-2.527778171004747711000000000000000000000e+91	
1.340467137231986620000000000000000000000e+92	
-1.053349156517998488000000000000000000000e+92	
6.417209547301515012000000000000000000000e+91	
-1.752095339019833606000000000000000000000e+92	
-5.667748436281036854000000000000000000000e+90	
1.587233836878130709000000000000000000000e+92	
-8.065824568718543986000000000000000000000e+91	
8.377020678555617356000000000000000000000e+91	
-1.556114225894423372000000000000000000000e+92	
8.854331658814613764000000000000000000000e+90	
1.681719587422687308000000000000000000000e+92	
-7.120967063272977994000000000000000000000e+91	
9.826586040075254386000000000000000000000e+91	
-1.411157689742459669000000000000000000000e+92	
2.839455206674845720000000000000000000000e+91	
1.927542354249626962000000000000000000000e+92	
-4.662739395003581461000000000000000000000e+91	
1.177696254078611244000000000000000000000e+92	
-1.216120039671373864000000000000000000000e+92	
4.282233280952095322000000000000000000000e+91	
-1.965592965654775575000000000000000000000e+92	
-3.208766094173196031000000000000000000000e+91	
1.272358445902401691000000000000000000000e+92	
-1.121457847847583416000000000000000000000e+92	
5.737250349653683611000000000000000000000e+91	
-1.820091258784616746000000000000000000000e+92	
-1.245606886855583624000000000000000000000e+91	
1.519463291902582876000000000000000000000e+92	
-8.743530018474022313000000000000000000000e+91	
7.700441261602956835000000000000000000000e+91	
-1.623772167589689424000000000000000000000e+92	
2.099792213414532634000000000000000000000e+90	
1.614286684198824880000000000000000000000e+92	
-7.795296095511602272000000000000000000000e+91	
9.150786383335955792000000000000000000000e+91	
-1.478737655416389528000000000000000000000e+92	
2.162185657317192460000000000000000000000e+91	
1.859668483203834864000000000000000000000e+92	
-5.341478105461502436000000000000000000000e+91	
1.109675540038195168000000000000000000000e+92	
-1.284140753711789940000000000000000000000e+92	
3.600558441391857666000000000000000000000e+91	
-2.033760449610799341000000000000000000000e+92	
-3.891907902463044877000000000000000000000e+91	
1.203897641206752517000000000000000000000e+92	
-1.189918652543232591000000000000000000000e+92	
5.056667250526356240000000000000000000000e+91	
-1.888149568697349484000000000000000000000e+92	
-1.922167041240287795000000000000000000000e+91	
1.452209370729407230000000000000000000000e+92	
-9.416069230205778779000000000000000000000e+91	
7.031920991430843242000000000000000000000e+91	
-1.690624194606900784000000000000000000000e+92	
-4.545241073684408468000000000000000000000e+90	
1.548237845563853722000000000000000000000e+92	
-8.455784481861313857000000000000000000000e+91	
8.482694703964492050000000000000000000000e+91	
-1.545546823353535903000000000000000000000e+92	
1.486494468837365529000000000000000000000e+91	
1.791339791648040916000000000000000000000e+92	
-6.024765021019441917000000000000000000000e+91	
1.040587653789396146100000000000000000000e+92	
-1.353228639960588962000000000000000000000e+92	
2.902091410240621811000000000000000000000e+91	
1.882166257396590323000000000000000000000e+92	
-5.116500363533947844000000000000000000000e+91	
1.185414199483735818000000000000000000000e+92	
-1.208402094266249290000000000000000000000e+92	
4.890088925683471956000000000000000000000e+91	
-1.904807401181637912000000000000000000000e+92	
-2.070498359163489898000000000000000000000e+91	
1.439200031534449977000000000000000000000e+92	
-9.546162622155351303000000000000000000000e+91	
6.920056449028140566000000000000000000000e+91	
-1.701810648847171051000000000000000000000e+92	
-5.481688721339840033000000000000000000000e+90	
1.540694440111523471000000000000000000000e+92	
-8.531218536384616368000000000000000000000e+91	
8.368836660371760004000000000000000000000e+91	
-1.556932627712809107000000000000000000000e+92	
1.334231558553651805000000000000000000000e+91	
1.772274925236757455000000000000000000000e+92	
-6.215413685132276530000000000000000000000e+91	
1.017686122330201267800000000000000000000e+92	
-1.376130171419783840000000000000000000000e+92	
2.634728539012438723000000000000000000000e+91	
1.851597123044198343000000000000000000000e+92	
-5.422191707057867647000000000000000000000e+91	
1.162994866647419364000000000000000000000e+92	
-1.230821427102565743000000000000000000000e+92	
4.747353053550908609000000000000000000000e+91	
-1.919080988394894247000000000000000000000e+92	
-2.131817313810726256000000000000000000000e+91	
1.441205775961213087000000000000000000000e+92	
-9.526105177887720206000000000000000000000e+91	
7.021449793804966652000000000000000000000e+91	
-1.691671314369488442000000000000000000000e+92	
-3.654801050988874972000000000000000000000e+90	
1.567088813230239736000000000000000000000e+92	
-8.267274805197453714000000000000000000000e+91	
8.460525459589495454000000000000000000000e+91	
-1.547763747791035562000000000000000000000e+92	
1.253751151518590288000000000000000000000e+91	
1.747018532213342840000000000000000000000e+92	
-6.467977615366422672000000000000000000000e+91	
9.876457934608986060000000000000000000000e+91	
-1.406170500289086502000000000000000000000e+92	
2.286509699964251271000000000000000000000e+91	
1.811996063729383372000000000000000000000e+92	
-5.818202300206017350000000000000000000000e+91	
1.133557792430661291000000000000000000000e+92	
-1.260258501319323817000000000000000000000e+92	
4.554571579492544445000000000000000000000e+91	
-1.938359135800730663000000000000000000000e+92	
-2.223060077457768415000000000000000000000e+91	
1.442230317383945976000000000000000000000e+92	
-9.515859763660391317000000000000000000000e+91	
7.133132878518118958000000000000000000000e+91	
-1.680503005898173212000000000000000000000e+92	
-1.524098321525616298000000000000000000000e+90	
1.598529513635263049000000000000000000000e+92	
-7.952867801147220590000000000000000000000e+91	
8.560125480720859108000000000000000000000e+91	
-1.537803745677899197000000000000000000000e+92	
1.138651092229242106000000000000000000000e+91	
1.714049203171961164000000000000000000000e+92	
-6.797670905780239432000000000000000000000e+91	
1.000119219612242632400000000000000000000e+92	
-1.393697074137742475000000000000000000000e+92	
2.865445359488192514000000000000000000000e+91	
1.915287165346101958000000000000000000000e+92	
-4.785291284038831496000000000000000000000e+91	
1.150594253447928745000000000000000000000e+92	
-1.243222040302056363000000000000000000000e+92	
3.862819045160855190000000000000000000000e+91	
-2.007534389233899589000000000000000000000e+92	
-3.776500708433261329000000000000000000000e+91	
1.200760328055745334000000000000000000000e+92	
-1.193055965694239774000000000000000000000e+92	
5.335857757069562188000000000000000000000e+91	
-1.860230518043028889000000000000000000000e+92	
-1.332567454136746080000000000000000000000e+91	
1.542194789438328418000000000000000000000e+92	
-8.516215043116566900000000000000000000000e+91	
8.241875374811052326000000000000000000000e+91	
-1.569628756268879875000000000000000000000e+92	
1.065376145449824532000000000000000000000e+91	
1.731207032784540679000000000000000000000e+92	
-6.626092609654444287000000000000000000000e+91	
9.654539510464852852000000000000000000000e+91	
-1.428362342703499822000000000000000000000e+92	
2.000819598870503789000000000000000000000e+91	
1.777053059635456813000000000000000000000e+92	
-6.167632341145282948000000000000000000000e+91	
1.112146413896439837000000000000000000000e+92	
-1.281669879853545270000000000000000000000e+92	
4.475706707217043028000000000000000000000e+91	
-1.946245623028280805000000000000000000000e+92	
-2.166743345682701041000000000000000000000e+91	
1.461373423414647693000000000000000000000e+92	
-9.324428703353374143000000000000000000000e+91	
7.459611025319324008000000000000000000000e+91	
-1.647855191218052707000000000000000000000e+92	
3.090481925692552742000000000000000000000e+90	
1.658166586386902980000000000000000000000e+92	
-7.356497073630821277000000000000000000000e+91	
8.919935491987503831000000000000000000000e+91	
-1.501822744551234724000000000000000000000e+92	
1.262018115874833591000000000000000000000e+91	
1.702753373778311069000000000000000000000e+92	
-6.910629199716740384000000000000000000000e+91	
1.038834458246967386700000000000000000000e+92	
-1.354981835503017721000000000000000000000e+92	
3.752459537184791592000000000000000000000e+91	
2.053949885743655796000000000000000000000e+92	
-3.398664080063293119000000000000000000000e+91	
1.339193412346570149000000000000000000000e+92	
-1.054622881403414958900000000000000000000e+92	
6.247926501630802402000000000000000000000e+91	
-1.769023643586904867000000000000000000000e+92	
-8.925257783279718232000000000000000000000e+90	
1.539019741406749079000000000000000000000e+92	
-8.547965523432360290000000000000000000000e+91	
7.738567534090166202000000000000000000000e+91	
-1.619959540340968487000000000000000000000e+92	
9.074562319307402212000000000000000000000e+89	
1.586635168612992737000000000000000000000e+92	
-8.071811251369923710000000000000000000000e+91	
9.207381283501151782000000000000000000000e+91	
-1.473078165399869929000000000000000000000e+92	
2.551724835388883665000000000000000000000e+91	
1.931900259240192644000000000000000000000e+92	
-4.619160345097924636000000000000000000000e+91	
1.215168612988416697000000000000000000000e+92	
-1.178647680761568411000000000000000000000e+92	
4.987936609299778332000000000000000000000e+91	
-1.895022632820007274000000000000000000000e+92	
-2.172247744503047495000000000000000000000e+91	
1.409075319406426338000000000000000000000e+92	
-9.847409743435587690000000000000000000000e+91	
6.419410875387586289000000000000000000000e+91	
-1.751875206211226479000000000000000000000e+92	
-1.248113663964736892000000000000000000000e+91	
