1.696120531993414530000000000000000000000e+92	
-6.976957617565705774000000000000000000000e+91	
9.374886314041622753000000000000000000000e+91	
-1.456327662345822832000000000000000000000e+92	
1.792342774116527518000000000000000000000e+91	
1.763319472108832231000000000000000000000e+92	
-6.304968216411528763000000000000000000000e+91	
1.083381108854775354000000000000000000000e+92	
-1.310435184895209753000000000000000000000e+92	
4.037811289653543061000000000000000000000e+91	
2.066481554023791216000000000000000000000e+92	
-3.273347397261938912000000000000000000000e+91	
1.335729538088546492000000000000000000000e+92	
-1.058086755661438615000000000000000000000e+92	
6.053411938318390982000000000000000000000e+91	
-1.788475099918146009000000000000000000000e+92	
-1.246836597339801804000000000000000000000e+91	
1.487616986479204674000000000000000000000e+92	
-9.061993072707804330000000000000000000000e+91	
7.483591069569903160000000000000000000000e+91	
-1.645457186792994792000000000000000000000e+92	
9.469132206921787130000000000000000000000e+89	
1.612909069120370116000000000000000000000e+92	
-7.809072246296149914000000000000000000000e+91	
8.922275474643757001000000000000000000000e+91	
-1.501588746285609408000000000000000000000e+92	
1.719046857271452973000000000000000000000e+91	
1.793902495400913704000000000000000000000e+92	
-5.999137983490714032000000000000000000000e+91	
1.033716808041398979300000000000000000000e+92	
-1.360099485708586128000000000000000000000e+92	
2.739094405481228736000000000000000000000e+91	
1.856442394629200124000000000000000000000e+92	
-5.373738991207849838000000000000000000000e+91	
1.179662320422313971000000000000000000000e+92	
-1.214153973327671137000000000000000000000e+92	
5.032190578016026998000000000000000000000e+91	
-1.890597235948382408000000000000000000000e+92	
-1.728875608531825603000000000000000000000e+91	
1.493304486906822295000000000000000000000e+92	
-9.005118068431628127000000000000000000000e+91	
7.660423560052891900000000000000000000000e+91	
-1.627773937744695918000000000000000000000e+92	
3.914215997921872813000000000000000000000e+90	
1.654565908691006916000000000000000000000e+92	
-7.392503850589781911000000000000000000000e+91	
9.084758508297490424000000000000000000000e+91	
-1.485340442920236065000000000000000000000e+92	
1.627570978951499826000000000000000000000e+91	
1.759371655086433095000000000000000000000e+92	
-6.344446386635520124000000000000000000000e+91	
1.052932102951139218700000000000000000000e+92	
-1.340884190798845889000000000000000000000e+92	
3.468441229663256540000000000000000000000e+91	
1.983069730151581638000000000000000000000e+92	
-4.107465635984034699000000000000000000000e+91	
1.225856072005001179000000000000000000000e+92	
-1.167960221744983929000000000000000000000e+92	
4.690192546417027582000000000000000000000e+91	
-1.924797039108282349000000000000000000000e+92	
-2.874409094798020360000000000000000000000e+91	
1.298437582178027505000000000000000000000e+92	
-1.095378711571957603000000000000000000000e+92	
6.153321985304929220000000000000000000000e+91	
-1.778484095219492186000000000000000000000e+92	
-6.743322562863541682000000000000000000000e+90	
1.592103330499478295000000000000000000000e+92	
-8.017129632505068122000000000000000000000e+91	
8.581890201892995197000000000000000000000e+91	
-1.535627273560685588000000000000000000000e+92	
1.246399553294416248000000000000000000000e+91	
1.733418144134733481000000000000000000000e+92	
-6.603981496152516264000000000000000000000e+91	
1.001280795502749646200000000000000000000e+92	
-1.392535498247235461000000000000000000000e+92	
2.695078079846470106000000000000000000000e+91	
1.880061190235360492000000000000000000000e+92	
-5.137551035146246160000000000000000000000e+91	
1.143970612325667273000000000000000000000e+92	
-1.249845681424317834000000000000000000000e+92	
4.082463629243964918000000000000000000000e+91	
-1.985569930825588616000000000000000000000e+92	
-3.271117402783202226000000000000000000000e+91	
1.279858310484073138000000000000000000000e+92	
-1.113957983265911970000000000000000000000e+92	
5.521576973717865530000000000000000000000e+91	
-1.841658596378198555000000000000000000000e+92	
-1.751807626466016930000000000000000000000e+91	
1.439804940182703586000000000000000000000e+92	
-9.540113535672815218000000000000000000000e+91	
6.949311492028894853000000000000000000000e+91	
-1.698885144547095622000000000000000000000e+92	
-4.957194214701361818000000000000000000000e+90	
1.548257671633455096000000000000000000000e+92	
-8.455586221165300117000000000000000000000e+91	
8.395322457990742275000000000000000000000e+91	
-1.554284047950910880000000000000000000000e+92	
1.311595297206913636000000000000000000000e+91	
1.765101537851745663000000000000000000000e+92	
-6.287147558982394445000000000000000000000e+91	
1.005605417124463589600000000000000000000e+92	
-1.388210876625521518000000000000000000000e+92	
2.464872730883771642000000000000000000000e+91	
1.829709107622388087000000000000000000000e+92	
-5.641071861275970208000000000000000000000e+91	
1.151507715336506802000000000000000000000e+92	
-1.242308578413478306000000000000000000000e+92	
4.736438419809062984000000000000000000000e+91	
-1.920172451769078809000000000000000000000e+92	
-2.038826804166844306000000000000000000000e+91	
1.460890170240751719000000000000000000000e+92	
-9.329261235092333885000000000000000000000e+91	
7.322095485252148074000000000000000000000e+91	
-1.661606745224770300000000000000000000000e+92	
3.891567622208418367000000000000000000000e+89	
1.617898237042806098000000000000000000000e+92	
-7.759180567071790102000000000000000000000e+91	
8.748555217512671738000000000000000000000e+91	
-1.518960771998717934000000000000000000000e+92	
1.321825948224048488000000000000000000000e+91	
1.731841462210187187000000000000000000000e+92	
-6.619748315397979208000000000000000000000e+91	
1.018998633516285168900000000000000000000e+92	
-1.374817660233699939000000000000000000000e+92	
3.065105636768117392000000000000000000000e+91	
1.936339266125436416000000000000000000000e+92	
-4.574770276245486913000000000000000000000e+91	
1.172731886775122904000000000000000000000e+92	
-1.221084406974862204000000000000000000000e+92	
4.095045301566476314000000000000000000000e+91	
-1.984311763593337476000000000000000000000e+92	
-3.533429928550304509000000000000000000000e+91	
1.226151318694863824000000000000000000000e+92	
-1.167664975055121283000000000000000000000e+92	
5.566494591041964616000000000000000000000e+91	
-1.837166834645788646000000000000000000000e+92	
-1.125192110326592236000000000000000000000e+91	
1.560607332452360470000000000000000000000e+92	
-8.332089612976246376000000000000000000000e+91	
8.402762462012716500000000000000000000000e+91	
-1.553540047548713458000000000000000000000e+92	
1.203036454685625305000000000000000000000e+91	
1.742651541833262184000000000000000000000e+92	
-6.511647519167229234000000000000000000000e+91	
9.817943287650578750000000000000000000000e+91	
-1.412021964984927233000000000000000000000e+92	
2.213157697597505860000000000000000000000e+91	
1.803177866359135928000000000000000000000e+92	
-5.906384273908491791000000000000000000000e+91	
1.127888841287624331000000000000000000000e+92	
-1.265927452462360776000000000000000000000e+92	
4.529358857552864935000000000000000000000e+91	
-1.940880407994698614000000000000000000000e+92	
-2.216811674888336411000000000000000000000e+91	
1.445999704373237317000000000000000000000e+92	
-9.478165893767477906000000000000000000000e+91	
7.202256566340967575000000000000000000000e+91	
-1.673590637115888350000000000000000000000e+92	
-5.187196800512492677000000000000000000000e+89	
1.611723154300362820000000000000000000000e+92	
-7.820931394496222876000000000000000000000e+91	
8.625458766175114536000000000000000000000e+91	
-1.531270417132473654000000000000000000000e+92	
1.137414402709217655000000000000000000000e+91	
1.707271849695195632000000000000000000000e+92	
-6.865444440547894757000000000000000000000e+91	
1.007427216210031916700000000000000000000e+92	
-1.386389077539953191000000000000000000000e+92	
3.079308727973206035000000000000000000000e+91	
1.950744836110035272000000000000000000000e+92	
-4.430714576399498356000000000000000000000e+91	
1.200116255278841703000000000000000000000e+92	
-1.193700038471143405000000000000000000000e+92	
4.498612380506161304000000000000000000000e+91	
-1.943955055699368977000000000000000000000e+92	
-3.000204014851817798000000000000000000000e+91	
1.292433340839122740000000000000000000000e+92	
-1.101382952910862368000000000000000000000e+92	
5.954257711725550308000000000000000000000e+91	
-1.798390522577430077000000000000000000000e+92	
-1.012349203365987228400000000000000000000e+91	
1.544413283667299088000000000000000000000e+92	
-8.494030100826860194000000000000000000000e+91	
7.966175330172291612000000000000000000000e+91	
-1.597198760732755946000000000000000000000e+92	
4.919393616203266624000000000000000000000e+90	
1.644104497878479708000000000000000000000e+92	
-7.497117958715053994000000000000000000000e+91	
9.414252485143940020000000000000000000000e+91	
-1.452391045235591106000000000000000000000e+92	
2.390956999195392842000000000000000000000e+91	
1.879077868044830697000000000000000000000e+92	
-5.147384257051544106000000000000000000000e+91	
1.125618901319224986000000000000000000000e+92	
-1.268197392430760121000000000000000000000e+92	
3.725349067882396235000000000000000000000e+91	
-2.021281386961745484000000000000000000000e+92	
-3.801743021596774034000000000000000000000e+91	
1.209453277942487268000000000000000000000e+92	
-1.184363015807497840000000000000000000000e+92	
5.185364805011528653000000000000000000000e+91	
-1.875279813248832242000000000000000000000e+92	
-1.720364699634014473000000000000000000000e+91	
1.479696445412982751000000000000000000000e+92	
-9.141198483370023564000000000000000000000e+91	
7.379823779710560583000000000000000000000e+91	
-1.655833915778929049000000000000000000000e+92	
-3.362562333320209735000000000000000000000e+89	
1.597623630782893287000000000000000000000e+92	
-7.961926629670918208000000000000000000000e+91	
8.821537395788264951000000000000000000000e+91	
-1.511662554171158612000000000000000000000e+92	
1.670399146333580885000000000000000000000e+91	
1.794244168729504467000000000000000000000e+92	
-5.995721250204806402000000000000000000000e+91	
1.028013647129900434900000000000000000000e+92	
-1.365802646620084673000000000000000000000e+92	
2.621644537153171597000000000000000000000e+91	
1.838658588696726297000000000000000000000e+92	
-5.551577050532588104000000000000000000000e+91	
1.174677924887517782000000000000000000000e+92	
-1.219138368862467325000000000000000000000e+92	
5.110277028112886548000000000000000000000e+91	
-1.882788590938696453000000000000000000000e+92	
-1.522922419821398236000000000000000000000e+91	
1.526680116124589786000000000000000000000e+92	
-8.671361776253953220000000000000000000000e+91	
8.121919352220650744000000000000000000000e+91	
-1.581624358527920033000000000000000000000e+92	
9.805933201262580303000000000000000000000e+90	
1.726244319522432654000000000000000000000e+92	
-6.675719742275524537000000000000000000000e+91	
9.609940432571419720000000000000000000000e+91	
-1.432822250492843136000000000000000000000e+92	
1.961246073404263339000000000000000000000e+91	
1.773598012226037510000000000000000000000e+92	
-6.202182815239475970000000000000000000000e+91	
1.107633372476034018000000000000000000000e+92	
-1.286182921273951089000000000000000000000e+92	
4.420001618197634820000000000000000000000e+91	
-1.951816131930221626000000000000000000000e+92	
-2.233017846843313315000000000000000000000e+91	
1.453689558089974002000000000000000000000e+92	
-9.401267356600111058000000000000000000000e+91	
7.372213477423786694000000000000000000000e+91	
-1.656594946007606438000000000000000000000e+92	
2.110970048457834925000000000000000000000e+90	
1.647316628852333093000000000000000000000e+92	
-7.464996648976520142000000000000000000000e+91	
8.800892778611432276000000000000000000000e+91	
-1.513727015888841880000000000000000000000e+92	
1.132437511447696306000000000000000000000e+91	
1.688742048667296118000000000000000000000e+92	
-7.050742450826889896000000000000000000000e+91	
1.027070259999010780600000000000000000000e+92	
-1.366746033750974327000000000000000000000e+92	
3.657277640111131988000000000000000000000e+91	
2.046676586810964854000000000000000000000e+92	
-3.471397069390202540000000000000000000000e+91	
1.334163886978914794000000000000000000000e+92	
-1.059652406771070314000000000000000000000e+92	
6.220057817068204960000000000000000000000e+91	
-1.771810512043164612000000000000000000000e+92	
-8.979790547557916098000000000000000000000e+90	
1.540714839034972988000000000000000000000e+92	
-8.531014547150121195000000000000000000000e+91	
7.777911613209443438000000000000000000000e+91	
-1.616025132429040764000000000000000000000e+92	
1.524716608252934766000000000000000000000e+90	
1.595044854349716497000000000000000000000e+92	
-7.987714394002686103000000000000000000000e+91	
9.244038133321872188000000000000000000000e+91	
-1.469412480417797889000000000000000000000e+92	
2.540965287022761158000000000000000000000e+91	
1.926085024345901227000000000000000000000e+92	
-4.677312694040838803000000000000000000000e+91	
1.204616456623074844000000000000000000000e+92	
-1.189199837126910264000000000000000000000e+92	
4.835069405064214692000000000000000000000e+91	
-1.910309353243563638000000000000000000000e+92	
-2.372437026924477515000000000000000000000e+91	
1.384326538412700978000000000000000000000e+92	
-1.009489755337284129500000000000000000000e+92	
6.255976180967800330000000000000000000000e+91	
-1.768218675653205075000000000000000000000e+92	
-1.327537073388132969000000000000000000000e+91	
1.451234564174837796000000000000000000000e+92	
-9.425817295751473116000000000000000000000e+91	
7.719220252381046902000000000000000000000e+91	
-1.621894268511880417000000000000000000000e+92	
9.294755821345581677000000000000000000000e+90	
1.756273184839112886000000000000000000000e+92	
-6.375431089108722218000000000000000000000e+91	
1.026146059328459172300000000000000000000e+92	
-1.367670234421525935000000000000000000000e+92	
2.963822945085597956000000000000000000000e+91	
1.908943899532227866000000000000000000000e+92	
-4.848723942177572412000000000000000000000e+91	
1.168565880893047858000000000000000000000e+92	
-1.225250412856937249000000000000000000000e+92	
4.285563244830777459000000000000000000000e+91	
-1.965259969266907362000000000000000000000e+92	
-3.110849530694352223000000000000000000000e+91	
1.291604054940709751000000000000000000000e+92	
-1.102212238809275357000000000000000000000e+92	
5.729443716845309400000000000000000000000e+91	
-1.820871922065454168000000000000000000000e+92	
-1.453576578565602406000000000000000000000e+91	
1.478659978310427212000000000000000000000e+92	
-9.151563154395578960000000000000000000000e+91	
7.146262796553479715000000000000000000000e+91	
-1.679190014094637136000000000000000000000e+92	
-4.902718410254321929000000000000000000000e+90	
1.529661587791819585000000000000000000000e+92	
-8.641547059581655227000000000000000000000e+91	
8.614546715265280318000000000000000000000e+91	
-1.532361622223457076000000000000000000000e+92	
1.935803002635758979000000000000000000000e+91	
1.868000498491748971000000000000000000000e+92	
-5.258157952582361362000000000000000000000e+91	
1.148962423173626522000000000000000000000e+92	
-1.244853870576358586000000000000000000000e+92	
4.302821898841007116000000000000000000000e+91	
-1.963534103865884396000000000000000000000e+92	
-2.880403794632492712000000000000000000000e+91	
1.335956727119477066000000000000000000000e+92	
-1.057859566630508041300000000000000000000e+92	
5.721588640213070356000000000000000000000e+91	
-1.821657429728678072000000000000000000000e+92	
-1.912588815474151693000000000000000000000e+91	
1.387665491226786269000000000000000000000e+92	
-1.006150802523198838200000000000000000000e+92	
7.191515998866814610000000000000000000000e+91	
-1.674664693863303647000000000000000000000e+92	
5.097040632049690455000000000000000000000e+90	
1.725083934940989013000000000000000000000e+92	
-6.687323588089960946000000000000000000000e+91	
1.005739342634745023800000000000000000000e+92	
-1.388076951115240084000000000000000000000e+92	
2.867527449007038567000000000000000000000e+91	
1.910086153562222261000000000000000000000e+92	
-4.837301401877628462000000000000000000000e+91	
1.146918289471933510000000000000000000000e+92	
-1.246898004278051598000000000000000000000e+92	
3.841302293809321632000000000000000000000e+91	
-2.009686064369052944000000000000000000000e+92	
-3.782782157269663961000000000000000000000e+91	
1.201654955211814720000000000000000000000e+92	
-1.192161338538170388000000000000000000000e+92	
5.312576939770920863000000000000000000000e+91	
-1.862558599772893021000000000000000000000e+92	
-1.388059321913377159000000000000000000000e+91	
1.533426100652821979000000000000000000000e+92	
-8.603901930971631286000000000000000000000e+91	
8.122009489299302456000000000000000000000e+91	
-1.581615344820054862000000000000000000000e+92	
9.133472767292971458000000000000000000000e+90	
1.712789448239413588000000000000000000000e+92	
-6.810268455105715193000000000000000000000e+91	
9.538620570836948371000000000000000000000e+91	
-1.439954236666290270000000000000000000000e+92	
1.953123595808307840000000000000000000000e+91	
1.779102357750582758000000000000000000000e+92	
-6.147139359994023498000000000000000000000e+91	
1.099767218179778555000000000000000000000e+92	
-1.294049075570206552000000000000000000000e+92	
4.207701617686644398000000000000000000000e+91	
2.084073210249864732000000000000000000000e+92	
-3.097430835001203761000000000000000000000e+91	
1.353923517831167342000000000000000000000e+92	
-1.039892775918817765200000000000000000000e+92	
6.241371973340455021000000000000000000000e+91	
-1.769679096415939606000000000000000000000e+92	
-1.052859320799710016300000000000000000000e+91	
1.507616138826339322000000000000000000000e+92	
-8.862001549236457855000000000000000000000e+91	
7.670589499023248169000000000000000000000e+91	
-1.626757343847660291000000000000000000000e+92	
2.687031237478403331000000000000000000000e+90	
1.629012232813283836000000000000000000000e+92	
-7.648040609367012716000000000000000000000e+91	
9.110550202622950948000000000000000000000e+91	
-1.482761273487690013000000000000000000000e+92	
1.934551118294105834000000000000000000000e+91	
1.818174519681603839000000000000000000000e+92	
-5.756417740683812682000000000000000000000e+91	
1.052198425683337420000000000000000000000e+92	
-1.341617868066647688000000000000000000000e+92	
2.866035332496911110000000000000000000000e+91	
1.863351842654651781000000000000000000000e+92	
-5.304644510953333268000000000000000000000e+91	
1.198800166302489133000000000000000000000e+92	
-1.195016127447495975000000000000000000000e+92	
5.345792158578074865000000000000000000000e+91	
-1.859237077892177621000000000000000000000e+92	
-1.293111732709965912000000000000000000000e+91	
1.549091024392080566000000000000000000000e+92	
-8.447252693579045411000000000000000000000e+91	
8.340329667963428336000000000000000000000e+91	
-1.559783326953642274000000000000000000000e+92	
1.193307705029165969000000000000000000000e+91	
1.746946448396819219000000000000000000000e+92	
-6.468698453531658890000000000000000000000e+91	
9.811271458426340678000000000000000000000e+91	
-1.412689147907351040000000000000000000000e+92	
2.156889668230310885000000000000000000000e+91	
1.792593911650829763000000000000000000000e+92	
-6.012223820991553444000000000000000000000e+91	
1.127806266609093500000000000000000000000e+92	
-1.266010027140891608000000000000000000000e+92	
4.633494649088344054000000000000000000000e+91	
-1.930466828841150702000000000000000000000e+92	
-2.007766580999935363000000000000000000000e+91	
1.477389923000198259000000000000000000000e+92	
-9.164263707497868486000000000000000000000e+91	
7.620963661003292674000000000000000000000e+91	
-1.631719927649655840000000000000000000000e+92	
4.715878770317013642000000000000000000000e+90	
1.674539200635410569000000000000000000000e+92	
-7.192770931145745388000000000000000000000e+91	
9.084847502033369586000000000000000000000e+91	
-1.485331543546648149000000000000000000000e+92	
1.428115403313503551000000000000000000000e+91	
1.719481571274030583000000000000000000000e+92	
-6.743347224759545247000000000000000000000e+91	
1.055289474676258340000000000000000000000e+92	
-1.338526819073726768000000000000000000000e+92	
3.914279250347362791000000000000000000000e+91	
2.069858947832613597000000000000000000000e+92	
-3.239573459173715108000000000000000000000e+91	
1.354829701026337381000000000000000000000e+92	
-1.038986592723647726500000000000000000000e+92	
6.401563011841731797000000000000000000000e+91	
-1.753659992565811928000000000000000000000e+92	
-7.416142878742028578000000000000000000000e+90	
1.553838524091842288000000000000000000000e+92	
-8.399777696581428192000000000000000000000e+91	
7.884033052817676328000000000000000000000e+91	
-1.605412988468217475000000000000000000000e+92	
2.334901886020013080000000000000000000000e+90	
1.600637665235085940000000000000000000000e+92	
-7.931786285148991678000000000000000000000e+91	
9.352970908788731043000000000000000000000e+91	
-1.458519202871112003000000000000000000000e+92	
2.702876350392002956000000000000000000000e+91	
1.947571322914769970000000000000000000000e+92	
-4.462449708352151380000000000000000000000e+91	
1.231395312177723450000000000000000000000e+92	
-1.162420981572261658000000000000000000000e+92	
5.155757191121623662000000000000000000000e+91	
-1.878240574637822742000000000000000000000e+92	
-1.998876336594772133000000000000000000000e+91	
1.426967266559208630000000000000000000000e+92	
-9.668490271907764781000000000000000000000e+91	
6.603875649442867948000000000000000000000e+91	
-1.733428728805698313000000000000000000000e+92	
-1.058106347099977663900000000000000000000e+91	
1.470334667720844385000000000000000000000e+92	
-9.234816260291407228000000000000000000000e+91	
8.075885814939032995000000000000000000000e+91	
-1.586227712256081808000000000000000000000e+92	
1.451723225905503131000000000000000000000e+91	
1.825047916852072317000000000000000000000e+92	
-5.687683768979127902000000000000000000000e+91	
1.111462522592875775000000000000000000000e+92	
-1.282353771157109332000000000000000000000e+92	
3.982322567390081589000000000000000000000e+91	
-1.995584037010976949000000000000000000000e+92	
-3.146430574454684962000000000000000000000e+91	
1.314798593377156977000000000000000000000e+92	
-1.079017700372828131000000000000000000000e+92	
5.508043550239385629000000000000000000000e+91	
-1.843011938726046545000000000000000000000e+92	
-2.128096680702092632000000000000000000000e+91	
1.365918524859552007000000000000000000000e+92	
-1.027897768890433100200000000000000000000e+92	
6.978489831181553884000000000000000000000e+91	
-1.695967310631829719000000000000000000000e+92	
3.011191801223402490000000000000000000000e+90	
1.704669354064598342000000000000000000000e+92	
-6.891469396853867653000000000000000000000e+91	
9.857684482718334309000000000000000000000e+91	
-1.408047845478151677000000000000000000000e+92	
2.672253162428227995000000000000000000000e+91	
1.891001969910811916000000000000000000000e+92	
-5.028143238391731910000000000000000000000e+91	
1.126922129034259077000000000000000000000e+92	
-1.266894164715726030000000000000000000000e+92	
3.632225460183877320000000000000000000000e+91	
-2.030593747731597376000000000000000000000e+92	
-4.000969683788586028000000000000000000000e+91	
1.178925586680336836000000000000000000000e+92	
-1.214890707069648272000000000000000000000e+92	
5.104854258266749282000000000000000000000e+91	
-1.883330867923310179000000000000000000000e+92	
-1.576220739463489365000000000000000000000e+91	
1.516565111792283225000000000000000000000e+92	
-8.772511819577018829000000000000000000000e+91	
7.972941399474100878000000000000000000000e+91	
-1.596522153802575020000000000000000000000e+92	
7.838112603621390572000000000000000000000e+90	
1.701788081900285498000000000000000000000e+92	
-6.920282118496996096000000000000000000000e+91	
9.387454693669753226000000000000000000000e+91	
-1.455070824383009785000000000000000000000e+92	
1.760825984992979847000000000000000000000e+91	
1.755761470297784475000000000000000000000e+92	
-6.380548234522006329000000000000000000000e+91	
1.085155100387279951000000000000000000000e+92	
-1.308661193362705157000000000000000000000e+92	
4.148824696097028737000000000000000000000e+91	
2.086905601859559581000000000000000000000e+92	
-3.069106918904255262000000000000000000000e+91	
1.365471653505444295000000000000000000000e+92	
-1.028344640244540812600000000000000000000e+92	
6.443967395285602658000000000000000000000e+91	
-1.749419554221424842000000000000000000000e+92	
-7.631931875090695824000000000000000000000e+90	
1.545285490061845903000000000000000000000e+92	
-8.485308036881392048000000000000000000000e+91	
7.862664219915426792000000000000000000000e+91	
-1.607549871758442428000000000000000000000e+92	
2.762509319873429200000000000000000000000e+90	
1.611323505680475241000000000000000000000e+92	
-7.824927880695098664000000000000000000000e+91	
9.324083334842451491000000000000000000000e+91	
-1.461407960265739958000000000000000000000e+92	
2.538310354435054242000000000000000000000e+91	
1.917553633394895263000000000000000000000e+92	
-4.762626603550898448000000000000000000000e+91	
1.187823281650165925000000000000000000000e+92	
-1.205993012099819182000000000000000000000e+92	
4.584560931347013046000000000000000000000e+91	
-1.935360200615283803000000000000000000000e+92	
-2.705481128861093871000000000000000000000e+91	
1.342772672928763239000000000000000000000e+92	
-1.051043620821221868700000000000000000000e+92	
6.015519264584115860000000000000000000000e+91	
-1.792264367291573522000000000000000000000e+92	
-1.392999383843054658000000000000000000000e+91	
1.462179084805833788000000000000000000000e+92	
-9.316372089441513191000000000000000000000e+91	
7.458492035839709884000000000000000000000e+91	
-1.647967090166014119000000000000000000000e+92	
2.987581660996435817000000000000000000000e+90	
1.656220936453834803000000000000000000000e+92	
-7.375953572961503046000000000000000000000e+91	
8.891317081653261328000000000000000000000e+91	
-1.504684585584658975000000000000000000000e+92	
1.224242354124253413000000000000000000000e+91	
1.698060518193425280000000000000000000000e+92	
-6.957557755565598276000000000000000000000e+91	
1.036084250683493626100000000000000000000e+92	
-1.357732043066491482000000000000000000000e+92	
3.744374273832354465000000000000000000000e+91	
2.055082074324601756000000000000000000000e+92	
-3.387342194253833520000000000000000000000e+91	
1.342265350012567610000000000000000000000e+92	
-1.051550943737417497100000000000000000000e+92	
6.298033715636544170000000000000000000000e+91	
-1.764012922186330691000000000000000000000e+92	
-8.230403756769796232000000000000000000000e+90	
1.547905136146506832000000000000000000000e+92	
-8.459111576034782751000000000000000000000e+91	
7.846780387135121608000000000000000000000e+91	
-1.609138255036472947000000000000000000000e+92	
2.183077475832663396000000000000000000000e+90	
1.601325345235789684000000000000000000000e+92	
-7.924909485141954237000000000000000000000e+91	
9.313170976436221961000000000000000000000e+91	
-1.462499196106362912000000000000000000000e+92	
2.616422915182208127000000000000000000000e+91	
1.934262950902230771000000000000000000000e+92	
-4.595533428477543369000000000000000000000e+91	
1.213426232312310794000000000000000000000e+92	
-1.180390061437674314000000000000000000000e+92	
4.929482508776565544000000000000000000000e+91	
-1.900868042872328553000000000000000000000e+92	
-2.271711719336292417000000000000000000000e+91	
1.395029975421100893000000000000000000000e+92	
-9.987863183288842144000000000000000000000e+91	
6.349519091940273860000000000000000000000e+91	
-1.758864384555957722000000000000000000000e+92	
-1.247478907263694823000000000000000000000e+91	
1.457892577394680074000000000000000000000e+92	
-9.359237163553050332000000000000000000000e+91	
7.814224090737424652000000000000000000000e+91	
-1.612393884676242642000000000000000000000e+92	
1.052888981088284849300000000000000000000e+91	
1.771454066942139272000000000000000000000e+92	
-6.223622268078458356000000000000000000000e+91	
1.044165070490686390000000000000000000000e+92	
-1.349651223259298718000000000000000000000e+92	
3.172380222848126861000000000000000000000e+91	
1.932634932180259886000000000000000000000e+92	
-4.611813615697252216000000000000000000000e+91	
1.186226737876666797000000000000000000000e+92	
-1.207589555873318311000000000000000000000e+92	
4.401900068259652466000000000000000000000e+91	
-1.953626286924019861000000000000000000000e+92	
-3.054754458371087786000000000000000000000e+91	
1.291192385099875615000000000000000000000e+92	
-1.102623908650109493000000000000000000000e+92	
5.852713670947025380000000000000000000000e+91	
-1.808544926655282570000000000000000000000e+92	
-1.202983368176801951000000000000000000000e+91	
1.516445288510743396000000000000000000000e+92	
-8.773710052392417119000000000000000000000e+91	
7.597493907064300870000000000000000000000e+91	
-1.634066903043555021000000000000000000000e+92	
3.430076012797442182000000000000000000000e+89	
1.589449347002287353000000000000000000000e+92	
-8.043669467476977544000000000000000000000e+91	
9.056537716279080740000000000000000000000e+91	
-1.488162522122077034000000000000000000000e+92	
2.221984992280673528000000000000000000000e+91	
1.881045550430659451000000000000000000000e+92	
-5.127707433193256566000000000000000000000e+91	
1.146442078339292234000000000000000000000e+92	
-1.247374215410692874000000000000000000000e+92	
4.122041946718080272000000000000000000000e+91	
-1.981612099078177080000000000000000000000e+92	
-3.216682825133454288000000000000000000000e+91	
1.286786654918521321000000000000000000000e+92	
-1.107029638831463787000000000000000000000e+92	
5.559353462224018502000000000000000000000e+91	
-1.837880947527583258000000000000000000000e+92	
-1.745522413803796444000000000000000000000e+91	
1.437285901083629160000000000000000000000e+92	
-9.565303926663559481000000000000000000000e+91	
6.990743325379319425000000000000000000000e+91	
-1.694741961212053165000000000000000000000e+92	
-3.876985195080162442000000000000000000000e+90	
1.565715354767942762000000000000000000000e+92	
-8.281009389820423459000000000000000000000e+91	
8.428861414202546716000000000000000000000e+91	
-1.550930152329730436000000000000000000000e+92	
1.204166568281247834000000000000000000000e+91	
1.740268911951863352000000000000000000000e+92	
-6.535473817981217554000000000000000000000e+91	
9.846945689167244247000000000000000000000e+91	
-1.409121724833260683000000000000000000000e+92	
2.294962508306784446000000000000000000000e+91	
1.816635960543946157000000000000000000000e+92	
-5.771803332060389504000000000000000000000e+91	
1.130163727819165650000000000000000000000e+92	
-1.263652565930819458000000000000000000000e+92	
4.440331301548439912000000000000000000000e+91	
-1.949783163595141116000000000000000000000e+92	
-2.417560024697555182000000000000000000000e+91	
1.414758349994939240000000000000000000000e+92	
-9.790579437550458670000000000000000000000e+91	
6.778233400745014441000000000000000000000e+91	
-1.715992953675483664000000000000000000000e+92	
-5.874492109097381529000000000000000000000e+90	
1.547015573965197197000000000000000000000e+92	
-8.468007197847879109000000000000000000000e+91	
8.215136350289902896000000000000000000000e+91	
-1.572302658720994818000000000000000000000e+92	
9.637275497755070289000000000000000000000e+90	
1.713554944109226449000000000000000000000e+92	
-6.802613496407586584000000000000000000000e+91	
9.636652811460593353000000000000000000000e+91	
-1.430151012603925772000000000000000000000e+92	
2.141488140503004918000000000000000000000e+91	
1.806967547080114467000000000000000000000e+92	
-5.868487466698706404000000000000000000000e+91	
1.108494083788812606000000000000000000000e+92	
-1.285322209961172501000000000000000000000e+92	
4.103682281828400380000000000000000000000e+91	
-1.983448065567145070000000000000000000000e+92	
-2.874101927309222894000000000000000000000e+91	
1.357120838126194635000000000000000000000e+92	
-1.036695455623790472200000000000000000000e+92	
6.082084703103392566000000000000000000000e+91	
-1.785607823439645851000000000000000000000e+92	
-1.403311880063402692000000000000000000000e+91	
1.453463867676369785000000000000000000000e+92	
-9.403524260736153230000000000000000000000e+91	
7.534015660269315774000000000000000000000e+91	
-1.640414727723053530000000000000000000000e+92	
5.368766277636176692000000000000000000000e+90	
1.696284174523723162000000000000000000000e+92	
-6.975321192262619451000000000000000000000e+91	
9.454382503457974066000000000000000000000e+91	
-1.448378043404187701000000000000000000000e+92	
1.949659979356043856000000000000000000000e+91	
1.786829421314467509000000000000000000000e+92	
-6.069868724355175988000000000000000000000e+91	
1.090404116654517368000000000000000000000e+92	
-1.303412177095467740000000000000000000000e+92	
3.943254003774916000000000000000000000000e+91	
2.040555289983239335000000000000000000000e+92	
-3.532610037667457727000000000000000000000e+91	
1.293340935448880710000000000000000000000e+92	
-1.100475358301104397000000000000000000000e+92	
5.464984453673254134000000000000000000000e+91	
-1.847317848382659694000000000000000000000e+92	
-1.999723653263549214000000000000000000000e+91	
1.395890508380705828000000000000000000000e+92	
-9.979257853692792791000000000000000000000e+91	
6.915312563023575782000000000000000000000e+91	
-1.702285037447627529000000000000000000000e+92	
-1.247745892366462399000000000000000000000e+90	
1.625826378237462439000000000000000000000e+92	
-7.679899155125226687000000000000000000000e+91	
8.706899157988114346000000000000000000000e+91	
-1.523126377951173673000000000000000000000e+92	
1.159292603902215760000000000000000000000e+91	
1.703506414970365058000000000000000000000e+92	
-6.903098787796200490000000000000000000000e+91	
1.016261275581920608400000000000000000000e+92	
-1.377555018168064499000000000000000000000e+92	
3.293581559046208186000000000000000000000e+91	
1.984759075711994388000000000000000000000e+92	
-4.090572180379907192000000000000000000000e+91	
1.246711187253711184000000000000000000000e+92	
-1.147105106496273924000000000000000000000e+92	
5.090306013940978826000000000000000000000e+91	
-1.884785692355887225000000000000000000000e+92	
-2.282828646614864397000000000000000000000e+91	
1.376732796368982517000000000000000000000e+92	
-1.017083497381002591000000000000000000000e+92	
6.530361813063289318000000000000000000000e+91	
-1.740780112443656176000000000000000000000e+92	
-7.030027332294558452000000000000000000000e+90	
1.548685443226636975000000000000000000000e+92	
-8.451308505233481323000000000000000000000e+91	
7.952026156347523820000000000000000000000e+91	
-1.598613678115232726000000000000000000000e+92	
4.209477211227026300000000000000000000000e+90	
1.631323916027423775000000000000000000000e+92	
-7.624923777225613324000000000000000000000e+91	
9.406812304523953578000000000000000000000e+91	
-1.453135063297589750000000000000000000000e+92	
2.503822554375237344000000000000000000000e+91	
1.902389009914857386000000000000000000000e+92	
-4.914272838351277217000000000000000000000e+91	
1.160948645293003390000000000000000000000e+92	
-1.232867648456981717000000000000000000000e+92	
4.198772715956456744000000000000000000000e+91	
-1.973939022154339433000000000000000000000e+92	
-3.208252948120825874000000000000000000000e+91	
1.280802952512036172000000000000000000000e+92	
-1.113013341237948936000000000000000000000e+92	
5.644019260463881453000000000000000000000e+91	
-1.829414367703596962000000000000000000000e+92	
-1.516425707647131691000000000000000000000e+91	
1.474631474631131894000000000000000000000e+92	
-9.191848191188532140000000000000000000000e+91	
7.074712072660557454000000000000000000000e+91	
-1.686345086483929362000000000000000000000e+92	
-5.930726920955907016000000000000000000000e+90	
1.516258045184986848000000000000000000000e+92	
-8.775582485649982592000000000000000000000e+91	
8.546770358760486059000000000000000000000e+91	
-1.539139257873936502000000000000000000000e+92	
1.934252740695427548000000000000000000000e+91	
1.874464785895314415000000000000000000000e+92	
-5.193515078546706922000000000000000000000e+91	
1.162042729956184987000000000000000000000e+92	
-1.231773563793800121000000000000000000000e+92	
4.499752234664730046000000000000000000000e+91	
-1.943841070283512103000000000000000000000e+92	
-2.617379100216325920000000000000000000000e+91	
1.368865343117565001000000000000000000000e+92	
-1.024950950632420107000000000000000000000e+92	
6.060321289889597949000000000000000000000e+91	
-1.787784164761025313000000000000000000000e+92	
-1.564214476848364193000000000000000000000e+91	
1.423466614148570046000000000000000000000e+92	
-9.703496796014150616000000000000000000000e+91	
7.528657189769376704000000000000000000000e+91	
-1.640950574773047437000000000000000000000e+92	
8.259856021363214464000000000000000000000e+90	
1.754627161754515153000000000000000000000e+92	
-6.391891319954699544000000000000000000000e+91	
1.033198679969536553100000000000000000000e+92	
-1.360617613780448554000000000000000000000e+92	
3.121292298412549420000000000000000000000e+91	
1.933380822676903227000000000000000000000e+92	
-4.604354710730818806000000000000000000000e+91	
1.174585739411901067000000000000000000000e+92	
-1.219230554338084040000000000000000000000e+92	
4.161682839543895566000000000000000000000e+91	
-1.977648009795595551000000000000000000000e+92	
-3.418717316287957226000000000000000000000e+91	
1.242427694808403885000000000000000000000e+92	
-1.151388598941581222000000000000000000000e+92	
5.627384220600537920000000000000000000000e+91	
-1.831077871689931316000000000000000000000e+92	
-1.166125912879608065000000000000000000000e+91	
1.546336676409275376000000000000000000000e+92	
-8.474796173407097316000000000000000000000e+91	
8.158333792718846398000000000000000000000e+91	
-1.577982914478100468000000000000000000000e+92	
8.569363003371831448000000000000000000000e+90	
1.697879437754421748000000000000000000000e+92	
-6.959368559955633594000000000000000000000e+91	
9.585810119888425077000000000000000000000e+91	
-1.435235281761142600000000000000000000000e+92	
2.196505111739650026000000000000000000000e+91	
1.823049942191117903000000000000000000000e+92	
-5.707663515588672048000000000000000000000e+91	
1.102170783777861998000000000000000000000e+92	
-1.291645509972123109000000000000000000000e+92	
3.816503836408007871000000000000000000000e+91	
2.003450753223221145000000000000000000000e+92	
-3.903655405267639630000000000000000000000e+91	
1.243400230490807626000000000000000000000e+92	
-1.150416063259177482000000000000000000000e+92	
4.837279603575629834000000000000000000000e+91	
-1.910088333392422124000000000000000000000e+92	
-2.755662454206157222000000000000000000000e+91	
1.307479614991546512000000000000000000000e+92	
-1.086336678758438596000000000000000000000e+92	
6.303546174256760896000000000000000000000e+91	
-1.763461676324309018000000000000000000000e+92	
-4.643339689680357509000000000000000000000e+90	
1.619077594304125335000000000000000000000e+92	
-7.747386994458597727000000000000000000000e+91	
8.911347457833709584000000000000000000000e+91	
-1.502681547966614149000000000000000000000e+92	
1.635541709092546408000000000000000000000e+91	
1.778297879375576213000000000000000000000e+92	
-6.155184143744088948000000000000000000000e+91	
1.033479656141254054200000000000000000000e+92	
-1.360336637608731053000000000000000000000e+92	
2.890321048825710965000000000000000000000e+91	
1.886917231113750050000000000000000000000e+92	
-5.068990626362350576000000000000000000000e+91	
1.177617757387075203000000000000000000000e+92	
-1.216198536362909904000000000000000000000e+92	
4.686712791014952020000000000000000000000e+91	
-1.925145014648489906000000000000000000000e+92	
-2.399223794174210187000000000000000000000e+91	
1.393798796229017174000000000000000000000e+92	
-1.000017497520967933700000000000000000000e+92	
6.340819529183149284000000000000000000000e+91	
-1.759734340831670179000000000000000000000e+92	
-1.252568038546901275000000000000000000000e+91	
1.457744527734236234000000000000000000000e+92	
-9.360717660157488731000000000000000000000e+91	
7.805111337742521537000000000000000000000e+91	
-1.613305159975732954000000000000000000000e+92	
1.036147770030441052700000000000000000000e+91	
1.769017479673781773000000000000000000000e+92	
-6.247988140762033344000000000000000000000e+91	
1.040966396514540795600000000000000000000e+92	
-1.352849897235444312000000000000000000000e+92	
3.132776408668218855000000000000000000000e+91	
1.927913222397618137000000000000000000000e+92	
-4.659030713523669709000000000000000000000e+91	
1.183122023654078968000000000000000000000e+92	
-1.210694270095906139000000000000000000000e+92	
4.387014834369628631000000000000000000000e+91	
-1.955114810313022244000000000000000000000e+92	
-3.053485827185087250000000000000000000000e+91	
1.292933830800382850000000000000000000000e+92	
-1.100882462949602258000000000000000000000e+92	
5.835947322289412650000000000000000000000e+91	
-1.810221561521043842000000000000000000000e+92	
-1.253913511813998472000000000000000000000e+91	
1.507937594870808818000000000000000000000e+92	
-8.858786988791762898000000000000000000000e+91	
7.478287171658788446000000000000000000000e+91	
-1.645987576584106263000000000000000000000e+92	
-1.190187889849706986000000000000000000000e+90	
1.570707808404819583000000000000000000000e+92	
-8.231084853451655250000000000000000000000e+91	
8.941506517918891264000000000000000000000e+91	
-1.499665641958095981000000000000000000000e+92	
2.179301958262459670000000000000000000000e+91	
1.884008462928546388000000000000000000000e+92	
-5.098078308214387196000000000000000000000e+91	
1.156632607994268098000000000000000000000e+92	
-1.237183685755717010000000000000000000000e+92	
4.296187445322308000000000000000000000000e+91	
-1.964197549217754308000000000000000000000e+92	
-2.970333076090305420000000000000000000000e+91	
1.318638461494368863000000000000000000000e+92	
-1.075177832255616244000000000000000000000e+92	
5.724766285081156756000000000000000000000e+91	
-1.821339665241869432000000000000000000000e+92	
-1.733138638313169696000000000000000000000e+91	
1.423228989657517595000000000000000000000e+92	
-9.705873040924675127000000000000000000000e+91	
7.173943453595879313000000000000000000000e+91	
-1.676421948390397176000000000000000000000e+92	
1.191097216904395779000000000000000000000e+90	
1.648740885255293953000000000000000000000e+92	
-7.450754084946911544000000000000000000000e+91	
8.921312322661771508000000000000000000000e+91	
-1.501685061483807957000000000000000000000e+92	
1.358981194664817022000000000000000000000e+91	
1.722003549450009955000000000000000000000e+92	
-6.718127442999751522000000000000000000000e+91	
1.037846979897666081500000000000000000000e+92	
-1.355969313852319026000000000000000000000e+92	
3.540308929750047224000000000000000000000e+91	
2.012517309220511857000000000000000000000e+92	
-3.812989845294732509000000000000000000000e+91	
1.277553381648431068000000000000000000000e+92	
-1.116262912101554040000000000000000000000e+92	
5.429552218872846904000000000000000000000e+91	
-1.850861071862700417000000000000000000000e+92	
-1.912773520937540782000000000000000000000e+91	
1.416817667750772806000000000000000000000e+92	
-9.769986259992123013000000000000000000000e+91	
6.865524648287349007000000000000000000000e+91	
-1.707263828921250207000000000000000000000e+92	
-4.334930868588036616000000000000000000000e+90	
1.569074356325542370000000000000000000000e+92	
-8.247419374244427374000000000000000000000e+91	
8.294463967290756805000000000000000000000e+91	
-1.564369897020909427000000000000000000000e+92	
9.018652608165628459000000000000000000000e+90	
1.693256751182995640000000000000000000000e+92	
-7.005595425669894671000000000000000000000e+91	
9.732490426074021733000000000000000000000e+91	
-1.420567251142582934000000000000000000000e+92	
2.535996586155631576000000000000000000000e+91	
1.876270610866599607000000000000000000000e+92	
-5.175456828833855006000000000000000000000e+91	
1.114549800303988134000000000000000000000e+92	
-1.279266493445996974000000000000000000000e+92	
3.532080735888562559000000000000000000000e+91	
1.934207432049109885000000000000000000000e+92	
-4.596088617008752226000000000000000000000e+91	
1.260566909195109640000000000000000000000e+92	
-1.133249384554875468000000000000000000000e+92	
5.872616354739678648000000000000000000000e+91	
-1.806554658276017243000000000000000000000e+92	
-8.570855595698164179000000000000000000000e+90	
1.583618358128321438000000000000000000000e+92	
-8.101979356216636696000000000000000000000e+91	
8.594895334303584969000000000000000000000e+91	
-1.534326760319626611000000000000000000000e+92	
1.357210842625514125000000000000000000000e+91	
1.754275021263331880000000000000000000000e+92	
-6.395412724866532280000000000000000000000e+91	
1.001428452904879988800000000000000000000e+92	
-1.392387840845105119000000000000000000000e+92	
2.489565519701580664000000000000000000000e+91	
1.838821321984983908000000000000000000000e+92	
-5.549949717650011994000000000000000000000e+91	
1.146554171730712778000000000000000000000e+92	
-1.247262122019272330000000000000000000000e+92	
4.546315404802071970000000000000000000000e+91	
-1.939184753269777911000000000000000000000e+92	
-2.369467432225150860000000000000000000000e+91	
1.413781339237586065000000000000000000000e+92	
-9.800349545123990422000000000000000000000e+91	
6.710629389522674401000000000000000000000e+91	
-1.722753354797717668000000000000000000000e+92	
-7.128583437147955666000000000000000000000e+90	
1.528697025300637533000000000000000000000e+92	
-8.651192684493475747000000000000000000000e+91	
8.154426701438767626000000000000000000000e+91	
-1.578373623606108345000000000000000000000e+92	
1.025432786449743324200000000000000000000e+91	
1.731960864135676090000000000000000000000e+92	
-6.618554296143090172000000000000000000000e+91	
9.679425724270727283000000000000000000000e+91	
-1.425873721322912379000000000000000000000e+92	
2.043045079481174551000000000000000000000e+91	
1.783008671457692145000000000000000000000e+92	
-6.108076222922929626000000000000000000000e+91	
1.114427610233069473000000000000000000000e+92	
-1.279388683516915635000000000000000000000e+92	
4.461792802106493005000000000000000000000e+91	
-1.947637013539335807000000000000000000000e+92	
-2.217364841991421369000000000000000000000e+91	
1.452642341482224375000000000000000000000e+92	
-9.411739522677607326000000000000000000000e+91	
7.335629142070755850000000000000000000000e+91	
-1.660253379542909523000000000000000000000e+92	
1.484134954005663386000000000000000000000e+90	
1.638439659370199518000000000000000000000e+92	
-7.553766343797855896000000000000000000000e+91	
8.750776391772692330000000000000000000000e+91	
-1.518738654572715875000000000000000000000e+92	
1.120955196088481949000000000000000000000e+91	
1.691455301586359107000000000000000000000e+92	
-7.023609921636260004000000000000000000000e+91	
1.021610685448408534700000000000000000000e+92	
-1.372205608301576573000000000000000000000e+92	
3.520994293431337621000000000000000000000e+91	
2.024883557353706968000000000000000000000e+92	
-3.689327363962781394000000000000000000000e+91	
1.304210226037294713000000000000000000000e+92	
-1.089606067712690395000000000000000000000e+92	
5.838955505635782144000000000000000000000e+91	
-1.809920743186406893000000000000000000000e+92	
-1.360606475588722230000000000000000000000e+91	
1.486303643253037065000000000000000000000e+92	
-9.075126504969480425000000000000000000000e+91	
7.257573760355026578000000000000000000000e+91	
-1.668058917714482450000000000000000000000e+92	
-3.441039186684333113000000000000000000000e+90	
1.547762341164808607000000000000000000000e+92	
-8.460539525851765004000000000000000000000e+91	
8.721605207685159205000000000000000000000e+91	
-1.521655772981469187000000000000000000000e+92	
1.968949255795282278000000000000000000000e+91	
1.863927578255112815000000000000000000000e+92	
-5.298887154948722928000000000000000000000e+91	
1.137505633927240574000000000000000000000e+92	
-1.256310659822744533000000000000000000000e+92	
4.114452063411080230000000000000000000000e+91	
-1.982371087408877085000000000000000000000e+92	
-3.142538844184926182000000000000000000000e+91	
1.302370371808463460000000000000000000000e+92	
-1.091445921941521647000000000000000000000e+92	
5.542154372223878313000000000000000000000e+91	
-1.839600856527597276000000000000000000000e+92	
-1.935671648145690484000000000000000000000e+91	
1.400984570385402180000000000000000000000e+92	
-9.928317233645829276000000000000000000000e+91	
6.993922311158201640000000000000000000000e+91	
-1.694424062634164944000000000000000000000e+92	
-1.850948304583280320000000000000000000000e+89	
1.639217048344305939000000000000000000000e+92	
-7.545992454056791690000000000000000000000e+91	
8.868433697605091973000000000000000000000e+91	
-1.506972923989475910000000000000000000000e+92	
1.348441232584736991000000000000000000000e+91	
1.725181312481139201000000000000000000000e+92	
-6.686349812688459066000000000000000000000e+91	
1.032067953792739427300000000000000000000e+92	
-1.361748339957245680000000000000000000000e+92	
3.392995352387141409000000000000000000000e+91	
1.988838075139192027000000000000000000000e+92	
-4.049782186107930803000000000000000000000e+91	
1.244930724291165480000000000000000000000e+92	
-1.148885569458819627000000000000000000000e+92	
5.013935921070079868000000000000000000000e+91	
-1.892422701642977121000000000000000000000e+92	
-2.417735056591528964000000000000000000000e+91	
1.357391436824197577000000000000000000000e+92	
-1.036424856925787530900000000000000000000e+92	
6.460983957734830801000000000000000000000e+91	
-1.747717897976502028000000000000000000000e+92	
-6.484065770206197051000000000000000000000e+90	
1.566536290215072298000000000000000000000e+92	
-8.272800035349128095000000000000000000000e+91	
8.044763858214997552000000000000000000000e+91	
-1.589339907928485352000000000000000000000e+92	
4.279573403145507191000000000000000000000e+90	
1.623456336088860447000000000000000000000e+92	
-7.703599576611246609000000000000000000000e+91	
9.509514498285695799000000000000000000000e+91	
-1.442864843921415528000000000000000000000e+92	
2.787812475314804818000000000000000000000e+91	
1.948907752621887501000000000000000000000e+92	
-4.449085411280976069000000000000000000000e+91	
1.225578120998407926000000000000000000000e+92	
-1.168238172751577182000000000000000000000e+92	
5.026084671725013978000000000000000000000e+91	
-1.891207826577483710000000000000000000000e+92	
-2.200013880051562462000000000000000000000e+91	
1.399710566390961305000000000000000000000e+92	
-9.941057273590238023000000000000000000000e+91	
6.448922053130166584000000000000000000000e+91	
-1.748924088436968449000000000000000000000e+92	
-1.095505070436410146000000000000000000000e+91	
1.478344432358445708000000000000000000000e+92	
-9.154718613915393993000000000000000000000e+91	
7.907305845646987544000000000000000000000e+91	
-1.603085709185286353000000000000000000000e+92	
1.034589399763615844700000000000000000000e+91	
1.758491518275644624000000000000000000000e+92	
-6.353247754743404832000000000000000000000e+91	
1.020075471620943467600000000000000000000e+92	
-1.373740822129041640000000000000000000000e+92	
2.820269107853571270000000000000000000000e+91	
1.886307842868755919000000000000000000000e+92	
-5.075084508812291882000000000000000000000e+91	
1.163478534088448347000000000000000000000e+92	
-1.230337759661536760000000000000000000000e+92	
4.410089541111928396000000000000000000000e+91	
-1.952807339638792268000000000000000000000e+92	
-2.811010760884184149000000000000000000000e+91	
1.339110454538996167000000000000000000000e+92	
-1.054705839210988941000000000000000000000e+92	
5.833169202284720637000000000000000000000e+91	
-1.810499373521513044000000000000000000000e+92	
-1.721004800485408700000000000000000000000e+91	
1.414820256503891306000000000000000000000e+92	
-9.789960372460938016000000000000000000000e+91	
7.293530334882882014000000000000000000000e+91	
-1.664463260261696906000000000000000000000e+92	
4.422694537226879110000000000000000000000e+90	
1.701404012369704616000000000000000000000e+92	
-6.924122813802804920000000000000000000000e+91	
9.651313871703872190000000000000000000000e+91	
-1.428684906579597889000000000000000000000e+92	
2.292251810785492958000000000000000000000e+91	
1.835647401724928234000000000000000000000e+92	
-5.581688920250568741000000000000000000000e+91	
1.108356391247157831000000000000000000000e+92	
-1.285459902502827276000000000000000000000e+92	
3.814273300172826164000000000000000000000e+91	
-2.012388963732702491000000000000000000000e+92	
-3.451399620951487886000000000000000000000e+91	
1.270616524854751645000000000000000000000e+92	
-1.123199768895233463000000000000000000000e+92	
5.243402139933431840000000000000000000000e+91	
-1.869476079756641924000000000000000000000e+92	
-2.215646992493034899000000000000000000000e+91	
1.374863790279905729000000000000000000000e+92	
-1.018952503470079378600000000000000000000e+92	
6.693362987357244540000000000000000000000e+91	
-1.724479995014260654000000000000000000000e+92	
-3.584007456107717175000000000000000000000e+90	
1.601296685634982796000000000000000000000e+92	
-7.925196081150023111000000000000000000000e+91	
8.449937270477790466000000000000000000000e+91	
-1.548822566702206061000000000000000000000e+92	
8.906715601809755157000000000000000000000e+90	
1.675478975215700560000000000000000000000e+92	
-7.183373185342845478000000000000000000000e+91	
9.907369517273239140000000000000000000000e+91	
-1.403079342022661194000000000000000000000e+92	
3.063357022301463452000000000000000000000e+91	
1.964237247117652320000000000000000000000e+92	
-4.295790466323327878000000000000000000000e+91	
1.228688739259156858000000000000000000000e+92	
-1.165127554490828250000000000000000000000e+92	
4.935062901383252337000000000000000000000e+91	
-1.900310003611659874000000000000000000000e+92	
-2.413102824204540483000000000000000000000e+91	
1.366201029483564446000000000000000000000e+92	
-1.027615264266420661800000000000000000000e+92	
6.372389362528049578000000000000000000000e+91	
-1.756577357497180150000000000000000000000e+92	
-9.136037608614118851000000000000000000000e+90	
1.522365101908086925000000000000000000000e+92	
-8.714511918418981829000000000000000000000e+91	
7.800460671268778104000000000000000000000e+91	
-1.613770226623107297000000000000000000000e+92	
3.809646055592641152000000000000000000000e+90	
1.638478288328437973000000000000000000000e+92	
-7.553380054215471348000000000000000000000e+91	
9.242318795533520323000000000000000000000e+91	
-1.469584414196633075000000000000000000000e+92	
2.103409281491720989000000000000000000000e+91	
1.838767447201938707000000000000000000000e+92	
-5.550488465480464004000000000000000000000e+91	
1.073758582277159107000000000000000000000e+92	
-1.320057711472826001000000000000000000000e+92	
3.091304375583269625000000000000000000000e+91	
1.886845013558985317000000000000000000000e+92	
-5.069712801909997908000000000000000000000e+91	
1.220217475049009395000000000000000000000e+92	
-1.173598818700975713000000000000000000000e+92	
5.539216955360701124000000000000000000000e+91	
-1.839894598213914995000000000000000000000e+92	
-1.120424900855707869000000000000000000000e+91	
1.564286943146209703000000000000000000000e+92	
-8.295293506037754044000000000000000000000e+91	
8.471571526670924338000000000000000000000e+91	
-1.546659141082892674000000000000000000000e+92	
1.303842545248360901000000000000000000000e+91	
1.755930261091344497000000000000000000000e+92	
-6.378860326586406109000000000000000000000e+91	
9.882893777279386808000000000000000000000e+91	
-1.405526916022046427000000000000000000000e+92	
2.210305244410554878000000000000000000000e+91	
1.796115701092357736000000000000000000000e+92	
-5.977005926576273720000000000000000000000e+91	
1.135173120986859201000000000000000000000e+92	
-1.258643172763125906000000000000000000000e+92	
4.745594706581966323000000000000000000000e+91	
-1.919256823091788475000000000000000000000e+92	
-1.857254135913572651000000000000000000000e+91	
1.496280494607631804000000000000000000000e+92	
-8.975357991423533034000000000000000000000e+91	
7.848243540974548589000000000000000000000e+91	
-1.608991939652530249000000000000000000000e+92	
7.372228233178107842000000000000000000000e+90	
1.704936293087724818000000000000000000000e+92	
-6.888800006622602894000000000000000000000e+91	
9.427135326215246935000000000000000000000e+91	
-1.451102761128460414000000000000000000000e+92	
1.808701058070603846000000000000000000000e+91	
1.761368013847918784000000000000000000000e+92	
-6.324482799020663232000000000000000000000e+91	
1.089021371384874538000000000000000000000e+92	
-1.304794922365110570000000000000000000000e+92	
4.170093341322051362000000000000000000000e+91	
2.087293925553397077000000000000000000000e+92	
-3.065223681965880308000000000000000000000e+91	
1.364122301586240692000000000000000000000e+92	
-1.029693992163744416000000000000000000000e+92	
6.413105767813498474000000000000000000000e+91	
-1.752505716968635260000000000000000000000e+92	
-8.114142797146594462000000000000000000000e+90	
1.538728298292435352000000000000000000000e+92	
-8.550879954575497554000000000000000000000e+91	
7.833887276562106939000000000000000000000e+91	
-1.610427566093774414000000000000000000000e+92	
2.842506513043768463000000000000000000000e+90	
1.615799313623484383000000000000000000000e+92	
-7.780169801265007244000000000000000000000e+91	
9.291016863810946473000000000000000000000e+91	
-1.464714607368890460000000000000000000000e+92	
2.427458063707360056000000000000000000000e+91	
1.898693693501541852000000000000000000000e+92	
-4.951226002484432556000000000000000000000e+91	
1.161192500158717850000000000000000000000e+92	
-1.232623793591267257000000000000000000000e+92	
4.240583373420610558000000000000000000000e+91	
-1.969757956407924052000000000000000000000e+92	
-3.127089776076679779000000000000000000000e+91	
1.292852562726888790000000000000000000000e+92	
-1.100963731023096317000000000000000000000e+92	
5.681142060556838178000000000000000000000e+91	
-1.825702087694301290000000000000000000000e+92	
-1.562634717409871414000000000000000000000e+91	
1.461681539824342803000000000000000000000e+92	
-9.321347539256423050000000000000000000000e+91	
7.105176829853803640000000000000000000000e+91	
-1.683298610764604744000000000000000000000e+92	
-4.027234386103166945000000000000000000000e+90	
1.551273463227686859000000000000000000000e+92	
-8.425428305222982483000000000000000000000e+91	
8.558376879454303600000000000000000000000e+91	
-1.537978605804554748000000000000000000000e+92	
1.607480085892841533000000000000000000000e+91	
1.807966442904176826000000000000000000000e+92	
-5.858498508458082810000000000000000000000e+91	
1.061740141112186972000000000000000000000e+92	
-1.332076152637798136000000000000000000000e+92	
3.158852120510599900000000000000000000000e+91	
1.912363660886275688000000000000000000000e+92	
-4.814526328637094192000000000000000000000e+91	
1.206005776685832846000000000000000000000e+92	
-1.187810517064152262000000000000000000000e+92	
4.999994239923768766000000000000000000000e+91	
-1.893816869757608231000000000000000000000e+92	
-2.056555721399704590000000000000000000000e+91	
1.431002803415671578000000000000000000000e+92	
-9.628134903343135295000000000000000000000e+91	
6.742216982646358139000000000000000000000e+91	
-1.719594595485349294000000000000000000000e+92	
-8.218278137077458628000000000000000000000e+90	
1.503751367060778293000000000000000000000e+92	
-8.900649266892068148000000000000000000000e+91	
8.202514178489961932000000000000000000000e+91	
-1.573564875900988914000000000000000000000e+92	
1.370916244881587924000000000000000000000e+91	
1.796234007679378874000000000000000000000e+92	
-5.975822860706062336000000000000000000000e+91	
1.061925720599446930000000000000000000000e+92	
-1.331890573150538178000000000000000000000e+92	
3.279828750393505700000000000000000000000e+91	
1.936367479116341830000000000000000000000e+92	
-4.574488146336432775000000000000000000000e+91	
1.204789146398950656000000000000000000000e+92	
-1.189027147351034452000000000000000000000e+92	
4.735748965912729799000000000000000000000e+91	
-1.920241397158712128000000000000000000000e+92	
-2.572754514989968508000000000000000000000e+91	
1.354200111011703219000000000000000000000e+92	
-1.039616182738281888400000000000000000000e+92	
6.168676220708026892000000000000000000000e+91	
-1.776948671679182418000000000000000000000e+92	
-1.200979203026633605000000000000000000000e+91	
1.485265491259543528000000000000000000000e+92	
-9.085508024904415798000000000000000000000e+91	
7.606868594043070081000000000000000000000e+91	
-1.633129434345678100000000000000000000000e+92	
3.646882693372242956000000000000000000000e+90	
1.654573404374815312000000000000000000000e+92	
-7.392428893751697952000000000000000000000e+91	
9.028119051609509454000000000000000000000e+91	
-1.491004388589034162000000000000000000000e+92	
1.514245333669458778000000000000000000000e+91	
1.742373292787360055000000000000000000000e+92	
-6.514430009626250526000000000000000000000e+91	
1.047942946217947852600000000000000000000e+92	
-1.345873347532037255000000000000000000000e+92	
3.538581952052457359000000000000000000000e+91	
2.002081057743200706000000000000000000000e+92	
-3.917352360067844012000000000000000000000e+91	
1.256858684302784425000000000000000000000e+92	
-1.136957609447200682000000000000000000000e+92	
5.120071839705126244000000000000000000000e+91	
-1.881809109779472483000000000000000000000e+92	
-2.324736278251833652000000000000000000000e+91	
1.365378254421678244000000000000000000000e+92	
-1.028438039328306863400000000000000000000e+92	
6.568522914481859406000000000000000000000e+91	
-1.736964002301799167000000000000000000000e+92	
-5.132106103553267223000000000000000000000e+90	
1.582820211473363681000000000000000000000e+92	
-8.109960822766214270000000000000000000000e+91	
8.235232559564781045000000000000000000000e+91	
-1.570293037793507003000000000000000000000e+92	
6.460417801269465642000000000000000000000e+90	
1.648024979570243334000000000000000000000e+92	
-7.457913141797417731000000000000000000000e+91	
9.696476236608378695000000000000000000000e+91	
-1.424168670089147238000000000000000000000e+92	
2.916078742531260963000000000000000000000e+91	
1.955867753316949510000000000000000000000e+92	
-4.379485404330355980000000000000000000000e+91	
1.226674415297195666000000000000000000000e+92	
-1.167141878452789441000000000000000000000e+92	
4.978439732523187550000000000000000000000e+91	
-1.895972320497666353000000000000000000000e+92	
-2.306237534192885871000000000000000000000e+91	
1.383233244756341032000000000000000000000e+92	
-1.010583048993644075900000000000000000000e+92	
6.408235611770595136000000000000000000000e+91	
-1.752992732572925594000000000000000000000e+92	
-1.012166490789850767900000000000000000000e+91	
1.499074620098960709000000000000000000000e+92	
-8.947416736510243990000000000000000000000e+91	
7.852077480918479883000000000000000000000e+91	
-1.608608545658137119000000000000000000000e+92	
7.169614457244908236000000000000000000000e+90	
1.700501822720805122000000000000000000000e+92	
-6.933144710291799851000000000000000000000e+91	
9.358719281963787964000000000000000000000e+91	
-1.457944365553606311000000000000000000000e+92	
1.716225652765702847000000000000000000000e+91	
1.749715734568783987000000000000000000000e+92	
-6.441005591812011205000000000000000000000e+91	
1.082472151332079209000000000000000000000e+92	
-1.311344142417905899000000000000000000000e+92	
4.155606336779762553000000000000000000000e+91	
2.090943206333853121000000000000000000000e+92	
-3.028730874161319869000000000000000000000e+91	
1.372867026500762014000000000000000000000e+92	
-1.020949267249223093600000000000000000000e+92	
6.551482099919487702000000000000000000000e+91	
-1.738668083758036337000000000000000000000e+92	
-6.221342104077156664000000000000000000000e+90	
1.562744145628619243000000000000000000000e+92	
-8.310721481213658645000000000000000000000e+91	
7.966086064534734060000000000000000000000e+91	
-1.597207687296511702000000000000000000000e+92	
3.085434819366271304000000000000000000000e+90	
1.607443371083684009000000000000000000000e+92	
-7.863729226663010984000000000000000000000e+91	
9.435737102342917431000000000000000000000e+91	
-1.450242583515693364000000000000000000000e+92	
2.800344358752910251000000000000000000000e+91	
1.958787573569689092000000000000000000000e+92	
-4.350287201802960150000000000000000000000e+91	
1.244080281353752573000000000000000000000e+92	
-1.149736012396232534000000000000000000000e+92	
5.297286758755263171000000000000000000000e+91	
-1.864087617874458790000000000000000000000e+92	
-1.842674198787924690000000000000000000000e+91	
1.444054007150782661000000000000000000000e+92	
-9.497622865992024465000000000000000000000e+91	
6.789401025037181846000000000000000000000e+91	
-1.714876191246266923000000000000000000000e+92	
-8.579302966252171643000000000000000000000e+90	
1.491816611139590992000000000000000000000e+92	
-9.019996826103941157000000000000000000000e+91	
8.259436779626140656000000000000000000000e+91	
-1.567872615787371042000000000000000000000e+92	
1.604021282399696495000000000000000000000e+91	
1.837153987038508905000000000000000000000e+92	
-5.566623067114762024000000000000000000000e+91	
1.120446411898588443000000000000000000000e+92	
-1.273369881851396665000000000000000000000e+92	
4.040955189725894425000000000000000000000e+91	
-1.989720774777395665000000000000000000000e+92	
-3.118988692487061849000000000000000000000e+91	
1.314425259799517611000000000000000000000e+92	
-1.079391033950467496000000000000000000000e+92	
5.473150511618035500000000000000000000000e+91	
-1.846501242588181558000000000000000000000e+92	
-2.194133914990607295000000000000000000000e+91	
1.356201931810021744000000000000000000000e+92	
-1.037614361939963363800000000000000000000e+92	
6.947309267752085807000000000000000000000e+91	
-1.699085366974776527000000000000000000000e+92	
3.358911449725290692000000000000000000000e+90	
1.714738521133245432000000000000000000000e+92	
-6.790777726167396758000000000000000000000e+91	
1.002426305313238959100000000000000000000e+92	
-1.391389988436746148000000000000000000000e+92	
2.904685842787698234000000000000000000000e+91	
1.920827371594926065000000000000000000000e+92	
-4.729889221550590427000000000000000000000e+91	
1.157749813306025064000000000000000000000e+92	
-1.236066480443960043000000000000000000000e+92	
3.950520140741303492000000000000000000000e+91	
-1.998764279675854758000000000000000000000e+92	
-3.672662150945760090000000000000000000000e+91	
1.212757126885838278000000000000000000000e+92	
-1.181059166864146830000000000000000000000e+92	
5.421541353150093718000000000000000000000e+91	
-1.851662158434975736000000000000000000000e+92	
-1.281151188041825124000000000000000000000e+91	
1.543911388423605272000000000000000000000e+92	
-8.499049053263798358000000000000000000000e+91	
8.224808133678035430000000000000000000000e+91	
-1.571335480382181564000000000000000000000e+92	
1.014092710104515716400000000000000000000e+91	
1.722658772658264674000000000000000000000e+92	
-6.711575210917204336000000000000000000000e+91	
9.641522260660292896000000000000000000000e+91	
-1.429664067683955818000000000000000000000e+92	
2.060231636859008386000000000000000000000e+91	
1.790233587641872057000000000000000000000e+92	
-6.035827061081130506000000000000000000000e+91	
1.109994007635173412000000000000000000000e+92	
-1.283822286114811696000000000000000000000e+92	
4.300929608989605381000000000000000000000e+91	
-1.963723332851024570000000000000000000000e+92	
-2.494697210438424480000000000000000000000e+91	
1.413267983399229108000000000000000000000e+92	
-9.805483103507559994000000000000000000000e+91	
6.825532282958732174000000000000000000000e+91	
-1.711263065454111890000000000000000000000e+92	
-4.779787367245789562000000000000000000000e+90	
1.564176686501509224000000000000000000000e+92	
-8.296396072484758837000000000000000000000e+91	
8.255054347566937858000000000000000000000e+91	
-1.568310858993291322000000000000000000000e+92	
8.720179583832494560000000000000000000000e+90	
1.691227776783065303000000000000000000000e+92	
-7.025885169669198045000000000000000000000e+91	
9.692008531257069923000000000000000000000e+91	
-1.424615440624278115000000000000000000000e+92	
2.475332589502384734000000000000000000000e+91	
1.868187005415675306000000000000000000000e+92	
-5.256292883343098019000000000000000000000e+91	
1.110744596559985870000000000000000000000e+92	
-1.283071697189999237000000000000000000000e+92	
3.536791423294183153000000000000000000000e+91	
-2.040137151420566792000000000000000000000e+92	
-4.030095448741699454000000000000000000000e+91	
1.182640537430133096000000000000000000000e+92	
-1.211175756319852011000000000000000000000e+92	
5.001744925553605302000000000000000000000e+91	
-1.893641801194624577000000000000000000000e+92	
-1.819519110092656268000000000000000000000e+91	
1.478223347693437562000000000000000000000e+92	
-9.155929460565475458000000000000000000000e+91	
7.449474220962033690000000000000000000000e+91	
-1.648868871653781739000000000000000000000e+92	
1.203642424583539458000000000000000000000e+90	
1.621452362515273423000000000000000000000e+92	
-7.723639312347116850000000000000000000000e+91	
8.881167834464119191000000000000000000000e+91	
-1.505699510303573188000000000000000000000e+92	
1.551461618120227019000000000000000000000e+91	
1.764502505970271353000000000000000000000e+92	
-6.293137877797137547000000000000000000000e+91	
1.031100129440350893500000000000000000000e+92	
-1.362716164309634214000000000000000000000e+92	
2.980627435878420712000000000000000000000e+91	
1.907352356754366384000000000000000000000e+92	
-4.864639369956187238000000000000000000000e+91	
1.173898551252644766000000000000000000000e+92	
-1.219917742497340341000000000000000000000e+92	
4.408097620228731614000000000000000000000e+91	
-1.953006531727111946000000000000000000000e+92	
-2.919141925917589706000000000000000000000e+91	
1.317688695828037412000000000000000000000e+92	
-1.076127597921947696000000000000000000000e+92	
5.843671730422226760000000000000000000000e+91	
-1.809449120707762432000000000000000000000e+92	
-1.485893993044782612000000000000000000000e+91	
1.460780987149582340000000000000000000000e+92	
-9.330353066004027674000000000000000000000e+91	
7.277584055470023918000000000000000000000e+91	
-1.666057888202982716000000000000000000000e+92	
-4.899374389835803804000000000000000000000e+89	
1.604769655774754402000000000000000000000e+92	
-7.890466379752307053000000000000000000000e+91	
8.709211407529213838000000000000000000000e+91	
-1.522895152997063724000000000000000000000e+92	
1.374378384372188455000000000000000000000e+91	
1.746281757058772526000000000000000000000e+92	
-6.475345366912125818000000000000000000000e+91	
1.013988009842958858600000000000000000000e+92	
-1.379828283907026249000000000000000000000e+92	
2.820587015755508343000000000000000000000e+91	
1.892455840872747153000000000000000000000e+92	
-5.013604528772379548000000000000000000000e+91	
1.156679091499061806000000000000000000000e+92	
-1.237137202250923302000000000000000000000e+92	
4.212685144514708876000000000000000000000e+91	
-1.972547779298514220000000000000000000000e+92	
-3.137760725021659256000000000000000000000e+91	
1.293507338482395471000000000000000000000e+92	
-1.100308955267589637000000000000000000000e+92	
5.651253929483199444000000000000000000000e+91	
-1.828690900801665163000000000000000000000e+92	
-1.628940604147154156000000000000000000000e+91	
1.451410987978337870000000000000000000000e+92	
-9.424053057716472376000000000000000000000e+91	
7.079615082934563382000000000000000000000e+91	
-1.685854785456528769000000000000000000000e+92	
-3.511798059524682302000000000000000000000e+90	
1.564134527165452412000000000000000000000e+92	
-8.296817665845326958000000000000000000000e+91	
8.523774893614886176000000000000000000000e+91	
-1.541438804388496490000000000000000000000e+92	
1.409746700488933660000000000000000000000e+91	
1.771888082930257513000000000000000000000e+92	
-6.219282108197275942000000000000000000000e+91	
1.009364874187331781700000000000000000000e+92	
-1.384451419562653326000000000000000000000e+92	
2.472211486195464594000000000000000000000e+91	
1.827418907356075232000000000000000000000e+92	
-5.663973863939098756000000000000000000000e+91	
1.155618191002151599000000000000000000000e+92	
-1.238198102747833509000000000000000000000e+92	
4.841518081688088896000000000000000000000e+91	
-1.909664485581176218000000000000000000000e+92	
-1.869804075309488567000000000000000000000e+91	
1.484183567584381966000000000000000000000e+92	
-9.096327261656031420000000000000000000000e+91	
7.618908896705002420000000000000000000000e+91	
-1.631925404079484866000000000000000000000e+92	
3.995767349581896998000000000000000000000e+90	
1.660345930153533432000000000000000000000e+92	
-7.334703635964516752000000000000000000000e+91	
9.037454069515003930000000000000000000000e+91	
-1.490070886798484715000000000000000000000e+92	
1.475214193952884694000000000000000000000e+91	
1.733635970080961719000000000000000000000e+92	
-6.601803236690233886000000000000000000000e+91	
1.049444421435098786700000000000000000000e+92	
-1.344371872314886321000000000000000000000e+92	
3.655933728268836656000000000000000000000e+91	
2.024044844786138480000000000000000000000e+92	
-3.697714489638466272000000000000000000000e+91	
1.289045990318448172000000000000000000000e+92	
-1.104770303431536936000000000000000000000e+92	
5.544129210436804842000000000000000000000e+91	
-1.839403372706304623000000000000000000000e+92	
-1.798545450776419225000000000000000000000e+91	
1.428205599991292800000000000000000000000e+92	
-9.656106937586923070000000000000000000000e+91	
6.979988223139584453000000000000000000000e+91	
-1.695817471436026662000000000000000000000e+92	
-3.184455503231055834000000000000000000000e+90	
1.580637477085571112000000000000000000000e+92	
-8.131788166644139950000000000000000000000e+91	
8.408704485266816687000000000000000000000e+91	
-1.552945845223303439000000000000000000000e+92	
1.014715781269708618800000000000000000000e+91	
1.704402872651706925000000000000000000000e+92	
-6.894134210982781829000000000000000000000e+91	
9.846740507560027965000000000000000000000e+91	
-1.409142242993982311000000000000000000000e+92	
2.653034146511587532000000000000000000000e+91	
1.888252976065368974000000000000000000000e+92	
-5.055633176846161338000000000000000000000e+91	
1.125926597866779626000000000000000000000e+92	
-1.267889695883205482000000000000000000000e+92	
3.639796048871253860000000000000000000000e+91	
1.944373998304329278000000000000000000000e+92	
-4.494422954456558300000000000000000000000e+91	
1.271999602762182480000000000000000000000e+92	
-1.121816690987802628000000000000000000000e+92	
5.999598262422214870000000000000000000000e+91	
-1.793856467507763621000000000000000000000e+92	
-7.174549778463495069000000000000000000000e+90	
1.598845654221103275000000000000000000000e+92	
-7.949706395288818325000000000000000000000e+91	
8.759804382731910280000000000000000000000e+91	
-1.517835855476794080000000000000000000000e+92	
1.534749689981684956000000000000000000000e+91	
1.773291257347428784000000000000000000000e+92	
-6.205250364025563238000000000000000000000e+91	
1.017748480456263411400000000000000000000e+92	
-1.376067813293721696000000000000000000000e+92	
2.625817128047407672000000000000000000000e+91	
1.849752957250899010000000000000000000000e+92	
-5.440633364990860976000000000000000000000e+91	
1.163169360138135054000000000000000000000e+92	
-1.230646933611850054000000000000000000000e+92	
4.769274535082892168000000000000000000000e+91	
-1.916888840241695891000000000000000000000e+92	
-2.089729326869568758000000000000000000000e+91	
1.447430221574400535000000000000000000000e+92	
-9.463860721755845723000000000000000000000e+91	
7.103840687903798727000000000000000000000e+91	
-1.683432224959605235000000000000000000000e+92	
-2.629527992646405130000000000000000000000e+90	
1.579354182863024665000000000000000000000e+92	
-8.144621108869604423000000000000000000000e+91	
8.540435368549337766000000000000000000000e+91	
-1.539772756895051331000000000000000000000e+92	
1.290938545312977370000000000000000000000e+91	
1.746467146237842629000000000000000000000e+92	
-6.473491475121424784000000000000000000000e+91	
9.961288210195954758000000000000000000000e+91	
-1.397687472730389632000000000000000000000e+92	
2.461639149534722278000000000000000000000e+91	
1.838534432186514081000000000000000000000e+92	
-5.552818615634710262000000000000000000000e+91	
1.140966631448005803000000000000000000000e+92	
-1.252849662301979304000000000000000000000e+92	
4.437459876758230521000000000000000000000e+91	
-1.950070306074162056000000000000000000000e+92	
-2.531276718988451299000000000000000000000e+91	
1.392307670026866911000000000000000000000e+92	
-1.001508623723118196300000000000000000000e+92	
6.442991632331931028000000000000000000000e+91	
-1.749517130516792005000000000000000000000e+92	
-1.033370838837452342700000000000000000000e+91	
1.491360933400127341000000000000000000000e+92	
-9.024553603498577665000000000000000000000e+91	
7.893372740632102956000000000000000000000e+91	
-1.604479019686774812000000000000000000000e+92	
8.766298922954013625000000000000000000000e+90	
1.728300095012404068000000000000000000000e+92	
-6.655161987375810398000000000000000000000e+91	
9.754957400030504234000000000000000000000e+91	
-1.418320553746934684000000000000000000000e+92	
2.230660314092057589000000000000000000000e+91	
1.812972972767143606000000000000000000000e+92	
-5.808433209828415016000000000000000000000e+91	
1.120651457717548044000000000000000000000e+92	
-1.273164836032437063000000000000000000000e+92	
4.286744887273204105000000000000000000000e+91	
-1.965141805022664697000000000000000000000e+92	
-2.629581056729855616000000000000000000000e+91	
1.387715693118212039000000000000000000000e+92	
-1.006100600631773068300000000000000000000e+92	
6.449430361792190144000000000000000000000e+91	
-1.748873257570766093000000000000000000000e+92	
-9.745996679641814030000000000000000000000e+90	
1.502468690212155361000000000000000000000e+92	
-8.913476035378297465000000000000000000000e+91	
7.893643667626017958000000000000000000000e+91	
-1.604451926987383312000000000000000000000e+92	
7.661493230497156866000000000000000000000e+90	
1.706182400208168788000000000000000000000e+92	
-6.876338935418163194000000000000000000000e+91	
9.423139163204244588000000000000000000000e+91	
-1.451502377429560649000000000000000000000e+92	
1.788255851078144438000000000000000000000e+91	
1.757679407366323008000000000000000000000e+92	
-6.361368863836620996000000000000000000000e+91	
1.088815886330574542000000000000000000000e+92	
-1.305000407419410566000000000000000000000e+92	
4.202852370681539249000000000000000000000e+91	
2.094049483905224483000000000000000000000e+92	
-2.997668098447606244000000000000000000000e+91	
1.374355783641822630000000000000000000000e+92	
-1.019460510108162477200000000000000000000e+92	
6.550202516903795954000000000000000000000e+91	
-1.738796042059605512000000000000000000000e+92	
-6.395729019790704834000000000000000000000e+90	
1.559385169802563789000000000000000000000e+92	
-8.344311239474213186000000000000000000000e+91	
7.966710008128151577000000000000000000000e+91	
-1.597145292937169950000000000000000000000e+92	
3.433641003295466720000000000000000000000e+90	
1.614343398544860145000000000000000000000e+92	
-7.794728952051249624000000000000000000000e+91	
9.432335522086008152000000000000000000000e+91	
-1.450582741541384292000000000000000000000e+92	
2.724576955692263390000000000000000000000e+91	
1.943977852396544817000000000000000000000e+92	
-4.498384413534402904000000000000000000000e+91	
1.222041178934515629000000000000000000000e+92	
-1.171775114815469479000000000000000000000e+92	
5.004637900397679750000000000000000000000e+91	
-1.893352503710217133000000000000000000000e+92	
-2.207544930920235408000000000000000000000e+91	
1.400348340809494498000000000000000000000e+92	
-9.934679529404906099000000000000000000000e+91	
6.425866426045610738000000000000000000000e+91	
-1.751229651145424034000000000000000000000e+92	
-1.147979420752528899000000000000000000000e+91	
1.470156589078524720000000000000000000000e+92	
-9.236597046714603876000000000000000000000e+91	
7.887743658907702388000000000000000000000e+91	
-1.605041927859214869000000000000000000000e+92	
1.077312446301104950000000000000000000000e+91	
1.768989246522162857000000000000000000000e+92	
-6.248270472278222508000000000000000000000e+91	
1.036795525267959841900000000000000000000e+92	
-1.357020768482025266000000000000000000000e+92	
3.049661931824714232000000000000000000000e+91	
1.915463258906670597000000000000000000000e+92	
-4.783530348433145104000000000000000000000e+91	
1.179444089552403988000000000000000000000e+92	
-1.214372204197581120000000000000000000000e+92	
4.437912131688279450000000000000000000000e+91	
-1.950025080581157162000000000000000000000e+92	
-2.914955525362398177000000000000000000000e+91	
1.315545800221433817000000000000000000000e+92	
-1.078270493528551290000000000000000000000e+92	
5.876462272810760897000000000000000000000e+91	
-1.806170066468909018000000000000000000000e+92	
-1.398910935495023508000000000000000000000e+91	
1.474895847434216332000000000000000000000e+92	
-9.189204463157687759000000000000000000000e+91	
7.303952349518284843000000000000000000000e+91	
-1.663421058798156623000000000000000000000e+92	
-1.373486361953426648000000000000000000000e+90	
1.584467557313014435000000000000000000000e+92	
-8.093487364369706726000000000000000000000e+91	
8.749046176262498227000000000000000000000e+91	
-1.518911676123735285000000000000000000000e+92	
1.656948044990798603000000000000000000000e+91	
1.798800132177514048000000000000000000000e+92	
-5.950161615724710600000000000000000000000e+91	
1.038467747386452533500000000000000000000e+92	
-1.355348546363532574000000000000000000000e+92	
2.785137554682035004000000000000000000000e+91	
1.860900158094549022000000000000000000000e+92	
-5.329161356554360854000000000000000000000e+91	
1.184424110717579378000000000000000000000e+92	
-1.209392183032405730000000000000000000000e+92	
5.082847236224499256000000000000000000000e+91	
-1.885531570127535182000000000000000000000e+92	
-1.675181707357894787000000000000000000000e+91	
1.498977450166987812000000000000000000000e+92	
-8.948388435829972960000000000000000000000e+91	
7.720187413296783413000000000000000000000e+91	
-1.621797552420306766000000000000000000000e+92	
4.542181636446912233000000000000000000000e+90	
1.661148685208905807000000000000000000000e+92	
-7.326676085410793007000000000000000000000e+91	
9.144084856592937970000000000000000000000e+91	
-1.479407808090691310000000000000000000000e+92	
1.680399145908621666000000000000000000000e+91	
1.764004977041812058000000000000000000000e+92	
-6.298113167081730500000000000000000000000e+91	
1.058933217457700135100000000000000000000e+92	
-1.334883076292284972000000000000000000000e+92	
3.542123493178896214000000000000000000000e+91	
1.991804387980734274000000000000000000000e+92	
-4.020119057692508338000000000000000000000e+91	
1.235956481282925592000000000000000000000e+92	
-1.157859812467059516000000000000000000000e+92	
4.804847356780096216000000000000000000000e+91	
-1.913331558071975486000000000000000000000e+92	
-2.746110360372412235000000000000000000000e+91	
1.312631169012804665000000000000000000000e+92	
-1.081185124737180442000000000000000000000e+92	
6.266216424977481178000000000000000000000e+91	
-1.767194651252236990000000000000000000000e+92	
-5.904647923078701159000000000000000000000e+90	
1.597588823906757205000000000000000000000e+92	
-7.962274698432279030000000000000000000000e+91	
8.607747044659252781000000000000000000000e+91	
-1.533041589284059830000000000000000000000e+92	
1.243272736167685830000000000000000000000e+91	
1.730208538855912083000000000000000000000e+92	
-6.636077548940730250000000000000000000000e+91	
1.004204108678674153000000000000000000000e+92	
-1.389612185071310954000000000000000000000e+92	
2.785609874598662708000000000000000000000e+91	
1.895241185373382532000000000000000000000e+92	
-4.985751083766025756000000000000000000000e+91	
1.146168546474770089000000000000000000000e+92	
-1.247647747275215019000000000000000000000e+92	
3.974686968370754220000000000000000000000e+91	
-1.996347596912909686000000000000000000000e+92	
-3.508585490648767561000000000000000000000e+91	
1.243148813321761154000000000000000000000e+92	
-1.150667480428223953000000000000000000000e+92	
5.429209298182753609000000000000000000000e+91	
-1.850895363931709747000000000000000000000e+92	
-1.569584728816008056000000000000000000000e+91	
1.485472621780185090000000000000000000000e+92	
-9.083436719698000177000000000000000000000e+91	
7.344613628394254484000000000000000000000e+91	
-1.659354930910559659000000000000000000000e+92	
-1.617614205182969015000000000000000000000e+90	
1.575522111086794369000000000000000000000e+92	
-8.182941826631907386000000000000000000000e+91	
8.797311343295113145000000000000000000000e+91	
-1.514085159420473793000000000000000000000e+92	
1.842864302706416013000000000000000000000e+91	
1.831150016567139619000000000000000000000e+92	
-5.626662771828454886000000000000000000000e+91	
1.084569043353153762000000000000000000000e+92	
-1.309247250396831345000000000000000000000e+92	
3.383596193785435274000000000000000000000e+91	
-2.055456674371441580000000000000000000000e+92	
-4.074784402647486715000000000000000000000e+91	
1.189016869592937356000000000000000000000e+92	
-1.204799424157047751000000000000000000000e+92	
4.835985901811265322000000000000000000000e+91	
-1.910217703568858575000000000000000000000e+92	
-2.214686253346561134000000000000000000000e+91	
1.415777238318120685000000000000000000000e+92	
-9.780390554318644222000000000000000000000e+91	
6.595833288903664641000000000000000000000e+91	
-1.734232964859618644000000000000000000000e+92	
-9.623424725011011466000000000000000000000e+90	
1.490286512593461412000000000000000000000e+92	
-9.035297811565236951000000000000000000000e+91	
8.055637111427497882000000000000000000000e+91	
-1.588252582607235319000000000000000000000e+92	
1.211816741170500513000000000000000000000e+91	
1.779102421914607460000000000000000000000e+92	
-6.147138718353776478000000000000000000000e+91	
1.043573107409494930700000000000000000000e+92	
-1.350243186340490177000000000000000000000e+92	
3.084098420901341878000000000000000000000e+91	
1.915574633771361619000000000000000000000e+92	
-4.782416599786234888000000000000000000000e+91	
1.186604911610879455000000000000000000000e+92	
-1.207211382139105653000000000000000000000e+92	
4.579979741388829983000000000000000000000e+91	
-1.935818319611102109000000000000000000000e+92	
-2.702463591908514671000000000000000000000e+91	
1.343833921150999306000000000000000000000e+92	
-1.049982372598985802000000000000000000000e+92	
6.010049940315104594000000000000000000000e+91	
-1.792811299718474648000000000000000000000e+92	
-1.414542511207703503000000000000000000000e+91	
1.458418191701074058000000000000000000000e+92	
-9.353981020489110494000000000000000000000e+91	
7.454921847341711327000000000000000000000e+91	
-1.648324109015813975000000000000000000000e+92	
3.292097801683692249000000000000000000000e+90	
1.662666584962139797000000000000000000000e+92	
-7.311497087878453108000000000000000000000e+91	
8.989761514624530200000000000000000000000e+91	
-1.494840142287532088000000000000000000000e+92	
1.356657820279721366000000000000000000000e+91	
1.714697477498781118000000000000000000000e+92	
-6.791188162512039898000000000000000000000e+91	
1.045515608265530971900000000000000000000e+92	
-1.348300685484454136000000000000000000000e+92	
3.766667692372255173000000000000000000000e+91	
2.050112984661181772000000000000000000000e+92	
-3.437033090888033356000000000000000000000e+91	
1.330101411258629212000000000000000000000e+92	
-1.063714882491355896000000000000000000000e+92	
6.104481643632300496000000000000000000000e+91	
-1.783368129386755058000000000000000000000e+92	
-1.088469343525454723000000000000000000000e+91	
1.514178126858214327000000000000000000000e+92	
-8.796381668917707806000000000000000000000e+91	
7.521963831779423386000000000000000000000e+91	
-1.641619910572042769000000000000000000000e+92	
-9.406146796864670503000000000000000000000e+89	
1.571332538197074199000000000000000000000e+92	
-8.224837555529109089000000000000000000000e+91	
8.987327410193245728000000000000000000000e+91	
-1.495083552730660535000000000000000000000e+92	
2.264676750388753668000000000000000000000e+91	
1.896499363656513977000000000000000000000e+92	
-4.973169300934711306000000000000000000000e+91	
1.173074962747362320000000000000000000000e+92	
-1.220741331002622788000000000000000000000e+92	
4.500105867993962421000000000000000000000e+91	
-1.943805706950588866000000000000000000000e+92	
-2.726939433601797647000000000000000000000e+91	
1.346923383170700554000000000000000000000e+92	
-1.046892910579284553100000000000000000000e+92	
5.923763842016997588000000000000000000000e+91	
-1.801439909548285349000000000000000000000e+92	
-1.617951010941720002000000000000000000000e+91	
1.426370930387752191000000000000000000000e+92	
-9.674453633622329162000000000000000000000e+91	
7.382536482522046967000000000000000000000e+91	
-1.655562645497780411000000000000000000000e+92	
5.047881986508049886000000000000000000000e+90	
1.705008464783902786000000000000000000000e+92	
-6.888078289660823211000000000000000000000e+91	
9.660897350424418641000000000000000000000e+91	
-1.427726558707543244000000000000000000000e+92	
2.275387412892339836000000000000000000000e+91	
1.831317490499648360000000000000000000000e+92	
-5.624988032503367474000000000000000000000e+91	
1.109624717929656818000000000000000000000e+92	
-1.284191575820328290000000000000000000000e+92	
3.882911085453499456000000000000000000000e+91	
-2.005525185204635162000000000000000000000e+92	
-3.326835163971900766000000000000000000000e+91	
1.288662854432767636000000000000000000000e+92	
-1.105153439317217472000000000000000000000e+92	
5.305365247962765332000000000000000000000e+91	
-1.863279768953708574000000000000000000000e+92	
-2.272125098498072910000000000000000000000e+91	
1.357377752712678553000000000000000000000e+92	
-1.036438541037306554800000000000000000000e+92	
6.769182161175258828000000000000000000000e+91	
-1.716898077632459225000000000000000000000e+92	
-3.202677741850190684000000000000000000000e+89	
1.658977092588690915000000000000000000000e+92	
-7.348392011612941924000000000000000000000e+91	
9.277046810385940619000000000000000000000e+91	
-1.466111612711391046000000000000000000000e+92	
1.967962001511257739000000000000000000000e+91	
1.808213658795442991000000000000000000000e+92	
-5.856026349545421162000000000000000000000e+91	
1.070391953475710588000000000000000000000e+92	
-1.323424340274274520000000000000000000000e+92	
3.329374381906052143000000000000000000000e+91	
1.937812120187199040000000000000000000000e+92	
-4.560041735627860678000000000000000000000e+91	
1.213657260617830090000000000000000000000e+92	
-1.180159033132155018000000000000000000000e+92	
4.898627895353317467000000000000000000000e+91	
-1.903953504214653361000000000000000000000e+92	
-2.335714724140067956000000000000000000000e+91	
1.385316485491056028000000000000000000000e+92	
-1.008499808258929079400000000000000000000e+92	
6.322607387018911504000000000000000000000e+91	
-1.761555555048093957000000000000000000000e+92	
-1.204202365621940963000000000000000000000e+91	
1.469235563172809808000000000000000000000e+92	
-9.245807305771752992000000000000000000000e+91	
7.779088059764878795000000000000000000000e+91	
-1.615907487773497228000000000000000000000e+92	
8.692609978067615391000000000000000000000e+90	
1.738249463347997575000000000000000000000e+92	
-6.555668304019875324000000000000000000000e+91	
9.961260479177167645000000000000000000000e+91	
-1.397690245832268343000000000000000000000e+92	
2.543719633442602992000000000000000000000e+91	
1.854949215809282571000000000000000000000e+92	
-5.388670779407025366000000000000000000000e+91	
1.139997512269571881000000000000000000000e+92	
-1.253818781480413226000000000000000000000e+92	
4.254016171031935821000000000000000000000e+91	
-1.968414676646791526000000000000000000000e+92	
-2.888386467641883284000000000000000000000e+91	
1.339238733666908045000000000000000000000e+92	
-1.054577560083077062800000000000000000000e+92	
5.738809038754747340000000000000000000000e+91	
-1.819935389874510374000000000000000000000e+92	
-1.910960320414666810000000000000000000000e+91	
1.386269926343197601000000000000000000000e+92	
-1.007546367406787506900000000000000000000e+92	
7.210548225208647224000000000000000000000e+91	
-1.672761471229120385000000000000000000000e+92	
5.617077477243957893000000000000000000000e+90	
1.733579808327699749000000000000000000000e+92	
-6.602364854222853589000000000000000000000e+91	
1.017529080889847204600000000000000000000e+92	
-1.376287212860137903000000000000000000000e+92	
3.018347087740280139000000000000000000000e+91	
1.928458704619401959000000000000000000000e+92	
-4.653575891305831486000000000000000000000e+91	
1.161648213544817279000000000000000000000e+92	
-1.232168080205167828000000000000000000000e+92	
3.952193392873306602000000000000000000000e+91	
-1.998596954462654447000000000000000000000e+92	
-3.708281080714235525000000000000000000000e+91	
1.205467871630400055000000000000000000000e+92	
-1.188348422119585052000000000000000000000e+92	
5.427601348970746464000000000000000000000e+91	
-1.851056158852910461000000000000000000000e+92	
-1.196177935979672692000000000000000000000e+91	
1.560296111996059625000000000000000000000e+92	
-8.335201817539254824000000000000000000000e+91	
8.467490100030550072000000000000000000000e+91	
-1.547067283746930100000000000000000000000e+92	
1.335570173585552207000000000000000000000e+91	
1.762682147321800581000000000000000000000e+92	
-6.311341464281845264000000000000000000000e+91	
9.983715456314115645000000000000000000000e+91	
-1.395444748118573543000000000000000000000e+92	
2.344413166439085067000000000000000000000e+91	
1.812853461045776015000000000000000000000e+92	
-5.809628327042090928000000000000000000000e+91	
1.144849942103361376000000000000000000000e+92	
-1.248966351646623731000000000000000000000e+92	
4.771788669390069032000000000000000000000e+91	
-1.916637426810978204000000000000000000000e+92	
-1.901599298938191482000000000000000000000e+91	
1.484795576226382955000000000000000000000e+92	
-9.090207175236021524000000000000000000000e+91	
7.662925423948395584000000000000000000000e+91	
-1.627523751355145549000000000000000000000e+92	
4.814708431902418638000000000000000000000e+90	
1.672321214030725139000000000000000000000e+92	
-7.214950797192599685000000000000000000000e+91	
9.076953353463395961000000000000000000000e+91	
-1.486120958403645512000000000000000000000e+92	
1.434499862680180656000000000000000000000e+91	
1.721547167404159312000000000000000000000e+92	
-6.722691263458257960000000000000000000000e+91	
1.054333076065068927800000000000000000000e+92	
-1.339483217684916180000000000000000000000e+92	
3.874510356314157572000000000000000000000e+91	
2.062863070837881669000000000000000000000e+92	
-3.309532229121034388000000000000000000000e+91	
1.344816338892819563000000000000000000000e+92	
-1.048999954857165544600000000000000000000e+92	
6.271269556167724924000000000000000000000e+91	
-1.766689338133212615000000000000000000000e+92	
-9.020525683115075540000000000000000000000e+90	
1.534781713782357171000000000000000000000e+92	
-8.590345799676279362000000000000000000000e+91	
7.686216702806668199000000000000000000000e+91	
-1.625194623469318288000000000000000000000e+92	
2.842919889323709650000000000000000000000e+89	
1.579407462836755154000000000000000000000e+92	
-8.144088309132299541000000000000000000000e+91	
9.156273908651811178000000000000000000000e+91	
-1.478188902884803990000000000000000000000e+92	
2.521776607985070962000000000000000000000e+91	
1.931020298221929854000000000000000000000e+92	
-4.627959955280552541000000000000000000000e+91	
1.216402461193893097000000000000000000000e+92	
-1.177413832556092010000000000000000000000e+92	
5.021402663846086259000000000000000000000e+91	
-1.891676027365376482000000000000000000000e+92	
-2.117664631975706958000000000000000000000e+91	
1.416644285529486237000000000000000000000e+92	
-9.771720082204988710000000000000000000000e+91	
6.516196581273789793000000000000000000000e+91	
-1.742196635622606128000000000000000000000e+92	
-1.130242412243050492000000000000000000000e+91	
1.464674587984073263000000000000000000000e+92	
-9.291417057659118442000000000000000000000e+91	
7.986495672299044586000000000000000000000e+91	
-1.595166726520080649000000000000000000000e+92	
1.329560056191435138000000000000000000000e+91	
1.809555928180974134000000000000000000000e+92	
-5.842603655690109732000000000000000000000e+91	
1.092696492418102844000000000000000000000e+92	
-1.301119801331882264000000000000000000000e+92	
3.761938144452812867000000000000000000000e+91	
2.002009906701372959000000000000000000000e+92	
-3.918063870486121484000000000000000000000e+91	
1.234391914105031131000000000000000000000e+92	
-1.159424379644953977000000000000000000000e+92	
4.671559401932165198000000000000000000000e+91	
-1.926660353556768588000000000000000000000e+92	
-2.996982051524332037000000000000000000000e+91	
1.275791478030030570000000000000000000000e+92	
-1.118024815719954538000000000000000000000e+92	
6.146946870870250622000000000000000000000e+91	
-1.779121606662960045000000000000000000000e+92	
-4.607309733339134018000000000000000000000e+90	
1.635450151018554666000000000000000000000e+92	
-7.583661427314304420000000000000000000000e+91	
9.235115908655530281000000000000000000000e+91	
-1.470304702884432080000000000000000000000e+92	
2.119273395417306213000000000000000000000e+91	
1.842659410704719996000000000000000000000e+92	
-5.511568830452651112000000000000000000000e+91	
1.079954950491336440000000000000000000000e+92	
-1.313861343258648668000000000000000000000e+92	
3.176300636560968034000000000000000000000e+91	
1.897646751283283049000000000000000000000e+92	
-4.961695424667020586000000000000000000000e+91	
1.226134413278869323000000000000000000000e+92	
-1.167681880471115784000000000000000000000e+92	
5.549562652784449810000000000000000000000e+91	
-1.838860028471540127000000000000000000000e+92	
-1.158878590335619051000000000000000000000e+91	
1.555564064095740410000000000000000000000e+92	
-8.382522296542446979000000000000000000000e+91	
8.335591908934027648000000000000000000000e+91	
-1.560257102856582343000000000000000000000e+92	
1.119136361991550845000000000000000000000e+91	
1.732589411177474841000000000000000000000e+92	
-6.612268825725102670000000000000000000000e+91	
9.752832236059998648000000000000000000000e+91	
-1.418533070143985243000000000000000000000e+92	
2.183539228667130439000000000000000000000e+91	
1.803763511380903882000000000000000000000e+92	
-5.900527823690812258000000000000000000000e+91	
1.120968794844408641000000000000000000000e+92	
-1.272847498905576467000000000000000000000e+92	
4.385138831873314127000000000000000000000e+91	
-1.955302410562653695000000000000000000000e+92	
-2.436013927002421918000000000000000000000e+91	
1.416584988141628063000000000000000000000e+92	
-9.772313056083570448000000000000000000000e+91	
6.833201791484315908000000000000000000000e+91	
-1.710496114601553517000000000000000000000e+92	
-4.957970763027360378000000000000000000000e+90	
1.559847336181205510000000000000000000000e+92	
-8.339689575687795980000000000000000000000e+91	
8.265713236880414015000000000000000000000e+91	
-1.567244970061943706000000000000000000000e+92	
9.366023898498838340000000000000000000000e+90	
1.703076090444965397000000000000000000000e+92	
-6.907402033050197108000000000000000000000e+91	
9.696306432576492942000000000000000000000e+91	
-1.424185650492335813000000000000000000000e+92	
2.365502081826200073000000000000000000000e+91	
1.845796793550831688000000000000000000000e+92	
-5.480195001991534200000000000000000000000e+91	
1.112517009804103603000000000000000000000e+92	
-1.281299283945881504000000000000000000000e+92	
3.796021557243180297000000000000000000000e+91	
-2.014214138025667078000000000000000000000e+92	
-3.529479503022345727000000000000000000000e+91	
1.256828700186812968000000000000000000000e+92	
-1.136987593563172139000000000000000000000e+92	
5.232216312050054156000000000000000000000e+91	
-1.870594662544979692000000000000000000000e+92	
-2.100203452305678982000000000000000000000e+91	
1.399064779171017564000000000000000000000e+92	
-9.947515145789675438000000000000000000000e+91	
6.667288949581798707000000000000000000000e+91	
-1.727087398791805237000000000000000000000e+92	
-6.524252933602981232000000000000000000000e+90	
1.545112514894151163000000000000000000000e+92	
-8.487037788558339445000000000000000000000e+91	
8.098931364088834584000000000000000000000e+91	
-1.583923157341101649000000000000000000000e+92	
7.503965286422005320000000000000000000000e+90	
1.682514072151759964000000000000000000000e+92	
-7.113022215982251436000000000000000000000e+91	
9.532035481042918399000000000000000000000e+91	
-1.440612745645693268000000000000000000000e+92	
2.242559783514021778000000000000000000000e+91	
1.837633372248154368000000000000000000000e+92	
-5.561829215018307401000000000000000000000e+91	
1.095625656902715355000000000000000000000e+92	
-1.298190636847269752000000000000000000000e+92	
3.539872148339050465000000000000000000000e+91	
1.954680052252034059000000000000000000000e+92	
-4.391362414979510485000000000000000000000e+91	
1.239349357542008409000000000000000000000e+92	
-1.154466936207976698000000000000000000000e+92	
5.243746598169812622000000000000000000000e+91	
-1.869441633933003845000000000000000000000e+92	
-1.902442180912499520000000000000000000000e+91	
1.437454736722977858000000000000000000000e+92	
-9.563615570270072492000000000000000000000e+91	
6.717186696448845286000000000000000000000e+91	
-1.722097624105100579000000000000000000000e+92	
-9.363631532223482098000000000000000000000e+90	
1.483351782155054337000000000000000000000e+92	
-9.104645115949307708000000000000000000000e+91	
8.188051688657419624000000000000000000000e+91	
-1.575011124884243145000000000000000000000e+92	
1.545892789641875944000000000000000000000e+91	
1.832666137845736446000000000000000000000e+92	
-5.611501559042486618000000000000000000000e+91	
1.117282903379075043000000000000000000000e+92	
-1.276533390370910064000000000000000000000e+92	
4.022556920447523748000000000000000000000e+91	
-1.991560601705232733000000000000000000000e+92	
-3.124156733384468454000000000000000000000e+91	
1.315230820122134128000000000000000000000e+92	
-1.078585473627850979000000000000000000000e+92	
5.494423177987154428000000000000000000000e+91	
-1.844373975951269665000000000000000000000e+92	
-2.159650763184011014000000000000000000000e+91	
1.360970638091232361000000000000000000000e+92	
-1.032845655658752746400000000000000000000e+92	
6.966998481209087453000000000000000000000e+91	
-1.697116445629076362000000000000000000000e+92	
3.275964426998536363000000000000000000000e+90	
1.711112052002120999000000000000000000000e+92	
-6.827042417478641087000000000000000000000e+91	
9.960042292542827464000000000000000000000e+91	
-1.397812064495702361000000000000000000000e+92	
2.812522925752651354000000000000000000000e+91	
1.908818254837759171000000000000000000000e+92	
-4.849980389122259370000000000000000000000e+91	
1.142949261394030259000000000000000000000e+92	
-1.250867032355954849000000000000000000000e+92	
3.774614162144341448000000000000000000000e+91	
-2.016354877535550963000000000000000000000e+92	
-3.876454703862104008000000000000000000000e+91	
1.189590601987008932000000000000000000000e+92	
-1.204225691762976175000000000000000000000e+92	
5.249154578202931516000000000000000000000e+91	
-1.868900835929691956000000000000000000000e+92	
-1.394288989929981386000000000000000000000e+91	
1.538519556910647293000000000000000000000e+92	
-8.552967368393378144000000000000000000000e+91	
8.230079833680974652000000000000000000000e+91	
-1.570808310381887642000000000000000000000e+92	
1.078524968281002259000000000000000000000e+91	
1.735015110063347663000000000000000000000e+92	
-6.588011836866374442000000000000000000000e+91	
9.687429683261563476000000000000000000000e+91	
-1.425073325423828760000000000000000000000e+92	
2.028521754869841354000000000000000000000e+91	
1.779304731746494581000000000000000000000e+92	
-6.145115620034905266000000000000000000000e+91	
1.115492055576522993000000000000000000000e+92	
-1.278324238173462114000000000000000000000e+92	
4.520097375375080448000000000000000000000e+91	
2.130819803206571160000000000000000000000e+92	
-2.629964905434139474000000000000000000000e+91	
1.416169410634084760000000000000000000000e+92	
-9.776468831159003481000000000000000000000e+91	
7.018746764821939848000000000000000000000e+91	
-1.691941617267791123000000000000000000000e+92	
-1.206457624881148068000000000000000000000e+90	
1.616313665515140048000000000000000000000e+92	
-7.775026282348450592000000000000000000000e+91	
8.512565473275930514000000000000000000000e+91	
-1.542559746422392056000000000000000000000e+92	
8.658017336008392300000000000000000000000e+90	
1.664246544114204515000000000000000000000e+92	
-7.295697496357805928000000000000000000000e+91	
9.980211117006446350000000000000000000000e+91	
-1.395795182049340472000000000000000000000e+92	
3.321272381689031737000000000000000000000e+91	
2.008526948498526952000000000000000000000e+92	
-3.852893452514581557000000000000000000000e+91	
1.291467400142610793000000000000000000000e+92	
-1.102348893607374315000000000000000000000e+92	
5.747647091663192489000000000000000000000e+91	
-1.819051584583665859000000000000000000000e+92	
-1.415813020267407121000000000000000000000e+91	
1.484391379041115729000000000000000000000e+92	
-9.094249147088693784000000000000000000000e+91	
7.169298973273443508000000000000000000000e+91	
-1.676886396422640757000000000000000000000e+92	
-5.014964359231159490000000000000000000000e+90	
1.525114756188243608000000000000000000000e+92	
-8.687015375617414995000000000000000000000e+91	
8.641584059028202216000000000000000000000e+91	
-1.529657887847164886000000000000000000000e+92	
2.035309922472063877000000000000000000000e+91	
1.885194541505959063000000000000000000000e+92	
-5.086217522440260442000000000000000000000e+91	
1.173396212436533614000000000000000000000e+92	
-1.220420081313451493000000000000000000000e+92	
4.619521224078058311000000000000000000000e+91	
-1.931864171342179276000000000000000000000e+92	
-2.491379048735545162000000000000000000000e+91	
1.382088144372552338000000000000000000000e+92	
-1.011728149377432769900000000000000000000e+92	
6.198774164053472332000000000000000000000e+91	
-1.773938877344637874000000000000000000000e+92	
-1.419539838983079238000000000000000000000e+91	
1.438555944668153090000000000000000000000e+92	
-9.552603490818320179000000000000000000000e+91	
7.666191137287329086000000000000000000000e+91	
-1.627197180021252199000000000000000000000e+92	
9.501668404972657286000000000000000000000e+90	
1.765710679196120740000000000000000000000e+92	
-6.281056145538643671000000000000000000000e+91	
1.042948255207154377200000000000000000000e+92	
-1.350868038542830730000000000000000000000e+92	
3.205455267348396140000000000000000000000e+91	
1.940464504756028474000000000000000000000e+92	
-4.533517889939566332000000000000000000000e+91	
1.184479085966032574000000000000000000000e+92	
-1.209337207783952533000000000000000000000e+92	
4.288698967042570701000000000000000000000e+91	
-1.964946397045728038000000000000000000000e+92	
-3.263632502665844212000000000000000000000e+91	
1.260741647895099151000000000000000000000e+92	
-1.133074645854885956000000000000000000000e+92	
5.750925628592149564000000000000000000000e+91	
-1.818723730890770151000000000000000000000e+92	
-1.102152967702314325000000000000000000000e+91	
1.546780089175589271000000000000000000000e+92	
-8.470362045743958367000000000000000000000e+91	
8.103258733414489357000000000000000000000e+91	
-1.583490420408536172000000000000000000000e+92	
7.423816698658200334000000000000000000000e+90	
1.680478977696751345000000000000000000000e+92	
-7.133373160532337624000000000000000000000e+91	
9.537809600090309394000000000000000000000e+91	
-1.440035333740954168000000000000000000000e+92	
2.274445964558451210000000000000000000000e+91	
1.843431897039304922000000000000000000000e+92	
-5.503843967106801856000000000000000000000e+91	
1.095894971637199433000000000000000000000e+92	
-1.297921322112785675000000000000000000000e+92	
3.487300712210007137000000000000000000000e+91	
1.943899200631582528000000000000000000000e+92	
-4.499170931184025795000000000000000000000e+91	
1.240268730320066198000000000000000000000e+92	
-1.153547563429918910000000000000000000000e+92	
5.369884341697264764000000000000000000000e+91	
-1.856827859580258631000000000000000000000e+92	
-1.659418620898078550000000000000000000000e+91	
1.473439857343516036000000000000000000000e+92	
-9.203764364064690714000000000000000000000e+91	
7.193807407498649562000000000000000000000e+91	
-1.674435553000120151000000000000000000000e+92	
-3.430310497395916748000000000000000000000e+90	
1.554350323397546282000000000000000000000e+92	
-8.394659703524388254000000000000000000000e+91	
8.650293757825139073000000000000000000000e+91	
-1.528786917967471200000000000000000000000e+92	
1.760514809413415141000000000000000000000e+91	
1.829378658133436584000000000000000000000e+92	
-5.644376356165485238000000000000000000000e+91	
1.089258059094601637000000000000000000000e+92	
-1.304558234655383470000000000000000000000e+92	
3.495057941755545155000000000000000000000e+91	
1.952083870053993946000000000000000000000e+92	
-4.417324236959911613000000000000000000000e+91	
1.232768356671245418000000000000000000000e+92	
-1.161047937078739689000000000000000000000e+92	
5.138108233890582430000000000000000000000e+91	
-1.880005470360926865000000000000000000000e+92	
-2.047889079477023116000000000000000000000e+91	
1.418931174580184775000000000000000000000e+92	
-9.748851191698003329000000000000000000000e+91	
6.556074972188733405000000000000000000000e+91	
-1.738208796531111767000000000000000000000e+92	
-1.073362985999174565000000000000000000000e+91	
1.472061788054730907000000000000000000000e+92	
-9.217545056952542008000000000000000000000e+91	
8.024319406311783844000000000000000000000e+91	
-1.591384353118806723000000000000000000000e+92	
1.331353463568487614000000000000000000000e+91	
1.806134029368106497000000000000000000000e+92	
-5.876822643818786106000000000000000000000e+91	
1.085675146275283509000000000000000000000e+92	
-1.308141147474701598000000000000000000000e+92	
3.655748123012017710000000000000000000000e+91	
1.987795038993238008000000000000000000000e+92	
-4.060212547567470995000000000000000000000e+91	
1.226877395232745434000000000000000000000e+92	
-1.166938898517239674000000000000000000000e+92	
4.663384356095536328000000000000000000000e+91	
-1.927477858140431475000000000000000000000e+92	
-2.938220283352028194000000000000000000000e+91	
1.288358005019094838000000000000000000000e+92	
-1.105458288730890270000000000000000000000e+92	
6.130904905008077275000000000000000000000e+91	
-1.780725803249177380000000000000000000000e+92	
-6.184096518341280258000000000000000000000e+90	
1.605525660706498245000000000000000000000e+92	
-7.882906330434868622000000000000000000000e+91	
8.794375233852698180000000000000000000000e+91	
-1.514378770364715290000000000000000000000e+92	
1.537107366808133526000000000000000000000e+91	
1.770307310746291530000000000000000000000e+92	
-6.235089830036935781000000000000000000000e+91	
1.021580028446127260300000000000000000000e+92	
-1.372236265303857847000000000000000000000e+92	
2.732253635340556798000000000000000000000e+91	
1.867205320556130576000000000000000000000e+92	
-5.266109731938545315000000000000000000000e+91	
1.166194010623208505000000000000000000000e+92	
-1.227622283126776603000000000000000000000e+92	
4.655315713799289719000000000000000000000e+91	
-1.928284722370056136000000000000000000000e+92	
-2.347821707953832990000000000000000000000e+91	
1.407214800547696828000000000000000000000e+92	
-9.866014932022882793000000000000000000000e+91	
6.557696343373865614000000000000000000000e+91	
-1.738046659412598546000000000000000000000e+92	
-9.530156188178396197000000000000000000000e+90	
1.495963215763092157000000000000000000000e+92	
-8.978530779868929506000000000000000000000e+91	
8.011965465305023557000000000000000000000e+91	
-1.592619747219482752000000000000000000000e+92	
1.067756402315506468000000000000000000000e+91	
1.754662514776885808000000000000000000000e+92	
-6.391537789730992994000000000000000000000e+91	
1.009104320554222673000000000000000000000e+92	
-1.384711973195762435000000000000000000000e+92	
2.639171665668621196000000000000000000000e+91	
1.861063058145755771000000000000000000000e+92	
-5.327532356042293364000000000000000000000e+91	
1.153362332103461490000000000000000000000e+92	
-1.240453961646523618000000000000000000000e+92	
4.460138058571711600000000000000000000000e+91	
-1.947802487892813948000000000000000000000e+92	
-2.609826958715790242000000000000000000000e+91	
1.374334841711671405000000000000000000000e+92	
-1.019481452038313702900000000000000000000e+92	
6.162135658800002938000000000000000000000e+91	
-1.777602727869984814000000000000000000000e+92	
-1.415304174763785875000000000000000000000e+91	
1.443064893861947994000000000000000000000e+92	
-9.507513998880371135000000000000000000000e+91	
7.624791459279702471000000000000000000000e+91	
-1.631337147822014860000000000000000000000e+92	
8.223210354107645364000000000000000000000e+90	
1.744285788124148254000000000000000000000e+92	
-6.495305056258368541000000000000000000000e+91	
1.012887353575386328700000000000000000000e+92	
-1.380928940174598779000000000000000000000e+92	
2.818529124068292351000000000000000000000e+91	
1.893144473456422155000000000000000000000e+92	
-5.006718202935629523000000000000000000000e+91	
1.155474600329932610000000000000000000000e+92	
-1.238341693420052497000000000000000000000e+92	
4.181718416760913274000000000000000000000e+91	
-1.975644452073893780000000000000000000000e+92	
-3.187639852061192146000000000000000000000e+91	
1.286629127058902951000000000000000000000e+92	
-1.107187166691082157000000000000000000000e+92	
5.622554795869055374000000000000000000000e+91	
-1.831560814163079570000000000000000000000e+92	
-1.617576705145477394000000000000000000000e+91	
1.456551687332338550000000000000000000000e+92	
-9.372646064176465573000000000000000000000e+91	
7.046239536555782352000000000000000000000e+91	
-1.689192340094406872000000000000000000000e+92	
-4.692956987179892465000000000000000000000e+90	
1.543853120503594822000000000000000000000e+92	
-8.499631732463902850000000000000000000000e+91	
8.500417626421865992000000000000000000000e+91	
-1.543774531107798508000000000000000000000e+92	
1.565756922867990234000000000000000000000e+91	
1.805416927584685796000000000000000000000e+92	
-5.883993661652993110000000000000000000000e+91	
1.060812619160048857000000000000000000000e+92	
-1.333003674589936251000000000000000000000e+92	
3.165788762525589482000000000000000000000e+91	
1.914677704429419741000000000000000000000e+92	
-4.791385893205653668000000000000000000000e+91	
1.204888704295816889000000000000000000000e+92	
-1.188927589454168218000000000000000000000e+92	
4.954529432247920771000000000000000000000e+91	
-1.898363350525193030000000000000000000000e+92	
-2.136297545793278948000000000000000000000e+91	
1.419602625160965396000000000000000000000e+92	
-9.742136685890197120000000000000000000000e+91	
6.593972292020550976000000000000000000000e+91	
-1.734419064547930010000000000000000000000e+92	
-1.004298370822835267900000000000000000000e+91	
1.482083428011183622000000000000000000000e+92	
-9.117328657388014854000000000000000000000e+91	
8.058497481682384004000000000000000000000e+91	
-1.587966545581746707000000000000000000000e+92	
1.299526079886387968000000000000000000000e+91	
1.796354029973157352000000000000000000000e+92	
-5.974622637768277556000000000000000000000e+91	
1.069301169097348952000000000000000000000e+92	
-1.324515124652636156000000000000000000000e+92	
3.426101389500699496000000000000000000000e+91	
1.958242949445546050000000000000000000000e+92	
-4.355733443044390579000000000000000000000e+91	
1.211301168455297317000000000000000000000e+92	
-1.182515125294687790000000000000000000000e+92	
4.647311162668021993000000000000000000000e+91	
-1.929085177483182908000000000000000000000e+92	
-2.814673921173594345000000000000000000000e+91	
1.314667648383155220000000000000000000000e+92	
-1.079148645366829887000000000000000000000e+92	
6.098421247214698659000000000000000000000e+91	
-1.783974169028515242000000000000000000000e+92	
-9.463263003958066642000000000000000000000e+90	
1.543205399519343916000000000000000000000e+92	
-8.506108942306411912000000000000000000000e+91	
7.876033612958906748000000000000000000000e+91	
-1.606212932454094433000000000000000000000e+92	
3.237736180453082092000000000000000000000e+90	
1.619489403888626156000000000000000000000e+92	
-7.743268898613589516000000000000000000000e+91	
9.333415125279584600000000000000000000000e+91	
-1.460474781222026648000000000000000000000e+92	
2.475350948135277150000000000000000000000e+91	
1.904032170790621443000000000000000000000e+92	
-4.897841229593636645000000000000000000000e+91	
1.167079892980532856000000000000000000000e+92	
-1.226736400769452252000000000000000000000e+92	
4.304943725190782384000000000000000000000e+91	
-1.963321921230906869000000000000000000000e+92	
-3.057245731170303632000000000000000000000e+91	
1.300385063625449135000000000000000000000e+92	
-1.093431230124535972000000000000000000000e+92	
5.744770248427650371000000000000000000000e+91	
-1.819339268907220070000000000000000000000e+92	
-1.510697529523733078000000000000000000000e+91	
1.465706740437801920000000000000000000000e+92	
-9.281095533121831874000000000000000000000e+91	
7.170095168762077624000000000000000000000e+91	
-1.676806776873777345000000000000000000000e+92	
-3.131510425655737525000000000000000000000e+90	
1.562694881593004569000000000000000000000e+92	
-8.311214121569805384000000000000000000000e+91	
8.620306099428088156000000000000000000000e+91	
-1.531785683807176292000000000000000000000e+92	
1.617150362725096076000000000000000000000e+91	
1.803710177032078755000000000000000000000e+92	
-5.901061167179063528000000000000000000000e+91	
1.052263181149280139100000000000000000000e+92	
-1.341553112600704968000000000000000000000e+92	
3.011901561681897035000000000000000000000e+91	
1.892453105961261889000000000000000000000e+92	
-5.013631877887232183000000000000000000000e+91	
1.197155723630213187000000000000000000000e+92	
-1.196660570119771920000000000000000000000e+92	
5.022043683515721396000000000000000000000e+91	
-1.891611925398412968000000000000000000000e+92	
-1.924011320811502210000000000000000000000e+91	
1.455301240196952955000000000000000000000e+92	
-9.385150535530321522000000000000000000000e+91	
7.095586355278777326000000000000000000000e+91	
-1.684257658222107375000000000000000000000e+92	
-3.581283713077120112000000000000000000000e+90	
1.561148827506284456000000000000000000000e+92	
-8.326674662437006515000000000000000000000e+91	
8.542422118784481522000000000000000000000e+91	
-1.539574081871536955000000000000000000000e+92	
1.476874008435088630000000000000000000000e+91	
1.783446409305376054000000000000000000000e+92	
-6.103698844446090532000000000000000000000e+91	
1.025766384646523307500000000000000000000e+92	
-1.368049909103461800000000000000000000000e+92	
2.684634328665036774000000000000000000000e+91	
1.853499556294017577000000000000000000000e+92	
-5.403167374559675310000000000000000000000e+91	
1.171427866189883546000000000000000000000e+92	
-1.222388427560101562000000000000000000000e+92	
4.896956211382624966000000000000000000000e+91	
-1.904120672611722611000000000000000000000e+92	
-1.916973477916857559000000000000000000000e+91	
1.469210980538964066000000000000000000000e+92	
-9.246053132110210415000000000000000000000e+91	
7.366677597445978392000000000000000000000e+91	
-1.657148534005387268000000000000000000000e+92	
4.489102053580000841000000000000000000000e+89	
1.614637016020322303000000000000000000000e+92	
-7.791792777296628048000000000000000000000e+91	
8.797620936713084682000000000000000000000e+91	
-1.514054200078676639000000000000000000000e+92	
1.452528948382042834000000000000000000000e+91	
1.753071427497921192000000000000000000000e+92	
-6.407448662520639156000000000000000000000e+91	
1.022937782706804640900000000000000000000e+92	
-1.370878511043180467000000000000000000000e+92	
2.931675018508774236000000000000000000000e+91	
1.905722594081338220000000000000000000000e+92	
-4.880936996686468880000000000000000000000e+91	
1.165362696818395442000000000000000000000e+92	
-1.228453596931589666000000000000000000000e+92	
4.253712527662382420000000000000000000000e+91	
-1.968445040983746866000000000000000000000e+92	
-3.142519214423971598000000000000000000000e+91	
1.288455180902175818000000000000000000000e+92	
-1.105361112847809289000000000000000000000e+92	
5.697614637184546698000000000000000000000e+91	
-1.824054830031530438000000000000000000000e+92	
-1.485745828125922826000000000000000000000e+91	
1.475409053293596589000000000000000000000e+92	
-9.184072404563885185000000000000000000000e+91	
7.114516666805227974000000000000000000000e+91	
-1.682364627069462310000000000000000000000e+92	
-5.212552301340151698000000000000000000000e+90	
1.526639484985789755000000000000000000000e+92	
-8.671768087641953523000000000000000000000e+91	
8.582753619599079844000000000000000000000e+91	
-1.535540931790077123000000000000000000000e+92	
1.902438621730936086000000000000000000000e+91	
1.864507010075195879000000000000000000000e+92	
-5.293092836747892287000000000000000000000e+91	
1.145311962589878370000000000000000000000e+92	
-1.248504331160106738000000000000000000000e+92	
4.264748352531354970000000000000000000000e+91	
-1.967341458496849611000000000000000000000e+92	
-2.920045500603316142000000000000000000000e+91	
1.331835818598520020000000000000000000000e+92	
-1.061980475151465088000000000000000000000e+92	
5.683750987957326902000000000000000000000e+91	
-1.825441194954252417000000000000000000000e+92	
-1.947056712629369930000000000000000000000e+91	
1.384555509319488227000000000000000000000e+92	
-1.009260784430496880600000000000000000000e+92	
7.153332768459309114000000000000000000000e+91	
-1.678483016904054196000000000000000000000e+92	
4.644409466479966183000000000000000000000e+90	
1.719849987013414297000000000000000000000e+92	
-6.739663067365708108000000000000000000000e+91	
9.997981106030123033000000000000000000000e+91	
-1.394018183146972804000000000000000000000e+92	
2.801045807572696950000000000000000000000e+91	
1.902731409124368317000000000000000000000e+92	
-4.910848846256167904000000000000000000000e+91	
1.141068268304004545000000000000000000000e+92	
-1.252748025445980562000000000000000000000e+92	
3.797841826307521536000000000000000000000e+91	
-2.014032111119232954000000000000000000000e+92	
-3.811210365388940312000000000000000000000e+91	
1.200314612231137056000000000000000000000e+92	
-1.193501681518848051000000000000000000000e+92	
5.267405889227340564000000000000000000000e+91	
-1.867075704827251051000000000000000000000e+92	
-1.464982183474864486000000000000000000000e+91	
1.522560213579973935000000000000000000000e+92	
-8.712560801700111730000000000000000000000e+91	
7.981630403390670958000000000000000000000e+91	
-1.595653253410918012000000000000000000000e+92	
7.412637617672014765000000000000000000000e+90	
1.692412231664900994000000000000000000000e+92	
-7.014040620850841136000000000000000000000e+91	
9.402162120125403380000000000000000000000e+91	
-1.453600081737444770000000000000000000000e+92	
1.883945360268286413000000000000000000000e+91	
1.778909207394706366000000000000000000000e+92	
-6.149070863552787421000000000000000000000e+91	
1.085347935756627867000000000000000000000e+92	
-1.308468357993357240000000000000000000000e+92	
3.921318271647333841000000000000000000000e+91	
2.041222899828215832000000000000000000000e+92	
-3.525933939217692758000000000000000000000e+91	
1.296868304433186837000000000000000000000e+92	
-1.096947989316798271000000000000000000000e+92	
5.528841502811941196000000000000000000000e+91	
-1.840932143468790988000000000000000000000e+92	
-1.907297469844052390000000000000000000000e+91	
1.407988618357188032000000000000000000000e+92	
-9.858276753927970753000000000000000000000e+91	
6.975721150021768030000000000000000000000e+91	
-1.696244178747808304000000000000000000000e+92	
-1.249083700216875950000000000000000000000e+90	
1.619761776378756911000000000000000000000e+92	
-7.740545173712281964000000000000000000000e+91	
8.585771016585545334000000000000000000000e+91	
-1.535239192091430574000000000000000000000e+92	
9.777124396833736086000000000000000000000e+90	
1.679306204768798489000000000000000000000e+92	
-7.145100889811866186000000000000000000000e+91	
1.004876266207051795800000000000000000000e+92	
-1.388940027542933312000000000000000000000e+92	
3.307819696448672337000000000000000000000e+91	
1.998985338029755960000000000000000000000e+92	
-3.948309557202291472000000000000000000000e+91	
1.273733526783788001000000000000000000000e+92	
-1.120082766966197107000000000000000000000e+92	
5.488426499421139728000000000000000000000e+91	
-1.844973643807871135000000000000000000000e+92	
-1.756874721206622238000000000000000000000e+91	
1.442105171045150290000000000000000000000e+92	
-9.517111227048348178000000000000000000000e+91	
6.912900518600301184000000000000000000000e+91	
-1.702526241889954989000000000000000000000e+92	
-5.915141088800732272000000000000000000000e+90	
1.532742786829990916000000000000000000000e+92	
-8.610735069199941912000000000000000000000e+91	
8.365949577980273224000000000000000000000e+91	
-1.557221335951957785000000000000000000000e+92	
1.407935790583290443000000000000000000000e+91	
1.787300668179468686000000000000000000000e+92	
-6.065156255705164220000000000000000000000e+91	
1.040363375207255119500000000000000000000e+92	
-1.353452918542729988000000000000000000000e+92	
2.937978088032537684000000000000000000000e+91	
1.889565973956850145000000000000000000000e+92	
-5.042503197931349624000000000000000000000e+91	
1.184741469167490969000000000000000000000e+92	
-1.209074824582494138000000000000000000000e+92	
4.802677327717063987000000000000000000000e+91	
-1.913548560978278709000000000000000000000e+92	
-2.238554097966045962000000000000000000000e+91	
1.414334056969026903000000000000000000000e+92	
-9.794822367809582044000000000000000000000e+91	
6.590832810533320035000000000000000000000e+91	
-1.734733012696653104000000000000000000000e+92	
-9.579163094217601167000000000000000000000e+90	
1.491671323912863019000000000000000000000e+92	
-9.021449698371220890000000000000000000000e+91	
8.049533932743765188000000000000000000000e+91	
-1.588862900475608589000000000000000000000e+92	
1.185772199722653536000000000000000000000e+91	
1.774504823910634935000000000000000000000e+92	
-6.193114698393501724000000000000000000000e+91	
1.036983357469664392800000000000000000000e+92	
-1.356832936280320715000000000000000000000e+92	
2.998289316441271414000000000000000000000e+91	
1.905003553755457029000000000000000000000e+92	
-4.888127399945280786000000000000000000000e+91	
1.180258390611265512000000000000000000000e+92	
-1.213557903138719596000000000000000000000e+92	
4.558739097289701011000000000000000000000e+91	
-1.937942384021015006000000000000000000000e+92	
-2.681500683913425735000000000000000000000e+91	
1.350148466825439147000000000000000000000e+92	
-1.043667826924545960700000000000000000000e+92	
5.983870904816433444000000000000000000000e+91	
-1.795429203268341763000000000000000000000e+92	
-1.530001585034415134000000000000000000000e+91	
1.437948723664775203000000000000000000000e+92	
-9.558675700852099043000000000000000000000e+91	
7.439285674531765720000000000000000000000e+91	
-1.649887726296808536000000000000000000000e+92	
5.025380265979434655000000000000000000000e+90	
1.698886447380168324000000000000000000000e+92	
-6.949298463698167840000000000000000000000e+91	
9.540736521868131685000000000000000000000e+91	
-1.439742641563171939000000000000000000000e+92	
2.096315262677360897000000000000000000000e+91	
1.807522075138504723000000000000000000000e+92	
-5.862942186114803850000000000000000000000e+91	
1.098318176564336377000000000000000000000e+92	
-1.295498117185648731000000000000000000000e+92	
3.894672258665960479000000000000000000000e+91	
2.022931237380218376000000000000000000000e+92	
-3.708850563697667316000000000000000000000e+91	
1.262957357918984070000000000000000000000e+92	
-1.130858935831001037000000000000000000000e+92	
5.033616929140375832000000000000000000000e+91	
-1.890454600835947524000000000000000000000e+92	
-2.558559458597407819000000000000000000000e+91	
1.327266443451895644000000000000000000000e+92	
-1.066549850298089463000000000000000000000e+92	
6.499528668415406402000000000000000000000e+91	
-1.743863426908444467000000000000000000000e+92	
-2.702363267572280068000000000000000000000e+90	
1.638298967133416083000000000000000000000e+92	
-7.555173266165690242000000000000000000000e+91	
9.101678209771832714000000000000000000000e+91	
-1.483648472772801836000000000000000000000e+92	
1.823990421772408182000000000000000000000e+91	
1.796954640380752132000000000000000000000e+92	
-5.968616533692329752000000000000000000000e+91	
1.052509219528473661400000000000000000000e+92	
-1.341307074221511446000000000000000000000e+92	
3.084342851201284294000000000000000000000e+91	
1.906691842762272627000000000000000000000e+92	
-4.871244509877124803000000000000000000000e+91	
1.196577809460028210000000000000000000000e+92	
-1.197238484289956898000000000000000000000e+92	
4.868171769788729806000000000000000000000e+91	
-1.906999116771112127000000000000000000000e+92	
-2.225902305573683942000000000000000000000e+91	
1.410317601048350032000000000000000000000e+92	
-9.834986927016350753000000000000000000000e+91	
6.497878184719903296000000000000000000000e+91	
-1.744028475277994778000000000000000000000e+92	
-1.103634729930542403000000000000000000000e+91	
1.471825728276108371000000000000000000000e+92	
-9.219905654738767366000000000000000000000e+91	
7.962914524111273616000000000000000000000e+91	
-1.597524841338857746000000000000000000000e+92	
1.210933681387198078000000000000000000000e+91	
1.788193498132881478000000000000000000000e+92	
-6.056227956171036292000000000000000000000e+91	
1.061838997542304223000000000000000000000e+92	
-1.331977296207680884000000000000000000000e+92	
3.358459801288962513000000000000000000000e+91	
1.952176455979848859000000000000000000000e+92	
-4.416398377701362489000000000000000000000e+91	
1.203766907339913908000000000000000000000e+92	
-1.190049386410071200000000000000000000000e+92	
4.557298179622892120000000000000000000000e+91	
-1.938086475787695896000000000000000000000e+92	
-2.919349975139708594000000000000000000000e+91	
1.302734465628129896000000000000000000000e+92	
-1.091081828121855212000000000000000000000e+92	
6.010255356395378817000000000000000000000e+91	
-1.792790758110447226000000000000000000000e+92	
-1.003341764764393805000000000000000000000e+91	
1.540617345471435101000000000000000000000e+92	
-8.531989482785500063000000000000000000000e+91	
7.881272501523200780000000000000000000000e+91	
-1.605689043597665030000000000000000000000e+92	
3.601164485181604862000000000000000000000e+90	
1.626232533184029382000000000000000000000e+92	
-7.675837605659557254000000000000000000000e+91	
9.334986258350325322000000000000000000000e+91	
-1.460317667914952575000000000000000000000e+92	
2.411094697797324900000000000000000000000e+91	
1.891027083432239143000000000000000000000e+92	
-5.027892103177459650000000000000000000000e+91	
1.147498617683477164000000000000000000000e+92	
-1.246317676066507944000000000000000000000e+92	
4.043401820397068713000000000000000000000e+91	
-1.989476111710278236000000000000000000000e+92	
-3.384484076511054001000000000000000000000e+91	
1.261094854536348714000000000000000000000e+92	
-1.132721439213636393000000000000000000000e+92	
5.491312935746846364000000000000000000000e+91	
-1.844685000175300471000000000000000000000e+92	
-1.624779461157051643000000000000000000000e+91	
1.468229149116619592000000000000000000000e+92	
-9.255871446333655155000000000000000000000e+91	
7.054997254022859728000000000000000000000e+91	
-1.688316568347699135000000000000000000000e+92	
-5.685011251037594094000000000000000000000e+90	
1.523141636456733672000000000000000000000e+92	
-8.706746572932514352000000000000000000000e+91	
8.521869958176714302000000000000000000000e+91	
-1.541629297932313677000000000000000000000e+92	
1.815662676346310082000000000000000000000e+91	
1.853241475715860875000000000000000000000e+92	
-5.405748180341242326000000000000000000000e+91	
1.131459776343741383000000000000000000000e+92	
-1.262356517406243724000000000000000000000e+92	
4.100372844133041799000000000000000000000e+91	
-1.983779009336680928000000000000000000000e+92	
-3.110261788413939484000000000000000000000e+91	
1.310231397888364650000000000000000000000e+92	
-1.083584895861620458000000000000000000000e+92	
5.522638362742549724000000000000000000000e+91	
-1.841552457475730135000000000000000000000e+92	
-2.053265093631649266000000000000000000000e+91	
1.379422363233590335000000000000000000000e+92	
-1.014393930516394772400000000000000000000e+92	
6.985975565999598784000000000000000000000e+91	
-1.695218737150025229000000000000000000000e+92	
1.811157448520722615000000000000000000000e+90	
1.679926438253006628000000000000000000000e+92	
-7.138898554969784793000000000000000000000e+91	
9.482893017423791669000000000000000000000e+91	
-1.445526992007605941000000000000000000000e+92	
2.170162774062144829000000000000000000000e+91	
1.828069374023336634000000000000000000000e+92	
-5.657469197266484737000000000000000000000e+91	
1.090991724242730368000000000000000000000e+92	
-1.302824569507254739000000000000000000000e+92	
3.542808942043388098000000000000000000000e+91	
1.959898891339517236000000000000000000000e+92	
-4.339174024104678714000000000000000000000e+91	
1.234141731125295232000000000000000000000e+92	
-1.159674562624689876000000000000000000000e+92	
5.087457568112285643000000000000000000000e+91	
-1.885070536938756543000000000000000000000e+92	
-2.162892113532411418000000000000000000000e+91	
1.400998836956478403000000000000000000000e+92	
-9.928174567935067043000000000000000000000e+91	
6.513066370901473899000000000000000000000e+91	
-1.742509656659837718000000000000000000000e+92	
-9.801246517978084431000000000000000000000e+90	
1.495003534453763038000000000000000000000e+92	
-8.988127592962220694000000000000000000000e+91	
7.965333588324043202000000000000000000000e+91	
-1.597282934917580787000000000000000000000e+92	
9.841078926020777855000000000000000000000e+90	
1.742597842730563287000000000000000000000e+92	
-6.512184510194218202000000000000000000000e+91	
9.933416687143829974000000000000000000000e+91	
-1.400474625035602110000000000000000000000e+92	
2.444583752986213248000000000000000000000e+91	
1.837909966898340231000000000000000000000e+92	
-5.559063268516448768000000000000000000000e+91	
1.138055939614100866000000000000000000000e+92	
-1.255760354135884242000000000000000000000e+92	
4.385502070773040036000000000000000000000e+91	
2.081354785938597250000000000000000000000e+92	
-3.124615078113878580000000000000000000000e+91	
1.330716825326320701000000000000000000000e+92	
-1.063099468423664407000000000000000000000e+92	
5.804524329850266438000000000000000000000e+91	
-1.813363860764958464000000000000000000000e+92	
-1.694385769981494921000000000000000000000e+91	
1.423005799542146008000000000000000000000e+92	
-9.708104942078390996000000000000000000000e+91	
7.258419952339169143000000000000000000000e+91	
-1.667974298516068193000000000000000000000e+92	
2.902514683603708692000000000000000000000e+90	
1.674517271665449314000000000000000000000e+92	
-7.192990220845357937000000000000000000000e+91	
9.265655195164579979000000000000000000000e+91	
-1.467250774233527110000000000000000000000e+92	
1.789859987992485673000000000000000000000e+91	
1.773740714251953623000000000000000000000e+92	
-6.200755794980314849000000000000000000000e+91	
1.071216379563479568000000000000000000000e+92	
-1.322599914186505540000000000000000000000e+92	
3.690416685482056340000000000000000000000e+91	
2.009178597195414962000000000000000000000e+92	
-3.846376965545701460000000000000000000000e+91	
1.255874313972413768000000000000000000000e+92	
-1.137941979777571340000000000000000000000e+92	
5.029449259630487324000000000000000000000e+91	
-1.890871367786936375000000000000000000000e+92	
-2.496097534059203179000000000000000000000e+91	
1.340172279370811554000000000000000000000e+92	
-1.053644014379173553100000000000000000000e+92	
6.487524833207775800000000000000000000000e+91	
-1.745063810429207528000000000000000000000e+92	
-4.232321542631329522000000000000000000000e+90	
1.608907201869118089000000000000000000000e+92	
-7.849090918808670190000000000000000000000e+91	
8.666908864233053062000000000000000000000e+91	
-1.527125407326679801000000000000000000000e+92	
1.248439480676543095000000000000000000000e+91	
1.725328392960810444000000000000000000000e+92	
-6.684879007891746632000000000000000000000e+91	
1.010747793986214967200000000000000000000e+92	
-1.383068499763770140000000000000000000000e+92	
2.965228186981949791000000000000000000000e+91	
1.924615480100021092000000000000000000000e+92	
-4.692008136499640152000000000000000000000e+91	
1.159272923674472320000000000000000000000e+92	
-1.234543370075512788000000000000000000000e+92	
3.943112535223543262000000000000000000000e+91	
-1.999505040227630781000000000000000000000e+92	
-3.702697199111307775000000000000000000000e+91	
1.207492003899249263000000000000000000000e+92	
-1.186324289850735845000000000000000000000e+92	
5.416806809144979884000000000000000000000e+91	
-1.852135612835487119000000000000000000000e+92	
-1.237992892773235506000000000000000000000e+91	
1.553014118405894889000000000000000000000e+92	
-8.408021753440902189000000000000000000000e+91	
8.363680615197608926000000000000000000000e+91	
-1.557448232230224215000000000000000000000e+92	
1.200786562319008277000000000000000000000e+91	
1.746107915034026567000000000000000000000e+92	
-6.477083787159585406000000000000000000000e+91	
9.787029828976128366000000000000000000000e+91	
-1.415113310852372271000000000000000000000e+92	
2.116799634124163369000000000000000000000e+91	
1.787000856498538416000000000000000000000e+92	
-6.068154372514466913000000000000000000000e+91	
1.125571895512197803000000000000000000000e+92	
-1.268244398237787305000000000000000000000e+92	
4.644721063587498040000000000000000000000e+91	
-1.929344187391235304000000000000000000000e+92	
-1.962986747799965960000000000000000000000e+91	
1.485221578344989389000000000000000000000e+92	
-9.085947154049957184000000000000000000000e+91	
7.732800244556557706000000000000000000000e+91	
-1.620536269294329337000000000000000000000e+92	
6.169278088538690505000000000000000000000e+90	
1.692421861291074274000000000000000000000e+92	
-7.013944324589108330000000000000000000000e+91	
9.297144118087920959000000000000000000000e+91	
-1.464101881941193012000000000000000000000e+92	
1.673865371923164417000000000000000000000e+91	
1.747400238525188783000000000000000000000e+92	
-6.464160552247963250000000000000000000000e+91	
1.076096792784853299000000000000000000000e+92	
-1.317719500965131808000000000000000000000e+92	
4.051274330895739901000000000000000000000e+91	
2.076454183161209162000000000000000000000e+92	
-3.173621105887759453000000000000000000000e+91	
1.354324199195792718000000000000000000000e+92	
-1.039492094554192389600000000000000000000e+92	
6.325535960020529860000000000000000000000e+91	
-1.761262697747932122000000000000000000000e+92	
-8.885780527221430058000000000000000000000e+90	
1.532052006595490588000000000000000000000e+92	
-8.617642871544945194000000000000000000000e+91	
7.745210828184519665000000000000000000000e+91	
-1.619295210931533141000000000000000000000e+92	
1.736715771755305502000000000000000000000e+90	
1.602552233658422390000000000000000000000e+92	
-7.912640600915627176000000000000000000000e+91	
9.205037744919177144000000000000000000000e+91	
-1.473312519258067393000000000000000000000e+92	
2.387947488166385284000000000000000000000e+91	
1.899387177693192973000000000000000000000e+92	
-4.944291160567921346000000000000000000000e+91	
1.166528214657687419000000000000000000000e+92	
-1.227288079092297688000000000000000000000e+92	
4.340339718602467485000000000000000000000e+91	
-1.959782321889738359000000000000000000000e+92	
-2.980957322086126722000000000000000000000e+91	
1.312101111017650998000000000000000000000e+92	
-1.081715182732334109000000000000000000000e+92	
5.775305798862181704000000000000000000000e+91	
-1.816285713863766937000000000000000000000e+92	
-1.566743792149837153000000000000000000000e+91	
1.451448241766346409000000000000000000000e+92	
-9.423680519836386985000000000000000000000e+91	
7.210779554530424010000000000000000000000e+91	
-1.672738338296942706000000000000000000000e+92	
-8.928849156229121120000000000000000000000e+89	
1.603389837031120909000000000000000000000e+92	
-7.904264567188641988000000000000000000000e+91	
8.639376986133286196000000000000000000000e+91	
-1.529878595136656488000000000000000000000e+92	
1.248535616440609469000000000000000000000e+91	
1.728099432966575859000000000000000000000e+92	
-6.657168607834092488000000000000000000000e+91	
1.007673158018036238600000000000000000000e+92	
-1.386143135731948869000000000000000000000e+92	
2.876054159602168296000000000000000000000e+91	
1.909858218348571435000000000000000000000e+92	
-4.839580754014136725000000000000000000000e+91	
1.148976739803970607000000000000000000000e+92	
-1.244839553946014500000000000000000000000e+92	
3.884739273984105010000000000000000000000e+91	
-2.005342366351574607000000000000000000000e+92	
-3.716504073180169208000000000000000000000e+91	
1.210565737284259278000000000000000000000e+92	
-1.183250556465725830000000000000000000000e+92	
5.353267134422119056000000000000000000000e+91	
-1.858489580307773202000000000000000000000e+92	
-1.395762657446590066000000000000000000000e+91	
1.527818822470768778000000000000000000000e+92	
-8.659974712792163299000000000000000000000e+91	
8.017591333102768116000000000000000000000e+91	
-1.592057160439708296000000000000000000000e+92	
7.606078060882653396000000000000000000000e+90	
1.692685774526625126000000000000000000000e+92	
-7.011305192233599812000000000000000000000e+91	
9.440030242521848844000000000000000000000e+91	
-1.449813269497800223000000000000000000000e+92	
1.956928692036859348000000000000000000000e+91	
1.789717313938211263000000000000000000000e+92	
-6.040989798117738450000000000000000000000e+91	
1.088716363609871854000000000000000000000e+92	
-1.305099930140113254000000000000000000000e+92	
3.880642788155342360000000000000000000000e+91	
2.029723075921783125000000000000000000000e+92	
-3.640932178282019824000000000000000000000e+91	
1.277939903773038152000000000000000000000e+92	
-1.115876389976946956000000000000000000000e+92	
5.265308698300726936000000000000000000000e+91	
-1.867285423919912414000000000000000000000e+92	
-2.245042121036157548000000000000000000000e+91	
1.366796661853828987000000000000000000000e+92	
-1.027019631896156120800000000000000000000e+92	
6.721277818975163163000000000000000000000e+91	
-1.721688511852468791000000000000000000000e+92	
-2.219538379172345430000000000000000000000e+90	
1.625789182720978974000000000000000000000e+92	
-7.680271110290061340000000000000000000000e+91	
8.803286318475459274000000000000000000000e+91	
-1.513487661902439180000000000000000000000e+92	
1.352390726154742005000000000000000000000e+91	
1.732482510379898883000000000000000000000e+92	
-6.613337833700862244000000000000000000000e+91	
1.024748783141520445400000000000000000000e+92	
-1.369067510608464662000000000000000000000e+92	
3.173672721227757310000000000000000000000e+91	
1.952299992022721500000000000000000000000e+92	
-4.415163017272636081000000000000000000000e+91	
1.193794090019078786000000000000000000000e+92	
-1.200022203730906321000000000000000000000e+92	
4.356656719067523132000000000000000000000e+91	
-1.958150621843232794000000000000000000000e+92	
-3.220854501758000091000000000000000000000e+91	
1.262502725989066908000000000000000000000e+92	
-1.131313567760918200000000000000000000000e+92	
5.821755215258636358000000000000000000000e+91	
-1.811640772224121472000000000000000000000e+92	
-9.781310605899146648000000000000000000000e+90	
1.564498864721417424000000000000000000000e+92	
-8.293174290285676836000000000000000000000e+91	
8.333585878292936190000000000000000000000e+91	
-1.560457705920691488000000000000000000000e+92	
1.025821758406464618600000000000000000000e+91	
1.714131637657359500000000000000000000000e+92	
-6.796846560926256074000000000000000000000e+91	
9.761575218834374833000000000000000000000e+91	
-1.417658771866547624000000000000000000000e+92	
2.385506719939036868000000000000000000000e+91	
1.843273095198082347000000000000000000000e+92	
-5.505431985519027603000000000000000000000e+91	
1.119567812171164582000000000000000000000e+92	
-1.274248481578820526000000000000000000000e+92	
3.962226938913921414000000000000000000000e+91	
-1.997593599858592966000000000000000000000e+92	
-3.267624388835989485000000000000000000000e+91	
1.292574424678726154000000000000000000000e+92	
-1.101241869071258953000000000000000000000e+92	
5.386940372635392297000000000000000000000e+91	
-1.855122256486445878000000000000000000000e+92	
-2.148111682295607117000000000000000000000e+91	
1.374020811469195105000000000000000000000e+92	
-1.019795482280790002200000000000000000000e+92	
6.845652642836350929000000000000000000000e+91	
-1.709251029466350015000000000000000000000e+92	
-4.547163142205837237000000000000000000000e+89	
1.648645548417743832000000000000000000000e+92	
-7.451707453322412752000000000000000000000e+91	
9.083905506659660020000000000000000000000e+91	
-1.485425743084019106000000000000000000000e+92	
1.685039539198749702000000000000000000000e+91	
1.770947764823882134000000000000000000000e+92	
-6.228685289261029732000000000000000000000e+91	
1.052160518382533652900000000000000000000e+92	
-1.341655775367451455000000000000000000000e+92	
3.337309891403504342000000000000000000000e+91	
1.957621189058729030000000000000000000000e+92	
-4.361951046912560772000000000000000000000e+91	
1.193211313775930014000000000000000000000e+92	
-1.200604979974055093000000000000000000000e+92	
4.291818606012780722000000000000000000000e+91	
-1.964634433148707035000000000000000000000e+92	
-3.344673597890243882000000000000000000000e+91	
1.244225653361139971000000000000000000000e+92	
-1.149590640388845137000000000000000000000e+92	
5.763946125116131000000000000000000000000e+91	
-1.817421681238372008000000000000000000000e+92	
-9.110407039663009567000000000000000000000e+90	
1.583691629218290696000000000000000000000e+92	
-8.101246645316944118000000000000000000000e+91	
8.650288684120026618000000000000000000000e+91	
-1.528787425337982446000000000000000000000e+92	
1.467237628523995650000000000000000000000e+91	
1.770738324531710206000000000000000000000e+92	
-6.230779692182749014000000000000000000000e+91	
1.006317326261384987200000000000000000000e+92	
-1.387498967488600120000000000000000000000e+92	
2.422767556347585394000000000000000000000e+91	
1.820578613310972326000000000000000000000e+92	
-5.732376804390127819000000000000000000000e+91	
1.152797995936270193000000000000000000000e+92	
-1.241018297813714914000000000000000000000e+92	
4.853497114087166897000000000000000000000e+91	
-1.908466582341268418000000000000000000000e+92	
-1.817664056630131555000000000000000000000e+91	
1.493411669397759374000000000000000000000e+92	
-9.004046243522257334000000000000000000000e+91	
7.751310937414123958000000000000000000000e+91	
-1.618685200008572712000000000000000000000e+92	
5.720798313054428492000000000000000000000e+90	
1.681604349652040112000000000000000000000e+92	
-7.122119440979449954000000000000000000000e+91	
9.164958012700713664000000000000000000000e+91	
-1.477320492479913741000000000000000000000e+92	
1.517680227032876417000000000000000000000e+91	
1.729383014440542791000000000000000000000e+92	
-6.644332793094423164000000000000000000000e+91	
1.063178454680598926000000000000000000000e+92	
-1.330637839069386182000000000000000000000e+92	
3.973054434148282596000000000000000000000e+91	
2.073726005627946573000000000000000000000e+92	
-3.200902881220385343000000000000000000000e+91	
1.356687298778216201000000000000000000000e+92	
-1.037128994971768906200000000000000000000e+92	
6.400054389359657335000000000000000000000e+91	
-1.753810854814019374000000000000000000000e+92	
-7.631975149003614018000000000000000000000e+90	
1.549673739983055095000000000000000000000e+92	
-8.441425537669300125000000000000000000000e+91	
7.822330583178520179000000000000000000000e+91	
-1.611583235432133090000000000000000000000e+92	
1.517430709525178648000000000000000000000e+90	
1.590459486226502286000000000000000000000e+92	
-8.033568075234828216000000000000000000000e+91	
9.293710730590483360000000000000000000000e+91	
-1.464445220690936772000000000000000000000e+92	
2.686116622448351545000000000000000000000e+91	
1.950143280035711328000000000000000000000e+92	
-4.436730137142737794000000000000000000000e+91	
1.238213085156440353000000000000000000000e+92	
-1.155603208593544755000000000000000000000e+92	
5.266371949432220696000000000000000000000e+91	
-1.867179098806763038000000000000000000000e+92	
-1.845845669299331988000000000000000000000e+91	
1.446509813284430207000000000000000000000e+92	
-9.473064804655549008000000000000000000000e+91	
6.841674818129066795000000000000000000000e+91	
-1.709648811937078428000000000000000000000e+92	
-7.779545650025298021000000000000000000000e+90	
1.502582999518923136000000000000000000000e+92	
-8.912332942310619718000000000000000000000e+91	
8.308379790261842358000000000000000000000e+91	
-1.562978314723800872000000000000000000000e+92	
1.594272643359947080000000000000000000000e+91	
1.830312879060847231000000000000000000000e+92	
-5.635034146891378768000000000000000000000e+91	
1.107741979287463632000000000000000000000e+92	
-1.286074314462521476000000000000000000000e+92	
3.855306797153145883000000000000000000000e+91	
-2.008285614034670519000000000000000000000e+92	
-3.363211986170065286000000000000000000000e+91	
1.284148355403851204000000000000000000000e+92	
-1.109667938346133904000000000000000000000e+92	
5.278830637011535588000000000000000000000e+91	
-1.865933230048831549000000000000000000000e+92	
-2.280058591896141578000000000000000000000e+91	
1.358443589410639670000000000000000000000e+92	
-1.035372704339345437100000000000000000000e+92	
6.740494119518183322000000000000000000000e+91	
-1.719766881798166775000000000000000000000e+92	
-1.000416462753894923500000000000000000000e+90	
1.648244880152204212000000000000000000000e+92	
-7.455714135977808955000000000000000000000e+91	
9.130436992464719130000000000000000000000e+91	
-1.480772594503513194000000000000000000000e+92	
1.782084042249965296000000000000000000000e+91	
1.785701002983883707000000000000000000000e+92	
-6.081152907661014010000000000000000000000e+91	
1.056212894291009338600000000000000000000e+92	
-1.337603399458975769000000000000000000000e+92	
3.270878282708559076000000000000000000000e+91	
1.940287814234504336000000000000000000000e+92	
-4.535284795154807713000000000000000000000e+91	
1.198517007415920741000000000000000000000e+92	
-1.195299286334064366000000000000000000000e+92	
4.571153559722431693000000000000000000000e+91	
-1.936700937777741938000000000000000000000e+92	
-2.839173238132367641000000000000000000000e+91	
1.317380974419897186000000000000000000000e+92	
-1.076435319330087921000000000000000000000e+92	
6.016286547765037116000000000000000000000e+91	
-1.792187638973481396000000000000000000000e+92	
-1.137674580527779862000000000000000000000e+91	
1.513154648645118492000000000000000000000e+92	
-8.806616451048666154000000000000000000000e+91	
7.466421200629123970000000000000000000000e+91	
-1.647174173687072710000000000000000000000e+92	
-1.948893998850533949000000000000000000000e+90	
1.556723468631992018000000000000000000000e+92	
-8.370928251179930892000000000000000000000e+91	
8.937189393762591460000000000000000000000e+91	
-1.500097354373725962000000000000000000000e+92	
2.310443660628630009000000000000000000000e+91	
1.910661774469081187000000000000000000000e+92	
-4.831545192809039208000000000000000000000e+91	
1.196818322845343301000000000000000000000e+92	
-1.196997970904641807000000000000000000000e+92	
4.833301280537512120000000000000000000000e+91	
-1.910486165696233896000000000000000000000e+92	
-2.298029867055482503000000000000000000000e+91	
1.399380991841275032000000000000000000000e+92	
-9.944353019087100750000000000000000000000e+91	
6.351292094474243920000000000000000000000e+91	
-1.758687084302560716000000000000000000000e+92	
-1.287422295160042170000000000000000000000e+91	
1.449728675652041326000000000000000000000e+92	
-9.440876180979437818000000000000000000000e+91	
7.820904397395279024000000000000000000000e+91	
-1.611725854010457205000000000000000000000e+92	
1.147844658155078962000000000000000000000e+91	
1.789772778509614277000000000000000000000e+92	
-6.040435152403708310000000000000000000000e+91	
1.071302534925202572000000000000000000000e+92	
-1.322513758824782535000000000000000000000e+92	
3.531898507778717291000000000000000000000e+91	
1.977396738107531414000000000000000000000e+92	
-4.164195556424536936000000000000000000000e+91	
1.212290231287571332000000000000000000000e+92	
-1.181526062462413775000000000000000000000e+92	
4.475644932667768478000000000000000000000e+91	
-1.946251800483208260000000000000000000000e+92	
-3.167806654511867930000000000000000000000e+91	
1.261216755717346274000000000000000000000e+92	
-1.132599538032638834000000000000000000000e+92	
5.948343667394864888000000000000000000000e+91	
-1.798981927010498619000000000000000000000e+92	
-7.121638524434160898000000000000000000000e+90	
1.605026524706534502000000000000000000000e+92	
-7.887897690434506053000000000000000000000e+91	
8.878102540063553210000000000000000000000e+91	
-1.506006039743629787000000000000000000000e+92	
1.709509186814498903000000000000000000000e+91	
1.796410531082303683000000000000000000000e+92	
-5.974057626676814250000000000000000000000e+91	
1.028897840223734045600000000000000000000e+92	
-1.364918453526251062000000000000000000000e+92	
2.617671156444169822000000000000000000000e+91	
1.836980357237766080000000000000000000000e+92	
-5.568359365122190275000000000000000000000e+91	
1.175711752088806683000000000000000000000e+92	
-1.218104541661178424000000000000000000000e+92	
5.147722389688181032000000000000000000000e+91	
-1.879044054781167004000000000000000000000e+92	
-1.458383459006742779000000000000000000000e+91	
1.535842023769056170000000000000000000000e+92	
-8.579742699809289378000000000000000000000e+91	
8.240605067396333274000000000000000000000e+91	
-1.569755787010351780000000000000000000000e+92	
1.126332203840988948000000000000000000000e+91	
1.743522178398980565000000000000000000000e+92	
-6.502941153510045423000000000000000000000e+91	
9.809745269599699503000000000000000000000e+91	
-1.412841766790015157000000000000000000000e+92	
2.188063708604402539000000000000000000000e+91	
1.798979711223510972000000000000000000000e+92	
-5.948365825264741352000000000000000000000e+91	
1.127268997240359617000000000000000000000e+92	
-1.266547296509625490000000000000000000000e+92	
4.558925719865160039000000000000000000000e+91	
-1.937923721763469104000000000000000000000e+92	
-2.151497309027252728000000000000000000000e+91	
1.456104112276420396000000000000000000000e+92	
-9.377121814735647114000000000000000000000e+91	
7.339012577019198730000000000000000000000e+91	
-1.659915036048065234000000000000000000000e+92	
1.205782016444515813000000000000000000000e+90	
1.632535810779437800000000000000000000000e+92	
-7.612804829705473078000000000000000000000e+91	
8.757829466407698556000000000000000000000e+91	
-1.518033347109215252000000000000000000000e+92	
1.194066939630869884000000000000000000000e+91	
1.705369055304722403000000000000000000000e+92	
-6.884472384452627046000000000000000000000e+91	
1.021537582814643925900000000000000000000e+92	
-1.372278710935341182000000000000000000000e+92	
3.380464311639391494000000000000000000000e+91	
1.996857620971611818000000000000000000000e+92	
-3.969586727783732895000000000000000000000e+91	
1.262218305332383044000000000000000000000e+92	
-1.131597988417602064000000000000000000000e+92	
5.279445959552136104000000000000000000000e+91	
-1.865871697794771497000000000000000000000e+92	
-2.059636891103265222000000000000000000000e+91	
1.402455458261579243000000000000000000000e+92	
-9.913608354884058649000000000000000000000e+91	
6.715239111643934532000000000000000000000e+91	
-1.722292382585591654000000000000000000000e+92	
-5.904387490739301850000000000000000000000e+90	
1.552714108999798754000000000000000000000e+92	
-8.411021847501863538000000000000000000000e+91	
8.145164902836047988000000000000000000000e+91	
-1.579299803466380309000000000000000000000e+92	
7.668624868199551902000000000000000000000e+90	
1.681185391348939006000000000000000000000e+92	
-7.126309024010461016000000000000000000000e+91	
9.581710096624689950000000000000000000000e+91	
-1.435645284087516113000000000000000000000e+92	
2.355164488838597288000000000000000000000e+91	
1.855183719927559690000000000000000000000e+92	
-5.386325738224254180000000000000000000000e+91	
1.099845782722758643000000000000000000000e+92	
-1.293970511027226464000000000000000000000e+92	
3.448837528155033310000000000000000000000e+91	
1.932259633114566505000000000000000000000e+92	
-4.615566606354186025000000000000000000000e+91	
1.245131876084948528000000000000000000000e+92	
-1.148684417665036580000000000000000000000e+92	
5.583460803490654212000000000000000000000e+91	
-1.835470213400919686000000000000000000000e+92	
-1.280979242761747880000000000000000000000e+91	
1.527761882096524644000000000000000000000e+92	
-8.660544116534604640000000000000000000000e+91	
7.901726518305425710000000000000000000000e+91	
-1.603643641919442537000000000000000000000e+92	
5.295049590386168768000000000000000000000e+90	
1.658057421621131489000000000000000000000e+92	
-7.357588721288536186000000000000000000000e+91	
9.337884266047492865000000000000000000000e+91	
-1.460027867145235821000000000000000000000e+92	
2.098798768767633755000000000000000000000e+91	
1.828293783040889535000000000000000000000e+92	
-5.655225107090955728000000000000000000000e+91	
1.075643658996713067000000000000000000000e+92	
-1.318172634753272040000000000000000000000e+92	
3.233681046122755556000000000000000000000e+91	
1.913429123462048895000000000000000000000e+92	
-4.803871702879362124000000000000000000000e+91	
1.220646206366152152000000000000000000000e+92	
-1.173170087383832956000000000000000000000e+92	
5.282080649545209215000000000000000000000e+91	
-1.865608228795464186000000000000000000000e+92	
-1.638854723565688787000000000000000000000e+91	
1.486327612920245898000000000000000000000e+92	
-9.074886808297392097000000000000000000000e+91	
7.430944717491072893000000000000000000000e+91	
-1.650721822000877818000000000000000000000e+92	
2.312137094553457460000000000000000000000e+88	
1.599699844708095435000000000000000000000e+92	
-7.941164490418896728000000000000000000000e+91	
8.874376350010703659000000000000000000000e+91	
-1.506378658748914742000000000000000000000e+92	
1.755298951931557275000000000000000000000e+91	
1.805938638861823813000000000000000000000e+92	
-5.878776548881612948000000000000000000000e+91	
1.042911012063771045800000000000000000000e+92	
-1.350905281686214062000000000000000000000e+92	
2.802631194734347858000000000000000000000e+91	
1.859956962095057160000000000000000000000e+92	
-5.338593316549279480000000000000000000000e+91	
1.189178435775527020000000000000000000000e+92	
-1.204637857974458088000000000000000000000e+92	
5.187337342656092806000000000000000000000e+91	
-1.875082559484375827000000000000000000000e+92	
-1.513773085685227489000000000000000000000e+91	
1.520807331207677885000000000000000000000e+92	
-8.730089625423072230000000000000000000000e+91	
7.995348100028266220000000000000000000000e+91	
-1.594281483747158486000000000000000000000e+92	
7.862124283812796034000000000000000000000e+90	
1.700028641059442758000000000000000000000e+92	
-6.937876526905423496000000000000000000000e+91	
9.412185679233340838000000000000000000000e+91	
-1.452597725826651024000000000000000000000e+92	
1.827861300546908828000000000000000000000e+91	
1.766693329502330482000000000000000000000e+92	
-6.271229642476546252000000000000000000000e+91	
1.087126975456126817000000000000000000000e+92	
-1.306689318293858290000000000000000000000e+92	
4.078988196375902773000000000000000000000e+91	
-1.985917474112394830000000000000000000000e+92	
-2.709913062636149912000000000000000000000e+91	
1.392418619511632326000000000000000000000e+92	
-1.001397674238352782100000000000000000000e+92	
6.623757511976049743000000000000000000000e+91	
-1.731440542552380133000000000000000000000e+92	
-6.730379835775374326000000000000000000000e+90	
1.545341980019237334000000000000000000000e+92	
-8.484743137307477739000000000000000000000e+91	
8.052761260841817831000000000000000000000e+91	
-1.588540167665803324000000000000000000000e+92	
6.557857902404371908000000000000000000000e+90	
1.668211345530080834000000000000000000000e+92	
-7.256049482199042736000000000000000000000e+91	
9.491628714020217694000000000000000000000e+91	
-1.444653422347963338000000000000000000000e+92	
2.304722444777110578000000000000000000000e+91	
1.854101476653847000000000000000000000000e+92	
-5.397148170961381076000000000000000000000e+91	
1.090383265791006978000000000000000000000e+92	
-1.303433027958978130000000000000000000000e+92	
3.270451328172696075000000000000000000000e+91	
-2.066771160932715500000000000000000000000e+92	
-4.359131114198561227000000000000000000000e+91	
1.143470534006968887000000000000000000000e+92	
-1.250345759743016220000000000000000000000e+92	
4.743142712777290816000000000000000000000e+91	
-1.919502022472256026000000000000000000000e+92	
-1.945089739900956777000000000000000000000e+91	
1.478962822457153271000000000000000000000e+92	
-9.148534712928318369000000000000000000000e+91	
7.589768173470438615000000000000000000000e+91	
-1.634839476402941246000000000000000000000e+92	
3.934912601957502976000000000000000000000e+90	
1.662041760139242858000000000000000000000e+92	
-7.317745336107422498000000000000000000000e+91	
9.005639212788484740000000000000000000000e+91	
-1.493252372471136634000000000000000000000e+92	
1.394650453467643993000000000000000000000e+91	
1.720707133731074273000000000000000000000e+92	
-6.731091600189108349000000000000000000000e+91	
1.046840961739715488700000000000000000000e+92	
-1.346975332010269619000000000000000000000e+92	
3.733101511795036245000000000000000000000e+91	
2.042076725137579755000000000000000000000e+92	
-3.517395686124053525000000000000000000000e+91	
1.317387839175574347000000000000000000000e+92	
-1.076428454574410761000000000000000000000e+92	
5.930596074681286958000000000000000000000e+91	
-1.800756686281856412000000000000000000000e+92	
-1.309081494707320970000000000000000000000e+91	
1.487446578948035732000000000000000000000e+92	
-9.063697148019493758000000000000000000000e+91	
7.353812064766754888000000000000000000000e+91	
-1.658435087273309619000000000000000000000e+92	
-1.630988734691875393000000000000000000000e+90	
1.574335301196551854000000000000000000000e+92	
-8.194809925534332540000000000000000000000e+91	
8.807737369797164820000000000000000000000e+91	
-1.513042556770268626000000000000000000000e+92	
1.875573359546719405000000000000000000000e+91	
1.836648116330539065000000000000000000000e+92	
-5.571681774194460428000000000000000000000e+91	
1.092293228793356532000000000000000000000e+92	
-1.301523064956628576000000000000000000000e+92	
3.483087826445999823000000000000000000000e+91	
-2.045507511105385125000000000000000000000e+92	
-3.953054064724455843000000000000000000000e+91	
1.203412667162946444000000000000000000000e+92	
-1.190403626587038664000000000000000000000e+92	
4.932726069128326032000000000000000000000e+91	
-1.900543686837152504000000000000000000000e+92	
-2.165140395634205998000000000000000000000e+91	
1.416014741837259396000000000000000000000e+92	
-9.778015519127257121000000000000000000000e+91	
6.551060976969061427000000000000000000000e+91	
-1.738710196053078965000000000000000000000e+92	
-1.054238667849666908700000000000000000000e+91	
1.476386849920698797000000000000000000000e+92	
-9.174294438292863102000000000000000000000e+91	
8.016471279664409859000000000000000000000e+91	
-1.592169165783544122000000000000000000000e+92	
1.272432021809354974000000000000000000000e+91	
1.795137095434967914000000000000000000000e+92	
-5.986791983150171932000000000000000000000e+91	
1.069575963073922056000000000000000000000e+92	
-1.324240330676063052000000000000000000000e+92	
3.443759190562993876000000000000000000000e+91	
1.961498973665787196000000000000000000000e+92	
-4.323173200841979112000000000000000000000e+91	
1.211400114463540860000000000000000000000e+92	
-1.182416179286444247000000000000000000000e+92	
4.616745552389154730000000000000000000000e+91	
-1.932141738511069635000000000000000000000e+92	
-2.876778897874319418000000000000000000000e+91	
1.305304783683306188000000000000000000000e+92	
-1.088511510066678920000000000000000000000e+92	
6.071608786059513655000000000000000000000e+91	
-1.786655415144033742000000000000000000000e+92	
-9.063558279655415506000000000000000000000e+90	
1.553877416549987905000000000000000000000e+92	
-8.399388771999972026000000000000000000000e+91	
8.049470261972581520000000000000000000000e+91	
-1.588869267552726956000000000000000000000e+92	
5.638935431293922083000000000000000000000e+90	
1.650166405392780474000000000000000000000e+92	
-7.436498883572046337000000000000000000000e+91	
9.498769830009022704000000000000000000000e+91	
-1.443939310749082837000000000000000000000e+92	
2.499360720385508248000000000000000000000e+91	
1.892305689048537728000000000000000000000e+92	
-5.015106047014473792000000000000000000000e+91	
1.141232983051420906000000000000000000000e+92	
-1.252583310698564201000000000000000000000e+92	
3.905340616840240280000000000000000000000e+91	
-2.003282232065961080000000000000000000000e+92	
-3.597912610741910941000000000000000000000e+91	
1.232219018834507456000000000000000000000e+92	
-1.161597274915477652000000000000000000000e+92	
5.362308026084211117000000000000000000000e+91	
-1.857585491141563996000000000000000000000e+92	
-1.594110427595385190000000000000000000000e+91	
1.487255500338732876000000000000000000000e+92	
-9.065607934112522316000000000000000000000e+91	
7.404775819885564834000000000000000000000e+91	
-1.653338711761428624000000000000000000000e+92	
-5.928689109010224405000000000000000000000e+89	
1.589998692074891499000000000000000000000e+92	
-8.038176016750936084000000000000000000000e+91	
8.852412586196204366000000000000000000000e+91	
-1.508575035130364671000000000000000000000e+92	
1.808345601786869186000000000000000000000e+91	
1.818740612188296356000000000000000000000e+92	
-5.750756815616887520000000000000000000000e+91	
1.063206562562950504000000000000000000000e+92	
-1.330609731187034603000000000000000000000e+92	
3.080485178339689056000000000000000000000e+91	
1.895228480861551846000000000000000000000e+92	
-4.985878128884332620000000000000000000000e+91	
1.208565125330220297000000000000000000000e+92	
-1.185251168419764811000000000000000000000e+92	
5.222434999749960772000000000000000000000e+91	
-1.871572793774989030000000000000000000000e+92	
-1.637365652721933195000000000000000000000e+91	
1.492586949590911289000000000000000000000e+92	
-9.012293441590738188000000000000000000000e+91	
7.554611970425947471000000000000000000000e+91	
-1.638355096707390360000000000000000000000e+92	
1.870228817568697504000000000000000000000e+90	
1.624272230409628824000000000000000000000e+92	
-7.695440633403562836000000000000000000000e+91	
8.990692520564757830000000000000000000000e+91	
-1.494747041693509324000000000000000000000e+92	
1.742271838050626930000000000000000000000e+91	
1.791708036027781976000000000000000000000e+92	
-6.021082577222031317000000000000000000000e+91	
1.041081163539848890800000000000000000000e+92	
-1.352735130210136217000000000000000000000e+92	
2.908278538046968876000000000000000000000e+91	
1.882910110897902312000000000000000000000e+92	
-5.109061828520827958000000000000000000000e+91	
1.185892308421421129000000000000000000000e+92	
-1.207923985328563978000000000000000000000e+92	
4.892213891948928814000000000000000000000e+91	
-1.904594904555092226000000000000000000000e+92	
-2.071028194142735501000000000000000000000e+91	
1.438881700032939301000000000000000000000e+92	
-9.549345937170458063000000000000000000000e+91	
6.914220974528494366000000000000000000000e+91	
-1.702394196297135671000000000000000000000e+92	
-5.566551862240490870000000000000000000000e+90	
1.539580856667200304000000000000000000000e+92	
-8.542354370827848038000000000000000000000e+91	
8.363321036933041806000000000000000000000e+91	
-1.557484190056680927000000000000000000000e+92	
1.334333349121933550000000000000000000000e+91	
1.772846566133732283000000000000000000000e+92	
-6.209697276162528242000000000000000000000e+91	
1.018818945645897079900000000000000000000e+92	
-1.374997348104088028000000000000000000000e+92	
2.651665803532946378000000000000000000000e+91	
1.853851473489227619000000000000000000000e+92	
-5.399648202607574888000000000000000000000e+91	
1.164060148662581398000000000000000000000e+92	
-1.229756145087403710000000000000000000000e+92	
4.746121107013424818000000000000000000000e+91	
-1.919204183048642626000000000000000000000e+92	
-2.144928112372758462000000000000000000000e+91	
1.438707402074657263000000000000000000000e+92	
-9.551088916753278444000000000000000000000e+91	
6.984599023414836206000000000000000000000e+91	
-1.695356391408501487000000000000000000000e+92	
-4.141920011752517018000000000000000000000e+90	
1.561032101343899593000000000000000000000e+92	
-8.327841924060855143000000000000000000000e+91	
8.425120336636408744000000000000000000000e+91	
-1.551304260086344233000000000000000000000e+92	
1.243495502163063506000000000000000000000e+91	
1.748506663029466016000000000000000000000e+92	
-6.453096307205190918000000000000000000000e+91	
9.838140650332923070000000000000000000000e+91	
-1.410002228716692801000000000000000000000e+92	
2.195020298472297144000000000000000000000e+91	
1.797532558063151734000000000000000000000e+92	
-5.962837356868333733000000000000000000000e+91	
1.130357024707488048000000000000000000000e+92	
-1.263459269042497059000000000000000000000e+92	
4.635135230681977048000000000000000000000e+91	
-1.930302770681787403000000000000000000000e+92	
-2.029981120961806447000000000000000000000e+91	
1.472784144040819784000000000000000000000e+92	
-9.210321497091653237000000000000000000000e+91	
7.551074487792910684000000000000000000000e+91	
-1.638708844970694039000000000000000000000e+92	
3.778791803147085916000000000000000000000e+90	
1.662787564033809684000000000000000000000e+92	
-7.310287297161754233000000000000000000000e+91	
8.964281171650200825000000000000000000000e+91	
-1.497388176584965025000000000000000000000e+92	
1.304500626431939983000000000000000000000e+91	
1.706815400647371682000000000000000000000e+92	
-6.870008931026134260000000000000000000000e+91	
1.043284975217924037100000000000000000000e+92	
-1.350531318532061070000000000000000000000e+92	
3.800847674523546902000000000000000000000e+91	
2.059176802997691066000000000000000000000e+92	
-3.346394907522940419000000000000000000000e+91	
1.344808239974177425000000000000000000000e+92	
-1.049008053775807682500000000000000000000e+92	
6.307951951137942773000000000000000000000e+91	
-1.763021098636190830000000000000000000000e+92	
-8.286250851336661775000000000000000000000e+90	
1.545797142236532606000000000000000000000e+92	
-8.480191515134525010000000000000000000000e+91	
7.810212929867693205000000000000000000000e+91	
-1.612795000763215787000000000000000000000e+92	
1.662604797857720357000000000000000000000e+90	
