1.594573407783211234000000000000000000000e+92	
-7.992428859667738740000000000000000000000e+91	
9.278474675675354849000000000000000000000e+91	
-1.465968826182449623000000000000000000000e+92	
2.614533353202474796000000000000000000000e+91	
1.937353035896931370000000000000000000000e+92	
-4.564632578530537375000000000000000000000e+91	
1.219793726626781839000000000000000000000e+92	
-1.174022567123203269000000000000000000000e+92	
5.025915234511237990000000000000000000000e+91	
-1.891224770298861309000000000000000000000e+92	
-2.142537513502131831000000000000000000000e+91	
1.411219914576740549000000000000000000000e+92	
-9.825963791732445585000000000000000000000e+91	
6.441968381704885068000000000000000000000e+91	
-1.749619455579496601000000000000000000000e+92	
-1.224445156218110398000000000000000000000e+91	
1.453257853214518763000000000000000000000e+92	
-9.405584405354663450000000000000000000000e+91	
7.914718401733061402000000000000000000000e+91	
-1.602344453576678967000000000000000000000e+92	
1.300151766582626948000000000000000000000e+91	
1.810849888748459873000000000000000000000e+92	
-5.829664050015252344000000000000000000000e+91	
1.098223134995970007000000000000000000000e+92	
-1.295593158754015100000000000000000000000e+92	
3.859510325643886184000000000000000000000e+91	
-2.007865261185596489000000000000000000000e+92	
-3.259665950447934729000000000000000000000e+91	
1.304432265743447313000000000000000000000e+92	
-1.089384028006537794000000000000000000000e+92	
5.413947609833578190000000000000000000000e+91	
-1.852421532766627289000000000000000000000e+92	
-2.212630046530727304000000000000000000000e+91	
1.358420969835951684000000000000000000000e+92	
-1.035395323914033423700000000000000000000e+92	
6.883395317960480139000000000000000000000e+91	
-1.705476761953937094000000000000000000000e+92	
1.859157164743256056000000000000000000000e+90	
1.691139113414623020000000000000000000000e+92	
-7.026771803353620878000000000000000000000e+91	
9.702293135961607058000000000000000000000e+91	
-1.423586980153824402000000000000000000000e+92	
2.496782873031308301000000000000000000000e+91	
1.871448045971231254000000000000000000000e+92	
-5.223682477787538535000000000000000000000e+91	
1.111640259022459417000000000000000000000e+92	
-1.282176034727525691000000000000000000000e+92	
3.522106038710965851000000000000000000000e+91	
-2.041605689878888522000000000000000000000e+92	
-4.068411076668417971000000000000000000000e+91	
1.176447126304008421000000000000000000000e+92	
-1.217369167445976687000000000000000000000e+92	
4.989860436819274714000000000000000000000e+91	
-1.894830250068057636000000000000000000000e+92	
-1.781378884380839107000000000000000000000e+91	
1.487037352140752343000000000000000000000e+92	
-9.067789416092327650000000000000000000000e+91	
7.587589200901471750000000000000000000000e+91	
-1.635057373659837932000000000000000000000e+92	
3.084292869526497461000000000000000000000e+90	
1.645251387566790879000000000000000000000e+92	
-7.485649061831942288000000000000000000000e+91	
9.013217862498061794000000000000000000000e+91	
-1.492494507500178928000000000000000000000e+92	
1.577624146700307412000000000000000000000e+91	
1.756535278561775035000000000000000000000e+92	
-6.372810151882100724000000000000000000000e+91	
1.045533541677596978800000000000000000000e+92	
-1.348282752072388129000000000000000000000e+92	
3.348856473959124632000000000000000000000e+91	
1.966553609606379676000000000000000000000e+92	
-4.272626841436054320000000000000000000000e+91	
1.204784574677724325000000000000000000000e+92	
-1.189031719072260783000000000000000000000e+92	
4.433946475962581834000000000000000000000e+91	
-1.950421646153726924000000000000000000000e+92	
-3.176163603077505406000000000000000000000e+91	
1.263713552375554468000000000000000000000e+92	
-1.130102741374430640000000000000000000000e+92	
5.902777395815115538000000000000000000000e+91	
-1.803538554168473554000000000000000000000e+92	
-8.282292595725805861000000000000000000000e+90	
1.586373578952974771000000000000000000000e+92	
-8.074427147970103364000000000000000000000e+91	
8.621144099803756004000000000000000000000e+91	
-1.531701883769609507000000000000000000000e+92	
1.382156814060687091000000000000000000000e+91	
1.756639403836202089000000000000000000000e+92	
-6.371768899137830188000000000000000000000e+91	
1.004065123254878557200000000000000000000e+92	
-1.389751170495106550000000000000000000000e+92	
2.518653745884519931000000000000000000000e+91	
1.842002161430178373000000000000000000000e+92	
-5.518141323198067342000000000000000000000e+91	
1.149155256901831447000000000000000000000e+92	
-1.244661036848153661000000000000000000000e+92	
4.566531599022283746000000000000000000000e+91	
-1.937163133847756733000000000000000000000e+92	
-2.355043011682016534000000000000000000000e+91	
1.414644892162063284000000000000000000000e+92	
-9.791714015879218240000000000000000000000e+91	
6.713478908413326817000000000000000000000e+91	
-1.722468402908652426000000000000000000000e+92	
-7.157919556677697680000000000000000000000e+90	
1.527825638828722766000000000000000000000e+92	
-8.659906549212623418000000000000000000000e+91	
8.157953007887347236000000000000000000000e+91	
-1.578020992961250384000000000000000000000e+92	
1.041193172528166328800000000000000000000e+91	
1.734759701855869610000000000000000000000e+92	
-6.590565918941154973000000000000000000000e+91	
9.719636007119896657000000000000000000000e+91	
-1.421852693037995442000000000000000000000e+92	
2.095471185529850860000000000000000000000e+91	
1.789472256440440846000000000000000000000e+92	
-6.043440373095442616000000000000000000000e+91	
1.118299446303605943000000000000000000000e+92	
-1.275516847446379165000000000000000000000e+92	
4.474606571987060697000000000000000000000e+91	
2.118917912879955027000000000000000000000e+92	
-2.748983808700300808000000000000000000000e+91	
1.396918369575724842000000000000000000000e+92	
-9.968979241742602660000000000000000000000e+91	
6.752781421270672048000000000000000000000e+91	
-1.718538151622917903000000000000000000000e+92	
-4.600294828591586802000000000000000000000e+90	
1.575037109591565714000000000000000000000e+92	
-8.187791841584193938000000000000000000000e+91	
8.171726876505341589000000000000000000000e+91	
-1.576643606099450949000000000000000000000e+92	
5.968543035690820093000000000000000000000e+90	
1.644537339993717826000000000000000000000e+92	
-7.492789537562672814000000000000000000000e+91	
9.631371035571218512000000000000000000000e+91	
-1.430679190192863256000000000000000000000e+92	
2.820759780122331621000000000000000000000e+91	
1.943315984580207079000000000000000000000e+92	
-4.505003091697780286000000000000000000000e+91	
1.211104276957617256000000000000000000000e+92	
-1.182712016792367852000000000000000000000e+92	
4.792569674549768274000000000000000000000e+91	
-1.914559326295008280000000000000000000000e+92	
-2.522261252768906382000000000000000000000e+91	
1.358617007488785161000000000000000000000e+92	
-1.035199286261199946100000000000000000000e+92	
6.226165010250838854000000000000000000000e+91	
-1.771199792724901222000000000000000000000e+92	
-1.130177217558450703000000000000000000000e+91	
1.493676346844133046000000000000000000000e+92	
-9.001399469058520616000000000000000000000e+91	
7.662713012916802426000000000000000000000e+91	
-1.627544992458304865000000000000000000000e+92	
3.922826173869676186000000000000000000000e+90	
1.654509238012181548000000000000000000000e+92	
-7.393070557378035592000000000000000000000e+91	
9.087212990053297029000000000000000000000e+91	
-1.485094994744655405000000000000000000000e+92	
1.633045145703396668000000000000000000000e+91	
1.760220889981261962000000000000000000000e+92	
-6.335954037687231452000000000000000000000e+91	
1.053141680850158143900000000000000000000e+92	
-1.340674612899826964000000000000000000000e+92	
3.464143622061638913000000000000000000000e+91	
1.982000948910442284000000000000000000000e+92	
-4.118153448395428236000000000000000000000e+91	
1.224148588302740201000000000000000000000e+92	
-1.169667705447244906000000000000000000000e+92	
4.666733863399080226000000000000000000000e+91	
-1.927142907410077085000000000000000000000e+92	
-2.904248446777323158000000000000000000000e+91	
1.294815897629249270000000000000000000000e+92	
-1.099000396120735837000000000000000000000e+92	
6.130645886296830556000000000000000000000e+91	
-1.780751705120302052000000000000000000000e+92	
-6.834743476069955563000000000000000000000e+90	
1.592541848592305582000000000000000000000e+92	
-8.012744451576795256000000000000000000000e+91	
8.599795922983643700000000000000000000000e+91	
-1.533836701451620738000000000000000000000e+92	
1.277819085811256130000000000000000000000e+91	
1.737910805990285430000000000000000000000e+92	
-6.559054877596996776000000000000000000000e+91	
1.002909906368708032900000000000000000000e+92	
-1.390906387381277075000000000000000000000e+92	
2.682747929578602218000000000000000000000e+91	
1.875967473703452394000000000000000000000e+92	
-5.178488200465327141000000000000000000000e+91	
1.145934376643786471000000000000000000000e+92	
-1.247881917106198636000000000000000000000e+92	
4.162645934799510228000000000000000000000e+91	
-1.977551700270034085000000000000000000000e+92	
-3.130420565976459060000000000000000000000e+91	
1.299976435677079801000000000000000000000e+92	
-1.093839858072905306000000000000000000000e+92	
5.594529081379002427000000000000000000000e+91	
-1.834363385612084865000000000000000000000e+92	
-1.807020847569896300000000000000000000000e+91	
1.421473463570314368000000000000000000000e+92	
-9.723428301796707401000000000000000000000e+91	
7.037249301870263188000000000000000000000e+91	
-1.690091363562958789000000000000000000000e+92	
-1.366640293103991897000000000000000000000e+90	
1.611261476434773860000000000000000000000e+92	
-7.825548173152112480000000000000000000000e+91	
8.451233272561891474000000000000000000000e+91	
-1.548692966493795960000000000000000000000e+92	
7.936646029185441997000000000000000000000e+90	
1.655952875775619244000000000000000000000e+92	
-7.378634179743658634000000000000000000000e+91	
9.920233265571281140000000000000000000000e+91	
-1.401792967192856994000000000000000000000e+92	
3.284241936335356878000000000000000000000e+91	
2.007117502553017105000000000000000000000e+92	
-3.866987911969680028000000000000000000000e+91	
1.292350411337012395000000000000000000000e+92	
-1.101465882412972713000000000000000000000e+92	
5.779390366187493621000000000000000000000e+91	
-1.815877257131235746000000000000000000000e+92	
-1.361167986303854626000000000000000000000e+91	
1.492144918634790927000000000000000000000e+92	
-9.016713751151941806000000000000000000000e+91	
7.269713339389485162000000000000000000000e+91	
-1.666844959811036591000000000000000000000e+92	
-3.782144857523603156000000000000000000000e+90	
1.539728571564983589000000000000000000000e+92	
-8.540877221850015184000000000000000000000e+91	
8.739171701554576966000000000000000000000e+91	
-1.519899123594527411000000000000000000000e+92	
2.084371215778912891000000000000000000000e+91	
1.885250450914374925000000000000000000000e+92	
-5.085658428356101822000000000000000000000e+91	
1.168604315720496797000000000000000000000e+92	
-1.225211978029488311000000000000000000000e+92	
4.523148321638638739000000000000000000000e+91	
-1.941501461586121234000000000000000000000e+92	
-2.636181772495259826000000000000000000000e+91	
1.362767300060353147000000000000000000000e+92	
-1.031048993689631960200000000000000000000e+92	
5.957184091532460367000000000000000000000e+91	
-1.798097884596739071000000000000000000000e+92	
-1.709487462928657267000000000000000000000e+91	
1.404727833730302118000000000000000000000e+92	
-9.890884600196829891000000000000000000000e+91	
7.430618103825616922000000000000000000000e+91	
-1.650754483367423416000000000000000000000e+92	
8.172507684599510526000000000000000000000e+90	
1.762679659229392134000000000000000000000e+92	
-6.311366345205929734000000000000000000000e+91	
1.050172716114528386700000000000000000000e+92	
-1.343643577635456721000000000000000000000e+92	
3.380203646946881867000000000000000000000e+91	
1.968184618486730722000000000000000000000e+92	
-4.256316752632543861000000000000000000000e+91	
1.204912623486768257000000000000000000000e+92	
-1.188903670263216851000000000000000000000e+92	
4.420204843086838109000000000000000000000e+91	
-1.951795809441301297000000000000000000000e+92	
-3.204919880894973170000000000000000000000e+91	
1.259337207330024127000000000000000000000e+92	
-1.134479086419960981000000000000000000000e+92	
5.890821397436408486000000000000000000000e+91	
-1.804734154006344259000000000000000000000e+92	
-8.083936354163627792000000000000000000000e+90	
1.591534721455706708000000000000000000000e+92	
-8.022815722942783992000000000000000000000e+91	
8.704515511912296772000000000000000000000e+91	
-1.523364742558755430000000000000000000000e+92	
1.497272407330572379000000000000000000000e+91	
1.771323801473947493000000000000000000000e+92	
-6.224924922760376149000000000000000000000e+91	
1.012017419334251043300000000000000000000e+92	
-1.381798874415734064000000000000000000000e+92	
2.530889194589827702000000000000000000000e+91	
1.836500303774037434000000000000000000000e+92	
-5.573159899759476730000000000000000000000e+91	
1.157888752719430466000000000000000000000e+92	
-1.235927541030554641000000000000000000000e+92	
4.796149247178771568000000000000000000000e+91	
-1.914201369032107951000000000000000000000e+92	
-1.983213483044787695000000000000000000000e+91	
1.466041955647845472000000000000000000000e+92	
-9.277743381021396357000000000000000000000e+91	
7.369519910453651220000000000000000000000e+91	
-1.656864302704619986000000000000000000000e+92	
8.224870972150184619000000000000000000000e+89	
1.621822604837890994000000000000000000000e+92	
-7.719936889120941139000000000000000000000e+91	
8.796397226210828346000000000000000000000e+91	
-1.514176571128902273000000000000000000000e+92	
1.378262008557981481000000000000000000000e+91	
1.738344045708963151000000000000000000000e+92	
-6.554722480410219563000000000000000000000e+91	
1.023675238634016780800000000000000000000e+92	
-1.370141055115968327000000000000000000000e+92	
3.093620991439689904000000000000000000000e+91	
1.937366640220243609000000000000000000000e+92	
-4.564496535297414982000000000000000000000e+91	
1.171936007323782999000000000000000000000e+92	
-1.221880286426202108000000000000000000000e+92	
4.068863045335680431000000000000000000000e+91	
-1.986929989216417064000000000000000000000e+92	
-3.577826577270129312000000000000000000000e+91	
1.219891121045469259000000000000000000000e+92	
-1.173925172704515848000000000000000000000e+92	
5.542491328166054592000000000000000000000e+91	
-1.839567160933379648000000000000000000000e+92	
-1.110615868917678657000000000000000000000e+91	
1.565920987044399133000000000000000000000e+92	
-8.278953067055859748000000000000000000000e+91	
8.494440122226330932000000000000000000000e+91	
-1.544372281527352014000000000000000000000e+92	
1.333236048524580125000000000000000000000e+91	
1.759521777467462841000000000000000000000e+92	
-6.342945162825222663000000000000000000000e+91	
9.922856750809788301000000000000000000000e+91	
-1.401530618669006278000000000000000000000e+92	
2.254314013245974928000000000000000000000e+91	
1.800920956160235596000000000000000000000e+92	
-5.928953375897495116000000000000000000000e+91	
1.139116414342410212000000000000000000000e+92	
-1.254699879407574895000000000000000000000e+92	
4.776412312719273753000000000000000000000e+91	
-1.916175062478057732000000000000000000000e+92	
-1.835047569624243470000000000000000000000e+91	
1.497640475795410573000000000000000000000e+92	
-8.961758179545745342000000000000000000000e+91	
7.853240881744509166000000000000000000000e+91	
-1.608492205575534191000000000000000000000e+92	
7.336219741519928390000000000000000000000e+90	
1.703716817081710270000000000000000000000e+92	
-6.900994766682748370000000000000000000000e+91	
9.406350932172683921000000000000000000000e+91	
-1.453181200532716715000000000000000000000e+92	
1.779331304829054685000000000000000000000e+91	
1.757572929869465903000000000000000000000e+92	
-6.362433638805192048000000000000000000000e+91	
1.087046777301157223000000000000000000000e+92	
-1.306769516448827884000000000000000000000e+92	
4.168543239441955692000000000000000000000e+91	
2.088957593712955176000000000000000000000e+92	
-3.048587000370299320000000000000000000000e+91	
1.367603742995887159000000000000000000000e+92	
-1.026212550754097948500000000000000000000e+92	
6.466088867940432719000000000000000000000e+91	
-1.747207406955941836000000000000000000000e+92	
-7.402715355255285811000000000000000000000e+90	
1.547657633370729997000000000000000000000e+92	
-8.461586603792551108000000000000000000000e+91	
7.884661691714119872000000000000000000000e+91	
-1.605350124578573120000000000000000000000e+92	
2.965253004557406741000000000000000000000e+90	
1.613178717947573563000000000000000000000e+92	
-7.806375758024115448000000000000000000000e+91	
9.346253943712744795000000000000000000000e+91	
-1.459190899378710628000000000000000000000e+92	
2.564097648700938857000000000000000000000e+91	
1.920493851370290581000000000000000000000e+92	
-4.733224423796945264000000000000000000000e+91	
1.191124808273192008000000000000000000000e+92	
-1.202691485476793100000000000000000000000e+92	
4.621187485937125006000000000000000000000e+91	
-1.931697545156272607000000000000000000000e+92	
-2.665245083132717056000000000000000000000e+91	
1.347157046982710061000000000000000000000e+92	
-1.046659246767275046500000000000000000000e+92	
6.051671627237809526000000000000000000000e+91	
-1.788649131026204155000000000000000000000e+92	
-1.364534571324754794000000000000000000000e+91	
1.464257193628667404000000000000000000000e+92	
-9.295591001213177039000000000000000000000e+91	
7.495500419776379095000000000000000000000e+91	
-1.644266251772347198000000000000000000000e+92	
3.519857699436404568000000000000000000000e+90	
1.663164811650772664000000000000000000000e+92	
-7.306514820992124435000000000000000000000e+91	
8.976958913983143591000000000000000000000e+91	
-1.496120402351670748000000000000000000000e+92	
1.326079203064822992000000000000000000000e+91	
1.709862898774876348000000000000000000000e+92	
-6.839533949751087597000000000000000000000e+91	
1.044446284239070489300000000000000000000e+92	
-1.349370009510914618000000000000000000000e+92	
3.793608260625465420000000000000000000000e+91	
2.056568549425172799000000000000000000000e+92	
-3.372477443248123083000000000000000000000e+91	
1.340316611980267713000000000000000000000e+92	
-1.053499681769717395000000000000000000000e+92	
6.244211299931190123000000000000000000000e+91	
-1.769395163756866095000000000000000000000e+92	
-9.111807393264360478000000000000000000000e+90	
1.535661012880589565000000000000000000000e+92	
-8.581552808693955426000000000000000000000e+91	
7.690055355900984450000000000000000000000e+91	
-1.624810758159886662000000000000000000000e+92	
2.731597971350851576000000000000000000000e+89	
1.578801200130069221000000000000000000000e+92	
-8.150150936199158870000000000000000000000e+91	
9.160690183005575561000000000000000000000e+91	
-1.477747275449427552000000000000000000000e+92	
2.536666568748642896000000000000000000000e+91	
1.933556141697719970000000000000000000000e+92	
-4.602601520522651381000000000000000000000e+91	
1.219984631086973558000000000000000000000e+92	
-1.173831662663011550000000000000000000000e+92	
5.067682419721127089000000000000000000000e+91	
-1.887048051777872399000000000000000000000e+92	
-2.060932023793620949000000000000000000000e+91	
1.423362311373697312000000000000000000000e+92	
-9.704539823762877955000000000000000000000e+91	
6.593819290517801758000000000000000000000e+91	
-1.734434364698204932000000000000000000000e+92	
-1.042182449067657928400000000000000000000e+91	
1.474523790266329703000000000000000000000e+92	
-9.192925034836554049000000000000000000000e+91	
8.062785340680996964000000000000000000000e+91	
-1.587537759681885411000000000000000000000e+92	
1.383658419527555284000000000000000000000e+91	
1.812747738399587457000000000000000000000e+92	
-5.810685553503976508000000000000000000000e+91	
1.093671380361683274000000000000000000000e+92	
-1.300144913388301834000000000000000000000e+92	
3.749528834044491638000000000000000000000e+91	
-2.018863410345535944000000000000000000000e+92	
-3.434079305680178988000000000000000000000e+91	
1.280550950422706733000000000000000000000e+92	
-1.113265343327278375000000000000000000000e+92	
5.169086581209253338000000000000000000000e+91	
-1.876907635629059774000000000000000000000e+92	
-2.463535940739696143000000000000000000000e+91	
1.332726194690028682000000000000000000000e+92	
-1.061090099059956426000000000000000000000e+92	
6.639575864603808992000000000000000000000e+91	
-1.729858707289604208000000000000000000000e+92	
-4.478197230977048518000000000000000000000e+89	
1.669380867965625406000000000000000000000e+92	
-7.244354257843597018000000000000000000000e+91	
9.497819388737197593000000000000000000000e+91	
-1.444034354876265348000000000000000000000e+92	
2.305411309292210346000000000000000000000e+91	
1.853620455892494216000000000000000000000e+92	
-5.401958378574908913000000000000000000000e+91	
1.091066250611508260000000000000000000000e+92	
-1.302750043138476848000000000000000000000e+92	
3.288915439316388448000000000000000000000e+91	
-2.064924749818346263000000000000000000000e+92	
-4.329038530113122668000000000000000000000e+91	
1.147642060998143508000000000000000000000e+92	
-1.246174232751841600000000000000000000000e+92	
4.760213348295958940000000000000000000000e+91	
-1.917794958920389214000000000000000000000e+92	
-1.952651473936732070000000000000000000000e+91	
1.475744637971613078000000000000000000000e+92	
-9.180716557783720291000000000000000000000e+91	
7.532978470429454312000000000000000000000e+91	
-1.640518446707039676000000000000000000000e+92	
3.121059455054861734000000000000000000000e+90	
1.651444891549448505000000000000000000000e+92	
-7.423714022005366026000000000000000000000e+91	
8.951820790412864243000000000000000000000e+91	
-1.498634214708698683000000000000000000000e+92	
1.392956341112394808000000000000000000000e+91	
1.725747559439013279000000000000000000000e+92	
-6.680687343109718288000000000000000000000e+91	
1.040852913160851286400000000000000000000e+92	
-1.352963380589133821000000000000000000000e+92	
3.562991168293222901000000000000000000000e+91	
2.014048190800109560000000000000000000000e+92	
-3.797681029498755474000000000000000000000e+91	
1.278347287904746316000000000000000000000e+92	
-1.115469005845238792000000000000000000000e+92	
5.430125195891354260000000000000000000000e+91	
-1.850803774160849682000000000000000000000e+92	
-1.919562963600793523000000000000000000000e+91	
1.415402847920122063000000000000000000000e+92	
-9.784134458298630450000000000000000000000e+91	
6.866963352293773894000000000000000000000e+91	
-1.707119958520607718000000000000000000000e+92	
-4.164752376373420785000000000000000000000e+90	
1.572333280445447672000000000000000000000e+92	
-8.214830133045374362000000000000000000000e+91	
8.294067187321675073000000000000000000000e+91	
-1.564409575017817600000000000000000000000e+92	
8.684988757567880690000000000000000000000e+90	
1.686624792958718469000000000000000000000e+92	
-7.071915007912666387000000000000000000000e+91	
9.735974447115716877000000000000000000000e+91	
-1.420218849038413420000000000000000000000e+92	
2.609249471482764548000000000000000000000e+91	
1.890569313656801177000000000000000000000e+92	
-5.032469800931839302000000000000000000000e+91	
1.126777690104432185000000000000000000000e+92	
-1.267038603645552922000000000000000000000e+92	
3.633661809762905348000000000000000000000e+91	
-2.030450112773694573000000000000000000000e+92	
-3.996654028982970390000000000000000000000e+91	
1.179644939389835285000000000000000000000e+92	
-1.214171354360149822000000000000000000000e+92	
5.105949799415826766000000000000000000000e+91	
-1.883221313808402431000000000000000000000e+92	
-1.581220149489649725000000000000000000000e+91	
1.515455978998179804000000000000000000000e+92	
-8.783603147518053032000000000000000000000e+91	
7.955761185369001418000000000000000000000e+91	
-1.598240175213084966000000000000000000000e+92	
7.605451903349743727000000000000000000000e+90	
1.698853192178756920000000000000000000000e+92	
-6.949631015712281880000000000000000000000e+91	
9.371013901229265448000000000000000000000e+91	
-1.456714903627058563000000000000000000000e+92	
1.757286873380412351000000000000000000000e+91	
1.756697085144331044000000000000000000000e+92	
-6.371192086056540632000000000000000000000e+91	
1.083361395078204890000000000000000000000e+92	
-1.310454898671780217000000000000000000000e+92	
4.103608024395039298000000000000000000000e+91	
2.079657330446754758000000000000000000000e+92	
-3.141589633032303495000000000000000000000e+91	
1.355498134792908808000000000000000000000e+92	
-1.038318158957076299300000000000000000000e+92	
6.316993297838629197000000000000000000000e+91	
-1.762116963966122188000000000000000000000e+92	
-9.173926393516826392000000000000000000000e+90	
1.527144364355984298000000000000000000000e+92	
-8.666719293940008092000000000000000000000e+91	
7.739065531723313714000000000000000000000e+91	
-1.619909740577653736000000000000000000000e+92	
2.104360412132756766000000000000000000000e+90	
1.610517520631889783000000000000000000000e+92	
-7.832987731180953243000000000000000000000e+91	
9.193850589043900988000000000000000000000e+91	
-1.474431234845595009000000000000000000000e+92	
2.285965514828210511000000000000000000000e+91	
1.880114017177926171000000000000000000000e+92	
-5.137022765720589368000000000000000000000e+91	
1.138184607277068955000000000000000000000e+92	
-1.255631686472916153000000000000000000000e+92	
3.966244316827496721000000000000000000000e+91	
-1.997191862067235436000000000000000000000e+92	
-3.445666933610216606000000000000000000000e+91	
1.256573238466908710000000000000000000000e+92	
-1.137243055283076397000000000000000000000e+92	
5.412379370599153951000000000000000000000e+91	
-1.852578356690069712000000000000000000000e+92	
-1.737413650694750783000000000000000000000e+91	
1.453597344895088496000000000000000000000e+92	
-9.402189488548966115000000000000000000000e+91	
6.875012122495580687000000000000000000000e+91	
-1.706315081500427039000000000000000000000e+92	
-7.821365909199396586000000000000000000000e+90	
1.498414731114688484000000000000000000000e+92	
-8.954015626352966238000000000000000000000e+91	
8.346087879856527054000000000000000000000e+91	
-1.559207505764332402000000000000000000000e+92	
1.711331996367563242000000000000000000000e+91	
1.849949991646788750000000000000000000000e+92	
-5.438663021031963579000000000000000000000e+91	
1.135306322067789229000000000000000000000e+92	
-1.258509971682195878000000000000000000000e+92	
4.210183075635679952000000000000000000000e+91	
-1.972797986186417112000000000000000000000e+92	
-2.929142288639193108000000000000000000000e+91	
1.335470725861062929000000000000000000000e+92	
-1.058345567888922178400000000000000000000e+92	
5.704203172937225479000000000000000000000e+91	
-1.823395976456262560000000000000000000000e+92	
-1.942493503927409964000000000000000000000e+91	
1.383423723304926054000000000000000000000e+92	
-1.010392570445059053400000000000000000000e+92	
7.175627387038313840000000000000000000000e+91	
-1.676253555046153724000000000000000000000e+92	
5.203313161064927251000000000000000000000e+90	
1.728796927095189948000000000000000000000e+92	
-6.650193666547951594000000000000000000000e+91	
1.012101282700767351300000000000000000000e+92	
-1.381715011049217756000000000000000000000e+92	
2.957623145827199918000000000000000000000e+91	
1.921742035220478255000000000000000000000e+92	
-4.720742585295068530000000000000000000000e+91	
1.154287589573242036000000000000000000000e+92	
-1.239528704176743072000000000000000000000e+92	
3.872150812184981279000000000000000000000e+91	
-2.006601212531486980000000000000000000000e+92	
-3.794756799216094112000000000000000000000e+91	
1.196177306155353864000000000000000000000e+92	
-1.197638987594631244000000000000000000000e+92	
5.348423818494594576000000000000000000000e+91	
-1.858973911900525650000000000000000000000e+92	
-1.261634174225617628000000000000000000000e+91	
1.555121934530085094000000000000000000000e+92	
-8.386943592199000134000000000000000000000e+91	
8.429455963711390669000000000000000000000e+91	
-1.550870697378846041000000000000000000000e+92	
1.311236853758068033000000000000000000000e+91	
1.761618215142829577000000000000000000000e+92	
-6.321980786071555304000000000000000000000e+91	
9.986763317501606345000000000000000000000e+91	
-1.395139961999824473000000000000000000000e+92	
2.361141398934843148000000000000000000000e+91	
1.815893640598279303000000000000000000000e+92	
-5.779226531517058043000000000000000000000e+91	
1.144993309956636961000000000000000000000e+92	
-1.248822983793348147000000000000000000000e+92	
4.744268647426845448000000000000000000000e+91	
-1.919389429007300563000000000000000000000e+92	
-1.958058612075722379000000000000000000000e+91	
1.476257156010260437000000000000000000000e+92	
-9.175591377397246702000000000000000000000e+91	
7.548630727746608044000000000000000000000e+91	
-1.638953220975324303000000000000000000000e+92	
3.382800407671062724000000000000000000000e+90	
1.655113961232162795000000000000000000000e+92	
-7.387023325178223128000000000000000000000e+91	
8.966213605606064310000000000000000000000e+91	
-1.497194933189378676000000000000000000000e+92	
1.385062371607224647000000000000000000000e+91	
1.722730593159957999000000000000000000000e+92	
-6.710857005900271087000000000000000000000e+91	
1.042552552241824443500000000000000000000e+92	
-1.351263741508160664000000000000000000000e+92	
3.627130139681596575000000000000000000000e+91	
2.025173999862823798000000000000000000000e+92	
-3.686422938871613092000000000000000000000e+91	
1.294182663924945407000000000000000000000e+92	
-1.099633629825039701000000000000000000000e+92	
5.635551187674408178000000000000000000000e+91	
-1.830261174982544290000000000000000000000e+92	
-1.667088166566125744000000000000000000000e+91	
1.445352866681657962000000000000000000000e+92	
-9.484634270683271451000000000000000000000e+91	
7.066575093624683772000000000000000000000e+91	
-1.687158784387516730000000000000000000000e+92	
-3.167022313370931163000000000000000000000e+90	
1.572331676223817834000000000000000000000e+92	
-8.214846175261672730000000000000000000000e+91	
8.505160038260335732000000000000000000000e+91	
-1.543300289923951534000000000000000000000e+92	
1.290595557772092973000000000000000000000e+91	
1.749924343288682379000000000000000000000e+92	
-6.438919504613027282000000000000000000000e+91	
9.921949175991508335000000000000000000000e+91	
-1.401621376150834274000000000000000000000e+92	
2.348425893737501143000000000000000000000e+91	
1.819829360928945174000000000000000000000e+92	
-5.739869328210399338000000000000000000000e+91	
1.137907474156439824000000000000000000000e+92	
-1.255908819593545284000000000000000000000e+92	
4.563249578841670212000000000000000000000e+91	
2.117043833204083589000000000000000000000e+92	
-2.767724605459015186000000000000000000000e+91	
1.384311253683628370000000000000000000000e+92	
-1.009505040066356738100000000000000000000e+92	
6.519433315042445297000000000000000000000e+91	
-1.741872962245740578000000000000000000000e+92	
-8.006011481225035590000000000000000000000e+90	
1.530262923331972287000000000000000000000e+92	
-8.635533704180128204000000000000000000000e+91	
7.951312768006244784000000000000000000000e+91	
-1.598685016949360629000000000000000000000e+92	
6.036548154852059910000000000000000000000e+90	
1.667927545488988920000000000000000000000e+92	
-7.258887482609961877000000000000000000000e+91	
9.384512714094518181000000000000000000000e+91	
-1.455365022340533290000000000000000000000e+92	
2.093380341129312463000000000000000000000e+91	
1.822549842913438535000000000000000000000e+92	
-5.712664508365465725000000000000000000000e+91	
1.080912768211824937000000000000000000000e+92	
-1.312903525538160171000000000000000000000e+92	
3.396447823309615656000000000000000000000e+91	
1.940707891572956402000000000000000000000e+92	
-4.531084021770287052000000000000000000000e+91	
1.224612706156393090000000000000000000000e+92	
-1.169203587593592018000000000000000000000e+92	
5.088738981871636936000000000000000000000e+91	
-1.884942395562821414000000000000000000000e+92	
-2.065087096922784484000000000000000000000e+91	
1.420426895234480323000000000000000000000e+92	
-9.733893985155047849000000000000000000000e+91	
6.539278581635044904000000000000000000000e+91	
-1.739888435586480617000000000000000000000e+92	
-1.121897170909723848000000000000000000000e+91	
1.464036169615517034000000000000000000000e+92	
-9.297801241344680731000000000000000000000e+91	
8.011280953520869832000000000000000000000e+91	
-1.592688198397898124000000000000000000000e+92	
1.385499290284593344000000000000000000000e+91	
1.818263696445800758000000000000000000000e+92	
-5.755525973041843497000000000000000000000e+91	
1.104516555878418048000000000000000000000e+92	
-1.289299737871567060000000000000000000000e+92	
3.911246242122784022000000000000000000000e+91	
-2.002691669537706706000000000000000000000e+92	
-3.219122753286167324000000000000000000000e+91	
1.307367870553403775000000000000000000000e+92	
-1.086448423196581332000000000000000000000e+92	
5.432122076353735580000000000000000000000e+91	
-1.850604086114611550000000000000000000000e+92	
-2.205631596877935756000000000000000000000e+91	
1.358003769308760480000000000000000000000e+92	
-1.035812524441224627600000000000000000000e+92	
6.902860610426328336000000000000000000000e+91	
-1.703530232707352274000000000000000000000e+92	
2.290065431582230811000000000000000000000e+90	
1.697809573738278955000000000000000000000e+92	
-6.960067200117061525000000000000000000000e+91	
9.792599763936846481000000000000000000000e+91	
-1.414556317356300460000000000000000000000e+92	
2.610679779779750990000000000000000000000e+91	
1.885195590511406584000000000000000000000e+92	
-5.086207032385785236000000000000000000000e+91	
1.120381106714093774000000000000000000000e+92	
-1.273435187035891334000000000000000000000e+92	
3.559472463855185485000000000000000000000e+91	
-2.037869047364466559000000000000000000000e+92	
-4.081061798983269224000000000000000000000e+91	
1.170182828518513673000000000000000000000e+92	
-1.223633465231471434000000000000000000000e+92	
5.033063110659956803000000000000000000000e+91	
-1.890509982683989427000000000000000000000e+92	
-1.632383234807064876000000000000000000000e+91	
1.512510949696697296000000000000000000000e+92	
-8.813053440532878121000000000000000000000e+91	
7.948012878901256334000000000000000000000e+91	
-1.599015005859859474000000000000000000000e+92	
7.744880700364762350000000000000000000000e+90	
1.702415519265548425000000000000000000000e+92	
-6.914007744844366824000000000000000000000e+91	
9.360723157789875954000000000000000000000e+91	
-1.457743977970997512000000000000000000000e+92	
1.701104965555835516000000000000000000000e+91	
1.746492061778399450000000000000000000000e+92	
-6.473242319715856572000000000000000000000e+91	
1.082873811521072829000000000000000000000e+92	
-1.310942482228912278000000000000000000000e+92	
4.195858226352053146000000000000000000000e+91	
2.098590120746072208000000000000000000000e+92	
-2.952261730039128995000000000000000000000e+91	
1.384133863952176359000000000000000000000e+92	
-1.009682429797808748500000000000000000000e+92	
6.700331689637684438000000000000000000000e+91	
-1.723783124786216664000000000000000000000e+92	
-4.371214117077918973000000000000000000000e+90	
1.584859946670662624000000000000000000000e+92	
-8.089563470793224833000000000000000000000e+91	
8.199965780896741345000000000000000000000e+91	
-1.573819715660310973000000000000000000000e+92	
5.551385730580116202000000000000000000000e+90	
1.633373784868622985000000000000000000000e+92	
-7.604425088813621230000000000000000000000e+91	
9.667804982300082352000000000000000000000e+91	
-1.427035795519976872000000000000000000000e+92	
3.005189535423799518000000000000000000000e+91	
1.976551175694177424000000000000000000000e+92	
-4.172651180558076836000000000000000000000e+91	
1.259124322047432813000000000000000000000e+92	
-1.134691971702552295000000000000000000000e+92	
5.420545085762937457000000000000000000000e+91	
-1.851761785173691362000000000000000000000e+92	
-1.746584424066048638000000000000000000000e+91	
1.450947481485496355000000000000000000000e+92	
-9.428688122644887526000000000000000000000e+91	
6.835910425959264988000000000000000000000e+91	
-1.710225251154058609000000000000000000000e+92	
-8.338350777594971058000000000000000000000e+90	
1.491985830301980767000000000000000000000e+92	
-9.018304634480043402000000000000000000000e+91	
8.308521447641983848000000000000000000000e+91	
-1.562964148985786723000000000000000000000e+92	
1.700474841102536736000000000000000000000e+91	
1.851533874580782204000000000000000000000e+92	
-5.422824191692029036000000000000000000000e+91	
1.139558474889340245000000000000000000000e+92	
-1.254257818860644863000000000000000000000e+92	
4.279374023609262004000000000000000000000e+91	
-1.965878891389058907000000000000000000000e+92	
-2.833295193416461230000000000000000000000e+91	
1.347719723517889076000000000000000000000e+92	
-1.046096570232096031800000000000000000000e+92	
5.853322771549412530000000000000000000000e+91	
-1.808484016595043854000000000000000000000e+92	
-1.766757535974182274000000000000000000000e+91	
1.403657632423608895000000000000000000000e+92	
-9.901586613263762123000000000000000000000e+91	
7.321413390827945907000000000000000000000e+91	
-1.661674954667190517000000000000000000000e+92	
6.095923771441318604000000000000000000000e+90	
1.732073351987606324000000000000000000000e+92	
-6.617429417623787840000000000000000000000e+91	
1.009730838045717873300000000000000000000e+92	
-1.384085455704267234000000000000000000000e+92	
2.877478106448113166000000000000000000000e+91	
1.908086280865739368000000000000000000000e+92	
-4.857300128842457396000000000000000000000e+91	
1.151257059684942075000000000000000000000e+92	
-1.242559234065043032000000000000000000000e+92	
3.948044879655637798000000000000000000000e+91	
-1.999011805784421328000000000000000000000e+92	
-3.612716217386680959000000000000000000000e+91	
1.224990733204953780000000000000000000000e+92	
-1.168825560545031327000000000000000000000e+92	
5.411722940395064100000000000000000000000e+91	
-1.852643999710478698000000000000000000000e+92	
-1.423058307728319320000000000000000000000e+91	
1.516518379390170204000000000000000000000e+92	
-8.772979143598149038000000000000000000000e+91	
7.818920776264613441000000000000000000000e+91	
-1.611924216123523764000000000000000000000e+92	
4.763137564822534576000000000000000000000e+90	
1.655698281493951017000000000000000000000e+92	
-7.381180122560340904000000000000000000000e+91	
9.251704768545086162000000000000000000000e+91	
-1.468645816895476491000000000000000000000e+92	
1.950062323108827060000000000000000000000e+91	
1.807167556916649103000000000000000000000e+92	
-5.866487368333360048000000000000000000000e+91	
1.067773575284375865000000000000000000000e+92	
-1.326042718465609243000000000000000000000e+92	
3.287475661578731842000000000000000000000e+91	
1.932051536394802986000000000000000000000e+92	
-4.617647573551821211000000000000000000000e+91	
1.211227365337618296000000000000000000000e+92	
-1.182588928412366812000000000000000000000e+92	
4.907619251911975534000000000000000000000e+91	
-1.903054368558787554000000000000000000000e+92	
-2.293449625732486761000000000000000000000e+91	
1.392868713590032639000000000000000000000e+92	
-1.000947580159952468800000000000000000000e+92	
6.327670560127055154000000000000000000000e+91	
-1.761049237737279592000000000000000000000e+92	
-1.269563235172917671000000000000000000000e+91	
1.455660576728967419000000000000000000000e+92	
-9.381557170210176884000000000000000000000e+91	
7.792432768263245947000000000000000000000e+91	
-1.614573016923660513000000000000000000000e+92	
1.031626079688010265000000000000000000000e+91	
1.769380592611691622000000000000000000000e+92	
-6.244357011382934853000000000000000000000e+91	
1.042144385685095925500000000000000000000e+92	
-1.351671908064889182000000000000000000000e+92	
3.152701007324381053000000000000000000000e+91	
1.930719747622533972000000000000000000000e+92	
-4.630965461274511357000000000000000000000e+91	
1.184202567698722496000000000000000000000e+92	
-1.209613726051262612000000000000000000000e+92	
4.380569052664260882000000000000000000000e+91	
-1.955759388483559019000000000000000000000e+92	
-3.077174245666121373000000000000000000000e+91	
1.288841583385059446000000000000000000000e+92	
-1.104974710364925662000000000000000000000e+92	
5.831539555526101289000000000000000000000e+91	
-1.810662338197374979000000000000000000000e+92	
-1.221824743378003143000000000000000000000e+91	
1.514794308919648086000000000000000000000e+92	
-8.790219848303370218000000000000000000000e+91	
7.583314530091885950000000000000000000000e+91	
-1.635484840740796513000000000000000000000e+92	
2.245064231985160200000000000000000000000e+89	
1.588497145218197977000000000000000000000e+92	
-8.053191485317871306000000000000000000000e+91	
9.042103321415661848000000000000000000000e+91	
-1.489605961608418923000000000000000000000e+92	
2.202640665126133290000000000000000000000e+91	
1.878620368837566291000000000000000000000e+92	
-5.151959249124188168000000000000000000000e+91	
1.143526392098427215000000000000000000000e+92	
-1.250289901651557893000000000000000000000e+92	
4.087982478914934984000000000000000000000e+91	
-1.985018045858491609000000000000000000000e+92	
-3.255642458462718375000000000000000000000e+91	
1.282400918898395867000000000000000000000e+92	
-1.111415374851589241000000000000000000000e+92	
5.525916627536423399000000000000000000000e+91	
-1.841224630996342768000000000000000000000e+92	
-1.768543908936744407000000000000000000000e+91	
1.436024767187985967000000000000000000000e+92	
-9.577915265619991409000000000000000000000e+91	
6.956125768517990824000000000000000000000e+91	
-1.698203716898186025000000000000000000000e+92	
-4.443113424902852862000000000000000000000e+90	
1.557855640490982625000000000000000000000e+92	
-8.359606532590024824000000000000000000000e+91	
8.396879203270559590000000000000000000000e+91	
-1.554128373422929148000000000000000000000e+92	
1.218776090440741537000000000000000000000e+91	
1.746386718756873622000000000000000000000e+92	
-6.474295749931114860000000000000000000000e+91	
9.809523114725809479000000000000000000000e+91	
-1.412863982277404160000000000000000000000e+92	
2.158988361729247786000000000000000000000e+91	
1.793188293266053039000000000000000000000e+92	
-6.006280004839320686000000000000000000000e+91	
1.127586391329876380000000000000000000000e+92	
-1.266229902420108728000000000000000000000e+92	
4.623157379645370138000000000000000000000e+91	
2.139338358304013092000000000000000000000e+92	
-2.544779354459720161000000000000000000000e+91	
1.422901409955754344000000000000000000000e+92	
-9.709148837942307632000000000000000000000e+91	
7.068210091392032302000000000000000000000e+91	
-1.686995284610781877000000000000000000000e+92	
-8.903021587832088980000000000000000000000e+89	
1.617691330406458556000000000000000000000e+92	
-7.761249633435265517000000000000000000000e+91	
8.508512102335781329000000000000000000000e+91	
-1.542965083516406975000000000000000000000e+92	
8.439272162324124080000000000000000000000e+90	
1.660277864635437940000000000000000000000e+92	
-7.335384291145471672000000000000000000000e+91	
9.978260621450713095000000000000000000000e+91	
-1.395990231604913798000000000000000000000e+92	
3.357039405227807723000000000000000000000e+91	
2.015873525682739420000000000000000000000e+92	
-3.779427680672456881000000000000000000000e+91	
1.302581976012204307000000000000000000000e+92	
-1.091234317737780800000000000000000000000e+92	
5.896454085100367359000000000000000000000e+91	
-1.804170885239948372000000000000000000000e+92	
-1.229363534869250618000000000000000000000e+91	
1.506798703431771830000000000000000000000e+92	
-8.870175903182132781000000000000000000000e+91	
7.430977251558863784000000000000000000000e+91	
-1.650718568594098729000000000000000000000e+92	
-2.022318380699842987000000000000000000000e+90	
1.558797977380589107000000000000000000000e+92	
-8.350183163693960010000000000000000000000e+91	
8.898485903893849005000000000000000000000e+91	
-1.503967703360600207000000000000000000000e+92	
2.212321179042218584000000000000000000000e+91	
1.894910584229996062000000000000000000000e+92	
-4.989057095199890454000000000000000000000e+91	
1.175131146145488262000000000000000000000e+92	
-1.218685147604496846000000000000000000000e+92	
4.557099190418832843000000000000000000000e+91	
-1.938106374708101823000000000000000000000e+92	
-2.633532753508555390000000000000000000000e+91	
1.359903574771648770000000000000000000000e+92	
-1.033912718978336337100000000000000000000e+92	
5.976394752467257355000000000000000000000e+91	
-1.796176818503259372000000000000000000000e+92	
-1.642452700533466391000000000000000000000e+91	
1.416211340064779334000000000000000000000e+92	
-9.776049536852057731000000000000000000000e+91	
7.444174338675050066000000000000000000000e+91	
-1.649398859882480101000000000000000000000e+92	
7.295785780161652049000000000000000000000e+90	
1.743794635467499044000000000000000000000e+92	
-6.500216582824860634000000000000000000000e+91	
1.021174922939772395100000000000000000000e+92	
-1.372641370810212712000000000000000000000e+92	
2.989148349058116086000000000000000000000e+91	
1.918976382377814822000000000000000000000e+92	
-4.748399113721702856000000000000000000000e+91	
1.162718322611388344000000000000000000000e+92	
-1.231097971138596763000000000000000000000e+92	
4.068366280577908391000000000000000000000e+91	
-1.986979665692194268000000000000000000000e+92	
-3.486688885877891018000000000000000000000e+91	
1.238163775448746969000000000000000000000e+92	
-1.155652518301238139000000000000000000000e+92	
5.531210570547506167000000000000000000000e+91	
-1.840695236695234491000000000000000000000e+92	
-1.315807377019027400000000000000000000000e+91	
1.526020411497796788000000000000000000000e+92	
-8.677958822521883193000000000000000000000e+91	
7.901716574487275664000000000000000000000e+91	
-1.603644636301257541000000000000000000000e+92	
5.468911156015468799000000000000000000000e+90	
1.661534781567798148000000000000000000000e+92	
-7.322815121821869591000000000000000000000e+91	
9.335826949950542197000000000000000000000e+91	
-1.460233598754930888000000000000000000000e+92	
2.059928866664283834000000000000000000000e+91	
1.820727366273432708000000000000000000000e+92	
-5.730889274765523994000000000000000000000e+91	
1.075871460270943001000000000000000000000e+92	
-1.317944833479042107000000000000000000000e+92	
3.313862449975893680000000000000000000000e+91	
1.929233725958261099000000000000000000000e+92	
-4.645825677917240088000000000000000000000e+91	
1.219956838189910900000000000000000000000e+92	
-1.173859455560074208000000000000000000000e+92	
5.110329346223532788000000000000000000000e+91	
-1.882783359127631829000000000000000000000e+92	
-1.975381604132483357000000000000000000000e+91	
1.436205567487387710000000000000000000000e+92	
-9.576107262625973972000000000000000000000e+91	
6.765112652073546922000000000000000000000e+91	
-1.717305028542630415000000000000000000000e+92	
-8.280496175292453128000000000000000000000e+90	
1.500218888436367763000000000000000000000e+92	
-8.935974053136173450000000000000000000000e+91	
8.228805878196573540000000000000000000000e+91	
-1.570935705930327754000000000000000000000e+92	
1.458793766003777328000000000000000000000e+91	
1.811177277005716865000000000000000000000e+92	
-5.826390167442682430000000000000000000000e+91	
1.083021443737779959000000000000000000000e+92	
-1.310794850012205149000000000000000000000e+92	
3.552279901121114843000000000000000000000e+91	
1.969758925769760449000000000000000000000e+92	
-4.240573679802246589000000000000000000000e+91	
1.225132690969601542000000000000000000000e+92	
-1.168683602780383565000000000000000000000e+92	
4.808770325986384420000000000000000000000e+91	
-1.912939261151346666000000000000000000000e+92	
-2.630082337670501599000000000000000000000e+91	
1.335438897526091358000000000000000000000e+92	
-1.058377396223893750000000000000000000000e+92	
6.256940212215892262000000000000000000000e+91	
-1.768122272528395881000000000000000000000e+92	
-8.369763797933975224000000000000000000000e+90	
1.549225934124253720000000000000000000000e+92	
-8.445903596257313878000000000000000000000e+91	
7.887118842122313002000000000000000000000e+91	
-1.605104409537753807000000000000000000000e+92	
2.857631758188526004000000000000000000000e+90	
1.610781235860004051000000000000000000000e+92	
-7.830350578899810562000000000000000000000e+91	
9.350263587026801362000000000000000000000e+91	
-1.458789935047304971000000000000000000000e+92	
2.596077829240685125000000000000000000000e+91	
1.926487531143527873000000000000000000000e+92	
-4.673287626064572347000000000000000000000e+91	
1.199912758455140491000000000000000000000e+92	
-1.193903535294844616000000000000000000000e+92	
4.736995785662316338000000000000000000000e+91	
-1.920116715183753474000000000000000000000e+92	
-2.521521884762568858000000000000000000000e+91	
1.364319467449866414000000000000000000000e+92	
-1.029496826300118694000000000000000000000e+92	
6.164038418353463309000000000000000000000e+91	
-1.777412451914638777000000000000000000000e+92	
-1.311395703264011934000000000000000000000e+91	
1.463651235711703117000000000000000000000e+92	
-9.301650580382819902000000000000000000000e+91	
7.614686374611560462000000000000000000000e+91	
-1.632347656288829061000000000000000000000e+92	
5.963549281262062494000000000000000000000e+90	
1.700113817840018511000000000000000000000e+92	
-6.937024759099665962000000000000000000000e+91	
9.471507610952524654000000000000000000000e+91	
-1.446665532654732642000000000000000000000e+92	
1.945624297467243128000000000000000000000e+91	
1.784310827291401092000000000000000000000e+92	
-6.095054664585840156000000000000000000000e+91	
1.092363364486772937000000000000000000000e+92	
-1.301452929263212171000000000000000000000e+92	
4.007602615877904606000000000000000000000e+91	
2.051463537203344081000000000000000000000e+92	
-3.423527565466410263000000000000000000000e+91	
1.308720342419043186000000000000000000000e+92	
-1.085095951330941921000000000000000000000e+92	
5.663467869357352521000000000000000000000e+91	
-1.827469506814249856000000000000000000000e+92	
-1.756573132041220461000000000000000000000e+91	
1.424670048119172284000000000000000000000e+92	
-9.691462456308128236000000000000000000000e+91	
7.108271396331322759000000000000000000000e+91	
-1.682989154116852832000000000000000000000e+92	
-2.660512291064382649000000000000000000000e+89	
1.626169105532558653000000000000000000000e+92	
-7.676471882174264544000000000000000000000e+91	
8.615631387693958102000000000000000000000e+91	
-1.532253154980589297000000000000000000000e+92	
9.733769170277698200000000000000000000000e+90	
1.675454764946032518000000000000000000000e+92	
-7.183615288039525897000000000000000000000e+91	
1.008260736366767530400000000000000000000e+92	
-1.385555557383217577000000000000000000000e+92	
3.413987487083517470000000000000000000000e+91	
2.016830826710436833000000000000000000000e+92	
-3.769854670395482744000000000000000000000e+91	
1.298804127586341433000000000000000000000e+92	
-1.095012166163643675000000000000000000000e+92	
5.811347671615734745000000000000000000000e+91	
-1.812681526588411633000000000000000000000e+92	
-1.361774323997974323000000000000000000000e+91	
1.488829541140496018000000000000000000000e+92	
-9.049867526094890890000000000000000000000e+91	
7.226891368846304200000000000000000000000e+91	
-1.671127156865354688000000000000000000000e+92	
-4.306998403470626466000000000000000000000e+90	
1.533514178615777703000000000000000000000e+92	
-8.603021151342074042000000000000000000000e+91	
8.697544772214003371000000000000000000000e+91	
-1.524061816528584770000000000000000000000e+92	
2.063251075941449365000000000000000000000e+91	
1.885188095324252749000000000000000000000e+92	
-5.086281984257323588000000000000000000000e+91	
1.170590598475211096000000000000000000000e+92	
-1.223225695274774012000000000000000000000e+92	
4.563487337222710465000000000000000000000e+91	
-1.937467560027714061000000000000000000000e+92	
-2.575376759211761298000000000000000000000e+91	
1.370893382632035600000000000000000000000e+92	
-1.022922911117949507100000000000000000000e+92	
6.058890549485386966000000000000000000000e+91	
-1.787927238801446411000000000000000000000e+92	
-1.587345547870491250000000000000000000000e+91	
1.418984553939938651000000000000000000000e+92	
-9.748317398100464566000000000000000000000e+91	
7.529782338507058878000000000000000000000e+91	
-1.640838059899279220000000000000000000000e+92	
8.730336359816389278000000000000000000000e+90	
1.763921968216128344000000000000000000000e+92	
-6.298943255338567632000000000000000000000e+91	
1.047081205211934843700000000000000000000e+92	
-1.346735088538050264000000000000000000000e+92	
3.305971907049617992000000000000000000000e+91	
1.956431937138697731000000000000000000000e+92	
-4.373843566112873764000000000000000000000e+91	
1.188832589436418619000000000000000000000e+92	
-1.204983704313566488000000000000000000000e+92	
4.216152511397049968000000000000000000000e+91	
-1.972201042610280111000000000000000000000e+92	
-3.452202678651873882000000000000000000000e+91	
1.230288032388305257000000000000000000000e+92	
-1.163528261361679851000000000000000000000e+92	
5.692132075300067336000000000000000000000e+91	
-1.824603086219978374000000000000000000000e+92	
-9.153262173751369490000000000000000000000e+90	
1.590012570840958344000000000000000000000e+92	
-8.038037229090267633000000000000000000000e+91	
8.780959439935498176000000000000000000000e+91	
-1.515720349756435290000000000000000000000e+92	
1.665336150598228794000000000000000000000e+91	
1.797287597702841888000000000000000000000e+92	
-5.965286960471432196000000000000000000000e+91	
1.034605038064852199400000000000000000000e+92	
-1.359211255685132908000000000000000000000e+92	
2.723020409057969730000000000000000000000e+91	
1.852340607315382740000000000000000000000e+92	
-5.414756864346023677000000000000000000000e+91	
1.180843069059075436000000000000000000000e+92	
-1.212973224690909671000000000000000000000e+92	
5.096797134414007498000000000000000000000e+91	
-1.884136580308584358000000000000000000000e+92	
-1.611496258495478478000000000000000000000e+91	
1.510317074942784760000000000000000000000e+92	
-8.834992188072003474000000000000000000000e+91	
7.883269720491119172000000000000000000000e+91	
-1.605489321700873190000000000000000000000e+92	
6.669618031282373509000000000000000000000e+90	
1.687386710902055268000000000000000000000e+92	
-7.064295828479298390000000000000000000000e+91	
9.301102530436043100000000000000000000000e+91	
-1.463706040706380798000000000000000000000e+92	
1.732106672218237736000000000000000000000e+91	
1.758649955865366382000000000000000000000e+92	
-6.351663378846187252000000000000000000000e+91	
1.075853232951219761000000000000000000000e+92	
-1.317963060798765347000000000000000000000e+92	
3.933963159150004956000000000000000000000e+91	
2.053241225631991200000000000000000000000e+92	
-3.405750681179939077000000000000000000000e+91	
1.319635115453066508000000000000000000000e+92	
-1.074181178296918599000000000000000000000e+92	
5.863940973432107508000000000000000000000e+91	
-1.807422196406774357000000000000000000000e+92	
-1.464820103921082005000000000000000000000e+91	
1.462968800628695634000000000000000000000e+92	
-9.308474931212894741000000000000000000000e+91	
7.297731269245018632000000000000000000000e+91	
-1.664043166825483244000000000000000000000e+92	
-3.057658971601524114000000000000000000000e+89	
1.606438451333202125000000000000000000000e+92	
-7.873778424167829822000000000000000000000e+91	
8.729535071742571765000000000000000000000e+91	
-1.520862786575727931000000000000000000000e+92	
1.398335947839662062000000000000000000000e+91	
1.749040722483500961000000000000000000000e+92	
-6.447755712664841466000000000000000000000e+91	
1.015974867894786779600000000000000000000e+92	
-1.377841425855198328000000000000000000000e+92	
2.832738365073817516000000000000000000000e+91	
1.892899636746255389000000000000000000000e+92	
-5.009166570037297186000000000000000000000e+91	
1.158754096514568827000000000000000000000e+92	
-1.235062197235416280000000000000000000000e+92	
4.249739168088673320000000000000000000000e+91	
-1.968842376941117776000000000000000000000e+92	
-3.084410841989830058000000000000000000000e+91	
1.300471101739067435000000000000000000000e+92	
-1.093345192010917673000000000000000000000e+92	
5.686340097911657856000000000000000000000e+91	
-1.825182283958819322000000000000000000000e+92	
-1.628388704709096827000000000000000000000e+91	
1.448014469682141679000000000000000000000e+92	
-9.458018240678434282000000000000000000000e+91	
7.118718360137353214000000000000000000000e+91	
-1.681944457736249786000000000000000000000e+92	
-2.390444323977878334000000000000000000000e+90	
1.582647639584532453000000000000000000000e+92	
-8.111686541654526543000000000000000000000e+91	
8.554230138985450122000000000000000000000e+91	
-1.538393279851440095000000000000000000000e+92	
1.285603044228857308000000000000000000000e+91	
1.744021521029239458000000000000000000000e+92	
-6.497947727207456497000000000000000000000e+91	
9.977315865535633486000000000000000000000e+91	
-1.396084707196421759000000000000000000000e+92	
2.518130564766817026000000000000000000000e+91	
1.848227935948314154000000000000000000000e+92	
-5.455883578016709532000000000000000000000e+91	
1.142091009026660393000000000000000000000e+92	
-1.251725284723324714000000000000000000000e+92	
4.363055036486919042000000000000000000000e+91	
-1.957510790101293203000000000000000000000e+92	
-2.691287550767447632000000000000000000000e+91	
1.367750248031929287000000000000000000000e+92	
-1.026066045718055821000000000000000000000e+92	
6.111896606347178250000000000000000000000e+91	
-1.782626633115267283000000000000000000000e+92	
-1.449944109914331168000000000000000000000e+91	
1.441160035759431479000000000000000000000e+92	
-9.526562579905536289000000000000000000000e+91	
7.572784248458860265000000000000000000000e+91	
-1.636537868904099081000000000000000000000e+92	
7.373715972398808994000000000000000000000e+90	
1.732498261000323581000000000000000000000e+92	
-6.613180327496615270000000000000000000000e+91	
9.978088817572024350000000000000000000000e+91	
-1.396007411992782672000000000000000000000e+92	
2.634851336911791835000000000000000000000e+91	
1.871489024825119387000000000000000000000e+92	
-5.223272689248657210000000000000000000000e+91	
1.140803584370881612000000000000000000000e+92	
-1.253012709379103496000000000000000000000e+92	
4.104817824627144163000000000000000000000e+91	
-1.983334511287270691000000000000000000000e+92	
-3.194765618705429095000000000000000000000e+91	
1.292890560475706919000000000000000000000e+92	
-1.100925733274278188000000000000000000000e+92	
5.537545933223860468000000000000000000000e+91	
-1.840061700427599061000000000000000000000e+92	
-1.850135297306371838000000000000000000000e+91	
1.418548198238201912000000000000000000000e+92	
-9.752680955117831961000000000000000000000e+91	
6.978710745128288928000000000000000000000e+91	
-1.695945219237156215000000000000000000000e+92	
-2.244739148248855184000000000000000000000e+90	
1.599554811745574267000000000000000000000e+92	
-7.942614820044108405000000000000000000000e+91	
8.396218649964234316000000000000000000000e+91	
-1.554194428753561676000000000000000000000e+92	
8.006711233267153290000000000000000000000e+90	
1.662852555525030511000000000000000000000e+92	
-7.309637382249545966000000000000000000000e+91	
9.857993412123081878000000000000000000000e+91	
-1.408016952537676920000000000000000000000e+92	
3.090830744187699872000000000000000000000e+91	
1.974665777442211864000000000000000000000e+92	
-4.191505163077732434000000000000000000000e+91	
1.246794605055312859000000000000000000000e+92	
-1.147021688694672248000000000000000000000e+92	
5.192856706441547978000000000000000000000e+91	
-1.874530623105830310000000000000000000000e+92	
-2.078612060654041538000000000000000000000e+91	
1.407315984727904500000000000000000000000e+92	
-9.865003090220806081000000000000000000000e+91	
6.620808953581117336000000000000000000000e+91	
-1.731735398391873374000000000000000000000e+92	
-8.278331457522907980000000000000000000000e+90	
1.514685360338858464000000000000000000000e+92	
-8.791309334111266438000000000000000000000e+91	
8.067687841942763036000000000000000000000e+91	
-1.587047509555708804000000000000000000000e+92	
9.920451526732367797000000000000000000000e+90	
1.733954568211769902000000000000000000000e+92	
-6.598617255382152053000000000000000000000e+91	
9.752660901600723053000000000000000000000e+91	
-1.418550203589912802000000000000000000000e+92	
2.169551868618936130000000000000000000000e+91	
1.800983860396166938000000000000000000000e+92	
-5.928324333538181693000000000000000000000e+91	
1.121114288372510439000000000000000000000e+92	
-1.272702005377474668000000000000000000000e+92	
4.415830654783161366000000000000000000000e+91	
-1.952233228271668971000000000000000000000e+92	
-2.376099766718505200000000000000000000000e+91	
1.425497183606069851000000000000000000000e+92	
-9.683191101439152567000000000000000000000e+91	
6.951517004713254069000000000000000000000e+91	
-1.698664593278659701000000000000000000000e+92	
-3.483031330312721810000000000000000000000e+90	
1.577513151381443812000000000000000000000e+92	
-8.163031423685412953000000000000000000000e+91	
8.380434818350735974000000000000000000000e+91	
-1.555772811914911510000000000000000000000e+92	
9.894182246190486455000000000000000000000e+90	
1.702170180100853378000000000000000000000e+92	
-6.916461136491317291000000000000000000000e+91	
9.818159161857535403000000000000000000000e+91	
-1.412000377564231567000000000000000000000e+92	
2.618201493238088490000000000000000000000e+91	
1.884144891088307405000000000000000000000e+92	
-5.096714026616777022000000000000000000000e+91	
1.123145889893756237000000000000000000000e+92	
-1.270670403856228870000000000000000000000e+92	
3.625256133254730002000000000000000000000e+91	
-2.031290680424512108000000000000000000000e+92	
-3.977161270955575796000000000000000000000e+91	
1.184382670231143251000000000000000000000e+92	
-1.209433623518841857000000000000000000000e+92	
5.094272027411063353000000000000000000000e+91	
-1.884389091008878772000000000000000000000e+92	
-1.651923612105925333000000000000000000000e+91	
1.502486001193397941000000000000000000000e+92	
-8.913302925565871664000000000000000000000e+91	
7.767094452450533450000000000000000000000e+91	
-1.617106848504931762000000000000000000000e+92	
5.129408484949412261000000000000000000000e+90	
1.668201930237053171000000000000000000000e+92	
-7.256143635129319362000000000000000000000e+91	
9.189538042268756706000000000000000000000e+91	
-1.474862489523109437000000000000000000000e+92	
1.700785548118843420000000000000000000000e+91	
1.763538186409133928000000000000000000000e+92	
-6.302781073408511792000000000000000000000e+91	
1.063767424197270706000000000000000000000e+92	
-1.330048869552714402000000000000000000000e+92	
3.643449152945130401000000000000000000000e+91	
2.007232676372129951000000000000000000000e+92	
-3.865836173778551564000000000000000000000e+91	
1.256677856579074264000000000000000000000e+92	
-1.137138437170910843000000000000000000000e+92	
5.064965636805002843000000000000000000000e+91	
-1.887319730069484823000000000000000000000e+92	
-2.433113882158643842000000000000000000000e+91	
1.349216005075915439000000000000000000000e+92	
-1.044600288674069668800000000000000000000e+92	
6.519760639745505598000000000000000000000e+91	
-1.741840229775434548000000000000000000000e+92	
-4.491688332564195092000000000000000000000e+90	
1.600499180473423374000000000000000000000e+92	
-7.933171132765617336000000000000000000000e+91	
8.524714051472040378000000000000000000000e+91	
-1.541344888602781070000000000000000000000e+92	
1.048158990870463854300000000000000000000e+91	
1.699494667012254066000000000000000000000e+92	
-6.943216267377310417000000000000000000000e+91	
9.972311078071005623000000000000000000000e+91	
-1.396585185942884545000000000000000000000e+92	
2.953170424956109362000000000000000000000e+91	
1.935714487131655419000000000000000000000e+92	
-4.581018066183296890000000000000000000000e+91	
1.182670590247094896000000000000000000000e+92	
-1.211145703502890212000000000000000000000e+92	
4.300014589902991620000000000000000000000e+91	
-1.963814834759685946000000000000000000000e+92	
-3.222930931474812617000000000000000000000e+91	
1.267748937403517123000000000000000000000e+92	
-1.126067356346467984000000000000000000000e+92	
5.758767497289530422000000000000000000000e+91	
-1.817939544021032065000000000000000000000e+92	
-1.156511155019666442000000000000000000000e+91	
1.535127360338292167000000000000000000000e+92	
-8.586889334116929409000000000000000000000e+91	
7.924593283539735724000000000000000000000e+91	
-1.601356965396011535000000000000000000000e+92	
5.016089826454962848000000000000000000000e+90	
1.650194076116788232000000000000000000000e+92	
-7.436222176331968753000000000000000000000e+91	
9.366694580235991126000000000000000000000e+91	
-1.457146835726385995000000000000000000000e+92	
2.234999380894041770000000000000000000000e+91	
1.852647529579011604000000000000000000000e+92	
-5.411687641709735040000000000000000000000e+91	
1.088359378236608573000000000000000000000e+92	
-1.305456915513376535000000000000000000000e+92	
3.244515884242786518000000000000000000000e+91	
1.902886160834066205000000000000000000000e+92	
-4.909301329159189028000000000000000000000e+91	
1.234713804855647056000000000000000000000e+92	
-1.159102488894338052000000000000000000000e+92	
5.668739766800283694000000000000000000000e+91	
-1.826942317069956738000000000000000000000e+92	
-1.006334891811381752000000000000000000000e+91	
1.574153431851851712000000000000000000000e+92	
-8.196628618981333960000000000000000000000e+91	
8.554818968324491940000000000000000000000e+91	
-1.538334396917535914000000000000000000000e+92	
1.371680214263737489000000000000000000000e+91	
1.761173817623681049000000000000000000000e+92	
-6.326424761263040585000000000000000000000e+91	
9.967842588304031873000000000000000000000e+91	
-1.397032034919581920000000000000000000000e+92	
2.327751120344113804000000000000000000000e+91	
1.811108377902634688000000000000000000000e+92	
-5.827079158473504191000000000000000000000e+91	
1.143274083424034839000000000000000000000e+92	
-1.250542210325950269000000000000000000000e+92	
4.757721485059448192000000000000000000000e+91	
-1.918044145244040288000000000000000000000e+92	
-1.913975922562547213000000000000000000000e+91	
1.483726885800827213000000000000000000000e+92	
-9.100894079491578945000000000000000000000e+91	
7.653927398142870973000000000000000000000e+91	
-1.628423553935698010000000000000000000000e+92	
4.741608553344890170000000000000000000000e+90	
1.671758935031930239000000000000000000000e+92	
-7.220573587180548682000000000000000000000e+91	
9.067768790595281286000000000000000000000e+91	
-1.487039414690456979000000000000000000000e+92	
1.421755299511233643000000000000000000000e+91	
1.719916888226899086000000000000000000000e+92	
-6.738994055230860212000000000000000000000e+91	
1.053457756550065572100000000000000000000e+92	
-1.340358537199919536000000000000000000000e+92	
3.873303000596262372000000000000000000000e+91	
2.063496543677247201000000000000000000000e+92	
-3.303197500727379070000000000000000000000e+91	
1.346203644798171242000000000000000000000e+92	
-1.047612648951813865600000000000000000000e+92	
6.292677194297386598000000000000000000000e+91	
-1.764548574320246448000000000000000000000e+92	
-8.731141008223743574000000000000000000000e+90	
1.538428268682161706000000000000000000000e+92	
-8.553880250678234010000000000000000000000e+91	
7.707339006226544551000000000000000000000e+91	
-1.623082393127330652000000000000000000000e+92	
3.421589257275890360000000000000000000000e+89	
1.578453334434441926000000000000000000000e+92	
-8.153629593155431820000000000000000000000e+91	
9.179172615225754644000000000000000000000e+91	
-1.475899032227409643000000000000000000000e+92	
2.577099160820432463000000000000000000000e+91	
1.939793324501492948000000000000000000000e+92	
-4.540229692484921597000000000000000000000e+91	
1.228414645642419706000000000000000000000e+92	
-1.165401648107565402000000000000000000000e+92	
5.173899969776872652000000000000000000000e+91	
-1.876426296772297842000000000000000000000e+92	
-1.932807976820987565000000000000000000000e+91	
1.438364275547045726000000000000000000000e+92	
-9.554520182029393812000000000000000000000e+91	
6.765723630281740578000000000000000000000e+91	
-1.717243930721811050000000000000000000000e+92	
-8.484043025807001254000000000000000000000e+90	
1.496087896998608608000000000000000000000e+92	
-8.977283967513764995000000000000000000000e+91	
8.231883528102181402000000000000000000000e+91	
-1.570627940939766967000000000000000000000e+92	
1.506236889935347495000000000000000000000e+91	
1.820355928875107182000000000000000000000e+92	
-5.734603648748779256000000000000000000000e+91	
1.096632228255854309000000000000000000000e+92	
-1.297184065494130798000000000000000000000e+92	
3.732687015495871453000000000000000000000e+91	
-2.020547592200397962000000000000000000000e+92	
-3.497348304906187562000000000000000000000e+91	
1.269583642963211265000000000000000000000e+92	
-1.124232650786773843000000000000000000000e+92	
5.157731588170334752000000000000000000000e+91	
-1.878043134932951632000000000000000000000e+92	
-2.376621781956557800000000000000000000000e+91	
1.351239635212224060000000000000000000000e+92	
-1.042576658537761047500000000000000000000e+92	
6.616670666585735255000000000000000000000e+91	
-1.732149227091411582000000000000000000000e+92	
-2.756232389760245788000000000000000000000e+90	
1.625513482740784288000000000000000000000e+92	
-7.683028110092008190000000000000000000000e+91	
8.851416382472479580000000000000000000000e+91	
-1.508674655502737150000000000000000000000e+92	
1.451382529102481687000000000000000000000e+91	
1.747465333345256401000000000000000000000e+92	
-6.463509604047287062000000000000000000000e+91	
1.028956697152657133400000000000000000000e+92	
-1.364859596597327974000000000000000000000e+92	
3.108056395039001850000000000000000000000e+91	
1.934974172429386377000000000000000000000e+92	
-4.588421213205987302000000000000000000000e+91	
1.170006003890415235000000000000000000000e+92	
-1.223810289859569872000000000000000000000e+92	
4.054185353041147190000000000000000000000e+91	
-1.988397758445870389000000000000000000000e+92	
-3.587884227915870456000000000000000000000e+91	
1.219347130221221605000000000000000000000e+92	
-1.174469163528763503000000000000000000000e+92	
5.527289682572082708000000000000000000000e+91	
-1.841087325492776837000000000000000000000e+92	
-1.135574393761725405000000000000000000000e+91	
1.562449932203356874000000000000000000000e+92	
-8.313663615466282334000000000000000000000e+91	
8.449982403516720104000000000000000000000e+91	
-1.548818053398313097000000000000000000000e+92	
1.279036010367649885000000000000000000000e+91	
1.753128026550813885000000000000000000000e+92	
-6.406882671991712228000000000000000000000e+91	
9.861712426673215188000000000000000000000e+91	
-1.407645051082663589000000000000000000000e+92	
2.195961484061340005000000000000000000000e+91	
1.795364743798346922000000000000000000000e+92	
-5.984515499516381854000000000000000000000e+91	
1.132977368650538268000000000000000000000e+92	
-1.260838925099446839000000000000000000000e+92	
4.709196423073981064000000000000000000000e+91	
-1.922896651442587001000000000000000000000e+92	
-1.908085992866377830000000000000000000000e+91	
1.489754669880206000000000000000000000000e+92	
-9.040616238697791070000000000000000000000e+91	
7.768566082927399011000000000000000000000e+91	
-1.616959685457245206000000000000000000000e+92	
6.431333304732968488000000000000000000000e+90	
1.694086857563965193000000000000000000000e+92	
-6.997294361860199144000000000000000000000e+91	
9.304243277419371099000000000000000000000e+91	
-1.463391966008047998000000000000000000000e+92	
1.671418480983560830000000000000000000000e+91	
1.746201419480215687000000000000000000000e+92	
-6.476148742697694204000000000000000000000e+91	
1.076918101136986015000000000000000000000e+92	
-1.316898192612999092000000000000000000000e+92	
4.079678634866474220000000000000000000000e+91	
2.081312730751390042000000000000000000000e+92	
-3.125035629985950660000000000000000000000e+91	
1.361199859627329493000000000000000000000e+92	
-1.032616434122655614100000000000000000000e+92	
6.414453654230271601000000000000000000000e+91	
-1.752370928326957948000000000000000000000e+92	
-7.795093021413596687000000000000000000000e+90	
1.544972984437675858000000000000000000000e+92	
-8.488433093123092492000000000000000000000e+91	
7.831637013731249364000000000000000000000e+91	
-1.610652592376860171000000000000000000000e+92	
2.173354618596051514000000000000000000000e+90	
1.602644520182176301000000000000000000000e+92	
-7.911717735678088069000000000000000000000e+91	
9.296380193784445174000000000000000000000e+91	
-1.464178274371540590000000000000000000000e+92	
2.569664521752732164000000000000000000000e+91	
1.926591841872720229000000000000000000000e+92	
-4.672244518772648784000000000000000000000e+91	
1.202761344245227988000000000000000000000e+92	
-1.191054949504757120000000000000000000000e+92	
4.792910736801435130000000000000000000000e+91	
-1.914525220069841595000000000000000000000e+92	
-2.438191490959088966000000000000000000000e+91	
1.375392686718608349000000000000000000000e+92	
-1.018423607031376759000000000000000000000e+92	
6.216651396064845644000000000000000000000e+91	
-1.772151154143500543000000000000000000000e+92	
-1.316873016472346795000000000000000000000e+91	
1.457297366265073273000000000000000000000e+92	
-9.365189274849118344000000000000000000000e+91	
7.674065190555660222000000000000000000000e+91	
-1.626409774694419085000000000000000000000e+92	
7.785900824054164551000000000000000000000e+90	
1.730616852938259383000000000000000000000e+92	
-6.631994408117257246000000000000000000000e+91	
9.899272047434427009000000000000000000000e+91	
-1.403889089006542407000000000000000000000e+92	
2.496061738658013071000000000000000000000e+91	
1.851615766842094983000000000000000000000e+92	
-5.422005269078901245000000000000000000000e+91	
1.133638367609444365000000000000000000000e+92	
-1.260177926140540742000000000000000000000e+92	
4.160182825411574322000000000000000000000e+91	
-1.977798011208827675000000000000000000000e+92	
-3.012446661864859307000000000000000000000e+91	
1.323811533676985200000000000000000000000e+92	
-1.070004760072999907000000000000000000000e+92	
5.577894793379385682000000000000000000000e+91	
-1.836026814412046539000000000000000000000e+92	
-2.078513505635106328000000000000000000000e+91	
1.368851044235240946000000000000000000000e+92	
-1.024965249514744162100000000000000000000e+92	
7.050632289118910750000000000000000000000e+91	
-1.688753064838094032000000000000000000000e+92	
4.160575934705694956000000000000000000000e+90	
1.720440661124017817000000000000000000000e+92	
-6.733756326259672905000000000000000000000e+91	
1.005815092299300736700000000000000000000e+92	
-1.388001201450684371000000000000000000000e+92	
2.915451695412011474000000000000000000000e+91	
1.919592905841851910000000000000000000000e+92	
-4.742233879081331976000000000000000000000e+91	
1.154205446672899786000000000000000000000e+92	
-1.239610847077085322000000000000000000000e+92	
3.891988961240231092000000000000000000000e+91	
-2.004617397625961998000000000000000000000e+92	
-3.754269353706958124000000000000000000000e+91	
1.202289952702858655000000000000000000000e+92	
-1.191526341047126452000000000000000000000e+92	
5.365804958582895394000000000000000000000e+91	
-1.857235797891695568000000000000000000000e+92	
-1.287976588888382058000000000000000000000e+91	
1.548117513568815312000000000000000000000e+92	
-8.456987801811697960000000000000000000000e+91	
8.315731708120748789000000000000000000000e+91	
-1.562243122937910229000000000000000000000e+92	
1.153854290337707479000000000000000000000e+91	
1.741516300750807098000000000000000000000e+92	
-6.522999929991780101000000000000000000000e+91	
9.742129309598379330000000000000000000000e+91	
-1.419603362790147175000000000000000000000e+92	
2.072914232757864971000000000000000000000e+91	
1.782713777643908812000000000000000000000e+92	
-6.111025161060762960000000000000000000000e+91	
1.121075950279408992000000000000000000000e+92	
-1.272740343470576115000000000000000000000e+92	
4.597673986938525472000000000000000000000e+91	
-1.934048895056132560000000000000000000000e+92	
-2.012120409826816545000000000000000000000e+91	
1.480099657447132532000000000000000000000e+92	
-9.137166363028525762000000000000000000000e+91	
7.679496526535627908000000000000000000000e+91	
-1.625866641096422317000000000000000000000e+92	
5.615406191834152438000000000000000000000e+90	
1.686674898846731706000000000000000000000e+92	
-7.071413949032534018000000000000000000000e+91	
9.237593095232056756000000000000000000000e+91	
-1.470056984226779432000000000000000000000e+92	
1.612233986499631047000000000000000000000e+91	
1.741029167258995115000000000000000000000e+92	
-6.527871264909899926000000000000000000000e+91	
1.070174203902999818000000000000000000000e+92	
-1.323642089846985290000000000000000000000e+92	
3.996531033968618984000000000000000000000e+91	
2.071427889573517277000000000000000000000e+92	
-3.223884041764678304000000000000000000000e+91	
1.349745718740020733000000000000000000000e+92	
-1.044070575009964374900000000000000000000e+92	
6.284227058160670480000000000000000000000e+91	
-1.765393587933918060000000000000000000000e+92	
-9.254132793963630194000000000000000000000e+90	
1.528815628806266575000000000000000000000e+92	
-8.650006649437185326000000000000000000000e+91	
7.703431105588440815000000000000000000000e+91	
-1.623473183191141026000000000000000000000e+92	
1.224805958872009725000000000000000000000e+90	
1.596492478028315575000000000000000000000e+92	
-7.973238157216695328000000000000000000000e+91	
9.164421985088576656000000000000000000000e+91	
-1.477374095241127442000000000000000000000e+92	
2.367303580511464543000000000000000000000e+91	
1.899318978210685471000000000000000000000e+92	
-4.944973155392996364000000000000000000000e+91	
1.168455213018229840000000000000000000000e+92	
-1.225361080731755268000000000000000000000e+92	
4.379551751183082933000000000000000000000e+91	
-1.955861118631676814000000000000000000000e+92	
-2.921813165044064550000000000000000000000e+91	
1.320007747210538883000000000000000000000e+92	
-1.073808546539446225000000000000000000000e+92	
5.812119106590098460000000000000000000000e+91	
-1.812604383090975262000000000000000000000e+92	
-1.572162510642376259000000000000000000000e+91	
1.446685269046602501000000000000000000000e+92	
-9.471310247033826062000000000000000000000e+91	
7.252513608505619778000000000000000000000e+91	
-1.668564932899423130000000000000000000000e+92	
4.176487011767286338000000000000000000000e+89	
1.625422658836108725000000000000000000000e+92	
-7.683936349138763829000000000000000000000e+91	
8.670542583174806835000000000000000000000e+91	
-1.526762035432504424000000000000000000000e+92	
1.090632732601204493000000000000000000000e+91	
1.693411705822235584000000000000000000000e+92	
-7.004045879277495240000000000000000000000e+91	
1.013010704660630212000000000000000000000e+92	
-1.380805589089354896000000000000000000000e+92	
3.329483171036061745000000000000000000000e+91	
1.995186564619802381000000000000000000000e+92	
-3.986297291301827266000000000000000000000e+91	
1.263972601153153626000000000000000000000e+92	
-1.129843692596831482000000000000000000000e+92	
5.331225392614102866000000000000000000000e+91	
-1.860693754488574821000000000000000000000e+92	
-1.973638021574895662000000000000000000000e+91	
1.414475585870215844000000000000000000000e+92	
-9.793407078797692635000000000000000000000e+91	
6.762921369980608655000000000000000000000e+91	
-1.717524156751924242000000000000000000000e+92	
-6.152394181138343870000000000000000000000e+90	
1.542989356599360971000000000000000000000e+92	
-8.508269371506241368000000000000000000000e+91	
8.201313548750271586000000000000000000000e+91	
-1.573684938874957949000000000000000000000e+92	
9.763309623329706755000000000000000000000e+90	
1.717456591627350476000000000000000000000e+92	
-6.763597021226346318000000000000000000000e+91	
9.619738487127040262000000000000000000000e+91	
-1.431842445037281081000000000000000000000e+92	
2.068670851607284332000000000000000000000e+91	
1.794098303844331876000000000000000000000e+92	
-5.997179899056532320000000000000000000000e+91	
1.107462866287103296000000000000000000000e+92	
-1.286353427462881812000000000000000000000e+92	
4.211691450121080734000000000000000000000e+91	
2.077179159943882266000000000000000000000e+92	
-3.166371338061028412000000000000000000000e+91	
1.339740063483026386000000000000000000000e+92	
-1.054076230266958721400000000000000000000e+92	
6.026679666447250982000000000000000000000e+91	
-1.791148327105260009000000000000000000000e+92	
-1.340373132148815380000000000000000000000e+91	
1.471586231336936787000000000000000000000e+92	
-9.222300624130483206000000000000000000000e+91	
7.464757182387643754000000000000000000000e+91	
-1.647340575511220732000000000000000000000e+92	
2.172606922536096674000000000000000000000e+90	
1.639299294692020343000000000000000000000e+92	
-7.545169990579647649000000000000000000000e+91	
8.886824917466821854000000000000000000000e+91	
-1.505133802003302922000000000000000000000e+92	
1.384392465428388871000000000000000000000e+91	
1.730531563158560376000000000000000000000e+92	
-6.632847305914247319000000000000000000000e+91	
1.033697928432240723800000000000000000000e+92	
-1.360118365317744384000000000000000000000e+92	
3.372110853015321591000000000000000000000e+91	
1.983033051165151870000000000000000000000e+92	
-4.107832425848332381000000000000000000000e+91	
1.235410975899137841000000000000000000000e+92	
-1.158405317850847267000000000000000000000e+92	
4.881609679953679784000000000000000000000e+91	
-1.905655325754617129000000000000000000000e+92	
-2.587171577120680752000000000000000000000e+91	
1.336738603688765049000000000000000000000e+92	
-1.057077690061220058500000000000000000000e+92	
6.333203720846983046000000000000000000000e+91	
-1.760495921665286803000000000000000000000e+92	
-6.974779098254210672000000000000000000000e+90	
1.569496130254932770000000000000000000000e+92	
-8.243201634950523370000000000000000000000e+91	
8.152992840431449714000000000000000000000e+91	
-1.578517009706840136000000000000000000000e+92	
6.147777724476699428000000000000000000000e+90	
1.649993613051189686000000000000000000000e+92	
-7.438226806987954216000000000000000000000e+91	
9.608347955088735896000000000000000000000e+91	
-1.432981498241111518000000000000000000000e+92	
2.720189500535164430000000000000000000000e+91	
1.925508095984680687000000000000000000000e+92	
-4.683081977653044206000000000000000000000e+91	
1.185549385078304118000000000000000000000e+92	
-1.208266908671680990000000000000000000000e+92	
4.459589277252201658000000000000000000000e+91	
-1.947857366024764942000000000000000000000e+92	
-2.932634593424717314000000000000000000000e+91	
1.309844230684228146000000000000000000000e+92	
-1.083972063065756961000000000000000000000e+92	
5.902742111659884426000000000000000000000e+91	
-1.803542082583996665000000000000000000000e+92	
-1.289377015922053790000000000000000000000e+91	
1.494170504177171381000000000000000000000e+92	
-8.996457895728137268000000000000000000000e+91	
7.320398398099839162000000000000000000000e+91	
-1.661776453940001191000000000000000000000e+92	
-2.971153673872208311000000000000000000000e+90	
1.550878375757450159000000000000000000000e+92	
-8.429379179925349482000000000000000000000e+91	
8.786208924312077625000000000000000000000e+91	
-1.515195401318777345000000000000000000000e+92	
2.066979699437169551000000000000000000000e+91	
1.877071631780547522000000000000000000000e+92	
-5.167446619694375852000000000000000000000e+91	
1.153989033901560348000000000000000000000e+92	
-1.239827259848424760000000000000000000000e+92	
4.312662908794297168000000000000000000000e+91	
-1.962550002870555391000000000000000000000e+92	
-2.910967763739851502000000000000000000000e+91	
1.328861843127995623000000000000000000000e+92	
-1.064954450621989484000000000000000000000e+92	
5.736171733428120245000000000000000000000e+91	
-1.820199120407173083000000000000000000000e+92	
-1.812516355610085423000000000000000000000e+91	
1.406217419348406039000000000000000000000e+92	
-9.875988744015790686000000000000000000000e+91	
7.196017996556396504000000000000000000000e+91	
-1.674214494094345457000000000000000000000e+92	
3.332788638239528434000000000000000000000e+90	
1.689357699458117425000000000000000000000e+92	
-7.044585942918676826000000000000000000000e+91	
9.519383912883126950000000000000000000000e+91	
-1.441877902461672413000000000000000000000e+92	
2.148860728930692652000000000000000000000e+91	
1.820162751619122134000000000000000000000e+92	
-5.736535421308629734000000000000000000000e+91	
1.095316071740524092000000000000000000000e+92	
-1.298500222009461015000000000000000000000e+92	
3.708301246454220680000000000000000000000e+91	
-2.022986169104563040000000000000000000000e+92	
-3.532952691912398253000000000000000000000e+91	
1.264901900780519714000000000000000000000e+92	
-1.128914392969465393000000000000000000000e+92	
5.134699042073496824000000000000000000000e+91	
-1.880346389542635425000000000000000000000e+92	
-2.375881289287838104000000000000000000000e+91	
1.353689805248288287000000000000000000000e+92	
-1.040126488501696820300000000000000000000e+92	
6.590871273120601180000000000000000000000e+91	
-1.734729166437924990000000000000000000000e+92	
-3.516986930370199275000000000000000000000e+90	
1.612880833352266545000000000000000000000e+92	
-7.809354603977185625000000000000000000000e+91	
8.674863857082775608000000000000000000000e+91	
-1.526329908041707547000000000000000000000e+92	
1.224628968082069280000000000000000000000e+91	
1.719772372023562449000000000000000000000e+92	
-6.740439217264226584000000000000000000000e+91	
1.011916076001987835900000000000000000000e+92	
-1.381900217747997272000000000000000000000e+92	
3.044120571985718286000000000000000000000e+91	
1.939222330282013975000000000000000000000e+92	
-4.545939634679711324000000000000000000000e+91	
1.180594042399694310000000000000000000000e+92	
-1.213222251350290798000000000000000000000e+92	
4.223432993161898686000000000000000000000e+91	
-1.971472994433795239000000000000000000000e+92	
-3.355300868603526216000000000000000000000e+91	
1.248935886057415217000000000000000000000e+92	
-1.144880407692569891000000000000000000000e+92	
5.688855007775186160000000000000000000000e+91	
-1.824930792972466492000000000000000000000e+92	
-1.108264453879979926000000000000000000000e+91	
1.551762069116343158000000000000000000000e+92	
-8.420542246336419501000000000000000000000e+91	
8.208981983212711366000000000000000000000e+91	
-1.572918095428713971000000000000000000000e+92	
9.039805487128775586000000000000000000000e+90	
1.702223647736735162000000000000000000000e+92	
-6.915926460132499454000000000000000000000e+91	
9.636814178311574154000000000000000000000e+91	
-1.430134875918827692000000000000000000000e+92	
2.255067365420237100000000000000000000000e+91	
1.829661610937952078000000000000000000000e+92	
-5.641546828120330292000000000000000000000e+91	
1.107175358758508302000000000000000000000e+92	
-1.286640934991476805000000000000000000000e+92	
3.850486646539252525000000000000000000000e+91	
2.005243539669455366000000000000000000000e+92	
-3.885727540805297416000000000000000000000e+91	
1.248587106199404206000000000000000000000e+92	
-1.145229187550580902000000000000000000000e+92	
4.923072361999087022000000000000000000000e+91	
-1.901509057550076405000000000000000000000e+92	
-2.635962577325087016000000000000000000000e+91	
1.322838627077632056000000000000000000000e+92	
-1.070977666672353052000000000000000000000e+92	
6.385232655815102268000000000000000000000e+91	
-1.755293028168474881000000000000000000000e+92	
-4.545153425930671253000000000000000000000e+90	
1.612876248054338144000000000000000000000e+92	
-7.809400456956469639000000000000000000000e+91	
8.777537654973801486000000000000000000000e+91	
-1.516062528252604959000000000000000000000e+92	
1.429971296590519347000000000000000000000e+91	
1.750568348454951297000000000000000000000e+92	
-6.432479452950338102000000000000000000000e+91	
1.020961283735381041800000000000000000000e+92	
-1.372855010014604066000000000000000000000e+92	
2.917173208891047828000000000000000000000e+91	
1.904798469197741014000000000000000000000e+92	
-4.890178245522440935000000000000000000000e+91	
1.163326919188750135000000000000000000000e+92	
-1.230489374561234973000000000000000000000e+92	
4.222243756242157640000000000000000000000e+91	
-1.971591918125769344000000000000000000000e+92	
-3.185093451384528361000000000000000000000e+91	
1.283087763335242043000000000000000000000e+92	
-1.110728530414743064000000000000000000000e+92	
5.667495321430645760000000000000000000000e+91	
-1.827066761606920532000000000000000000000e+92	
-1.492322006457458288000000000000000000000e+91	
1.477104577536762819000000000000000000000e+92	
-9.167117162132222888000000000000000000000e+91	
7.100070117382683082000000000000000000000e+91	
-1.683809282011716799000000000000000000000e+92	
-5.670879437530896584000000000000000000000e+90	
1.518919159192258986000000000000000000000e+92	
-8.748971345577261221000000000000000000000e+91	
8.572020455557356678000000000000000000000e+91	
-1.536614248194249440000000000000000000000e+92	
1.958142471563729683000000000000000000000e+91	
1.876717790090306614000000000000000000000e+92	
-5.170985036596784934000000000000000000000e+91	
1.164159832926665402000000000000000000000e+92	
-1.229656460823319706000000000000000000000e+92	
4.519564928460920525000000000000000000000e+91	
-1.941859800903893055000000000000000000000e+92	
-2.598924066328832276000000000000000000000e+91	
1.370575148081793263000000000000000000000e+92	
-1.023241145668191844800000000000000000000e+92	
6.076063030613909608000000000000000000000e+91	
-1.786209990688594147000000000000000000000e+92	
-1.549828370050875766000000000000000000000e+91	
1.424769728901158896000000000000000000000e+92	
-9.690465648488262120000000000000000000000e+91	
7.544537253762080378000000000000000000000e+91	
-1.639362568373777070000000000000000000000e+92	
8.447131647821192139000000000000000000000e+90	
1.756784526173592456000000000000000000000e+92	
-6.370317675763926510000000000000000000000e+91	
1.035640510902824698300000000000000000000e+92	
-1.358175782847160409000000000000000000000e+92	
3.148553857189562578000000000000000000000e+91	
1.936391161999675186000000000000000000000e+92	
-4.574251317503099214000000000000000000000e+91	
1.176990815235418022000000000000000000000e+92	
-1.216825478514567086000000000000000000000e+92	
4.179683974987476528000000000000000000000e+91	
-1.975847896251237455000000000000000000000e+92	
-3.406762792934076721000000000000000000000e+91	
1.243018786855178055000000000000000000000e+92	
-1.150797506894807053000000000000000000000e+92	
5.646072724649606932000000000000000000000e+91	
-1.829209021285024414000000000000000000000e+92	
-1.134666184239905896000000000000000000000e+91	
1.550759136149706221000000000000000000000e+92	
-8.430571576002788870000000000000000000000e+91	
8.215316906224820953000000000000000000000e+91	
-1.572284603127503012000000000000000000000e+92	
9.266715804434013678000000000000000000000e+90	
1.706127547790919410000000000000000000000e+92	
-6.876887459590656976000000000000000000000e+91	
9.641215573306169568000000000000000000000e+91	
-1.429694736419368151000000000000000000000e+92	
2.224848392885234745000000000000000000000e+91	
1.823179399875376564000000000000000000000e+92	
-5.706368938746085430000000000000000000000e+91	
1.108022359619689387000000000000000000000e+92	
-1.285793934130295720000000000000000000000e+92	
3.932212299267872347000000000000000000000e+91	
2.020738023657171390000000000000000000000e+92	
-3.730782700928137180000000000000000000000e+91	
1.254819886150922746000000000000000000000e+92	
-1.138996407599062361000000000000000000000e+92	
4.892829213662200642000000000000000000000e+91	
-1.904533372383765043000000000000000000000e+92	
-2.758730603942899505000000000000000000000e+91	
1.301313941252139317000000000000000000000e+92	
-1.092502352497845791000000000000000000000e+92	
6.365919742155362332000000000000000000000e+91	
-1.757224319534448874000000000000000000000e+92	
-2.779918216541131609000000000000000000000e+90	
1.650102497461210875000000000000000000000e+92	
-7.437137962887742328000000000000000000000e+91	
9.345441709206806150000000000000000000000e+91	
-1.459272122829304493000000000000000000000e+92	
2.193419546501593068000000000000000000000e+91	
1.846457861410760988000000000000000000000e+92	
-5.473584323392241200000000000000000000000e+91	
1.080139036443228229000000000000000000000e+92	
-1.313677257306756879000000000000000000000e+92	
3.142015836064506790000000000000000000000e+91	
1.890607503089529473000000000000000000000e+92	
-5.032087906604556347000000000000000000000e+91	
1.226743421946313920000000000000000000000e+92	
-1.167072871803671187000000000000000000000e+92	
5.632097245166502970000000000000000000000e+91	
-1.830606569233334811000000000000000000000e+92	
-9.999375362076622037000000000000000000000e+90	
1.579095013180281827000000000000000000000e+92	
-8.147212805697032802000000000000000000000e+91	
8.647231830392278678000000000000000000000e+91	
-1.529093110710757240000000000000000000000e+92	
1.507068726872430231000000000000000000000e+91	
1.779008095179304574000000000000000000000e+92	
-6.148081985706805337000000000000000000000e+91	
1.013873996049871857800000000000000000000e+92	
-1.379942297700113250000000000000000000000e+92	
2.491206794514059702000000000000000000000e+91	
1.826710145866432437000000000000000000000e+92	
-5.671061478835526702000000000000000000000e+91	
1.160428361862364239000000000000000000000e+92	
-1.233387931887620869000000000000000000000e+92	
4.944781647844814088000000000000000000000e+91	
-1.899338128965503699000000000000000000000e+92	
-1.711406103873205598000000000000000000000e+91	
1.505534061394673404000000000000000000000e+92	
-8.882822323553117031000000000000000000000e+91	
7.887493376516927956000000000000000000000e+91	
-1.605066956098292312000000000000000000000e+92	
7.232133451700209882000000000000000000000e+90	
1.698212064447969543000000000000000000000e+92	
-6.956042293020155648000000000000000000000e+91	
9.306686723817432887000000000000000000000e+91	
-1.463147621368241819000000000000000000000e+92	
1.635072618737693938000000000000000000000e+91	
1.738689832809856800000000000000000000000e+92	
-6.551264609401283075000000000000000000000e+91	
1.077618636318899372000000000000000000000e+92	
-1.316197657431085735000000000000000000000e+92	
4.168764336129988562000000000000000000000e+91	
2.098425250948267882000000000000000000000e+92	
-2.953910428017172256000000000000000000000e+91	
1.386512247053732252000000000000000000000e+92	
-1.007304046696252855500000000000000000000e+92	
6.749535392698512200000000000000000000000e+91	
-1.718862754480133888000000000000000000000e+92	
-3.625104872510750611000000000000000000000e+90	
1.594860496820568250000000000000000000000e+92	
-7.989557969294168575000000000000000000000e+91	
8.325353221377262146000000000000000000000e+91	
-1.561280971612258893000000000000000000000e+92	
7.058953207486849452000000000000000000000e+90	
1.650985127810215699000000000000000000000e+92	
-7.428311659397694084000000000000000000000e+91	
9.790037595101130882000000000000000000000e+91	
-1.414812534239872019000000000000000000000e+92	
3.073568146352305419000000000000000000000e+91	
1.978006316739524074000000000000000000000e+92	
-4.158099770104610334000000000000000000000e+91	
1.255199421851207218000000000000000000000e+92	
-1.138616871898777890000000000000000000000e+92	
5.327522446112724596000000000000000000000e+91	
-1.861064049138712648000000000000000000000e+92	
-1.893353940001372275000000000000000000000e+91	
1.430898517071908785000000000000000000000e+92	
-9.629177766780763222000000000000000000000e+91	
6.749338796247239436000000000000000000000e+91	
-1.718882414125261164000000000000000000000e+92	
-8.065453863644398408000000000000000000000e+90	
1.506095265041960485000000000000000000000e+92	
-8.877210287080246224000000000000000000000e+91	
8.208665949126922827000000000000000000000e+91	
-1.572949698837292825000000000000000000000e+92	
1.359789409629407146000000000000000000000e+91	
1.793394323465659946000000000000000000000e+92	
-6.004219702843251618000000000000000000000e+91	
1.057359895169695775000000000000000000000e+92	
-1.336456398580289332000000000000000000000e+92	
3.216917674383041776000000000000000000000e+91	
1.928351947961218610000000000000000000000e+92	
-4.654643457887664971000000000000000000000e+91	
1.200432529277617903000000000000000000000e+92	
-1.193383764472367204000000000000000000000e+92	
4.728753725803817365000000000000000000000e+91	
-1.920940921169603371000000000000000000000e+92	
-2.543197024165811770000000000000000000000e+91	
1.360809314076055441000000000000000000000e+92	
-1.033006979673929667000000000000000000000e+92	
6.157388440075249059000000000000000000000e+91	
-1.778077449742460202000000000000000000000e+92	
-1.289608285502633225000000000000000000000e+91	
1.468672301854439002000000000000000000000e+92	
-9.251439918955461057000000000000000000000e+91	
7.604698502084883996000000000000000000000e+91	
-1.633346443541496708000000000000000000000e+92	
5.261984805117149988000000000000000000000e+90	
1.687084309965454519000000000000000000000e+92	
-7.067319837845305884000000000000000000000e+91	
9.281103830130264245000000000000000000000e+91	
-1.465705910736958683000000000000000000000e+92	
1.695141728728163177000000000000000000000e+91	
1.753257681553059583000000000000000000000e+92	
-6.405586121969255244000000000000000000000e+91	
1.074055738792330832000000000000000000000e+92	
-1.319760554957654275000000000000000000000e+92	
3.951918129035412576000000000000000000000e+91	
2.058627925652304636000000000000000000000e+92	
-3.351883680976804720000000000000000000000e+91	
1.328611231279381834000000000000000000000e+92	
-1.065205062470603274000000000000000000000e+92	
5.989578426392025360000000000000000000000e+91	
-1.794858451110782572000000000000000000000e+92	
-1.303324210737638044000000000000000000000e+91	
1.482702449410628047000000000000000000000e+92	
-9.111138443393570604000000000000000000000e+91	
7.418979068080386986000000000000000000000e+91	
-1.651918386941946409000000000000000000000e+92	
1.462038701860355052000000000000000000000e+89	
1.603356851600397471000000000000000000000e+92	
-7.904594421495876367000000000000000000000e+91	
8.859569984546183540000000000000000000000e+91	
-1.507859295295366754000000000000000000000e+92	
1.689141720471676765000000000000000000000e+91	
1.794190384683061962000000000000000000000e+92	
-5.996259090669231450000000000000000000000e+91	
1.027068678855297814800000000000000000000e+92	
-1.366747614894687293000000000000000000000e+92	
2.603287447261638526000000000000000000000e+91	
1.835932582285908851000000000000000000000e+92	
-5.578837114640762569000000000000000000000e+91	
1.173839063949016707000000000000000000000e+92	
-1.219977229800968400000000000000000000000e+92	
5.120750481737482443000000000000000000000e+91	
-1.881741245576236863000000000000000000000e+92	
-1.493596290226802186000000000000000000000e+91	
1.531497058444251073000000000000000000000e+92	
-8.623192353057340348000000000000000000000e+91	
8.188922691320604414000000000000000000000e+91	
-1.574924024617924666000000000000000000000e+92	
1.066421202097856374000000000000000000000e+91	
1.736708625170052300000000000000000000000e+92	
-6.571076685799328071000000000000000000000e+91	
9.733389299847501494000000000000000000000e+91	
-1.420477363765234958000000000000000000000e+92	
2.103491392435535499000000000000000000000e+91	
1.789701253865983899000000000000000000000e+92	
-6.041150398840012082000000000000000000000e+91	
1.119740395205451040000000000000000000000e+92	
-1.274075898544534067000000000000000000000e+92	
4.501129544277432472000000000000000000000e+91	
-1.943703339322241860000000000000000000000e+92	
-2.191812343984513061000000000000000000000e+91	
1.453819852863827300000000000000000000000e+92	
-9.399964408861578071000000000000000000000e+91	
7.333633728255073144000000000000000000000e+91	
-1.660452920924477793000000000000000000000e+92	
1.326544071000530054000000000000000000000e+90	
1.635488068065294025000000000000000000000e+92	
-7.583282256846910829000000000000000000000e+91	
8.750403545752184710000000000000000000000e+91	
-1.518775939174766636000000000000000000000e+92	
1.149710913533245760000000000000000000000e+91	
1.697242280042830242000000000000000000000e+92	
-6.965740137071548656000000000000000000000e+91	
1.021230630584413455300000000000000000000e+92	
-1.372585663165571652000000000000000000000e+92	
3.455554102919910702000000000000000000000e+91	
2.012178641721325869000000000000000000000e+92	
-3.816376520286592386000000000000000000000e+91	
1.285347479902936058000000000000000000000e+92	
-1.108468813847049049000000000000000000000e+92	
5.588780384806149691000000000000000000000e+91	
-1.834938255269370138000000000000000000000e+92	
-1.672298625621974140000000000000000000000e+91	
1.448985786833222720000000000000000000000e+92	
-9.448305069167623879000000000000000000000e+91	
7.014976021810588460000000000000000000000e+91	
-1.692318691568926262000000000000000000000e+92	
-4.561858174189509784000000000000000000000e+90	
1.549599239917305977000000000000000000000e+92	
-8.442170538326791304000000000000000000000e+91	
8.463973860175813018000000000000000000000e+91	
-1.547418907732403806000000000000000000000e+92	
1.435454929704875242000000000000000000000e+91	
1.783005576597504494000000000000000000000e+92	
-6.108107171524806130000000000000000000000e+91	
1.029024785198218220700000000000000000000e+92	
-1.364791508551766887000000000000000000000e+92	
2.754192256888399898000000000000000000000e+91	
1.864150901314270199000000000000000000000e+92	
-5.296653924357149084000000000000000000000e+91	
1.174246719192918903000000000000000000000e+92	
-1.219569574557066205000000000000000000000e+92	
4.846858801024057275000000000000000000000e+91	
-1.909130413647579380000000000000000000000e+92	
-2.045317868280076745000000000000000000000e+91	
1.448555737601671810000000000000000000000e+92	
-9.452605561483132981000000000000000000000e+91	
7.081956050678618594000000000000000000000e+91	
-1.685620688682123248000000000000000000000e+92	
-3.179607413807586710000000000000000000000e+90	
1.570542706602230702000000000000000000000e+92	
-8.232735871477544054000000000000000000000e+91	
8.522478593287752558000000000000000000000e+91	
-1.541568434421209852000000000000000000000e+92	
1.343104842033212953000000000000000000000e+91	
1.758692593309219338000000000000000000000e+92	
-6.351237004407657697000000000000000000000e+91	
9.935102705657732840000000000000000000000e+91	
-1.400306023184211824000000000000000000000e+92	
2.287087543526290852000000000000000000000e+91	
1.806250045140368893000000000000000000000e+92	
-5.875662486096162149000000000000000000000e+91	
1.140097765133795654000000000000000000000e+92	
-1.253718528616189454000000000000000000000e+92	
4.742770076034504384000000000000000000000e+91	
-1.919539286146534669000000000000000000000e+92	
-1.912123924386959834000000000000000000000e+91	
1.485591590087129079000000000000000000000e+92	
-9.082247036628560289000000000000000000000e+91	
7.689361127341985530000000000000000000000e+91	
-1.624880181015786554000000000000000000000e+92	
5.263729166780385874000000000000000000000e+90	
1.678657139377323948000000000000000000000e+92	
-7.151591543726611600000000000000000000000e+91	
9.112428008319014930000000000000000000000e+91	
-1.482573492918083614000000000000000000000e+92	
1.442103796189623009000000000000000000000e+91	
1.719521875656277982000000000000000000000e+92	
-6.742944180937071250000000000000000000000e+91	
1.058203775277137448300000000000000000000e+92	
-1.335612518472847659000000000000000000000e+92	
3.972147915591458946000000000000000000000e+91	
-1.996601502190839213000000000000000000000e+92	
-2.634452392884310736000000000000000000000e+91	
1.418185709010881502000000000000000000000e+92	
-9.756305847391036053000000000000000000000e+91	
7.063547952064607528000000000000000000000e+91	
-1.687461498543524355000000000000000000000e+92	
-5.121863340892003646000000000000000000000e+89	
1.625717747053116623000000000000000000000e+92	
-7.680985466968684842000000000000000000000e+91	
8.631207725519503113000000000000000000000e+91	
-1.530695521198034796000000000000000000000e+92	
1.009033179367598301700000000000000000000e+91	
1.681027384318449479000000000000000000000e+92	
-7.127889094315356283000000000000000000000e+91	
1.009579944929579144900000000000000000000e+92	
-1.384236348820405963000000000000000000000e+92	
3.384666632467528470000000000000000000000e+91	
2.009649562956166955000000000000000000000e+92	
-3.841667307938181525000000000000000000000e+91	
1.287375800218208487000000000000000000000e+92	
-1.106440493531776620000000000000000000000e+92	
5.654614898059785728000000000000000000000e+91	
-1.828354803944006535000000000000000000000e+92	
-1.560935471683371751000000000000000000000e+91	
1.464672700482168222000000000000000000000e+92	
-9.291435932678168857000000000000000000000e+91	
7.075363404774131919000000000000000000000e+91	
-1.686279953272571916000000000000000000000e+92	
-4.922321721284898332000000000000000000000e+90	
1.536356029874732966000000000000000000000e+92	
-8.574602638752521414000000000000000000000e+91	
8.535629324683517677000000000000000000000e+91	
-1.540253361281633340000000000000000000000e+92	
1.711096391355998278000000000000000000000e+91	
1.830958170752658016000000000000000000000e+92	
-5.628581229973270914000000000000000000000e+91	
1.097355680671298067000000000000000000000e+92	
-1.296460613078687041000000000000000000000e+92	
3.641182808574011193000000000000000000000e+91	
-2.029698012892583988000000000000000000000e+92	
-3.687542103826678550000000000000000000000e+91	
1.240700215333573064000000000000000000000e+92	
-1.153116078416412043000000000000000000000e+92	
5.077965751929686420000000000000000000000e+91	
-1.886019718557016466000000000000000000000e+92	
-2.247423224752185022000000000000000000000e+91	
1.385045530794156656000000000000000000000e+92	
-1.008770762955828451100000000000000000000e+92	
6.512418893634558298000000000000000000000e+91	
-1.742574404386529278000000000000000000000e+92	
-8.219656169325101558000000000000000000000e+90	
1.526692185866274715000000000000000000000e+92	
-8.671241078837103926000000000000000000000e+91	
7.945996692959797532000000000000000000000e+91	
-1.599216624454005354000000000000000000000e+92	
6.287149152809693228000000000000000000000e+90	
1.673469661228664762000000000000000000000e+92	
-7.203466325213203452000000000000000000000e+91	
9.375628767139682958000000000000000000000e+91	
-1.456253417036016812000000000000000000000e+92	
2.020223292396569692000000000000000000000e+91	
1.808810026527077796000000000000000000000e+92	
-5.850062672229073118000000000000000000000e+91	
1.080782015730673861000000000000000000000e+92	
-1.313034278019311246000000000000000000000e+92	
3.531163209634220208000000000000000000000e+91	
-2.040699972786563087000000000000000000000e+92	
-3.741872380876646202000000000000000000000e+91	
1.240833348339858214000000000000000000000e+92	
-1.152982945410126894000000000000000000000e+92	
4.961540290423805211000000000000000000000e+91	
-1.897662264707604586000000000000000000000e+92	
-2.481546874074614589000000000000000000000e+91	
1.349869204538957972000000000000000000000e+92	
-1.043947089211027135700000000000000000000e+92	
6.410002567532979874000000000000000000000e+91	
-1.752816036996687120000000000000000000000e+92	
-6.751590985012374914000000000000000000000e+90	
1.566282719146584908000000000000000000000e+92	
-8.275335746034001998000000000000000000000e+91	
8.066432906401222246000000000000000000000e+91	
-1.587173003109862883000000000000000000000e+92	
4.738191014450823595000000000000000000000e+90	
1.630460579503151761000000000000000000000e+92	
-7.633557142468333466000000000000000000000e+91	
9.528307036381676737000000000000000000000e+91	
-1.440985590111817434000000000000000000000e+92	
2.755380622781990631000000000000000000000e+91	
1.940544677578217843000000000000000000000e+92	
-4.532716161717672649000000000000000000000e+91	
1.212097704168150802000000000000000000000e+92	
-1.181718589581834306000000000000000000000e+92	
4.840132552913981482000000000000000000000e+91	
-1.909803038458586959000000000000000000000e+92	
-2.437088494687920677000000000000000000000e+91	
1.370893399546309166000000000000000000000e+92	
-1.022922894203675941400000000000000000000e+92	
6.269237370197365170000000000000000000000e+91	
-1.766892556730248590000000000000000000000e+92	
-1.166756758324566547000000000000000000000e+91	
1.482057166714117898000000000000000000000e+92	
-9.117591270358672094000000000000000000000e+91	
7.715101708274193718000000000000000000000e+91	
-1.622306122922565736000000000000000000000e+92	
6.131679123330565410000000000000000000000e+90	
1.693439041934062134000000000000000000000e+92	
-7.003772518159229736000000000000000000000e+91	
9.321240694109858526000000000000000000000e+91	
-1.461692224338999255000000000000000000000e+92	
1.711879787629040452000000000000000000000e+91	
1.752592771418237104000000000000000000000e+92	
-6.412235223317480034000000000000000000000e+91	
1.078339399344089300000000000000000000000e+92	
-1.315476894405895807000000000000000000000e+92	
4.044215813980655980000000000000000000000e+91	
2.072801340571406906000000000000000000000e+92	
-3.210149531785782015000000000000000000000e+91	
1.347725832329893316000000000000000000000e+92	
-1.046090461420091791900000000000000000000e+92	
6.230111707523617739000000000000000000000e+91	
-1.770805122997623334000000000000000000000e+92	
-1.013428237429186228900000000000000000000e+91	
1.516625859337387648000000000000000000000e+92	
-8.771904344125974598000000000000000000000e+91	
7.653378437757729654000000000000000000000e+91	
-1.628478449974212142000000000000000000000e+92	
1.442371999649562851000000000000000000000e+90	
1.605845491911384600000000000000000000000e+92	
-7.879708018386005080000000000000000000000e+91	
9.105985409667798988000000000000000000000e+91	
-1.483217752783205209000000000000000000000e+92	
2.156975919765108755000000000000000000000e+91	
1.863104662732272805000000000000000000000e+92	
-5.307116310177123030000000000000000000000e+91	
1.117066903502887808000000000000000000000e+92	
-1.276749390247097300000000000000000000000e+92	
3.714004231728207887000000000000000000000e+91	
-2.022415870577164319000000000000000000000e+92	
-3.738949630314449821000000000000000000000e+91	
1.223142750194222355000000000000000000000e+92	
-1.170673543555762753000000000000000000000e+92	
5.165309772263009549000000000000000000000e+91	
-1.877285316523684153000000000000000000000e+92	
-1.897291378823935081000000000000000000000e+91	
1.446324419845073581000000000000000000000e+92	
-9.474918739049115265000000000000000000000e+91	
6.889387978641630314000000000000000000000e+91	
-1.704877495885822076000000000000000000000e+92	
-6.806989775261903326000000000000000000000e+90	
1.517260335396343236000000000000000000000e+92	
-8.765559583536418716000000000000000000000e+91	
8.350197861749618630000000000000000000000e+91	
-1.558796507575023245000000000000000000000e+92	
1.531187660418227277000000000000000000000e+91	
1.813519296009957896000000000000000000000e+92	
-5.802969977400272114000000000000000000000e+91	
1.080468529567922561000000000000000000000e+92	
-1.313347764182062547000000000000000000000e+92	
3.477825788183130018000000000000000000000e+91	
-2.046033714931672106000000000000000000000e+92	
-3.845387377958586964000000000000000000000e+91	
1.225466588244468182000000000000000000000e+92	
-1.168349705505516925000000000000000000000e+92	
4.914180293142015578000000000000000000000e+91	
-1.902398264435783550000000000000000000000e+92	
-2.422652173545415305000000000000000000000e+91	
1.366378856419818379000000000000000000000e+92	
-1.027437437330166728800000000000000000000e+92	
6.350201073514634828000000000000000000000e+91	
-1.758796186398521625000000000000000000000e+92	
-9.597466808686820592000000000000000000000e+90	
1.515356538952596638000000000000000000000e+92	
-8.784597547973884696000000000000000000000e+91	
7.781121572034997746000000000000000000000e+91	
-1.615704136546485333000000000000000000000e+92	
4.123467817373390835000000000000000000000e+90	
1.646686109253358516000000000000000000000e+92	
-7.471301844966265911000000000000000000000e+91	
9.217036271309485282000000000000000000000e+91	
-1.472112666619036579000000000000000000000e+92	
1.970819453764258622000000000000000000000e+91	
1.814783074416793674000000000000000000000e+92	
-5.790332193331914334000000000000000000000e+91	
1.063659083327240377000000000000000000000e+92	
-1.330157210422744731000000000000000000000e+92	
3.129089023903415970000000000000000000000e+91	
1.904494535558550794000000000000000000000e+92	
-4.893217581914343136000000000000000000000e+91	
1.208498264690742113000000000000000000000e+92	
-1.185318029059242995000000000000000000000e+92	
5.128483686895952702000000000000000000000e+91	
-1.880967925060389837000000000000000000000e+92	
-1.824553248244748478000000000000000000000e+91	
1.464549201840429016000000000000000000000e+92	
-9.292670919095560911000000000000000000000e+91	
7.181090988533793104000000000000000000000e+91	
-1.675707194896605797000000000000000000000e+92	
-2.795952500085749810000000000000000000000e+90	
1.568305335390245807000000000000000000000e+92	
-8.255109583597393008000000000000000000000e+91	
8.628631960441938374000000000000000000000e+91	
-1.530953097705791270000000000000000000000e+92	
1.577721324684892941000000000000000000000e+91	
1.794994159929752836000000000000000000000e+92	
-5.988221338202322718000000000000000000000e+91	
1.038776426172988601400000000000000000000e+92	
-1.355039867576996506000000000000000000000e+92	
2.829350375601010148000000000000000000000e+91	
1.869431996781960064000000000000000000000e+92	
-5.243842969680250436000000000000000000000e+91	
1.184248351902212452000000000000000000000e+92	
-1.209567941847772656000000000000000000000e+92	
4.994057007943682169000000000000000000000e+91	
-1.894410592955616891000000000000000000000e+92	
-1.850961262431597094000000000000000000000e+91	
1.472704891158189181000000000000000000000e+92	
-9.211114025917959262000000000000000000000e+91	
7.370559058428198466000000000000000000000e+91	
-1.656760387907165261000000000000000000000e+92	
1.773029269499945154000000000000000000000e+89	
1.608818269223426275000000000000000000000e+92	
-7.849980245265588330000000000000000000000e+91	
8.805150588531829072000000000000000000000e+91	
-1.513301234896802200000000000000000000000e+92	
1.525743014700322367000000000000000000000e+91	
1.766958006678522130000000000000000000000e+92	
-6.268582870714629775000000000000000000000e+91	
1.022916678218627996400000000000000000000e+92	
-1.370899615531357111000000000000000000000e+92	
2.792456350989338409000000000000000000000e+91	
1.877906883026078431000000000000000000000e+92	
-5.159094107239066768000000000000000000000e+91	
1.166977632365653583000000000000000000000e+92	
-1.226838661384331525000000000000000000000e+92	
4.564021882336698171000000000000000000000e+91	
-1.937414105516315290000000000000000000000e+92	
-2.538196254479563132000000000000000000000e+91	
1.378274205316014922000000000000000000000e+92	
-1.015542088433970185300000000000000000000e+92	
6.169308269998383790000000000000000000000e+91	
-1.776885466750146728000000000000000000000e+92	
-1.440336553046982876000000000000000000000e+91	
1.437342759823790366000000000000000000000e+92	
-9.564735339261947413000000000000000000000e+91	
7.635744676509193602000000000000000000000e+91	
-1.630241826099065747000000000000000000000e+92	
9.014148819757103744000000000000000000000e+90	
1.759005844575127836000000000000000000000e+92	
-6.348104491748572716000000000000000000000e+91	
1.034414692369450875300000000000000000000e+92	
-1.359401601380534232000000000000000000000e+92	
3.101841457793999453000000000000000000000e+91	
1.928276215328899944000000000000000000000e+92	
-4.655400784210851640000000000000000000000e+91	
1.176172148747224962000000000000000000000e+92	
-1.217644145002760145000000000000000000000e+92	
4.244423800701248817000000000000000000000e+91	
-1.969373913679860226000000000000000000000e+92	
-3.269132769783790189000000000000000000000e+91	
1.264067181404132014000000000000000000000e+92	
-1.129749112345853093000000000000000000000e+92	
5.702146653643655395000000000000000000000e+91	
-1.823601628385619568000000000000000000000e+92	
-1.232925426862842398000000000000000000000e+91	
1.525507575389242332000000000000000000000e+92	
-8.683087183607427760000000000000000000000e+91	
7.808621702049595146000000000000000000000e+91	
-1.612954123545025593000000000000000000000e+92	
3.658735099035327030000000000000000000000e+90	
1.634645123302449434000000000000000000000e+92	
-7.591711704475356738000000000000000000000e+91	
9.253205417343902163000000000000000000000e+91	
-1.468495752015594891000000000000000000000e+92	
2.163489681027878575000000000000000000000e+91	
1.849692416712686717000000000000000000000e+92	
-5.441238770372983908000000000000000000000e+91	
1.089598034347992566000000000000000000000e+92	
-1.304218259401992542000000000000000000000e+92	
3.298819264099896815000000000000000000000e+91	
1.912506094629406996000000000000000000000e+92	
-4.813101991205781114000000000000000000000e+91	
1.235457462561443161000000000000000000000e+92	
-1.158358831188541946000000000000000000000e+92	
5.587457757322282792000000000000000000000e+91	
-1.835070518017756828000000000000000000000e+92	
-1.176291335450006812000000000000000000000e+91	
1.548294757112138646000000000000000000000e+92	
-8.455215366378464617000000000000000000000e+91	
8.207646025608703158000000000000000000000e+91	
-1.573051691189114792000000000000000000000e+92	
9.359651627177948382000000000000000000000e+90	
1.708752508040879421000000000000000000000e+92	
-6.850637857091056866000000000000000000000e+91	
9.631558449885989525000000000000000000000e+91	
-1.430660448761386155000000000000000000000e+92	
2.179302413163151446000000000000000000000e+91	
1.815037702345452247000000000000000000000e+92	
-5.787785914045328604000000000000000000000e+91	
1.107480333249585867000000000000000000000e+92	
-1.286335960500399240000000000000000000000e+92	
4.002750926056012080000000000000000000000e+91	
2.035383995156234120000000000000000000000e+92	
-3.584322985937509873000000000000000000000e+91	
1.277054188122863310000000000000000000000e+92	
-1.116762105627121797000000000000000000000e+92	
5.191017773440288796000000000000000000000e+91	
-1.874714516405956228000000000000000000000e+92	
-2.384734249981973015000000000000000000000e+91	
1.346290583357422682000000000000000000000e+92	
-1.047525710392562425700000000000000000000e+92	
6.654784272146928516000000000000000000000e+91	
-1.728337866535292256000000000000000000000e+92	
-1.499491070489983174000000000000000000000e+90	
1.646832590965451926000000000000000000000e+92	
-7.469837027845331817000000000000000000000e+91	
9.152080860679008036000000000000000000000e+91	
-1.478608207682084304000000000000000000000e+92	
1.839476870584665922000000000000000000000e+91	
1.795013402719101472000000000000000000000e+92	
-5.988028910308836354000000000000000000000e+91	
1.057953625459038353200000000000000000000e+92	
-1.335862668290946754000000000000000000000e+92	
3.212606590466136586000000000000000000000e+91	
1.926896510917608819000000000000000000000e+92	
-4.669197828323762882000000000000000000000e+91	
1.201146074591609590000000000000000000000e+92	
-1.192670219158375517000000000000000000000e+92	
4.757568208195040058000000000000000000000e+91	
-1.918059472930481102000000000000000000000e+92	
-2.492714301476012186000000000000000000000e+91	
1.368023332016550428000000000000000000000e+92	
-1.025792961733434679200000000000000000000e+92	
6.183613889110793404000000000000000000000e+91	
-1.775454904838905767000000000000000000000e+92	
-1.309274716558021260000000000000000000000e+91	
1.462118754630470010000000000000000000000e+92	
-9.316975391195150979000000000000000000000e+91	
7.636289709112048298000000000000000000000e+91	
-1.630187322838780278000000000000000000000e+92	
6.548680299941848731000000000000000000000e+90	
1.709654267883644826000000000000000000000e+92	
-6.841620258663402817000000000000000000000e+91	
9.603785150299425705000000000000000000000e+91	
-1.433437778720042537000000000000000000000e+92	
2.114756525204141597000000000000000000000e+91	
1.804907684765271892000000000000000000000e+92	
-5.889086089847132155000000000000000000000e+91	
1.105139532672485051000000000000000000000e+92	
-1.288676761077500057000000000000000000000e+92	
4.057196325898318993000000000000000000000e+91	
-1.988096661160153208000000000000000000000e+92	
-2.933521887964658840000000000000000000000e+91	
1.349886085271759499000000000000000000000e+92	
-1.043930208478225608600000000000000000000e+92	
5.996816040303168094000000000000000000000e+91	
-1.794134689719668298000000000000000000000e+92	
-1.501495246688271341000000000000000000000e+91	
1.442354703354519272000000000000000000000e+92	
-9.514615903954658359000000000000000000000e+91	
7.450381923809125616000000000000000000000e+91	
-1.648778101369072546000000000000000000000e+92	
4.806871331483121665000000000000000000000e+90	
1.693408283435395986000000000000000000000e+92	
-7.004080103145891214000000000000000000000e+91	
9.453040524991089192000000000000000000000e+91	
-1.448512241250876188000000000000000000000e+92	
1.975721288783719060000000000000000000000e+91	
1.792174517273551958000000000000000000000e+92	
-6.016417764764331500000000000000000000000e+91	
1.089947584363554645000000000000000000000e+92	
-1.303868709386430463000000000000000000000e+92	
3.880701271194971324000000000000000000000e+91	
-2.005746166630487975000000000000000000000e+92	
-3.134580283813735238000000000000000000000e+91	
1.327325134010440672000000000000000000000e+92	
-1.066491159739544435000000000000000000000e+92	
5.746667629223788712000000000000000000000e+91	
-1.819149530827606236000000000000000000000e+92	
-1.776170344016557382000000000000000000000e+91	
1.412435745610765008000000000000000000000e+92	
-9.813805481392200991000000000000000000000e+91	
7.203457383394837199000000000000000000000e+91	
-1.673470555410501388000000000000000000000e+92	
2.860016191362552308000000000000000000000e+90	
1.679161034906776697000000000000000000000e+92	
-7.146552588432084107000000000000000000000e+91	
9.362755083692592786000000000000000000000e+91	
-1.457540785380725829000000000000000000000e+92	
1.937596919666522116000000000000000000000e+91	
1.793575591691854887000000000000000000000e+92	
-6.002407020581302204000000000000000000000e+91	
1.080317318011332207000000000000000000000e+92	
-1.313498975738652901000000000000000000000e+92	
3.674140099387913372000000000000000000000e+91	
1.996827680805006632000000000000000000000e+92	
-3.969886129449784760000000000000000000000e+91	
1.232805476420099023000000000000000000000e+92	
-1.161010817329886085000000000000000000000e+92	
4.691635012120522500000000000000000000000e+91	
-1.924652792537932858000000000000000000000e+92	
-2.940984340469153203000000000000000000000e+91	
1.284981671495281554000000000000000000000e+92	
-1.108834622254703554000000000000000000000e+92	
6.162767661659054976000000000000000000000e+91	
-1.777539527584079610000000000000000000000e+92	
-5.209534632805691858000000000000000000000e+90	
1.621827358378842123000000000000000000000e+92	
-7.719889353711429842000000000000000000000e+91	
9.022920371259047140000000000000000000000e+91	
-1.491524256624080394000000000000000000000e+92	
1.831148053648066264000000000000000000000e+91	
1.806257674871666938000000000000000000000e+92	
-5.875586188783181695000000000000000000000e+91	
1.043632896200944051900000000000000000000e+92	
-1.350183397549041056000000000000000000000e+92	
2.813876512534341624000000000000000000000e+91	
1.861483941133154834000000000000000000000e+92	
-5.323323526168302734000000000000000000000e+91	
1.189851958114364568000000000000000000000e+92	
-1.203964335635620539000000000000000000000e+92	
5.185542246430231746000000000000000000000e+91	
-1.875262069106961933000000000000000000000e+92	
-1.524094256260739169000000000000000000000e+91	
1.518923031030346869000000000000000000000e+92	
-8.748932627196382382000000000000000000000e+91	
7.967987508097329674000000000000000000000e+91	
-1.597017542940252140000000000000000000000e+92	
7.503384852222623812000000000000000000000e+90	
1.695590335302729407000000000000000000000e+92	
-6.982259584472557010000000000000000000000e+91	
9.385863932296230594000000000000000000000e+91	
-1.455229900520362048000000000000000000000e+92	
1.819591875708813598000000000000000000000e+91	
1.767670720822651950000000000000000000000e+92	
-6.261455729273331576000000000000000000000e+91	
1.084285887887339587000000000000000000000e+92	
-1.309530405862645520000000000000000000000e+92	
4.012411535133188967000000000000000000000e+91	
2.060498538430213859000000000000000000000e+92	
-3.333177553197712489000000000000000000000e+91	
1.326305195843311977000000000000000000000e+92	
-1.067511097906673131000000000000000000000e+92	
5.924772375720834005000000000000000000000e+91	
-1.801339056177901707000000000000000000000e+92	
-1.409855182234449424000000000000000000000e+91	
1.467878936692942907000000000000000000000e+92	
-9.259373570570422005000000000000000000000e+91	
7.359171092804856776000000000000000000000e+91	
-1.657899184469499430000000000000000000000e+92	
4.319555630666710764000000000000000000000e+89	
1.615048284441893616000000000000000000000e+92	
-7.787680093080914916000000000000000000000e+91	
8.789440638703019684000000000000000000000e+91	
-1.514872229879683139000000000000000000000e+92	
1.432061785966447532000000000000000000000e+91	
1.749796636293369116000000000000000000000e+92	
-6.440196574566159918000000000000000000000e+91	
1.022265462676072679000000000000000000000e+92	
-1.371550831073912428000000000000000000000e+92	
2.950963578281097751000000000000000000000e+91	
1.910251331545241248000000000000000000000e+92	
-4.835649622047438592000000000000000000000e+91	
1.164385145083490682000000000000000000000e+92	
-1.229431148666494425000000000000000000000e+92	
4.188901521348332550000000000000000000000e+91	
-1.974926141615151853000000000000000000000e+92	
-3.262338320317546730000000000000000000000e+91	
1.270975197930331876000000000000000000000e+92	
-1.122841095819653232000000000000000000000e+92	
5.639365039753655234000000000000000000000e+91	
-1.829879789774619584000000000000000000000e+92	
-1.427503196555863192000000000000000000000e+91	
1.492876741908674548000000000000000000000e+92	
-9.009395518413105592000000000000000000000e+91	
7.350648360179246266000000000000000000000e+91	
-1.658751457732060481000000000000000000000e+92	
-2.236993136096187277000000000000000000000e+90	
1.562534442068051672000000000000000000000e+92	
-8.312818516819334355000000000000000000000e+91	
8.811337787732883302000000000000000000000e+91	
-1.512682514976696778000000000000000000000e+92	
2.000722265826658884000000000000000000000e+91	
1.861311806717233717000000000000000000000e+92	
-5.325044870327513904000000000000000000000e+91	
1.129099672873459810000000000000000000000e+92	
-1.264716620876525298000000000000000000000e+92	
3.972519373617519314000000000000000000000e+91	
-1.996564356388233176000000000000000000000e+92	
-3.342315811671717220000000000000000000000e+91	
1.276611126013353203000000000000000000000e+92	
-1.117205167736631905000000000000000000000e+92	
5.407220869158816696000000000000000000000e+91	
-1.853094206834103438000000000000000000000e+92	
-1.948007239725258140000000000000000000000e+91	
1.412004701073872943000000000000000000000e+92	
-9.818115926761121642000000000000000000000e+91	
6.844741915989587342000000000000000000000e+91	
-1.709342102151026373000000000000000000000e+92	
-4.269424943714409214000000000000000000000e+90	
1.572461387761490023000000000000000000000e+92	
-8.213549059884950849000000000000000000000e+91	
8.270492336274140894000000000000000000000e+91	
-1.566767060122571018000000000000000000000e+92	
8.200804704920500254000000000000000000000e+90	
1.679299833393984650000000000000000000000e+92	
-7.145164603560004580000000000000000000000e+91	
9.715355274672077879000000000000000000000e+91	
-1.422280766282777320000000000000000000000e+92	
2.641234529780903471000000000000000000000e+91	
1.899025624618115126000000000000000000000e+92	
-4.947906691318699813000000000000000000000e+91	
1.140489189557434411000000000000000000000e+92	
-1.253327104192550697000000000000000000000e+92	
3.823302535833861990000000000000000000000e+91	
-2.011486040166598908000000000000000000000e+92	
-3.754513711731339797000000000000000000000e+91	
1.209106317497961213000000000000000000000e+92	
-1.184709976252023894000000000000000000000e+92	
5.289156042916819569000000000000000000000e+91	
-1.864900689458303151000000000000000000000e+92	
-1.509365999635401800000000000000000000000e+91	
1.511511726253016705000000000000000000000e+92	
-8.823045674969684026000000000000000000000e+91	
7.805077369373440558000000000000000000000e+91	
-1.613308556812641052000000000000000000000e+92	
4.986754469922255685000000000000000000000e+90	
1.661553158474290598000000000000000000000e+92	
-7.322631352756945100000000000000000000000e+91	
9.233618968149502997000000000000000000000e+91	
-1.470454396935034808000000000000000000000e+92	
1.855380091064922403000000000000000000000e+91	
1.790043502504459863000000000000000000000e+92	
-6.037727912455252450000000000000000000000e+91	
1.066868914134016976000000000000000000000e+92	
-1.326947379615968131000000000000000000000e+92	
3.440542264011275342000000000000000000000e+91	
1.963561450180560965000000000000000000000e+92	
-4.302548435694241429000000000000000000000e+91	
1.208415977509462425000000000000000000000e+92	
-1.185400316240522683000000000000000000000e+92	
4.536463163525266609000000000000000000000e+91	
-1.940169977397458447000000000000000000000e+92	
-3.007477203195000626000000000000000000000e+91	
1.287195870542901738000000000000000000000e+92	
-1.106620423207083370000000000000000000000e+92	
5.997368201629079460000000000000000000000e+91	
-1.794079473587077162000000000000000000000e+92	
-8.738010404934916405000000000000000000000e+90	
1.567807117626679595000000000000000000000e+92	
-8.260091761233055129000000000000000000000e+91	
8.295456373877094706000000000000000000000e+91	
-1.564270656362275637000000000000000000000e+92	
9.165156604514089433000000000000000000000e+90	
1.696086910737125916000000000000000000000e+92	
-6.977293830128591914000000000000000000000e+91	
9.731874055084266104000000000000000000000e+91	
-1.420628888241558497000000000000000000000e+92	
2.506476640172851137000000000000000000000e+91	
1.870429697206601472000000000000000000000e+92	
-5.233865965433836358000000000000000000000e+91	
1.114828418901969943000000000000000000000e+92	
-1.278987874848015165000000000000000000000e+92	
3.596031789512449960000000000000000000000e+91	
-2.034213114798740112000000000000000000000e+92	
-3.952462097877180235000000000000000000000e+91	
1.192242255621765320000000000000000000000e+92	
-1.201574038128219788000000000000000000000e+92	
5.058740707868832712000000000000000000000e+91	
-1.887942222963101836000000000000000000000e+92	
-1.801525307688150561000000000000000000000e+91	
1.476124470945398944000000000000000000000e+92	
-9.176918228045861640000000000000000000000e+91	
7.389522283962835918000000000000000000000e+91	
-1.654864065353701516000000000000000000000e+92	
2.146852665148942465000000000000000000000e+89	
1.607670351159922350000000000000000000000e+92	
-7.861459425900627574000000000000000000000e+91	
8.825880109368313859000000000000000000000e+91	
-1.511228282813153722000000000000000000000e+92	
1.578665207777794300000000000000000000000e+91	
1.775467891085037606000000000000000000000e+92	
-6.183484026649475020000000000000000000000e+91	
1.024607952670456104400000000000000000000e+92	
-1.369208341079529003000000000000000000000e+92	
2.741216929980404580000000000000000000000e+91	
1.865971116085642629000000000000000000000e+92	
-5.278451776643424788000000000000000000000e+91	
1.169468724474138343000000000000000000000e+92	
-1.224347569275846765000000000000000000000e+92	
4.733129596092442912000000000000000000000e+91	
-1.920503334140740816000000000000000000000e+92	
-2.224963510139768127000000000000000000000e+91	
1.424002810171082064000000000000000000000e+92	
-9.698134835789030439000000000000000000000e+91	
6.770575932082659600000000000000000000000e+91	
-1.716758700541719148000000000000000000000e+92	
-6.951589324282411455000000000000000000000e+90	
1.526244355805235546000000000000000000000e+92	
-8.675719379447495618000000000000000000000e+91	
8.219264577878987407000000000000000000000e+91	
-1.571889835962086367000000000000000000000e+92	
1.179590760423074442000000000000000000000e+91	
1.756304226113526973000000000000000000000e+92	
-6.375120676364581344000000000000000000000e+91	
1.001209056024867174000000000000000000000e+92	
-1.392607237725117934000000000000000000000e+92	
2.464896724163998065000000000000000000000e+91	
1.834108078257023823000000000000000000000e+92	
-5.597082154929612843000000000000000000000e+91	
1.146599581886392134000000000000000000000e+92	
-1.247216711863592973000000000000000000000e+92	
4.594332362911696320000000000000000000000e+91	
-1.934383057458815476000000000000000000000e+92	
-2.273911288060352859000000000000000000000e+91	
1.428088506387822258000000000000000000000e+92	
-9.657277873621628499000000000000000000000e+91	
6.901192941419170161000000000000000000000e+91	
-1.703696999608068092000000000000000000000e+92	
-4.748265465992783862000000000000000000000e+90	
1.557244667192826879000000000000000000000e+92	
-8.365716265571582288000000000000000000000e+91	
8.339146676815707706000000000000000000000e+91	
-1.559901626068414337000000000000000000000e+92	
1.109446461509735291000000000000000000000e+91	
1.730296613437314134000000000000000000000e+92	
-6.635196803126709738000000000000000000000e+91	
9.757941005546152743000000000000000000000e+91	
-1.418022193195369833000000000000000000000e+92	
2.216670792057572035000000000000000000000e+91	
1.809877552506424742000000000000000000000e+92	
-5.839387412435603654000000000000000000000e+91	
1.121149176502487044000000000000000000000e+92	
-1.272667117247498064000000000000000000000e+92	
4.327635583686558568000000000000000000000e+91	
2.086682717511102530000000000000000000000e+92	
-3.071335762388825776000000000000000000000e+91	
1.347153805812321082000000000000000000000e+92	
-1.046662487937664025100000000000000000000e+92	
6.079929337696467453000000000000000000000e+91	
-1.785823359980338362000000000000000000000e+92	
-1.308000817783710609000000000000000000000e+91	
1.472736766083664103000000000000000000000e+92	
-9.210795276663210042000000000000000000000e+91	
7.520392160580938822000000000000000000000e+91	
-1.641777077691891225000000000000000000000e+92	
3.170033392808890977000000000000000000000e+90	
1.653682131181915498000000000000000000000e+92	
-7.401341625680696092000000000000000000000e+91	
8.937193754547933912000000000000000000000e+91	
-1.500096918295191716000000000000000000000e+92	
1.341348286480360024000000000000000000000e+91	
1.716890492524972368000000000000000000000e+92	
-6.769258012250127390000000000000000000000e+91	
1.039827419533002490000000000000000000000e+92	
-1.353988874216982618000000000000000000000e+92	
3.631012989665629024000000000000000000000e+91	
2.028674153121008085000000000000000000000e+92	
-3.651421406289770230000000000000000000000e+91	
1.300793136766576180000000000000000000000e+92	
-1.093023156983408928000000000000000000000e+92	
5.732743632869098532000000000000000000000e+91	
-1.820541930463075254000000000000000000000e+92	
-1.538823475945707314000000000000000000000e+91	
1.461285013920966076000000000000000000000e+92	
-9.325312798290190311000000000000000000000e+91	
7.159979534469238762000000000000000000000e+91	
-1.677818340303061231000000000000000000000e+92	
-2.891820172632634904000000000000000000000e+90	
1.568498553799320067000000000000000000000e+92	
-8.253177399506650406000000000000000000000e+91	
8.606192604578045590000000000000000000000e+91	
-1.533197033292180549000000000000000000000e+92	
1.530922557794706288000000000000000000000e+91	
1.787879554427322880000000000000000000000e+92	
-6.059367393226622280000000000000000000000e+91	
1.029228303543047559100000000000000000000e+92	
-1.364587990206937548000000000000000000000e+92	
2.709546088855319700000000000000000000000e+91	
1.855020472542929749000000000000000000000e+92	
-5.387958212070553584000000000000000000000e+91	
1.174999366329959574000000000000000000000e+92	
-1.218816927420025534000000000000000000000e+92	
4.953166846601238553000000000000000000000e+91	
-1.898499609089861252000000000000000000000e+92	
-1.840277408895430676000000000000000000000e+91	
1.478928111327505892000000000000000000000e+92	
-9.148881824224792158000000000000000000000e+91	
7.484313954330254126000000000000000000000e+91	
-1.645384898316959695000000000000000000000e+92	
1.829822416249688761000000000000000000000e+90	
1.630490606577196596000000000000000000000e+92	
-7.633256871727885112000000000000000000000e+91	
8.912691308272007112000000000000000000000e+91	
-1.502547162922784396000000000000000000000e+92	
1.524155417323692649000000000000000000000e+91	
1.755891846193088858000000000000000000000e+92	
-6.379244475568962496000000000000000000000e+91	
1.034940606074145275000000000000000000000e+92	
-1.358875687675839833000000000000000000000e+92	
3.143481601041335866000000000000000000000e+91	
1.936076519708487264000000000000000000000e+92	
-4.577397740414978432000000000000000000000e+91	
1.176269177230954671000000000000000000000e+92	
-1.217547116519030437000000000000000000000e+92	
4.168399663296320072000000000000000000000e+91	
-1.976976327420353100000000000000000000000e+92	
-3.422113011793549902000000000000000000000e+91	
1.241077376599467831000000000000000000000e+92	
-1.152738917150517276000000000000000000000e+92	
5.635282153031898286000000000000000000000e+91	
-1.830288078446795279000000000000000000000e+92	
-1.136837516571071812000000000000000000000e+91	
1.551403497893540219000000000000000000000e+92	
-8.424127958564448884000000000000000000000e+91	
8.230371186050387443000000000000000000000e+91	
-1.570779175144946363000000000000000000000e+92	
9.503322374076042136000000000000000000000e+90	
1.709353822889608448000000000000000000000e+92	
-6.844624708603766590000000000000000000000e+91	
9.655236652085762793000000000000000000000e+91	
-1.428292628541408828000000000000000000000e+92	
2.220636877748670548000000000000000000000e+91	
1.820935896347421092000000000000000000000e+92	
-5.728803974025640154000000000000000000000e+91	
1.109637160508196361000000000000000000000e+92	
-1.284179133241788746000000000000000000000e+92	
3.986924150782531993000000000000000000000e+91	
-1.995123878671731908000000000000000000000e+92	
-3.118985161120029068000000000000000000000e+91	
1.319826380841201575000000000000000000000e+92	
-1.073989912908783532000000000000000000000e+92	
5.581142523207016203000000000000000000000e+91	
-1.835702041429283487000000000000000000000e+92	
-2.032187966730909963000000000000000000000e+91	
1.377789235189880475000000000000000000000e+92	
-1.016027058560104632600000000000000000000e+92	
7.048805717077930884000000000000000000000e+91	
-1.688935722042192019000000000000000000000e+92	
3.230679313579079363000000000000000000000e+90	
1.702029922798163233000000000000000000000e+92	
-6.917863709518218748000000000000000000000e+91	
9.782971164935724897000000000000000000000e+91	
-1.415519177256412618000000000000000000000e+92	
2.549244886335725012000000000000000000000e+91	
1.873874049954678388000000000000000000000e+92	
-5.199422437953067198000000000000000000000e+91	
1.120029264804311911000000000000000000000e+92	
-1.273787028945673196000000000000000000000e+92	
3.665596438579353795000000000000000000000e+91	
-2.027256649892049728000000000000000000000e+92	
-3.865349995915594826000000000000000000000e+91	
1.202707337827331319000000000000000000000e+92	
-1.191108955922653789000000000000000000000e+92	
5.126146365501922285000000000000000000000e+91	
-1.881201657199792879000000000000000000000e+92	
-1.771346278762136882000000000000000000000e+91	
1.475421563616378996000000000000000000000e+92	
-9.183947301336061121000000000000000000000e+91	
7.345303625727256958000000000000000000000e+91	
-1.659285931177259412000000000000000000000e+92	
-5.992120847409059907000000000000000000000e+89	
1.595816119842815961000000000000000000000e+92	
-7.980001739071691466000000000000000000000e+91	
8.786095816920892702000000000000000000000e+91	
-1.515206712057895837000000000000000000000e+92	
1.617599740730610532000000000000000000000e+91	
1.787229309338626705000000000000000000000e+92	
-6.065869844113584024000000000000000000000e+91	
1.019708428131107906500000000000000000000e+92	
-1.374107865618877201000000000000000000000e+92	
2.525695172789142797000000000000000000000e+91	
1.827774576673430156000000000000000000000e+92	
-5.660417170765549518000000000000000000000e+91	
1.166535693371811393000000000000000000000e+92	
-1.227280600378173715000000000000000000000e+92	
5.056258873075594867000000000000000000000e+91	
-1.888190406442425621000000000000000000000e+92	
-1.549550052904384093000000000000000000000e+91	
1.526755041873902343000000000000000000000e+92	
-8.670612518760827642000000000000000000000e+91	
8.150031875695587126000000000000000000000e+91	
-1.578813106180426395000000000000000000000e+92	
1.036055491769231700300000000000000000000e+91	
1.734524140399870417000000000000000000000e+92	
-6.592921533501146910000000000000000000000e+91	
9.720061074214344404000000000000000000000e+91	
-1.421810186328550667000000000000000000000e+92	
2.098675550423285060000000000000000000000e+91	
1.790070484393007249000000000000000000000e+92	
-6.037458093569778588000000000000000000000e+91	
1.118309185529034549000000000000000000000e+92	
-1.275507108220950559000000000000000000000e+92	
4.468822005688310559000000000000000000000e+91	
-1.946934093181154052000000000000000000000e+92	
-2.242106368648367598000000000000000000000e+91	
1.446992696919293086000000000000000000000e+92	
-9.468235968306920221000000000000000000000e+91	
7.247393580866717768000000000000000000000e+91	
-1.669076935663313331000000000000000000000e+92	
2.845461415460268476000000000000000000000e+89	
1.623273018008598037000000000000000000000e+92	
-7.705432757413870704000000000000000000000e+91	
8.666393384934571338000000000000000000000e+91	
-1.527176955256527974000000000000000000000e+92	
1.103822111249633888000000000000000000000e+91	
1.696463638490968595000000000000000000000e+92	
-6.973526552590165130000000000000000000000e+91	
1.012392282703529284000000000000000000000e+92	
-1.381424011046455824000000000000000000000e+92	
3.286613671376339528000000000000000000000e+91	
1.987232912352873135000000000000000000000e+92	
-4.065833813971119725000000000000000000000e+91	
1.252354071384585706000000000000000000000e+92	
-1.141462222365399401000000000000000000000e+92	
5.178409558823780050000000000000000000000e+91	
-1.875975337867607103000000000000000000000e+92	
-2.163066161635034812000000000000000000000e+91	
1.391873363313462742000000000000000000000e+92	
-1.001942930436522365400000000000000000000e+92	
6.614620558594031476000000000000000000000e+91	
-1.732354237890581960000000000000000000000e+92	
-6.858574947572655900000000000000000000000e+90	
1.543691956390502222000000000000000000000e+92	
-8.501243373594828854000000000000000000000e+91	
8.044070035050853732000000000000000000000e+91	
-1.589409290244899734000000000000000000000e+92	
6.548996886535319880000000000000000000000e+90	
1.668902859355970918000000000000000000000e+92	
-7.249134343940141894000000000000000000000e+91	
9.482030604048206094000000000000000000000e+91	
-1.445613233345164498000000000000000000000e+92	
2.278619304684529360000000000000000000000e+91	
1.849841481034577540000000000000000000000e+92	
-5.439748127154075680000000000000000000000e+91	
1.089619000254096053000000000000000000000e+92	
-1.304197293495889055000000000000000000000e+92	
3.297748576507507196000000000000000000000e+91	
1.912271054923543728000000000000000000000e+92	
-4.815452388264413790000000000000000000000e+91	
1.235493468883696340000000000000000000000e+92	
-1.158322824866288768000000000000000000000e+92	
5.590526931917432311000000000000000000000e+91	
-1.834763600558241876000000000000000000000e+92	
-1.170514397719478763000000000000000000000e+91	
1.549143092442102557000000000000000000000e+92	
-8.446732013078825505000000000000000000000e+91	
8.218834447581830490000000000000000000000e+91	
-1.571932848991802059000000000000000000000e+92	
9.498573071390905805000000000000000000000e+90	
1.710411960172291448000000000000000000000e+92	
-6.834043335776936598000000000000000000000e+91	
9.642413579616762802000000000000000000000e+91	
-1.429574935788308827000000000000000000000e+92	
2.184421007620412080000000000000000000000e+91	
1.814976193752661218000000000000000000000e+92	
-5.788400999973238901000000000000000000000e+91	
1.108631897203085064000000000000000000000e+92	
-1.285184396546900044000000000000000000000e+92	
4.026391253983608011000000000000000000000e+91	
-1.991177168351624306000000000000000000000e+92	
-3.030022966040248924000000000000000000000e+91	
1.333669646326173062000000000000000000000e+92	
-1.060146647423812046000000000000000000000e+92	
5.769021017976489340000000000000000000000e+91	
-1.816914191952336174000000000000000000000e+92	
-1.794888239639338240000000000000000000000e+91	
1.406458871596121831000000000000000000000e+92	
-9.873574221538632763000000000000000000000e+91	
7.230614404151695292000000000000000000000e+91	
-1.670754853334815578000000000000000000000e+92	
4.000411406524931199000000000000000000000e+90	
1.699248913272863984000000000000000000000e+92	
-6.945673804771211236000000000000000000000e+91	
9.650429912401827684000000000000000000000e+91	
-1.428773302509802339000000000000000000000e+92	
2.312024597835589802000000000000000000000e+91	
1.839689327045598201000000000000000000000e+92	
-5.541269667043869070000000000000000000000e+91	
1.108025000664434750000000000000000000000e+92	
-1.285791293085550358000000000000000000000e+92	
3.767247999892543630000000000000000000000e+91	
-2.017091493760730745000000000000000000000e+92	
-3.542114561935468306000000000000000000000e+91	
1.257178240978304559000000000000000000000e+92	
-1.136638052771680548000000000000000000000e+92	
5.201582173836267086000000000000000000000e+91	
-1.873658076366358399000000000000000000000e+92	
-2.164950151475280822000000000000000000000e+91	
1.389180550830467420000000000000000000000e+92	
-1.004635742919517688100000000000000000000e+92	
6.640710897865716859000000000000000000000e+91	
-1.729745203963413422000000000000000000000e+92	
-6.067750769612866078000000000000000000000e+90	
1.556896768777920983000000000000000000000e+92	
-8.369195249720641250000000000000000000000e+91	
8.063888441796294824000000000000000000000e+91	
-1.587427449570355625000000000000000000000e+92	
5.625442313759612258000000000000000000000e+90	
1.648455509756857361000000000000000000000e+92	
-7.453607839931277464000000000000000000000e+91	
9.515024281165585367000000000000000000000e+91	
-1.442313865633426571000000000000000000000e+92	
2.548961975167422985000000000000000000000e+91	
1.900598835326542113000000000000000000000e+92	
-4.932174584234429943000000000000000000000e+91	
1.152857491392426431000000000000000000000e+92	
-1.240958802357558677000000000000000000000e+92	
4.054882741767192514000000000000000000000e+91	
-1.988328019573265856000000000000000000000e+92	
-3.415090015160289227000000000000000000000e+91	
1.253827669196591742000000000000000000000e+92	
-1.139988624553393366000000000000000000000e+92	
5.507731673621410617000000000000000000000e+91	
-1.843043126387844046000000000000000000000e+92	
-1.519314469520428890000000000000000000000e+91	
1.487675842112014801000000000000000000000e+92	
-9.061404516379703064000000000000000000000e+91	
7.338421828903772536000000000000000000000e+91	
-1.659974110859607854000000000000000000000e+92	
-1.961631766428565778000000000000000000000e+90	
1.569262343729367393000000000000000000000e+92	
-8.245539500206177149000000000000000000000e+91	
8.794447984536712954000000000000000000000e+91	
-1.514371495296313812000000000000000000000e+92	
1.899705530924527332000000000000000000000e+91	
1.842801626782125988000000000000000000000e+92	
-5.510146669678591198000000000000000000000e+91	
1.102185171135560593000000000000000000000e+92	
-1.291631122614424515000000000000000000000e+92	
3.619372963806033505000000000000000000000e+91	
1.964020009072141294000000000000000000000e+92	
-4.297962846778438139000000000000000000000e+91	
1.245736368747442991000000000000000000000e+92	
-1.148079925002542117000000000000000000000e+92	
5.278101949934097440000000000000000000000e+91	
-1.866006098756575364000000000000000000000e+92	
-1.897586900895264326000000000000000000000e+91	
1.434991725673296304000000000000000000000e+92	
-9.588245680766888035000000000000000000000e+91	
6.694666711436058778000000000000000000000e+91	
-1.724349622606379230000000000000000000000e+92	
-9.567740628924145439000000000000000000000e+90	
1.481521493760451594000000000000000000000e+92	
-9.122947999895335136000000000000000000000e+91	
8.165313845164692364000000000000000000000e+91	
-1.577284909233515871000000000000000000000e+92	
1.518722193738588379000000000000000000000e+91	
1.829506023618123499000000000000000000000e+92	
-5.643102701318616086000000000000000000000e+91	
1.113679955008162635000000000000000000000e+92	
-1.280136338741822473000000000000000000000e+92	
3.982101299147922540000000000000000000000e+91	
-1.995606163835192854000000000000000000000e+92	
-3.169036289528811953000000000000000000000e+91	
1.310300691188175766000000000000000000000e+92	
-1.083515602561809341000000000000000000000e+92	
5.440702356006138640000000000000000000000e+91	
-1.849746058149371244000000000000000000000e+92	
-2.217788918347795234000000000000000000000e+91	
1.354715309092984050000000000000000000000e+92	
-1.039100984657001057900000000000000000000e+92	
6.913869975774436138000000000000000000000e+91	
-1.702429296172541494000000000000000000000e+92	
2.838880314021399159000000000000000000000e+90	
1.707682751478380976000000000000000000000e+92	
-6.861335422716041320000000000000000000000e+91	
9.935160007622211415000000000000000000000e+91	
-1.400300292987763966000000000000000000000e+92	
2.797046677737241544000000000000000000000e+91	
1.908210765618659205000000000000000000000e+92	
-4.856055281313259023000000000000000000000e+91	
1.143281439882253516000000000000000000000e+92	
-1.250534853867731592000000000000000000000e+92	
3.787327947677100106000000000000000000000e+91	
-2.015083498982275097000000000000000000000e+92	
-3.854353591774228869000000000000000000000e+91	
1.192738978674382151000000000000000000000e+92	
-1.201077315075602957000000000000000000000e+92	
5.260746406663935912000000000000000000000e+91	
-1.867741653083591516000000000000000000000e+92	
-1.402579200306365944000000000000000000000e+91	
1.535703321454133091000000000000000000000e+92	
-8.581129722958520165000000000000000000000e+91	
8.182055224651465694000000000000000000000e+91	
-1.575610771284838538000000000000000000000e+92	
1.010647989589710448700000000000000000000e+91	
1.726243163216364888000000000000000000000e+92	
-6.675731305336202190000000000000000000000e+91	
9.594200726594408081000000000000000000000e+91	
-1.434396221090544300000000000000000000000e+92	
1.929786051899706360000000000000000000000e+91	
1.768880760872161870000000000000000000000e+92	
-6.249355328778232372000000000000000000000e+91	
1.106246539918386987000000000000000000000e+92	
-1.287569753831598121000000000000000000000e+92	
4.439420906164666162000000000000000000000e+91	
2.123929438835393513000000000000000000000e+92	
-2.698868549145915943000000000000000000000e+91	
1.410455742917266398000000000000000000000e+92	
-9.833605508327187092000000000000000000000e+91	
6.973371198158113945000000000000000000000e+91	
-1.696479173934173713000000000000000000000e+92	
-1.542660717724528477000000000000000000000e+90	
1.614126575303458678000000000000000000000e+92	
-7.796897184465264292000000000000000000000e+91	
8.502438131026148136000000000000000000000e+91	
-1.543572480647370294000000000000000000000e+92	
8.674121068276008872000000000000000000000e+90	
1.665580768836343346000000000000000000000e+92	
-7.282355249136417612000000000000000000000e+91	
9.968715991464893121000000000000000000000e+91	
-1.396944694603495796000000000000000000000e+92	
3.284952244142837242000000000000000000000e+91	
2.002413669004117798000000000000000000000e+92	
-3.914026247458673096000000000000000000000e+91	
1.282874089754237600000000000000000000000e+92	
-1.110942203995747508000000000000000000000e+92	
5.636926021152646162000000000000000000000e+91	
-1.830123691634720491000000000000000000000e+92	
-1.551309721234312701000000000000000000000e+91	
1.468365378901903945000000000000000000000e+92	
-9.254509148480811622000000000000000000000e+91	
7.054483658301854662000000000000000000000e+91	
-1.688367927919799641000000000000000000000e+92	
-5.708896808269604851000000000000000000000e+90	
1.522715378194897647000000000000000000000e+92	
-8.711009155550874610000000000000000000000e+91	
8.521577723133787051000000000000000000000e+91	
-1.541658521436606402000000000000000000000e+92	
1.819338812965053717000000000000000000000e+91	
1.854005729050860810000000000000000000000e+92	
-5.398105646991242974000000000000000000000e+91	
1.132620471957110856000000000000000000000e+92	
-1.261195821792874252000000000000000000000e+92	
4.115942250085242966000000000000000000000e+91	
-1.982222068741460811000000000000000000000e+92	
-3.090731904626538636000000000000000000000e+91	
1.312580236950433612000000000000000000000e+92	
-1.081236056799551496000000000000000000000e+92	
5.537720659320010464000000000000000000000e+91	
-1.840044227817984061000000000000000000000e+92	
-2.046584707655889548000000000000000000000e+91	
1.379250628906952499000000000000000000000e+92	
-1.014565664843032608700000000000000000000e+92	
7.002026366911570341000000000000000000000e+91	
-1.693613657058828074000000000000000000000e+92	
2.149258473108624278000000000000000000000e+90	
1.685082494830483368000000000000000000000e+92	
-7.087337989195017398000000000000000000000e+91	
9.552195212682202160000000000000000000000e+91	
-1.438596772481764892000000000000000000000e+92	
2.257197769368171486000000000000000000000e+91	
1.838545271054510964000000000000000000000e+92	
-5.552710226954741432000000000000000000000e+91	
1.097703898619549091000000000000000000000e+92	
-1.296112395130436017000000000000000000000e+92	
3.572312190100169289000000000000000000000e+91	
1.959089238725096253000000000000000000000e+92	
-4.347270550248888544000000000000000000000e+91	
1.241287596031156557000000000000000000000e+92	
-1.152528697718828550000000000000000000000e+92	
5.238431800332272264000000000000000000000e+91	
-1.869973113716757881000000000000000000000e+92	
-1.932441870488812646000000000000000000000e+91	
1.431987507078810596000000000000000000000e+92	
-9.618287866711745115000000000000000000000e+91	
6.654483339137591649000000000000000000000e+91	
-1.728367959836225943000000000000000000000e+92	
-1.007093574603551195300000000000000000000e+91	
1.475476433090994330000000000000000000000e+92	
-9.183398606589907782000000000000000000000e+91	
8.126377596123748573000000000000000000000e+91	
-1.581178534137610250000000000000000000000e+92	
1.501289595350285665000000000000000000000e+91	
1.829912058677310594000000000000000000000e+92	
-5.639042350726745138000000000000000000000e+91	
1.116234215330707806000000000000000000000e+92	
-1.277582078419277302000000000000000000000e+92	
4.029115463983593671000000000000000000000e+91	
-1.990904747351625740000000000000000000000e+92	
-3.100561248785705718000000000000000000000e+91	
1.319293214814744297000000000000000000000e+92	
-1.074523078935240811000000000000000000000e+92	
5.552067112724832303000000000000000000000e+91	
-1.838609582477501877000000000000000000000e+92	
-2.084995310933027337000000000000000000000e+91	
1.370136488459373634000000000000000000000e+92	
-1.023679805290611473500000000000000000000e+92	
7.022562572417613810000000000000000000000e+91	
-1.691560036508223727000000000000000000000e+92	
3.470840844589061837000000000000000000000e+90	
1.709454966641458594000000000000000000000e+92	
-6.843613271085265138000000000000000000000e+91	
9.907430888719146404000000000000000000000e+91	
-1.403073204878070467000000000000000000000e+92	
2.723888907929824829000000000000000000000e+91	
1.896354384384724937000000000000000000000e+92	
-4.974619093652601708000000000000000000000e+91	
1.131867826361928119000000000000000000000e+92	
-1.261948467388056989000000000000000000000e+92	
3.677617286098018245000000000000000000000e+91	
-2.026054565140183283000000000000000000000e+92	
-3.959640982144437568000000000000000000000e+91	
1.182652346626325179000000000000000000000e+92	
-1.211163947123659929000000000000000000000e+92	
5.150663081336851300000000000000000000000e+91	
-1.878749985616299978000000000000000000000e+92	
-1.521874943474321998000000000000000000000e+91	
1.522852963825534635000000000000000000000e+92	
-8.709633299244504724000000000000000000000e+91	
8.044348397688629820000000000000000000000e+91	
-1.589381453981122126000000000000000000000e+92	
8.637424921106636696000000000000000000000e+90	
1.710633204204963539000000000000000000000e+92	
-6.831830895450215688000000000000000000000e+91	
9.457762179169734859000000000000000000000e+91	
-1.448040075833011622000000000000000000000e+92	
1.812998762498382827000000000000000000000e+91	
1.759166179754717190000000000000000000000e+92	
-6.346501139952679175000000000000000000000e+91	
1.092389800914173989000000000000000000000e+92	
-1.301426492835811119000000000000000000000e+92	
4.259452551436933783000000000000000000000e+91	
2.101794567286366992000000000000000000000e+92	
-2.920217264636181152000000000000000000000e+91	
1.384184894658903074000000000000000000000e+92	
-1.009631399091082033800000000000000000000e+92	
6.669323531901473320000000000000000000000e+91	
-1.726883940559837776000000000000000000000e+92	
-4.996323485254465844000000000000000000000e+90	
1.575460142872329425000000000000000000000e+92	
-8.183561508776556828000000000000000000000e+91	
8.083220116740858737000000000000000000000e+91	
-1.585494282075899234000000000000000000000e+92	
4.156566034884891692000000000000000000000e+90	
1.617153088882799264000000000000000000000e+92	
-7.766632048671858437000000000000000000000e+91	
9.553892610447282567000000000000000000000e+91	
-1.438427032705256851000000000000000000000e+92	
2.939547716919673474000000000000000000000e+91	
1.974811646909082318000000000000000000000e+92	
-4.190046468409027900000000000000000000000e+91	
1.262207045253638097000000000000000000000e+92	
-1.131609248496347011000000000000000000000e+92	
5.499570838947193302000000000000000000000e+91	
-1.843859209855265778000000000000000000000e+92	
-1.619384136606972219000000000000000000000e+91	
1.468482566167895644000000000000000000000e+92	
-9.253337275820894632000000000000000000000e+91	
7.054671694402266582000000000000000000000e+91	
-1.688349124309758449000000000000000000000e+92	
-5.716849916623770001000000000000000000000e+90	
1.522537561355774976000000000000000000000e+92	
-8.712787323942101321000000000000000000000e+91	
8.521881237993227092000000000000000000000e+91	
-1.541628169950662398000000000000000000000e+92	
1.821722975088632699000000000000000000000e+91	
1.854452106442537696000000000000000000000e+92	
-5.393641873074474114000000000000000000000e+91	
1.133274707032543646000000000000000000000e+92	
-1.260541586717441462000000000000000000000e+92	
4.124562143236568323000000000000000000000e+91	
-1.981360079426328275000000000000000000000e+92	
-3.080035503003968662000000000000000000000e+91	
1.313857424618694317000000000000000000000e+92	
-1.079958869131290790000000000000000000000e+92	
5.546084541534886372000000000000000000000e+91	
-1.839207839596496470000000000000000000000e+92	
-2.042626626192251281000000000000000000000e+91	
1.379206076240667051000000000000000000000e+92	
-1.014610217509318056400000000000000000000e+92	
7.010897500732676866000000000000000000000e+91	
-1.692726543676717421000000000000000000000e+92	
2.331090050148904380000000000000000000000e+90	
1.687831549559823104000000000000000000000e+92	
-7.059847441901620036000000000000000000000e+91	
9.588988517577751998000000000000000000000e+91	
-1.434917441992209908000000000000000000000e+92	
2.303289202183848728000000000000000000000e+91	
1.844083764390293758000000000000000000000e+92	
-5.497325293596913496000000000000000000000e+91	
1.101268836603247732000000000000000000000e+92	
-1.292547457146737375000000000000000000000e+92	
3.588235838163931066000000000000000000000e+91	
1.958710012040115904000000000000000000000e+92	
-4.351062817098692037000000000000000000000e+91	
1.245079883992447609000000000000000000000e+92	
-1.148736409757537499000000000000000000000e+92	
5.318049066126701930000000000000000000000e+91	
-1.862011387137314915000000000000000000000e+92	
-1.811150968462341634000000000000000000000e+91	
1.448281886942372509000000000000000000000e+92	
-9.455344068076125985000000000000000000000e+91	
6.842430037844756292000000000000000000000e+91	
-1.709573289965509478000000000000000000000e+92	
-7.941564189607339356000000000000000000000e+90	
1.499267950654506673000000000000000000000e+92	
-8.945483430954784343000000000000000000000e+91	
8.311129707386443950000000000000000000000e+91	
-1.562703323011340713000000000000000000000e+92	
1.632905099780776672000000000000000000000e+91	
1.837762592874455622000000000000000000000e+92	
-5.560537008755294861000000000000000000000e+91	
1.118776376403214213000000000000000000000e+92	
-1.275039917346770895000000000000000000000e+92	
4.001479761520959192000000000000000000000e+91	
2.023839404033218496000000000000000000000e+92	
-3.699768897167666120000000000000000000000e+91	
1.259760760433408408000000000000000000000e+92	
-1.134055533316576699000000000000000000000e+92	
4.960623740984336978000000000000000000000e+91	
-1.897753919651551410000000000000000000000e+92	
-2.672559442134659810000000000000000000000e+91	
1.311767806335823431000000000000000000000e+92	
-1.082048487414161677000000000000000000000e+92	
6.431460076443338728000000000000000000000e+91	
-1.750670286105651235000000000000000000000e+92	
-2.514303957123152456000000000000000000000e+90	
1.648862689075157969000000000000000000000e+92	
-7.449536046748271388000000000000000000000e+91	
9.294103504433772238000000000000000000000e+91	
-1.464405943306607884000000000000000000000e+92	
2.103160600056655308000000000000000000000e+91	
1.833541829558694484000000000000000000000e+92	
-5.602744641912906236000000000000000000000e+91	
1.070704884847723156000000000000000000000e+92	
-1.323111408902261952000000000000000000000e+92	
3.082475794481512031000000000000000000000e+91	
1.888131914411448294000000000000000000000e+92	
-5.056843793385368135000000000000000000000e+91	
1.216912403963221010000000000000000000000e+92	
-1.176903889786764098000000000000000000000e+92	
5.460269377881657372000000000000000000000e+91	
-1.847789355961819370000000000000000000000e+92	
-1.245246503567648138000000000000000000000e+91	
1.547219663353810713000000000000000000000e+92	
-8.465966303961743946000000000000000000000e+91	
8.255070352193965832000000000000000000000e+91	
-1.568309258530588524000000000000000000000e+92	
1.041535801521405407700000000000000000000e+91	
1.725121309388901114000000000000000000000e+92	
-6.686949843610839938000000000000000000000e+91	
9.672075466513413767000000000000000000000e+91	
-1.426608747098643731000000000000000000000e+92	
2.096709731165078220000000000000000000000e+91	
1.794473591055210897000000000000000000000e+92	
-5.993427026947742109000000000000000000000e+91	
1.112975477460078991000000000000000000000e+92	
-1.280840816289906117000000000000000000000e+92	
4.318165234669553934000000000000000000000e+91	
2.092958750272753482000000000000000000000e+92	
-3.008575434772316254000000000000000000000e+91	
1.360649311549817706000000000000000000000e+92	
-1.033166982200167401900000000000000000000e+92	
6.287043195844438630000000000000000000000e+91	
-1.765111974165541245000000000000000000000e+92	
-1.028764069967496571500000000000000000000e+91	
1.507869140508813270000000000000000000000e+92	
-8.859471532411718374000000000000000000000e+91	
7.718738467879915834000000000000000000000e+91	
-1.621942446961993524000000000000000000000e+92	
3.624483415572843346000000000000000000000e+90	
1.642944110311449365000000000000000000000e+92	
-7.508721834385357429000000000000000000000e+91	
9.153267929315982190000000000000000000000e+91	
-1.478489500818386889000000000000000000000e+92	
1.880715871920490961000000000000000000000e+91	
1.803140502867227569000000000000000000000e+92	
-5.906757908827575386000000000000000000000e+91	
1.057600792182079265800000000000000000000e+92	
-1.336215501567905842000000000000000000000e+92	
3.124321125335739196000000000000000000000e+91	
1.909596469257240994000000000000000000000e+92	
-4.842198244927441137000000000000000000000e+91	
1.201791242546269672000000000000000000000e+92	
-1.192025051203715435000000000000000000000e+92	
4.943382676379102825000000000000000000000e+91	
-1.899478026112074825000000000000000000000e+92	
-2.127626307721831181000000000000000000000e+91	
1.422450562084580827000000000000000000000e+92	
-9.713657316654042804000000000000000000000e+91	
6.642249934554238815000000000000000000000e+91	
-1.729591300294561226000000000000000000000e+92	
-9.362323079528440133000000000000000000000e+90	
1.490867891526040050000000000000000000000e+92	
-9.029484022239450578000000000000000000000e+91	
8.104381089226136551000000000000000000000e+91	
-1.583378184827371452000000000000000000000e+92	
1.303469542473632198000000000000000000000e+91	
1.792556448961798335000000000000000000000e+92	
-6.012598447881867724000000000000000000000e+91	
1.061313747002729687000000000000000000000e+92	
-1.332502546747255421000000000000000000000e+92	
3.304349609207855710000000000000000000000e+91	
1.941882099592481515000000000000000000000e+92	
-4.519341941575035927000000000000000000000e+91	
1.203817381950529325000000000000000000000e+92	
-1.189998911799455783000000000000000000000e+92	
4.661199752825887236000000000000000000000e+91	
-1.927696318467396384000000000000000000000e+92	
-2.712103032101494393000000000000000000000e+91	
1.333788553750172068000000000000000000000e+92	
-1.060027739999813040000000000000000000000e+92	
6.101853894943842686000000000000000000000e+91	
-1.783630904255600839000000000000000000000e+92	
-1.130576608354733312000000000000000000000e+91	
1.506021413529222667000000000000000000000e+92	
-8.877948802207624404000000000000000000000e+91	
7.523986057963999518000000000000000000000e+91	
-1.641417687953585156000000000000000000000e+92	
-8.491482034251243856000000000000000000000e+88	
1.588240154863311865000000000000000000000e+92	
-8.055761388866732423000000000000000000000e+91	
8.979513988465667825000000000000000000000e+91	
-1.495864894903418325000000000000000000000e+92	
2.080061772506679537000000000000000000000e+91	
1.860366509095322524000000000000000000000e+92	
-5.334497846546625832000000000000000000000e+91	
1.119279545876751946000000000000000000000e+92	
-1.274536747873233161000000000000000000000e+92	
3.785613977062125452000000000000000000000e+91	
-2.015254896043772562000000000000000000000e+92	
-3.617881189636341062000000000000000000000e+91	
1.240193002396913088000000000000000000000e+92	
-1.153623291353072020000000000000000000000e+92	
5.231002063807410250000000000000000000000e+91	
-1.870716087369244083000000000000000000000e+92	
-1.936357157095201169000000000000000000000e+91	
1.431947248507196983000000000000000000000e+92	
-9.618690452427881242000000000000000000000e+91	
6.646649996574022938000000000000000000000e+91	
-1.729151294092582814000000000000000000000e+92	
-1.022353975966850980700000000000000000000e+91	
1.473208056695421737000000000000000000000e+92	
-9.206082370545633706000000000000000000000e+91	
8.119428922155244292000000000000000000000e+91	
-1.581873401534460678000000000000000000000e+92	
1.510068180522879706000000000000000000000e+91	
1.832361860413784301000000000000000000000e+92	
-5.614544333362008063000000000000000000000e+91	
1.120255177981021981000000000000000000000e+92	
-1.273561115768963126000000000000000000000e+92	
4.085028880464682058000000000000000000000e+91	
-1.985313405703516902000000000000000000000e+92	
-3.028951857595785053000000000000000000000e+91	
1.328022970266648573000000000000000000000e+92	
-1.065793323483336535000000000000000000000e+92	
5.655045023080760308000000000000000000000e+91	
-1.828311791441909077000000000000000000000e+92	
-1.966344848346911323000000000000000000000e+91	
1.383568009968694322000000000000000000000e+92	
-1.010248283781290785600000000000000000000e+92	
7.123557102078074636000000000000000000000e+91	
-1.681460583542177644000000000000000000000e+92	
4.147745113156608344000000000000000000000e+90	
1.712895256484403604000000000000000000000e+92	
-6.809210372655815039000000000000000000000e+91	
9.908562824849168834000000000000000000000e+91	
-1.402960011265068224000000000000000000000e+92	
2.691766439643856294000000000000000000000e+91	
1.889818352078841149000000000000000000000e+92	
-5.039979416711439583000000000000000000000e+91	
1.132372245828539590000000000000000000000e+92	
-1.261444047921445518000000000000000000000e+92	
3.753030960434340017000000000000000000000e+91	
-2.018513197706551106000000000000000000000e+92	
-3.813892848755349856000000000000000000000e+91	
1.204257105551631037000000000000000000000e+92	
-1.189559188198354071000000000000000000000e+92	
5.217697258126007192000000000000000000000e+91	
-1.872046567937384388000000000000000000000e+92	
-1.603780019986100375000000000000000000000e+91	
1.499775943069897241000000000000000000000e+92	
-8.940403506800878662000000000000000000000e+91	
7.664787144455748415000000000000000000000e+91	
-1.627337579304410266000000000000000000000e+92	
3.354642416994682204000000000000000000000e+90	
1.642941080610677480000000000000000000000e+92	
-7.508752131393076280000000000000000000000e+91	
9.096215515038649142000000000000000000000e+91	
-1.484194742246120193000000000000000000000e+92	
1.766669718439773150000000000000000000000e+91	
1.786039349993154827000000000000000000000e+92	
-6.077769437568302804000000000000000000000e+91	
1.052574014999683217900000000000000000000e+92	
-1.341242278750301890000000000000000000000e+92	
3.194737020160171510000000000000000000000e+91	
1.928700419368184982000000000000000000000e+92	
-4.651158743818001252000000000000000000000e+91	
1.195350890001573219000000000000000000000e+92	
-1.198465403748411889000000000000000000000e+92	
4.623663250120463270000000000000000000000e+91	
-1.931449968737938780000000000000000000000e+92	
-2.702534572313796756000000000000000000000e+91	
1.339453551716398072000000000000000000000e+92	
-1.054362742033587035100000000000000000000e+92	
6.058824114370212362000000000000000000000e+91	
-1.787933882312963871000000000000000000000e+92	
-1.273236541766761482000000000000000000000e+91	
1.481797363175128789000000000000000000000e+92	
-9.120189305748563188000000000000000000000e+91	
7.492739987589722417000000000000000000000e+91	
-1.644542294991012866000000000000000000000e+92	
1.711518756428568369000000000000000000000e+90	
1.627282938150398846000000000000000000000e+92	
-7.665333555995862618000000000000000000000e+91	
8.923490001476797755000000000000000000000e+91	
-1.501467293602305332000000000000000000000e+92	
1.577808150310549896000000000000000000000e+91	
1.765540390762819786000000000000000000000e+92	
-6.282759029871653214000000000000000000000e+91	
1.035514660715804105300000000000000000000e+92	
-1.358301633034181002000000000000000000000e+92	
3.058522408982948457000000000000000000000e+91	
1.918515140488218685000000000000000000000e+92	
-4.753011532617664224000000000000000000000e+91	
1.177909923249379567000000000000000000000e+92	
-1.215906370500605541000000000000000000000e+92	
4.376732813091556330000000000000000000000e+91	
